id,level,parent_id,region_id,region_name,name,name_ascii,slug,plate_code,district_local_code,iso_3166_2,lau_code,tuik_id,icisleri_id,osm_relation_id,source_hdx_id,parent_name,centroid_lat,centroid_lon,bbox_min_lon,bbox_min_lat,bbox_max_lon,bbox_max_lat,aliases,member_ids,x,y,coordinate_system
TR-D-01-001,district,TR-P-01,TR-R-AKD,Akdeniz,Aladağ,aladag,aladag-adana,01,001,,,,,,TUR001001,Adana,37.51978317,35.28316269,34.9804722,37.307823,35.58585318,37.73174334,[],[],35.28316269,37.51978317,EPSG:4326
TR-D-01-002,district,TR-P-01,TR-R-AKD,Akdeniz,Ceyhan,ceyhan,ceyhan-adana,01,002,,,,,,TUR001002,Adana,37.04546024,35.83854767,35.56773261,36.81632248,36.10936273,37.274598,[],[],35.83854767,37.04546024,EPSG:4326
TR-D-01-003,district,TR-P-01,TR-R-AKD,Akdeniz,Çukurova,cukurova,cukurova-adana,01,003,,,,,,TUR001003,Adana,37.09315049,35.17776251,35.00843813,37.02418766,35.34708688,37.16211331,[],[],35.17776251,37.09315049,EPSG:4326
TR-D-01-004,district,TR-P-01,TR-R-AKD,Akdeniz,Feke,feke,feke-adana,01,004,,,,,,TUR001004,Adana,37.90006789,35.83724437,35.57569111,37.6902841,36.09879764,38.10985169,[],[],35.83724437,37.90006789,EPSG:4326
TR-D-01-005,district,TR-P-01,TR-R-AKD,Akdeniz,İmamoğlu,imamoglu,imamoglu-adana,01,005,,,,,,TUR001005,Adana,37.31479209,35.60672838,35.40815877,37.20239018,35.805298,37.427194,[],[],35.60672838,37.31479209,EPSG:4326
TR-D-01-006,district,TR-P-01,TR-R-AKD,Akdeniz,Karaisalı,karaisali,karaisali-adana,01,006,,,,,,TUR001006,Adana,37.29647884,35.18701903,34.92527906,37.10953698,35.448759,37.48342071,[],[],35.18701903,37.29647884,EPSG:4326
TR-D-01-007,district,TR-P-01,TR-R-AKD,Akdeniz,Karataş,karatas,karatas-adana,01,007,,,,,,TUR001007,Adana,36.66872358,35.25046348,34.90804896,36.53828938,35.592878,36.79915777,[],[],35.25046348,36.66872358,EPSG:4326
TR-D-01-008,district,TR-P-01,TR-R-AKD,Akdeniz,Kozan,kozan,kozan-adana,01,008,,,,,,TUR001008,Adana,37.53572159,35.81184595,35.46156,37.23608009,36.1621319,37.83536309,[],[],35.81184595,37.53572159,EPSG:4326
TR-D-01-009,district,TR-P-01,TR-R-AKD,Akdeniz,Pozantı,pozanti,pozanti-adana,01,009,,,,,,TUR001009,Adana,37.51027552,34.9383007,34.75429268,37.31860569,35.12230872,37.70194534,[],[],34.9383007,37.51027552,EPSG:4326
TR-D-01-010,district,TR-P-01,TR-R-AKD,Akdeniz,Saimbeyli,saimbeyli,saimbeyli-adana,01,010,,,,,,TUR001010,Adana,37.94407264,36.09219192,35.89911734,37.73288795,36.28526649,38.15525733,[],[],36.09219192,37.94407264,EPSG:4326
TR-D-01-011,district,TR-P-01,TR-R-AKD,Akdeniz,Sarıçam,saricam,saricam-adana,01,011,,,,,,TUR001011,Adana,37.11957073,35.48109258,35.270015,36.96514647,35.69217017,37.273995,[],[],35.48109258,37.11957073,EPSG:4326
TR-D-01-012,district,TR-P-01,TR-R-AKD,Akdeniz,Seyhan,seyhan,seyhan-adana,01,012,,,,,,TUR001012,Adana,36.91560429,35.21325375,35.08819449,36.79117957,35.338313,37.04002901,[],[],35.21325375,36.91560429,EPSG:4326
TR-D-01-013,district,TR-P-01,TR-R-AKD,Akdeniz,Tufanbeyli,tufanbeyli,tufanbeyli-adana,01,013,,,,,,TUR001013,Adana,38.22854141,36.19974265,35.990357,38.0524809,36.4091283,38.40460192,[],[],36.19974265,38.22854141,EPSG:4326
TR-D-01-014,district,TR-P-01,TR-R-AKD,Akdeniz,Yumurtalık,yumurtalik,yumurtalik-adana,01,014,,,,,,TUR001014,Adana,36.73214724,35.69935587,35.46573174,36.56530386,35.93298,36.89899062,[],[],35.69935587,36.73214724,EPSG:4326
TR-D-01-015,district,TR-P-01,TR-R-AKD,Akdeniz,Yüreğir,yuregir,yuregir-adana,01,015,,,,,,TUR001015,Adana,36.86592945,35.41471122,35.13670164,36.69940979,35.6927208,37.03244911,[],[],35.41471122,36.86592945,EPSG:4326
TR-D-02-001,district,TR-P-02,TR-R-GDA,Güneydoğu Anadolu,Adıyaman Merkez,adiyaman merkez,adiyaman-merkez-adiyaman,02,001,,,,,,TUR002001,Adıyaman,37.70483699,38.23034384,37.95456529,37.4097062,38.50612239,37.99996778,[],[],38.23034384,37.70483699,EPSG:4326
TR-D-02-002,district,TR-P-02,TR-R-GDA,Güneydoğu Anadolu,Besni,besni,besni-adiyaman,02,002,,,,,,TUR002002,Adıyaman,37.60814136,37.86498219,37.56292752,37.42314783,38.16703687,37.7931349,[],[],37.86498219,37.60814136,EPSG:4326
TR-D-02-003,district,TR-P-02,TR-R-GDA,Güneydoğu Anadolu,Çelikhan,celikhan,celikhan-adiyaman,02,003,,,,,,TUR002003,Adıyaman,38.07953866,38.26575685,38.08702211,37.94907009,38.4444916,38.21000723,[],[],38.26575685,38.07953866,EPSG:4326
TR-D-02-004,district,TR-P-02,TR-R-GDA,Güneydoğu Anadolu,Gerger,gerger,gerger-adiyaman,02,004,,,,,,TUR002004,Adıyaman,38.01438013,39.01561433,38.76841452,37.82189812,39.26281413,38.20686214,[],[],39.01561433,38.01438013,EPSG:4326
TR-D-02-005,district,TR-P-02,TR-R-GDA,Güneydoğu Anadolu,Gölbaşı,golbasi,golbasi-adiyaman,02,005,,,,,,TUR002005,Adıyaman,37.76047945,37.66728732,37.4397462,37.56339875,37.89482844,37.95756016,[],[],37.66728732,37.76047945,EPSG:4326
TR-D-02-006,district,TR-P-02,TR-R-GDA,Güneydoğu Anadolu,Kahta,kahta,kahta-adiyaman,02,006,,,,,,TUR002006,Adıyaman,37.80131436,38.70942683,38.45251381,37.60796204,38.96633985,37.99466667,[],[],38.70942683,37.80131436,EPSG:4326
TR-D-02-007,district,TR-P-02,TR-R-GDA,Güneydoğu Anadolu,Samsat,samsat,samsat-adiyaman,02,007,,,,,,TUR002007,Adıyaman,37.57842133,38.49361769,38.34367384,37.47354498,38.64356155,37.68329767,[],[],38.49361769,37.57842133,EPSG:4326
TR-D-02-008,district,TR-P-02,TR-R-GDA,Güneydoğu Anadolu,Sincik,sincik,sincik-adiyaman,02,008,,,,,,TUR002008,Adıyaman,38.05476771,38.57810262,38.40348371,37.9183966,38.75272152,38.19113882,[],[],38.57810262,38.05476771,EPSG:4326
TR-D-02-009,district,TR-P-02,TR-R-GDA,Güneydoğu Anadolu,Tut,tut,tut-adiyaman,02,009,,,,,,TUR002009,Adıyaman,37.80775364,37.94829357,37.82320266,37.71661766,38.07338447,37.89888963,[],[],37.94829357,37.80775364,EPSG:4326
TR-D-03-001,district,TR-P-03,TR-R-EGE,Ege,Afyonkarahisar Merkez,afyonkarahisar merkez,afyonkarahisar-merkez-afyonkarahisar,03,001,,,,,,TUR003001,Afyonkarahisar,38.77999001,30.52276296,30.18853197,38.55951599,30.85699396,39.00046402,[],[],30.52276296,38.77999001,EPSG:4326
TR-D-03-002,district,TR-P-03,TR-R-EGE,Ege,Başmakçı,basmakci,basmakci-afyonkarahisar,03,002,,,,,,TUR003002,Afyonkarahisar,37.88654202,29.98951001,29.82152803,37.77715599,30.15749199,37.99592804,[],[],29.98951001,37.88654202,EPSG:4326
TR-D-03-003,district,TR-P-03,TR-R-EGE,Ege,Bayat,bayat,bayat-afyonkarahisar,03,003,,,,,,TUR003003,Afyonkarahisar,39.00961602,30.90410899,30.78478297,38.81413801,31.02343501,39.20509403,[],[],30.90410899,39.00961602,EPSG:4326
TR-D-03-004,district,TR-P-03,TR-R-EGE,Ege,Bolvadin,bolvadin,bolvadin-afyonkarahisar,03,004,,,,,,TUR003004,Afyonkarahisar,38.79055298,31.113901,30.82666298,38.62234896,31.40113901,38.95875701,[],[],31.113901,38.79055298,EPSG:4326
TR-D-03-005,district,TR-P-03,TR-R-EGE,Ege,Çay,cay,cay-afyonkarahisar,03,005,,,,,,TUR003005,Afyonkarahisar,38.49192112,30.95779699,30.69262098,38.313181,31.22297299,38.67066124,[],[],30.95779699,38.49192112,EPSG:4326
TR-D-03-006,district,TR-P-03,TR-R-EGE,Ege,Çobanlar,cobanlar,cobanlar-afyonkarahisar,03,006,,,,,,TUR003006,Afyonkarahisar,38.74409386,30.84172677,30.73059603,38.64735067,30.95285751,38.84083704,[],[],30.84172677,38.74409386,EPSG:4326
TR-D-03-007,district,TR-P-03,TR-R-EGE,Ege,Dazkırı,dazkiri,dazkiri-afyonkarahisar,03,007,,,,,,TUR003007,Afyonkarahisar,37.92573696,29.79998752,29.62908804,37.81396797,29.97088701,38.03750596,[],[],29.79998752,37.92573696,EPSG:4326
TR-D-03-008,district,TR-P-03,TR-R-EGE,Ege,Dinar,dinar,dinar-afyonkarahisar,03,008,,,,,,TUR003008,Afyonkarahisar,38.15229,30.28108449,29.95221296,37.917178,30.60995601,38.38740201,[],[],30.28108449,38.15229,EPSG:4326
TR-D-03-009,district,TR-P-03,TR-R-EGE,Ege,Emirdağ,emirdag,emirdag-afyonkarahisar,03,009,,,,,,TUR003009,Afyonkarahisar,39.01285742,31.33065158,30.929205,38.74817585,31.73209817,39.27753899,[],[],31.33065158,39.01285742,EPSG:4326
TR-D-03-010,district,TR-P-03,TR-R-EGE,Ege,Evciler,evciler,evciler-afyonkarahisar,03,010,,,,,,TUR003010,Afyonkarahisar,38.06097349,29.91826949,29.79150601,37.97636196,30.04503298,38.14558502,[],[],29.91826949,38.06097349,EPSG:4326
TR-D-03-011,district,TR-P-03,TR-R-EGE,Ege,Hocalar,hocalar,hocalar-afyonkarahisar,03,011,,,,,,TUR003011,Afyonkarahisar,38.58809151,29.95583704,29.81621101,38.43164899,30.09546308,38.74453403,[],[],29.95583704,38.58809151,EPSG:4326
TR-D-03-012,district,TR-P-03,TR-R-EGE,Ege,İhsaniye,ihsaniye,ihsaniye-afyonkarahisar,03,012,,,,,,TUR003012,Afyonkarahisar,39.05784252,30.47717349,30.23603998,38.89088208,30.718307,39.22480296,[],[],30.47717349,39.05784252,EPSG:4326
TR-D-03-013,district,TR-P-03,TR-R-EGE,Ege,İscehisar,iscehisar,iscehisar-afyonkarahisar,03,013,,,,,,TUR003013,Afyonkarahisar,38.924507,30.76185602,30.61517304,38.794101,30.908539,39.054913,[],[],30.76185602,38.924507,EPSG:4326
TR-D-03-014,district,TR-P-03,TR-R-EGE,Ege,Kızılören,kiziloren,kiziloren-afyonkarahisar,03,014,,,,,,TUR003014,Afyonkarahisar,38.27019203,30.1733845,30.07958503,38.20894104,30.26718397,38.33144302,[],[],30.1733845,38.27019203,EPSG:4326
TR-D-03-015,district,TR-P-03,TR-R-EGE,Ege,Sandıklı,sandikli,sandikli-afyonkarahisar,03,015,,,,,,TUR003015,Afyonkarahisar,38.49088095,30.162273,29.91192397,38.26554297,30.41262203,38.71621894,[],[],30.162273,38.49088095,EPSG:4326
TR-D-03-016,district,TR-P-03,TR-R-EGE,Ege,Sinanpaşa,sinanpasa,sinanpasa-afyonkarahisar,03,016,,,,,,TUR003016,Afyonkarahisar,38.71124903,30.22667901,29.98406003,38.51096401,30.46929799,38.91153404,[],[],30.22667901,38.71124903,EPSG:4326
TR-D-03-017,district,TR-P-03,TR-R-EGE,Ege,Sultandağı,sultandagi,sultandagi-afyonkarahisar,03,017,,,,,,TUR003017,Afyonkarahisar,38.59265548,31.38051871,31.15467102,38.381913,31.6063664,38.80339796,[],[],31.38051871,38.59265548,EPSG:4326
TR-D-03-018,district,TR-P-03,TR-R-EGE,Ege,Şuhut,suhut,suhut-afyonkarahisar,03,018,,,,,,TUR003018,Afyonkarahisar,38.42231891,30.58426657,30.37628913,38.21314803,30.792244,38.63148979,[],[],30.58426657,38.42231891,EPSG:4326
TR-D-04-001,district,TR-P-04,TR-R-DOA,Doğu Anadolu,Ağrı Merkez,agri merkez,agri-merkez-agri,04,001,,,,,,TUR004001,Ağrı,39.77474068,43.14055165,42.83695779,39.538885,43.4441455,40.01059636,[],[],43.14055165,39.77474068,EPSG:4326
TR-D-04-002,district,TR-P-04,TR-R-DOA,Doğu Anadolu,Diyadin,diyadin,diyadin-agri,04,002,,,,,,TUR004002,Ağrı,39.44101158,43.5828347,43.30832783,39.19079748,43.85734157,39.69122568,[],[],43.5828347,39.44101158,EPSG:4326
TR-D-04-003,district,TR-P-04,TR-R-DOA,Doğu Anadolu,Doğubayazıt,dogubayazit,dogubayazit-agri,04,003,,,,,,TUR004003,Ağrı,39.58532186,44.02730933,43.56688694,39.35050098,44.48773171,39.82014274,[],[],44.02730933,39.58532186,EPSG:4326
TR-D-04-004,district,TR-P-04,TR-R-DOA,Doğu Anadolu,Eleşkirt,eleskirt,eleskirt-agri,04,004,,,,,,TUR004004,Ağrı,39.81822473,42.6110469,42.28486662,39.65546907,42.93722718,39.98098038,[],[],42.6110469,39.81822473,EPSG:4326
TR-D-04-005,district,TR-P-04,TR-R-DOA,Doğu Anadolu,Hamur,hamur,hamur-agri,04,005,,,,,,TUR004005,Ağrı,39.47574347,43.07258324,42.86112014,39.29069214,43.28404635,39.6607948,[],[],43.07258324,39.47574347,EPSG:4326
TR-D-04-006,district,TR-P-04,TR-R-DOA,Doğu Anadolu,Patnos,patnos,patnos-agri,04,006,,,,,,TUR004006,Ağrı,39.15202238,42.88196613,42.5843903,38.88515818,43.17954195,39.41888657,[],[],42.88196613,39.15202238,EPSG:4326
TR-D-04-007,district,TR-P-04,TR-R-DOA,Doğu Anadolu,Taşlıçay,taslicay,taslicay-agri,04,007,,,,,,TUR004007,Ağrı,39.61995615,43.44767778,43.20508708,39.37865312,43.69026847,39.86125917,[],[],43.44767778,39.61995615,EPSG:4326
TR-D-04-008,district,TR-P-04,TR-R-DOA,Doğu Anadolu,Tutak,tutak,tutak-agri,04,008,,,,,,TUR004008,Ağrı,39.49645976,42.69348962,42.42270279,39.27791733,42.96427644,39.71500218,[],[],42.69348962,39.49645976,EPSG:4326
TR-D-05-001,district,TR-P-05,TR-R-KAR,Karadeniz,Amasya Merkez,amasya merkez,amasya-merkez-amasya,05,001,,,,,,TUR005001,Amasya,40.63703007,35.87513061,35.4244809,40.40843265,36.32578032,40.86562748,[],[],35.87513061,40.63703007,EPSG:4326
TR-D-05-002,district,TR-P-05,TR-R-KAR,Karadeniz,Göynücek,goynucek,goynucek-amasya,05,002,,,,,,TUR005002,Amasya,40.37790406,35.53975298,35.33843213,40.234023,35.74107384,40.52178513,[],[],35.53975298,40.37790406,EPSG:4326
TR-D-05-003,district,TR-P-05,TR-R-KAR,Karadeniz,Gümüşhacıköy,gumushacikoy,gumushacikoy-amasya,05,003,,,,,,TUR005003,Amasya,40.88841688,35.1856654,35.02361902,40.69926085,35.34771177,41.07757291,[],[],35.1856654,40.88841688,EPSG:4326
TR-D-05-004,district,TR-P-05,TR-R-KAR,Karadeniz,Hamamözü,hamamozu,hamamozu-amasya,05,004,,,,,,TUR005004,Amasya,40.81724008,35.08171465,34.98770137,40.70988314,35.17572794,40.92459702,[],[],35.08171465,40.81724008,EPSG:4326
TR-D-05-005,district,TR-P-05,TR-R-KAR,Karadeniz,Merzifon,merzifon,merzifon-amasya,05,005,,,,,,TUR005005,Amasya,40.8387531,35.4324277,35.22072232,40.6308665,35.64413309,41.04663969,[],[],35.4324277,40.8387531,EPSG:4326
TR-D-05-006,district,TR-P-05,TR-R-KAR,Karadeniz,Suluova,suluova,suluova-amasya,05,006,,,,,,TUR005006,Amasya,40.78329354,35.7317728,35.533746,40.667127,35.9297996,40.89946009,[],[],35.7317728,40.78329354,EPSG:4326
TR-D-05-007,district,TR-P-05,TR-R-KAR,Karadeniz,Taşova,tasova,tasova-amasya,05,007,,,,,,TUR005007,Amasya,40.79350039,36.27327253,36.03643907,40.60330459,36.51010599,40.9836962,[],[],36.27327253,40.79350039,EPSG:4326
TR-D-06-001,district,TR-P-06,TR-R-ICA,İç Anadolu,Akyurt,akyurt,akyurt-ankara,06,001,,,,,,TUR006001,Ankara,40.12516141,33.13538913,32.95415182,40.02323752,33.31662644,40.22708529,[],[],33.13538913,40.12516141,EPSG:4326
TR-D-06-002,district,TR-P-06,TR-R-ICA,İç Anadolu,Altındağ,altindag,altindag-ankara,06,002,,,,,,TUR006002,Ankara,39.99018152,32.97402673,32.8307161,39.92872569,33.11733737,40.05163735,[],[],32.97402673,39.99018152,EPSG:4326
TR-D-06-003,district,TR-P-06,TR-R-ICA,İç Anadolu,Ayaş,ayas,ayas-ankara,06,003,,,,,,TUR006003,Ankara,40.02605909,32.24940497,31.94895273,39.7989059,32.54985722,40.25321228,[],[],32.24940497,40.02605909,EPSG:4326
TR-D-06-004,district,TR-P-06,TR-R-ICA,İç Anadolu,Bala,bala,bala-ankara,06,004,,,,,,TUR006004,Ankara,39.44958687,33.21695759,32.84034698,39.16110056,33.59356821,39.73807318,[],[],33.21695759,39.44958687,EPSG:4326
TR-D-06-005,district,TR-P-06,TR-R-ICA,İç Anadolu,Beypazarı,beypazari,beypazari-ankara,06,005,,,,,,TUR006005,Ankara,40.1998576,31.93552796,31.65754004,39.84940987,32.21351588,40.55030533,[],[],31.93552796,40.1998576,EPSG:4326
TR-D-06-006,district,TR-P-06,TR-R-ICA,İç Anadolu,Çamlıdere,camlidere,camlidere-ankara,06,006,,,,,,TUR006006,Ankara,40.49505054,32.34508259,32.1025753,40.34768668,32.58758988,40.64241439,[],[],32.34508259,40.49505054,EPSG:4326
TR-D-06-007,district,TR-P-06,TR-R-ICA,İç Anadolu,Çankaya,cankaya,cankaya-ankara,06,007,,,,,,TUR006007,Ankara,39.79789554,32.88470014,32.62651483,39.65815484,33.14288546,39.93763623,[],[],32.88470014,39.79789554,EPSG:4326
TR-D-06-008,district,TR-P-06,TR-R-ICA,İç Anadolu,Çubuk,cubuk,cubuk-ankara,06,008,,,,,,TUR006008,Ankara,40.31980066,33.03410949,32.79834559,40.09286164,33.2698734,40.54673968,[],[],33.03410949,40.31980066,EPSG:4326
TR-D-06-009,district,TR-P-06,TR-R-ICA,İç Anadolu,Elmadağ,elmadag,elmadag-ankara,06,009,,,,,,TUR006009,Ankara,39.8807988,33.20596087,33.01624929,39.68957087,33.39567245,40.07202673,[],[],33.20596087,39.8807988,EPSG:4326
TR-D-06-010,district,TR-P-06,TR-R-ICA,İç Anadolu,Etimesgut,etimesgut,etimesgut-ankara,06,010,,,,,,TUR006010,Ankara,39.86449019,32.64007473,32.48084678,39.72330798,32.79930267,40.00567239,[],[],32.64007473,39.86449019,EPSG:4326
TR-D-06-011,district,TR-P-06,TR-R-ICA,İç Anadolu,Evren,evren,evren-ankara,06,011,,,,,,TUR006011,Ankara,39.04445757,33.76216756,33.63527091,38.93309393,33.88906422,39.15582121,[],[],33.76216756,39.04445757,EPSG:4326
TR-D-06-012,district,TR-P-06,TR-R-ICA,İç Anadolu,Gölbaşı,golbasi,golbasi-ankara,06,012,,,,,,TUR006012,Ankara,39.54253234,32.76631994,32.49955863,39.24638002,33.03308125,39.83868466,[],[],32.76631994,39.54253234,EPSG:4326
TR-D-06-013,district,TR-P-06,TR-R-ICA,İç Anadolu,Güdül,gudul,gudul-ankara,06,013,,,,,,TUR006013,Ankara,40.15862882,32.22166212,32.03587517,39.94685643,32.40744907,40.3704012,[],[],32.22166212,40.15862882,EPSG:4326
TR-D-06-014,district,TR-P-06,TR-R-ICA,İç Anadolu,Haymana,haymana,haymana-ankara,06,014,,,,,,TUR006014,Ankara,39.30334237,32.54555636,32.24610063,38.95706382,32.84501209,39.64962092,[],[],32.54555636,39.30334237,EPSG:4326
TR-D-06-015,district,TR-P-06,TR-R-ICA,İç Anadolu,Kahramankazan,kahramankazan,kahramankazan-ankara,06,015,,,,,,TUR006015,Ankara,40.18676851,32.70641941,32.51155954,40.02592115,32.90127928,40.34761588,[],[],32.70641941,40.18676851,EPSG:4326
TR-D-06-016,district,TR-P-06,TR-R-ICA,İç Anadolu,Kalecik,kalecik,kalecik-ankara,06,016,,,,,,TUR006016,Ankara,40.18143764,33.43232598,33.20432946,39.95161541,33.66032251,40.41125987,[],[],33.43232598,40.18143764,EPSG:4326
TR-D-06-017,district,TR-P-06,TR-R-ICA,İç Anadolu,Keçiören,kecioren,kecioren-ankara,06,017,,,,,,TUR006017,Ankara,40.08721351,32.82014206,32.73999165,39.9577451,32.90029246,40.21668192,[],[],32.82014206,40.08721351,EPSG:4326
TR-D-06-018,district,TR-P-06,TR-R-ICA,İç Anadolu,Kızılcahamam,kizilcahamam,kizilcahamam-ankara,06,018,,,,,,TUR006018,Ankara,40.48218991,32.59830167,32.27464186,40.20811858,32.92196147,40.75626124,[],[],32.59830167,40.48218991,EPSG:4326
TR-D-06-019,district,TR-P-06,TR-R-ICA,İç Anadolu,Mamak,mamak,mamak-ankara,06,019,,,,,,TUR006019,Ankara,39.90507376,33.02173561,32.87596298,39.78844597,33.16750823,40.02170156,[],[],33.02173561,39.90507376,EPSG:4326
TR-D-06-020,district,TR-P-06,TR-R-ICA,İç Anadolu,Nallıhan,nallihan,nallihan-ankara,06,020,,,,,,TUR006020,Ankara,40.18875793,31.30073275,30.83437557,40.0059191,31.76708994,40.37159676,[],[],31.30073275,40.18875793,EPSG:4326
TR-D-06-021,district,TR-P-06,TR-R-ICA,İç Anadolu,Polatlı,polatli,polatli-ankara,06,021,,,,,,TUR006021,Ankara,39.45327149,32.09936982,31.76583372,38.95068781,32.43290591,39.95585516,[],[],32.09936982,39.45327149,EPSG:4326
TR-D-06-022,district,TR-P-06,TR-R-ICA,İç Anadolu,Pursaklar,pursaklar,pursaklar-ankara,06,022,,,,,,TUR006022,Ankara,40.10792134,32.89305735,32.79827629,40.01561124,32.98783841,40.20023145,[],[],32.89305735,40.10792134,EPSG:4326
TR-D-06-023,district,TR-P-06,TR-R-ICA,İç Anadolu,Sincan,sincan,sincan-ankara,06,023,,,,,,TUR006023,Ankara,39.8877565,32.41981145,32.23441493,39.6181957,32.60520797,40.15731731,[],[],32.41981145,39.8877565,EPSG:4326
TR-D-06-024,district,TR-P-06,TR-R-ICA,İç Anadolu,Şereflikoçhisar,sereflikochisar,sereflikochisar-ankara,06,024,,,,,,TUR006024,Ankara,38.9727847,33.46673214,33.12744538,38.66466818,33.80601891,39.28090122,[],[],33.46673214,38.9727847,EPSG:4326
TR-D-06-025,district,TR-P-06,TR-R-ICA,İç Anadolu,Yenimahalle,yenimahalle,yenimahalle-ankara,06,025,,,,,,TUR006025,Ankara,40.00799281,32.70579063,32.56451616,39.91100693,32.84706511,40.1049787,[],[],32.70579063,40.00799281,EPSG:4326
TR-D-07-001,district,TR-P-07,TR-R-AKD,Akdeniz,Akseki,akseki,akseki-antalya,07,001,,,,,,TUR007001,Antalya,37.09005448,31.78380422,31.50232344,36.77901595,32.06528501,37.40109302,[],[],31.78380422,37.09005448,EPSG:4326
TR-D-07-002,district,TR-P-07,TR-R-AKD,Akdeniz,Aksu,aksu,aksu-antalya,07,002,,,,,,TUR007002,Antalya,37.05022749,30.84153949,30.70606032,36.85143345,30.97701866,37.24902152,[],[],30.84153949,37.05022749,EPSG:4326
TR-D-07-003,district,TR-P-07,TR-R-AKD,Akdeniz,Alanya,alanya,alanya-antalya,07,003,,,,,,TUR007003,Antalya,36.56345968,32.08832324,31.64691441,36.31279729,32.52973208,36.81412207,[],[],32.08832324,36.56345968,EPSG:4326
TR-D-07-004,district,TR-P-07,TR-R-AKD,Akdeniz,Demre,demre,demre-antalya,07,004,,,,,,TUR007004,Antalya,36.35332268,29.87495596,29.66085522,36.16566442,30.0890567,36.54098094,[],[],29.87495596,36.35332268,EPSG:4326
TR-D-07-005,district,TR-P-07,TR-R-AKD,Akdeniz,Döşemealtı,dosemealti,dosemealti-antalya,07,005,,,,,,TUR007005,Antalya,37.09181207,30.58579554,30.41460646,36.91523065,30.75698462,37.2683935,[],[],30.58579554,37.09181207,EPSG:4326
TR-D-07-006,district,TR-P-07,TR-R-AKD,Akdeniz,Elmalı,elmali,elmali-antalya,07,006,,,,,,TUR007006,Antalya,36.73504378,29.94682643,29.64398565,36.49711544,30.24966722,36.97297211,[],[],29.94682643,36.73504378,EPSG:4326
TR-D-07-007,district,TR-P-07,TR-R-AKD,Akdeniz,Finike,finike,finike-antalya,07,007,,,,,,TUR007007,Antalya,36.42935692,30.047651,29.84267211,36.24636774,30.2526299,36.61234611,[],[],30.047651,36.42935692,EPSG:4326
TR-D-07-008,district,TR-P-07,TR-R-AKD,Akdeniz,Gazipaşa,gazipasa,gazipasa-antalya,07,008,,,,,,TUR007008,Antalya,36.33372556,32.43650703,32.2456211,36.09259301,32.62739296,36.5748581,[],[],32.43650703,36.33372556,EPSG:4326
TR-D-07-009,district,TR-P-07,TR-R-AKD,Akdeniz,Gündoğmuş,gundogmus,gundogmus-antalya,07,009,,,,,,TUR007009,Antalya,36.85821634,32.04151131,31.74209377,36.67491433,32.34092885,37.04151835,[],[],32.04151131,36.85821634,EPSG:4326
TR-D-07-010,district,TR-P-07,TR-R-AKD,Akdeniz,İbradı,ibradi,ibradi-antalya,07,010,,,,,,TUR007010,Antalya,37.13694318,31.5673559,31.40078155,36.96471337,31.73393025,37.309173,[],[],31.5673559,37.13694318,EPSG:4326
TR-D-07-011,district,TR-P-07,TR-R-AKD,Akdeniz,Kaş,kas,kas-antalya,07,011,,,,,,TUR007011,Antalya,36.36465494,29.59469351,29.26727949,36.12240632,29.92210752,36.60690355,[],[],29.59469351,36.36465494,EPSG:4326
TR-D-07-012,district,TR-P-07,TR-R-AKD,Akdeniz,Kemer,kemer,kemer-antalya,07,012,,,,,,TUR007012,Antalya,36.58449123,30.48495895,30.37750924,36.39657579,30.59240866,36.77240667,[],[],30.48495895,36.58449123,EPSG:4326
TR-D-07-013,district,TR-P-07,TR-R-AKD,Akdeniz,Kepez,kepez,kepez-antalya,07,013,,,,,,TUR007013,Antalya,37.02481708,30.69964001,30.59569736,36.89322433,30.80358267,37.15640983,[],[],30.69964001,37.02481708,EPSG:4326
TR-D-07-014,district,TR-P-07,TR-R-AKD,Akdeniz,Konyaaltı,konyaalti,konyaalti-antalya,07,014,,,,,,TUR007014,Antalya,36.81449023,30.48233475,30.29916712,36.68039851,30.66550238,36.94858195,[],[],30.48233475,36.81449023,EPSG:4326
TR-D-07-015,district,TR-P-07,TR-R-AKD,Akdeniz,Korkuteli,korkuteli,korkuteli-antalya,07,015,,,,,,TUR007015,Antalya,37.04477622,30.11655076,29.7243063,36.72050787,30.50879523,37.36904457,[],[],30.11655076,37.04477622,EPSG:4326
TR-D-07-016,district,TR-P-07,TR-R-AKD,Akdeniz,Kumluca,kumluca,kumluca-antalya,07,016,,,,,,TUR007016,Antalya,36.51079189,30.34196251,30.15080854,36.17557455,30.53311649,36.84600923,[],[],30.34196251,36.51079189,EPSG:4326
TR-D-07-017,district,TR-P-07,TR-R-AKD,Akdeniz,Manavgat,manavgat,manavgat-antalya,07,017,,,,,,TUR007017,Antalya,37.05999981,31.3968243,31.03434345,36.66244966,31.75930514,37.45754995,[],[],31.3968243,37.05999981,EPSG:4326
TR-D-07-018,district,TR-P-07,TR-R-AKD,Akdeniz,Muratpaşa,muratpasa,muratpasa-antalya,07,018,,,,,,TUR007018,Antalya,36.88807766,30.76456268,30.66085034,36.84531042,30.86827501,36.93084489,[],[],30.76456268,36.88807766,EPSG:4326
TR-D-07-019,district,TR-P-07,TR-R-AKD,Akdeniz,Serik,serik,serik-antalya,07,019,,,,,,TUR007019,Antalya,37.09815611,31.02450185,30.81554132,36.82819163,31.23346237,37.36812059,[],[],31.02450185,37.09815611,EPSG:4326
TR-D-08-001,district,TR-P-08,TR-R-KAR,Karadeniz,Ardanuç,ardanuc,ardanuc-artvin,08,001,,,,,,TUR008001,Artvin,41.09260717,42.11576727,41.9157689,40.92559855,42.31576564,41.2596158,[],[],42.11576727,41.09260717,EPSG:4326
TR-D-08-002,district,TR-P-08,TR-R-KAR,Karadeniz,Arhavi,arhavi,arhavi-artvin,08,002,,,,,,TUR008002,Artvin,41.25057581,41.37248216,41.24816291,41.12761576,41.49680142,41.37353586,[],[],41.37248216,41.25057581,EPSG:4326
TR-D-08-003,district,TR-P-08,TR-R-KAR,Karadeniz,Artvin Merkez,artvin merkez,artvin-merkez-artvin,08,003,,,,,,TUR008003,Artvin,41.14467723,41.85135447,41.52450305,40.91977699,42.17820589,41.36957747,[],[],41.85135447,41.14467723,EPSG:4326
TR-D-08-004,district,TR-P-08,TR-R-KAR,Karadeniz,Borçka,borcka,borcka-artvin,08,004,,,,,,TUR008004,Artvin,41.38180439,41.80739478,41.47991392,41.23873544,42.13487565,41.52487334,[],[],41.80739478,41.38180439,EPSG:4326
TR-D-08-005,district,TR-P-08,TR-R-KAR,Karadeniz,Hopa,hopa,hopa-artvin,08,005,,,,,,TUR008005,Artvin,41.39587662,41.44011182,41.34555419,41.32955977,41.53466945,41.46219348,[],[],41.44011182,41.39587662,EPSG:4326
TR-D-08-006,district,TR-P-08,TR-R-KAR,Karadeniz,Kemalpaşa,kemalpasa,kemalpasa-artvin,08,006,,,,,,TUR008006,Artvin,41.47052697,41.5546292,41.48085034,41.42048437,41.62840805,41.52056958,[],[],41.5546292,41.47052697,EPSG:4326
TR-D-08-007,district,TR-P-08,TR-R-KAR,Karadeniz,Murgul,murgul,murgul-artvin,08,007,,,,,,TUR008007,Artvin,41.22020216,41.5667414,41.4477007,41.09733166,41.6857821,41.34307265,[],[],41.5667414,41.22020216,EPSG:4326
TR-D-08-008,district,TR-P-08,TR-R-KAR,Karadeniz,Şavşat,savsat,savsat-artvin,08,008,,,,,,TUR008008,Artvin,41.29022817,42.34932082,42.08566904,41.06590037,42.61297261,41.51455597,[],[],42.34932082,41.29022817,EPSG:4326
TR-D-08-009,district,TR-P-08,TR-R-KAR,Karadeniz,Yusufeli,yusufeli,yusufeli-artvin,08,009,,,,,,TUR008009,Artvin,40.84593908,41.52714294,41.14500097,40.55161498,41.90928492,41.14026318,[],[],41.52714294,40.84593908,EPSG:4326
TR-D-09-001,district,TR-P-09,TR-R-EGE,Ege,Bozdoğan,bozdogan,bozdogan-aydin,09,001,,,,,,TUR009001,Aydın,37.6466807,28.39018794,28.17475675,37.45582099,28.60561912,37.8375404,[],[],28.39018794,37.6466807,EPSG:4326
TR-D-09-002,district,TR-P-09,TR-R-EGE,Ege,Buharkent,buharkent,buharkent-aydin,09,002,,,,,,TUR009002,Aydın,37.99655864,28.74931994,28.65133754,37.92822147,28.84730235,38.06489581,[],[],28.74931994,37.99655864,EPSG:4326
TR-D-09-003,district,TR-P-09,TR-R-EGE,Ege,Çine,cine,cine-aydin,09,003,,,,,,TUR009003,Aydın,37.61319263,28.03778301,27.82001126,37.44739298,28.25555475,37.77899228,[],[],28.03778301,37.61319263,EPSG:4326
TR-D-09-004,district,TR-P-09,TR-R-EGE,Ege,Didim,didim,didim-aydin,09,004,,,,,,TUR009004,Aydın,37.45311462,27.33286358,27.16797553,37.32255224,27.49775164,37.583677,[],[],27.33286358,37.45311462,EPSG:4326
TR-D-09-005,district,TR-P-09,TR-R-EGE,Ege,Efeler,efeler,efeler-aydin,09,005,,,,,,TUR009005,Aydın,37.85358253,27.92949299,27.74116001,37.70764008,28.11782597,37.99952498,[],[],27.92949299,37.85358253,EPSG:4326
TR-D-09-006,district,TR-P-09,TR-R-EGE,Ege,Germencik,germencik,germencik-aydin,09,006,,,,,,TUR009006,Aydın,37.89769641,27.56428029,27.42469166,37.78492931,27.70386893,38.01046351,[],[],27.56428029,37.89769641,EPSG:4326
TR-D-09-007,district,TR-P-09,TR-R-EGE,Ege,İncirliova,incirliova,incirliova-aydin,09,007,,,,,,TUR009007,Aydın,37.87439988,27.74450476,27.64143535,37.76635198,27.84757417,37.98244778,[],[],27.74450476,37.87439988,EPSG:4326
TR-D-09-008,district,TR-P-09,TR-R-EGE,Ege,Karacasu,karacasu,karacasu-aydin,09,008,,,,,,TUR009008,Aydın,37.69994365,28.67479213,28.4437212,37.52051882,28.90586307,37.87936849,[],[],28.67479213,37.69994365,EPSG:4326
TR-D-09-009,district,TR-P-09,TR-R-EGE,Ege,Karpuzlu,karpuzlu,karpuzlu-aydin,09,009,,,,,,TUR009009,Aydın,37.54697723,27.80835807,27.68656553,37.42902057,27.9301506,37.66493389,[],[],27.80835807,37.54697723,EPSG:4326
TR-D-09-010,district,TR-P-09,TR-R-EGE,Ege,Koçarlı,kocarli,kocarli-aydin,09,010,,,,,,TUR009010,Aydın,37.65389753,27.68590585,27.4978595,37.48992972,27.87395219,37.81786534,[],[],27.68590585,37.65389753,EPSG:4326
TR-D-09-011,district,TR-P-09,TR-R-EGE,Ege,Köşk,kosk,kosk-aydin,09,011,,,,,,TUR009011,Aydın,37.92676643,28.06532113,27.98922159,37.81486919,28.14142067,38.03866367,[],[],28.06532113,37.92676643,EPSG:4326
TR-D-09-012,district,TR-P-09,TR-R-EGE,Ege,Kuşadası,kusadasi,kusadasi-aydin,09,012,,,,,,TUR009012,Aydın,37.78174731,27.19976612,27.00000001,37.64099272,27.39953222,37.9225019,[],[],27.19976612,37.78174731,EPSG:4326
TR-D-09-013,district,TR-P-09,TR-R-EGE,Ege,Kuyucak,kuyucak,kuyucak-aydin,09,013,,,,,,TUR009013,Aydın,37.96483564,28.58275529,28.41516411,37.82254146,28.75034648,38.10712982,[],[],28.58275529,37.96483564,EPSG:4326
TR-D-09-014,district,TR-P-09,TR-R-EGE,Ege,Nazilli,nazilli,nazilli-aydin,09,014,,,,,,TUR009014,Aydın,37.93359874,28.36613021,28.20365688,37.73789612,28.52860354,38.12930135,[],[],28.36613021,37.93359874,EPSG:4326
TR-D-09-015,district,TR-P-09,TR-R-EGE,Ege,Söke,soke,soke-aydin,09,015,,,,,,TUR009015,Aydın,37.65123612,27.36574894,27.05653522,37.46157989,27.67496266,37.84089235,[],[],27.36574894,37.65123612,EPSG:4326
TR-D-09-016,district,TR-P-09,TR-R-EGE,Ege,Sultanhisar,sultanhisar,sultanhisar-aydin,09,016,,,,,,TUR009016,Aydın,37.94269366,28.17901679,28.08169184,37.8361045,28.27634173,38.04928282,[],[],28.17901679,37.94269366,EPSG:4326
TR-D-09-017,district,TR-P-09,TR-R-EGE,Ege,Yenipazar,yenipazar,yenipazar-aydin,09,017,,,,,,TUR009017,Aydın,37.77622104,28.20705459,28.09417163,37.68683661,28.31993754,37.86560547,[],[],28.20705459,37.77622104,EPSG:4326
TR-D-10-001,district,TR-P-10,TR-R-MAR,Marmara,Altıeylül,altieylul,altieylul-balikesir,10,001,,,,,,TUR010001,Balıkesir,39.56015969,27.87525875,27.63066904,39.33173971,28.11984845,39.78857968,[],[],27.87525875,39.56015969,EPSG:4326
TR-D-10-002,district,TR-P-10,TR-R-MAR,Marmara,Ayvalık,ayvalik,ayvalik-balikesir,10,002,,,,,,TUR010002,Balıkesir,39.28770387,26.77073821,26.52539421,39.16551069,27.0160822,39.40989706,[],[],26.77073821,39.28770387,EPSG:4326
TR-D-10-003,district,TR-P-10,TR-R-MAR,Marmara,Balya,balya,balya-balikesir,10,003,,,,,,TUR010003,Balıkesir,39.790463,27.58465454,27.33145463,39.61436283,27.83785446,39.96656318,[],[],27.58465454,39.790463,EPSG:4326
TR-D-10-004,district,TR-P-10,TR-R-MAR,Marmara,Bandırma,bandirma,bandirma-balikesir,10,004,,,,,,TUR010004,Balıkesir,40.25001723,27.92931032,27.62180371,40.10115025,28.23681694,40.3988842,[],[],27.92931032,40.25001723,EPSG:4326
TR-D-10-005,district,TR-P-10,TR-R-MAR,Marmara,Bigadiç,bigadic,bigadic-balikesir,10,005,,,,,,TUR010005,Balıkesir,39.44157036,28.32054145,27.95132034,39.31089348,28.68976256,39.57224725,[],[],28.32054145,39.44157036,EPSG:4326
TR-D-10-006,district,TR-P-10,TR-R-MAR,Marmara,Burhaniye,burhaniye,burhaniye-balikesir,10,006,,,,,,TUR010006,Balıkesir,39.43014062,27.01737213,26.85284582,39.30816931,27.18189845,39.55211193,[],[],27.01737213,39.43014062,EPSG:4326
TR-D-10-007,district,TR-P-10,TR-R-MAR,Marmara,Dursunbey,dursunbey,dursunbey-balikesir,10,007,,,,,,TUR010007,Balıkesir,39.5420379,28.64591985,28.29294417,39.29812181,28.99889553,39.78595399,[],[],28.64591985,39.5420379,EPSG:4326
TR-D-10-008,district,TR-P-10,TR-R-MAR,Marmara,Edremit,edremit,edremit-balikesir,10,008,,,,,,TUR010008,Balıkesir,39.65518868,26.87311274,26.64966024,39.54032698,27.09656524,39.77005039,[],[],26.87311274,39.65518868,EPSG:4326
TR-D-10-009,district,TR-P-10,TR-R-MAR,Marmara,Erdek,erdek,erdek-balikesir,10,009,,,,,,TUR010009,Balıkesir,40.44841423,27.83319285,27.56088703,40.36817266,28.10549867,40.52865579,[],[],27.83319285,40.44841423,EPSG:4326
TR-D-10-010,district,TR-P-10,TR-R-MAR,Marmara,Gömeç,gomec,gomec-balikesir,10,010,,,,,,TUR010010,Balıkesir,39.37259561,26.86966994,26.77033188,39.30117869,26.969008,39.44401253,[],[],26.86966994,39.37259561,EPSG:4326
TR-D-10-011,district,TR-P-10,TR-R-MAR,Marmara,Gönen,gonen,gonen-balikesir,10,011,,,,,,TUR010011,Balıkesir,40.11647517,27.61023294,27.36167283,39.90565424,27.85879306,40.32729611,[],[],27.61023294,40.11647517,EPSG:4326
TR-D-10-012,district,TR-P-10,TR-R-MAR,Marmara,Havran,havran,havran-balikesir,10,012,,,,,,TUR010012,Balıkesir,39.57214547,27.19293608,27.01148065,39.4353271,27.37439152,39.70896384,[],[],27.19293608,39.57214547,EPSG:4326
TR-D-10-013,district,TR-P-10,TR-R-MAR,Marmara,İvrindi,ivrindi,ivrindi-balikesir,10,013,,,,,,TUR010013,Balıkesir,39.51295228,27.44159447,27.16352426,39.33977863,27.71966469,39.68612592,[],[],27.44159447,39.51295228,EPSG:4326
TR-D-10-014,district,TR-P-10,TR-R-MAR,Marmara,Karesi,karesi,karesi-balikesir,10,014,,,,,,TUR010014,Balıkesir,39.79205564,27.81545111,27.57196822,39.63224833,28.05893399,39.95186295,[],[],27.81545111,39.79205564,EPSG:4326
TR-D-10-015,district,TR-P-10,TR-R-MAR,Marmara,Kepsut,kepsut,kepsut-balikesir,10,015,,,,,,TUR010015,Balıkesir,39.69098223,28.29613201,28.05011337,39.51840524,28.54215066,39.86355923,[],[],28.29613201,39.69098223,EPSG:4326
TR-D-10-016,district,TR-P-10,TR-R-MAR,Marmara,Manyas,manyas,manyas-balikesir,10,016,,,,,,TUR010016,Balıkesir,40.08369459,27.94025533,27.74535882,39.92175053,28.13515183,40.24563866,[],[],27.94025533,40.08369459,EPSG:4326
TR-D-10-017,district,TR-P-10,TR-R-MAR,Marmara,Marmara,marmara,marmara-balikesir,10,017,,,,,,TUR010017,Balıkesir,40.56809463,27.61234822,27.46527648,40.46771308,27.75941995,40.66847618,[],[],27.61234822,40.56809463,EPSG:4326
TR-D-10-018,district,TR-P-10,TR-R-MAR,Marmara,Savaştepe,savastepe,savastepe-balikesir,10,018,,,,,,TUR010018,Balıkesir,39.42500336,27.67794605,27.49968905,39.30278149,27.85620306,39.54722522,[],[],27.67794605,39.42500336,EPSG:4326
TR-D-10-019,district,TR-P-10,TR-R-MAR,Marmara,Sındırgı,sindirgi,sindirgi-balikesir,10,019,,,,,,TUR010019,Balıkesir,39.22895882,28.30082222,27.92625052,39.07055886,28.67539391,39.38735879,[],[],28.30082222,39.22895882,EPSG:4326
TR-D-10-020,district,TR-P-10,TR-R-MAR,Marmara,Susurluk,susurluk,susurluk-balikesir,10,020,,,,,,TUR010020,Balıkesir,39.93009136,28.14559556,27.97642039,39.75000291,28.31477073,40.11017981,[],[],28.14559556,39.93009136,EPSG:4326
TR-D-11-001,district,TR-P-11,TR-R-MAR,Marmara,Bilecik Merkez,bilecik merkez,bilecik-merkez-bilecik,11,001,,,,,,TUR011001,Bilecik,40.14960206,29.93899607,29.70889606,39.98467498,30.16909609,40.31452915,[],[],29.93899607,40.14960206,EPSG:4326
TR-D-11-002,district,TR-P-11,TR-R-MAR,Marmara,Bozüyük,bozuyuk,bozuyuk-bilecik,11,002,,,,,,TUR011002,Bilecik,39.82135571,29.9831872,29.71265258,39.64873364,30.25372182,39.99397777,[],[],29.9831872,39.82135571,EPSG:4326
TR-D-11-003,district,TR-P-11,TR-R-MAR,Marmara,Gölpazarı,golpazari,golpazari-bilecik,11,003,,,,,,TUR011003,Bilecik,40.2457677,30.32609199,30.06498395,40.10266268,30.58720003,40.38887272,[],[],30.32609199,40.2457677,EPSG:4326
TR-D-11-004,district,TR-P-11,TR-R-MAR,Marmara,İnhisar,inhisar,inhisar-bilecik,11,004,,,,,,TUR011004,Bilecik,40.05546114,30.4260872,30.27496308,39.9565582,30.57721131,40.15436407,[],[],30.4260872,40.05546114,EPSG:4326
TR-D-11-005,district,TR-P-11,TR-R-MAR,Marmara,Osmaneli,osmaneli,osmaneli-bilecik,11,005,,,,,,TUR011005,Bilecik,40.38947678,30.00480136,29.78636335,40.23943717,30.22323938,40.53951638,[],[],30.00480136,40.38947678,EPSG:4326
TR-D-11-006,district,TR-P-11,TR-R-MAR,Marmara,Pazaryeri,pazaryeri,pazaryeri-bilecik,11,006,,,,,,TUR011006,Bilecik,40.02090051,29.87380092,29.71720375,39.92234173,30.0303981,40.11945929,[],[],29.87380092,40.02090051,EPSG:4326
TR-D-11-007,district,TR-P-11,TR-R-MAR,Marmara,Söğüt,sogut,sogut-bilecik,11,007,,,,,,TUR011007,Bilecik,40.00759989,30.21900037,30.07092402,39.84115526,30.36707672,40.17404453,[],[],30.21900037,40.00759989,EPSG:4326
TR-D-11-008,district,TR-P-11,TR-R-MAR,Marmara,Yenipazar,yenipazar,yenipazar-bilecik,11,008,,,,,,TUR011008,Bilecik,40.20051984,30.51724691,30.37055188,40.11211163,30.66394194,40.28892805,[],[],30.51724691,40.20051984,EPSG:4326
TR-D-12-001,district,TR-P-12,TR-R-DOA,Doğu Anadolu,Adaklı,adakli,adakli-bingol,12,001,,,,,,TUR012001,Bingöl,39.21530343,40.57375764,40.35498061,39.05315836,40.79253467,39.37744851,[],[],40.57375764,39.21530343,EPSG:4326
TR-D-12-002,district,TR-P-12,TR-R-DOA,Doğu Anadolu,Bingöl Merkez,bingol merkez,bingol-merkez-bingol,12,002,,,,,,TUR012002,Bingöl,38.93012313,40.51422399,40.17935998,38.71188318,40.84908799,39.14836307,[],[],40.51422399,38.93012313,EPSG:4326
TR-D-12-003,district,TR-P-12,TR-R-DOA,Doğu Anadolu,Genç,genc,genc-bingol,12,003,,,,,,TUR012003,Bingöl,38.67736376,40.58556865,40.139494,38.48695232,41.0316433,38.86777521,[],[],40.58556865,38.67736376,EPSG:4326
TR-D-12-004,district,TR-P-12,TR-R-DOA,Doğu Anadolu,Karlıova,karliova,karliova-bingol,12,004,,,,,,TUR012004,Bingöl,39.2447795,40.9711344,40.63530381,39.03865588,41.30696499,39.45090313,[],[],40.9711344,39.2447795,EPSG:4326
TR-D-12-005,district,TR-P-12,TR-R-DOA,Doğu Anadolu,Kiğı,kigi,kigi-bingol,12,005,,,,,,TUR012005,Bingöl,39.26894727,40.32626971,40.12511703,39.1014844,40.52742239,39.43641014,[],[],40.32626971,39.26894727,EPSG:4326
TR-D-12-006,district,TR-P-12,TR-R-DOA,Doğu Anadolu,Solhan,solhan,solhan-bingol,12,006,,,,,,TUR012006,Bingöl,38.89999368,41.02878103,40.78934023,38.69588271,41.26822182,39.10410464,[],[],41.02878103,38.89999368,EPSG:4326
TR-D-12-007,district,TR-P-12,TR-R-DOA,Doğu Anadolu,Yayladere,yayladere,yayladere-bingol,12,007,,,,,,TUR012007,Bingöl,39.21175172,40.08068775,39.92658262,39.08985002,40.23479288,39.33365343,[],[],40.08068775,39.21175172,EPSG:4326
TR-D-12-008,district,TR-P-12,TR-R-DOA,Doğu Anadolu,Yedisu,yedisu,yedisu-bingol,12,008,,,,,,TUR012008,Bingöl,39.44043663,40.4410866,40.18846787,39.3507904,40.69370533,39.53008285,[],[],40.4410866,39.44043663,EPSG:4326
TR-D-13-001,district,TR-P-13,TR-R-DOA,Doğu Anadolu,Adilcevaz,adilcevaz,adilcevaz-bitlis,13,001,,,,,,TUR013001,Bitlis,38.77455374,42.89729543,42.56938251,38.51646832,43.22520835,39.03263916,[],[],42.89729543,38.77455374,EPSG:4326
TR-D-13-002,district,TR-P-13,TR-R-DOA,Doğu Anadolu,Ahlat,ahlat,ahlat-bitlis,13,002,,,,,,TUR013002,Bitlis,38.77815823,42.36429417,42.08494936,38.62692217,42.64363899,38.92939429,[],[],42.36429417,38.77815823,EPSG:4326
TR-D-13-003,district,TR-P-13,TR-R-DOA,Doğu Anadolu,Bitlis Merkez,bitlis merkez,bitlis-merkez-bitlis,13,003,,,,,,TUR013003,Bitlis,38.32598076,42.08208158,41.78276807,38.14860688,42.38139509,38.50335464,[],[],42.08208158,38.32598076,EPSG:4326
TR-D-13-004,district,TR-P-13,TR-R-DOA,Doğu Anadolu,Güroymak,guroymak,guroymak-bitlis,13,004,,,,,,TUR013004,Bitlis,38.60357475,42.06968591,41.89489596,38.4655942,42.24447585,38.74155529,[],[],42.06968591,38.60357475,EPSG:4326
TR-D-13-005,district,TR-P-13,TR-R-DOA,Doğu Anadolu,Hizan,hizan,hizan-bitlis,13,005,,,,,,TUR013005,Bitlis,38.17951771,42.48961532,42.23679243,37.95994917,42.7424382,38.39908625,[],[],42.48961532,38.17951771,EPSG:4326
TR-D-13-006,district,TR-P-13,TR-R-DOA,Doğu Anadolu,Mutki,mutki,mutki-bitlis,13,006,,,,,,TUR013006,Bitlis,38.42543236,41.77784457,41.54541457,38.2239529,42.01027457,38.62691183,[],[],41.77784457,38.42543236,EPSG:4326
TR-D-13-007,district,TR-P-13,TR-R-DOA,Doğu Anadolu,Tatvan,tatvan,tatvan-bitlis,13,007,,,,,,TUR013007,Bitlis,38.49329585,42.48250563,42.16964344,38.24940406,42.79536781,38.73718764,[],[],42.48250563,38.49329585,EPSG:4326
TR-D-14-001,district,TR-P-14,TR-R-KAR,Karadeniz,Bolu Merkez,bolu merkez,bolu-merkez-bolu,14,001,,,,,,TUR014001,Bolu,40.73649702,31.63451779,31.27632674,40.52682004,31.99270884,40.946174,[],[],31.63451779,40.73649702,EPSG:4326
TR-D-14-002,district,TR-P-14,TR-R-KAR,Karadeniz,Dörtdivan,dortdivan,dortdivan-bolu,14,002,,,,,,TUR014002,Bolu,40.63592078,32.00240859,31.83838939,40.5016588,32.16642779,40.77018277,[],[],32.00240859,40.63592078,EPSG:4326
TR-D-14-003,district,TR-P-14,TR-R-KAR,Karadeniz,Gerede,gerede,gerede-bolu,14,003,,,,,,TUR014003,Bolu,40.71172977,32.33595176,32.08982242,40.54070919,32.58208111,40.88275034,[],[],32.33595176,40.71172977,EPSG:4326
TR-D-14-004,district,TR-P-14,TR-R-KAR,Karadeniz,Göynük,goynuk,goynuk-bolu,14,004,,,,,,TUR014004,Bolu,40.32677804,30.81949008,30.562463,40.13435604,31.07651717,40.51920004,[],[],30.81949008,40.32677804,EPSG:4326
TR-D-14-005,district,TR-P-14,TR-R-KAR,Karadeniz,Kıbrıscık,kibriscik,kibriscik-bolu,14,005,,,,,,TUR014005,Bolu,40.44208199,31.90536254,31.69466812,40.30345274,32.11605695,40.58071125,[],[],31.90536254,40.44208199,EPSG:4326
TR-D-14-006,district,TR-P-14,TR-R-KAR,Karadeniz,Mengen,mengen,mengen-bolu,14,006,,,,,,TUR014006,Bolu,40.9560306,32.07444761,31.75759244,40.81398514,32.39130277,41.09807606,[],[],32.07444761,40.9560306,EPSG:4326
TR-D-14-007,district,TR-P-14,TR-R-KAR,Karadeniz,Mudurnu,mudurnu,mudurnu-bolu,14,007,,,,,,TUR014007,Bolu,40.51354472,31.18463965,30.863613,40.33025544,31.5056663,40.696834,[],[],31.18463965,40.51354472,EPSG:4326
TR-D-14-008,district,TR-P-14,TR-R-KAR,Karadeniz,Seben,seben,seben-bolu,14,008,,,,,,TUR014008,Bolu,40.4505198,31.61809676,31.4013191,40.26916228,31.83487442,40.63187733,[],[],31.61809676,40.4505198,EPSG:4326
TR-D-14-009,district,TR-P-14,TR-R-KAR,Karadeniz,Yeniçağa,yenicaga,yenicaga-bolu,14,009,,,,,,TUR014009,Bolu,40.80100666,32.02518712,31.90725305,40.73929302,32.14312119,40.8627203,[],[],32.02518712,40.80100666,EPSG:4326
TR-D-15-001,district,TR-P-15,TR-R-AKD,Akdeniz,Ağlasun,aglasun,aglasun-burdur,15,001,,,,,,TUR015001,Burdur,37.61178419,30.605796,30.44945837,37.53313202,30.76213363,37.69043636,[],[],30.605796,37.61178419,EPSG:4326
TR-D-15-002,district,TR-P-15,TR-R-AKD,Akdeniz,Altınyayla,altinyayla,altinyayla-burdur,15,002,,,,,,TUR015002,Burdur,36.92615985,29.54486567,29.37603587,36.80264575,29.71369548,37.04967394,[],[],29.54486567,36.92615985,EPSG:4326
TR-D-15-003,district,TR-P-15,TR-R-AKD,Akdeniz,Bucak,bucak,bucak-burdur,15,003,,,,,,TUR015003,Burdur,37.37972167,30.6106466,30.24035778,37.19576822,30.98093542,37.56367512,[],[],30.6106466,37.37972167,EPSG:4326
TR-D-15-004,district,TR-P-15,TR-R-AKD,Akdeniz,Burdur Merkez,burdur merkez,burdur-merkez-burdur,15,004,,,,,,TUR015004,Burdur,37.59400957,30.20924268,29.930152,37.35925621,30.48833336,37.82876292,[],[],30.20924268,37.59400957,EPSG:4326
TR-D-15-005,district,TR-P-15,TR-R-AKD,Akdeniz,Çavdır,cavdir,cavdir-burdur,15,005,,,,,,TUR015005,Burdur,37.13260141,29.71037256,29.5615751,36.97254393,29.85917002,37.2926589,[],[],29.71037256,37.13260141,EPSG:4326
TR-D-15-006,district,TR-P-15,TR-R-AKD,Akdeniz,Çeltikçi,celtikci,celtikci-burdur,15,006,,,,,,TUR015006,Burdur,37.54468981,30.44401954,30.35816376,37.47056004,30.52987531,37.61881958,[],[],30.44401954,37.54468981,EPSG:4326
TR-D-15-007,district,TR-P-15,TR-R-AKD,Akdeniz,Gölhisar,golhisar,golhisar-burdur,15,007,,,,,,TUR015007,Burdur,37.08084645,29.49072382,29.32562803,36.86023655,29.65581961,37.30145634,[],[],29.49072382,37.08084645,EPSG:4326
TR-D-15-008,district,TR-P-15,TR-R-AKD,Akdeniz,Karamanlı,karamanli,karamanli-burdur,15,008,,,,,,TUR015008,Burdur,37.38374367,29.81397723,29.61000951,37.26734663,30.01794494,37.50014072,[],[],29.81397723,37.38374367,EPSG:4326
TR-D-15-009,district,TR-P-15,TR-R-AKD,Akdeniz,Kemer,kemer,kemer-burdur,15,009,,,,,,TUR015009,Burdur,37.36986523,30.0659677,29.93438108,37.25078465,30.19755432,37.48894582,[],[],30.0659677,37.36986523,EPSG:4326
TR-D-15-010,district,TR-P-15,TR-R-AKD,Akdeniz,Tefenni,tefenni,tefenni-burdur,15,010,,,,,,TUR015010,Burdur,37.27560326,29.79883433,29.56278543,37.13445127,30.03488322,37.41675525,[],[],29.79883433,37.27560326,EPSG:4326
TR-D-15-011,district,TR-P-15,TR-R-AKD,Akdeniz,Yeşilova,yesilova,yesilova-burdur,15,011,,,,,,TUR015011,Burdur,37.60307221,29.74601088,29.50018704,37.41000277,29.99183472,37.79614165,[],[],29.74601088,37.60307221,EPSG:4326
TR-D-16-001,district,TR-P-16,TR-R-MAR,Marmara,Büyükorhan,buyukorhan,buyukorhan-bursa,16,001,,,,,,TUR016001,Bursa,39.74484827,28.86617784,28.68509251,39.61255685,29.04726316,39.8771397,[],[],28.86617784,39.74484827,EPSG:4326
TR-D-16-002,district,TR-P-16,TR-R-MAR,Marmara,Gemlik,gemlik,gemlik-bursa,16,002,,,,,,TUR016002,Bursa,40.44353895,29.18904554,28.98515375,40.30811994,29.39293734,40.57895797,[],[],29.18904554,40.44353895,EPSG:4326
TR-D-16-003,district,TR-P-16,TR-R-MAR,Marmara,Gürsu,gursu,gursu-bursa,16,003,,,,,,TUR016003,Bursa,40.26900615,29.2188444,29.13119147,40.19836739,29.30649733,40.33964491,[],[],29.2188444,40.26900615,EPSG:4326
TR-D-16-004,district,TR-P-16,TR-R-MAR,Marmara,Harmancık,harmancik,harmancik-bursa,16,004,,,,,,TUR016004,Bursa,39.69469487,29.11477723,28.94476484,39.5817145,29.28478962,39.80767523,[],[],29.11477723,39.69469487,EPSG:4326
TR-D-16-005,district,TR-P-16,TR-R-MAR,Marmara,İnegöl,inegol,inegol-bursa,16,005,,,,,,TUR016005,Bursa,40.02413295,29.51985169,29.26477054,39.82204368,29.77493284,40.22622221,[],[],29.51985169,40.02413295,EPSG:4326
TR-D-16-006,district,TR-P-16,TR-R-MAR,Marmara,İznik,iznik,iznik-bursa,16,006,,,,,,TUR016006,Bursa,40.47025586,29.71161525,29.50129604,40.32610212,29.92193446,40.6144096,[],[],29.71161525,40.47025586,EPSG:4326
TR-D-16-007,district,TR-P-16,TR-R-MAR,Marmara,Karacabey,karacabey,karacabey-bursa,16,007,,,,,,TUR016007,Bursa,40.22949997,28.40545615,28.08718759,40.05670533,28.72372471,40.40229461,[],[],28.40545615,40.22949997,EPSG:4326
TR-D-16-008,district,TR-P-16,TR-R-MAR,Marmara,Keles,keles,keles-bursa,16,008,,,,,,TUR016008,Bursa,39.88391775,29.26425633,29.07350189,39.71736655,29.45501078,40.05046896,[],[],29.26425633,39.88391775,EPSG:4326
TR-D-16-009,district,TR-P-16,TR-R-MAR,Marmara,Kestel,kestel,kestel-bursa,16,009,,,,,,TUR016009,Bursa,40.18652062,29.32993746,29.1922489,40.05531699,29.46762602,40.31772426,[],[],29.32993746,40.18652062,EPSG:4326
TR-D-16-010,district,TR-P-16,TR-R-MAR,Marmara,Mudanya,mudanya,mudanya-bursa,16,010,,,,,,TUR016010,Bursa,40.41216954,28.75204979,28.51608212,40.25695527,28.98801746,40.5673838,[],[],28.75204979,40.41216954,EPSG:4326
TR-D-16-011,district,TR-P-16,TR-R-MAR,Marmara,Mustafakemalpaşa,mustafakemalpasa,mustafakemalpasa-bursa,16,011,,,,,,TUR016011,Bursa,39.96924399,28.48537178,28.17340447,39.75205862,28.79733908,40.18642936,[],[],28.48537178,39.96924399,EPSG:4326
TR-D-16-012,district,TR-P-16,TR-R-MAR,Marmara,Nilüfer,nilufer,nilufer-bursa,16,012,,,,,,TUR016012,Bursa,40.18223542,28.83618439,28.6628294,40.0643074,29.00953938,40.30016344,[],[],28.83618439,40.18223542,EPSG:4326
TR-D-16-013,district,TR-P-16,TR-R-MAR,Marmara,Orhaneli,orhaneli,orhaneli-bursa,16,013,,,,,,TUR016013,Bursa,39.89815241,28.93838495,28.72537072,39.70934521,29.15139917,40.08695962,[],[],28.93838495,39.89815241,EPSG:4326
TR-D-16-014,district,TR-P-16,TR-R-MAR,Marmara,Orhangazi,orhangazi,orhangazi-bursa,16,014,,,,,,TUR016014,Bursa,40.45639427,29.36062721,29.20175634,40.34477853,29.51949807,40.56801,[],[],29.36062721,40.45639427,EPSG:4326
TR-D-16-015,district,TR-P-16,TR-R-MAR,Marmara,Osmangazi,osmangazi,osmangazi-bursa,16,015,,,,,,TUR016015,Bursa,40.17223848,29.09469377,28.92176865,39.98198927,29.26761888,40.36248769,[],[],29.09469377,40.17223848,EPSG:4326
TR-D-16-016,district,TR-P-16,TR-R-MAR,Marmara,Yenişehir,yenisehir,yenisehir-bursa,16,016,,,,,,TUR016016,Bursa,40.25176049,29.60713521,29.35463881,40.12302691,29.85963162,40.38049408,[],[],29.60713521,40.25176049,EPSG:4326
TR-D-16-017,district,TR-P-16,TR-R-MAR,Marmara,Yıldırım,yildirim,yildirim-bursa,16,017,,,,,,TUR016017,Bursa,40.1635664,29.14335567,29.0611985,40.07292743,29.22551284,40.25420538,[],[],29.14335567,40.1635664,EPSG:4326
TR-D-17-001,district,TR-P-17,TR-R-MAR,Marmara,Ayvacık,ayvacik,ayvacik-canakkale,17,001,,,,,,TUR017001,Çanakkale,39.5900942,26.38335967,26.06346728,39.45330751,26.70325205,39.7268809,[],[],26.38335967,39.5900942,EPSG:4326
TR-D-17-002,district,TR-P-17,TR-R-MAR,Marmara,Bayramiç,bayramic,bayramic-canakkale,17,002,,,,,,TUR017002,Çanakkale,39.84369306,26.69733575,26.42494675,39.6612622,26.96972476,40.02612393,[],[],26.69733575,39.84369306,EPSG:4326
TR-D-17-003,district,TR-P-17,TR-R-MAR,Marmara,Biga,biga,biga-canakkale,17,003,,,,,,TUR017003,Çanakkale,40.27182381,27.20169325,26.88890941,40.06869662,27.51447708,40.474951,[],[],27.20169325,40.27182381,EPSG:4326
TR-D-17-004,district,TR-P-17,TR-R-MAR,Marmara,Bozcaada,bozcaada,bozcaada-canakkale,17,004,,,,,,TUR017004,Çanakkale,39.86368328,26.02897596,25.96230728,39.787306,26.09564464,39.94006056,[],[],26.02897596,39.86368328,EPSG:4326
TR-D-17-005,district,TR-P-17,TR-R-MAR,Marmara,Çan,can,can-canakkale,17,005,,,,,,TUR017005,Çanakkale,40.00764996,27.01593744,26.78911147,39.83502215,27.24276342,40.18027778,[],[],27.01593744,40.00764996,EPSG:4326
TR-D-17-006,district,TR-P-17,TR-R-MAR,Marmara,Çanakkale Merkez,canakkale merkez,canakkale-merkez-canakkale,17,006,,,,,,TUR017006,Çanakkale,40.06837067,26.48532769,26.160047,39.89955092,26.81060837,40.23719042,[],[],26.48532769,40.06837067,EPSG:4326
TR-D-17-007,district,TR-P-17,TR-R-MAR,Marmara,Eceabat,eceabat,eceabat-canakkale,17,007,,,,,,TUR017007,Çanakkale,40.21241647,26.3196701,26.16631172,40.04096774,26.47302848,40.3838652,[],[],26.3196701,40.21241647,EPSG:4326
TR-D-17-008,district,TR-P-17,TR-R-MAR,Marmara,Ezine,ezine,ezine-canakkale,17,008,,,,,,TUR017008,Çanakkale,39.79527839,26.29999064,26.13505288,39.63388438,26.46492839,39.9566724,[],[],26.29999064,39.79527839,EPSG:4326
TR-D-17-009,district,TR-P-17,TR-R-MAR,Marmara,Gelibolu,gelibolu,gelibolu-canakkale,17,009,,,,,,TUR017009,Çanakkale,40.50461023,26.7050626,26.35985837,40.25196034,27.05026682,40.75726012,[],[],26.7050626,40.50461023,EPSG:4326
TR-D-17-010,district,TR-P-17,TR-R-MAR,Marmara,Gökçeada,gokceada,gokceada-canakkale,17,010,,,,,,TUR017010,Çanakkale,40.16593389,25.8401134,25.6655581,40.09138325,26.01466871,40.24048453,[],[],25.8401134,40.16593389,EPSG:4326
TR-D-17-011,district,TR-P-17,TR-R-MAR,Marmara,Lapseki,lapseki,lapseki-canakkale,17,011,,,,,,TUR017011,Çanakkale,40.25551051,26.79439227,26.54189803,40.10507755,27.04688651,40.40594346,[],[],26.79439227,40.25551051,EPSG:4326
TR-D-17-012,district,TR-P-17,TR-R-MAR,Marmara,Yenice,yenice,yenice-canakkale,17,012,,,,,,TUR017012,Çanakkale,39.88147614,27.23635867,26.934299,39.64405643,27.53841835,40.11889585,[],[],27.23635867,39.88147614,EPSG:4326
TR-D-18-001,district,TR-P-18,TR-R-ICA,İç Anadolu,Atkaracalar,atkaracalar,atkaracalar-cankiri,18,001,,,,,,TUR018001,Çankırı,40.83347396,33.08936107,32.99472183,40.72488199,33.1840003,40.94206592,[],[],33.08936107,40.83347396,EPSG:4326
TR-D-18-002,district,TR-P-18,TR-R-ICA,İç Anadolu,Bayramören,bayramoren,bayramoren-cankiri,18,002,,,,,,TUR018002,Çankırı,40.99242415,33.18601395,33.03723291,40.90882778,33.33479499,41.07602052,[],[],33.18601395,40.99242415,EPSG:4326
TR-D-18-003,district,TR-P-18,TR-R-ICA,İç Anadolu,Çankırı Merkez,cankiri merkez,cankiri-merkez-cankiri,18,003,,,,,,TUR018003,Çankırı,40.56327502,33.81513751,33.47939564,40.31713416,34.15087938,40.80941589,[],[],33.81513751,40.56327502,EPSG:4326
TR-D-18-004,district,TR-P-18,TR-R-ICA,İç Anadolu,Çerkeş,cerkes,cerkes-cankiri,18,004,,,,,,TUR018004,Çankırı,40.81846176,32.82319643,32.56794483,40.64879037,33.07844802,40.98813315,[],[],32.82319643,40.81846176,EPSG:4326
TR-D-18-005,district,TR-P-18,TR-R-ICA,İç Anadolu,Eldivan,eldivan,eldivan-cankiri,18,005,,,,,,TUR018005,Çankırı,40.48733275,33.50906368,33.36694134,40.33884829,33.65118601,40.6358172,[],[],33.50906368,40.48733275,EPSG:4326
TR-D-18-006,district,TR-P-18,TR-R-ICA,İç Anadolu,Ilgaz,ilgaz,ilgaz-cankiri,18,006,,,,,,TUR018006,Çankırı,40.94357133,33.62368113,33.38196437,40.79096124,33.86539788,41.09618141,[],[],33.62368113,40.94357133,EPSG:4326
TR-D-18-007,district,TR-P-18,TR-R-ICA,İç Anadolu,Kızılırmak,kizilirmak,kizilirmak-cankiri,18,007,,,,,,TUR018007,Çankırı,40.40010367,33.98040453,33.78460518,40.24908567,34.17620388,40.55112168,[],[],33.98040453,40.40010367,EPSG:4326
TR-D-18-008,district,TR-P-18,TR-R-ICA,İç Anadolu,Korgun,korgun,korgun-cankiri,18,008,,,,,,TUR018008,Çankırı,40.69095816,33.45425511,33.30574136,40.55671633,33.60276886,40.82519999,[],[],33.45425511,40.69095816,EPSG:4326
TR-D-18-009,district,TR-P-18,TR-R-ICA,İç Anadolu,Kurşunlu,kursunlu,kursunlu-cankiri,18,009,,,,,,TUR018009,Çankırı,40.81737608,33.30646897,33.14757173,40.646076,33.4653662,40.98867616,[],[],33.30646897,40.81737608,EPSG:4326
TR-D-18-010,district,TR-P-18,TR-R-ICA,İç Anadolu,Orta,orta,orta-cankiri,18,010,,,,,,TUR018010,Çankırı,40.60298116,33.09332491,32.8576104,40.45685797,33.32903943,40.74910435,[],[],33.09332491,40.60298116,EPSG:4326
TR-D-18-011,district,TR-P-18,TR-R-ICA,İç Anadolu,Şabanözü,sabanozu,sabanozu-cankiri,18,011,,,,,,TUR018011,Çankırı,40.46540995,33.27371027,33.13328266,40.32005894,33.41413788,40.61076097,[],[],33.27371027,40.46540995,EPSG:4326
TR-D-18-012,district,TR-P-18,TR-R-ICA,İç Anadolu,Yapraklı,yaprakli,yaprakli-cankiri,18,012,,,,,,TUR018012,Çankırı,40.72528532,33.89822108,33.69334267,40.57975222,34.10309949,40.87081841,[],[],33.89822108,40.72528532,EPSG:4326
TR-D-19-001,district,TR-P-19,TR-R-KAR,Karadeniz,Alaca,alaca,alaca-corum,19,001,,,,,,TUR019001,Çorum,40.16413065,34.91984496,34.62593665,39.99544261,35.21375328,40.3328187,[],[],34.91984496,40.16413065,EPSG:4326
TR-D-19-002,district,TR-P-19,TR-R-KAR,Karadeniz,Bayat,bayat,bayat-corum,19,002,,,,,,TUR019002,Çorum,40.64006406,34.22455487,34.06443092,40.42909776,34.38467882,40.85103037,[],[],34.22455487,40.64006406,EPSG:4326
TR-D-19-003,district,TR-P-19,TR-R-KAR,Karadeniz,Boğazkale,bogazkale,bogazkale-corum,19,003,,,,,,TUR019003,Çorum,40.03692286,34.55137412,34.41770553,39.9335001,34.68504272,40.14034562,[],[],34.55137412,40.03692286,EPSG:4326
TR-D-19-004,district,TR-P-19,TR-R-KAR,Karadeniz,Çorum Merkez,corum merkez,corum-merkez-corum,19,004,,,,,,TUR019004,Çorum,40.50966492,34.89337253,34.47811231,40.25538015,35.30863276,40.76394968,[],[],34.89337253,40.50966492,EPSG:4326
TR-D-19-005,district,TR-P-19,TR-R-KAR,Karadeniz,Dodurga,dodurga,dodurga-corum,19,005,,,,,,TUR019005,Çorum,40.8258518,34.71512717,34.56171342,40.7424113,34.86854092,40.90929231,[],[],34.71512717,40.8258518,EPSG:4326
TR-D-19-006,district,TR-P-19,TR-R-KAR,Karadeniz,İskilip,iskilip,iskilip-corum,19,006,,,,,,TUR019006,Çorum,40.7548813,34.45437976,34.19627921,40.53206956,34.71248031,40.97769305,[],[],34.45437976,40.7548813,EPSG:4326
TR-D-19-007,district,TR-P-19,TR-R-KAR,Karadeniz,Kargı,kargi,kargi-corum,19,007,,,,,,TUR019007,Çorum,41.15674333,34.52733602,34.20511898,40.96048,34.84955306,41.35300666,[],[],34.52733602,41.15674333,EPSG:4326
TR-D-19-008,district,TR-P-19,TR-R-KAR,Karadeniz,Laçin,lacin,lacin-corum,19,008,,,,,,TUR019008,Çorum,40.79055418,34.87357236,34.72776451,40.71509508,35.01938021,40.86601329,[],[],34.87357236,40.79055418,EPSG:4326
TR-D-19-009,district,TR-P-19,TR-R-KAR,Karadeniz,Mecitözü,mecitozu,mecitozu-corum,19,009,,,,,,TUR019009,Çorum,40.52488953,35.30464041,35.07570263,40.35194983,35.53357819,40.69782922,[],[],35.30464041,40.52488953,EPSG:4326
TR-D-19-010,district,TR-P-19,TR-R-KAR,Karadeniz,Oğuzlar,oguzlar,oguzlar-corum,19,010,,,,,,TUR019010,Çorum,40.76871328,34.66477001,34.5808868,40.69130011,34.74865321,40.84612645,[],[],34.66477001,40.76871328,EPSG:4326
TR-D-19-011,district,TR-P-19,TR-R-KAR,Karadeniz,Ortaköy,ortakoy,ortakoy-corum,19,011,,,,,,TUR019011,Çorum,40.29305831,35.24091593,35.06244942,40.1912057,35.41938244,40.39491092,[],[],35.24091593,40.29305831,EPSG:4326
TR-D-19-012,district,TR-P-19,TR-R-KAR,Karadeniz,Osmancık,osmancik,osmancik-corum,19,012,,,,,,TUR019012,Çorum,41.03818547,34.77994854,34.45586508,40.82719266,35.104032,41.24917828,[],[],34.77994854,41.03818547,EPSG:4326
TR-D-19-013,district,TR-P-19,TR-R-KAR,Karadeniz,Sungurlu,sungurlu,sungurlu-corum,19,013,,,,,,TUR019013,Çorum,40.20676103,34.31432321,33.93133056,39.93114966,34.69731585,40.48237239,[],[],34.31432321,40.20676103,EPSG:4326
TR-D-19-014,district,TR-P-19,TR-R-KAR,Karadeniz,Uğurludağ,ugurludag,ugurludag-corum,19,014,,,,,,TUR019014,Çorum,40.47564189,34.37205906,34.17211348,40.37192562,34.57200464,40.57935817,[],[],34.37205906,40.47564189,EPSG:4326
TR-D-20-001,district,TR-P-20,TR-R-EGE,Ege,Acıpayam,acipayam,acipayam-denizli,20,001,,,,,,TUR020001,Denizli,37.34017401,29.31041245,28.96376826,37.01778293,29.65705665,37.66256509,[],[],29.31041245,37.34017401,EPSG:4326
TR-D-20-002,district,TR-P-20,TR-R-EGE,Ege,Babadağ,babadag,babadag-denizli,20,002,,,,,,TUR020002,Denizli,37.8038867,28.8667894,28.76945185,37.71268951,28.96412695,37.89508388,[],[],28.8667894,37.8038867,EPSG:4326
TR-D-20-003,district,TR-P-20,TR-R-EGE,Ege,Baklan,baklan,baklan-denizli,20,003,,,,,,TUR020003,Denizli,38.02222491,29.59042667,29.49904699,37.89378809,29.68180636,38.15066174,[],[],29.59042667,38.02222491,EPSG:4326
TR-D-20-004,district,TR-P-20,TR-R-EGE,Ege,Bekilli,bekilli,bekilli-denizli,20,004,,,,,,TUR020004,Denizli,38.25266651,29.41054005,29.20961395,38.17695983,29.61146615,38.32837318,[],[],29.41054005,38.25266651,EPSG:4326
TR-D-20-005,district,TR-P-20,TR-R-EGE,Ege,Beyağaç,beyagac,beyagac-denizli,20,005,,,,,,TUR020005,Denizli,37.20148538,28.90455666,28.76189828,37.08104728,29.04721503,37.32192348,[],[],28.90455666,37.20148538,EPSG:4326
TR-D-20-006,district,TR-P-20,TR-R-EGE,Ege,Bozkurt,bozkurt,bozkurt-denizli,20,006,,,,,,TUR020006,Denizli,37.81089835,29.56924747,29.43079692,37.65361672,29.70769802,37.96817998,[],[],29.56924747,37.81089835,EPSG:4326
TR-D-20-007,district,TR-P-20,TR-R-EGE,Ege,Buldan,buldan,buldan-denizli,20,007,,,,,,TUR020007,Denizli,38.10706565,28.81965044,28.63520349,37.96729317,29.00409739,38.24683814,[],[],28.81965044,38.10706565,EPSG:4326
TR-D-20-008,district,TR-P-20,TR-R-EGE,Ege,Çal,cal,cal-denizli,20,008,,,,,,TUR020008,Denizli,38.04427721,29.3688051,29.17089047,37.85294697,29.56671973,38.23560746,[],[],29.3688051,38.04427721,EPSG:4326
TR-D-20-009,district,TR-P-20,TR-R-EGE,Ege,Çameli,cameli,cameli-denizli,20,009,,,,,,TUR020009,Denizli,37.04113928,29.28347075,29.09918844,36.86428599,29.46775306,37.21799257,[],[],29.28347075,37.04113928,EPSG:4326
TR-D-20-010,district,TR-P-20,TR-R-EGE,Ege,Çardak,cardak,cardak-denizli,20,010,,,,,,TUR020010,Denizli,37.74818502,29.71147073,29.51382263,37.61051417,29.90911884,37.88585587,[],[],29.71147073,37.74818502,EPSG:4326
TR-D-20-011,district,TR-P-20,TR-R-EGE,Ege,Çivril,civril,civril-denizli,20,011,,,,,,TUR020011,Denizli,38.230865,29.80872599,29.533323,37.99227299,30.08412898,38.46945702,[],[],29.80872599,38.230865,EPSG:4326
TR-D-20-012,district,TR-P-20,TR-R-EGE,Ege,Güney,guney,guney-denizli,20,012,,,,,,TUR020012,Denizli,38.1497252,29.05217998,28.89280958,38.04460108,29.21155038,38.25484933,[],[],29.05217998,38.1497252,EPSG:4326
TR-D-20-013,district,TR-P-20,TR-R-EGE,Ege,Honaz,honaz,honaz-denizli,20,013,,,,,,TUR020013,Denizli,37.75597763,29.34043083,29.16583637,37.62123433,29.5150253,37.89072093,[],[],29.34043083,37.75597763,EPSG:4326
TR-D-20-014,district,TR-P-20,TR-R-EGE,Ege,Kale,kale,kale-denizli,20,014,,,,,,TUR020014,Denizli,37.4336219,28.78603779,28.58220809,37.25473743,28.98986749,37.61250638,[],[],28.78603779,37.4336219,EPSG:4326
TR-D-20-015,district,TR-P-20,TR-R-EGE,Ege,Merkezefendi,merkezefendi,merkezefendi-denizli,20,015,,,,,,TUR020015,Denizli,37.81845382,29.01726269,28.89995085,37.6894097,29.13457453,37.94749794,[],[],29.01726269,37.81845382,EPSG:4326
TR-D-20-016,district,TR-P-20,TR-R-EGE,Ege,Pamukkale,pamukkale,pamukkale-denizli,20,016,,,,,,TUR020016,Denizli,37.88353996,29.14185311,28.99958937,37.6423892,29.28411685,38.12469072,[],[],29.14185311,37.88353996,EPSG:4326
TR-D-20-017,district,TR-P-20,TR-R-EGE,Ege,Sarayköy,saraykoy,saraykoy-denizli,20,017,,,,,,TUR020017,Denizli,37.91685999,28.8906134,28.73998528,37.7993311,29.04124153,38.03438888,[],[],28.8906134,37.91685999,EPSG:4326
TR-D-20-018,district,TR-P-20,TR-R-EGE,Ege,Serinhisar,serinhisar,serinhisar-denizli,20,018,,,,,,TUR020018,Denizli,37.60654148,29.30520192,29.21210491,37.52240097,29.39829894,37.69068198,[],[],29.30520192,37.60654148,EPSG:4326
TR-D-20-019,district,TR-P-20,TR-R-EGE,Ege,Tavas,tavas,tavas-denizli,20,019,,,,,,TUR020019,Denizli,37.46040964,28.99934441,28.73646393,37.19919704,29.26222489,37.72162225,[],[],28.99934441,37.46040964,EPSG:4326
TR-D-21-001,district,TR-P-21,TR-R-GDA,Güneydoğu Anadolu,Bağlar,baglar,baglar-diyarbakir,21,001,,,,,,TUR021001,Diyarbakır,37.81497755,40.03439977,39.81064918,37.69369959,40.25815036,37.93625551,[],[],40.03439977,37.81497755,EPSG:4326
TR-D-21-002,district,TR-P-21,TR-R-GDA,Güneydoğu Anadolu,Bismil,bismil,bismil-diyarbakir,21,002,,,,,,TUR021002,Diyarbakır,37.83547266,40.77587358,40.45998613,37.59543487,41.09176104,38.07551045,[],[],40.77587358,37.83547266,EPSG:4326
TR-D-21-003,district,TR-P-21,TR-R-GDA,Güneydoğu Anadolu,Çermik,cermik,cermik-diyarbakir,21,003,,,,,,TUR021003,Diyarbakır,38.05165482,39.39346167,39.12179531,37.87702764,39.66512802,38.22628201,[],[],39.39346167,38.05165482,EPSG:4326
TR-D-21-004,district,TR-P-21,TR-R-GDA,Güneydoğu Anadolu,Çınar,cinar,cinar-diyarbakir,21,004,,,,,,TUR021004,Diyarbakır,37.66156348,40.2403301,39.80884611,37.48974502,40.6718141,37.83338193,[],[],40.2403301,37.66156348,EPSG:4326
TR-D-21-005,district,TR-P-21,TR-R-GDA,Güneydoğu Anadolu,Çüngüş,cungus,cungus-diyarbakir,21,005,,,,,,TUR021005,Diyarbakır,38.23134407,39.32984151,39.10735246,38.10336627,39.55233057,38.35932186,[],[],39.32984151,38.23134407,EPSG:4326
TR-D-21-006,district,TR-P-21,TR-R-GDA,Güneydoğu Anadolu,Dicle,dicle,dicle-diyarbakir,21,006,,,,,,TUR021006,Diyarbakır,38.35842779,40.12171812,39.86806401,38.22857379,40.37537223,38.48828179,[],[],40.12171812,38.35842779,EPSG:4326
TR-D-21-007,district,TR-P-21,TR-R-GDA,Güneydoğu Anadolu,Eğil,egil,egil-diyarbakir,21,007,,,,,,TUR021007,Diyarbakır,38.19576619,40.10895229,39.92778486,38.08348511,40.29011972,38.30804727,[],[],40.10895229,38.19576619,EPSG:4326
TR-D-21-008,district,TR-P-21,TR-R-GDA,Güneydoğu Anadolu,Ergani,ergani,ergani-diyarbakir,21,008,,,,,,TUR021008,Diyarbakır,38.07673116,39.75473204,39.54822212,37.77243662,39.96124195,38.3810257,[],[],39.75473204,38.07673116,EPSG:4326
TR-D-21-009,district,TR-P-21,TR-R-GDA,Güneydoğu Anadolu,Hani,hani,hani-diyarbakir,21,009,,,,,,TUR021009,Diyarbakır,38.42503052,40.40633082,40.25524858,38.27971463,40.55741305,38.57034641,[],[],40.40633082,38.42503052,EPSG:4326
TR-D-21-010,district,TR-P-21,TR-R-GDA,Güneydoğu Anadolu,Hazro,hazro,hazro-diyarbakir,21,010,,,,,,TUR021010,Diyarbakır,38.22618287,40.7583972,40.6004684,38.12413686,40.91632601,38.32822889,[],[],40.7583972,38.22618287,EPSG:4326
TR-D-21-011,district,TR-P-21,TR-R-GDA,Güneydoğu Anadolu,Kayapınar,kayapinar,kayapinar-diyarbakir,21,011,,,,,,TUR021011,Diyarbakır,37.99745908,40.0026513,39.79958196,37.87667008,40.20572064,38.11824808,[],[],40.0026513,37.99745908,EPSG:4326
TR-D-21-012,district,TR-P-21,TR-R-GDA,Güneydoğu Anadolu,Kocaköy,kocakoy,kocakoy-diyarbakir,21,012,,,,,,TUR021012,Diyarbakır,38.24159029,40.53292357,40.40127737,38.13502331,40.66456977,38.34815727,[],[],40.53292357,38.24159029,EPSG:4326
TR-D-21-013,district,TR-P-21,TR-R-GDA,Güneydoğu Anadolu,Kulp,kulp,kulp-diyarbakir,21,013,,,,,,TUR021013,Diyarbakır,38.47853215,41.08835505,40.80127307,38.23609654,41.37543702,38.72096777,[],[],41.08835505,38.47853215,EPSG:4326
TR-D-21-014,district,TR-P-21,TR-R-GDA,Güneydoğu Anadolu,Lice,lice,lice-diyarbakir,21,014,,,,,,TUR021014,Diyarbakır,38.46968675,40.6627489,40.41400523,38.30316947,40.91149256,38.63620404,[],[],40.6627489,38.46968675,EPSG:4326
TR-D-21-015,district,TR-P-21,TR-R-GDA,Güneydoğu Anadolu,Silvan,silvan,silvan-diyarbakir,21,015,,,,,,TUR021015,Diyarbakır,38.14794632,40.93679281,40.63494642,37.9432502,41.2386392,38.35264245,[],[],40.93679281,38.14794632,EPSG:4326
TR-D-21-016,district,TR-P-21,TR-R-GDA,Güneydoğu Anadolu,Sur,sur,sur-diyarbakir,21,016,,,,,,TUR021016,Diyarbakır,38.04435265,40.44355386,40.2100056,37.79131582,40.67710213,38.29738948,[],[],40.44355386,38.04435265,EPSG:4326
TR-D-21-017,district,TR-P-21,TR-R-GDA,Güneydoğu Anadolu,Yenişehir,yenisehir,yenisehir-diyarbakir,21,017,,,,,,TUR021017,Diyarbakır,38.04330415,40.10399745,39.9308692,37.86586817,40.2771257,38.22074013,[],[],40.10399745,38.04330415,EPSG:4326
TR-D-22-001,district,TR-P-22,TR-R-MAR,Marmara,Edirne Merkez,edirne merkez,edirne-merkez-edirne,22,001,,,,,,TUR022001,Edirne,41.65348473,26.58021027,26.3296413,41.4349763,26.83077924,41.87199316,[],[],26.58021027,41.65348473,EPSG:4326
TR-D-22-002,district,TR-P-22,TR-R-MAR,Marmara,Enez,enez,enez-edirne,22,002,,,,,,TUR022002,Edirne,40.70715852,26.20555989,26.03407331,40.58941637,26.37704647,40.82490066,[],[],26.20555989,40.70715852,EPSG:4326
TR-D-22-003,district,TR-P-22,TR-R-MAR,Marmara,Havsa,havsa,havsa-edirne,22,003,,,,,,TUR022003,Edirne,41.56364638,26.83401793,26.66315184,41.41790531,27.00488403,41.70938745,[],[],26.83401793,41.56364638,EPSG:4326
TR-D-22-004,district,TR-P-22,TR-R-MAR,Marmara,İpsala,ipsala,ipsala-edirne,22,004,,,,,,TUR022004,Edirne,40.92022556,26.39832383,26.19437586,40.74571906,26.6022718,41.09473207,[],[],26.39832383,40.92022556,EPSG:4326
TR-D-22-005,district,TR-P-22,TR-R-MAR,Marmara,Keşan,kesan,kesan-edirne,22,005,,,,,,TUR022005,Edirne,40.8248643,26.55840859,26.32830719,40.59156392,26.78851,41.05816468,[],[],26.55840859,40.8248643,EPSG:4326
TR-D-22-006,district,TR-P-22,TR-R-MAR,Marmara,Lalapaşa,lalapasa,lalapasa-edirne,22,006,,,,,,TUR022006,Edirne,41.86997894,26.77677604,26.56207457,41.74026722,26.99147752,41.99969066,[],[],26.77677604,41.86997894,EPSG:4326
TR-D-22-007,district,TR-P-22,TR-R-MAR,Marmara,Meriç,meric,meric-edirne,22,007,,,,,,TUR022007,Edirne,41.17866108,26.44714963,26.30333435,41.01547285,26.59096491,41.3418493,[],[],26.44714963,41.17866108,EPSG:4326
TR-D-22-008,district,TR-P-22,TR-R-MAR,Marmara,Süloğlu,suloglu,suloglu-edirne,22,008,,,,,,TUR022008,Edirne,41.76678702,26.89734308,26.78149044,41.6545596,27.01319571,41.87901444,[],[],26.89734308,41.76678702,EPSG:4326
TR-D-22-009,district,TR-P-22,TR-R-MAR,Marmara,Uzunköprü,uzunkopru,uzunkopru-edirne,22,009,,,,,,TUR022009,Edirne,41.24285885,26.7140116,26.46486664,41.0222183,26.96315655,41.4634994,[],[],26.7140116,41.24285885,EPSG:4326
TR-D-23-001,district,TR-P-23,TR-R-DOA,Doğu Anadolu,Ağın,agin,agin-elazig,23,001,,,,,,TUR023001,Elazığ,38.94796427,38.65459787,38.51680782,38.84386676,38.79238793,39.05206178,[],[],38.65459787,38.94796427,EPSG:4326
TR-D-23-002,district,TR-P-23,TR-R-DOA,Doğu Anadolu,Alacakaya,alacakaya,alacakaya-elazig,23,002,,,,,,TUR023002,Elazığ,38.48329197,39.85830462,39.71721728,38.35742198,39.99939196,38.60916196,[],[],39.85830462,38.48329197,EPSG:4326
TR-D-23-003,district,TR-P-23,TR-R-DOA,Doğu Anadolu,Arıcak,aricak,aricak-elazig,23,003,,,,,,TUR023003,Elazığ,38.53653049,40.13015399,39.95233997,38.43845495,40.30796801,38.63460602,[],[],40.13015399,38.53653049,EPSG:4326
TR-D-23-004,district,TR-P-23,TR-R-DOA,Doğu Anadolu,Baskil,baskil,baskil-elazig,23,004,,,,,,TUR023004,Elazığ,38.57003085,38.65666975,38.33972749,38.3857587,38.973612,38.75430301,[],[],38.65666975,38.57003085,EPSG:4326
TR-D-23-005,district,TR-P-23,TR-R-DOA,Doğu Anadolu,Elazığ Merkez,elazig merkez,elazig-merkez-elazig,23,005,,,,,,TUR023005,Elazığ,38.6688252,39.3150542,38.86160296,38.43107229,39.76850545,38.90657811,[],[],39.3150542,38.6688252,EPSG:4326
TR-D-23-006,district,TR-P-23,TR-R-DOA,Doğu Anadolu,Karakoçan,karakocan,karakocan-elazig,23,006,,,,,,TUR023006,Elazığ,38.99738727,40.07446323,39.84164938,38.80785197,40.30727707,39.18692256,[],[],40.07446323,38.99738727,EPSG:4326
TR-D-23-007,district,TR-P-23,TR-R-DOA,Doğu Anadolu,Keban,keban,keban-elazig,23,007,,,,,,TUR023007,Elazığ,38.7679406,38.72483238,38.51426216,38.63398922,38.9354026,38.90189199,[],[],38.72483238,38.7679406,EPSG:4326
TR-D-23-008,district,TR-P-23,TR-R-DOA,Doğu Anadolu,Kovancılar,kovancilar,kovancilar-elazig,23,008,,,,,,TUR023008,Elazığ,38.76254397,39.86321905,39.470272,38.63627299,40.25616609,38.88881496,[],[],39.86321905,38.76254397,EPSG:4326
TR-D-23-009,district,TR-P-23,TR-R-DOA,Doğu Anadolu,Maden,maden,maden-elazig,23,009,,,,,,TUR023009,Elazığ,38.43005251,39.58085184,39.33795008,38.26035548,39.82375361,38.59974954,[],[],39.58085184,38.43005251,EPSG:4326
TR-D-23-010,district,TR-P-23,TR-R-DOA,Doğu Anadolu,Palu,palu,palu-elazig,23,010,,,,,,TUR023010,Elazığ,38.6895005,40.04042785,39.70430473,38.514891,40.37655098,38.86411,[],[],40.04042785,38.6895005,EPSG:4326
TR-D-23-011,district,TR-P-23,TR-R-DOA,Doğu Anadolu,Sivrice,sivrice,sivrice-elazig,23,011,,,,,,TUR023011,Elazığ,38.4102385,39.15927724,38.86684653,38.29596068,39.45170796,38.52451631,[],[],39.15927724,38.4102385,EPSG:4326
TR-D-24-001,district,TR-P-24,TR-R-DOA,Doğu Anadolu,Çayırlı,cayirli,cayirli-erzincan,24,001,,,,,,TUR024001,Erzincan,39.86518655,39.98097302,39.60856982,39.68156682,40.35337623,40.04880628,[],[],39.98097302,39.86518655,EPSG:4326
TR-D-24-002,district,TR-P-24,TR-R-DOA,Doğu Anadolu,Erzincan Merkez,erzincan merkez,erzincan-merkez-erzincan,24,002,,,,,,TUR024002,Erzincan,39.71150126,39.45668919,39.10735683,39.47081231,39.80602154,39.95219022,[],[],39.45668919,39.71150126,EPSG:4326
TR-D-24-003,district,TR-P-24,TR-R-DOA,Doğu Anadolu,İliç,ilic,ilic-erzincan,24,003,,,,,,TUR024003,Erzincan,39.55889491,38.59254948,38.28151137,39.30258622,38.9035876,39.8152036,[],[],38.59254948,39.55889491,EPSG:4326
TR-D-24-004,district,TR-P-24,TR-R-DOA,Doğu Anadolu,Kemah,kemah,kemah-erzincan,24,004,,,,,,TUR024004,Erzincan,39.63926608,39.0563529,38.61922483,39.39564286,39.49348097,39.88288929,[],[],39.0563529,39.63926608,EPSG:4326
TR-D-24-005,district,TR-P-24,TR-R-DOA,Doğu Anadolu,Kemaliye,kemaliye,kemaliye-erzincan,24,005,,,,,,TUR024005,Erzincan,39.19786546,38.6420546,38.29203827,39.009049,38.99207092,39.38668193,[],[],38.6420546,39.19786546,EPSG:4326
TR-D-24-006,district,TR-P-24,TR-R-DOA,Doğu Anadolu,Otlukbeli,otlukbeli,otlukbeli-erzincan,24,006,,,,,,TUR024006,Erzincan,39.98803238,40.04948799,39.85142032,39.91727888,40.24755567,40.05878589,[],[],40.04948799,39.98803238,EPSG:4326
TR-D-24-007,district,TR-P-24,TR-R-DOA,Doğu Anadolu,Refahiye,refahiye,refahiye-erzincan,24,007,,,,,,TUR024007,Erzincan,39.88641176,38.7565272,38.35494226,39.70253089,39.15811215,40.07029264,[],[],38.7565272,39.88641176,EPSG:4326
TR-D-24-008,district,TR-P-24,TR-R-DOA,Doğu Anadolu,Tercan,tercan,tercan-erzincan,24,008,,,,,,TUR024008,Erzincan,39.72344837,40.39333479,40.01313678,39.51187458,40.77353279,39.93502216,[],[],40.39333479,39.72344837,EPSG:4326
TR-D-24-009,district,TR-P-24,TR-R-DOA,Doğu Anadolu,Üzümlü,uzumlu,uzumlu-erzincan,24,009,,,,,,TUR024009,Erzincan,39.67245143,39.89844834,39.61281732,39.55071303,40.18407936,39.79418983,[],[],39.89844834,39.67245143,EPSG:4326
TR-D-25-001,district,TR-P-25,TR-R-DOA,Doğu Anadolu,Aşkale,askale,askale-erzurum,25,001,,,,,,TUR025001,Erzurum,39.90169776,40.59543509,40.23840274,39.68671153,40.95246744,40.11668399,[],[],40.59543509,39.90169776,EPSG:4326
TR-D-25-002,district,TR-P-25,TR-R-DOA,Doğu Anadolu,Aziziye,aziziye,aziziye-erzurum,25,002,,,,,,TUR025002,Erzurum,40.06846124,40.94896763,40.63987244,39.80918299,41.25806282,40.3277395,[],[],40.94896763,40.06846124,EPSG:4326
TR-D-25-003,district,TR-P-25,TR-R-DOA,Doğu Anadolu,Çat,cat,cat-erzurum,25,003,,,,,,TUR025003,Erzurum,39.59054932,40.93292416,40.58043948,39.40467143,41.28540884,39.77642722,[],[],40.93292416,39.59054932,EPSG:4326
TR-D-25-004,district,TR-P-25,TR-R-DOA,Doğu Anadolu,Hınıs,hinis,hinis-erzurum,25,004,,,,,,TUR025004,Erzurum,39.36482636,41.69202228,41.3887471,39.14494313,41.99529746,39.5847096,[],[],41.69202228,39.36482636,EPSG:4326
TR-D-25-005,district,TR-P-25,TR-R-DOA,Doğu Anadolu,Horasan,horasan,horasan-erzurum,25,005,,,,,,TUR025005,Erzurum,40.06165071,42.2310977,41.88923986,39.81875257,42.57295554,40.30454886,[],[],42.2310977,40.06165071,EPSG:4326
TR-D-25-006,district,TR-P-25,TR-R-DOA,Doğu Anadolu,İspir,ispir,ispir-erzurum,25,006,,,,,,TUR025006,Erzurum,40.51216077,40.9926869,40.59908174,40.18859063,41.38629205,40.83573092,[],[],40.9926869,40.51216077,EPSG:4326
TR-D-25-007,district,TR-P-25,TR-R-DOA,Doğu Anadolu,Karaçoban,karacoban,karacoban-erzurum,25,007,,,,,,TUR025007,Erzurum,39.33615638,42.07611438,41.89661016,39.1902508,42.25561859,39.48206197,[],[],42.07611438,39.33615638,EPSG:4326
TR-D-25-008,district,TR-P-25,TR-R-DOA,Doğu Anadolu,Karayazı,karayazi,karayazi-erzurum,25,008,,,,,,TUR025008,Erzurum,39.63585113,42.13528433,41.74848122,39.41900908,42.52208743,39.85269318,[],[],42.13528433,39.63585113,EPSG:4326
TR-D-25-009,district,TR-P-25,TR-R-DOA,Doğu Anadolu,Köprüköy,koprukoy,koprukoy-erzurum,25,009,,,,,,TUR025009,Erzurum,39.91459798,41.87553961,41.66482298,39.67375621,42.08625623,40.15543975,[],[],41.87553961,39.91459798,EPSG:4326
TR-D-25-010,district,TR-P-25,TR-R-DOA,Doğu Anadolu,Narman,narman,narman-erzurum,25,010,,,,,,TUR025010,Erzurum,40.29509247,41.90676258,41.6352402,40.12844239,42.17828497,40.46174255,[],[],41.90676258,40.29509247,EPSG:4326
TR-D-25-011,district,TR-P-25,TR-R-DOA,Doğu Anadolu,Oltu,oltu,oltu-erzurum,25,011,,,,,,TUR025011,Erzurum,40.55642676,41.93864568,41.65083009,40.33479054,42.22646127,40.77806299,[],[],41.93864568,40.55642676,EPSG:4326
TR-D-25-012,district,TR-P-25,TR-R-DOA,Doğu Anadolu,Olur,olur,olur-erzurum,25,012,,,,,,TUR025012,Erzurum,40.83981425,42.11209383,41.84598587,40.69809249,42.37820178,40.98153601,[],[],42.11209383,40.83981425,EPSG:4326
TR-D-25-013,district,TR-P-25,TR-R-DOA,Doğu Anadolu,Palandöken,palandoken,palandoken-erzurum,25,013,,,,,,TUR025013,Erzurum,39.85010624,41.19206787,40.86676602,39.73368462,41.51736972,39.96652786,[],[],41.19206787,39.85010624,EPSG:4326
TR-D-25-014,district,TR-P-25,TR-R-DOA,Doğu Anadolu,Pasinler,pasinler,pasinler-erzurum,25,014,,,,,,TUR025014,Erzurum,39.99621794,41.63769902,41.38435967,39.79163867,41.89103836,40.20079722,[],[],41.63769902,39.99621794,EPSG:4326
TR-D-25-015,district,TR-P-25,TR-R-DOA,Doğu Anadolu,Pazaryolu,pazaryolu,pazaryolu-erzurum,25,015,,,,,,TUR025015,Erzurum,40.42440666,40.67868465,40.49319997,40.24232641,40.86416934,40.60648692,[],[],40.67868465,40.42440666,EPSG:4326
TR-D-25-016,district,TR-P-25,TR-R-DOA,Doğu Anadolu,Şenkaya,senkaya,senkaya-erzurum,25,016,,,,,,TUR025016,Erzurum,40.59229912,42.3904612,42.14894466,40.33760151,42.63197775,40.84699674,[],[],42.3904612,40.59229912,EPSG:4326
TR-D-25-017,district,TR-P-25,TR-R-DOA,Doğu Anadolu,Tekman,tekman,tekman-erzurum,25,017,,,,,,TUR025017,Erzurum,39.59956675,41.46771409,41.08160468,39.35085514,41.85382351,39.84827836,[],[],41.46771409,39.59956675,EPSG:4326
TR-D-25-018,district,TR-P-25,TR-R-DOA,Doğu Anadolu,Tortum,tortum,tortum-erzurum,25,018,,,,,,TUR025018,Erzurum,40.3567495,41.45432932,41.14618461,40.14724033,41.76247403,40.56625867,[],[],41.45432932,40.3567495,EPSG:4326
TR-D-25-019,district,TR-P-25,TR-R-DOA,Doğu Anadolu,Uzundere,uzundere,uzundere-erzurum,25,019,,,,,,TUR025019,Erzurum,40.575618,41.59114469,41.4101024,40.42032648,41.77218699,40.73090951,[],[],41.59114469,40.575618,EPSG:4326
TR-D-25-020,district,TR-P-25,TR-R-DOA,Doğu Anadolu,Yakutiye,yakutiye,yakutiye-erzurum,25,020,,,,,,TUR025020,Erzurum,40.06190387,41.33566611,41.10366631,39.87416017,41.5676659,40.24964756,[],[],41.33566611,40.06190387,EPSG:4326
TR-D-26-001,district,TR-P-26,TR-R-ICA,İç Anadolu,Alpu,alpu,alpu-eskisehir,26,001,,,,,,TUR026001,Eskişehir,39.84156745,31.00837468,30.81928336,39.61984797,31.197466,40.06328693,[],[],31.00837468,39.84156745,EPSG:4326
TR-D-26-002,district,TR-P-26,TR-R-ICA,İç Anadolu,Beylikova,beylikova,beylikova-eskisehir,26,002,,,,,,TUR026002,Eskişehir,39.71933079,31.25327785,31.09184496,39.53995156,31.41471074,39.89871003,[],[],31.25327785,39.71933079,EPSG:4326
TR-D-26-003,district,TR-P-26,TR-R-ICA,İç Anadolu,Çifteler,cifteler,cifteler-eskisehir,26,003,,,,,,TUR026003,Eskişehir,39.31870921,31.07961,30.834526,39.15367598,31.324694,39.48374244,[],[],31.07961,39.31870921,EPSG:4326
TR-D-26-004,district,TR-P-26,TR-R-ICA,İç Anadolu,Günyüzü,gunyuzu,gunyuzu-eskisehir,26,004,,,,,,TUR026004,Eskişehir,39.33847582,31.84969623,31.68307045,39.11854438,32.01632201,39.55840725,[],[],31.84969623,39.33847582,EPSG:4326
TR-D-26-005,district,TR-P-26,TR-R-ICA,İç Anadolu,Han,han,han-eskisehir,26,005,,,,,,TUR026005,Eskişehir,39.17067101,30.80910002,30.68405404,39.03578901,30.934146,39.305553,[],[],30.80910002,39.17067101,EPSG:4326
TR-D-26-006,district,TR-P-26,TR-R-ICA,İç Anadolu,İnönü,inonu,inonu-eskisehir,26,006,,,,,,TUR026006,Eskişehir,39.75871945,30.12973754,29.97818426,39.65189313,30.28129082,39.86554578,[],[],30.12973754,39.75871945,EPSG:4326
TR-D-26-007,district,TR-P-26,TR-R-ICA,İç Anadolu,Mahmudiye,mahmudiye,mahmudiye-eskisehir,26,007,,,,,,TUR026007,Eskişehir,39.50870003,30.96969788,30.76334817,39.361397,31.17604759,39.65600307,[],[],30.96969788,39.50870003,EPSG:4326
TR-D-26-008,district,TR-P-26,TR-R-ICA,İç Anadolu,Mihalgazi,mihalgazi,mihalgazi-eskisehir,26,008,,,,,,TUR026008,Eskişehir,40.00030841,30.55521423,30.45102145,39.91852701,30.659407,40.08208981,[],[],30.55521423,40.00030841,EPSG:4326
TR-D-26-009,district,TR-P-26,TR-R-ICA,İç Anadolu,Mihalıççık,mihaliccik,mihaliccik-eskisehir,26,009,,,,,,TUR026009,Eskişehir,39.84654448,31.50376995,31.10747013,39.620701,31.90006976,40.07238797,[],[],31.50376995,39.84654448,EPSG:4326
TR-D-26-010,district,TR-P-26,TR-R-ICA,İç Anadolu,Odunpazarı,odunpazari,odunpazari-eskisehir,26,010,,,,,,TUR026010,Eskişehir,39.61952853,30.55666077,30.21800743,39.41634,30.89531412,39.82271706,[],[],30.55666077,39.61952853,EPSG:4326
TR-D-26-011,district,TR-P-26,TR-R-ICA,İç Anadolu,Sarıcakaya,saricakaya,saricakaya-eskisehir,26,011,,,,,,TUR026011,Eskişehir,40.058699,30.71385874,30.57101856,39.93017096,30.85669892,40.18722704,[],[],30.71385874,40.058699,EPSG:4326
TR-D-26-012,district,TR-P-26,TR-R-ICA,İç Anadolu,Seyitgazi,seyitgazi,seyitgazi-eskisehir,26,012,,,,,,TUR026012,Eskişehir,39.35111242,30.61026348,30.3318595,39.07522596,30.88866746,39.62699888,[],[],30.61026348,39.35111242,EPSG:4326
TR-D-26-013,district,TR-P-26,TR-R-ICA,İç Anadolu,Sivrihisar,sivrihisar,sivrihisar-eskisehir,26,013,,,,,,TUR026013,Eskişehir,39.37106222,31.52301167,31.10683359,39.02902401,31.93918976,39.71310043,[],[],31.52301167,39.37106222,EPSG:4326
TR-D-26-014,district,TR-P-26,TR-R-ICA,İç Anadolu,Tepebaşı,tepebasi,tepebasi-eskisehir,26,014,,,,,,TUR026014,Eskişehir,39.82689255,30.58182312,30.19665064,39.6274,30.9669956,40.0263851,[],[],30.58182312,39.82689255,EPSG:4326
TR-D-27-001,district,TR-P-27,TR-R-GDA,Güneydoğu Anadolu,Araban,araban,araban-gaziantep,27,001,,,,,,TUR027001,Gaziantep,37.4383025,37.79407551,37.50303102,37.33930196,38.08512,37.53730303,[],[],37.79407551,37.4383025,EPSG:4326
TR-D-27-002,district,TR-P-27,TR-R-GDA,Güneydoğu Anadolu,İslahiye,islahiye,islahiye-gaziantep,27,002,,,,,,TUR027002,Gaziantep,36.98984191,36.72885983,36.44796013,36.82797989,37.00975954,37.15170394,[],[],36.72885983,36.98984191,EPSG:4326
TR-D-27-003,district,TR-P-27,TR-R-GDA,Güneydoğu Anadolu,Karkamış,karkamis,karkamis-gaziantep,27,003,,,,,,TUR027003,Gaziantep,36.8548955,37.89568706,37.748422,36.74943199,38.04295212,36.96035901,[],[],37.89568706,36.8548955,EPSG:4326
TR-D-27-004,district,TR-P-27,TR-R-GDA,Güneydoğu Anadolu,Nizip,nizip,nizip-gaziantep,27,004,,,,,,TUR027004,Gaziantep,37.04254298,37.80127849,37.594441,36.81069299,38.00811598,37.27439298,[],[],37.80127849,37.04254298,EPSG:4326
TR-D-27-005,district,TR-P-27,TR-R-GDA,Güneydoğu Anadolu,Nurdağı,nurdagi,nurdagi-gaziantep,27,005,,,,,,TUR027005,Gaziantep,37.17816699,36.85370144,36.66480996,37.02380696,37.04259293,37.33252701,[],[],36.85370144,37.17816699,EPSG:4326
TR-D-27-006,district,TR-P-27,TR-R-GDA,Güneydoğu Anadolu,Oğuzeli,oguzeli,oguzeli-gaziantep,27,006,,,,,,TUR027006,Gaziantep,36.87996241,37.56500503,37.34668906,36.70388398,37.78332101,37.05604084,[],[],37.56500503,36.87996241,EPSG:4326
TR-D-27-007,district,TR-P-27,TR-R-GDA,Güneydoğu Anadolu,Şahinbey,sahinbey,sahinbey-gaziantep,27,007,,,,,,TUR027007,Gaziantep,36.92859823,37.25981577,36.99747125,36.72402859,37.5221603,37.13316786,[],[],37.25981577,36.92859823,EPSG:4326
TR-D-27-008,district,TR-P-27,TR-R-GDA,Güneydoğu Anadolu,Şehitkamil,sehitkamil,sehitkamil-gaziantep,27,008,,,,,,TUR027008,Gaziantep,37.17006847,37.32751669,36.96940538,36.99366401,37.68562801,37.34647293,[],[],37.32751669,37.17006847,EPSG:4326
TR-D-27-009,district,TR-P-27,TR-R-GDA,Güneydoğu Anadolu,Yavuzeli,yavuzeli,yavuzeli-gaziantep,27,009,,,,,,TUR027009,Gaziantep,37.31302192,37.66086704,37.43326404,37.20607298,37.88847004,37.41997086,[],[],37.66086704,37.31302192,EPSG:4326
TR-D-28-001,district,TR-P-28,TR-R-KAR,Karadeniz,Alucra,alucra,alucra-giresun,28,001,,,,,,TUR028001,Giresun,40.36883299,38.79961901,38.51832185,40.17890585,39.08091617,40.55876013,[],[],38.79961901,40.36883299,EPSG:4326
TR-D-28-002,district,TR-P-28,TR-R-KAR,Karadeniz,Bulancak,bulancak,bulancak-giresun,28,002,,,,,,TUR028002,Giresun,40.72905251,38.13383022,37.95966575,40.51163749,38.30799469,40.94646753,[],[],38.13383022,40.72905251,EPSG:4326
TR-D-28-003,district,TR-P-28,TR-R-KAR,Karadeniz,Çamoluk,camoluk,camoluk-giresun,28,003,,,,,,TUR028003,Giresun,40.1433588,38.73991868,38.51567884,40.04434427,38.96415853,40.24237333,[],[],38.73991868,40.1433588,EPSG:4326
TR-D-28-004,district,TR-P-28,TR-R-KAR,Karadeniz,Çanakçı,canakci,canakci-giresun,28,004,,,,,,TUR028004,Giresun,40.86093148,39.05483686,38.9616591,40.77425677,39.14801462,40.94760619,[],[],39.05483686,40.86093148,EPSG:4326
TR-D-28-005,district,TR-P-28,TR-R-KAR,Karadeniz,Dereli,dereli,dereli-giresun,28,005,,,,,,TUR028005,Giresun,40.63171886,38.36557192,38.1538886,40.45288762,38.57725523,40.81055009,[],[],38.36557192,40.63171886,EPSG:4326
TR-D-28-006,district,TR-P-28,TR-R-KAR,Karadeniz,Doğankent,dogankent,dogankent-giresun,28,006,,,,,,TUR028006,Giresun,40.7181422,38.94712141,38.87798078,40.58865176,39.01626203,40.84763264,[],[],38.94712141,40.7181422,EPSG:4326
TR-D-28-007,district,TR-P-28,TR-R-KAR,Karadeniz,Espiye,espiye,espiye-giresun,28,007,,,,,,TUR028007,Giresun,40.7579189,38.73290856,38.62079689,40.54175087,38.84502023,40.97408692,[],[],38.73290856,40.7579189,EPSG:4326
TR-D-28-008,district,TR-P-28,TR-R-KAR,Karadeniz,Eynesil,eynesil,eynesil-giresun,28,008,,,,,,TUR028008,Giresun,41.0148199,39.13542995,39.08786867,40.95033027,39.18299123,41.07930952,[],[],39.13542995,41.0148199,EPSG:4326
TR-D-28-009,district,TR-P-28,TR-R-KAR,Karadeniz,Giresun Merkez,giresun merkez,giresun-merkez-giresun,28,009,,,,,,TUR028009,Giresun,40.80580526,38.38257955,38.24232199,40.68003689,38.52283712,40.93157363,[],[],38.38257955,40.80580526,EPSG:4326
TR-D-28-010,district,TR-P-28,TR-R-KAR,Karadeniz,Görele,gorele,gorele-giresun,28,010,,,,,,TUR028010,Giresun,40.93082297,39.03798464,38.92411606,40.81569904,39.15185322,41.0459469,[],[],39.03798464,40.93082297,EPSG:4326
TR-D-28-011,district,TR-P-28,TR-R-KAR,Karadeniz,Güce,guce,guce-giresun,28,011,,,,,,TUR028011,Giresun,40.75619909,38.84746753,38.75083379,40.58656501,38.94410128,40.92583316,[],[],38.84746753,40.75619909,EPSG:4326
TR-D-28-012,district,TR-P-28,TR-R-KAR,Karadeniz,Keşap,kesap,kesap-giresun,28,012,,,,,,TUR028012,Giresun,40.83249002,38.54702574,38.44865637,40.69298333,38.64539511,40.97199671,[],[],38.54702574,40.83249002,EPSG:4326
TR-D-28-013,district,TR-P-28,TR-R-KAR,Karadeniz,Piraziz,piraziz,piraziz-giresun,28,013,,,,,,TUR028013,Giresun,40.87110943,38.08739871,38.00668561,40.78401531,38.16811182,40.95820355,[],[],38.08739871,40.87110943,EPSG:4326
TR-D-28-014,district,TR-P-28,TR-R-KAR,Karadeniz,Şebinkarahisar,sebinkarahisar,sebinkarahisar-giresun,28,014,,,,,,TUR028014,Giresun,40.31240286,38.41694832,38.14619806,40.12395069,38.68769859,40.50085504,[],[],38.41694832,40.31240286,EPSG:4326
TR-D-28-015,district,TR-P-28,TR-R-KAR,Karadeniz,Tirebolu,tirebolu,tirebolu-giresun,28,015,,,,,,TUR028015,Giresun,40.91668755,38.85052445,38.74066853,40.79289415,38.96038038,41.04048094,[],[],38.85052445,40.91668755,EPSG:4326
TR-D-28-016,district,TR-P-28,TR-R-KAR,Karadeniz,Yağlıdere,yaglidere,yaglidere-giresun,28,016,,,,,,TUR028016,Giresun,40.69816071,38.61656291,38.49887596,40.4982469,38.73424986,40.89807452,[],[],38.61656291,40.69816071,EPSG:4326
TR-D-29-001,district,TR-P-29,TR-R-KAR,Karadeniz,Gümüşhane Merkez,gumushane merkez,gumushane-merkez-gumushane,29,001,,,,,,TUR029001,Gümüşhane,40.48966723,39.6840736,39.26264004,40.24026269,40.10550716,40.73907176,[],[],39.6840736,40.48966723,EPSG:4326
TR-D-29-002,district,TR-P-29,TR-R-KAR,Karadeniz,Kelkit,kelkit,kelkit-gumushane,29,002,,,,,,TUR029002,Gümüşhane,40.08244102,39.4394196,39.08658199,39.85699096,39.79225721,40.30789109,[],[],39.4394196,40.08244102,EPSG:4326
TR-D-29-003,district,TR-P-29,TR-R-KAR,Karadeniz,Köse,kose,kose-gumushane,29,003,,,,,,TUR029003,Gümüşhane,40.21168217,39.70519913,39.53007973,40.11276153,39.88031853,40.31060282,[],[],39.70519913,40.21168217,EPSG:4326
TR-D-29-004,district,TR-P-29,TR-R-KAR,Karadeniz,Kürtün,kurtun,kurtun-gumushane,29,004,,,,,,TUR029004,Gümüşhane,40.6446625,39.04445306,38.75105886,40.45136979,39.33784725,40.8379552,[],[],39.04445306,40.6446625,EPSG:4326
TR-D-29-005,district,TR-P-29,TR-R-KAR,Karadeniz,Şiran,siran,siran-gumushane,29,005,,,,,,TUR029005,Gümüşhane,40.17585788,39.09814694,38.86956032,39.98934439,39.32673356,40.36237137,[],[],39.09814694,40.17585788,EPSG:4326
TR-D-29-006,district,TR-P-29,TR-R-KAR,Karadeniz,Torul,torul,torul-gumushane,29,006,,,,,,TUR029006,Gümüşhane,40.48501968,39.28714104,39.00666383,40.26832728,39.56761826,40.70171207,[],[],39.28714104,40.48501968,EPSG:4326
TR-D-30-001,district,TR-P-30,TR-R-DOA,Doğu Anadolu,Çukurca,cukurca,cukurca-hakkari,30,001,,,,,,TUR030001,Hakkari,37.31166043,43.61044238,43.30799047,37.19286085,43.91289429,37.43046001,[],[],43.61044238,37.31166043,EPSG:4326
TR-D-30-002,district,TR-P-30,TR-R-DOA,Doğu Anadolu,Hakkari Merkez,hakkari merkez,hakkari-merkez-hakkari,30,002,,,,,,TUR030002,Hakkari,37.57467424,43.70048622,43.30771837,37.34497396,44.09325407,37.80437452,[],[],43.70048622,37.57467424,EPSG:4326
TR-D-30-003,district,TR-P-30,TR-R-DOA,Doğu Anadolu,Şemdinli,semdinli,semdinli-hakkari,30,003,,,,,,TUR030003,Hakkari,37.29906449,44.5067146,44.19736164,37.11962519,44.81606756,37.4785038,[],[],44.5067146,37.29906449,EPSG:4326
TR-D-30-004,district,TR-P-30,TR-R-DOA,Doğu Anadolu,Yüksekova,yuksekova,yuksekova-hakkari,30,004,,,,,,TUR030004,Hakkari,37.51352774,44.24530126,43.86056307,37.22051148,44.63003945,37.806544,[],[],44.24530126,37.51352774,EPSG:4326
TR-D-30-005,district,TR-P-30,TR-R-DOA,Doğu Anadolu,Derecik,derecik,derecik-hakkari,30,005,,,,,,TUR030005,Hakkari,37.09219993,44.35167456,44.18329325,36.96450671,44.52005588,37.21989314,[],[],44.35167456,37.09219993,EPSG:4326
TR-D-31-001,district,TR-P-31,TR-R-AKD,Akdeniz,Altınözü,altinozu,altinozu-hatay,31,001,,,,,,TUR031001,Hatay,36.07714571,36.2724188,36.15534779,35.94919292,36.38948981,36.2050985,[],[],36.2724188,36.07714571,EPSG:4326
TR-D-31-002,district,TR-P-31,TR-R-AKD,Akdeniz,Antakya,antakya,antakya-hatay,31,002,,,,,,TUR031002,Hatay,36.28783352,36.2037537,36.00743967,36.16234279,36.40006772,36.41332426,[],[],36.2037537,36.28783352,EPSG:4326
TR-D-31-003,district,TR-P-31,TR-R-AKD,Akdeniz,Arsuz,arsuz,arsuz-hatay,31,003,,,,,,TUR031003,Hatay,36.40272567,35.96688517,35.78004085,36.21902086,36.15372949,36.58643048,[],[],35.96688517,36.40272567,EPSG:4326
TR-D-31-004,district,TR-P-31,TR-R-AKD,Akdeniz,Belen,belen,belen-hatay,31,004,,,,,,TUR031004,Hatay,36.44294042,36.16971706,36.03723329,36.32404939,36.30220083,36.56183145,[],[],36.16971706,36.44294042,EPSG:4326
TR-D-31-005,district,TR-P-31,TR-R-AKD,Akdeniz,Defne,defne,defne-hatay,31,005,,,,,,TUR031005,Hatay,36.15802972,36.1085749,36.03077532,36.05930925,36.18637449,36.25675019,[],[],36.1085749,36.15802972,EPSG:4326
TR-D-31-006,district,TR-P-31,TR-R-AKD,Akdeniz,Dörtyol,dortyol,dortyol-hatay,31,006,,,,,,TUR031006,Hatay,36.85669623,36.28587149,36.08331895,36.76831019,36.48842403,36.94508227,[],[],36.28587149,36.85669623,EPSG:4326
TR-D-31-007,district,TR-P-31,TR-R-AKD,Akdeniz,Erzin,erzin,erzin-hatay,31,007,,,,,,TUR031007,Hatay,36.95969398,36.17642033,35.99201161,36.88577366,36.36082905,37.0336143,[],[],36.17642033,36.95969398,EPSG:4326
TR-D-31-008,district,TR-P-31,TR-R-AKD,Akdeniz,Hassa,hassa,hassa-hatay,31,008,,,,,,TUR031008,Hatay,36.74051437,36.48001479,36.28768558,36.57941671,36.67234399,36.90161203,[],[],36.48001479,36.74051437,EPSG:4326
TR-D-31-009,district,TR-P-31,TR-R-AKD,Akdeniz,İskenderun,iskenderun,iskenderun-hatay,31,009,,,,,,TUR031009,Hatay,36.62161227,36.20466307,36.03462862,36.51446434,36.37469752,36.72876019,[],[],36.20466307,36.62161227,EPSG:4326
TR-D-31-010,district,TR-P-31,TR-R-AKD,Akdeniz,Kırıkhan,kirikhan,kirikhan-hatay,31,010,,,,,,TUR031010,Hatay,36.51881622,36.42354377,36.25711424,36.36417641,36.58997329,36.67345604,[],[],36.42354377,36.51881622,EPSG:4326
TR-D-31-011,district,TR-P-31,TR-R-AKD,Akdeniz,Kumlu,kumlu,kumlu-hatay,31,011,,,,,,TUR031011,Hatay,36.38226887,36.45181745,36.28505091,36.29550802,36.61858398,36.46902972,[],[],36.45181745,36.38226887,EPSG:4326
TR-D-31-012,district,TR-P-31,TR-R-AKD,Akdeniz,Payas,payas,payas-hatay,31,012,,,,,,TUR031012,Hatay,36.74390066,36.28056978,36.188188,36.69160012,36.37295156,36.7962012,[],[],36.28056978,36.74390066,EPSG:4326
TR-D-31-013,district,TR-P-31,TR-R-AKD,Akdeniz,Reyhanlı,reyhanli,reyhanli-hatay,31,013,,,,,,TUR031013,Hatay,36.2804133,36.50540922,36.31325309,36.19688524,36.69756534,36.36394136,[],[],36.50540922,36.2804133,EPSG:4326
TR-D-31-014,district,TR-P-31,TR-R-AKD,Akdeniz,Samandağ,samandag,samandag-hatay,31,014,,,,,,TUR031014,Hatay,36.16051104,35.97440447,35.84679047,36.00958138,36.10201847,36.31144071,[],[],35.97440447,36.16051104,EPSG:4326
TR-D-31-015,district,TR-P-31,TR-R-AKD,Akdeniz,Yayladağı,yayladagi,yayladagi-hatay,31,015,,,,,,TUR031015,Hatay,35.96883043,36.06796635,35.91751029,35.80883453,36.2184224,36.12882632,[],[],36.06796635,35.96883043,EPSG:4326
TR-D-32-001,district,TR-P-32,TR-R-AKD,Akdeniz,Aksu,aksu,aksu-isparta,32,001,,,,,,TUR032001,Isparta,37.71876819,31.1524932,30.97410384,37.56739434,31.33088257,37.87014203,[],[],31.1524932,37.71876819,EPSG:4326
TR-D-32-002,district,TR-P-32,TR-R-AKD,Akdeniz,Atabey,atabey,atabey-isparta,32,002,,,,,,TUR032002,Isparta,37.9672185,30.65125934,30.54964608,37.87509385,30.7528726,38.05934315,[],[],30.65125934,37.9672185,EPSG:4326
TR-D-32-003,district,TR-P-32,TR-R-AKD,Akdeniz,Eğirdir,egirdir,egirdir-isparta,32,003,,,,,,TUR032003,Isparta,37.81634081,30.96391584,30.71364015,37.49612129,31.21419153,38.13656033,[],[],30.96391584,37.81634081,EPSG:4326
TR-D-32-004,district,TR-P-32,TR-R-AKD,Akdeniz,Gelendost,gelendost,gelendost-isparta,32,004,,,,,,TUR032004,Isparta,38.09292104,31.01833367,30.83568586,37.94929442,31.20098147,38.23654765,[],[],31.01833367,38.09292104,EPSG:4326
TR-D-32-005,district,TR-P-32,TR-R-AKD,Akdeniz,Gönen,gonen,gonen-isparta,32,005,,,,,,TUR032005,Isparta,37.93109499,30.44959234,30.32373482,37.8258027,30.57544987,38.03638727,[],[],30.44959234,37.93109499,EPSG:4326
TR-D-32-006,district,TR-P-32,TR-R-AKD,Akdeniz,Isparta Merkez,isparta merkez,isparta-merkez-isparta,32,006,,,,,,TUR032006,Isparta,37.75996861,30.61749234,30.40016841,37.61617721,30.83481627,37.90376002,[],[],30.61749234,37.75996861,EPSG:4326
TR-D-32-007,district,TR-P-32,TR-R-AKD,Akdeniz,Keçiborlu,keciborlu,keciborlu-isparta,32,007,,,,,,TUR032007,Isparta,37.91726354,30.24595809,30.10634134,37.78916561,30.38557485,38.04536147,[],[],30.24595809,37.91726354,EPSG:4326
TR-D-32-008,district,TR-P-32,TR-R-AKD,Akdeniz,Senirkent,senirkent,senirkent-isparta,32,008,,,,,,TUR032008,Isparta,38.13525129,30.67036211,30.50331914,37.98004473,30.83740508,38.29045785,[],[],30.67036211,38.13525129,EPSG:4326
TR-D-32-009,district,TR-P-32,TR-R-AKD,Akdeniz,Sütçüler,sutculer,sutculer-isparta,32,009,,,,,,TUR032009,Isparta,37.51144076,31.07390442,30.80397291,37.3215445,31.34383592,37.70133701,[],[],31.07390442,37.51144076,EPSG:4326
TR-D-32-010,district,TR-P-32,TR-R-AKD,Akdeniz,Şarkikaraağaç,sarkikaraagac,sarkikaraagac-isparta,32,010,,,,,,TUR032010,Isparta,38.02447324,31.34890895,31.14225634,37.84430501,31.55556157,38.20464148,[],[],31.34890895,38.02447324,EPSG:4326
TR-D-32-011,district,TR-P-32,TR-R-AKD,Akdeniz,Uluborlu,uluborlu,uluborlu-isparta,32,011,,,,,,TUR032011,Isparta,38.11780626,30.45661846,30.32934781,38.01375325,30.5838891,38.22185928,[],[],30.45661846,38.11780626,EPSG:4326
TR-D-32-012,district,TR-P-32,TR-R-AKD,Akdeniz,Yalvaç,yalvac,yalvac-isparta,32,012,,,,,,TUR032012,Isparta,38.31019636,31.10954784,30.74711023,38.11522473,31.47198545,38.50516798,[],[],31.10954784,38.31019636,EPSG:4326
TR-D-32-013,district,TR-P-32,TR-R-AKD,Akdeniz,Yenişarbademli,yenisarbademli,yenisarbademli-isparta,32,013,,,,,,TUR032013,Isparta,37.76728581,31.33812899,31.2139973,37.66287765,31.46226068,37.87169397,[],[],31.33812899,37.76728581,EPSG:4326
TR-D-33-001,district,TR-P-33,TR-R-AKD,Akdeniz,Akdeniz,akdeniz,akdeniz-mersin,33,001,,,,,,TUR033001,Mersin,36.88897083,34.72502671,34.59504626,36.7838206,34.85500716,36.99412107,[],[],34.72502671,36.88897083,EPSG:4326
TR-D-33-002,district,TR-P-33,TR-R-AKD,Akdeniz,Anamur,anamur,anamur-mersin,33,002,,,,,,TUR033002,Mersin,36.26869451,32.75467081,32.53844677,36.01680895,32.97089485,36.52058008,[],[],32.75467081,36.26869451,EPSG:4326
TR-D-33-003,district,TR-P-33,TR-R-AKD,Akdeniz,Aydıncık,aydincik,aydincik-mersin,33,003,,,,,,TUR033003,Mersin,36.22830624,33.31681866,33.17521716,36.12486612,33.45842017,36.33174635,[],[],33.31681866,36.22830624,EPSG:4326
TR-D-33-004,district,TR-P-33,TR-R-AKD,Akdeniz,Bozyazı,bozyazi,bozyazi-mersin,33,004,,,,,,TUR033004,Mersin,36.26648375,33.00823163,32.7983574,36.06993315,33.21810586,36.46303434,[],[],33.00823163,36.26648375,EPSG:4326
TR-D-33-005,district,TR-P-33,TR-R-AKD,Akdeniz,Çamlıyayla,camliyayla,camliyayla-mersin,33,005,,,,,,TUR033005,Mersin,37.22463072,34.55252523,34.3310999,37.05983455,34.77395057,37.38942689,[],[],34.55252523,37.22463072,EPSG:4326
TR-D-33-006,district,TR-P-33,TR-R-AKD,Akdeniz,Erdemli,erdemli,erdemli-mersin,33,006,,,,,,TUR033006,Mersin,36.78330697,34.13381179,33.82655229,36.45722855,34.44107128,37.10938539,[],[],34.13381179,36.78330697,EPSG:4326
TR-D-33-007,district,TR-P-33,TR-R-AKD,Akdeniz,Gülnar,gulnar,gulnar-mersin,33,007,,,,,,TUR033007,Mersin,36.3516217,33.32285634,33.01151738,36.12012676,33.6341953,36.58311664,[],[],33.32285634,36.3516217,EPSG:4326
TR-D-33-008,district,TR-P-33,TR-R-AKD,Akdeniz,Mezitli,mezitli,mezitli-mersin,33,008,,,,,,TUR033008,Mersin,36.83481233,34.36740748,34.17953033,36.68122962,34.55528463,36.98839504,[],[],34.36740748,36.83481233,EPSG:4326
TR-D-33-009,district,TR-P-33,TR-R-AKD,Akdeniz,Mut,mut,mut-mersin,33,009,,,,,,TUR033009,Mersin,36.71381333,33.34823948,32.92422937,36.45809769,33.77224959,36.96952898,[],[],33.34823948,36.71381333,EPSG:4326
TR-D-33-010,district,TR-P-33,TR-R-AKD,Akdeniz,Silifke,silifke,silifke-mersin,33,010,,,,,,TUR033010,Mersin,36.58580562,33.83935296,33.53729746,36.13383556,34.14140846,37.03777568,[],[],33.83935296,36.58580562,EPSG:4326
TR-D-33-011,district,TR-P-33,TR-R-AKD,Akdeniz,Tarsus,tarsus,tarsus-mersin,33,011,,,,,,TUR033011,Mersin,37.08109556,34.85603934,34.56060359,36.72645284,35.15147509,37.43573827,[],[],34.85603934,37.08109556,EPSG:4326
TR-D-33-012,district,TR-P-33,TR-R-AKD,Akdeniz,Toroslar,toroslar,toroslar-mersin,33,012,,,,,,TUR033012,Mersin,37.02272539,34.35715805,34.04111747,36.79105468,34.67319862,37.2543961,[],[],34.35715805,37.02272539,EPSG:4326
TR-D-33-013,district,TR-P-33,TR-R-AKD,Akdeniz,Yenişehir,yenisehir,yenisehir-mersin,33,013,,,,,,TUR033013,Mersin,36.84148877,34.5255493,34.43123313,36.7627201,34.61986548,36.92025744,[],[],34.5255493,36.84148877,EPSG:4326
TR-D-34-001,district,TR-P-34,TR-R-MAR,Marmara,Adalar,adalar,adalar-istanbul,34,001,,,,,,TUR034001,İstanbul,40.86627354,29.05874117,28.96919672,40.81802267,29.14828562,40.91452441,[],[],29.05874117,40.86627354,EPSG:4326
TR-D-34-002,district,TR-P-34,TR-R-MAR,Marmara,Arnavutköy,arnavutkoy,arnavutkoy-istanbul,34,002,,,,,,TUR034002,İstanbul,41.24849771,28.65507959,28.48883401,41.08877722,28.82132516,41.40821821,[],[],28.65507959,41.24849771,EPSG:4326
TR-D-34-003,district,TR-P-34,TR-R-MAR,Marmara,Ataşehir,atasehir,atasehir-istanbul,34,003,,,,,,TUR034003,İstanbul,40.98428108,29.1379635,29.07225883,40.95903064,29.20366817,41.00953152,[],[],29.1379635,40.98428108,EPSG:4326
TR-D-34-004,district,TR-P-34,TR-R-MAR,Marmara,Avcılar,avcilar,avcilar-istanbul,34,004,,,,,,TUR034004,İstanbul,41.03749467,28.71949493,28.68227855,40.96892736,28.75671131,41.10606198,[],[],28.71949493,41.03749467,EPSG:4326
TR-D-34-005,district,TR-P-34,TR-R-MAR,Marmara,Bağcılar,bagcilar,bagcilar-istanbul,34,005,,,,,,TUR034005,İstanbul,41.04489911,28.8403593,28.80798434,41.01758038,28.87273427,41.07221785,[],[],28.8403593,41.04489911,EPSG:4326
TR-D-34-006,district,TR-P-34,TR-R-MAR,Marmara,Bahçelievler,bahcelievler,bahcelievler-istanbul,34,006,,,,,,TUR034006,İstanbul,41.00976334,28.8457622,28.80591202,40.99166401,28.88561238,41.02786267,[],[],28.8457622,41.00976334,EPSG:4326
TR-D-34-007,district,TR-P-34,TR-R-MAR,Marmara,Bakırköy,bakirkoy,bakirkoy-istanbul,34,007,,,,,,TUR034007,İstanbul,40.98078182,28.83498483,28.77346711,40.95451205,28.89650255,41.00705159,[],[],28.83498483,40.98078182,EPSG:4326
TR-D-34-008,district,TR-P-34,TR-R-MAR,Marmara,Başakşehir,basaksehir,basaksehir-istanbul,34,008,,,,,,TUR034008,İstanbul,41.10365961,28.74525618,28.63986566,41.057848,28.85064669,41.14947123,[],[],28.74525618,41.10365961,EPSG:4326
TR-D-34-009,district,TR-P-34,TR-R-MAR,Marmara,Bayrampaşa,bayrampasa,bayrampasa-istanbul,34,009,,,,,,TUR034009,İstanbul,41.05082579,28.90120342,28.87841127,41.02434201,28.92399558,41.07730958,[],[],28.90120342,41.05082579,EPSG:4326
TR-D-34-010,district,TR-P-34,TR-R-MAR,Marmara,Beşiktaş,besiktas,besiktas-istanbul,34,010,,,,,,TUR034010,İstanbul,41.07017415,29.02336208,28.99161222,41.03676362,29.05511193,41.10358468,[],[],29.02336208,41.07017415,EPSG:4326
TR-D-34-011,district,TR-P-34,TR-R-MAR,Marmara,Beykoz,beykoz,beykoz-istanbul,34,011,,,,,,TUR034011,İstanbul,41.13820838,29.21462958,29.06422787,41.04184562,29.36503129,41.23457114,[],[],29.21462958,41.13820838,EPSG:4326
TR-D-34-012,district,TR-P-34,TR-R-MAR,Marmara,Beylikdüzü,beylikduzu,beylikduzu-istanbul,34,012,,,,,,TUR034012,İstanbul,40.98788968,28.64749408,28.59489831,40.95715343,28.70008986,41.01862594,[],[],28.64749408,40.98788968,EPSG:4326
TR-D-34-013,district,TR-P-34,TR-R-MAR,Marmara,Beyoğlu,beyoglu,beyoglu-istanbul,34,013,,,,,,TUR034013,İstanbul,41.04309175,28.96739448,28.93901795,41.02154507,28.99577101,41.06463843,[],[],28.96739448,41.04309175,EPSG:4326
TR-D-34-014,district,TR-P-34,TR-R-MAR,Marmara,Büyükçekmece,buyukcekmece,buyukcekmece-istanbul,34,014,,,,,,TUR034014,İstanbul,41.05712127,28.51246847,28.39098656,40.98459195,28.63395039,41.12965058,[],[],28.51246847,41.05712127,EPSG:4326
TR-D-34-015,district,TR-P-34,TR-R-MAR,Marmara,Çatalca,catalca,catalca-istanbul,34,015,,,,,,TUR034015,İstanbul,41.31954379,28.33321056,28.07107974,41.05577613,28.59534137,41.58331144,[],[],28.33321056,41.31954379,EPSG:4326
TR-D-34-016,district,TR-P-34,TR-R-MAR,Marmara,Çekmeköy,cekmekoy,cekmekoy-istanbul,34,016,,,,,,TUR034016,İstanbul,41.07280976,29.27006922,29.13838527,41.01301162,29.40175317,41.13260789,[],[],29.27006922,41.07280976,EPSG:4326
TR-D-34-017,district,TR-P-34,TR-R-MAR,Marmara,Esenler,esenler,esenler-istanbul,34,017,,,,,,TUR034017,İstanbul,41.06238666,28.86720577,28.83376945,41.01731465,28.90064208,41.10745867,[],[],28.86720577,41.06238666,EPSG:4326
TR-D-34-018,district,TR-P-34,TR-R-MAR,Marmara,Esenyurt,esenyurt,esenyurt-istanbul,34,018,,,,,,TUR034018,İstanbul,41.0491661,28.66126761,28.62059787,40.99976339,28.70193735,41.0985688,[],[],28.66126761,41.0491661,EPSG:4326
TR-D-34-019,district,TR-P-34,TR-R-MAR,Marmara,Eyüpsultan,eyupsultan,eyupsultan-istanbul,34,019,,,,,,TUR034019,İstanbul,41.16672842,28.87345057,28.7705076,41.02434169,28.97639355,41.30911514,[],[],28.87345057,41.16672842,EPSG:4326
TR-D-34-020,district,TR-P-34,TR-R-MAR,Marmara,Fatih,fatih,fatih-istanbul,34,020,,,,,,TUR034020,İstanbul,41.01424998,28.9539938,28.91990162,40.98764009,28.98808599,41.04085987,[],[],28.9539938,41.01424998,EPSG:4326
TR-D-34-021,district,TR-P-34,TR-R-MAR,Marmara,Gaziosmanpaşa,gaziosmanpasa,gaziosmanpasa-istanbul,34,021,,,,,,TUR034021,İstanbul,41.07298683,28.90679027,28.87437123,41.051591,28.93920932,41.09438265,[],[],28.90679027,41.07298683,EPSG:4326
TR-D-34-022,district,TR-P-34,TR-R-MAR,Marmara,Güngören,gungoren,gungoren-istanbul,34,022,,,,,,TUR034022,İstanbul,41.02010473,28.88073668,28.85899937,41.0016619,28.90247398,41.03854756,[],[],28.88073668,41.02010473,EPSG:4326
TR-D-34-023,district,TR-P-34,TR-R-MAR,Marmara,Kadıköy,kadikoy,kadikoy-istanbul,34,023,,,,,,TUR034023,İstanbul,40.98114653,29.06306053,29.01485203,40.95000036,29.11126902,41.01229271,[],[],29.06306053,40.98114653,EPSG:4326
TR-D-34-024,district,TR-P-34,TR-R-MAR,Marmara,Kağıthane,kagithane,kagithane-istanbul,34,024,,,,,,TUR034024,İstanbul,41.07951224,28.97793003,28.94817305,41.05290567,29.00768701,41.10611881,[],[],28.97793003,41.07951224,EPSG:4326
TR-D-34-025,district,TR-P-34,TR-R-MAR,Marmara,Kartal,kartal,kartal-istanbul,34,025,,,,,,TUR034025,İstanbul,40.91554509,29.19678937,29.13830209,40.87812905,29.25527665,40.95296114,[],[],29.19678937,40.91554509,EPSG:4326
TR-D-34-026,district,TR-P-34,TR-R-MAR,Marmara,Küçükçekmece,kucukcekmece,kucukcekmece-istanbul,34,026,,,,,,TUR034026,İstanbul,41.02059173,28.77815101,28.73697624,40.97707954,28.81932578,41.06410392,[],[],28.77815101,41.02059173,EPSG:4326
TR-D-34-027,district,TR-P-34,TR-R-MAR,Marmara,Maltepe,maltepe,maltepe-istanbul,34,027,,,,,,TUR034027,İstanbul,40.94397336,29.15543051,29.09461141,40.90663931,29.21624961,40.98130741,[],[],29.15543051,40.94397336,EPSG:4326
TR-D-34-028,district,TR-P-34,TR-R-MAR,Marmara,Pendik,pendik,pendik-istanbul,34,028,,,,,,TUR034028,İstanbul,40.95550387,29.36105986,29.21548481,40.85381658,29.5066349,41.05719116,[],[],29.36105986,40.95550387,EPSG:4326
TR-D-34-029,district,TR-P-34,TR-R-MAR,Marmara,Sancaktepe,sancaktepe,sancaktepe-istanbul,34,029,,,,,,TUR034029,İstanbul,40.99937082,29.27476453,29.18518505,40.94600308,29.364344,41.05273856,[],[],29.27476453,40.99937082,EPSG:4326
TR-D-34-030,district,TR-P-34,TR-R-MAR,Marmara,Sarıyer,sariyer,sariyer-istanbul,34,030,,,,,,TUR034030,İstanbul,41.17173375,29.02430873,28.93241782,41.08112035,29.11619964,41.26234716,[],[],29.02430873,41.17173375,EPSG:4326
TR-D-34-031,district,TR-P-34,TR-R-MAR,Marmara,Silivri,silivri,silivri-istanbul,34,031,,,,,,TUR034031,İstanbul,41.1978863,28.18343706,27.97139249,41.03209792,28.39548164,41.36367468,[],[],28.18343706,41.1978863,EPSG:4326
TR-D-34-032,district,TR-P-34,TR-R-MAR,Marmara,Sultanbeyli,sultanbeyli,sultanbeyli-istanbul,34,032,,,,,,TUR034032,İstanbul,40.96833397,29.27835403,29.24472109,40.93177995,29.31198698,41.00488799,[],[],29.27835403,40.96833397,EPSG:4326
TR-D-34-033,district,TR-P-34,TR-R-MAR,Marmara,Sultangazi,sultangazi,sultangazi-istanbul,34,033,,,,,,TUR034033,İstanbul,41.12064982,28.8728245,28.82464613,41.08155607,28.92100286,41.15974356,[],[],28.8728245,41.12064982,EPSG:4326
TR-D-34-034,district,TR-P-34,TR-R-MAR,Marmara,Şile,sile,sile-istanbul,34,034,,,,,,TUR034034,İstanbul,41.08920301,29.63943754,29.32014724,40.9617686,29.95872785,41.21663743,[],[],29.63943754,41.08920301,EPSG:4326
TR-D-34-035,district,TR-P-34,TR-R-MAR,Marmara,Şişli,sisli,sisli-istanbul,34,035,,,,,,TUR034035,İstanbul,41.06653352,28.98889586,28.96170109,41.03920955,29.01609064,41.09385749,[],[],28.98889586,41.06653352,EPSG:4326
TR-D-34-036,district,TR-P-34,TR-R-MAR,Marmara,Tuzla,tuzla,tuzla-istanbul,34,036,,,,,,TUR034036,İstanbul,40.88534875,29.35553729,29.25463299,40.7900491,29.45644159,40.9806484,[],[],29.35553729,40.88534875,EPSG:4326
TR-D-34-037,district,TR-P-34,TR-R-MAR,Marmara,Ümraniye,umraniye,umraniye-istanbul,34,037,,,,,,TUR034037,İstanbul,41.02724459,29.13754294,29.08033072,40.9889381,29.19475517,41.06555109,[],[],29.13754294,41.02724459,EPSG:4326
TR-D-34-038,district,TR-P-34,TR-R-MAR,Marmara,Üsküdar,uskudar,uskudar-istanbul,34,038,,,,,,TUR034038,İstanbul,41.03527632,29.04769369,29.00367616,40.9925074,29.09171122,41.07804524,[],[],29.04769369,41.03527632,EPSG:4326
TR-D-34-039,district,TR-P-34,TR-R-MAR,Marmara,Zeytinburnu,zeytinburnu,zeytinburnu-istanbul,34,039,,,,,,TUR034039,İstanbul,41.00516301,28.90941126,28.88945913,40.97784751,28.9293634,41.03247851,[],[],28.90941126,41.00516301,EPSG:4326
TR-D-34-040,district,TR-P-34,TR-R-MAR,Marmara,İstanbul Merkez,istanbul merkez,istanbul-merkez-istanbul,34,040,,,,,,TUR034040,İstanbul,41.02724459,29.13754294,29.08033072,40.9889381,29.19475517,41.06555109,[],[],29.13754294,41.02724459,EPSG:4326
TR-D-35-001,district,TR-P-35,TR-R-EGE,Ege,Aliağa,aliaga,aliaga-izmir,35,001,,,,,,TUR035001,İzmir,38.80716433,27.03231249,26.87605162,38.66383528,27.18857336,38.95049337,[],[],27.03231249,38.80716433,EPSG:4326
TR-D-35-002,district,TR-P-35,TR-R-EGE,Ege,Balçova,balcova,balcova-izmir,35,002,,,,,,TUR035002,İzmir,38.38134616,27.05543362,27.01566086,38.34452145,27.09520638,38.41817086,[],[],27.05543362,38.38134616,EPSG:4326
TR-D-35-003,district,TR-P-35,TR-R-EGE,Ege,Bayındır,bayindir,bayindir-izmir,35,003,,,,,,TUR035003,İzmir,38.24311393,27.63155784,27.42970146,38.12088917,27.83341421,38.36533869,[],[],27.63155784,38.24311393,EPSG:4326
TR-D-35-004,district,TR-P-35,TR-R-EGE,Ege,Bayraklı,bayrakli,bayrakli-izmir,35,004,,,,,,TUR035004,İzmir,38.48704097,27.15751813,27.11159744,38.44743707,27.20343881,38.52664487,[],[],27.15751813,38.48704097,EPSG:4326
TR-D-35-005,district,TR-P-35,TR-R-EGE,Ege,Bergama,bergama,bergama-izmir,35,005,,,,,,TUR035005,İzmir,39.11846094,27.18315565,26.88570266,38.85147577,27.48060864,39.38544612,[],[],27.18315565,39.11846094,EPSG:4326
TR-D-35-006,district,TR-P-35,TR-R-EGE,Ege,Beydağ,beydag,beydag-izmir,35,006,,,,,,TUR035006,İzmir,38.09504924,28.22548992,28.11907005,38.03322209,28.33190978,38.15687638,[],[],28.22548992,38.09504924,EPSG:4326
TR-D-35-007,district,TR-P-35,TR-R-EGE,Ege,Bornova,bornova,bornova-izmir,35,007,,,,,,TUR035007,İzmir,38.46845725,27.26455669,27.17500192,38.36389752,27.35411147,38.57301698,[],[],27.26455669,38.46845725,EPSG:4326
TR-D-35-008,district,TR-P-35,TR-R-EGE,Ege,Buca,buca,buca-izmir,35,008,,,,,,TUR035008,İzmir,38.34400664,27.2524367,27.13571791,38.27108996,27.36915549,38.41692332,[],[],27.2524367,38.34400664,EPSG:4326
TR-D-35-009,district,TR-P-35,TR-R-EGE,Ege,Çeşme,cesme,cesme-izmir,35,009,,,,,,TUR035009,İzmir,38.30955809,26.3907227,26.23024366,38.18275362,26.55120173,38.43636256,[],[],26.3907227,38.30955809,EPSG:4326
TR-D-35-010,district,TR-P-35,TR-R-EGE,Ege,Çiğli,cigli,cigli-izmir,35,010,,,,,,TUR035010,İzmir,38.49199365,27.00139011,26.88382313,38.42771934,27.11895709,38.55626796,[],[],27.00139011,38.49199365,EPSG:4326
TR-D-35-011,district,TR-P-35,TR-R-EGE,Ege,Dikili,dikili,dikili-izmir,35,011,,,,,,TUR035011,İzmir,39.06610313,26.92308093,26.76883321,38.88805199,27.07732864,39.24415428,[],[],26.92308093,39.06610313,EPSG:4326
TR-D-35-012,district,TR-P-35,TR-R-EGE,Ege,Foça,foca,foca-izmir,35,012,,,,,,TUR035012,İzmir,38.66990067,26.83755775,26.70744051,38.57747705,26.96767498,38.76232429,[],[],26.83755775,38.66990067,EPSG:4326
TR-D-35-013,district,TR-P-35,TR-R-EGE,Ege,Gaziemir,gaziemir,gaziemir-izmir,35,013,,,,,,TUR035013,İzmir,38.31954684,27.15013772,27.07556421,38.27647609,27.22471123,38.36261759,[],[],27.15013772,38.31954684,EPSG:4326
TR-D-35-014,district,TR-P-35,TR-R-EGE,Ege,Güzelbahçe,guzelbahce,guzelbahce-izmir,35,014,,,,,,TUR035014,İzmir,38.33540249,26.88563749,26.81000186,38.28587319,26.96127313,38.3849318,[],[],26.88563749,38.33540249,EPSG:4326
TR-D-35-015,district,TR-P-35,TR-R-EGE,Ege,Karabağlar,karabaglar,karabaglar-izmir,35,015,,,,,,TUR035015,İzmir,38.34733649,27.04093155,26.93917368,38.28846237,27.14268942,38.40621061,[],[],27.04093155,38.34733649,EPSG:4326
TR-D-35-016,district,TR-P-35,TR-R-EGE,Ege,Karaburun,karaburun,karaburun-izmir,35,016,,,,,,TUR035016,İzmir,38.54769456,26.47420182,26.30709461,38.41475196,26.64130902,38.68063716,[],[],26.47420182,38.54769456,EPSG:4326
TR-D-35-017,district,TR-P-35,TR-R-EGE,Ege,Karşıyaka,karsiyaka,karsiyaka-izmir,35,017,,,,,,TUR035017,İzmir,38.5033113,27.12475293,27.06262088,38.44868426,27.18688498,38.55793834,[],[],27.12475293,38.5033113,EPSG:4326
TR-D-35-018,district,TR-P-35,TR-R-EGE,Ege,Kemalpaşa,kemalpasa,kemalpasa-izmir,35,018,,,,,,TUR035018,İzmir,38.42395303,27.51885566,27.32062396,38.28743697,27.71708736,38.56046909,[],[],27.51885566,38.42395303,EPSG:4326
TR-D-35-019,district,TR-P-35,TR-R-EGE,Ege,Kınık,kinik,kinik-izmir,35,019,,,,,,TUR035019,İzmir,39.04376592,27.3926258,27.22148076,38.92273419,27.56377083,39.16479764,[],[],27.3926258,39.04376592,EPSG:4326
TR-D-35-020,district,TR-P-35,TR-R-EGE,Ege,Kiraz,kiraz,kiraz-izmir,35,020,,,,,,TUR035020,İzmir,38.22837899,28.30778811,28.12252478,38.08772864,28.49305144,38.36902935,[],[],28.30778811,38.22837899,EPSG:4326
TR-D-35-021,district,TR-P-35,TR-R-EGE,Ege,Konak,konak,konak-izmir,35,021,,,,,,TUR035021,İzmir,38.42192097,27.129163,27.06889111,38.39302928,27.18943488,38.45081267,[],[],27.129163,38.42192097,EPSG:4326
TR-D-35-022,district,TR-P-35,TR-R-EGE,Ege,Menderes,menderes,menderes-izmir,35,022,,,,,,TUR035022,İzmir,38.14950672,27.1287498,26.94370913,37.98000103,27.31379048,38.31901242,[],[],27.1287498,38.14950672,EPSG:4326
TR-D-35-023,district,TR-P-35,TR-R-EGE,Ege,Menemen,menemen,menemen-izmir,35,023,,,,,,TUR035023,İzmir,38.62451394,27.03210148,26.81437799,38.50401054,27.24982496,38.74501733,[],[],27.03210148,38.62451394,EPSG:4326
TR-D-35-024,district,TR-P-35,TR-R-EGE,Ege,Narlıdere,narlidere,narlidere-izmir,35,024,,,,,,TUR035024,İzmir,38.37403036,26.97917072,26.9230308,38.33430198,27.03531063,38.41375875,[],[],26.97917072,38.37403036,EPSG:4326
TR-D-35-025,district,TR-P-35,TR-R-EGE,Ege,Ödemiş,odemis,odemis-izmir,35,025,,,,,,TUR035025,İzmir,38.1921824,27.98957338,27.78268559,37.96577942,28.19646118,38.41858539,[],[],27.98957338,38.1921824,EPSG:4326
TR-D-35-026,district,TR-P-35,TR-R-EGE,Ege,Seferihisar,seferihisar,seferihisar-izmir,35,026,,,,,,TUR035026,İzmir,38.16480469,26.87167294,26.75101903,38.02034801,26.99232685,38.30926136,[],[],26.87167294,38.16480469,EPSG:4326
TR-D-35-027,district,TR-P-35,TR-R-EGE,Ege,Selçuk,selcuk,selcuk-izmir,35,027,,,,,,TUR035027,İzmir,37.94820072,27.37363011,27.24519593,37.81523832,27.50206428,38.08116313,[],[],27.37363011,37.94820072,EPSG:4326
TR-D-35-028,district,TR-P-35,TR-R-EGE,Ege,Tire,tire,tire-izmir,35,028,,,,,,TUR035028,İzmir,38.08789672,27.71603135,27.46802785,37.94928346,27.96403486,38.22650998,[],[],27.71603135,38.08789672,EPSG:4326
TR-D-35-029,district,TR-P-35,TR-R-EGE,Ege,Torbalı,torbali,torbali-izmir,35,029,,,,,,TUR035029,İzmir,38.18467667,27.36471108,27.20641756,38.02911406,27.5230046,38.34023929,[],[],27.36471108,38.18467667,EPSG:4326
TR-D-35-030,district,TR-P-35,TR-R-EGE,Ege,Urla,urla,urla-izmir,35,030,,,,,,TUR035030,İzmir,38.32503523,26.66344373,26.4390745,38.1029877,26.88781296,38.54708276,[],[],26.66344373,38.32503523,EPSG:4326
TR-D-36-001,district,TR-P-36,TR-R-DOA,Doğu Anadolu,Akyaka,akyaka,akyaka-kars,36,001,,,,,,TUR036001,Kars,40.79973113,43.58253708,43.41517155,40.60616476,43.74990262,40.9932975,[],[],43.58253708,40.79973113,EPSG:4326
TR-D-36-002,district,TR-P-36,TR-R-DOA,Doğu Anadolu,Arpaçay,arpacay,arpacay-kars,36,002,,,,,,TUR036002,Kars,40.89414143,43.33177631,43.04074201,40.68353836,43.62281062,41.1047445,[],[],43.33177631,40.89414143,EPSG:4326
TR-D-36-003,district,TR-P-36,TR-R-DOA,Doğu Anadolu,Digor,digor,digor-kars,36,003,,,,,,TUR036003,Kars,40.31310771,43.45249801,43.18981844,40.10556366,43.71517758,40.52065175,[],[],43.45249801,40.31310771,EPSG:4326
TR-D-36-004,district,TR-P-36,TR-R-DOA,Doğu Anadolu,Kağızman,kagizman,kagizman-kars,36,004,,,,,,TUR036004,Kars,40.14878974,43.09869729,42.7062543,39.94468674,43.49114027,40.35289273,[],[],43.09869729,40.14878974,EPSG:4326
TR-D-36-005,district,TR-P-36,TR-R-DOA,Doğu Anadolu,Kars Merkez,kars merkez,kars-merkez-kars,36,005,,,,,,TUR036005,Kars,40.58514968,43.24683955,42.79956956,40.32423984,43.69410953,40.84605952,[],[],43.24683955,40.58514968,EPSG:4326
TR-D-36-006,district,TR-P-36,TR-R-DOA,Doğu Anadolu,Sarıkamış,sarikamis,sarikamis-kars,36,006,,,,,,TUR036006,Kars,40.20399653,42.48528342,42.11418844,39.91373625,42.8563784,40.4942568,[],[],42.48528342,40.20399653,EPSG:4326
TR-D-36-007,district,TR-P-36,TR-R-DOA,Doğu Anadolu,Selim,selim,selim-kars,36,007,,,,,,TUR036007,Kars,40.4808775,42.74973504,42.47699184,40.24846548,43.02247824,40.71328952,[],[],42.74973504,40.4808775,EPSG:4326
TR-D-36-008,district,TR-P-36,TR-R-DOA,Doğu Anadolu,Susuz,susuz,susuz-kars,36,008,,,,,,TUR036008,Kars,40.81480181,43.10647533,42.9148549,40.67461873,43.29809577,40.95498489,[],[],43.10647533,40.81480181,EPSG:4326
TR-D-37-001,district,TR-P-37,TR-R-KAR,Karadeniz,Abana,abana,abana-kastamonu,37,001,,,,,,TUR037001,Kastamonu,41.95059881,34.04620979,33.97465184,41.91888821,34.11776774,41.98230942,[],[],34.04620979,41.95059881,EPSG:4326
TR-D-37-002,district,TR-P-37,TR-R-KAR,Karadeniz,Ağlı,agli,agli-kastamonu,37,002,,,,,,TUR037002,Kastamonu,41.71064244,33.57415669,33.45945286,41.57263071,33.68886052,41.84865418,[],[],33.57415669,41.71064244,EPSG:4326
TR-D-37-003,district,TR-P-37,TR-R-KAR,Karadeniz,Araç,arac,arac-kastamonu,37,003,,,,,,TUR037003,Kastamonu,41.18460463,33.23753672,32.91770263,40.97636283,33.5573708,41.39284643,[],[],33.23753672,41.18460463,EPSG:4326
TR-D-37-004,district,TR-P-37,TR-R-KAR,Karadeniz,Azdavay,azdavay,azdavay-kastamonu,37,004,,,,,,TUR037004,Kastamonu,41.71502158,33.32902862,33.13388699,41.52872174,33.52417026,41.90132142,[],[],33.32902862,41.71502158,EPSG:4326
TR-D-37-005,district,TR-P-37,TR-R-KAR,Karadeniz,Bozkurt,bozkurt,bozkurt-kastamonu,37,005,,,,,,TUR037005,Kastamonu,41.86683168,34.03941794,33.90899625,41.75305637,34.16983962,41.98060699,[],[],34.03941794,41.86683168,EPSG:4326
TR-D-37-006,district,TR-P-37,TR-R-KAR,Karadeniz,Cide,cide,cide-kastamonu,37,006,,,,,,TUR037006,Kastamonu,41.84897077,33.04375785,32.70682554,41.67798384,33.38069015,42.0199577,[],[],33.04375785,41.84897077,EPSG:4326
TR-D-37-007,district,TR-P-37,TR-R-KAR,Karadeniz,Çatalzeytin,catalzeytin,catalzeytin-kastamonu,37,007,,,,,,TUR037007,Kastamonu,41.86432446,34.19319069,34.08716898,41.75390785,34.29921241,41.97474108,[],[],34.19319069,41.86432446,EPSG:4326
TR-D-37-008,district,TR-P-37,TR-R-KAR,Karadeniz,Daday,daday,daday-kastamonu,37,008,,,,,,TUR037008,Kastamonu,41.47397657,33.35101138,33.08865263,41.32901097,33.61337013,41.61894217,[],[],33.35101138,41.47397657,EPSG:4326
TR-D-37-009,district,TR-P-37,TR-R-KAR,Karadeniz,Devrekani,devrekani,devrekani-kastamonu,37,009,,,,,,TUR037009,Kastamonu,41.6886587,33.93098551,33.72510634,41.5249948,34.13686467,41.8523226,[],[],33.93098551,41.6886587,EPSG:4326
TR-D-37-010,district,TR-P-37,TR-R-KAR,Karadeniz,Doğanyurt,doganyurt,doganyurt-kastamonu,37,010,,,,,,TUR037010,Kastamonu,41.94068874,33.44610911,33.33543281,41.86351417,33.55678541,42.0178633,[],[],33.44610911,41.94068874,EPSG:4326
TR-D-37-011,district,TR-P-37,TR-R-KAR,Karadeniz,Hanönü,hanonu,hanonu-kastamonu,37,011,,,,,,TUR037011,Kastamonu,41.63270411,34.45033481,34.29234922,41.52486483,34.60832041,41.74054338,[],[],34.45033481,41.63270411,EPSG:4326
TR-D-37-012,district,TR-P-37,TR-R-KAR,Karadeniz,İhsangazi,ihsangazi,ihsangazi-kastamonu,37,012,,,,,,TUR037012,Kastamonu,41.16466959,33.54809194,33.40349981,41.01754795,33.69268407,41.31179123,[],[],33.54809194,41.16466959,EPSG:4326
TR-D-37-013,district,TR-P-37,TR-R-KAR,Karadeniz,İnebolu,inebolu,inebolu-kastamonu,37,013,,,,,,TUR037013,Kastamonu,41.89687982,33.71229027,33.4951416,41.79751351,33.92943893,41.99624613,[],[],33.71229027,41.89687982,EPSG:4326
TR-D-37-014,district,TR-P-37,TR-R-KAR,Karadeniz,Kastamonu Merkez,kastamonu merkez,kastamonu-merkez-kastamonu,37,014,,,,,,TUR037014,Kastamonu,41.30750169,33.81989585,33.46960098,41.04707188,34.17019071,41.56793151,[],[],33.81989585,41.30750169,EPSG:4326
TR-D-37-015,district,TR-P-37,TR-R-KAR,Karadeniz,Küre,kure,kure-kastamonu,37,015,,,,,,TUR037015,Kastamonu,41.80281274,33.67141937,33.49716097,41.68002716,33.84567777,41.92559833,[],[],33.67141937,41.80281274,EPSG:4326
TR-D-37-016,district,TR-P-37,TR-R-KAR,Karadeniz,Pınarbaşı,pinarbasi,pinarbasi-kastamonu,37,016,,,,,,TUR037016,Kastamonu,41.63035527,33.03714447,32.84676423,41.48465923,33.22752472,41.77605132,[],[],33.03714447,41.63035527,EPSG:4326
TR-D-37-017,district,TR-P-37,TR-R-KAR,Karadeniz,Seydiler,seydiler,seydiler-kastamonu,37,017,,,,,,TUR037017,Kastamonu,41.64462218,33.6906883,33.5808196,41.55252969,33.80055699,41.73671467,[],[],33.6906883,41.64462218,EPSG:4326
TR-D-37-018,district,TR-P-37,TR-R-KAR,Karadeniz,Şenpazar,senpazar,senpazar-kastamonu,37,018,,,,,,TUR037018,Kastamonu,41.8286268,33.23243534,33.0963968,41.73962158,33.36847388,41.91763202,[],[],33.23243534,41.8286268,EPSG:4326
TR-D-37-019,district,TR-P-37,TR-R-KAR,Karadeniz,Taşköprü,taskopru,taskopru-kastamonu,37,019,,,,,,TUR037019,Kastamonu,41.46669264,34.18957975,33.91088228,41.16859839,34.46827722,41.7647869,[],[],34.18957975,41.46669264,EPSG:4326
TR-D-37-020,district,TR-P-37,TR-R-KAR,Karadeniz,Tosya,tosya,tosya-kastamonu,37,020,,,,,,TUR037020,Kastamonu,41.00136656,34.07381973,33.76740011,40.81972869,34.38023935,41.18300444,[],[],34.07381973,41.00136656,EPSG:4326
TR-D-38-001,district,TR-P-38,TR-R-ICA,İç Anadolu,Akkışla,akkisla,akkisla-kayseri,38,001,,,,,,TUR038001,Kayseri,38.98521572,36.21337177,36.06825919,38.86494762,36.35848435,39.10548381,[],[],36.21337177,38.98521572,EPSG:4326
TR-D-38-002,district,TR-P-38,TR-R-ICA,İç Anadolu,Bünyan,bunyan,bunyan-kayseri,38,002,,,,,,TUR038002,Kayseri,38.78814481,35.90097291,35.66547445,38.55114999,36.13647138,39.02513964,[],[],35.90097291,38.78814481,EPSG:4326
TR-D-38-003,district,TR-P-38,TR-R-ICA,İç Anadolu,Develi,develi,develi-kayseri,38,003,,,,,,TUR038003,Kayseri,38.23360553,35.61593737,35.21095672,37.92092925,36.02091802,38.54628182,[],[],35.61593737,38.23360553,EPSG:4326
TR-D-38-004,district,TR-P-38,TR-R-ICA,İç Anadolu,Felahiye,felahiye,felahiye-kayseri,38,004,,,,,,TUR038004,Kayseri,39.10165224,35.55923155,35.36907645,38.96972704,35.74938666,39.23357745,[],[],35.55923155,39.10165224,EPSG:4326
TR-D-38-005,district,TR-P-38,TR-R-ICA,İç Anadolu,Hacılar,hacilar,hacilar-kayseri,38,005,,,,,,TUR038005,Kayseri,38.62957649,35.39235398,35.30067735,38.53207497,35.48403061,38.72707802,[],[],35.39235398,38.62957649,EPSG:4326
TR-D-38-006,district,TR-P-38,TR-R-ICA,İç Anadolu,İncesu,incesu,incesu-kayseri,38,006,,,,,,TUR038006,Kayseri,38.63654328,35.25474755,35.04500175,38.43677264,35.46449334,38.83631391,[],[],35.25474755,38.63654328,EPSG:4326
TR-D-38-007,district,TR-P-38,TR-R-ICA,İç Anadolu,Kocasinan,kocasinan,kocasinan-kayseri,38,007,,,,,,TUR038007,Kayseri,38.8933096,35.35360932,34.95966555,38.72052936,35.7475531,39.06608985,[],[],35.35360932,38.8933096,EPSG:4326
TR-D-38-008,district,TR-P-38,TR-R-ICA,İç Anadolu,Melikgazi,melikgazi,melikgazi-kayseri,38,008,,,,,,TUR038008,Kayseri,38.72413876,35.567945,35.31171417,38.5228982,35.82417584,38.92537932,[],[],35.567945,38.72413876,EPSG:4326
TR-D-38-009,district,TR-P-38,TR-R-ICA,İç Anadolu,Özvatan,ozvatan,ozvatan-kayseri,38,009,,,,,,TUR038009,Kayseri,39.11242979,35.753503,35.63670368,38.99128213,35.87030232,39.23357745,[],[],35.753503,39.11242979,EPSG:4326
TR-D-38-010,district,TR-P-38,TR-R-ICA,İç Anadolu,Pınarbaşı,pinarbasi,pinarbasi-kayseri,38,010,,,,,,TUR038010,Kayseri,38.80549116,36.47136391,35.98295813,38.42930938,36.9597697,39.18167294,[],[],36.47136391,38.80549116,EPSG:4326
TR-D-38-011,district,TR-P-38,TR-R-ICA,İç Anadolu,Sarıoğlan,sarioglan,sarioglan-kayseri,38,011,,,,,,TUR038011,Kayseri,39.1432576,35.97389041,35.73939432,38.96418872,36.20838649,39.32232648,[],[],35.97389041,39.1432576,EPSG:4326
TR-D-38-012,district,TR-P-38,TR-R-ICA,İç Anadolu,Sarız,sariz,sariz-kayseri,38,012,,,,,,TUR038012,Kayseri,38.47807994,36.47878359,36.16073706,38.24195721,36.79683012,38.71420267,[],[],36.47878359,38.47807994,EPSG:4326
TR-D-38-013,district,TR-P-38,TR-R-ICA,İç Anadolu,Talas,talas,talas-kayseri,38,013,,,,,,TUR038013,Kayseri,38.6115819,35.70867533,35.53101483,38.50278777,35.88633584,38.72037603,[],[],35.70867533,38.6115819,EPSG:4326
TR-D-38-014,district,TR-P-38,TR-R-ICA,İç Anadolu,Tomarza,tomarza,tomarza-kayseri,38,014,,,,,,TUR038014,Kayseri,38.41252259,35.87705071,35.54022471,38.21369221,36.2138767,38.61135297,[],[],35.87705071,38.41252259,EPSG:4326
TR-D-38-015,district,TR-P-38,TR-R-ICA,İç Anadolu,Yahyalı,yahyali,yahyali-kayseri,38,015,,,,,,TUR038015,Kayseri,37.9748914,35.42153993,35.14988537,37.69144076,35.69319449,38.25834204,[],[],35.42153993,37.9748914,EPSG:4326
TR-D-38-016,district,TR-P-38,TR-R-ICA,İç Anadolu,Yeşilhisar,yesilhisar,yesilhisar-kayseri,38,016,,,,,,TUR038016,Kayseri,38.31081918,35.0867134,34.84692555,38.13534369,35.32650126,38.48629467,[],[],35.0867134,38.31081918,EPSG:4326
TR-D-39-001,district,TR-P-39,TR-R-MAR,Marmara,Babaeski,babaeski,babaeski-kirklareli,39,001,,,,,,TUR039001,Kırklareli,41.44397892,27.08703472,26.9132959,41.25930831,27.26077353,41.62864953,[],[],27.08703472,41.44397892,EPSG:4326
TR-D-39-002,district,TR-P-39,TR-R-MAR,Marmara,Demirköy,demirkoy,demirkoy-kirklareli,39,002,,,,,,TUR039002,Kırklareli,41.87171719,27.76958786,27.48167481,41.736727,28.0575009,42.00670737,[],[],27.76958786,41.87171719,EPSG:4326
TR-D-39-003,district,TR-P-39,TR-R-MAR,Marmara,Kırklareli Merkez,kirklareli merkez,kirklareli-merkez-kirklareli,39,003,,,,,,TUR039003,Kırklareli,41.80815256,27.24155643,26.90002361,41.54455973,27.58308926,42.07174538,[],[],27.24155643,41.80815256,EPSG:4326
TR-D-39-004,district,TR-P-39,TR-R-MAR,Marmara,Kofçaz,kofcaz,kofcaz-kirklareli,39,004,,,,,,TUR039004,Kırklareli,41.98144422,27.14711972,26.96538614,41.85810125,27.3288533,42.1047872,[],[],27.14711972,41.98144422,EPSG:4326
TR-D-39-005,district,TR-P-39,TR-R-MAR,Marmara,Lüleburgaz,luleburgaz,luleburgaz-kirklareli,39,005,,,,,,TUR039005,Kırklareli,41.39767285,27.41792871,27.18430996,41.22010633,27.65154745,41.57523936,[],[],27.41792871,41.39767285,EPSG:4326
TR-D-39-006,district,TR-P-39,TR-R-MAR,Marmara,Pehlivanköy,pehlivankoy,pehlivankoy-kirklareli,39,006,,,,,,TUR039006,Kırklareli,41.38806231,26.9500796,26.86895034,41.31044225,27.03120887,41.46568238,[],[],26.9500796,41.38806231,EPSG:4326
TR-D-39-007,district,TR-P-39,TR-R-MAR,Marmara,Pınarhisar,pinarhisar,pinarhisar-kirklareli,39,007,,,,,,TUR039007,Kırklareli,41.65565753,27.53673622,27.3283256,41.48190411,27.74514685,41.82941094,[],[],27.53673622,41.65565753,EPSG:4326
TR-D-39-008,district,TR-P-39,TR-R-MAR,Marmara,Vize,vize,vize-kirklareli,39,008,,,,,,TUR039008,Kırklareli,41.60735892,27.86749018,27.58802133,41.4268462,28.14695903,41.78787164,[],[],27.86749018,41.60735892,EPSG:4326
TR-D-40-001,district,TR-P-40,TR-R-ICA,İç Anadolu,Akçakent,akcakent,akcakent-kirsehir,40,001,,,,,,TUR040001,Kırşehir,39.6526601,34.09533502,33.95194107,39.53123954,34.23872896,39.77408066,[],[],34.09533502,39.6526601,EPSG:4326
TR-D-40-002,district,TR-P-40,TR-R-ICA,İç Anadolu,Akpınar,akpinar,akpinar-kirsehir,40,002,,,,,,TUR040002,Kırşehir,39.49398804,33.93048149,33.72584833,39.32153227,34.13511466,39.66644381,[],[],33.93048149,39.49398804,EPSG:4326
TR-D-40-003,district,TR-P-40,TR-R-ICA,İç Anadolu,Boztepe,boztepe,boztepe-kirsehir,40,003,,,,,,TUR040003,Kırşehir,39.33546014,34.38788048,34.17917564,39.18235919,34.59658531,39.48856109,[],[],34.38788048,39.33546014,EPSG:4326
TR-D-40-004,district,TR-P-40,TR-R-ICA,İç Anadolu,Çiçekdağı,cicekdagi,cicekdagi-kirsehir,40,004,,,,,,TUR040004,Kırşehir,39.56960049,34.33464619,34.01807507,39.34084527,34.65121731,39.79835571,[],[],34.33464619,39.56960049,EPSG:4326
TR-D-40-005,district,TR-P-40,TR-R-ICA,İç Anadolu,Kaman,kaman,kaman-kirsehir,40,005,,,,,,TUR040005,Kırşehir,39.32197187,33.71677519,33.39922658,39.12193484,34.0343238,39.52200889,[],[],33.71677519,39.32197187,EPSG:4326
TR-D-40-006,district,TR-P-40,TR-R-ICA,İç Anadolu,Kırşehir Merkez,kirsehir merkez,kirsehir-merkez-kirsehir,40,006,,,,,,TUR040006,Kırşehir,39.17799507,33.98463441,33.65246286,38.8098825,34.31680595,39.54610764,[],[],33.98463441,39.17799507,EPSG:4326
TR-D-40-007,district,TR-P-40,TR-R-ICA,İç Anadolu,Mucur,mucur,mucur-kirsehir,40,007,,,,,,TUR040007,Kırşehir,39.09171534,34.45754559,34.21015337,38.85139124,34.70493782,39.33203945,[],[],34.45754559,39.09171534,EPSG:4326
TR-D-41-001,district,TR-P-41,TR-R-MAR,Marmara,Başiskele,basiskele,basiskele-kocaeli,41,001,,,,,,TUR041001,Kocaeli,40.64566951,29.95065469,29.8474916,40.52973454,30.05381778,40.76160448,[],[],29.95065469,40.64566951,EPSG:4326
TR-D-41-002,district,TR-P-41,TR-R-MAR,Marmara,Çayırova,cayirova,cayirova-kocaeli,41,002,,,,,,TUR041002,Kocaeli,40.84589684,29.39557316,29.36170633,40.8117055,29.42943999,40.88008819,[],[],29.39557316,40.84589684,EPSG:4326
TR-D-41-003,district,TR-P-41,TR-R-MAR,Marmara,Darıca,darica,darica-kocaeli,41,003,,,,,,TUR041003,Kocaeli,40.77980692,29.37735011,29.33313949,40.75316269,29.42156074,40.80645114,[],[],29.37735011,40.77980692,EPSG:4326
TR-D-41-004,district,TR-P-41,TR-R-MAR,Marmara,Derince,derince,derince-kocaeli,41,004,,,,,,TUR041004,Kocaeli,40.88193729,29.86590165,29.79036296,40.74333895,29.94144033,41.02053563,[],[],29.86590165,40.88193729,EPSG:4326
TR-D-41-005,district,TR-P-41,TR-R-MAR,Marmara,Dilovası,dilovasi,dilovasi-kocaeli,41,005,,,,,,TUR041005,Kocaeli,40.83473301,29.59523548,29.50396945,40.76361788,29.68650152,40.90584814,[],[],29.59523548,40.83473301,EPSG:4326
TR-D-41-006,district,TR-P-41,TR-R-MAR,Marmara,Gebze,gebze,gebze-kocaeli,41,006,,,,,,TUR041006,Kocaeli,40.90464346,29.54651488,29.34003229,40.7650061,29.75299747,41.04428082,[],[],29.54651488,40.90464346,EPSG:4326
TR-D-41-007,district,TR-P-41,TR-R-MAR,Marmara,Gölcük,golcuk,golcuk-kocaeli,41,007,,,,,,TUR041007,Kocaeli,40.65140755,29.79861364,29.68279617,40.57242499,29.9144311,40.73039011,[],[],29.79861364,40.65140755,EPSG:4326
TR-D-41-008,district,TR-P-41,TR-R-MAR,Marmara,İzmit,izmit,izmit-kocaeli,41,008,,,,,,TUR041008,Kocaeli,40.84541944,30.06093067,29.8542014,40.71903543,30.26765994,40.97180346,[],[],30.06093067,40.84541944,EPSG:4326
TR-D-41-009,district,TR-P-41,TR-R-MAR,Marmara,Kandıra,kandira,kandira-kocaeli,41,009,,,,,,TUR041009,Kocaeli,41.04503499,30.10133193,29.8339943,40.87240616,30.36866956,41.21766383,[],[],30.10133193,41.04503499,EPSG:4326
TR-D-41-010,district,TR-P-41,TR-R-MAR,Marmara,Karamürsel,karamursel,karamursel-kocaeli,41,010,,,,,,TUR041010,Kocaeli,40.61456012,29.60182068,29.48192251,40.52369657,29.72171885,40.70542368,[],[],29.60182068,40.61456012,EPSG:4326
TR-D-41-011,district,TR-P-41,TR-R-MAR,Marmara,Kartepe,kartepe,kartepe-kocaeli,41,011,,,,,,TUR041011,Kocaeli,40.68970762,30.12089167,29.9878547,40.5922714,30.25392865,40.78714383,[],[],30.12089167,40.68970762,EPSG:4326
TR-D-41-012,district,TR-P-41,TR-R-MAR,Marmara,Körfez,korfez,korfez-kocaeli,41,012,,,,,,TUR041012,Kocaeli,40.8874299,29.72333581,29.59562058,40.74063301,29.85105105,41.03422679,[],[],29.72333581,40.8874299,EPSG:4326
TR-D-42-001,district,TR-P-42,TR-R-ICA,İç Anadolu,Ahırlı,ahirli,ahirli-konya,42,001,,,,,,TUR042001,Konya,37.28226096,32.10317473,31.93498026,37.11109574,32.27136919,37.45342618,[],[],32.10317473,37.28226096,EPSG:4326
TR-D-42-002,district,TR-P-42,TR-R-ICA,İç Anadolu,Akören,akoren,akoren-konya,42,002,,,,,,TUR042002,Konya,37.40273112,32.38637483,32.19348056,37.25595512,32.57926911,37.54950711,[],[],32.38637483,37.40273112,EPSG:4326
TR-D-42-003,district,TR-P-42,TR-R-ICA,İç Anadolu,Akşehir,aksehir,aksehir-konya,42,003,,,,,,TUR042003,Konya,38.36402033,31.46918588,31.23742666,38.16795523,31.70094509,38.56008543,[],[],31.46918588,38.36402033,EPSG:4326
TR-D-42-004,district,TR-P-42,TR-R-ICA,İç Anadolu,Altınekin,altinekin,altinekin-konya,42,004,,,,,,TUR042004,Konya,38.30827142,32.93187402,32.60426953,38.11301557,33.25947851,38.50352727,[],[],32.93187402,38.30827142,EPSG:4326
TR-D-42-005,district,TR-P-42,TR-R-ICA,İç Anadolu,Beyşehir,beysehir,beysehir-konya,42,005,,,,,,TUR042005,Konya,37.69254498,31.63978241,31.27205856,37.3796719,32.00750626,38.00541806,[],[],31.63978241,37.69254498,EPSG:4326
TR-D-42-006,district,TR-P-42,TR-R-ICA,İç Anadolu,Bozkır,bozkir,bozkir-konya,42,006,,,,,,TUR042006,Konya,37.18140195,32.29811632,31.96952109,36.97116665,32.62671155,37.39163724,[],[],32.29811632,37.18140195,EPSG:4326
TR-D-42-007,district,TR-P-42,TR-R-ICA,İç Anadolu,Cihanbeyli,cihanbeyli,cihanbeyli-konya,42,007,,,,,,TUR042007,Konya,38.70280405,32.8630667,32.36775222,38.36095117,33.35838118,39.04465692,[],[],32.8630667,38.70280405,EPSG:4326
TR-D-42-008,district,TR-P-42,TR-R-ICA,İç Anadolu,Çeltik,celtik,celtik-konya,42,008,,,,,,TUR042008,Konya,39.00023386,31.85941194,31.58968161,38.85374735,32.12914227,39.14672038,[],[],31.85941194,39.00023386,EPSG:4326
TR-D-42-009,district,TR-P-42,TR-R-ICA,İç Anadolu,Çumra,cumra,cumra-konya,42,009,,,,,,TUR042009,Konya,37.52539042,32.78515698,32.38283633,37.24899208,33.18747763,37.80178875,[],[],32.78515698,37.52539042,EPSG:4326
TR-D-42-010,district,TR-P-42,TR-R-ICA,İç Anadolu,Derbent,derbent,derbent-konya,42,010,,,,,,TUR042010,Konya,37.99411147,31.9911514,31.85352483,37.89430452,32.12877796,38.09391841,[],[],31.9911514,37.99411147,EPSG:4326
TR-D-42-011,district,TR-P-42,TR-R-ICA,İç Anadolu,Derebucak,derebucak,derebucak-konya,42,011,,,,,,TUR042011,Konya,37.38241847,31.55822246,31.36239366,37.24524588,31.75405126,37.51959105,[],[],31.55822246,37.38241847,EPSG:4326
TR-D-42-012,district,TR-P-42,TR-R-ICA,İç Anadolu,Doğanhisar,doganhisar,doganhisar-konya,42,012,,,,,,TUR042012,Konya,38.13237282,31.64934326,31.4967304,37.99819683,31.80195613,38.26654881,[],[],31.64934326,38.13237282,EPSG:4326
TR-D-42-013,district,TR-P-42,TR-R-ICA,İç Anadolu,Emirgazi,emirgazi,emirgazi-konya,42,013,,,,,,TUR042013,Konya,37.95592211,33.79120764,33.54936261,37.78323374,34.03305266,38.12861048,[],[],33.79120764,37.95592211,EPSG:4326
TR-D-42-014,district,TR-P-42,TR-R-ICA,İç Anadolu,Ereğli,eregli,eregli-konya,42,014,,,,,,TUR042014,Konya,37.70886458,34.073504,33.74939728,37.35924256,34.39761072,38.0584866,[],[],34.073504,37.70886458,EPSG:4326
TR-D-42-015,district,TR-P-42,TR-R-ICA,İç Anadolu,Güneysınır,guneysinir,guneysinir-konya,42,015,,,,,,TUR042015,Konya,37.2013502,32.70586596,32.59132366,37.02841412,32.82040826,37.37428628,[],[],32.70586596,37.2013502,EPSG:4326
TR-D-42-016,district,TR-P-42,TR-R-ICA,İç Anadolu,Hadim,hadim,hadim-konya,42,016,,,,,,TUR042016,Konya,36.95545541,32.50246391,32.18952733,36.75293427,32.81540049,37.15797655,[],[],32.50246391,36.95545541,EPSG:4326
TR-D-42-017,district,TR-P-42,TR-R-ICA,İç Anadolu,Halkapınar,halkapinar,halkapinar-konya,42,017,,,,,,TUR042017,Konya,37.38791528,34.29757786,34.13074645,37.2499806,34.46440927,37.52584996,[],[],34.29757786,37.38791528,EPSG:4326
TR-D-42-018,district,TR-P-42,TR-R-ICA,İç Anadolu,Hüyük,huyuk,huyuk-konya,42,018,,,,,,TUR042018,Konya,37.92372662,31.57689197,31.36426868,37.79531693,31.78951525,38.05213631,[],[],31.57689197,37.92372662,EPSG:4326
TR-D-42-019,district,TR-P-42,TR-R-ICA,İç Anadolu,Ilgın,ilgin,ilgin-konya,42,019,,,,,,TUR042019,Konya,38.28408703,31.88895078,31.63279757,37.97054063,32.14510399,38.59763342,[],[],31.88895078,38.28408703,EPSG:4326
TR-D-42-020,district,TR-P-42,TR-R-ICA,İç Anadolu,Kadınhanı,kadinhani,kadinhani-konya,42,020,,,,,,TUR042020,Konya,38.48077914,32.17224872,31.96863495,38.10174756,32.3758625,38.85981072,[],[],32.17224872,38.48077914,EPSG:4326
TR-D-42-021,district,TR-P-42,TR-R-ICA,İç Anadolu,Karapınar,karapinar,karapinar-konya,42,021,,,,,,TUR042021,Konya,37.7417714,33.53806739,33.10548022,37.45904391,33.97065456,38.02449888,[],[],33.53806739,37.7417714,EPSG:4326
TR-D-42-022,district,TR-P-42,TR-R-ICA,İç Anadolu,Karatay,karatay,karatay-konya,42,022,,,,,,TUR042022,Konya,37.95776446,32.96037633,32.49270123,37.63951544,33.42805144,38.27601349,[],[],32.96037633,37.95776446,EPSG:4326
TR-D-42-023,district,TR-P-42,TR-R-ICA,İç Anadolu,Kulu,kulu,kulu-konya,42,023,,,,,,TUR042023,Konya,39.0301166,32.99819414,32.60238595,38.75424137,33.39400234,39.30599183,[],[],32.99819414,39.0301166,EPSG:4326
TR-D-42-024,district,TR-P-42,TR-R-ICA,İç Anadolu,Meram,meram,meram-konya,42,024,,,,,,TUR042024,Konya,37.70014851,32.30380493,31.97272734,37.44987149,32.63488252,37.95042553,[],[],32.30380493,37.70014851,EPSG:4326
TR-D-42-025,district,TR-P-42,TR-R-ICA,İç Anadolu,Sarayönü,sarayonu,sarayonu-konya,42,025,,,,,,TUR042025,Konya,38.4792577,32.44781446,32.23561587,38.13141949,32.66001306,38.82709591,[],[],32.44781446,38.4792577,EPSG:4326
TR-D-42-026,district,TR-P-42,TR-R-ICA,İç Anadolu,Selçuklu,selcuklu,selcuklu-konya,42,026,,,,,,TUR042026,Konya,38.08974068,32.53176473,32.07024793,37.87022685,32.99328154,38.3092545,[],[],32.53176473,38.08974068,EPSG:4326
TR-D-42-027,district,TR-P-42,TR-R-ICA,İç Anadolu,Seydişehir,seydisehir,seydisehir-konya,42,027,,,,,,TUR042027,Konya,37.45847085,31.91569973,31.67480722,37.20084188,32.15659224,37.71609982,[],[],31.91569973,37.45847085,EPSG:4326
TR-D-42-028,district,TR-P-42,TR-R-ICA,İç Anadolu,Taşkent,taskent,taskent-konya,42,028,,,,,,TUR042028,Konya,36.88655702,32.59646772,32.39993787,36.80627004,32.79299757,36.966844,[],[],32.59646772,36.88655702,EPSG:4326
TR-D-42-029,district,TR-P-42,TR-R-ICA,İç Anadolu,Tuzlukçu,tuzlukcu,tuzlukcu-konya,42,029,,,,,,TUR042029,Konya,38.50674383,31.64258408,31.46546836,38.3462045,31.81969981,38.66728317,[],[],31.64258408,38.50674383,EPSG:4326
TR-D-42-030,district,TR-P-42,TR-R-ICA,İç Anadolu,Yalıhüyük,yalihuyuk,yalihuyuk-konya,42,030,,,,,,TUR042030,Konya,37.27929353,32.05984805,31.9818583,37.22473905,32.1378378,37.33384802,[],[],32.05984805,37.27929353,EPSG:4326
TR-D-42-031,district,TR-P-42,TR-R-ICA,İç Anadolu,Yunak,yunak,yunak-konya,42,031,,,,,,TUR042031,Konya,38.75036358,31.96314527,31.48180442,38.46624501,32.44448612,39.03448215,[],[],31.96314527,38.75036358,EPSG:4326
TR-D-43-001,district,TR-P-43,TR-R-EGE,Ege,Altıntaş,altintas,altintas-kutahya,43,001,,,,,,TUR043001,Kütahya,39.04904056,30.02362168,29.78077696,38.8896532,30.26646639,39.20842792,[],[],30.02362168,39.04904056,EPSG:4326
TR-D-43-002,district,TR-P-43,TR-R-EGE,Ege,Aslanapa,aslanapa,aslanapa-kutahya,43,002,,,,,,TUR043002,Kütahya,39.20007674,29.86539656,29.67415336,39.00003913,30.05663976,39.40011435,[],[],29.86539656,39.20007674,EPSG:4326
TR-D-43-003,district,TR-P-43,TR-R-EGE,Ege,Çavdarhisar,cavdarhisar,cavdarhisar-kutahya,43,003,,,,,,TUR043003,Kütahya,39.23842296,29.59961627,29.44253799,39.10450654,29.75669454,39.37233938,[],[],29.59961627,39.23842296,EPSG:4326
TR-D-43-004,district,TR-P-43,TR-R-EGE,Ege,Domaniç,domanic,domanic-kutahya,43,004,,,,,,TUR043004,Kütahya,39.77067212,29.56776711,29.3627055,39.66643374,29.77282871,39.8749105,[],[],29.56776711,39.77067212,EPSG:4326
TR-D-43-005,district,TR-P-43,TR-R-EGE,Ege,Dumlupınar,dumlupinar,dumlupinar-kutahya,43,005,,,,,,TUR043005,Kütahya,38.90937182,30.00859846,29.80809157,38.80558584,30.20910535,39.0131578,[],[],30.00859846,38.90937182,EPSG:4326
TR-D-43-006,district,TR-P-43,TR-R-EGE,Ege,Emet,emet,emet-kutahya,43,006,,,,,,TUR043006,Kütahya,39.35311419,29.33792904,29.02732054,39.18642596,29.64853753,39.51980242,[],[],29.33792904,39.35311419,EPSG:4326
TR-D-43-007,district,TR-P-43,TR-R-EGE,Ege,Gediz,gediz,gediz-kutahya,43,007,,,,,,TUR043007,Kütahya,38.98936615,29.5099718,29.1740816,38.79115632,29.845862,39.18757599,[],[],29.5099718,38.98936615,EPSG:4326
TR-D-43-008,district,TR-P-43,TR-R-EGE,Ege,Hisarcık,hisarcik,hisarcik-kutahya,43,008,,,,,,TUR043008,Kütahya,39.20737721,29.24116996,29.03977038,39.13353538,29.44256953,39.28121903,[],[],29.24116996,39.20737721,EPSG:4326
TR-D-43-009,district,TR-P-43,TR-R-EGE,Ege,Kütahya Merkez,kutahya merkez,kutahya-merkez-kutahya,43,009,,,,,,TUR043009,Kütahya,39.41922687,30.09389744,29.72427029,39.11475141,30.46352458,39.72370234,[],[],30.09389744,39.41922687,EPSG:4326
TR-D-43-010,district,TR-P-43,TR-R-EGE,Ege,Pazarlar,pazarlar,pazarlar-kutahya,43,010,,,,,,TUR043010,Kütahya,38.96872754,29.11577045,29.03263598,38.8751347,29.19890493,39.06232039,[],[],29.11577045,38.96872754,EPSG:4326
TR-D-43-011,district,TR-P-43,TR-R-EGE,Ege,Simav,simav,simav-kutahya,43,011,,,,,,TUR043011,Kütahya,39.19722789,28.91961552,28.60524956,38.8555405,29.23398147,39.53891528,[],[],28.91961552,39.19722789,EPSG:4326
TR-D-43-012,district,TR-P-43,TR-R-EGE,Ege,Şaphane,saphane,saphane-kutahya,43,012,,,,,,TUR043012,Kütahya,38.97471282,29.19275633,29.08290686,38.83925204,29.30260579,39.11017359,[],[],29.19275633,38.97471282,EPSG:4326
TR-D-43-013,district,TR-P-43,TR-R-EGE,Ege,Tavşanlı,tavsanli,tavsanli-kutahya,43,013,,,,,,TUR043013,Kütahya,39.56770183,29.38447452,28.94464451,39.35391133,29.82430453,39.78149233,[],[],29.38447452,39.56770183,EPSG:4326
TR-D-44-001,district,TR-P-44,TR-R-DOA,Doğu Anadolu,Akçadağ,akcadag,akcadag-malatya,44,001,,,,,,TUR044001,Malatya,38.36900051,37.88076039,37.58492838,38.20897134,38.17659239,38.52902967,[],[],37.88076039,38.36900051,EPSG:4326
TR-D-44-002,district,TR-P-44,TR-R-DOA,Doğu Anadolu,Arapgir,arapgir,arapgir-malatya,44,002,,,,,,TUR044002,Malatya,38.94362857,38.43255552,38.19571104,38.74446485,38.6694,39.14279229,[],[],38.43255552,38.94362857,EPSG:4326
TR-D-44-003,district,TR-P-44,TR-R-DOA,Doğu Anadolu,Arguvan,arguvan,arguvan-malatya,44,003,,,,,,TUR044003,Malatya,38.85355949,38.28239496,38.08339165,38.60737368,38.48139826,39.09974529,[],[],38.28239496,38.85355949,EPSG:4326
TR-D-44-004,district,TR-P-44,TR-R-DOA,Doğu Anadolu,Battalgazi,battalgazi,battalgazi-malatya,44,004,,,,,,TUR044004,Malatya,38.31750356,38.50837403,38.27594871,38.12780439,38.74079935,38.50720274,[],[],38.50837403,38.31750356,EPSG:4326
TR-D-44-005,district,TR-P-44,TR-R-DOA,Doğu Anadolu,Darende,darende,darende-malatya,44,005,,,,,,TUR044005,Malatya,38.57980773,37.60149523,37.26435661,38.33275812,37.93863384,38.82685733,[],[],37.60149523,38.57980773,EPSG:4326
TR-D-44-006,district,TR-P-44,TR-R-DOA,Doğu Anadolu,Doğanşehir,dogansehir,dogansehir-malatya,44,006,,,,,,TUR044006,Malatya,38.06580897,37.8730978,37.57692119,37.88660383,38.16927441,38.2450141,[],[],37.8730978,38.06580897,EPSG:4326
TR-D-44-007,district,TR-P-44,TR-R-DOA,Doğu Anadolu,Doğanyol,doganyol,doganyol-malatya,44,007,,,,,,TUR044007,Malatya,38.28085423,39.03228366,38.91010544,38.21400077,39.15446187,38.34770769,[],[],39.03228366,38.28085423,EPSG:4326
TR-D-44-008,district,TR-P-44,TR-R-DOA,Doğu Anadolu,Hekimhan,hekimhan,hekimhan-malatya,44,008,,,,,,TUR044008,Malatya,38.83690096,37.93303528,37.69211559,38.57200514,38.17395497,39.10179677,[],[],37.93303528,38.83690096,EPSG:4326
TR-D-44-009,district,TR-P-44,TR-R-DOA,Doğu Anadolu,Kale,kale,kale-malatya,44,009,,,,,,TUR044009,Malatya,38.37119886,38.80296516,38.63544432,38.30042227,38.970486,38.44197545,[],[],38.80296516,38.37119886,EPSG:4326
TR-D-44-010,district,TR-P-44,TR-R-DOA,Doğu Anadolu,Kuluncak,kuluncak,kuluncak-malatya,44,010,,,,,,TUR044010,Malatya,38.85453177,37.65869895,37.48648124,38.66515709,37.83091666,39.04390645,[],[],37.65869895,38.85453177,EPSG:4326
TR-D-44-011,district,TR-P-44,TR-R-DOA,Doğu Anadolu,Pütürge,puturge,puturge-malatya,44,011,,,,,,TUR044011,Malatya,38.17005936,38.87365743,38.57999997,37.97481457,39.16731488,38.36530415,[],[],38.87365743,38.17005936,EPSG:4326
TR-D-44-012,district,TR-P-44,TR-R-DOA,Doğu Anadolu,Yazıhan,yazihan,yazihan-malatya,44,012,,,,,,TUR044012,Malatya,38.60249398,38.15208057,37.90107913,38.48469097,38.40308201,38.72029698,[],[],38.15208057,38.60249398,EPSG:4326
TR-D-44-013,district,TR-P-44,TR-R-DOA,Doğu Anadolu,Yeşilyurt,yesilyurt,yesilyurt-malatya,44,013,,,,,,TUR044013,Malatya,38.30923542,38.2207056,37.98549026,38.09345821,38.45592095,38.52501263,[],[],38.2207056,38.30923542,EPSG:4326
TR-D-45-001,district,TR-P-45,TR-R-EGE,Ege,Ahmetli,ahmetli,ahmetli-manisa,45,001,,,,,,TUR045001,Manisa,38.5208868,27.89994872,27.80070712,38.4131685,27.99919032,38.6286051,[],[],27.89994872,38.5208868,EPSG:4326
TR-D-45-002,district,TR-P-45,TR-R-EGE,Ege,Akhisar,akhisar,akhisar-manisa,45,002,,,,,,TUR045002,Manisa,38.97795731,27.82560736,27.46443182,38.7470156,28.1867829,39.20889903,[],[],27.82560736,38.97795731,EPSG:4326
TR-D-45-003,district,TR-P-45,TR-R-EGE,Ege,Alaşehir,alasehir,alasehir-manisa,45,003,,,,,,TUR045003,Manisa,38.32506427,28.50235387,28.21069682,38.10390607,28.79401093,38.54622247,[],[],28.50235387,38.32506427,EPSG:4326
TR-D-45-004,district,TR-P-45,TR-R-EGE,Ege,Demirci,demirci,demirci-manisa,45,004,,,,,,TUR045004,Manisa,38.96099169,28.67440215,28.3991999,38.73544685,28.9496044,39.18653653,[],[],28.67440215,38.96099169,EPSG:4326
TR-D-45-005,district,TR-P-45,TR-R-EGE,Ege,Gölmarmara,golmarmara,golmarmara-manisa,45,005,,,,,,TUR045005,Manisa,38.68360793,27.95553461,27.80586515,38.59109878,28.10520408,38.77611709,[],[],27.95553461,38.68360793,EPSG:4326
TR-D-45-006,district,TR-P-45,TR-R-EGE,Ege,Gördes,gordes,gordes-manisa,45,006,,,,,,TUR045006,Manisa,38.95480175,28.25907359,27.98874206,38.75946044,28.52940512,39.15014306,[],[],28.25907359,38.95480175,EPSG:4326
TR-D-45-007,district,TR-P-45,TR-R-EGE,Ege,Kırkağaç,kirkagac,kirkagac-manisa,45,007,,,,,,TUR045007,Manisa,39.19678151,27.79986627,27.61813154,39.02674483,27.98160101,39.36681819,[],[],27.79986627,39.19678151,EPSG:4326
TR-D-45-008,district,TR-P-45,TR-R-EGE,Ege,Köprübaşı,koprubasi,koprubasi-manisa,45,008,,,,,,TUR045008,Manisa,38.76392541,28.4098156,28.21427734,38.64417282,28.60535386,38.88367799,[],[],28.4098156,38.76392541,EPSG:4326
TR-D-45-009,district,TR-P-45,TR-R-EGE,Ege,Kula,kula,kula-manisa,45,009,,,,,,TUR045009,Manisa,38.55820708,28.62003917,28.39438156,38.37331881,28.84569677,38.74309535,[],[],28.62003917,38.55820708,EPSG:4326
TR-D-45-010,district,TR-P-45,TR-R-EGE,Ege,Salihli,salihli,salihli-manisa,45,010,,,,,,TUR045010,Manisa,38.54318024,28.19293737,27.90986424,38.31325365,28.4760105,38.77310682,[],[],28.19293737,38.54318024,EPSG:4326
TR-D-45-011,district,TR-P-45,TR-R-EGE,Ege,Sarıgöl,sarigol,sarigol-manisa,45,011,,,,,,TUR045011,Manisa,38.21357622,28.72014887,28.5474327,38.08511027,28.89286504,38.34204218,[],[],28.72014887,38.21357622,EPSG:4326
TR-D-45-012,district,TR-P-45,TR-R-EGE,Ege,Saruhanlı,saruhanli,saruhanli-manisa,45,012,,,,,,TUR045012,Manisa,38.77472422,27.69173189,27.42013512,38.5841558,27.96332865,38.96529264,[],[],27.69173189,38.77472422,EPSG:4326
TR-D-45-013,district,TR-P-45,TR-R-EGE,Ege,Selendi,selendi,selendi-manisa,45,013,,,,,,TUR045013,Manisa,38.79610932,28.86753919,28.62204272,38.65859619,29.11303566,38.93362245,[],[],28.86753919,38.79610932,EPSG:4326
TR-D-45-014,district,TR-P-45,TR-R-EGE,Ege,Soma,soma,soma-manisa,45,014,,,,,,TUR045014,Manisa,39.23293104,27.60080401,27.40005007,39.04213457,27.80155795,39.42372751,[],[],27.60080401,39.23293104,EPSG:4326
TR-D-45-015,district,TR-P-45,TR-R-EGE,Ege,Şehzadeler,sehzadeler,sehzadeler-manisa,45,015,,,,,,TUR045015,Manisa,38.67082078,27.51543851,27.37583166,38.4536177,27.65504536,38.88802386,[],[],27.51543851,38.67082078,EPSG:4326
TR-D-45-016,district,TR-P-45,TR-R-EGE,Ege,Turgutlu,turgutlu,turgutlu-manisa,45,016,,,,,,TUR045016,Manisa,38.4693017,27.76281916,27.61614524,38.30560307,27.90949308,38.63300034,[],[],27.76281916,38.4693017,EPSG:4326
TR-D-45-017,district,TR-P-45,TR-R-EGE,Ege,Yunusemre,yunusemre,yunusemre-manisa,45,017,,,,,,TUR045017,Manisa,38.74265204,27.27298756,27.11207313,38.53405723,27.43390198,38.95124685,[],[],27.27298756,38.74265204,EPSG:4326
TR-D-46-001,district,TR-P-46,TR-R-AKD,Akdeniz,Afşin,afsin,afsin-kahramanmaras,46,001,,,,,,TUR046001,Kahramanmaraş,38.35482454,36.82932472,36.56546273,38.11632091,37.09318672,38.59332818,[],[],36.82932472,38.35482454,EPSG:4326
TR-D-46-002,district,TR-P-46,TR-R-AKD,Akdeniz,Andırın,andirin,andirin-kahramanmaras,46,002,,,,,,TUR046002,Kahramanmaraş,37.5836181,36.37572538,36.20718016,37.31798709,36.54427061,37.8492491,[],[],36.37572538,37.5836181,EPSG:4326
TR-D-46-003,district,TR-P-46,TR-R-AKD,Akdeniz,Çağlayancerit,caglayancerit,caglayancerit-kahramanmaras,46,003,,,,,,TUR046003,Kahramanmaraş,37.78278477,37.32397886,37.12204238,37.64414172,37.52591534,37.92142783,[],[],37.32397886,37.78278477,EPSG:4326
TR-D-46-004,district,TR-P-46,TR-R-AKD,Akdeniz,Dulkadiroğlu,dulkadiroglu,dulkadiroglu-kahramanmaras,46,004,,,,,,TUR046004,Kahramanmaraş,37.6130483,37.08561063,36.8922345,37.34001631,37.27898676,37.88608029,[],[],37.08561063,37.6130483,EPSG:4326
TR-D-46-005,district,TR-P-46,TR-R-AKD,Akdeniz,Ekinözü,ekinozu,ekinozu-kahramanmaras,46,005,,,,,,TUR046005,Kahramanmaraş,38.00494662,37.11964479,36.95000221,37.87012645,37.28928736,38.13976679,[],[],37.11964479,38.00494662,EPSG:4326
TR-D-46-006,district,TR-P-46,TR-R-AKD,Akdeniz,Elbistan,elbistan,elbistan-kahramanmaras,46,006,,,,,,TUR046006,Kahramanmaraş,38.3187422,37.37407545,36.99562367,38.02763833,37.75252722,38.60984608,[],[],37.37407545,38.3187422,EPSG:4326
TR-D-46-007,district,TR-P-46,TR-R-AKD,Akdeniz,Göksun,goksun,goksun-kahramanmaras,46,007,,,,,,TUR046007,Kahramanmaraş,38.06603901,36.60435449,36.20151294,37.81911918,37.00719604,38.31295884,[],[],36.60435449,38.06603901,EPSG:4326
TR-D-46-008,district,TR-P-46,TR-R-AKD,Akdeniz,Nurhak,nurhak,nurhak-kahramanmaras,46,008,,,,,,TUR046008,Kahramanmaraş,37.9767044,37.41999248,37.22405029,37.83651844,37.61593466,38.11689036,[],[],37.41999248,37.9767044,EPSG:4326
TR-D-46-009,district,TR-P-46,TR-R-AKD,Akdeniz,Onikişubat,onikisubat,onikisubat-kahramanmaras,46,009,,,,,,TUR046009,Kahramanmaraş,37.687435,36.76418827,36.45984044,37.36499628,37.06853609,38.00987371,[],[],36.76418827,37.687435,EPSG:4326
TR-D-46-010,district,TR-P-46,TR-R-AKD,Akdeniz,Pazarcık,pazarcik,pazarcik-kahramanmaras,46,010,,,,,,TUR046010,Kahramanmaraş,37.44060444,37.28035122,36.96834602,37.19887389,37.59235642,37.68233499,[],[],37.28035122,37.44060444,EPSG:4326
TR-D-46-011,district,TR-P-46,TR-R-AKD,Akdeniz,Türkoğlu,turkoglu,turkoglu-kahramanmaras,46,011,,,,,,TUR046011,Kahramanmaraş,37.3510508,36.83438559,36.61881257,37.21837303,37.04995861,37.48372858,[],[],36.83438559,37.3510508,EPSG:4326
TR-D-47-001,district,TR-P-47,TR-R-GDA,Güneydoğu Anadolu,Artuklu,artuklu,artuklu-mardin,47,001,,,,,,TUR047001,Mardin,37.33596941,40.79776321,40.51295738,37.10630445,41.08256903,37.56563436,[],[],40.79776321,37.33596941,EPSG:4326
TR-D-47-002,district,TR-P-47,TR-R-GDA,Güneydoğu Anadolu,Dargeçit,dargecit,dargecit-mardin,47,002,,,,,,TUR047002,Mardin,37.54660477,41.72337085,41.55027251,37.39910316,41.8964692,37.69410638,[],[],41.72337085,37.54660477,EPSG:4326
TR-D-47-003,district,TR-P-47,TR-R-GDA,Güneydoğu Anadolu,Derik,derik,derik-mardin,47,003,,,,,,TUR047003,Mardin,37.3343194,40.15706448,39.87499988,37.07427956,40.43912908,37.59435923,[],[],40.15706448,37.3343194,EPSG:4326
TR-D-47-004,district,TR-P-47,TR-R-GDA,Güneydoğu Anadolu,Kızıltepe,kiziltepe,kiziltepe-mardin,47,004,,,,,,TUR047004,Mardin,37.12327357,40.44183881,40.14861915,36.91146526,40.73505848,37.33508189,[],[],40.44183881,37.12327357,EPSG:4326
TR-D-47-005,district,TR-P-47,TR-R-GDA,Güneydoğu Anadolu,Mazıdağı,mazidagi,mazidagi-mardin,47,005,,,,,,TUR047005,Mardin,37.46533773,40.42027545,40.17552316,37.30684133,40.66502774,37.62383413,[],[],40.42027545,37.46533773,EPSG:4326
TR-D-47-006,district,TR-P-47,TR-R-GDA,Güneydoğu Anadolu,Midyat,midyat,midyat-mardin,47,006,,,,,,TUR047006,Mardin,37.36994519,41.38756384,41.06375178,37.17586604,41.7113759,37.56402434,[],[],41.38756384,37.36994519,EPSG:4326
TR-D-47-007,district,TR-P-47,TR-R-GDA,Güneydoğu Anadolu,Nusaybin,nusaybin,nusaybin-mardin,47,007,,,,,,TUR047007,Mardin,37.20165696,41.32780417,40.97345646,37.06250488,41.68215188,37.34080903,[],[],41.32780417,37.20165696,EPSG:4326
TR-D-47-008,district,TR-P-47,TR-R-GDA,Güneydoğu Anadolu,Ömerli,omerli,omerli-mardin,47,008,,,,,,TUR047008,Mardin,37.37414193,41.01079865,40.84118528,37.26210855,41.18041202,37.48617532,[],[],41.01079865,37.37414193,EPSG:4326
TR-D-47-009,district,TR-P-47,TR-R-GDA,Güneydoğu Anadolu,Savur,savur,savur-mardin,47,009,,,,,,TUR047009,Mardin,37.58887958,40.8728013,40.61511246,37.43700015,41.13049013,37.74075901,[],[],40.8728013,37.58887958,EPSG:4326
TR-D-47-010,district,TR-P-47,TR-R-GDA,Güneydoğu Anadolu,Yeşilli,yesilli,yesilli-mardin,47,010,,,,,,TUR047010,Mardin,37.31899091,40.87520587,40.78856792,37.19097476,40.96184382,37.44700706,[],[],40.87520587,37.31899091,EPSG:4326
TR-D-48-001,district,TR-P-48,TR-R-EGE,Ege,Bodrum,bodrum,bodrum-mugla,48,001,,,,,,TUR048001,Muğla,37.06787098,27.46919052,27.14430855,36.95064284,27.79407249,37.18509912,[],[],27.46919052,37.06787098,EPSG:4326
TR-D-48-002,district,TR-P-48,TR-R-EGE,Ege,Dalaman,dalaman,dalaman-mugla,48,002,,,,,,TUR048002,Muğla,36.81731551,28.94196838,28.72559839,36.58863922,29.15833838,37.04599181,[],[],28.94196838,36.81731551,EPSG:4326
TR-D-48-003,district,TR-P-48,TR-R-EGE,Ege,Datça,datca,datca-mugla,48,003,,,,,,TUR048003,Muğla,36.7303094,27.70121296,27.3614514,36.6473096,28.04097453,36.81330921,[],[],27.70121296,36.7303094,EPSG:4326
TR-D-48-004,district,TR-P-48,TR-R-EGE,Ege,Fethiye,fethiye,fethiye-mugla,48,004,,,,,,TUR048004,Muğla,36.66933071,29.24541133,28.88198562,36.43438864,29.60883704,36.90427277,[],[],29.24541133,36.66933071,EPSG:4326
TR-D-48-005,district,TR-P-48,TR-R-EGE,Ege,Kavaklıdere,kavaklidere,kavaklidere-mugla,48,005,,,,,,TUR048005,Muğla,37.46347599,28.35755061,28.20387723,37.33130969,28.51122399,37.59564228,[],[],28.35755061,37.46347599,EPSG:4326
TR-D-48-006,district,TR-P-48,TR-R-EGE,Ege,Köyceğiz,koycegiz,koycegiz-mugla,48,006,,,,,,TUR048006,Muğla,36.96307842,28.74337479,28.4165229,36.78541051,29.07022668,37.14074633,[],[],28.74337479,36.96307842,EPSG:4326
TR-D-48-007,district,TR-P-48,TR-R-EGE,Ege,Marmaris,marmaris,marmaris-mugla,48,007,,,,,,TUR048007,Muğla,36.78833358,28.20667616,27.95629877,36.55342821,28.45705356,37.02323895,[],[],28.20667616,36.78833358,EPSG:4326
TR-D-48-008,district,TR-P-48,TR-R-EGE,Ege,Menteşe,mentese,mentese-mugla,48,008,,,,,,TUR048008,Muğla,37.25671634,28.410206,28.01488551,37.01248912,28.80552649,37.50094356,[],[],28.410206,37.25671634,EPSG:4326
TR-D-48-009,district,TR-P-48,TR-R-EGE,Ege,Milas,milas,milas-mugla,48,009,,,,,,TUR048009,Muğla,37.2646193,27.72499236,27.3634641,36.9915795,28.08652063,37.53765911,[],[],27.72499236,37.2646193,EPSG:4326
TR-D-48-010,district,TR-P-48,TR-R-EGE,Ege,Ortaca,ortaca,ortaca-mugla,48,010,,,,,,TUR048010,Muğla,36.79555439,28.71586697,28.60289195,36.69128824,28.82884199,36.89982055,[],[],28.71586697,36.79555439,EPSG:4326
TR-D-48-011,district,TR-P-48,TR-R-EGE,Ege,Seydikemer,seydikemer,seydikemer-mugla,48,011,,,,,,TUR048011,Muğla,36.64598537,29.44327982,29.0995064,36.29219042,29.78705323,36.99978032,[],[],29.44327982,36.64598537,EPSG:4326
TR-D-48-012,district,TR-P-48,TR-R-EGE,Ege,Ula,ula,ula-mugla,48,012,,,,,,TUR048012,Muğla,37.06549607,28.52891973,28.2974771,36.94642047,28.76036237,37.18457167,[],[],28.52891973,37.06549607,EPSG:4326
TR-D-48-013,district,TR-P-48,TR-R-EGE,Ege,Yatağan,yatagan,yatagan-mugla,48,013,,,,,,TUR048013,Muğla,37.32714264,28.13681469,27.9208718,37.16489833,28.35275757,37.48938694,[],[],28.13681469,37.32714264,EPSG:4326
TR-D-49-001,district,TR-P-49,TR-R-DOA,Doğu Anadolu,Bulanık,bulanik,bulanik-mus,49,001,,,,,,TUR049001,Muş,39.08706367,42.1474365,41.78619621,38.83324087,42.50867679,39.34088646,[],[],42.1474365,39.08706367,EPSG:4326
TR-D-49-002,district,TR-P-49,TR-R-DOA,Doğu Anadolu,Hasköy,haskoy,haskoy-mus,49,002,,,,,,TUR049002,Muş,38.65478798,41.78102446,41.60348134,38.57510543,41.95856757,38.73447052,[],[],41.78102446,38.65478798,EPSG:4326
TR-D-49-003,district,TR-P-49,TR-R-DOA,Doğu Anadolu,Korkut,korkut,korkut-mus,49,003,,,,,,TUR049003,Muş,38.7698215,41.90814004,41.69668345,38.635279,42.11959663,38.904364,[],[],41.90814004,38.7698215,EPSG:4326
TR-D-49-004,district,TR-P-49,TR-R-DOA,Doğu Anadolu,Malazgirt,malazgirt,malazgirt-mus,49,004,,,,,,TUR049004,Muş,39.22963216,42.4477587,42.18258567,38.91855398,42.71293172,39.54071034,[],[],42.4477587,39.22963216,EPSG:4326
TR-D-49-005,district,TR-P-49,TR-R-DOA,Doğu Anadolu,Muş Merkez,mus merkez,mus-merkez-mus,49,005,,,,,,TUR049005,Muş,38.7811019,41.50478332,41.10376399,38.49235312,41.90580266,39.06985068,[],[],41.50478332,38.7811019,EPSG:4326
TR-D-49-006,district,TR-P-49,TR-R-DOA,Doğu Anadolu,Varto,varto,varto-mus,49,006,,,,,,TUR049006,Muş,39.19802859,41.51504527,41.13357804,39.02621681,41.8965125,39.36984036,[],[],41.51504527,39.19802859,EPSG:4326
TR-D-50-001,district,TR-P-50,TR-R-ICA,İç Anadolu,Acıgöl,acigol,acigol-nevsehir,50,001,,,,,,TUR050001,Nevşehir,38.53752823,34.48186825,34.34206405,38.38330247,34.62167245,38.69175398,[],[],34.48186825,38.53752823,EPSG:4326
TR-D-50-002,district,TR-P-50,TR-R-ICA,İç Anadolu,Avanos,avanos,avanos-nevsehir,50,002,,,,,,TUR050002,Nevşehir,38.8691249,34.88098529,34.68276983,38.64988359,35.07920075,39.08836622,[],[],34.88098529,38.8691249,EPSG:4326
TR-D-50-003,district,TR-P-50,TR-R-ICA,İç Anadolu,Derinkuyu,derinkuyu,derinkuyu-nevsehir,50,003,,,,,,TUR050003,Nevşehir,38.398888,34.69440819,34.50756264,38.28259089,34.88125374,38.51518511,[],[],34.69440819,38.398888,EPSG:4326
TR-D-50-004,district,TR-P-50,TR-R-ICA,İç Anadolu,Gülşehir,gulsehir,gulsehir-nevsehir,50,004,,,,,,TUR050004,Nevşehir,38.76382234,34.48827046,34.23757367,38.59148118,34.73896726,38.9361635,[],[],34.48827046,38.76382234,EPSG:4326
TR-D-50-005,district,TR-P-50,TR-R-ICA,İç Anadolu,Hacıbektaş,hacibektas,hacibektas-nevsehir,50,005,,,,,,TUR050005,Nevşehir,39.00319333,34.61767366,34.40711983,38.84106676,34.8282275,39.1653199,[],[],34.61767366,39.00319333,EPSG:4326
TR-D-50-006,district,TR-P-50,TR-R-ICA,İç Anadolu,Kozaklı,kozakli,kozakli-nevsehir,50,006,,,,,,TUR050006,Nevşehir,39.21271253,34.79968125,34.58286042,39.04297698,35.01650208,39.38244809,[],[],34.79968125,39.21271253,EPSG:4326
TR-D-50-007,district,TR-P-50,TR-R-ICA,İç Anadolu,Nevşehir Merkez,nevsehir merkez,nevsehir-merkez-nevsehir,50,007,,,,,,TUR050007,Nevşehir,38.58860458,34.64025912,34.42939458,38.42224865,34.85112366,38.75496052,[],[],34.64025912,38.58860458,EPSG:4326
TR-D-50-008,district,TR-P-50,TR-R-ICA,İç Anadolu,Ürgüp,urgup,urgup-nevsehir,50,008,,,,,,TUR050008,Nevşehir,38.59380773,34.98134993,34.79629919,38.41425627,35.16640068,38.77335919,[],[],34.98134993,38.59380773,EPSG:4326
TR-D-51-001,district,TR-P-51,TR-R-ICA,İç Anadolu,Altunhisar,altunhisar,altunhisar-nigde,51,001,,,,,,TUR051001,Niğde,38.022318,34.25151882,34.05512199,37.91715895,34.44791565,38.12747705,[],[],34.25151882,38.022318,EPSG:4326
TR-D-51-002,district,TR-P-51,TR-R-ICA,İç Anadolu,Bor,bor,bor-nigde,51,002,,,,,,TUR051002,Niğde,37.8759179,34.41414964,33.9597188,37.66509249,34.86858049,38.0867433,[],[],34.41414964,37.8759179,EPSG:4326
TR-D-51-003,district,TR-P-51,TR-R-ICA,İç Anadolu,Çamardı,camardi,camardi-nigde,51,003,,,,,,TUR051003,Niğde,37.84862822,35.06721968,34.80627011,37.64965292,35.32816926,38.04760351,[],[],35.06721968,37.84862822,EPSG:4326
TR-D-51-004,district,TR-P-51,TR-R-ICA,İç Anadolu,Çiftlik,ciftlik,ciftlik-nigde,51,004,,,,,,TUR051004,Niğde,38.17631241,34.45675076,34.26769943,38.04835233,34.64580208,38.30427249,[],[],34.45675076,38.17631241,EPSG:4326
TR-D-51-005,district,TR-P-51,TR-R-ICA,İç Anadolu,Niğde Merkez,nigde merkez,nigde-merkez-nigde,51,005,,,,,,TUR051005,Niğde,38.12476827,34.82789565,34.41889033,37.85964784,35.23690097,38.3898887,[],[],34.82789565,38.12476827,EPSG:4326
TR-D-51-006,district,TR-P-51,TR-R-ICA,İç Anadolu,Ulukışla,ulukisla,ulukisla-nigde,51,006,,,,,,TUR051006,Niğde,37.55277381,34.57239711,34.27689225,37.37423475,34.86790197,37.73131288,[],[],34.57239711,37.55277381,EPSG:4326
TR-D-52-001,district,TR-P-52,TR-R-KAR,Karadeniz,Akkuş,akkus,akkus-ordu,52,001,,,,,,TUR052001,Ordu,40.81455012,36.92607541,36.68148586,40.66975539,37.17066496,40.95934486,[],[],36.92607541,40.81455012,EPSG:4326
TR-D-52-002,district,TR-P-52,TR-R-KAR,Karadeniz,Altınordu,altinordu,altinordu-ordu,52,002,,,,,,TUR052002,Ordu,40.89205028,37.85951694,37.67367319,40.76338184,38.04536069,41.02071873,[],[],37.85951694,40.89205028,EPSG:4326
TR-D-52-003,district,TR-P-52,TR-R-KAR,Karadeniz,Aybastı,aybasti,aybasti-ordu,52,003,,,,,,TUR052003,Ordu,40.64461982,37.37475344,37.26870708,40.54403822,37.48079981,40.74520143,[],[],37.37475344,40.64461982,EPSG:4326
TR-D-52-004,district,TR-P-52,TR-R-KAR,Karadeniz,Çamaş,camas,camas-ordu,52,004,,,,,,TUR052004,Ordu,40.89405856,37.52802841,37.46956871,40.82805042,37.58648812,40.96006669,[],[],37.52802841,40.89405856,EPSG:4326
TR-D-52-005,district,TR-P-52,TR-R-KAR,Karadeniz,Çatalpınar,catalpinar,catalpinar-ordu,52,005,,,,,,TUR052005,Ordu,40.85090741,37.44917498,37.39092817,40.76860828,37.5074218,40.93320654,[],[],37.44917498,40.85090741,EPSG:4326
TR-D-52-006,district,TR-P-52,TR-R-KAR,Karadeniz,Çaybaşı,caybasi,caybasi-ordu,52,006,,,,,,TUR052006,Ordu,40.97493789,37.03836028,36.94997685,40.88675845,37.1267437,41.06311733,[],[],37.03836028,40.97493789,EPSG:4326
TR-D-52-007,district,TR-P-52,TR-R-KAR,Karadeniz,Fatsa,fatsa,fatsa-ordu,52,007,,,,,,TUR052007,Ordu,40.96673421,37.48475147,37.29152446,40.8566492,37.67797848,41.07681922,[],[],37.48475147,40.96673421,EPSG:4326
TR-D-52-008,district,TR-P-52,TR-R-KAR,Karadeniz,Gölköy,golkoy,golkoy-ordu,52,008,,,,,,TUR052008,Ordu,40.65822175,37.60738914,37.45215532,40.53214305,37.76262297,40.78430044,[],[],37.60738914,40.65822175,EPSG:4326
TR-D-52-009,district,TR-P-52,TR-R-KAR,Karadeniz,Gülyalı,gulyali,gulyali-ordu,52,009,,,,,,TUR052009,Ordu,40.93732612,38.04326583,37.97020386,40.89306137,38.1163278,40.98159088,[],[],38.04326583,40.93732612,EPSG:4326
TR-D-52-010,district,TR-P-52,TR-R-KAR,Karadeniz,Gürgentepe,gurgentepe,gurgentepe-ordu,52,010,,,,,,TUR052010,Ordu,40.8284355,37.57000238,37.45527741,40.74019837,37.68472736,40.91667262,[],[],37.57000238,40.8284355,EPSG:4326
TR-D-52-011,district,TR-P-52,TR-R-KAR,Karadeniz,İkizce,ikizce,ikizce-ordu,52,011,,,,,,TUR052011,Ordu,41.00352186,37.02240775,36.91243904,40.88746705,37.13237646,41.11957666,[],[],37.02240775,41.00352186,EPSG:4326
TR-D-52-012,district,TR-P-52,TR-R-KAR,Karadeniz,Kabadüz,kabaduz,kabaduz-ordu,52,012,,,,,,TUR052012,Ordu,40.70068225,37.96164936,37.82294455,40.50945837,38.10035417,40.89190613,[],[],37.96164936,40.70068225,EPSG:4326
TR-D-52-013,district,TR-P-52,TR-R-KAR,Karadeniz,Kabataş,kabatas,kabatas-ordu,52,013,,,,,,TUR052013,Ordu,40.73254461,37.40796461,37.2987598,40.66989186,37.51716942,40.79519736,[],[],37.40796461,40.73254461,EPSG:4326
TR-D-52-014,district,TR-P-52,TR-R-KAR,Karadeniz,Korgan,korgan,korgan-ordu,52,014,,,,,,TUR052014,Ordu,40.7377371,37.30490002,37.178724,40.60821283,37.43107603,40.86726137,[],[],37.30490002,40.7377371,EPSG:4326
TR-D-52-015,district,TR-P-52,TR-R-KAR,Karadeniz,Kumru,kumru,kumru-ordu,52,015,,,,,,TUR052015,Ordu,40.84700385,37.24225087,37.11501975,40.70706979,37.369482,40.98693792,[],[],37.24225087,40.84700385,EPSG:4326
TR-D-52-016,district,TR-P-52,TR-R-KAR,Karadeniz,Mesudiye,mesudiye,mesudiye-ordu,52,016,,,,,,TUR052016,Ordu,40.53202136,37.78840107,37.55271591,40.33103135,38.02408622,40.73301137,[],[],37.78840107,40.53202136,EPSG:4326
TR-D-52-017,district,TR-P-52,TR-R-KAR,Karadeniz,Perşembe,persembe,persembe-ordu,52,017,,,,,,TUR052017,Ordu,41.01593783,37.72319994,37.61541051,40.89582884,37.83098938,41.13604681,[],[],37.72319994,41.01593783,EPSG:4326
TR-D-52-018,district,TR-P-52,TR-R-KAR,Karadeniz,Ulubey,ulubey,ulubey-ordu,52,018,,,,,,TUR052018,Ordu,40.80922602,37.75288482,37.62939155,40.69957754,37.8763781,40.9188745,[],[],37.75288482,40.80922602,EPSG:4326
TR-D-52-019,district,TR-P-52,TR-R-KAR,Karadeniz,Ünye,unye,unye-ordu,52,019,,,,,,TUR052019,Ordu,41.01067362,37.23005964,37.01830688,40.87325842,37.44181239,41.14808881,[],[],37.23005964,41.01067362,EPSG:4326
TR-D-53-001,district,TR-P-53,TR-R-KAR,Karadeniz,Ardeşen,ardesen,ardesen-rize,53,001,,,,,,TUR053001,Rize,41.09772049,41.15771618,40.95706095,40.94961382,41.3583714,41.24582716,[],[],41.15771618,41.09772049,EPSG:4326
TR-D-53-002,district,TR-P-53,TR-R-KAR,Karadeniz,Çamlıhemşin,camlihemsin,camlihemsin-rize,53,002,,,,,,TUR053002,Rize,40.91975385,41.02859917,40.82770909,40.72928272,41.22948924,41.11022497,[],[],41.02859917,40.91975385,EPSG:4326
TR-D-53-003,district,TR-P-53,TR-R-KAR,Karadeniz,Çayeli,cayeli,cayeli-rize,53,003,,,,,,TUR053003,Rize,40.95176122,40.76521262,40.6416527,40.76265798,40.88877254,41.14086446,[],[],40.76521262,40.95176122,EPSG:4326
TR-D-53-004,district,TR-P-53,TR-R-KAR,Karadeniz,Derepazarı,derepazari,derepazari-rize,53,004,,,,,,TUR053004,Rize,40.99899066,40.42706771,40.38817299,40.9662535,40.46596243,41.03172781,[],[],40.42706771,40.99899066,EPSG:4326
TR-D-53-005,district,TR-P-53,TR-R-KAR,Karadeniz,Fındıklı,findikli,findikli-rize,53,005,,,,,,TUR053005,Rize,41.20131398,41.26592096,41.10223946,41.07695348,41.42960246,41.32567447,[],[],41.26592096,41.20131398,EPSG:4326
TR-D-53-006,district,TR-P-53,TR-R-KAR,Karadeniz,Güneysu,guneysu,guneysu-rize,53,006,,,,,,TUR053006,Rize,40.93833945,40.65575237,40.56513658,40.86338797,40.74636817,41.01329094,[],[],40.65575237,40.93833945,EPSG:4326
TR-D-53-007,district,TR-P-53,TR-R-KAR,Karadeniz,Hemşin,hemsin,hemsin-rize,53,007,,,,,,TUR053007,Rize,40.9907422,40.89722877,40.83167736,40.89142921,40.96278018,41.09005519,[],[],40.89722877,40.9907422,EPSG:4326
TR-D-53-008,district,TR-P-53,TR-R-KAR,Karadeniz,İkizdere,ikizdere,ikizdere-rize,53,008,,,,,,TUR053008,Rize,40.67859128,40.65990065,40.42013599,40.51654608,40.89966531,40.84063649,[],[],40.65990065,40.67859128,EPSG:4326
TR-D-53-009,district,TR-P-53,TR-R-KAR,Karadeniz,İyidere,iyidere,iyidere-rize,53,009,,,,,,TUR053009,Rize,40.99350305,40.36776766,40.32950106,40.96103669,40.40603426,41.02596941,[],[],40.36776766,40.99350305,EPSG:4326
TR-D-53-010,district,TR-P-53,TR-R-KAR,Karadeniz,Kalkandere,kalkandere,kalkandere-rize,53,010,,,,,,TUR053010,Rize,40.89648884,40.47503095,40.39769246,40.82678215,40.55236944,40.96619553,[],[],40.47503095,40.89648884,EPSG:4326
TR-D-53-011,district,TR-P-53,TR-R-KAR,Karadeniz,Pazar,pazar,pazar-rize,53,011,,,,,,TUR053011,Rize,41.12273975,40.89434911,40.77438856,41.05620863,41.01430967,41.18927087,[],[],40.89434911,41.12273975,EPSG:4326
TR-D-53-012,district,TR-P-53,TR-R-KAR,Karadeniz,Rize Merkez,rize merkez,rize-merkez-rize,53,012,,,,,,TUR053012,Rize,40.94985025,40.54866464,40.3994095,40.82875475,40.69791978,41.07094574,[],[],40.54866464,40.94985025,EPSG:4326
TR-D-54-001,district,TR-P-54,TR-R-MAR,Marmara,Adapazarı,adapazari,adapazari-sakarya,54,001,,,,,,TUR054001,Sakarya,40.84417152,30.42385156,30.23315261,40.73484217,30.61455052,40.95350087,[],[],30.42385156,40.84417152,EPSG:4326
TR-D-54-002,district,TR-P-54,TR-R-MAR,Marmara,Akyazı,akyazi,akyazi-sakarya,54,002,,,,,,TUR054002,Sakarya,40.65965567,30.71253092,30.52104529,40.48559253,30.90401655,40.83371882,[],[],30.71253092,40.65965567,EPSG:4326
TR-D-54-003,district,TR-P-54,TR-R-MAR,Marmara,Arifiye,arifiye,arifiye-sakarya,54,003,,,,,,TUR054003,Sakarya,40.67692149,30.35806384,30.27089202,40.6144033,30.44523565,40.73943968,[],[],30.35806384,40.67692149,EPSG:4326
TR-D-54-004,district,TR-P-54,TR-R-MAR,Marmara,Erenler,erenler,erenler-sakarya,54,004,,,,,,TUR054004,Sakarya,40.68755453,30.46131413,30.38419278,40.59411046,30.53843547,40.7809986,[],[],30.46131413,40.68755453,EPSG:4326
TR-D-54-005,district,TR-P-54,TR-R-MAR,Marmara,Ferizli,ferizli,ferizli-sakarya,54,005,,,,,,TUR054005,Sakarya,41.00047813,30.50513934,30.41473771,40.91573585,30.59554096,41.08522041,[],[],30.50513934,41.00047813,EPSG:4326
TR-D-54-006,district,TR-P-54,TR-R-MAR,Marmara,Geyve,geyve,geyve-sakarya,54,006,,,,,,TUR054006,Sakarya,40.50326296,30.31433383,30.06740813,40.34522261,30.56125954,40.66130331,[],[],30.31433383,40.50326296,EPSG:4326
TR-D-54-007,district,TR-P-54,TR-R-MAR,Marmara,Hendek,hendek,hendek-sakarya,54,007,,,,,,TUR054007,Sakarya,40.7992073,30.75920987,30.57009189,40.64006719,30.94832784,40.95834741,[],[],30.75920987,40.7992073,EPSG:4326
TR-D-54-008,district,TR-P-54,TR-R-MAR,Marmara,Karapürçek,karapurcek,karapurcek-sakarya,54,008,,,,,,TUR054008,Sakarya,40.6282431,30.49514996,30.4060867,40.54372275,30.58421323,40.71276345,[],[],30.49514996,40.6282431,EPSG:4326
TR-D-54-009,district,TR-P-54,TR-R-MAR,Marmara,Karasu,karasu,karasu-sakarya,54,009,,,,,,TUR054009,Sakarya,41.0109124,30.63437719,30.44045861,40.86778625,30.82829577,41.15403855,[],[],30.63437719,41.0109124,EPSG:4326
TR-D-54-010,district,TR-P-54,TR-R-MAR,Marmara,Kaynarca,kaynarca,kaynarca-sakarya,54,010,,,,,,TUR054010,Sakarya,41.06034104,30.35304205,30.22685492,40.94192483,30.47922917,41.17875725,[],[],30.35304205,41.06034104,EPSG:4326
TR-D-54-011,district,TR-P-54,TR-R-MAR,Marmara,Kocaali,kocaali,kocaali-sakarya,54,011,,,,,,TUR054011,Sakarya,40.97503656,30.87913496,30.74586545,40.86803916,31.01240447,41.08203397,[],[],30.87913496,40.97503656,EPSG:4326
TR-D-54-012,district,TR-P-54,TR-R-MAR,Marmara,Pamukova,pamukova,pamukova-sakarya,54,012,,,,,,TUR054012,Sakarya,40.52192783,30.10117106,29.93465162,40.4280783,30.26769049,40.61577736,[],[],30.10117106,40.52192783,EPSG:4326
TR-D-54-013,district,TR-P-54,TR-R-MAR,Marmara,Sapanca,sapanca,sapanca-sakarya,54,013,,,,,,TUR054013,Sakarya,40.66576772,30.23334246,30.12288482,40.5978719,30.34380011,40.73366354,[],[],30.23334246,40.66576772,EPSG:4326
TR-D-54-014,district,TR-P-54,TR-R-MAR,Marmara,Serdivan,serdivan,serdivan-sakarya,54,014,,,,,,TUR054014,Sakarya,40.7873648,30.30124199,30.2154159,40.72554582,30.38706809,40.84918377,[],[],30.30124199,40.7873648,EPSG:4326
TR-D-54-015,district,TR-P-54,TR-R-MAR,Marmara,Söğütlü,sogutlu,sogutlu-sakarya,54,015,,,,,,TUR054015,Sakarya,40.91556782,30.48214004,30.36433209,40.84470082,30.59994799,40.98643482,[],[],30.48214004,40.91556782,EPSG:4326
TR-D-54-016,district,TR-P-54,TR-R-MAR,Marmara,Taraklı,tarakli,tarakli-sakarya,54,016,,,,,,TUR054016,Sakarya,40.40697361,30.4993113,30.3764036,40.28811287,30.62221901,40.52583435,[],[],30.4993113,40.40697361,EPSG:4326
TR-D-55-001,district,TR-P-55,TR-R-KAR,Karadeniz,19 Mayıs,19 mayis,19-mayis-samsun,55,001,,,,,,TUR055001,Samsun,41.48071697,36.04107928,35.93222135,41.33288287,36.14993721,41.62855107,[],[],36.04107928,41.48071697,EPSG:4326
TR-D-55-002,district,TR-P-55,TR-R-KAR,Karadeniz,Alaçam,alacam,alacam-samsun,55,002,,,,,,TUR055002,Samsun,41.47558557,35.59500345,35.38552377,41.26971734,35.80448312,41.68145379,[],[],35.59500345,41.47558557,EPSG:4326
TR-D-55-003,district,TR-P-55,TR-R-KAR,Karadeniz,Asarcık,asarcik,asarcik-samsun,55,003,,,,,,TUR055003,Samsun,41.02343711,36.27837705,36.12281339,40.94125548,36.43394071,41.10561874,[],[],36.27837705,41.02343711,EPSG:4326
TR-D-55-004,district,TR-P-55,TR-R-KAR,Karadeniz,Atakum,atakum,atakum-samsun,55,004,,,,,,TUR055004,Samsun,41.33546652,36.11984436,35.91933644,41.22550419,36.32035228,41.44542885,[],[],36.11984436,41.33546652,EPSG:4326
TR-D-55-005,district,TR-P-55,TR-R-KAR,Karadeniz,Ayvacık,ayvacik,ayvacik-samsun,55,005,,,,,,TUR055005,Samsun,40.97456587,36.54696715,36.37466259,40.86232801,36.71927171,41.08680373,[],[],36.54696715,40.97456587,EPSG:4326
TR-D-55-006,district,TR-P-55,TR-R-KAR,Karadeniz,Bafra,bafra,bafra-samsun,55,006,,,,,,TUR055006,Samsun,41.47979251,35.80024834,35.4894279,41.2219644,36.11106877,41.73762063,[],[],35.80024834,41.47979251,EPSG:4326
TR-D-55-007,district,TR-P-55,TR-R-KAR,Karadeniz,Canik,canik,canik-samsun,55,007,,,,,,TUR055007,Samsun,41.17008646,36.29895654,36.20080154,41.05908972,36.39711153,41.28108319,[],[],36.29895654,41.17008646,EPSG:4326
TR-D-55-008,district,TR-P-55,TR-R-KAR,Karadeniz,Çarşamba,carsamba,carsamba-samsun,55,008,,,,,,TUR055008,Samsun,41.15734569,36.63357654,36.39638139,40.93346414,36.87077169,41.38122724,[],[],36.63357654,41.15734569,EPSG:4326
TR-D-55-009,district,TR-P-55,TR-R-KAR,Karadeniz,Havza,havza,havza-samsun,55,009,,,,,,TUR055009,Samsun,41.07274551,35.68555463,35.45281604,40.86374237,35.91829321,41.28174864,[],[],35.68555463,41.07274551,EPSG:4326
TR-D-55-010,district,TR-P-55,TR-R-KAR,Karadeniz,İlkadım,ilkadim,ilkadim-samsun,55,010,,,,,,TUR055010,Samsun,41.23141508,36.24263219,36.12847818,41.13571753,36.35678621,41.32711262,[],[],36.24263219,41.23141508,EPSG:4326
TR-D-55-011,district,TR-P-55,TR-R-KAR,Karadeniz,Kavak,kavak,kavak-samsun,55,011,,,,,,TUR055011,Samsun,41.12873011,36.03091267,35.83724168,40.97069716,36.22458366,41.28676306,[],[],36.03091267,41.12873011,EPSG:4326
TR-D-55-012,district,TR-P-55,TR-R-KAR,Karadeniz,Ladik,ladik,ladik-samsun,55,012,,,,,,TUR055012,Samsun,40.92818142,35.94806295,35.69746923,40.83529246,36.19865667,41.02107038,[],[],35.94806295,40.92818142,EPSG:4326
TR-D-55-013,district,TR-P-55,TR-R-KAR,Karadeniz,Salıpazarı,salipazari,salipazari-samsun,55,013,,,,,,TUR055013,Samsun,41.03820751,36.82034911,36.70326527,40.90506065,36.93743295,41.17135436,[],[],36.82034911,41.03820751,EPSG:4326
TR-D-55-014,district,TR-P-55,TR-R-KAR,Karadeniz,Tekkeköy,tekkekoy,tekkekoy-samsun,55,014,,,,,,TUR055014,Samsun,41.14629437,36.47075002,36.34482815,41.03528866,36.59667189,41.25730007,[],[],36.47075002,41.14629437,EPSG:4326
TR-D-55-015,district,TR-P-55,TR-R-KAR,Karadeniz,Terme,terme,terme-samsun,55,015,,,,,,TUR055015,Samsun,41.14453896,36.97924072,36.78897105,40.93397858,37.16951038,41.35509934,[],[],36.97924072,41.14453896,EPSG:4326
TR-D-55-016,district,TR-P-55,TR-R-KAR,Karadeniz,Vezirköprü,vezirkopru,vezirkopru-samsun,55,016,,,,,,TUR055016,Samsun,41.19783295,35.28023699,34.88107036,41.00662581,35.67940361,41.38904008,[],[],35.28023699,41.19783295,EPSG:4326
TR-D-55-017,district,TR-P-55,TR-R-KAR,Karadeniz,Yakakent,yakakent,yakakent-samsun,55,017,,,,,,TUR055017,Samsun,41.57975238,35.44088697,35.31361135,41.47673153,35.56816259,41.68277323,[],[],35.44088697,41.57975238,EPSG:4326
TR-D-56-001,district,TR-P-56,TR-R-GDA,Güneydoğu Anadolu,Baykan,baykan,baykan-siirt,56,001,,,,,,TUR056001,Siirt,38.14433662,41.77895441,41.60203737,38.02654325,41.95587145,38.26212999,[],[],41.77895441,38.14433662,EPSG:4326
TR-D-56-002,district,TR-P-56,TR-R-GDA,Güneydoğu Anadolu,Eruh,eruh,eruh-siirt,56,002,,,,,,TUR056002,Siirt,37.74674343,42.21610603,41.83688854,37.60715529,42.59532351,37.88633156,[],[],42.21610603,37.74674343,EPSG:4326
TR-D-56-003,district,TR-P-56,TR-R-GDA,Güneydoğu Anadolu,Kurtalan,kurtalan,kurtalan-siirt,56,003,,,,,,TUR056003,Siirt,37.89799475,41.59719349,41.35957157,37.7095166,41.83481542,38.08647289,[],[],41.59719349,37.89799475,EPSG:4326
TR-D-56-004,district,TR-P-56,TR-R-GDA,Güneydoğu Anadolu,Pervari,pervari,pervari-siirt,56,004,,,,,,TUR056004,Siirt,37.86484591,42.53748085,42.15217874,37.65535048,42.92278296,38.07434133,[],[],42.53748085,37.86484591,EPSG:4326
TR-D-56-005,district,TR-P-56,TR-R-GDA,Güneydoğu Anadolu,Siirt Merkez,siirt merkez,siirt-merkez-siirt,56,005,,,,,,TUR056005,Siirt,37.87843676,41.97705403,41.77306965,37.68715754,42.1810384,38.06971598,[],[],41.97705403,37.87843676,EPSG:4326
TR-D-56-006,district,TR-P-56,TR-R-GDA,Güneydoğu Anadolu,Şirvan,sirvan,sirvan-siirt,56,006,,,,,,TUR056006,Siirt,38.087755,42.15846955,41.88522793,37.92463462,42.43171117,38.25087539,[],[],42.15846955,38.087755,EPSG:4326
TR-D-56-007,district,TR-P-56,TR-R-GDA,Güneydoğu Anadolu,Tillo,tillo,tillo-siirt,56,007,,,,,,TUR056007,Siirt,37.94580319,42.05530753,41.94747513,37.88211346,42.16313994,38.00949292,[],[],42.05530753,37.94580319,EPSG:4326
TR-D-57-001,district,TR-P-57,TR-R-KAR,Karadeniz,Ayancık,ayancik,ayancik-sinop,57,001,,,,,,TUR057001,Sinop,41.83451721,34.56464714,34.3135694,41.69255246,34.81572489,41.97648196,[],[],34.56464714,41.83451721,EPSG:4326
TR-D-57-002,district,TR-P-57,TR-R-KAR,Karadeniz,Boyabat,boyabat,boyabat-sinop,57,002,,,,,,TUR057002,Sinop,41.50009882,34.75570942,34.41849915,41.28819398,35.09291969,41.71200365,[],[],34.75570942,41.50009882,EPSG:4326
TR-D-57-003,district,TR-P-57,TR-R-KAR,Karadeniz,Dikmen,dikmen,dikmen-sinop,57,003,,,,,,TUR057003,Sinop,41.57891017,35.25490463,35.09352733,41.45619521,35.41628192,41.70162514,[],[],35.25490463,41.57891017,EPSG:4326
TR-D-57-004,district,TR-P-57,TR-R-KAR,Karadeniz,Durağan,duragan,duragan-sinop,57,004,,,,,,TUR057004,Sinop,41.41836308,35.16899916,34.89764832,41.23175584,35.44035,41.60497031,[],[],35.16899916,41.41836308,EPSG:4326
TR-D-57-005,district,TR-P-57,TR-R-KAR,Karadeniz,Erfelek,erfelek,erfelek-sinop,57,005,,,,,,TUR057005,Sinop,41.8403909,34.87457479,34.74049632,41.65559121,35.00865325,42.02519059,[],[],34.87457479,41.8403909,EPSG:4326
TR-D-57-006,district,TR-P-57,TR-R-KAR,Karadeniz,Gerze,gerze,gerze-sinop,57,006,,,,,,TUR057006,Sinop,41.736928,35.10772263,34.87217179,41.59207977,35.34327347,41.88177624,[],[],35.10772263,41.736928,EPSG:4326
TR-D-57-007,district,TR-P-57,TR-R-KAR,Karadeniz,Saraydüzü,sarayduzu,sarayduzu-sinop,57,007,,,,,,TUR057007,Sinop,41.29585541,34.75259394,34.55701572,41.20264495,34.94817216,41.38906588,[],[],34.75259394,41.29585541,EPSG:4326
TR-D-57-008,district,TR-P-57,TR-R-KAR,Karadeniz,Sinop Merkez,sinop merkez,sinop-merkez-sinop,57,008,,,,,,TUR057008,Sinop,41.88081538,35.01067078,34.81001903,41.66382821,35.21132253,42.09780256,[],[],35.01067078,41.88081538,EPSG:4326
TR-D-57-009,district,TR-P-57,TR-R-KAR,Karadeniz,Türkeli,turkeli,turkeli-sinop,57,009,,,,,,TUR057009,Sinop,41.8516539,34.34515412,34.22300821,41.73721881,34.46730003,41.96608899,[],[],34.34515412,41.8516539,EPSG:4326
TR-D-58-001,district,TR-P-58,TR-R-ICA,İç Anadolu,Akıncılar,akincilar,akincilar-sivas,58,001,,,,,,TUR058001,Sivas,40.046416,38.37699107,38.21881138,39.92222157,38.53517077,40.17061042,[],[],38.37699107,40.046416,EPSG:4326
TR-D-58-002,district,TR-P-58,TR-R-ICA,İç Anadolu,Altınyayla,altinyayla,altinyayla-sivas,58,002,,,,,,TUR058002,Sivas,39.24646732,36.75535201,36.58076449,39.10230479,36.92993954,39.39062984,[],[],36.75535201,39.24646732,EPSG:4326
TR-D-58-003,district,TR-P-58,TR-R-ICA,İç Anadolu,Divriği,divrigi,divrigi-sivas,58,003,,,,,,TUR058003,Sivas,39.37366076,38.02336039,37.62787115,39.05537846,38.41884964,39.69194305,[],[],38.02336039,39.37366076,EPSG:4326
TR-D-58-004,district,TR-P-58,TR-R-ICA,İç Anadolu,Doğanşar,dogansar,dogansar-sivas,58,004,,,,,,TUR058004,Sivas,40.16056939,37.55187783,37.40781865,40.02977204,37.69593702,40.29136673,[],[],37.55187783,40.16056939,EPSG:4326
TR-D-58-005,district,TR-P-58,TR-R-ICA,İç Anadolu,Gemerek,gemerek,gemerek-sivas,58,005,,,,,,TUR058005,Sivas,39.29122178,36.12703456,35.83860611,39.05352973,36.41546301,39.52891383,[],[],36.12703456,39.29122178,EPSG:4326
TR-D-58-006,district,TR-P-58,TR-R-ICA,İç Anadolu,Gölova,golova,golova-sivas,58,006,,,,,,TUR058006,Sivas,40.04869561,38.60451212,38.4375159,39.93905571,38.77150834,40.15833551,[],[],38.60451212,40.04869561,EPSG:4326
TR-D-58-007,district,TR-P-58,TR-R-ICA,İç Anadolu,Gürün,gurun,gurun-sivas,58,007,,,,,,TUR058007,Sivas,38.79771149,37.13693532,36.72444582,38.53708512,37.54942482,39.05833786,[],[],37.13693532,38.79771149,EPSG:4326
TR-D-58-008,district,TR-P-58,TR-R-ICA,İç Anadolu,Hafik,hafik,hafik-sivas,58,008,,,,,,TUR058008,Sivas,39.8905007,37.37312317,37.07291615,39.53132492,37.67333019,40.24967648,[],[],37.37312317,39.8905007,EPSG:4326
TR-D-58-009,district,TR-P-58,TR-R-ICA,İç Anadolu,İmranlı,imranli,imranli-sivas,58,009,,,,,,TUR058009,Sivas,39.77116593,38.21296215,37.94871846,39.5325579,38.47720584,40.00977395,[],[],38.21296215,39.77116593,EPSG:4326
TR-D-58-010,district,TR-P-58,TR-R-ICA,İç Anadolu,Kangal,kangal,kangal-sivas,58,010,,,,,,TUR058010,Sivas,39.20466219,37.38600689,36.84131434,38.92442226,37.93069944,39.48490213,[],[],37.38600689,39.20466219,EPSG:4326
TR-D-58-011,district,TR-P-58,TR-R-ICA,İç Anadolu,Koyulhisar,koyulhisar,koyulhisar-sivas,58,011,,,,,,TUR058011,Sivas,40.31931126,37.86777367,37.53850643,40.11182806,38.1970409,40.52679445,[],[],37.86777367,40.31931126,EPSG:4326
TR-D-58-012,district,TR-P-58,TR-R-ICA,İç Anadolu,Sivas Merkez,sivas merkez,sivas-merkez-sivas,58,012,,,,,,TUR058012,Sivas,39.74948566,37.00449706,36.51508725,39.31745527,37.49390688,40.18151604,[],[],37.00449706,39.74948566,EPSG:4326
TR-D-58-013,district,TR-P-58,TR-R-ICA,İç Anadolu,Suşehri,susehri,susehri-sivas,58,013,,,,,,TUR058013,Sivas,40.18628587,38.12382602,37.90487774,39.96070801,38.34277429,40.41186374,[],[],38.12382602,40.18628587,EPSG:4326
TR-D-58-014,district,TR-P-58,TR-R-ICA,İç Anadolu,Şarkışla,sarkisla,sarkisla-sivas,58,014,,,,,,TUR058014,Sivas,39.38378347,36.38626394,36.10661191,39.07427897,36.66591597,39.69328797,[],[],36.38626394,39.38378347,EPSG:4326
TR-D-58-015,district,TR-P-58,TR-R-ICA,İç Anadolu,Ulaş,ulas,ulas-sivas,58,015,,,,,,TUR058015,Sivas,39.39870977,37.16405818,36.78306236,39.19222053,37.545054,39.60519901,[],[],37.16405818,39.39870977,EPSG:4326
TR-D-58-016,district,TR-P-58,TR-R-ICA,İç Anadolu,Yıldızeli,yildizeli,yildizeli-sivas,58,016,,,,,,TUR058016,Sivas,39.89356392,36.48491163,35.98212662,39.568019,36.98769663,40.21910885,[],[],36.48491163,39.89356392,EPSG:4326
TR-D-58-017,district,TR-P-58,TR-R-ICA,İç Anadolu,Zara,zara,zara-sivas,58,017,,,,,,TUR058017,Sivas,39.82873225,37.77789921,37.47409957,39.43796205,38.08169885,40.21950245,[],[],37.77789921,39.82873225,EPSG:4326
TR-D-59-001,district,TR-P-59,TR-R-MAR,Marmara,Çerkezköy,cerkezkoy,cerkezkoy-tekirdag,59,001,,,,,,TUR059001,Tekirdağ,41.26280007,27.98792389,27.89061978,41.18739462,28.08522799,41.33820551,[],[],27.98792389,41.26280007,EPSG:4326
TR-D-59-002,district,TR-P-59,TR-R-MAR,Marmara,Çorlu,corlu,corlu-tekirdag,59,002,,,,,,TUR059002,Tekirdağ,41.11420021,27.81867263,27.61275898,41.0025968,28.02458628,41.22580361,[],[],27.81867263,41.11420021,EPSG:4326
TR-D-59-003,district,TR-P-59,TR-R-MAR,Marmara,Ergene,ergene,ergene-tekirdag,59,003,,,,,,TUR059003,Tekirdağ,41.29695021,27.76478036,27.57061598,41.16867854,27.95894474,41.42522187,[],[],27.76478036,41.29695021,EPSG:4326
TR-D-59-004,district,TR-P-59,TR-R-MAR,Marmara,Hayrabolu,hayrabolu,hayrabolu-tekirdag,59,004,,,,,,TUR059004,Tekirdağ,41.16898924,27.1134892,26.86054314,40.97359042,27.36643526,41.36438806,[],[],27.1134892,41.16898924,EPSG:4326
TR-D-59-005,district,TR-P-59,TR-R-MAR,Marmara,Kapaklı,kapakli,kapakli-tekirdag,59,005,,,,,,TUR059005,Tekirdağ,41.32983635,27.94054525,27.78190212,41.2547506,28.09918838,41.4049221,[],[],27.94054525,41.32983635,EPSG:4326
TR-D-59-006,district,TR-P-59,TR-R-MAR,Marmara,Malkara,malkara,malkara-tekirdag,59,006,,,,,,TUR059006,Tekirdağ,40.91879687,26.94982161,26.69146465,40.72301391,27.20817857,41.11457984,[],[],26.94982161,40.91879687,EPSG:4326
TR-D-59-007,district,TR-P-59,TR-R-MAR,Marmara,Marmaraereğlisi,marmaraereglisi,marmaraereglisi-tekirdag,59,007,,,,,,TUR059007,Tekirdağ,41.04089563,27.87135535,27.72926023,40.96261542,28.01345047,41.11917584,[],[],27.87135535,41.04089563,EPSG:4326
TR-D-59-008,district,TR-P-59,TR-R-MAR,Marmara,Muratlı,muratli,muratli-tekirdag,59,008,,,,,,TUR059008,Tekirdağ,41.16208909,27.46695678,27.27316048,41.06217699,27.66075308,41.26200119,[],[],27.46695678,41.16208909,EPSG:4326
TR-D-59-009,district,TR-P-59,TR-R-MAR,Marmara,Saray,saray,saray-tekirdag,59,009,,,,,,TUR059009,Tekirdağ,41.44700248,27.88532831,27.61531049,41.27778724,28.15534614,41.61621772,[],[],27.88532831,41.44700248,EPSG:4326
TR-D-59-010,district,TR-P-59,TR-R-MAR,Marmara,Süleymanpaşa,suleymanpasa,suleymanpasa-tekirdag,59,010,,,,,,TUR059010,Tekirdağ,40.97134655,27.40318518,27.09759717,40.76491147,27.70877319,41.17778164,[],[],27.40318518,40.97134655,EPSG:4326
TR-D-59-011,district,TR-P-59,TR-R-MAR,Marmara,Şarköy,sarkoy,sarkoy-tekirdag,59,011,,,,,,TUR059011,Tekirdağ,40.68002271,27.15349175,26.90311173,40.53808146,27.40387176,40.82196396,[],[],27.15349175,40.68002271,EPSG:4326
TR-D-60-001,district,TR-P-60,TR-R-KAR,Karadeniz,Almus,almus,almus-tokat,60,001,,,,,,TUR060001,Tokat,40.31204935,37.11094973,36.74388844,40.14296979,37.47801103,40.48112891,[],[],37.11094973,40.31204935,EPSG:4326
TR-D-60-002,district,TR-P-60,TR-R-KAR,Karadeniz,Artova,artova,artova-tokat,60,002,,,,,,TUR060002,Tokat,40.12999261,36.24709802,36.06654759,40.03382888,36.42764846,40.22615634,[],[],36.24709802,40.12999261,EPSG:4326
TR-D-60-003,district,TR-P-60,TR-R-KAR,Karadeniz,Başçiftlik,basciftlik,basciftlik-tokat,60,003,,,,,,TUR060003,Tokat,40.52473851,37.14100832,37.00829796,40.42402282,37.27371868,40.62545419,[],[],37.14100832,40.52473851,EPSG:4326
TR-D-60-004,district,TR-P-60,TR-R-KAR,Karadeniz,Erbaa,erbaa,erbaa-tokat,60,004,,,,,,TUR060004,Tokat,40.7022884,36.59132686,36.3098605,40.49351587,36.87279323,40.91106093,[],[],36.59132686,40.7022884,EPSG:4326
TR-D-60-005,district,TR-P-60,TR-R-KAR,Karadeniz,Niksar,niksar,niksar-tokat,60,005,,,,,,TUR060005,Tokat,40.56766121,36.9586806,36.66947116,40.39017768,37.24789005,40.74514473,[],[],36.9586806,40.56766121,EPSG:4326
TR-D-60-006,district,TR-P-60,TR-R-KAR,Karadeniz,Pazar,pazar,pazar-tokat,60,006,,,,,,TUR060006,Tokat,40.250157,36.23563208,36.1069178,40.18683605,36.36434636,40.31347796,[],[],36.23563208,40.250157,EPSG:4326
TR-D-60-007,district,TR-P-60,TR-R-KAR,Karadeniz,Reşadiye,resadiye,resadiye-tokat,60,007,,,,,,TUR060007,Tokat,40.42543523,37.36803606,37.11379386,40.24836833,37.62227826,40.60250212,[],[],37.36803606,40.42543523,EPSG:4326
TR-D-60-008,district,TR-P-60,TR-R-KAR,Karadeniz,Sulusaray,sulusaray,sulusaray-tokat,60,008,,,,,,TUR060008,Tokat,39.98194055,36.05639305,35.93314749,39.86476026,36.17963861,40.09912085,[],[],36.05639305,39.98194055,EPSG:4326
TR-D-60-009,district,TR-P-60,TR-R-KAR,Karadeniz,Tokat Merkez,tokat merkez,tokat-merkez-tokat,60,009,,,,,,TUR060009,Tokat,40.23600651,36.6135619,36.32132499,39.91323257,36.90579882,40.55878046,[],[],36.6135619,40.23600651,EPSG:4326
TR-D-60-010,district,TR-P-60,TR-R-KAR,Karadeniz,Turhal,turhal,turhal-tokat,60,010,,,,,,TUR060010,Tokat,40.39556165,36.13367077,35.81999207,40.19757839,36.44734947,40.59354491,[],[],36.13367077,40.39556165,EPSG:4326
TR-D-60-011,district,TR-P-60,TR-R-KAR,Karadeniz,Yeşilyurt,yesilyurt,yesilyurt-tokat,60,011,,,,,,TUR060011,Tokat,39.98756679,36.26215411,36.1011679,39.89398424,36.42314032,40.08114935,[],[],36.26215411,39.98756679,EPSG:4326
TR-D-60-012,district,TR-P-60,TR-R-KAR,Karadeniz,Zile,zile,zile-tokat,60,012,,,,,,TUR060012,Tokat,40.25568288,35.7762083,35.433902,40.05900851,36.11851461,40.45235725,[],[],35.7762083,40.25568288,EPSG:4326
TR-D-61-001,district,TR-P-61,TR-R-KAR,Karadeniz,Akçaabat,akcaabat,akcaabat-trabzon,61,001,,,,,,TUR061001,Trabzon,40.95866929,39.51866189,39.393644,40.81573104,39.64367977,41.10160754,[],[],39.51866189,40.95866929,EPSG:4326
TR-D-61-002,district,TR-P-61,TR-R-KAR,Karadeniz,Araklı,arakli,arakli-trabzon,61,002,,,,,,TUR061002,Trabzon,40.74592443,39.94702311,39.82073314,40.53137408,40.07331308,40.96047479,[],[],39.94702311,40.74592443,EPSG:4326
TR-D-61-003,district,TR-P-61,TR-R-KAR,Karadeniz,Arsin,arsin,arsin-trabzon,61,003,,,,,,TUR061003,Trabzon,40.83968066,39.92181519,39.82938227,40.71441844,40.01424811,40.96494287,[],[],39.92181519,40.83968066,EPSG:4326
TR-D-61-004,district,TR-P-61,TR-R-KAR,Karadeniz,Beşikdüzü,besikduzu,besikduzu-trabzon,61,004,,,,,,TUR061004,Trabzon,41.0130316,39.19643951,39.14033972,40.95136203,39.25253929,41.07470118,[],[],39.19643951,41.0130316,EPSG:4326
TR-D-61-005,district,TR-P-61,TR-R-KAR,Karadeniz,Çarşıbaşı,carsibasi,carsibasi-trabzon,61,005,,,,,,TUR061005,Trabzon,41.02883353,39.39994698,39.34466902,40.9500878,39.45522494,41.10757926,[],[],39.39994698,41.02883353,EPSG:4326
TR-D-61-006,district,TR-P-61,TR-R-KAR,Karadeniz,Çaykara,caykara,caykara-trabzon,61,006,,,,,,TUR061006,Trabzon,40.65375294,40.28502404,40.09175956,40.51278089,40.47828852,40.79472499,[],[],40.28502404,40.65375294,EPSG:4326
TR-D-61-007,district,TR-P-61,TR-R-KAR,Karadeniz,Dernekpazarı,dernekpazari,dernekpazari-trabzon,61,007,,,,,,TUR061007,Trabzon,40.77958067,40.26442701,40.15532532,40.72108701,40.37352869,40.83807433,[],[],40.26442701,40.77958067,EPSG:4326
TR-D-61-008,district,TR-P-61,TR-R-KAR,Karadeniz,Düzköy,duzkoy,duzkoy-trabzon,61,008,,,,,,TUR061008,Trabzon,40.8389285,39.38440076,39.2940006,40.74709436,39.47480092,40.93076265,[],[],39.38440076,40.8389285,EPSG:4326
TR-D-61-009,district,TR-P-61,TR-R-KAR,Karadeniz,Hayrat,hayrat,hayrat-trabzon,61,009,,,,,,TUR061009,Trabzon,40.76909289,40.41391402,40.32006248,40.61695828,40.50776555,40.9212275,[],[],40.41391402,40.76909289,EPSG:4326
TR-D-61-010,district,TR-P-61,TR-R-KAR,Karadeniz,Köprübaşı,koprubasi,koprubasi-trabzon,61,010,,,,,,TUR061010,Trabzon,40.69984154,40.11121419,40.04081806,40.56684323,40.18161031,40.83283986,[],[],40.11121419,40.69984154,EPSG:4326
TR-D-61-011,district,TR-P-61,TR-R-KAR,Karadeniz,Maçka,macka,macka-trabzon,61,011,,,,,,TUR061011,Trabzon,40.75978245,39.55841803,39.33267873,40.60586481,39.78415733,40.91370009,[],[],39.55841803,40.75978245,EPSG:4326
TR-D-61-012,district,TR-P-61,TR-R-KAR,Karadeniz,Of,of,of-trabzon,61,012,,,,,,TUR061012,Trabzon,40.88121072,40.32849509,40.1798017,40.77476339,40.47718848,40.98765805,[],[],40.32849509,40.88121072,EPSG:4326
TR-D-61-013,district,TR-P-61,TR-R-KAR,Karadeniz,Ortahisar,ortahisar,ortahisar-trabzon,61,013,,,,,,TUR061013,Trabzon,40.89429412,39.72509991,39.61280448,40.77515343,39.83739534,41.01343481,[],[],39.72509991,40.89429412,EPSG:4326
TR-D-61-014,district,TR-P-61,TR-R-KAR,Karadeniz,Sürmene,surmene,surmene-trabzon,61,014,,,,,,TUR061014,Trabzon,40.79901469,40.12655639,40.02778427,40.66999609,40.2253285,40.9280333,[],[],40.12655639,40.79901469,EPSG:4326
TR-D-61-015,district,TR-P-61,TR-R-KAR,Karadeniz,Şalpazarı,salpazari,salpazari-trabzon,61,015,,,,,,TUR061015,Trabzon,40.86209079,39.18672654,39.12044156,40.73203242,39.25301151,40.99214916,[],[],39.18672654,40.86209079,EPSG:4326
TR-D-61-016,district,TR-P-61,TR-R-KAR,Karadeniz,Tonya,tonya,tonya-trabzon,61,016,,,,,,TUR061016,Trabzon,40.84501109,39.29173015,39.20643114,40.72494395,39.37702917,40.96507824,[],[],39.29173015,40.84501109,EPSG:4326
TR-D-61-017,district,TR-P-61,TR-R-KAR,Karadeniz,Vakfıkebir,vakfikebir,vakfikebir-trabzon,61,017,,,,,,TUR061017,Trabzon,40.99028532,39.32310408,39.24212078,40.91126638,39.40408738,41.06930426,[],[],39.32310408,40.99028532,EPSG:4326
TR-D-61-018,district,TR-P-61,TR-R-KAR,Karadeniz,Yomra,yomra,yomra-trabzon,61,018,,,,,,TUR061018,Trabzon,40.85113492,39.83611526,39.7656896,40.73060151,39.90654092,40.97166834,[],[],39.83611526,40.85113492,EPSG:4326
TR-D-62-001,district,TR-P-62,TR-R-DOA,Doğu Anadolu,Çemişgezek,cemisgezek,cemisgezek-tunceli,62,001,,,,,,TUR062001,Tunceli,39.03401933,38.9261227,38.73187062,38.85529198,39.12037477,39.21274667,[],[],38.9261227,39.03401933,EPSG:4326
TR-D-62-002,district,TR-P-62,TR-R-DOA,Doğu Anadolu,Hozat,hozat,hozat-tunceli,62,002,,,,,,TUR062002,Tunceli,39.11251845,39.15089361,38.91630285,38.96879433,39.38548437,39.25624257,[],[],39.15089361,39.11251845,EPSG:4326
TR-D-62-003,district,TR-P-62,TR-R-DOA,Doğu Anadolu,Mazgirt,mazgirt,mazgirt-tunceli,62,003,,,,,,TUR062003,Tunceli,38.95114401,39.70463682,39.50733157,38.80244897,39.90194206,39.09983905,[],[],39.70463682,38.95114401,EPSG:4326
TR-D-62-004,district,TR-P-62,TR-R-DOA,Doğu Anadolu,Nazımiye,nazimiye,nazimiye-tunceli,62,004,,,,,,TUR062004,Tunceli,39.21361225,39.86885166,39.71161371,39.05278479,40.0260896,39.3744397,[],[],39.86885166,39.21361225,EPSG:4326
TR-D-62-005,district,TR-P-62,TR-R-DOA,Doğu Anadolu,Ovacık,ovacik,ovacik-tunceli,62,005,,,,,,TUR062005,Tunceli,39.36966628,39.22156553,38.7951838,39.21216736,39.64794726,39.5271652,[],[],39.22156553,39.36966628,EPSG:4326
TR-D-62-006,district,TR-P-62,TR-R-DOA,Doğu Anadolu,Pertek,pertek,pertek-tunceli,62,006,,,,,,TUR062006,Tunceli,38.92457317,39.30720274,39.00804913,38.76417,39.60635634,39.08497634,[],[],39.30720274,38.92457317,EPSG:4326
TR-D-62-007,district,TR-P-62,TR-R-DOA,Doğu Anadolu,Pülümür,pulumur,pulumur-tunceli,62,007,,,,,,TUR062007,Tunceli,39.4566284,40.02936417,39.62358211,39.30174092,40.43514624,39.61151588,[],[],40.02936417,39.4566284,EPSG:4326
TR-D-62-008,district,TR-P-62,TR-R-DOA,Doğu Anadolu,Tunceli Merkez,tunceli merkez,tunceli-merkez-tunceli,62,008,,,,,,TUR062008,Tunceli,39.13196343,39.54839161,39.31286437,38.89799015,39.78391886,39.36593671,[],[],39.54839161,39.13196343,EPSG:4326
TR-D-63-001,district,TR-P-63,TR-R-GDA,Güneydoğu Anadolu,Akçakale,akcakale,akcakale-sanliurfa,63,001,,,,,,TUR063001,Şanlıurfa,36.80696511,39.04447396,38.57597433,36.66904444,39.51297359,36.94488579,[],[],39.04447396,36.80696511,EPSG:4326
TR-D-63-002,district,TR-P-63,TR-R-GDA,Güneydoğu Anadolu,Birecik,birecik,birecik-sanliurfa,63,002,,,,,,TUR063002,Şanlıurfa,37.04799642,38.10384888,37.85528903,36.82868633,38.35240873,37.2673065,[],[],38.10384888,37.04799642,EPSG:4326
TR-D-63-003,district,TR-P-63,TR-R-GDA,Güneydoğu Anadolu,Bozova,bozova,bozova-sanliurfa,63,003,,,,,,TUR063003,Şanlıurfa,37.28016064,38.37341299,38.03407868,37.07480929,38.71274731,37.48551198,[],[],38.37341299,37.28016064,EPSG:4326
TR-D-63-004,district,TR-P-63,TR-R-GDA,Güneydoğu Anadolu,Ceylanpınar,ceylanpinar,ceylanpinar-sanliurfa,63,004,,,,,,TUR063004,Şanlıurfa,36.93503327,39.85104561,39.46414321,36.70112161,40.23794801,37.16894492,[],[],39.85104561,36.93503327,EPSG:4326
TR-D-63-005,district,TR-P-63,TR-R-GDA,Güneydoğu Anadolu,Eyyübiye,eyyubiye,eyyubiye-sanliurfa,63,005,,,,,,TUR063005,Şanlıurfa,36.997581,39.01868196,38.48399882,36.81101421,39.5533651,37.18414778,[],[],39.01868196,36.997581,EPSG:4326
TR-D-63-006,district,TR-P-63,TR-R-GDA,Güneydoğu Anadolu,Halfeti,halfeti,halfeti-sanliurfa,63,006,,,,,,TUR063006,Şanlıurfa,37.29468172,38.03031301,37.83530818,37.14588255,38.22531784,37.44348089,[],[],38.03031301,37.29468172,EPSG:4326
TR-D-63-007,district,TR-P-63,TR-R-GDA,Güneydoğu Anadolu,Haliliye,haliliye,haliliye-sanliurfa,63,007,,,,,,TUR063007,Şanlıurfa,37.23617772,39.11927248,38.73915949,36.97845124,39.49938547,37.49390421,[],[],39.11927248,37.23617772,EPSG:4326
TR-D-63-008,district,TR-P-63,TR-R-GDA,Güneydoğu Anadolu,Harran,harran,harran-sanliurfa,63,008,,,,,,TUR063008,Şanlıurfa,36.83846621,39.23564181,38.91041586,36.71648385,39.56086775,36.96044856,[],[],39.23564181,36.83846621,EPSG:4326
TR-D-63-009,district,TR-P-63,TR-R-GDA,Güneydoğu Anadolu,Hilvan,hilvan,hilvan-sanliurfa,63,009,,,,,,TUR063009,Şanlıurfa,37.53773028,38.94945248,38.59389381,37.37224758,39.30501116,37.70321297,[],[],38.94945248,37.53773028,EPSG:4326
TR-D-63-010,district,TR-P-63,TR-R-GDA,Güneydoğu Anadolu,Karaköprü,karakopru,karakopru-sanliurfa,63,010,,,,,,TUR063010,Şanlıurfa,37.29892116,38.709426,38.4199624,37.03671096,38.99888959,37.56113137,[],[],38.709426,37.29892116,EPSG:4326
TR-D-63-011,district,TR-P-63,TR-R-GDA,Güneydoğu Anadolu,Siverek,siverek,siverek-sanliurfa,63,011,,,,,,TUR063011,Şanlıurfa,37.62177785,39.36084973,38.8680668,37.22198174,39.85363266,38.02157397,[],[],39.36084973,37.62177785,EPSG:4326
TR-D-63-012,district,TR-P-63,TR-R-GDA,Güneydoğu Anadolu,Suruç,suruc,suruc-sanliurfa,63,012,,,,,,TUR063012,Şanlıurfa,36.98536072,38.38682224,38.16012402,36.82404892,38.61352046,37.14667253,[],[],38.38682224,36.98536072,EPSG:4326
TR-D-63-013,district,TR-P-63,TR-R-GDA,Güneydoğu Anadolu,Viranşehir,viransehir,viransehir-sanliurfa,63,013,,,,,,TUR063013,Şanlıurfa,37.29557914,39.75639273,39.44114567,36.97885689,40.0716398,37.61230139,[],[],39.75639273,37.29557914,EPSG:4326
TR-D-64-001,district,TR-P-64,TR-R-EGE,Ege,Banaz,banaz,banaz-usak,64,001,,,,,,TUR064001,Uşak,38.74126442,29.75026126,29.47827038,38.53392713,30.02225214,38.9486017,[],[],29.75026126,38.74126442,EPSG:4326
TR-D-64-002,district,TR-P-64,TR-R-EGE,Ege,Eşme,esme,esme-usak,64,002,,,,,,TUR064002,Uşak,38.43457686,28.97562656,28.76409229,38.22656133,29.18716084,38.64259239,[],[],28.97562656,38.43457686,EPSG:4326
TR-D-64-003,district,TR-P-64,TR-R-EGE,Ege,Karahallı,karahalli,karahalli-usak,64,003,,,,,,TUR064003,Uşak,38.34930923,29.52328145,29.38244418,38.22402969,29.66411871,38.47458878,[],[],29.52328145,38.34930923,EPSG:4326
TR-D-64-004,district,TR-P-64,TR-R-EGE,Ege,Sivaslı,sivasli,sivasli-usak,64,004,,,,,,TUR064004,Uşak,38.51369045,29.66256026,29.485003,38.3917848,29.84011752,38.63559609,[],[],29.66256026,38.51369045,EPSG:4326
TR-D-64-005,district,TR-P-64,TR-R-EGE,Ege,Ulubey,ulubey,ulubey-usak,64,005,,,,,,TUR064005,Uşak,38.3812814,29.27848115,29.10374988,38.16571956,29.45321241,38.59684325,[],[],29.27848115,38.3812814,EPSG:4326
TR-D-64-006,district,TR-P-64,TR-R-EGE,Ege,Uşak Merkez,usak merkez,usak-merkez-usak,64,006,,,,,,TUR064006,Uşak,38.66474026,29.22741074,28.82240052,38.44452096,29.63242096,38.88495956,[],[],29.22741074,38.66474026,EPSG:4326
TR-D-65-001,district,TR-P-65,TR-R-DOA,Doğu Anadolu,Bahçesaray,bahcesaray,bahcesaray-van,65,001,,,,,,TUR065001,Van,38.10600288,42.8097995,42.66631385,37.97894476,42.95328515,38.233061,[],[],42.8097995,38.10600288,EPSG:4326
TR-D-65-002,district,TR-P-65,TR-R-DOA,Doğu Anadolu,Başkale,baskale,baskale-van,65,002,,,,,,TUR065002,Van,38.05342949,44.06744053,43.62292804,37.72105193,44.51195302,38.38580704,[],[],44.06744053,38.05342949,EPSG:4326
TR-D-65-003,district,TR-P-65,TR-R-DOA,Doğu Anadolu,Çaldıran,caldiran,caldiran-van,65,003,,,,,,TUR065003,Van,39.13514831,43.9875661,43.75130521,38.88405367,44.22382699,39.38624296,[],[],43.9875661,39.13514831,EPSG:4326
TR-D-65-004,district,TR-P-65,TR-R-DOA,Doğu Anadolu,Çatak,catak,catak-van,65,004,,,,,,TUR065004,Van,37.99922267,43.10828518,42.73461174,37.72631076,43.48195863,38.27213459,[],[],43.10828518,37.99922267,EPSG:4326
TR-D-65-005,district,TR-P-65,TR-R-DOA,Doğu Anadolu,Edremit,edremit,edremit-van,65,005,,,,,,TUR065005,Van,38.39288745,43.31947835,43.14077068,38.29375943,43.49818602,38.49201547,[],[],43.31947835,38.39288745,EPSG:4326
TR-D-65-006,district,TR-P-65,TR-R-DOA,Doğu Anadolu,Erciş,ercis,ercis-van,65,006,,,,,,TUR065006,Van,39.12560097,43.32331628,42.97955074,38.86569952,43.66708182,39.38550243,[],[],43.32331628,39.12560097,EPSG:4326
TR-D-65-007,district,TR-P-65,TR-R-DOA,Doğu Anadolu,Gevaş,gevas,gevas-van,65,007,,,,,,TUR065007,Van,38.39906154,43.0143067,42.67473943,38.1845381,43.35387396,38.61358499,[],[],43.0143067,38.39906154,EPSG:4326
TR-D-65-008,district,TR-P-65,TR-R-DOA,Doğu Anadolu,Gürpınar,gurpinar,gurpinar-van,65,008,,,,,,TUR065008,Van,38.12814993,43.63017433,43.13642776,37.73650165,44.12392091,38.51979821,[],[],43.63017433,38.12814993,EPSG:4326
TR-D-65-009,district,TR-P-65,TR-R-DOA,Doğu Anadolu,İpekyolu,ipekyolu,ipekyolu-van,65,009,,,,,,TUR065009,Van,38.59965491,43.58044272,43.3154024,38.40133772,43.84548304,38.7979721,[],[],43.58044272,38.59965491,EPSG:4326
TR-D-65-010,district,TR-P-65,TR-R-DOA,Doğu Anadolu,Muradiye,muradiye,muradiye-van,65,010,,,,,,TUR065010,Van,38.97593337,43.70475992,43.53753111,38.74232391,43.87198873,39.20954284,[],[],43.70475992,38.97593337,EPSG:4326
TR-D-65-011,district,TR-P-65,TR-R-DOA,Doğu Anadolu,Özalp,ozalp,ozalp-van,65,011,,,,,,TUR065011,Van,38.70484811,44.05058264,43.78696949,38.44811037,44.31419579,38.96158585,[],[],44.05058264,38.70484811,EPSG:4326
TR-D-65-012,district,TR-P-65,TR-R-DOA,Doğu Anadolu,Saray,saray,saray-van,65,012,,,,,,TUR065012,Van,38.54279317,44.15018646,43.9748543,38.32359662,44.32551862,38.76198973,[],[],44.15018646,38.54279317,EPSG:4326
TR-D-65-013,district,TR-P-65,TR-R-DOA,Doğu Anadolu,Tuşba,tusba,tusba-van,65,013,,,,,,TUR065013,Van,38.69334895,43.31500924,42.96979898,38.4316089,43.66021951,38.955089,[],[],43.31500924,38.69334895,EPSG:4326
TR-D-66-001,district,TR-P-66,TR-R-ICA,İç Anadolu,Akdağmadeni,akdagmadeni,akdagmadeni-yozgat,66,001,,,,,,TUR066001,Yozgat,39.71448648,35.86637285,35.5680302,39.48176988,36.1647155,39.94720307,[],[],35.86637285,39.71448648,EPSG:4326
TR-D-66-002,district,TR-P-66,TR-R-ICA,İç Anadolu,Aydıncık,aydincik,aydincik-yozgat,66,002,,,,,,TUR066002,Yozgat,40.17623076,35.26726,35.104296,40.06672659,35.430224,40.28573493,[],[],35.26726,40.17623076,EPSG:4326
TR-D-66-003,district,TR-P-66,TR-R-ICA,İç Anadolu,Boğazlıyan,bogazliyan,bogazliyan-yozgat,66,003,,,,,,TUR066003,Yozgat,39.24346766,35.24285418,34.96973509,38.98655116,35.51597328,39.50038417,[],[],35.24285418,39.24346766,EPSG:4326
TR-D-66-004,district,TR-P-66,TR-R-ICA,İç Anadolu,Çandır,candir,candir-yozgat,66,004,,,,,,TUR066004,Yozgat,39.26447046,35.54003189,35.44493779,39.18689992,35.635126,39.342041,[],[],35.54003189,39.26447046,EPSG:4326
TR-D-66-005,district,TR-P-66,TR-R-ICA,İç Anadolu,Çayıralan,cayiralan,cayiralan-yozgat,66,005,,,,,,TUR066005,Yozgat,39.38984372,35.69260582,35.49304135,39.21131844,35.89217028,39.568369,[],[],35.69260582,39.38984372,EPSG:4326
TR-D-66-006,district,TR-P-66,TR-R-ICA,İç Anadolu,Çekerek,cekerek,cekerek-yozgat,66,006,,,,,,TUR066006,Yozgat,40.05110758,35.52226703,35.28854527,39.86181,35.75598879,40.24040515,[],[],35.52226703,40.05110758,EPSG:4326
TR-D-66-007,district,TR-P-66,TR-R-ICA,İç Anadolu,Kadışehri,kadisehri,kadisehri-yozgat,66,007,,,,,,TUR066007,Yozgat,39.99901213,35.78720502,35.58467016,39.89090692,35.98973988,40.10711733,[],[],35.78720502,39.99901213,EPSG:4326
TR-D-66-008,district,TR-P-66,TR-R-ICA,İç Anadolu,Saraykent,saraykent,saraykent-yozgat,66,008,,,,,,TUR066008,Yozgat,39.77139227,35.55865604,35.418336,39.614574,35.69897608,39.92821053,[],[],35.55865604,39.77139227,EPSG:4326
TR-D-66-009,district,TR-P-66,TR-R-ICA,İç Anadolu,Sarıkaya,sarikaya,sarikaya-yozgat,66,009,,,,,,TUR066009,Yozgat,39.49037077,35.42830699,35.126312,39.30872853,35.73030199,39.672013,[],[],35.42830699,39.49037077,EPSG:4326
TR-D-66-010,district,TR-P-66,TR-R-ICA,İç Anadolu,Sorgun,sorgun,sorgun-yozgat,66,010,,,,,,TUR066010,Yozgat,39.79331789,35.302942,34.99922,39.505441,35.606664,40.08119477,[],[],35.302942,39.79331789,EPSG:4326
TR-D-66-011,district,TR-P-66,TR-R-ICA,İç Anadolu,Şefaatli,sefaatli,sefaatli-yozgat,66,011,,,,,,TUR066011,Yozgat,39.4754256,34.80176192,34.561146,39.3078692,35.04237784,39.642982,[],[],34.80176192,39.4754256,EPSG:4326
TR-D-66-012,district,TR-P-66,TR-R-ICA,İç Anadolu,Yenifakılı,yenifakili,yenifakili-yozgat,66,012,,,,,,TUR066012,Yozgat,39.21990874,35.0299645,34.91143001,39.03273349,35.148499,39.407084,[],[],35.0299645,39.21990874,EPSG:4326
TR-D-66-013,district,TR-P-66,TR-R-ICA,İç Anadolu,Yerköy,yerkoy,yerkoy-yozgat,66,013,,,,,,TUR066013,Yozgat,39.69899782,34.39485186,34.05803236,39.44549389,34.73167136,39.95250175,[],[],34.39485186,39.69899782,EPSG:4326
TR-D-66-014,district,TR-P-66,TR-R-ICA,İç Anadolu,Yozgat Merkez,yozgat merkez,yozgat-merkez-yozgat,66,014,,,,,,TUR066014,Yozgat,39.76618455,34.74152621,34.35178942,39.46942483,35.131263,40.06294427,[],[],34.74152621,39.76618455,EPSG:4326
TR-D-67-001,district,TR-P-67,TR-R-KAR,Karadeniz,Alaplı,alapli,alapli-zonguldak,67,001,,,,,,TUR067001,Zonguldak,41.09938054,31.49881584,31.28241887,40.9970748,31.7152128,41.20168627,[],[],31.49881584,41.09938054,EPSG:4326
TR-D-67-002,district,TR-P-67,TR-R-KAR,Karadeniz,Çaycuma,caycuma,caycuma-zonguldak,67,002,,,,,,TUR067002,Zonguldak,41.45672767,32.12627702,31.9541677,41.32280301,32.29838634,41.59065234,[],[],32.12627702,41.45672767,EPSG:4326
TR-D-67-003,district,TR-P-67,TR-R-KAR,Karadeniz,Devrek,devrek,devrek-zonguldak,67,003,,,,,,TUR067003,Zonguldak,41.17154392,31.93529716,31.67589877,41.00373036,32.19469554,41.33935749,[],[],31.93529716,41.17154392,EPSG:4326
TR-D-67-004,district,TR-P-67,TR-R-KAR,Karadeniz,Ereğli,eregli,eregli-zonguldak,67,004,,,,,,TUR067004,Zonguldak,41.25007629,31.62187533,31.38364962,41.0976242,31.86010105,41.40252838,[],[],31.62187533,41.25007629,EPSG:4326
TR-D-67-005,district,TR-P-67,TR-R-KAR,Karadeniz,Gökçebey,gokcebey,gokcebey-zonguldak,67,005,,,,,,TUR067005,Zonguldak,41.31537739,32.17074443,32.04903118,41.25377159,32.29245768,41.37698319,[],[],32.17074443,41.31537739,EPSG:4326
TR-D-67-006,district,TR-P-67,TR-R-KAR,Karadeniz,Kilimli,kilimli,kilimli-zonguldak,67,006,,,,,,TUR067006,Zonguldak,41.49756066,31.92313324,31.81926578,41.44364959,32.02700069,41.55147172,[],[],31.92313324,41.49756066,EPSG:4326
TR-D-67-007,district,TR-P-67,TR-R-KAR,Karadeniz,Kozlu,kozlu,kozlu-zonguldak,67,007,,,,,,TUR067007,Zonguldak,41.35703041,31.73726183,31.63924685,41.26070212,31.83527682,41.4533587,[],[],31.73726183,41.35703041,EPSG:4326
TR-D-67-008,district,TR-P-67,TR-R-KAR,Karadeniz,Zonguldak Merkez,zonguldak merkez,zonguldak-merkez-zonguldak,67,008,,,,,,TUR067008,Zonguldak,41.37183264,31.9018144,31.75277626,41.26361784,32.05085254,41.48004743,[],[],31.9018144,41.37183264,EPSG:4326
TR-D-68-001,district,TR-P-68,TR-R-ICA,İç Anadolu,Ağaçören,agacoren,agacoren-aksaray,68,001,,,,,,TUR068001,Aksaray,38.81284623,33.84551976,33.6572993,38.65621599,34.03374022,38.96947647,[],[],33.84551976,38.81284623,EPSG:4326
TR-D-68-002,district,TR-P-68,TR-R-ICA,İç Anadolu,Aksaray Merkez,aksaray merkez,aksaray-merkez-aksaray,68,002,,,,,,TUR068002,Aksaray,38.37190431,34.01581248,33.606051,38.03447372,34.42557397,38.7093349,[],[],34.01581248,38.37190431,EPSG:4326
TR-D-68-003,district,TR-P-68,TR-R-ICA,İç Anadolu,Eskil,eskil,eskil-aksaray,68,003,,,,,,TUR068003,Aksaray,38.33431711,33.43062921,33.1710487,37.97697141,33.69020972,38.69166282,[],[],33.43062921,38.33431711,EPSG:4326
TR-D-68-004,district,TR-P-68,TR-R-ICA,İç Anadolu,Gülağaç,gulagac,gulagac-aksaray,68,004,,,,,,TUR068004,Aksaray,38.41617693,34.32978503,34.16407425,38.31181862,34.49549581,38.52053525,[],[],34.32978503,38.41617693,EPSG:4326
TR-D-68-005,district,TR-P-68,TR-R-ICA,İç Anadolu,Güzelyurt,guzelyurt,guzelyurt-aksaray,68,005,,,,,,TUR068005,Aksaray,38.2633438,34.29629886,34.14530161,38.16560953,34.44729611,38.36107808,[],[],34.29629886,38.2633438,EPSG:4326
TR-D-68-006,district,TR-P-68,TR-R-ICA,İç Anadolu,Ortaköy,ortakoy,ortakoy-aksaray,68,006,,,,,,TUR068006,Aksaray,38.80416541,34.0814186,33.86793111,38.62540742,34.29490609,38.98292341,[],[],34.0814186,38.80416541,EPSG:4326
TR-D-68-007,district,TR-P-68,TR-R-ICA,İç Anadolu,Sarıyahşi,sariyahsi,sariyahsi-aksaray,68,007,,,,,,TUR068007,Aksaray,38.96654817,33.87809165,33.72328693,38.87774057,34.03289638,39.05535577,[],[],33.87809165,38.96654817,EPSG:4326
TR-D-68-008,district,TR-P-68,TR-R-ICA,İç Anadolu,Sultanhanı,sultanhani,sultanhani-aksaray,68,008,,,,,,TUR068008,Aksaray,38.21292353,33.60772329,33.46983152,38.07313985,33.74561507,38.35270721,[],[],33.60772329,38.21292353,EPSG:4326
TR-D-69-001,district,TR-P-69,TR-R-KAR,Karadeniz,Aydıntepe,aydintepe,aydintepe-bayburt,69,001,,,,,,TUR069001,Bayburt,40.4543735,40.09679836,39.91564961,40.33802642,40.27794711,40.57072059,[],[],40.09679836,40.4543735,EPSG:4326
TR-D-69-002,district,TR-P-69,TR-R-KAR,Karadeniz,Bayburt Merkez,bayburt merkez,bayburt-merkez-bayburt,69,002,,,,,,TUR069002,Bayburt,40.27477113,40.26315416,39.80137752,39.99360854,40.7249308,40.55593372,[],[],40.26315416,40.27477113,EPSG:4326
TR-D-69-003,district,TR-P-69,TR-R-KAR,Karadeniz,Demirözü,demirozu,demirozu-bayburt,69,003,,,,,,TUR069003,Bayburt,40.09129475,39.83765388,39.65348363,39.95217516,40.02182413,40.23041434,[],[],39.83765388,40.09129475,EPSG:4326
TR-D-70-001,district,TR-P-70,TR-R-ICA,İç Anadolu,Ayrancı,ayranci,ayranci-karaman,70,001,,,,,,TUR070001,Karaman,37.28503579,33.88227891,33.5045368,37.00794732,34.26002102,37.56212426,[],[],33.88227891,37.28503579,EPSG:4326
TR-D-70-002,district,TR-P-70,TR-R-ICA,İç Anadolu,Başyayla,basyayla,basyayla-karaman,70,002,,,,,,TUR070002,Karaman,36.7517858,32.67041644,32.57524668,36.67113361,32.7655862,36.832438,[],[],32.67041644,36.7517858,EPSG:4326
TR-D-70-003,district,TR-P-70,TR-R-ICA,İç Anadolu,Ermenek,ermenek,ermenek-karaman,70,003,,,,,,TUR070003,Karaman,36.63842443,32.95111097,32.66956859,36.43588177,33.23265336,36.84096709,[],[],32.95111097,36.63842443,EPSG:4326
TR-D-70-004,district,TR-P-70,TR-R-ICA,İç Anadolu,Karaman Merkez,karaman merkez,karaman-merkez-karaman,70,004,,,,,,TUR070004,Karaman,37.1887984,33.25171038,32.76992055,36.81186744,33.7335002,37.56572936,[],[],33.25171038,37.1887984,EPSG:4326
TR-D-70-005,district,TR-P-70,TR-R-ICA,İç Anadolu,Kazımkarabekir,kazimkarabekir,kazimkarabekir-karaman,70,005,,,,,,TUR070005,Karaman,37.27779125,32.93468788,32.79143011,37.15003212,33.07794565,37.40555037,[],[],32.93468788,37.27779125,EPSG:4326
TR-D-70-006,district,TR-P-70,TR-R-ICA,İç Anadolu,Sarıveliler,sariveliler,sariveliler-karaman,70,006,,,,,,TUR070006,Karaman,36.66428492,32.60450953,32.48470308,36.50071388,32.72431598,36.82785596,[],[],32.60450953,36.66428492,EPSG:4326
TR-D-71-001,district,TR-P-71,TR-R-ICA,İç Anadolu,Bahşili,bahsili,bahsili-kirikkale,71,001,,,,,,TUR071001,Kırıkkale,39.72811236,33.33697742,33.18538143,39.6274957,33.48857341,39.82872901,[],[],33.33697742,39.72811236,EPSG:4326
TR-D-71-002,district,TR-P-71,TR-R-ICA,İç Anadolu,Balışeyh,baliseyh,baliseyh-kirikkale,71,002,,,,,,TUR071002,Kırıkkale,39.94554394,33.74661274,33.5803321,39.78477313,33.91289338,40.10631476,[],[],33.74661274,39.94554394,EPSG:4326
TR-D-71-003,district,TR-P-71,TR-R-ICA,İç Anadolu,Çelebi,celebi,celebi-kirikkale,71,003,,,,,,TUR071003,Kırıkkale,39.48904352,33.49737639,33.38501088,39.40650757,33.6097419,39.57157947,[],[],33.49737639,39.48904352,EPSG:4326
TR-D-71-004,district,TR-P-71,TR-R-ICA,İç Anadolu,Delice,delice,delice-kirikkale,71,004,,,,,,TUR071004,Kırıkkale,39.95953022,34.02989714,33.83383694,39.72045237,34.22595734,40.19860807,[],[],34.02989714,39.95953022,EPSG:4326
TR-D-71-005,district,TR-P-71,TR-R-ICA,İç Anadolu,Karakeçili,karakecili,karakecili-kirikkale,71,005,,,,,,TUR071005,Kırıkkale,39.57222922,33.37218598,33.29637773,39.47165518,33.44799423,39.67280326,[],[],33.37218598,39.57222922,EPSG:4326
TR-D-71-006,district,TR-P-71,TR-R-ICA,İç Anadolu,Keskin,keskin,keskin-kirikkale,71,006,,,,,,TUR071006,Kırıkkale,39.63041401,33.68379175,33.39188849,39.45204028,33.975695,39.80878774,[],[],33.68379175,39.63041401,EPSG:4326
TR-D-71-007,district,TR-P-71,TR-R-ICA,İç Anadolu,Kırıkkale Merkez,kirikkale merkez,kirikkale-merkez-kirikkale,71,007,,,,,,TUR071007,Kırıkkale,39.88384656,33.53399033,33.37353516,39.68034239,33.6944455,40.08735072,[],[],33.53399033,39.88384656,EPSG:4326
TR-D-71-008,district,TR-P-71,TR-R-ICA,İç Anadolu,Sulakyurt,sulakyurt,sulakyurt-kirikkale,71,008,,,,,,TUR071008,Kırıkkale,40.18571151,33.7710666,33.56400207,40.03891424,33.97813113,40.33250879,[],[],33.7710666,40.18571151,EPSG:4326
TR-D-71-009,district,TR-P-71,TR-R-ICA,İç Anadolu,Yahşihan,yahsihan,yahsihan-kirikkale,71,009,,,,,,TUR071009,Kırıkkale,39.90640524,33.41034122,33.2555694,39.77329515,33.56511303,40.03951533,[],[],33.41034122,39.90640524,EPSG:4326
TR-D-72-001,district,TR-P-72,TR-R-GDA,Güneydoğu Anadolu,Batman Merkez,batman merkez,batman-merkez-batman,72,001,,,,,,TUR072001,Batman,37.8966963,41.23265806,40.98844657,37.71322529,41.47686956,38.08016731,[],[],41.23265806,37.8966963,EPSG:4326
TR-D-72-002,district,TR-P-72,TR-R-GDA,Güneydoğu Anadolu,Beşiri,besiri,besiri-batman,72,002,,,,,,TUR072002,Batman,37.91064332,41.45485838,41.20406914,37.72550389,41.70564762,38.09578274,[],[],41.45485838,37.91064332,EPSG:4326
TR-D-72-003,district,TR-P-72,TR-R-GDA,Güneydoğu Anadolu,Gercüş,gercus,gercus-batman,72,003,,,,,,TUR072003,Batman,37.64104405,41.37480943,41.0213995,37.49516506,41.72821935,37.78692303,[],[],41.37480943,37.64104405,EPSG:4326
TR-D-72-004,district,TR-P-72,TR-R-GDA,Güneydoğu Anadolu,Hasankeyf,hasankeyf,hasankeyf-batman,72,004,,,,,,TUR072004,Batman,37.697292,41.50701426,41.19191529,37.63144531,41.82211322,37.7631387,[],[],41.50701426,37.697292,EPSG:4326
TR-D-72-005,district,TR-P-72,TR-R-GDA,Güneydoğu Anadolu,Kozluk,kozluk,kozluk-batman,72,005,,,,,,TUR072005,Batman,38.19124392,41.41947337,41.16913873,37.99132635,41.66980801,38.39116149,[],[],41.41947337,38.19124392,EPSG:4326
TR-D-72-006,district,TR-P-72,TR-R-GDA,Güneydoğu Anadolu,Sason,sason,sason-batman,72,006,,,,,,TUR072006,Batman,38.39339487,41.41826559,41.17485728,38.24210343,41.6616739,38.54468631,[],[],41.41826559,38.39339487,EPSG:4326
TR-D-73-001,district,TR-P-73,TR-R-GDA,Güneydoğu Anadolu,Beytüşşebap,beytussebap,beytussebap-sirnak,73,001,,,,,,TUR073001,Şırnak,37.57804864,43.07356656,42.64507012,37.39173029,43.502063,37.764367,[],[],43.07356656,37.57804864,EPSG:4326
TR-D-73-002,district,TR-P-73,TR-R-GDA,Güneydoğu Anadolu,Cizre,cizre,cizre-sirnak,73,002,,,,,,TUR073002,Şırnak,37.28542508,42.16582832,41.91357397,37.15672776,42.41808268,37.41412239,[],[],42.16582832,37.28542508,EPSG:4326
TR-D-73-003,district,TR-P-73,TR-R-GDA,Güneydoğu Anadolu,Güçlükonak,guclukonak,guclukonak-sirnak,73,003,,,,,,TUR073003,Şırnak,37.54304208,41.96855295,41.8127858,37.3849964,42.1243201,37.70108776,[],[],41.96855295,37.54304208,EPSG:4326
TR-D-73-004,district,TR-P-73,TR-R-GDA,Güneydoğu Anadolu,İdil,idil,idil-sirnak,73,004,,,,,,TUR073004,Şırnak,37.28624289,41.8197298,41.53650799,37.11422563,42.10295162,37.45826014,[],[],41.8197298,37.28624289,EPSG:4326
TR-D-73-005,district,TR-P-73,TR-R-GDA,Güneydoğu Anadolu,Silopi,silopi,silopi-sirnak,73,005,,,,,,TUR073005,Şırnak,37.26845025,42.52110429,42.31129824,37.10052809,42.73091034,37.43637242,[],[],42.52110429,37.26845025,EPSG:4326
TR-D-73-006,district,TR-P-73,TR-R-GDA,Güneydoğu Anadolu,Şırnak Merkez,sirnak merkez,sirnak-merkez-sirnak,73,006,,,,,,TUR073006,Şırnak,37.5549653,42.44045213,42.03476358,37.36261682,42.84614068,37.74731377,[],[],42.44045213,37.5549653,EPSG:4326
TR-D-73-007,district,TR-P-73,TR-R-GDA,Güneydoğu Anadolu,Uludere,uludere,uludere-sirnak,73,007,,,,,,TUR073007,Şırnak,37.42824285,42.98250439,42.62940195,37.30354233,43.33560683,37.55294337,[],[],42.98250439,37.42824285,EPSG:4326
TR-D-74-001,district,TR-P-74,TR-R-KAR,Karadeniz,Amasra,amasra,amasra-bartin,74,001,,,,,,TUR074001,Bartın,41.74516755,32.43128194,32.27952646,41.67876651,32.58303741,41.81156858,[],[],32.43128194,41.74516755,EPSG:4326
TR-D-74-002,district,TR-P-74,TR-R-KAR,Karadeniz,Bartın Merkez,bartin merkez,bartin-merkez-bartin,74,002,,,,,,TUR074002,Bartın,41.51704988,32.43142621,32.09561254,41.27073253,32.76723988,41.76336724,[],[],32.43142621,41.51704988,EPSG:4326
TR-D-74-003,district,TR-P-74,TR-R-KAR,Karadeniz,Kurucaşile,kurucasile,kurucasile-bartin,74,003,,,,,,TUR074003,Bartın,41.7822927,32.66855553,32.55989963,41.71501584,32.77721144,41.84956956,[],[],32.66855553,41.7822927,EPSG:4326
TR-D-74-004,district,TR-P-74,TR-R-KAR,Karadeniz,Ulus,ulus,ulus-bartin,74,004,,,,,,TUR074004,Bartın,41.56374428,32.67059494,32.39632249,41.38333225,32.94486739,41.74415631,[],[],32.67059494,41.56374428,EPSG:4326
TR-D-75-001,district,TR-P-75,TR-R-DOA,Doğu Anadolu,Ardahan Merkez,ardahan merkez,ardahan-merkez-ardahan,75,001,,,,,,TUR075001,Ardahan,41.05774354,42.67836457,42.27772328,40.87344935,43.07900586,41.24203773,[],[],42.67836457,41.05774354,EPSG:4326
TR-D-75-002,district,TR-P-75,TR-R-DOA,Doğu Anadolu,Çıldır,cildir,cildir-ardahan,75,002,,,,,,TUR075002,Ardahan,41.17972092,43.19356824,42.91172464,40.98354668,43.47541184,41.37589515,[],[],43.19356824,41.17972092,EPSG:4326
TR-D-75-003,district,TR-P-75,TR-R-DOA,Doğu Anadolu,Damal,damal,damal-ardahan,75,003,,,,,,TUR075003,Ardahan,41.35491692,42.85739082,42.68268271,41.27111489,43.03209893,41.43871895,[],[],42.85739082,41.35491692,EPSG:4326
TR-D-75-004,district,TR-P-75,TR-R-DOA,Doğu Anadolu,Göle,gole,gole-ardahan,75,004,,,,,,TUR075004,Ardahan,40.82625438,42.62530807,42.32732496,40.62374443,42.92329118,41.02876434,[],[],42.62530807,40.82625438,EPSG:4326
TR-D-75-005,district,TR-P-75,TR-R-DOA,Doğu Anadolu,Hanak,hanak,hanak-ardahan,75,005,,,,,,TUR075005,Ardahan,41.26982965,42.82398419,42.54949994,41.15266174,43.09846844,41.38699756,[],[],42.82398419,41.26982965,EPSG:4326
TR-D-75-006,district,TR-P-75,TR-R-DOA,Doğu Anadolu,Posof,posof,posof-ardahan,75,006,,,,,,TUR075006,Ardahan,41.47752091,42.76711479,42.51258666,41.35421994,43.02164293,41.60082189,[],[],42.76711479,41.47752091,EPSG:4326
TR-D-76-001,district,TR-P-76,TR-R-DOA,Doğu Anadolu,Aralık,aralik,aralik-igdir,76,001,,,,,,TUR076001,Iğdır,39.81130205,44.55167218,44.28551075,39.62927554,44.8178336,39.99332857,[],[],44.55167218,39.81130205,EPSG:4326
TR-D-76-002,district,TR-P-76,TR-R-DOA,Doğu Anadolu,Iğdır Merkez,igdir merkez,igdir-merkez-igdir,76,002,,,,,,TUR076002,Iğdır,39.86955312,44.02275243,43.7096274,39.69421554,44.33587745,40.04489071,[],[],44.02275243,39.86955312,EPSG:4326
TR-D-76-003,district,TR-P-76,TR-R-DOA,Doğu Anadolu,Karakoyunlu,karakoyunlu,karakoyunlu-igdir,76,003,,,,,,TUR076003,Iğdır,39.92545099,44.27237046,44.10466506,39.80150626,44.44007585,40.04939573,[],[],44.27237046,39.92545099,EPSG:4326
TR-D-76-004,district,TR-P-76,TR-R-DOA,Doğu Anadolu,Tuzluca,tuzluca,tuzluca-igdir,76,004,,,,,,TUR076004,Iğdır,39.95949199,43.54430775,43.24836181,39.77494262,43.8402537,40.14404137,[],[],43.54430775,39.95949199,EPSG:4326
TR-D-77-001,district,TR-P-77,TR-R-MAR,Marmara,Altınova,altinova,altinova-yalova,77,001,,,,,,TUR077001,Yalova,40.641883,29.48849454,29.41863496,40.54065701,29.55835412,40.743109,[],[],29.48849454,40.641883,EPSG:4326
TR-D-77-002,district,TR-P-77,TR-R-MAR,Marmara,Armutlu,armutlu,armutlu-yalova,77,002,,,,,,TUR077002,Yalova,40.52395848,28.895716,28.779544,40.456189,29.01188799,40.59172796,[],[],28.895716,40.52395848,EPSG:4326
TR-D-77-003,district,TR-P-77,TR-R-MAR,Marmara,Çiftlikköy,ciftlikkoy,ciftlikkoy-yalova,77,003,,,,,,TUR077003,Yalova,40.62355302,29.39292001,29.30349204,40.54499503,29.48234797,40.70211101,[],[],29.39292001,40.62355302,EPSG:4326
TR-D-77-004,district,TR-P-77,TR-R-MAR,Marmara,Çınarcık,cinarcik,cinarcik-yalova,77,004,,,,,,TUR077004,Yalova,40.60668152,29.04972779,28.90601505,40.55220502,29.19344052,40.66115802,[],[],29.04972779,40.60668152,EPSG:4326
TR-D-77-005,district,TR-P-77,TR-R-MAR,Marmara,Termal,termal,termal-yalova,77,005,,,,,,TUR077005,Yalova,40.59605165,29.17512894,29.13278901,40.53549299,29.21746887,40.65661032,[],[],29.17512894,40.59605165,EPSG:4326
TR-D-77-006,district,TR-P-77,TR-R-MAR,Marmara,Yalova Merkez,yalova merkez,yalova-merkez-yalova,77,006,,,,,,TUR077006,Yalova,40.59410302,29.26791356,29.18543303,40.52057904,29.35039409,40.66762701,[],[],29.26791356,40.59410302,EPSG:4326
TR-D-78-001,district,TR-P-78,TR-R-KAR,Karadeniz,Eflani,eflani,eflani-karabuk,78,001,,,,,,TUR078001,Karabük,41.43927482,32.98316704,32.80615126,41.28777422,33.16018281,41.59077543,[],[],32.98316704,41.43927482,EPSG:4326
TR-D-78-002,district,TR-P-78,TR-R-KAR,Karadeniz,Eskipazar,eskipazar,eskipazar-karabuk,78,002,,,,,,TUR078002,Karabük,40.92395867,32.56997676,32.31276867,40.7974612,32.82718486,41.05045613,[],[],32.56997676,40.92395867,EPSG:4326
TR-D-78-003,district,TR-P-78,TR-R-KAR,Karadeniz,Karabük Merkez,karabuk merkez,karabuk-merkez-karabuk,78,003,,,,,,TUR078003,Karabük,41.14106847,32.61341954,32.39978863,40.98276595,32.82705044,41.29937099,[],[],32.61341954,41.14106847,EPSG:4326
TR-D-78-004,district,TR-P-78,TR-R-KAR,Karadeniz,Ovacık,ovacik,ovacik-karabuk,78,004,,,,,,TUR078004,Karabük,41.05021582,32.94001338,32.78724536,40.93802474,33.0927814,41.1624069,[],[],32.94001338,41.05021582,EPSG:4326
TR-D-78-005,district,TR-P-78,TR-R-KAR,Karadeniz,Safranbolu,safranbolu,safranbolu-karabuk,78,005,,,,,,TUR078005,Karabük,41.34579595,32.80080729,32.59996101,41.12778867,33.00165358,41.56380324,[],[],32.80080729,41.34579595,EPSG:4326
TR-D-78-006,district,TR-P-78,TR-R-KAR,Karadeniz,Yenice,yenice,yenice-karabuk,78,006,,,,,,TUR078006,Karabük,41.16396145,32.3021199,32.08801593,41.00337467,32.51622388,41.32454824,[],[],32.3021199,41.16396145,EPSG:4326
TR-D-79-001,district,TR-P-79,TR-R-GDA,Güneydoğu Anadolu,Elbeyli,elbeyli,elbeyli-kilis,79,001,,,,,,TUR079001,Kilis,36.73018598,37.44382216,37.31904715,36.63205995,37.56859716,36.82831202,[],[],37.44382216,36.73018598,EPSG:4326
TR-D-79-002,district,TR-P-79,TR-R-GDA,Güneydoğu Anadolu,Kilis Merkez,kilis merkez,kilis-merkez-kilis,79,002,,,,,,TUR079002,Kilis,36.76665913,37.03660344,36.70356283,36.63428292,37.36964404,36.89903535,[],[],37.03660344,36.76665913,EPSG:4326
TR-D-79-003,district,TR-P-79,TR-R-GDA,Güneydoğu Anadolu,Musabeyli,musabeyli,musabeyli-kilis,79,003,,,,,,TUR079003,Kilis,36.91551768,36.91945087,36.74270014,36.80977387,37.09620161,37.0212615,[],[],36.91945087,36.91551768,EPSG:4326
TR-D-79-004,district,TR-P-79,TR-R-GDA,Güneydoğu Anadolu,Polateli,polateli,polateli-kilis,79,004,,,,,,TUR079004,Kilis,36.84174534,37.12014436,36.98210627,36.77666005,37.25818244,36.90683064,[],[],37.12014436,36.84174534,EPSG:4326
TR-D-80-001,district,TR-P-80,TR-R-AKD,Akdeniz,Bahçe,bahce,bahce-osmaniye,80,001,,,,,,TUR080001,Osmaniye,37.21467277,36.57774326,36.43149956,37.1394639,36.72398697,37.28988165,[],[],36.57774326,37.21467277,EPSG:4326
TR-D-80-002,district,TR-P-80,TR-R-AKD,Akdeniz,Düziçi,duzici,duzici-osmaniye,80,002,,,,,,TUR080002,Osmaniye,37.30118255,36.45292414,36.23608039,37.16842555,36.6697679,37.43393954,[],[],36.45292414,37.30118255,EPSG:4326
TR-D-80-003,district,TR-P-80,TR-R-AKD,Akdeniz,Hasanbeyli,hasanbeyli,hasanbeyli-osmaniye,80,003,,,,,,TUR080003,Osmaniye,37.09933047,36.5298662,36.40706128,37.01663468,36.65267112,37.18202626,[],[],36.5298662,37.09933047,EPSG:4326
TR-D-80-004,district,TR-P-80,TR-R-AKD,Akdeniz,Kadirli,kadirli,kadirli-osmaniye,80,004,,,,,,TUR080004,Osmaniye,37.46132277,36.07692525,35.87613543,37.17428713,36.27771507,37.7483584,[],[],36.07692525,37.46132277,EPSG:4326
TR-D-80-005,district,TR-P-80,TR-R-AKD,Akdeniz,Osmaniye Merkez,osmaniye merkez,osmaniye-merkez-osmaniye,80,005,,,,,,TUR080005,Osmaniye,37.09298999,36.26227137,35.99639371,36.91738812,36.52814902,37.26859185,[],[],36.26227137,37.09298999,EPSG:4326
TR-D-80-006,district,TR-P-80,TR-R-AKD,Akdeniz,Sumbas,sumbas,sumbas-osmaniye,80,006,,,,,,TUR080006,Osmaniye,37.56316809,36.06234068,35.91949289,37.37803003,36.20518846,37.74830615,[],[],36.06234068,37.56316809,EPSG:4326
TR-D-80-007,district,TR-P-80,TR-R-AKD,Akdeniz,Toprakkale,toprakkale,toprakkale-osmaniye,80,007,,,,,,TUR080007,Osmaniye,37.06185842,36.11324216,36.04544509,36.99971029,36.18103923,37.12400654,[],[],36.11324216,37.06185842,EPSG:4326
TR-D-81-001,district,TR-P-81,TR-R-KAR,Karadeniz,Akçakoca,akcakoca,akcakoca-duzce,81,001,,,,,,TUR081001,Düzce,41.01799623,31.15608681,30.93758625,40.92294062,31.37458736,41.11305183,[],[],31.15608681,41.01799623,EPSG:4326
TR-D-81-002,district,TR-P-81,TR-R-KAR,Karadeniz,Cumayeri,cumayeri,cumayeri-duzce,81,002,,,,,,TUR081002,Düzce,40.91466634,30.9053971,30.80032213,40.859389,31.01047207,40.96994368,[],[],30.9053971,40.91466634,EPSG:4326
TR-D-81-003,district,TR-P-81,TR-R-KAR,Karadeniz,Çilimli,cilimli,cilimli-duzce,81,003,,,,,,TUR081003,Düzce,40.89720456,31.04483735,30.97306531,40.84037871,31.1166094,40.9540304,[],[],31.04483735,40.89720456,EPSG:4326
TR-D-81-004,district,TR-P-81,TR-R-KAR,Karadeniz,Düzce Merkez,duzce merkez,duzce-merkez-duzce,81,004,,,,,,TUR081004,Düzce,40.8110747,31.2219171,31.00607621,40.62166004,31.437758,41.00048936,[],[],31.2219171,40.8110747,EPSG:4326
TR-D-81-005,district,TR-P-81,TR-R-KAR,Karadeniz,Gölyaka,golyaka,golyaka-duzce,81,005,,,,,,TUR081005,Düzce,40.74869042,30.9664729,30.86374357,40.66189873,31.06920223,40.83548211,[],[],30.9664729,40.74869042,EPSG:4326
TR-D-81-006,district,TR-P-81,TR-R-KAR,Karadeniz,Gümüşova,gumusova,gumusova-duzce,81,006,,,,,,TUR081006,Düzce,40.83452052,30.90425378,30.77798591,40.75727903,31.03052164,40.91176201,[],[],30.90425378,40.83452052,EPSG:4326
TR-D-81-007,district,TR-P-81,TR-R-KAR,Karadeniz,Kaynaşlı,kaynasli,kaynasli-duzce,81,007,,,,,,TUR081007,Düzce,40.74427694,31.32214795,31.22441105,40.63919504,31.41988486,40.84935884,[],[],31.32214795,40.74427694,EPSG:4326
TR-D-81-008,district,TR-P-81,TR-R-KAR,Karadeniz,Yığılca,yigilca,yigilca-duzce,81,008,,,,,,TUR081008,Düzce,40.90721272,31.55198056,31.25406391,40.77305404,31.8498972,41.0413714,[],[],31.55198056,40.90721272,EPSG:4326