{"type":"FeatureCollection","name":"turkiye_map.dist.mahalle_geometrileri_by_district.TR-D-22-007","features":[{"type":"Feature","properties":{"id":"TR-Y-22-007-K-0001","level":"yerlesim","type":"mahalle","parent_id":"TR-D-22-007","province_id":"TR-P-22","district_id":"TR-D-22-007","name":"Adasarhanlı","source_raw_name":"Adasarhanlı","source":"Kullanıcı tarafından sağlanan KML","source_label":"Kullanıcı tarafından sağlanan KML","source_name":"Edirne Mahalle KML - kullanıcı tarafından sağlandı"},"geometry":{"type":"Polygon","coordinates":[[[26.370112,41.090129],[26.37044,41.08988],[26.371333,41.089899],[26.371984,41.089918],[26.372785,41.089663],[26.372709,41.089347],[26.372829,41.089375],[26.372886,41.089392],[26.372899,41.089398],[26.372915,41.089414],[26.372922,41.089421],[26.37282,41.08917],[26.372694,41.088907],[26.372595,41.088679],[26.372131,41.088088],[26.371857,41.087696],[26.372401,41.087483],[26.373216,41.087129],[26.372657,41.086106],[26.372497,41.085836],[26.373586,41.085325],[26.37295,41.08424],[26.372665,41.083765],[26.372667,41.083761],[26.372665,41.083757],[26.373133,41.083193],[26.373556,41.083171],[26.374165,41.083136],[26.374903,41.083079],[26.37496,41.08287],[26.374968,41.082851],[26.375331,41.082787],[26.37528,41.082638],[26.375283,41.082637],[26.37528,41.08263],[26.375419,41.082585],[26.375242,41.081869],[26.375243,41.081865],[26.375242,41.081861],[26.375314,41.081644],[26.375463,41.081103],[26.375707,41.080201],[26.376289,41.078138],[26.376997,41.075568],[26.377146,41.075065],[26.377823,41.07328],[26.378295,41.071962],[26.379278,41.070344],[26.380374,41.068772],[26.381212,41.067558],[26.382632,41.065403],[26.383789,41.063625],[26.384181,41.063031],[26.384455,41.062395],[26.386725,41.059175],[26.38759,41.057986],[26.387418,41.057918],[26.387352,41.057896],[26.387206,41.057831],[26.386577,41.057597],[26.385949,41.05738],[26.385395,41.057163],[26.384659,41.056872],[26.383791,41.056472],[26.382563,41.05589],[26.381832,41.055461],[26.381204,41.055096],[26.380581,41.054896],[26.379462,41.054525],[26.379034,41.054376],[26.378131,41.053897],[26.377269,41.053457],[26.376549,41.053097],[26.376138,41.053],[26.375687,41.05296],[26.375453,41.052949],[26.374168,41.053211],[26.373626,41.053331],[26.372912,41.053457],[26.372592,41.053434],[26.372284,41.053411],[26.37181,41.053251],[26.371507,41.053148],[26.371444,41.053074],[26.371141,41.052823],[26.370947,41.052663],[26.37097,41.052395],[26.370805,41.051989],[26.370856,41.051412],[26.370947,41.050527],[26.371124,41.050247],[26.371124,41.050225],[26.371347,41.049808],[26.371872,41.048763],[26.372135,41.048523],[26.372215,41.048391],[26.37282,41.047375],[26.373298,41.046544],[26.373625,41.045981],[26.373948,41.045431],[26.374139,41.045065],[26.374422,41.044916],[26.374613,41.044788],[26.375107,41.044474],[26.375278,41.044437],[26.376,41.044286],[26.376454,41.04418],[26.376646,41.044128],[26.377474,41.043903],[26.37813,41.043714],[26.378436,41.043515],[26.379127,41.043069],[26.379247,41.042963],[26.37953,41.042712],[26.379592,41.042612],[26.379884,41.042184],[26.380335,41.041522],[26.380126,41.040985],[26.379858,41.040548],[26.379324,41.040222],[26.378479,41.040134],[26.377933,41.040085],[26.377331,41.040057],[26.376777,41.040037],[26.376212,41.040014],[26.375458,41.039791],[26.375212,41.03972],[26.374296,41.039209],[26.374099,41.039052],[26.373536,41.038658],[26.373408,41.038246],[26.373234,41.037673],[26.373359,41.037296],[26.37351,41.036864],[26.373867,41.036228],[26.37495,41.035817],[26.375721,41.035514],[26.376252,41.035343],[26.377097,41.035057],[26.378062,41.034789],[26.378664,41.034629],[26.379221,41.034637],[26.380312,41.034654],[26.381003,41.034652],[26.381397,41.033519],[26.38174,41.032994],[26.382375,41.031989],[26.382772,41.031433],[26.38287,41.030931],[26.383022,41.030176],[26.383039,41.029879],[26.383072,41.029313],[26.382848,41.029091],[26.382649,41.028894],[26.38258,41.028808],[26.382477,41.028672],[26.382449,41.028615],[26.382458,41.028575],[26.382401,41.02848],[26.38204,41.028469],[26.381784,41.028476],[26.381684,41.02848],[26.381589,41.028489],[26.381533,41.028495],[26.381452,41.028509],[26.381332,41.028524],[26.381247,41.028538],[26.381167,41.028553],[26.381048,41.028578],[26.380971,41.028594],[26.380876,41.028618],[26.38076,41.028647],[26.380657,41.028671],[26.380562,41.028698],[26.380467,41.028728],[26.380377,41.028759],[26.380214,41.028819],[26.3801,41.028851],[26.379939,41.028896],[26.379857,41.028814],[26.379678,41.028874],[26.379595,41.028899],[26.379506,41.028928],[26.379369,41.02897],[26.37918,41.029028],[26.379072,41.029061],[26.379067,41.029069],[26.379059,41.0291],[26.378987,41.029123],[26.378871,41.029149],[26.378459,41.029212],[26.378237,41.029223],[26.377937,41.029229],[26.377674,41.029217],[26.377266,41.029155],[26.376929,41.029072],[26.376712,41.028986],[26.376489,41.028892],[26.376135,41.028723],[26.375801,41.028498],[26.375507,41.028275],[26.375176,41.027964],[26.374965,41.02771],[26.374882,41.027573],[26.374827,41.027453],[26.37479,41.027333],[26.374748,41.027104],[26.374759,41.026887],[26.374776,41.02677],[26.374853,41.026582],[26.374902,41.026453],[26.374984,41.026328],[26.375116,41.026139],[26.375321,41.025917],[26.375513,41.025771],[26.375895,41.025511],[26.376227,41.025306],[26.376432,41.025134],[26.376501,41.025111],[26.376746,41.024849],[26.376952,41.024409],[26.377077,41.024118],[26.37718,41.023998],[26.377603,41.023427],[26.377066,41.022844],[26.377066,41.022799],[26.376769,41.022016],[26.376301,41.021097],[26.376015,41.020726],[26.375667,41.020269],[26.374748,41.019932],[26.375113,41.019224],[26.375147,41.019212],[26.37577,41.019155],[26.37545,41.018835],[26.37513,41.018498],[26.374839,41.018538],[26.374742,41.018436],[26.373491,41.017265],[26.372572,41.01642],[26.372478,41.016063],[26.371693,41.015668],[26.371303,41.015473],[26.370718,41.016001],[26.369742,41.016877],[26.368871,41.017643],[26.368481,41.018],[26.368048,41.018395],[26.367448,41.018918],[26.366906,41.019408],[26.366885,41.019427],[26.366912,41.01986],[26.36681,41.020047],[26.366676,41.020309],[26.366559,41.020536],[26.366407,41.020826],[26.366257,41.021117],[26.366164,41.021291],[26.366064,41.021485],[26.365952,41.0217],[26.365812,41.021964],[26.365732,41.02212],[26.365662,41.022257],[26.365625,41.022331],[26.365538,41.022491],[26.365459,41.022647],[26.365378,41.022801],[26.365318,41.022914],[26.365199,41.022995],[26.364912,41.023186],[26.364614,41.023387],[26.364361,41.023555],[26.364057,41.023758],[26.36378,41.023944],[26.36347,41.02415],[26.363058,41.024428],[26.362666,41.024689],[26.362429,41.024847],[26.362194,41.025006],[26.361959,41.025098],[26.361794,41.025164],[26.361579,41.02525],[26.361336,41.025344],[26.361096,41.02544],[26.360896,41.02552],[26.360739,41.025582],[26.360583,41.025644],[26.360439,41.0257],[26.360329,41.025745],[26.36024,41.02578],[26.359967,41.025888],[26.359739,41.025978],[26.359635,41.02602],[26.359489,41.026077],[26.35937,41.026125],[26.359038,41.026257],[26.358848,41.026333],[26.358552,41.02645],[26.358387,41.026516],[26.358249,41.026571],[26.358106,41.026628],[26.358001,41.026669],[26.357877,41.026718],[26.357775,41.026759],[26.357687,41.026794],[26.357624,41.026819],[26.357544,41.026851],[26.357487,41.026874],[26.357382,41.026915],[26.357306,41.026945],[26.357279,41.026956],[26.357137,41.027013],[26.357061,41.027044],[26.357,41.027069],[26.356921,41.027101],[26.356868,41.027122],[26.356797,41.027151],[26.35676,41.027167],[26.356656,41.027208],[26.356531,41.027259],[26.35643,41.0273],[26.356321,41.027345],[26.356144,41.027416],[26.356019,41.027467],[26.355915,41.027509],[26.355796,41.027557],[26.355775,41.027566],[26.355607,41.027634],[26.355502,41.027677],[26.355414,41.027712],[26.355307,41.027756],[26.355273,41.02777],[26.355221,41.02779],[26.355182,41.027807],[26.355153,41.027819],[26.35512,41.027832],[26.354974,41.027891],[26.354849,41.027942],[26.354729,41.027991],[26.35461,41.028039],[26.354523,41.028074],[26.354436,41.028109],[26.354334,41.028151],[26.354195,41.028207],[26.353964,41.028301],[26.35378,41.028376],[26.353571,41.028461],[26.347457,41.029311],[26.34551,41.030718],[26.34426,41.032876],[26.343665,41.034001],[26.343167,41.035446],[26.342173,41.038277],[26.33887,41.040316],[26.337719,41.040584],[26.331075,41.040439],[26.328474,41.040713],[26.32726,41.041286],[26.32679,41.041954],[26.326643,41.042563],[26.327219,41.043329],[26.329378,41.044958],[26.329577,41.045187],[26.330411,41.046305],[26.330692,41.048365],[26.330457,41.049782],[26.329671,41.05176],[26.329303,41.052306],[26.328136,41.054129],[26.325487,41.057133],[26.321779,41.061213],[26.319193,41.063927],[26.317104,41.065287],[26.31621,41.065998],[26.314373,41.06832],[26.312463,41.07177],[26.312349,41.072989],[26.312132,41.074512],[26.31139,41.076109],[26.311232,41.077709],[26.31106,41.07873],[26.310999,41.080727],[26.310973,41.081123],[26.312303,41.083235],[26.313244,41.083835],[26.314424,41.084666],[26.315224,41.085602],[26.31534,41.085683],[26.31593,41.086089],[26.316501,41.086486],[26.317043,41.086856],[26.317041,41.086807],[26.317034,41.086427],[26.317032,41.086355],[26.317008,41.086318],[26.316988,41.086191],[26.316861,41.085962],[26.316594,41.085494],[26.317125,41.085285],[26.317677,41.085062],[26.317693,41.085079],[26.317742,41.08506],[26.318142,41.085551],[26.318315,41.085761],[26.319025,41.085481],[26.319411,41.085328],[26.320045,41.085077],[26.320651,41.084835],[26.320993,41.084687],[26.321235,41.084613],[26.321827,41.08442],[26.322069,41.084339],[26.322425,41.084575],[26.322705,41.084577],[26.323179,41.084525],[26.323289,41.084518],[26.323314,41.084498],[26.323603,41.084451],[26.323856,41.08443],[26.324199,41.084409],[26.324515,41.084377],[26.324751,41.084331],[26.324917,41.084299],[26.325994,41.084045],[26.326428,41.083941],[26.326519,41.083962],[26.326842,41.084823],[26.327147,41.085504],[26.327485,41.086254],[26.32772,41.086766],[26.327899,41.086756],[26.32859,41.086714],[26.329132,41.086665],[26.329434,41.086658],[26.329534,41.086646],[26.329951,41.086596],[26.33016,41.086577],[26.330346,41.086579],[26.330426,41.086608],[26.330474,41.08661],[26.330503,41.086651],[26.330586,41.086708],[26.330895,41.086993],[26.331233,41.087341],[26.331664,41.087855],[26.331916,41.0882],[26.332068,41.088435],[26.332237,41.088633],[26.332844,41.088228],[26.333027,41.08814],[26.333679,41.087802],[26.333789,41.088319],[26.333953,41.088661],[26.334533,41.088566],[26.334621,41.088566],[26.334695,41.088561],[26.335147,41.088521],[26.335102,41.088312],[26.335614,41.088288],[26.335849,41.088273],[26.33617,41.088226],[26.336451,41.088188],[26.336675,41.088119],[26.337003,41.088055],[26.33712,41.088028],[26.337113,41.088026],[26.337094,41.087883],[26.337705,41.087817],[26.337793,41.087795],[26.338267,41.0877],[26.338619,41.087643],[26.338555,41.087272],[26.338914,41.087241],[26.33914,41.087193],[26.339416,41.087172],[26.339666,41.087136],[26.340232,41.087048],[26.340294,41.087165],[26.340323,41.087198],[26.340687,41.087234],[26.341065,41.087181],[26.341372,41.087129],[26.341379,41.087165],[26.3414,41.087162],[26.341442,41.087508],[26.341476,41.087665],[26.341541,41.087908],[26.341153,41.087939],[26.341286,41.088826],[26.341351,41.089359],[26.341628,41.089309],[26.342146,41.089237],[26.342694,41.08921],[26.343361,41.089214],[26.343806,41.089199],[26.344179,41.089755],[26.344252,41.08985],[26.34464,41.090006],[26.344781,41.090082],[26.345074,41.090059],[26.345363,41.090025],[26.345839,41.089949],[26.346052,41.089854],[26.346307,41.089797],[26.346555,41.089743],[26.346806,41.08969],[26.346898,41.089823],[26.347023,41.089793],[26.347613,41.089709],[26.347556,41.089473],[26.347884,41.089328],[26.348055,41.089283],[26.348123,41.089187],[26.348367,41.089142],[26.349403,41.088883],[26.349703,41.088643],[26.349894,41.088597],[26.35021,41.088514],[26.350629,41.088449],[26.351028,41.088415],[26.351154,41.088392],[26.351314,41.088331],[26.35139,41.088243],[26.351424,41.088175],[26.351656,41.087897],[26.351843,41.08779],[26.352071,41.087634],[26.352578,41.08728],[26.353236,41.087071],[26.35364,41.08688],[26.353697,41.086884],[26.354009,41.086937],[26.354676,41.087208],[26.355022,41.087261],[26.355075,41.087288],[26.355311,41.087337],[26.35549,41.087329],[26.355662,41.087337],[26.356789,41.087657],[26.35795,41.087969],[26.358399,41.08822],[26.359035,41.088247],[26.359183,41.088331],[26.35961,41.088536],[26.359651,41.088632],[26.359846,41.088757],[26.359827,41.089039],[26.360196,41.089869],[26.361125,41.090634],[26.363899,41.090787],[26.365147,41.090803],[26.365924,41.090985],[26.36731,41.090909],[26.368589,41.09065],[26.3695,41.090567],[26.36966,41.090472],[26.370112,41.090129]]]}},{"type":"Feature","properties":{"id":"TR-Y-22-007-K-0002","level":"yerlesim","type":"mahalle","parent_id":"TR-D-22-007","province_id":"TR-P-22","district_id":"TR-D-22-007","name":"Akçadam","source_raw_name":"Akçadam","source":"Kullanıcı tarafından sağlanan KML","source_label":"Kullanıcı tarafından sağlanan KML","source_name":"Edirne Mahalle KML - kullanıcı tarafından sağlandı"},"geometry":{"type":"Polygon","coordinates":[[[26.548673,41.336416],[26.548617,41.335862],[26.54861,41.335779],[26.548581,41.335602],[26.548518,41.335236],[26.548451,41.334845],[26.548441,41.334524],[26.548655,41.334373],[26.548668,41.334076],[26.548678,41.333823],[26.548677,41.333782],[26.548647,41.333561],[26.548556,41.332897],[26.548521,41.332658],[26.548478,41.332327],[26.548459,41.33223],[26.548459,41.332178],[26.548464,41.332084],[26.548433,41.331975],[26.548353,41.331733],[26.548298,41.331561],[26.548203,41.331268],[26.548133,41.331061],[26.548048,41.330799],[26.547961,41.330527],[26.547924,41.330408],[26.547888,41.33034],[26.547804,41.330161],[26.547641,41.329802],[26.547574,41.329671],[26.547469,41.329494],[26.547313,41.329214],[26.547211,41.328985],[26.54711,41.328763],[26.547052,41.328639],[26.547041,41.328602],[26.547009,41.328375],[26.546963,41.328028],[26.546929,41.327783],[26.546906,41.327592],[26.546867,41.327298],[26.546829,41.327032],[26.546809,41.326842],[26.5467,41.326585],[26.546603,41.326356],[26.546577,41.326206],[26.546527,41.325937],[26.546474,41.325665],[26.546425,41.325402],[26.546319,41.324851],[26.546302,41.324741],[26.546211,41.324548],[26.545943,41.323974],[26.545692,41.323437],[26.545515,41.323104],[26.545299,41.32273],[26.545109,41.322396],[26.544887,41.322039],[26.544667,41.321629],[26.544543,41.321395],[26.544198,41.320747],[26.544023,41.320419],[26.543992,41.320368],[26.543853,41.320191],[26.543693,41.320077],[26.543602,41.32001],[26.543651,41.319936],[26.543752,41.319919],[26.543591,41.319667],[26.54359,41.319639],[26.54357,41.319608],[26.543543,41.319565],[26.543511,41.319517],[26.543496,41.319493],[26.543484,41.319475],[26.543443,41.319419],[26.543377,41.319318],[26.543337,41.319257],[26.5433,41.3192],[26.543266,41.319148],[26.543249,41.319123],[26.543224,41.319085],[26.543179,41.319022],[26.543162,41.318996],[26.543165,41.318996],[26.543038,41.318806],[26.543408,41.318883],[26.543446,41.318461],[26.543463,41.318272],[26.543491,41.318151],[26.5435,41.318094],[26.543547,41.318055],[26.544236,41.318094],[26.544974,41.318138],[26.544965,41.317876],[26.544956,41.317728],[26.544946,41.317592],[26.544938,41.317407],[26.544918,41.317256],[26.544889,41.317056],[26.545113,41.317016],[26.545108,41.316759],[26.545111,41.316579],[26.545103,41.316409],[26.545069,41.316158],[26.545011,41.315758],[26.544972,41.315473],[26.545023,41.315465],[26.545021,41.315432],[26.545135,41.31542],[26.545249,41.315404],[26.545276,41.315396],[26.545585,41.315316],[26.545604,41.315225],[26.545578,41.315053],[26.545546,41.314848],[26.545472,41.314279],[26.545422,41.313939],[26.545399,41.31379],[26.545383,41.313609],[26.545372,41.313467],[26.54536,41.313399],[26.545338,41.313295],[26.545308,41.313146],[26.545294,41.313079],[26.545339,41.313065],[26.545336,41.313039],[26.54556,41.312977],[26.545625,41.312906],[26.54569,41.312836],[26.545709,41.31282],[26.545737,41.312739],[26.545767,41.312701],[26.545801,41.312679],[26.545857,41.312655],[26.545905,41.312646],[26.546097,41.312638],[26.546192,41.312634],[26.546206,41.312471],[26.546217,41.312374],[26.546226,41.312256],[26.546231,41.312216],[26.546259,41.312101],[26.546288,41.31197],[26.546307,41.311897],[26.546349,41.311766],[26.546378,41.311686],[26.546411,41.311579],[26.546466,41.311461],[26.54647,41.311445],[26.546482,41.31135],[26.546502,41.31119],[26.546508,41.311178],[26.546545,41.311091],[26.546562,41.310962],[26.546599,41.310702],[26.546641,41.310498],[26.546676,41.310412],[26.546695,41.31037],[26.546752,41.310181],[26.546796,41.310036],[26.546847,41.310023],[26.546865,41.309984],[26.54697,41.309976],[26.547063,41.309871],[26.547106,41.309844],[26.547117,41.309705],[26.547124,41.309525],[26.547126,41.309494],[26.547125,41.30937],[26.547123,41.309299],[26.547116,41.309243],[26.54711,41.309192],[26.547111,41.3091],[26.5471,41.309029],[26.547087,41.308841],[26.54708,41.308683],[26.547078,41.308533],[26.547068,41.308299],[26.547058,41.308168],[26.547048,41.308012],[26.547038,41.30784],[26.54703,41.307681],[26.54702,41.307562],[26.547009,41.307443],[26.546995,41.307285],[26.546986,41.30718],[26.546977,41.30707],[26.546969,41.306964],[26.546959,41.30685],[26.546952,41.306745],[26.546946,41.306676],[26.546948,41.306657],[26.546973,41.306259],[26.54699,41.306001],[26.547008,41.305736],[26.547012,41.305625],[26.547176,41.305574],[26.547203,41.305288],[26.547211,41.305173],[26.547271,41.305045],[26.547281,41.305006],[26.547318,41.304859],[26.547311,41.304762],[26.547304,41.304617],[26.547306,41.304501],[26.547306,41.304474],[26.547309,41.304371],[26.547309,41.304245],[26.547304,41.304208],[26.547301,41.304177],[26.547278,41.304004],[26.547261,41.303883],[26.547214,41.303601],[26.547195,41.303527],[26.547178,41.303456],[26.547057,41.30321],[26.547313,41.30287],[26.547399,41.302756],[26.547463,41.3027],[26.547569,41.302608],[26.547645,41.302541],[26.547696,41.302498],[26.547734,41.302445],[26.547782,41.302377],[26.54785,41.302282],[26.547909,41.302206],[26.547939,41.302172],[26.547985,41.302139],[26.548036,41.3021],[26.548076,41.30207],[26.548141,41.30202],[26.548153,41.302013],[26.548208,41.301982],[26.548269,41.301947],[26.548315,41.301929],[26.548444,41.301878],[26.548571,41.301826],[26.548835,41.301692],[26.549012,41.301607],[26.549092,41.301572],[26.549101,41.301551],[26.549169,41.301411],[26.549169,41.301373],[26.549137,41.3013],[26.549121,41.301263],[26.54909,41.30119],[26.549051,41.301102],[26.549032,41.301058],[26.549024,41.301044],[26.549007,41.301016],[26.549006,41.301003],[26.548993,41.300956],[26.54897,41.300876],[26.548943,41.300784],[26.548934,41.300718],[26.54892,41.300672],[26.548894,41.300583],[26.548874,41.300522],[26.548618,41.300515],[26.548647,41.300449],[26.54863,41.300351],[26.548594,41.300066],[26.548497,41.299904],[26.548491,41.299876],[26.548398,41.299672],[26.548269,41.299417],[26.548199,41.299322],[26.548076,41.299153],[26.548006,41.299058],[26.547982,41.299016],[26.547897,41.298856],[26.547855,41.29878],[26.547827,41.298729],[26.547786,41.29865],[26.54774,41.298565],[26.547708,41.298505],[26.547691,41.298479],[26.547662,41.298434],[26.547623,41.298366],[26.547594,41.298324],[26.547577,41.298279],[26.547548,41.298212],[26.547533,41.298181],[26.547521,41.298159],[26.547476,41.298076],[26.547386,41.297907],[26.547356,41.297851],[26.547353,41.297841],[26.547281,41.297616],[26.547219,41.297424],[26.547196,41.297348],[26.547167,41.297314],[26.547115,41.297256],[26.547018,41.297147],[26.546951,41.29707],[26.546871,41.29698],[26.546831,41.296934],[26.546808,41.296899],[26.546767,41.296831],[26.546744,41.296792],[26.546724,41.296764],[26.5467,41.296737],[26.546653,41.296669],[26.546604,41.296602],[26.546537,41.296509],[26.546497,41.296454],[26.546472,41.296429],[26.546373,41.296335],[26.546326,41.296289],[26.546234,41.296214],[26.546116,41.29612],[26.546042,41.296058],[26.545959,41.295988],[26.545819,41.295868],[26.545642,41.295707],[26.545543,41.295628],[26.545552,41.295568],[26.545579,41.295508],[26.545686,41.29532],[26.545691,41.295294],[26.545722,41.295174],[26.545724,41.295029],[26.545722,41.294939],[26.545709,41.294852],[26.545562,41.293989],[26.545556,41.293949],[26.545552,41.293914],[26.545545,41.293872],[26.545533,41.293809],[26.545516,41.29372],[26.545499,41.293633],[26.545489,41.293576],[26.545477,41.293492],[26.545461,41.293384],[26.545445,41.293259],[26.545426,41.293117],[26.545404,41.292957],[26.545383,41.292813],[26.545371,41.292722],[26.545359,41.292625],[26.545345,41.292524],[26.545345,41.292461],[26.545345,41.292442],[26.545375,41.292445],[26.545398,41.292418],[26.545453,41.292431],[26.545532,41.292442],[26.545653,41.292457],[26.545686,41.292461],[26.545719,41.292484],[26.545738,41.292497],[26.54577,41.292502],[26.545781,41.292454],[26.54579,41.292403],[26.545812,41.29227],[26.546039,41.29225],[26.546096,41.292152],[26.54615,41.29206],[26.546195,41.29198],[26.546208,41.291955],[26.546239,41.291842],[26.5463,41.291605],[26.546383,41.291566],[26.546559,41.291417],[26.546598,41.29136],[26.546675,41.291246],[26.546685,41.291214],[26.546752,41.290935],[26.546777,41.290921],[26.54712,41.290725],[26.547257,41.290345],[26.547299,41.290226],[26.547336,41.290125],[26.547371,41.290025],[26.547402,41.289938],[26.547414,41.289904],[26.547416,41.289897],[26.547425,41.289858],[26.547454,41.289718],[26.547474,41.289619],[26.547484,41.289575],[26.547537,41.289571],[26.547602,41.289438],[26.547643,41.289356],[26.547703,41.289231],[26.547759,41.289118],[26.54781,41.289014],[26.547815,41.288998],[26.54786,41.288858],[26.547913,41.288689],[26.547945,41.288589],[26.547967,41.288521],[26.548043,41.288419],[26.54813,41.288301],[26.548193,41.288216],[26.548214,41.288188],[26.548233,41.288151],[26.54825,41.288116],[26.548282,41.288053],[26.548339,41.2879],[26.548357,41.287846],[26.548387,41.287766],[26.548423,41.287668],[26.54845,41.287593],[26.548469,41.287544],[26.548474,41.287531],[26.548521,41.287444],[26.548565,41.287363],[26.548597,41.2873],[26.548628,41.287246],[26.548637,41.287233],[26.548653,41.287212],[26.548706,41.287144],[26.548723,41.287103],[26.548774,41.28698],[26.548809,41.286897],[26.548845,41.28681],[26.548918,41.286735],[26.548981,41.286667],[26.549041,41.286604],[26.549154,41.286543],[26.549239,41.286497],[26.549296,41.286446],[26.549333,41.286411],[26.54936,41.286369],[26.549425,41.286266],[26.54947,41.286218],[26.549499,41.286188],[26.549527,41.286147],[26.549504,41.286112],[26.549469,41.286056],[26.549413,41.285969],[26.549383,41.285921],[26.549368,41.285896],[26.549327,41.285831],[26.549295,41.285781],[26.549241,41.285696],[26.549201,41.285632],[26.549169,41.285581],[26.549142,41.285538],[26.54911,41.285488],[26.549074,41.285428],[26.548978,41.285487],[26.548609,41.285706],[26.548544,41.285746],[26.548268,41.28556],[26.548107,41.285451],[26.547901,41.285315],[26.547854,41.285285],[26.547818,41.28526],[26.54778,41.285227],[26.54775,41.285205],[26.547659,41.285143],[26.547613,41.285113],[26.547554,41.285065],[26.547491,41.285007],[26.547468,41.284984],[26.54737,41.284871],[26.54723,41.284712],[26.547091,41.284529],[26.547067,41.284504],[26.546964,41.284394],[26.546859,41.284288],[26.546843,41.28427],[26.546398,41.284532],[26.546339,41.284533],[26.545967,41.284637],[26.545695,41.284498],[26.545573,41.284458],[26.545431,41.284417],[26.54536,41.284399],[26.54532,41.284382],[26.545218,41.284342],[26.545376,41.284105],[26.545217,41.284075],[26.545157,41.28409],[26.54503,41.28406],[26.544994,41.284036],[26.544978,41.28403],[26.544782,41.284006],[26.544722,41.283999],[26.544688,41.284007],[26.544544,41.284056],[26.54444,41.284082],[26.544368,41.284095],[26.544164,41.284113],[26.544064,41.28412],[26.543938,41.284143],[26.543816,41.284175],[26.543742,41.284191],[26.543677,41.284202],[26.54357,41.284222],[26.54352,41.284234],[26.543431,41.284243],[26.543263,41.284267],[26.543164,41.284273],[26.542953,41.28428],[26.542828,41.284283],[26.542677,41.284279],[26.542566,41.284274],[26.542477,41.284284],[26.542305,41.284267],[26.542209,41.284262],[26.542153,41.284253],[26.541869,41.284217],[26.541815,41.284176],[26.541571,41.28413],[26.541477,41.284105],[26.541401,41.284087],[26.541348,41.284072],[26.541214,41.284031],[26.540953,41.283964],[26.540844,41.283937],[26.540713,41.283932],[26.540638,41.283938],[26.540603,41.283939],[26.54056,41.28395],[26.54043,41.283983],[26.540322,41.284022],[26.540267,41.284041],[26.540197,41.284074],[26.540141,41.284084],[26.540021,41.284099],[26.539849,41.284095],[26.53978,41.284095],[26.539705,41.28409],[26.53958,41.284076],[26.539511,41.284069],[26.539487,41.284061],[26.539408,41.284041],[26.53938,41.284031],[26.539315,41.283981],[26.539288,41.283958],[26.539235,41.283861],[26.539172,41.283744],[26.539115,41.283651],[26.539083,41.283605],[26.539036,41.283555],[26.538989,41.28351],[26.538933,41.283519],[26.538748,41.283553],[26.538683,41.283571],[26.538626,41.28358],[26.538525,41.283598],[26.538482,41.283602],[26.538424,41.283616],[26.538225,41.283658],[26.53797,41.283717],[26.537901,41.283734],[26.537799,41.283606],[26.537687,41.283466],[26.537617,41.28338],[26.537511,41.283244],[26.537314,41.283252],[26.537025,41.283463],[26.536957,41.283456],[26.536903,41.283457],[26.536771,41.283459],[26.536683,41.283441],[26.536625,41.283408],[26.536598,41.283373],[26.536582,41.283334],[26.536575,41.283291],[26.536347,41.283306],[26.536244,41.283329],[26.53622,41.283343],[26.536147,41.283384],[26.536051,41.283392],[26.535949,41.283329],[26.535916,41.283296],[26.535908,41.283289],[26.535904,41.283204],[26.535937,41.28312],[26.536027,41.283024],[26.536052,41.282937],[26.536127,41.282857],[26.536176,41.282756],[26.536148,41.282733],[26.53596,41.282746],[26.535855,41.282737],[26.535684,41.282679],[26.535588,41.282595],[26.535533,41.2825],[26.535534,41.282427],[26.535641,41.282317],[26.535668,41.282035],[26.535437,41.281886],[26.53526,41.281862],[26.535139,41.281831],[26.535027,41.281873],[26.534643,41.281901],[26.534346,41.28192],[26.534157,41.28193],[26.534076,41.281968],[26.533978,41.281992],[26.533878,41.282017],[26.533859,41.282023],[26.533764,41.282058],[26.533456,41.282168],[26.533219,41.282252],[26.533167,41.282264],[26.533036,41.28229],[26.532811,41.282344],[26.532618,41.282391],[26.532484,41.282419],[26.532447,41.282427],[26.532347,41.282437],[26.532253,41.282445],[26.532163,41.282449],[26.532073,41.282451],[26.531964,41.28246],[26.531789,41.282477],[26.531678,41.282477],[26.531575,41.282477],[26.531437,41.28247],[26.531146,41.282457],[26.530977,41.282448],[26.530948,41.28244],[26.530824,41.282404],[26.530791,41.282396],[26.530767,41.282392],[26.530727,41.282384],[26.530686,41.282376],[26.530653,41.282368],[26.530587,41.282351],[26.530491,41.282319],[26.530415,41.282295],[26.53023,41.282262],[26.529983,41.282221],[26.529875,41.282203],[26.529656,41.282166],[26.529563,41.282151],[26.529487,41.282147],[26.529396,41.282144],[26.529322,41.282136],[26.529225,41.282126],[26.529188,41.282123],[26.529071,41.282116],[26.528958,41.282109],[26.528828,41.282091],[26.528686,41.282074],[26.528593,41.282063],[26.528518,41.282056],[26.528431,41.282049],[26.52838,41.282044],[26.528339,41.282037],[26.528202,41.282017],[26.528108,41.282001],[26.528072,41.281994],[26.527967,41.281974],[26.52791,41.281963],[26.527897,41.281961],[26.527892,41.281961],[26.527748,41.281956],[26.527624,41.281952],[26.527528,41.28195],[26.527418,41.281946],[26.527365,41.281944],[26.527354,41.281944],[26.527336,41.281945],[26.527211,41.28195],[26.527101,41.281954],[26.527011,41.281958],[26.526939,41.281961],[26.526914,41.281962],[26.526828,41.28197],[26.526725,41.281979],[26.526656,41.281986],[26.526634,41.281988],[26.526616,41.28199],[26.526514,41.282005],[26.526455,41.282012],[26.52643,41.282016],[26.526349,41.282016],[26.526309,41.282017],[26.526217,41.282008],[26.526187,41.282005],[26.526048,41.281977],[26.525976,41.281962],[26.525943,41.281957],[26.525848,41.281946],[26.525706,41.281927],[26.525638,41.281918],[26.525628,41.281917],[26.525556,41.281912],[26.525456,41.281906],[26.525405,41.281903],[26.525388,41.281903],[26.525339,41.281903],[26.525249,41.281903],[26.525203,41.281902],[26.525143,41.281908],[26.525066,41.281914],[26.524998,41.28192],[26.524967,41.281931],[26.524822,41.281982],[26.524774,41.282],[26.524766,41.282002],[26.524646,41.282081],[26.524481,41.28219],[26.52435,41.282286],[26.524276,41.282341],[26.524195,41.282399],[26.524101,41.28247],[26.523906,41.282625],[26.523741,41.282673],[26.523606,41.282635],[26.523559,41.282618],[26.5235,41.282689],[26.523492,41.282847],[26.523365,41.282859],[26.523358,41.28281],[26.523367,41.282787],[26.523395,41.282727],[26.523396,41.28272],[26.523284,41.282571],[26.523189,41.282461],[26.523177,41.282439],[26.523118,41.282416],[26.523065,41.282402],[26.52298,41.282382],[26.522936,41.282379],[26.522855,41.282372],[26.522732,41.282366],[26.522596,41.282329],[26.522454,41.282285],[26.522298,41.282216],[26.522206,41.282172],[26.52215,41.282198],[26.521862,41.281954],[26.52169,41.281789],[26.521552,41.281658],[26.521073,41.28179],[26.521016,41.281776],[26.521289,41.28231],[26.521537,41.282764],[26.521813,41.283174],[26.522279,41.28379],[26.522668,41.284318],[26.523185,41.284972],[26.523432,41.285372],[26.523519,41.285604],[26.523657,41.286013],[26.52377,41.286452],[26.523774,41.286701],[26.523756,41.28688],[26.523704,41.287221],[26.523697,41.287558],[26.523703,41.288105],[26.523709,41.288522],[26.523736,41.288873],[26.523844,41.289436],[26.523911,41.289799],[26.524008,41.290163],[26.524196,41.291126],[26.52433,41.291813],[26.524414,41.292213],[26.524514,41.292654],[26.524609,41.293049],[26.524693,41.293373],[26.524828,41.2939],[26.524918,41.294311],[26.524982,41.29459],[26.524961,41.294647],[26.524922,41.294833],[26.524885,41.295136],[26.524894,41.295519],[26.524869,41.295881],[26.524831,41.296243],[26.524782,41.296544],[26.524743,41.2967],[26.524716,41.296854],[26.5247,41.296983],[26.524697,41.297132],[26.524697,41.29734],[26.524661,41.29771],[26.524604,41.297922],[26.524524,41.29806],[26.524496,41.298159],[26.524495,41.298299],[26.524472,41.298431],[26.524402,41.298573],[26.524263,41.298791],[26.524184,41.298884],[26.524126,41.298984],[26.524112,41.299026],[26.523995,41.299174],[26.523863,41.299377],[26.523748,41.299564],[26.523586,41.299752],[26.523481,41.299861],[26.52342,41.299928],[26.523279,41.30007],[26.523036,41.300298],[26.522907,41.300411],[26.522829,41.300487],[26.522607,41.300706],[26.522346,41.300975],[26.522285,41.301041],[26.522223,41.301162],[26.522108,41.301356],[26.522554,41.301547],[26.52247,41.301707],[26.52241,41.301822],[26.522359,41.301903],[26.522307,41.301974],[26.522243,41.302026],[26.522415,41.302185],[26.522499,41.302318],[26.522513,41.302353],[26.522591,41.302558],[26.522664,41.302773],[26.522677,41.302818],[26.522677,41.302848],[26.522678,41.302879],[26.522597,41.303135],[26.522507,41.303396],[26.522577,41.303413],[26.52266,41.303419],[26.522674,41.303565],[26.522689,41.303711],[26.522698,41.303834],[26.522671,41.304002],[26.522628,41.304158],[26.522555,41.304388],[26.522459,41.304647],[26.522426,41.304718],[26.522397,41.304786],[26.522328,41.304926],[26.522269,41.305047],[26.522231,41.305116],[26.522154,41.305248],[26.522087,41.305358],[26.522037,41.305442],[26.521982,41.305518],[26.521903,41.305625],[26.521778,41.305814],[26.521757,41.305852],[26.521749,41.305906],[26.521762,41.306047],[26.521767,41.306091],[26.521758,41.30616],[26.521732,41.30634],[26.521675,41.306701],[26.521665,41.306819],[26.52165,41.306948],[26.521641,41.306971],[26.521539,41.307188],[26.521258,41.307772],[26.521151,41.307979],[26.52114,41.308094],[26.52115,41.308181],[26.521187,41.308311],[26.521229,41.308426],[26.521252,41.30848],[26.521281,41.308536],[26.521319,41.308673],[26.521347,41.308866],[26.521381,41.308988],[26.521416,41.309101],[26.521449,41.30918],[26.521592,41.309371],[26.521685,41.309479],[26.521747,41.309556],[26.521781,41.309598],[26.521968,41.3099],[26.522066,41.31007],[26.522204,41.310252],[26.522287,41.31034],[26.522404,41.310464],[26.522615,41.31071],[26.522768,41.310886],[26.522839,41.310959],[26.522948,41.311123],[26.523174,41.311398],[26.523288,41.311526],[26.523317,41.311535],[26.52335,41.311614],[26.523401,41.311673],[26.523463,41.31174],[26.523538,41.311812],[26.523746,41.312013],[26.523877,41.312116],[26.523966,41.312187],[26.524022,41.312238],[26.524281,41.312416],[26.524326,41.312447],[26.524385,41.312499],[26.524554,41.312663],[26.524632,41.312761],[26.524663,41.312869],[26.524681,41.312914],[26.52585,41.31297],[26.526396,41.312995],[26.526444,41.312992],[26.52667,41.312991],[26.526822,41.312995],[26.526889,41.312991],[26.527116,41.312974],[26.527167,41.312953],[26.527388,41.313184],[26.527518,41.313261],[26.527552,41.31331],[26.527479,41.31332],[26.527469,41.313339],[26.527456,41.313368],[26.527445,41.313391],[26.527426,41.31343],[26.527424,41.313436],[26.527417,41.313456],[26.527406,41.313486],[26.527398,41.313509],[26.527396,41.313515],[26.527396,41.313517],[26.527395,41.313518],[26.527394,41.313524],[26.52739,41.313541],[26.527382,41.313576],[26.527373,41.313616],[26.527367,41.313641],[26.52736,41.313671],[26.527353,41.313703],[26.527342,41.313752],[26.527331,41.313801],[26.527324,41.313837],[26.527316,41.313875],[26.527313,41.313889],[26.527308,41.313913],[26.527303,41.313941],[26.527296,41.313975],[26.527289,41.314007],[26.527286,41.314025],[26.527282,41.314045],[26.527288,41.314052],[26.527304,41.314071],[26.527314,41.314081],[26.527314,41.314087],[26.527314,41.314089],[26.527314,41.314091],[26.527314,41.314096],[26.527314,41.314098],[26.527314,41.3141],[26.527314,41.314101],[26.527314,41.314102],[26.527314,41.314106],[26.527315,41.314109],[26.527315,41.31411],[26.527315,41.314112],[26.527315,41.314114],[26.527315,41.314116],[26.527315,41.314118],[26.527315,41.31412],[26.527315,41.314122],[26.527315,41.314123],[26.527315,41.314125],[26.527315,41.314126],[26.527315,41.314128],[26.527315,41.31413],[26.527315,41.314131],[26.527315,41.314133],[26.527315,41.314135],[26.527315,41.314136],[26.527315,41.314138],[26.527315,41.314139],[26.527316,41.314142],[26.527316,41.314144],[26.527316,41.314147],[26.527316,41.314148],[26.527316,41.31415],[26.527316,41.314152],[26.527316,41.314154],[26.527316,41.314155],[26.527316,41.314156],[26.527316,41.314158],[26.527316,41.31416],[26.527316,41.314161],[26.527316,41.314163],[26.527316,41.314166],[26.527316,41.314167],[26.527316,41.314169],[26.527316,41.31417],[26.527316,41.314172],[26.527316,41.314175],[26.527316,41.314176],[26.527317,41.314179],[26.527317,41.314182],[26.527317,41.314184],[26.527317,41.314189],[26.527317,41.31419],[26.527317,41.314194],[26.527317,41.314198],[26.527317,41.3142],[26.527317,41.314203],[26.527317,41.314205],[26.527317,41.314205],[26.527317,41.314207],[26.527317,41.314207],[26.527317,41.314208],[26.527317,41.314209],[26.527317,41.314212],[26.527317,41.314214],[26.527317,41.314215],[26.527317,41.314216],[26.527317,41.314217],[26.527316,41.314219],[26.527316,41.31422],[26.527316,41.314221],[26.527316,41.314224],[26.527316,41.314226],[26.527316,41.314227],[26.527315,41.314229],[26.527315,41.31423],[26.527315,41.314231],[26.527315,41.314232],[26.527315,41.314233],[26.527315,41.314234],[26.527315,41.314234],[26.527315,41.314235],[26.527315,41.314236],[26.527315,41.314236],[26.527315,41.314238],[26.527315,41.314239],[26.527314,41.314241],[26.527314,41.314243],[26.527314,41.314244],[26.527314,41.314245],[26.527314,41.314246],[26.527314,41.314247],[26.527314,41.314249],[26.527314,41.31425],[26.527313,41.314251],[26.527313,41.314251],[26.527313,41.314252],[26.527313,41.314253],[26.527313,41.314254],[26.527313,41.314255],[26.527313,41.314256],[26.527313,41.314257],[26.527313,41.314258],[26.527313,41.314258],[26.527313,41.314259],[26.527313,41.31426],[26.527313,41.314261],[26.527312,41.314262],[26.527312,41.314263],[26.527312,41.314264],[26.527312,41.314265],[26.527312,41.314265],[26.527312,41.314266],[26.527312,41.314266],[26.527312,41.314269],[26.527312,41.314271],[26.527312,41.314272],[26.527311,41.314273],[26.527311,41.314273],[26.527311,41.314274],[26.527311,41.314274],[26.527311,41.314275],[26.527311,41.314276],[26.527311,41.314276],[26.527311,41.314277],[26.527311,41.314278],[26.527311,41.314279],[26.527311,41.314279],[26.527311,41.314281],[26.527311,41.314282],[26.527311,41.314283],[26.52731,41.314284],[26.52731,41.314285],[26.52731,41.314286],[26.52731,41.314286],[26.52731,41.314287],[26.52731,41.314288],[26.52731,41.314289],[26.52731,41.31429],[26.52731,41.314292],[26.52731,41.314293],[26.52731,41.314293],[26.527309,41.314296],[26.527309,41.314297],[26.527309,41.314298],[26.527309,41.314299],[26.527309,41.314301],[26.527309,41.314302],[26.527309,41.314306],[26.527308,41.314307],[26.527308,41.31431],[26.527308,41.314311],[26.527308,41.314314],[26.527308,41.314316],[26.527307,41.314318],[26.527307,41.314319],[26.527307,41.314321],[26.527307,41.314325],[26.527307,41.314328],[26.527306,41.314329],[26.527306,41.314331],[26.527306,41.314334],[26.527306,41.314336],[26.527306,41.314338],[26.527306,41.314339],[26.527305,41.31434],[26.527305,41.314341],[26.527305,41.314343],[26.527305,41.314345],[26.527305,41.314346],[26.527305,41.314347],[26.527305,41.314349],[26.527305,41.314349],[26.527304,41.314352],[26.527304,41.314353],[26.527304,41.314354],[26.527304,41.314355],[26.527304,41.314358],[26.527304,41.314359],[26.527303,41.314362],[26.527304,41.314362],[26.527305,41.314364],[26.527306,41.314364],[26.527306,41.314366],[26.527307,41.314366],[26.527307,41.314367],[26.527308,41.314367],[26.527308,41.314368],[26.527309,41.314369],[26.527309,41.314369],[26.52731,41.31437],[26.527311,41.314371],[26.527312,41.314373],[26.527313,41.314374],[26.527316,41.314378],[26.527317,41.314379],[26.527318,41.314381],[26.527319,41.314383],[26.527321,41.314385],[26.527321,41.314386],[26.527322,41.314387],[26.527323,41.314388],[26.527325,41.314391],[26.527333,41.314394],[26.527344,41.314399],[26.527345,41.3144],[26.527347,41.314401],[26.527349,41.314401],[26.527351,41.314402],[26.527351,41.314402],[26.527352,41.314402],[26.527352,41.314403],[26.527358,41.314405],[26.527381,41.314414],[26.527411,41.314425],[26.527433,41.314434],[26.527469,41.314449],[26.527482,41.314454],[26.5275,41.314461],[26.527531,41.314474],[26.527547,41.31448],[26.527559,41.314484],[26.527583,41.314491],[26.527593,41.314494],[26.527598,41.314496],[26.527603,41.314497],[26.527636,41.314506],[26.527645,41.314508],[26.527669,41.314509],[26.527729,41.314511],[26.527796,41.314513],[26.527843,41.314515],[26.527846,41.314515],[26.527894,41.314508],[26.527914,41.314506],[26.52792,41.314507],[26.527924,41.314506],[26.527926,41.314507],[26.527934,41.314509],[26.527937,41.31451],[26.527938,41.314511],[26.527938,41.314511],[26.527938,41.314511],[26.527939,41.314511],[26.527941,41.314511],[26.527945,41.314512],[26.527949,41.314513],[26.52795,41.314513],[26.527951,41.314513],[26.527955,41.314514],[26.527956,41.314514],[26.527958,41.314515],[26.527959,41.314515],[26.527962,41.314515],[26.527964,41.314516],[26.527966,41.314516],[26.527966,41.314516],[26.527968,41.314518],[26.527968,41.314519],[26.527969,41.314519],[26.527969,41.31452],[26.527969,41.31452],[26.52797,41.314521],[26.52797,41.314522],[26.527971,41.314523],[26.527972,41.314523],[26.527972,41.314524],[26.527973,41.314525],[26.527974,41.314526],[26.527974,41.314526],[26.527975,41.314527],[26.527976,41.314528],[26.527976,41.314529],[26.527977,41.31453],[26.527978,41.31453],[26.527979,41.314532],[26.52798,41.314534],[26.52798,41.314534],[26.527981,41.314535],[26.527983,41.314537],[26.527983,41.314538],[26.527984,41.314539],[26.527985,41.314539],[26.527985,41.31454],[26.527985,41.31454],[26.527986,41.314542],[26.527987,41.314542],[26.527987,41.314543],[26.527987,41.314543],[26.527988,41.314543],[26.527988,41.314544],[26.527989,41.314545],[26.527989,41.314545],[26.527989,41.314545],[26.52799,41.314546],[26.52799,41.314546],[26.52799,41.314546],[26.52799,41.314546],[26.52799,41.314546],[26.527991,41.314547],[26.527995,41.314552],[26.527999,41.314555],[26.528,41.314557],[26.528003,41.31456],[26.528006,41.314563],[26.528031,41.314591],[26.528046,41.314606],[26.52805,41.31461],[26.528052,41.314613],[26.528053,41.314614],[26.528053,41.314614],[26.528054,41.314615],[26.528057,41.31462],[26.528059,41.314623],[26.528062,41.314627],[26.528065,41.31463],[26.528067,41.314633],[26.528069,41.314636],[26.52807,41.314637],[26.528073,41.314641],[26.528076,41.314645],[26.528078,41.314648],[26.528082,41.314653],[26.528084,41.314656],[26.528087,41.31466],[26.52809,41.314664],[26.528093,41.314668],[26.528095,41.314671],[26.528099,41.314676],[26.528102,41.31468],[26.528103,41.314682],[26.528105,41.314684],[26.528108,41.314688],[26.528108,41.314689],[26.528111,41.314692],[26.528112,41.314694],[26.528114,41.314697],[26.528117,41.3147],[26.528119,41.314703],[26.528122,41.314707],[26.528124,41.31471],[26.528127,41.314714],[26.52813,41.314718],[26.528133,41.314721],[26.528134,41.314723],[26.528136,41.314725],[26.528136,41.314726],[26.528138,41.314728],[26.528139,41.314731],[26.528141,41.314732],[26.528143,41.314735],[26.528145,41.314737],[26.528149,41.314743],[26.528152,41.314747],[26.528155,41.314751],[26.528156,41.314753],[26.528158,41.314755],[26.528159,41.314757],[26.52816,41.314758],[26.528163,41.314762],[26.528165,41.314765],[26.528169,41.31477],[26.528171,41.314772],[26.528172,41.314774],[26.528174,41.314777],[26.528175,41.314778],[26.528177,41.31478],[26.528178,41.314782],[26.52818,41.314784],[26.528181,41.314785],[26.528182,41.314786],[26.528183,41.314788],[26.528184,41.31479],[26.528186,41.314792],[26.528187,41.314794],[26.528189,41.314796],[26.528191,41.314799],[26.528192,41.3148],[26.528195,41.314804],[26.528196,41.314805],[26.528197,41.314807],[26.528198,41.314808],[26.5282,41.31481],[26.528202,41.314813],[26.528204,41.314816],[26.528204,41.314816],[26.528207,41.31482],[26.528211,41.314824],[26.528213,41.314826],[26.528219,41.314832],[26.52822,41.314834],[26.528226,41.31484],[26.52823,41.314844],[26.528233,41.314847],[26.528234,41.314849],[26.528237,41.314851],[26.528239,41.314854],[26.528242,41.314857],[26.528243,41.314858],[26.528244,41.31486],[26.528247,41.314863],[26.528248,41.314863],[26.528248,41.314864],[26.528248,41.314865],[26.528249,41.314865],[26.528249,41.314865],[26.52825,41.314866],[26.528252,41.314868],[26.528254,41.31487],[26.528257,41.314873],[26.52826,41.314876],[26.528262,41.314878],[26.528266,41.314882],[26.528268,41.314884],[26.528338,41.314875],[26.528373,41.314898],[26.528443,41.314958],[26.528451,41.314965],[26.528479,41.315039],[26.528481,41.315081],[26.528483,41.315103],[26.528441,41.315267],[26.528647,41.315253],[26.528684,41.315355],[26.528627,41.315369],[26.528568,41.3154],[26.528528,41.315457],[26.528515,41.315509],[26.52851,41.315525],[26.528513,41.31556],[26.528517,41.315632],[26.528523,41.315659],[26.528553,41.315789],[26.528557,41.315804],[26.528522,41.315899],[26.528501,41.315953],[26.528495,41.315977],[26.528492,41.315994],[26.528488,41.316048],[26.528515,41.316106],[26.528572,41.316137],[26.528706,41.316167],[26.528716,41.31617],[26.528775,41.316192],[26.528805,41.31624],[26.528831,41.316258],[26.528911,41.316325],[26.528943,41.316353],[26.528975,41.316394],[26.528996,41.316419],[26.529015,41.316463],[26.529048,41.316541],[26.529062,41.316583],[26.529069,41.316599],[26.529091,41.316631],[26.529118,41.316671],[26.529138,41.316706],[26.529159,41.316745],[26.529179,41.316781],[26.529227,41.316846],[26.529247,41.316873],[26.529278,41.316925],[26.5293,41.316961],[26.529318,41.316993],[26.529385,41.317153],[26.529474,41.317497],[26.529514,41.317643],[26.529525,41.317694],[26.529535,41.317743],[26.529548,41.317811],[26.529557,41.317858],[26.529568,41.317912],[26.529576,41.317949],[26.529606,41.318107],[26.529614,41.318147],[26.529618,41.318167],[26.529623,41.318209],[26.529631,41.318278],[26.529636,41.318321],[26.529578,41.318416],[26.529551,41.318461],[26.529545,41.318528],[26.529543,41.318548],[26.529537,41.318573],[26.529525,41.318631],[26.529512,41.318686],[26.52951,41.318695],[26.529486,41.318763],[26.529476,41.31879],[26.529458,41.318837],[26.529456,41.318846],[26.52945,41.318866],[26.529442,41.318898],[26.529427,41.318954],[26.529425,41.318961],[26.529444,41.319023],[26.529544,41.319098],[26.529559,41.319107],[26.529668,41.319172],[26.529782,41.319189],[26.529995,41.319196],[26.530036,41.319197],[26.530152,41.319195],[26.530206,41.319194],[26.530265,41.319197],[26.530261,41.319229],[26.53026,41.319245],[26.530259,41.319293],[26.530258,41.319357],[26.530257,41.319435],[26.530256,41.319497],[26.530325,41.319495],[26.530482,41.31949],[26.530508,41.319489],[26.53046,41.319579],[26.530434,41.319626],[26.530432,41.319633],[26.530387,41.319668],[26.530351,41.319696],[26.53034,41.319765],[26.530325,41.319861],[26.530312,41.319938],[26.530308,41.319972],[26.530306,41.319983],[26.530295,41.32005],[26.530291,41.320072],[26.53029,41.320077],[26.530287,41.320084],[26.530275,41.320122],[26.530262,41.320163],[26.530249,41.320201],[26.530243,41.320219],[26.530234,41.320246],[26.53023,41.32026],[26.530222,41.320282],[26.530216,41.320301],[26.530204,41.320338],[26.530178,41.320417],[26.53015,41.320502],[26.530136,41.320543],[26.530105,41.320639],[26.53009,41.320684],[26.530072,41.320738],[26.53007,41.320744],[26.530065,41.320766],[26.530054,41.320816],[26.530044,41.320866],[26.530037,41.3209],[26.530028,41.320939],[26.529948,41.320933],[26.529841,41.320925],[26.529727,41.320916],[26.529624,41.320909],[26.529394,41.320892],[26.529275,41.320883],[26.529204,41.320878],[26.529144,41.320873],[26.529111,41.32087],[26.529108,41.32087],[26.528936,41.32087],[26.528727,41.320871],[26.528576,41.320871],[26.52847,41.320871],[26.528415,41.320871],[26.528378,41.320876],[26.528359,41.320879],[26.528323,41.320896],[26.52831,41.32091],[26.528298,41.320922],[26.528293,41.320935],[26.528286,41.320955],[26.528283,41.320963],[26.52828,41.320995],[26.528275,41.321033],[26.52827,41.321086],[26.528266,41.32112],[26.528265,41.321132],[26.528249,41.321172],[26.528243,41.321191],[26.528216,41.321215],[26.528183,41.321247],[26.528113,41.321275],[26.528093,41.321283],[26.528045,41.321286],[26.527999,41.321286],[26.527723,41.321259],[26.527496,41.321235],[26.527147,41.321275],[26.526907,41.321266],[26.526396,41.321253],[26.526137,41.321248],[26.525685,41.321241],[26.525157,41.321233],[26.524575,41.321222],[26.524414,41.321221],[26.524324,41.321242],[26.524269,41.321298],[26.524263,41.321315],[26.524183,41.32154],[26.524118,41.321629],[26.524075,41.321685],[26.523885,41.321748],[26.523664,41.321706],[26.523634,41.321694],[26.52339,41.32159],[26.523186,41.321501],[26.523049,41.321443],[26.523011,41.321423],[26.522734,41.321273],[26.522508,41.321151],[26.522302,41.321042],[26.522187,41.32098],[26.522048,41.32092],[26.521909,41.320862],[26.521784,41.320808],[26.521653,41.320777],[26.521523,41.320743],[26.521426,41.320737],[26.521278,41.320729],[26.521179,41.320693],[26.521025,41.320659],[26.520907,41.32063],[26.520793,41.32058],[26.520693,41.32054],[26.520678,41.32054],[26.52065,41.320535],[26.520615,41.320543],[26.520593,41.320553],[26.520307,41.32072],[26.520016,41.320888],[26.519659,41.32112],[26.519524,41.321207],[26.519466,41.32123],[26.519131,41.321366],[26.518985,41.32143],[26.518875,41.321478],[26.51881,41.321508],[26.518507,41.321696],[26.518011,41.322011],[26.517895,41.322132],[26.517847,41.322162],[26.517776,41.322202],[26.517575,41.322435],[26.517547,41.322467],[26.517387,41.322617],[26.517106,41.322876],[26.51702,41.322953],[26.516872,41.323237],[26.51684,41.323291],[26.516621,41.323626],[26.516479,41.323846],[26.51628,41.32413],[26.516151,41.324363],[26.516088,41.32448],[26.51602,41.324612],[26.516005,41.324646],[26.515914,41.324882],[26.515877,41.324971],[26.515861,41.325014],[26.51572,41.32523],[26.515672,41.3253],[26.515607,41.325463],[26.515546,41.325618],[26.515928,41.325839],[26.516089,41.325935],[26.516253,41.32602],[26.51655,41.326176],[26.516739,41.326274],[26.516945,41.32638],[26.517002,41.32641],[26.517316,41.326629],[26.517407,41.326692],[26.517648,41.326807],[26.517384,41.327049],[26.517094,41.327303],[26.516703,41.327656],[26.516644,41.32771],[26.516534,41.327756],[26.516209,41.327654],[26.516039,41.327598],[26.515989,41.327586],[26.51567,41.327504],[26.515312,41.327415],[26.515199,41.327386],[26.514768,41.327973],[26.514524,41.328146],[26.514445,41.328233],[26.514384,41.328311],[26.514551,41.328499],[26.51478,41.32866],[26.515806,41.329442],[26.516077,41.329794],[26.516578,41.330344],[26.516765,41.33075],[26.516823,41.331417],[26.516755,41.332108],[26.516524,41.333183],[26.516387,41.334021],[26.516374,41.334364],[26.516372,41.334669],[26.516537,41.335585],[26.516832,41.336948],[26.517062,41.33735],[26.517569,41.33815],[26.517712,41.338385],[26.517852,41.338603],[26.517974,41.338819],[26.518097,41.338907],[26.518326,41.339093],[26.51856,41.339269],[26.518756,41.33943],[26.518999,41.339443],[26.519401,41.339462],[26.519712,41.339402],[26.519983,41.339342],[26.520449,41.339243],[26.520791,41.339183],[26.521037,41.339083],[26.521491,41.338898],[26.521836,41.338759],[26.522001,41.338697],[26.522024,41.338674],[26.522499,41.338323],[26.523,41.337959],[26.523333,41.337702],[26.523816,41.337351],[26.524231,41.337036],[26.524632,41.336737],[26.525165,41.336568],[26.525829,41.336349],[26.526168,41.33632],[26.526985,41.336268],[26.527096,41.33628],[26.527879,41.33636],[26.528685,41.336437],[26.529264,41.336501],[26.529863,41.336583],[26.530386,41.336656],[26.530557,41.336677],[26.530744,41.336762],[26.531072,41.336918],[26.531535,41.337154],[26.532085,41.337415],[26.53248,41.337606],[26.532901,41.337813],[26.53308,41.337907],[26.533294,41.337996],[26.533501,41.338071],[26.533667,41.33814],[26.533816,41.338198],[26.534066,41.3383],[26.534348,41.338408],[26.534585,41.33851],[26.535069,41.338699],[26.535256,41.338772],[26.535584,41.338901],[26.535715,41.338953],[26.536068,41.339095],[26.536267,41.339176],[26.536416,41.33923],[26.536487,41.339272],[26.536693,41.339372],[26.536887,41.339478],[26.537079,41.33958],[26.537293,41.339693],[26.537613,41.339868],[26.53795,41.340043],[26.538207,41.340183],[26.538477,41.340327],[26.538739,41.340461],[26.538923,41.340565],[26.539233,41.340724],[26.539644,41.340907],[26.540102,41.341118],[26.540261,41.341186],[26.540516,41.341295],[26.545126,41.341697],[26.545127,41.341849],[26.548133,41.341415],[26.5498,41.340107],[26.549571,41.339488],[26.549439,41.338838],[26.549209,41.338692],[26.549139,41.338384],[26.549078,41.338158],[26.549,41.337833],[26.548919,41.337491],[26.548793,41.336999],[26.548694,41.336587],[26.548673,41.336416]]]}},{"type":"Feature","properties":{"id":"TR-Y-22-007-K-0003","level":"yerlesim","type":"mahalle","parent_id":"TR-D-22-007","province_id":"TR-P-22","district_id":"TR-D-22-007","name":"Akıncılar","source_raw_name":"Akıncılar","source":"Kullanıcı tarafından sağlanan KML","source_label":"Kullanıcı tarafından sağlanan KML","source_name":"Edirne Mahalle KML - kullanıcı tarafından sağlandı"},"geometry":{"type":"Polygon","coordinates":[[[26.52636,41.199623],[26.526401,41.199619],[26.526809,41.200304],[26.527388,41.200156],[26.526954,41.199409],[26.527879,41.199002],[26.528366,41.197986],[26.528739,41.197285],[26.528781,41.197274],[26.529535,41.197357],[26.529417,41.196501],[26.529695,41.196436],[26.529797,41.196394],[26.529999,41.196299],[26.530022,41.197019],[26.531001,41.19668],[26.531389,41.196527],[26.531202,41.196185],[26.531088,41.195937],[26.531396,41.19593],[26.531644,41.195895],[26.532055,41.195804],[26.532394,41.195724],[26.532626,41.195667],[26.533285,41.195477],[26.533631,41.195389],[26.534187,41.195263],[26.534869,41.195157],[26.535158,41.195153],[26.535215,41.195115],[26.535234,41.194932],[26.535478,41.194913],[26.535683,41.194864],[26.535855,41.194769],[26.536041,41.194635],[26.53654,41.194963],[26.536982,41.195248],[26.53748,41.194879],[26.538063,41.194384],[26.538219,41.194285],[26.538493,41.194106],[26.538771,41.193927],[26.538923,41.193824],[26.538946,41.193828],[26.539152,41.193969],[26.539631,41.193356],[26.539749,41.193189],[26.539784,41.193112],[26.539924,41.192819],[26.540026,41.192622],[26.540082,41.192435],[26.540116,41.192205],[26.540069,41.192013],[26.539991,41.191783],[26.539936,41.191631],[26.5399,41.191534],[26.539901,41.191515],[26.540308,41.191526],[26.540809,41.191544],[26.540833,41.191296],[26.540938,41.190993],[26.54089,41.190705],[26.540856,41.190396],[26.540853,41.190279],[26.540853,41.190236],[26.540944,41.189808],[26.541004,41.189548],[26.541036,41.189514],[26.541227,41.189183],[26.541401,41.18884],[26.541492,41.188677],[26.541561,41.188558],[26.541552,41.188552],[26.541404,41.18848],[26.541355,41.188458],[26.541247,41.188386],[26.541027,41.188221],[26.540956,41.188141],[26.540724,41.187912],[26.540416,41.187604],[26.540265,41.187447],[26.540173,41.18735],[26.540327,41.187221],[26.540987,41.186679],[26.541521,41.18623],[26.541904,41.185893],[26.542069,41.185779],[26.542121,41.185722],[26.542181,41.185656],[26.542817,41.185257],[26.543851,41.186125],[26.543959,41.186189],[26.544835,41.185336],[26.545444,41.184765],[26.545863,41.184407],[26.545962,41.184262],[26.547127,41.183196],[26.548185,41.182252],[26.549088,41.181367],[26.548694,41.181027],[26.548372,41.180759],[26.547972,41.181064],[26.547578,41.181367],[26.547409,41.181504],[26.54705,41.181818],[26.546618,41.182187],[26.545925,41.181653],[26.545639,41.181458],[26.546222,41.181002],[26.54689,41.180485],[26.547584,41.179968],[26.547972,41.180105],[26.547855,41.179837],[26.547801,41.179631],[26.547803,41.179445],[26.547743,41.179223],[26.547666,41.17908],[26.547526,41.178949],[26.547432,41.178894],[26.547132,41.17874],[26.54675,41.178609],[26.546416,41.178506],[26.546167,41.17842],[26.545905,41.178338],[26.545739,41.178272],[26.545656,41.178218],[26.545551,41.178266],[26.545254,41.177963],[26.545068,41.177766],[26.545102,41.177735],[26.544882,41.177418],[26.544782,41.177175],[26.544677,41.176858],[26.54466,41.176687],[26.544628,41.176462],[26.54462,41.176267],[26.544605,41.176239],[26.54448,41.176045],[26.54456,41.175993],[26.544608,41.175791],[26.544634,41.175776],[26.544757,41.175679],[26.545057,41.175608],[26.545296,41.175605],[26.545359,41.175605],[26.545551,41.175571],[26.546447,41.175377],[26.546633,41.175331],[26.546821,41.175254],[26.547004,41.175142],[26.547132,41.175031],[26.547344,41.174823],[26.547458,41.174637],[26.547535,41.17458],[26.547655,41.174446],[26.547492,41.174163],[26.547418,41.174066],[26.547349,41.173972],[26.547101,41.173726],[26.546995,41.17364],[26.546787,41.173492],[26.546584,41.173395],[26.546356,41.173289],[26.546107,41.173244],[26.545822,41.173221],[26.545539,41.173209],[26.545391,41.173258],[26.545008,41.173355],[26.54474,41.173423],[26.544631,41.173472],[26.544466,41.173541],[26.544337,41.173643],[26.54428,41.17368],[26.544357,41.173792],[26.544143,41.173929],[26.54392,41.17412],[26.543632,41.174183],[26.543463,41.174217],[26.543266,41.174209],[26.543081,41.174183],[26.542872,41.174134],[26.542721,41.174043],[26.542424,41.173837],[26.542273,41.1737],[26.542187,41.17364],[26.542073,41.173572],[26.541893,41.173489],[26.541767,41.173426],[26.541547,41.173321],[26.541482,41.173258],[26.541268,41.173032],[26.541119,41.172835],[26.541025,41.17275],[26.540891,41.172712],[26.540725,41.172698],[26.540674,41.172732],[26.540548,41.172715],[26.540091,41.172852],[26.539774,41.172844],[26.539591,41.172815],[26.5394,41.172741],[26.539192,41.17259],[26.539072,41.172438],[26.538935,41.172127],[26.538855,41.171864],[26.538869,41.171659],[26.538892,41.171473],[26.53896,41.171245],[26.539117,41.171076],[26.539417,41.170837],[26.539549,41.170691],[26.539569,41.170605],[26.539551,41.170485],[26.539477,41.170383],[26.539372,41.170277],[26.539209,41.170154],[26.539046,41.170051],[26.53892,41.169991],[26.538752,41.169926],[26.538561,41.169851],[26.538221,41.169729],[26.537881,41.16958],[26.537798,41.169529],[26.537576,41.169369],[26.537102,41.169006],[26.536905,41.168861],[26.536354,41.168617],[26.536168,41.168569],[26.535651,41.168726],[26.535425,41.168881],[26.535374,41.168949],[26.535237,41.16908],[26.535076,41.169345],[26.534985,41.169481],[26.534917,41.169603],[26.534775,41.16974],[26.53476,41.169753],[26.534623,41.169819],[26.534595,41.16983],[26.534443,41.169874],[26.534428,41.169874],[26.53423,41.169888],[26.534151,41.16988],[26.534062,41.169874],[26.533965,41.169854],[26.53386,41.169852],[26.533726,41.169849],[26.533654,41.169795],[26.533353,41.170274],[26.532911,41.170998],[26.532702,41.17131],[26.532363,41.171839],[26.532112,41.17222],[26.531922,41.172505],[26.531861,41.172593],[26.531659,41.172783],[26.531472,41.172993],[26.531141,41.173362],[26.531175,41.173386],[26.531146,41.173412],[26.53135,41.173543],[26.531629,41.173736],[26.531624,41.173736],[26.531177,41.174192],[26.530748,41.174587],[26.529487,41.17572],[26.52895,41.176186],[26.528512,41.176601],[26.528402,41.176691],[26.528198,41.176848],[26.527627,41.17739],[26.527184,41.177824],[26.526994,41.178028],[26.526703,41.178338],[26.526499,41.178514],[26.526023,41.17888],[26.525894,41.178832],[26.52588,41.178928],[26.525799,41.178975],[26.525618,41.179185],[26.525414,41.17937],[26.525261,41.17937],[26.525,41.179237],[26.524429,41.179013],[26.523853,41.178885],[26.52342,41.178771],[26.523153,41.178733],[26.522939,41.178752],[26.522573,41.178747],[26.522287,41.178747],[26.522054,41.178756],[26.521416,41.178851],[26.52135,41.178861],[26.520855,41.178956],[26.520531,41.178989],[26.520369,41.178985],[26.520131,41.178989],[26.51986,41.179004],[26.51967,41.179037],[26.519337,41.179166],[26.519037,41.179308],[26.518751,41.179608],[26.518094,41.180117],[26.5176,41.180508],[26.517452,41.18056],[26.517423,41.180603],[26.517343,41.180679],[26.517228,41.180788],[26.517157,41.180788],[26.516805,41.180907],[26.516657,41.180998],[26.516567,41.181036],[26.516448,41.18115],[26.516072,41.18134],[26.515734,41.181488],[26.51551,41.181626],[26.51533,41.181759],[26.515058,41.181812],[26.514449,41.181911],[26.51394,41.181997],[26.513554,41.182069],[26.51344,41.18213],[26.513321,41.182173],[26.513041,41.182245],[26.512898,41.182345],[26.512698,41.18244],[26.512184,41.182644],[26.511951,41.182768],[26.511679,41.182935],[26.511508,41.182987],[26.511242,41.183139],[26.51108,41.183244],[26.510994,41.183415],[26.510823,41.183311],[26.510571,41.183277],[26.51048,41.183315],[26.509793,41.183553],[26.509612,41.183459],[26.509442,41.183295],[26.509268,41.183052],[26.50901,41.182694],[26.508788,41.182402],[26.508602,41.182227],[26.508417,41.182097],[26.508267,41.181994],[26.508097,41.181932],[26.507914,41.181901],[26.507654,41.181898],[26.507089,41.181876],[26.506619,41.181836],[26.506058,41.181751],[26.505254,41.181597],[26.504567,41.181472],[26.503299,41.181245],[26.502854,41.181181],[26.502193,41.181025],[26.502005,41.180974],[26.501739,41.180885],[26.501452,41.180744],[26.501102,41.180542],[26.50082,41.180298],[26.500644,41.180126],[26.500407,41.179867],[26.500006,41.179382],[26.49962,41.178912],[26.499207,41.178464],[26.498836,41.177996],[26.498608,41.177638],[26.49838,41.177248],[26.498153,41.176764],[26.497845,41.175988],[26.497755,41.175808],[26.497654,41.175716],[26.497588,41.174972],[26.497644,41.17467],[26.497467,41.174512],[26.496895,41.173976],[26.49641,41.173518],[26.495731,41.172897],[26.495065,41.172279],[26.494614,41.171856],[26.494316,41.171553],[26.494226,41.171408],[26.49414,41.171202],[26.494064,41.170536],[26.493993,41.169654],[26.493925,41.16899],[26.493841,41.168069],[26.493817,41.167677],[26.493814,41.16754],[26.492862,41.167745],[26.491807,41.167932],[26.491194,41.168057],[26.49049,41.168179],[26.489953,41.168278],[26.488659,41.168514],[26.487414,41.168746],[26.486641,41.168883],[26.485244,41.169142],[26.483062,41.169538],[26.481654,41.169805],[26.480215,41.170056],[26.478715,41.170326],[26.476012,41.170821],[26.474241,41.171145],[26.472871,41.171396],[26.471218,41.171689],[26.470213,41.171872],[26.469105,41.172081],[26.467967,41.172283],[26.466638,41.172523],[26.46558,41.17271],[26.464963,41.172828],[26.465127,41.172947],[26.465189,41.172986],[26.46576,41.173309],[26.466011,41.173473],[26.466639,41.17377],[26.467085,41.173968],[26.467458,41.17425],[26.467808,41.174562],[26.468128,41.174768],[26.468546,41.175042],[26.468969,41.175312],[26.469285,41.175506],[26.469635,41.175837],[26.470138,41.176298],[26.470256,41.176439],[26.470484,41.176736],[26.471432,41.177558],[26.471744,41.178015],[26.472293,41.17838],[26.472567,41.178529],[26.473427,41.17902],[26.473778,41.179229],[26.473934,41.179363],[26.474017,41.179427],[26.474497,41.17985],[26.474699,41.18001],[26.475041,41.180288],[26.475407,41.180551],[26.475769,41.180798],[26.476309,41.181194],[26.476865,41.181422],[26.476968,41.18151],[26.477341,41.181761],[26.47752,41.181921],[26.477665,41.182028],[26.477828,41.182241],[26.478479,41.182827],[26.478898,41.183158],[26.479313,41.183478],[26.479477,41.1836],[26.47993,41.184293],[26.480059,41.184388],[26.480752,41.184735],[26.480832,41.184746],[26.481247,41.184807],[26.481377,41.184845],[26.481498,41.184952],[26.481704,41.185096],[26.482226,41.185241],[26.482705,41.185443],[26.483174,41.18574],[26.483436,41.185858],[26.483638,41.18604],[26.484007,41.186375],[26.484396,41.186631],[26.484654,41.18684],[26.484948,41.18716],[26.485553,41.187601],[26.485991,41.187818],[26.486265,41.188001],[26.48647,41.188199],[26.486604,41.188351],[26.486897,41.188702],[26.487236,41.188873],[26.487319,41.188941],[26.487399,41.189014],[26.487495,41.189174],[26.488208,41.189874],[26.48859,41.190345],[26.488256,41.190268],[26.488102,41.190271],[26.488202,41.190394],[26.488164,41.190476],[26.488133,41.190529],[26.487718,41.191408],[26.48739,41.19212],[26.489054,41.19271],[26.489853,41.192996],[26.49036,41.193289],[26.490615,41.193407],[26.491015,41.193514],[26.492058,41.193822],[26.492427,41.19394],[26.493474,41.194279],[26.494369,41.195025],[26.494727,41.195326],[26.495351,41.195916],[26.495743,41.196297],[26.496307,41.19675],[26.497502,41.197785],[26.498043,41.19825],[26.498317,41.198798],[26.498926,41.199993],[26.499664,41.201398],[26.500281,41.201806],[26.501305,41.202487],[26.501473,41.202579],[26.501728,41.202815],[26.502585,41.203591],[26.503676,41.204577],[26.504064,41.204939],[26.504338,41.205185],[26.504414,41.205188],[26.504699,41.205196],[26.505213,41.205208],[26.505897,41.205223],[26.506534,41.205236],[26.50681,41.205246],[26.507267,41.205257],[26.507553,41.205265],[26.507909,41.205271],[26.508244,41.205284],[26.50855,41.20536],[26.508895,41.20564],[26.509374,41.205983],[26.51005,41.206443],[26.510319,41.206611],[26.510357,41.206655],[26.510315,41.207203],[26.510267,41.207838],[26.510686,41.207866],[26.511542,41.207964],[26.511683,41.207937],[26.513971,41.207225],[26.515304,41.206803],[26.516834,41.206323],[26.51873,41.205733],[26.519263,41.205566],[26.520177,41.204816],[26.520752,41.20434],[26.521582,41.203632],[26.522054,41.203243],[26.523523,41.202025],[26.524597,41.201126],[26.525328,41.200502],[26.525777,41.200121],[26.526196,41.199756],[26.52636,41.199623]]]}},{"type":"Feature","properties":{"id":"TR-Y-22-007-K-0004","level":"yerlesim","type":"mahalle","parent_id":"TR-D-22-007","province_id":"TR-P-22","district_id":"TR-D-22-007","name":"Alibey","source_raw_name":"Alibey","source":"Kullanıcı tarafından sağlanan KML","source_label":"Kullanıcı tarafından sağlanan KML","source_name":"Edirne Mahalle KML - kullanıcı tarafından sağlandı"},"geometry":{"type":"Polygon","coordinates":[[[26.351686,41.255464],[26.352202,41.254385],[26.353229,41.252713],[26.355073,41.250055],[26.356394,41.249331],[26.358031,41.249233],[26.361934,41.250947],[26.363245,41.251153],[26.365606,41.251379],[26.367686,41.251574],[26.370711,41.252139],[26.372711,41.252135],[26.374516,41.251413],[26.376275,41.251255],[26.377911,41.251325],[26.379098,41.251865],[26.381319,41.251983],[26.385067,41.250814],[26.390089,41.249575],[26.391504,41.249615],[26.391597,41.249368],[26.391639,41.249316],[26.391654,41.249286],[26.392043,41.248745],[26.392404,41.248243],[26.392633,41.24779],[26.392717,41.24779],[26.392793,41.247618],[26.392728,41.247371],[26.392732,41.246967],[26.392751,41.24624],[26.392766,41.2456],[26.392507,41.244112],[26.392279,41.242753],[26.392153,41.241968],[26.392115,41.241702],[26.392359,41.240202],[26.392526,41.239151],[26.392675,41.238211],[26.392732,41.237788],[26.392865,41.236425],[26.392934,41.235633],[26.392926,41.235531],[26.392986,41.23499],[26.393108,41.233963],[26.393195,41.233345],[26.393074,41.233318],[26.39308,41.233269],[26.393022,41.233238],[26.39282,41.233155],[26.392555,41.233047],[26.392091,41.232853],[26.391824,41.232742],[26.391661,41.232667],[26.391431,41.232564],[26.391197,41.232462],[26.391023,41.232392],[26.390802,41.232299],[26.390696,41.232252],[26.390641,41.232227],[26.390527,41.23215],[26.39042,41.232083],[26.389886,41.231726],[26.389636,41.23156],[26.389494,41.23147],[26.389322,41.231355],[26.389083,41.231195],[26.388917,41.23109],[26.388736,41.23098],[26.388453,41.230797],[26.38823,41.230662],[26.388049,41.23054],[26.387915,41.230471],[26.387708,41.230363],[26.387493,41.230257],[26.387158,41.230086],[26.386931,41.229972],[26.386681,41.229849],[26.386456,41.229733],[26.386069,41.229546],[26.385778,41.229402],[26.385463,41.229247],[26.385125,41.229081],[26.384932,41.228984],[26.384814,41.228918],[26.384717,41.228921],[26.383902,41.228938],[26.383258,41.228958],[26.382824,41.228968],[26.38236,41.228981],[26.382258,41.228981],[26.382155,41.229008],[26.381849,41.229092],[26.381508,41.229195],[26.381106,41.22931],[26.380774,41.229412],[26.380454,41.229504],[26.380337,41.229538],[26.380106,41.229596],[26.380008,41.229631],[26.379708,41.229731],[26.37944,41.229823],[26.379189,41.229916],[26.378731,41.230079],[26.378345,41.230135],[26.377963,41.230196],[26.377541,41.230266],[26.377017,41.230354],[26.376781,41.230389],[26.376717,41.230398],[26.37642,41.230459],[26.375329,41.230688],[26.374489,41.23086],[26.373824,41.230985],[26.373248,41.231096],[26.372603,41.231213],[26.371754,41.231384],[26.370755,41.231574],[26.370233,41.231679],[26.369651,41.231787],[26.369228,41.23186],[26.36894,41.231912],[26.36871,41.232028],[26.36841,41.232013],[26.367966,41.231987],[26.367501,41.231959],[26.366974,41.23188],[26.366711,41.231844],[26.36672,41.231769],[26.366056,41.231722],[26.366001,41.231716],[26.36601,41.23147],[26.366028,41.231007],[26.36603,41.230924],[26.365671,41.230886],[26.365575,41.230881],[26.365582,41.230575],[26.365581,41.230467],[26.365462,41.230473],[26.365153,41.230493],[26.364979,41.230503],[26.364871,41.230516],[26.3648,41.230523],[26.364535,41.230566],[26.364241,41.230612],[26.364008,41.230651],[26.363837,41.230674],[26.363769,41.230677],[26.363583,41.230689],[26.36347,41.230682],[26.363089,41.230663],[26.362817,41.230648],[26.362654,41.23064],[26.36252,41.230618],[26.362476,41.230826],[26.36209,41.230803],[26.361876,41.230794],[26.36176,41.23079],[26.361311,41.230718],[26.360813,41.230636],[26.360648,41.230615],[26.360593,41.230776],[26.360258,41.230781],[26.359818,41.230787],[26.359401,41.230796],[26.359145,41.230867],[26.358681,41.230773],[26.358467,41.230762],[26.358413,41.230764],[26.358011,41.230717],[26.357647,41.23068],[26.35758,41.230677],[26.357555,41.230676],[26.357348,41.230671],[26.357068,41.230663],[26.356837,41.230659],[26.356803,41.230761],[26.356462,41.230816],[26.356101,41.230851],[26.355801,41.230854],[26.355594,41.23086],[26.355632,41.231175],[26.355524,41.231158],[26.355355,41.231164],[26.355119,41.231177],[26.355,41.231186],[26.355001,41.231467],[26.355003,41.231609],[26.35473,41.231632],[26.354147,41.231681],[26.353847,41.231703],[26.353457,41.231717],[26.353351,41.231716],[26.353334,41.231601],[26.352943,41.231626],[26.352618,41.231664],[26.352413,41.231687],[26.352241,41.231702],[26.351998,41.231729],[26.35191,41.23174],[26.351782,41.231748],[26.351686,41.231748],[26.351656,41.231749],[26.351593,41.231754],[26.351269,41.231772],[26.351041,41.23105],[26.349818,41.23114],[26.34953,41.231158],[26.34909,41.231198],[26.348787,41.231227],[26.348589,41.231257],[26.348453,41.231282],[26.348328,41.231314],[26.348022,41.231352],[26.347521,41.231411],[26.347179,41.231457],[26.346863,41.231495],[26.346492,41.231542],[26.346193,41.231579],[26.346058,41.2316],[26.345787,41.231636],[26.345563,41.231659],[26.345327,41.231682],[26.345205,41.231691],[26.344899,41.231703],[26.344733,41.231713],[26.34478,41.232317],[26.344791,41.232424],[26.344798,41.232553],[26.344801,41.232667],[26.344678,41.232669],[26.34468,41.232709],[26.344675,41.232919],[26.344675,41.233756],[26.34467,41.233858],[26.344063,41.233855],[26.343837,41.233855],[26.343653,41.233851],[26.343405,41.233834],[26.343184,41.23382],[26.343042,41.233823],[26.343009,41.233828],[26.342811,41.233884],[26.342644,41.233937],[26.342474,41.234],[26.342226,41.23411],[26.342018,41.234202],[26.341797,41.234286],[26.341558,41.234373],[26.341396,41.234439],[26.341268,41.234461],[26.341214,41.234475],[26.341026,41.234495],[26.340953,41.234505],[26.340933,41.234527],[26.340967,41.234837],[26.341066,41.23552],[26.341089,41.235731],[26.340726,41.235757],[26.340734,41.235591],[26.34058,41.235614],[26.34031,41.235658],[26.340397,41.236395],[26.340297,41.236403],[26.33961,41.236449],[26.339296,41.236472],[26.339316,41.236733],[26.339106,41.236741],[26.338771,41.237257],[26.338663,41.237421],[26.338663,41.237446],[26.338633,41.237466],[26.338633,41.237476],[26.33862,41.237767],[26.338007,41.237783],[26.337997,41.237727],[26.337276,41.237741],[26.337019,41.237748],[26.336507,41.237758],[26.336008,41.237764],[26.335624,41.237769],[26.335374,41.237771],[26.335283,41.237787],[26.33519,41.237809],[26.335085,41.237846],[26.334874,41.237874],[26.334763,41.237882],[26.334834,41.238219],[26.334877,41.238419],[26.334885,41.238478],[26.334919,41.238879],[26.334957,41.239287],[26.334986,41.239738],[26.335028,41.240404],[26.335047,41.240714],[26.335054,41.240887],[26.33506,41.240967],[26.335104,41.241472],[26.335142,41.242007],[26.335144,41.242132],[26.335203,41.242174],[26.335228,41.242584],[26.335249,41.242964],[26.335466,41.243156],[26.335712,41.24337],[26.335501,41.243456],[26.335415,41.243479],[26.33501,41.243579],[26.334703,41.243648],[26.334646,41.243659],[26.334062,41.243705],[26.333805,41.243697],[26.33359,41.243701],[26.333466,41.243694],[26.333167,41.243671],[26.333004,41.243657],[26.332722,41.243591],[26.332573,41.243576],[26.332453,41.243526],[26.332058,41.243461],[26.33153,41.243381],[26.331323,41.243347],[26.330746,41.243288],[26.330203,41.243252],[26.329889,41.243233],[26.329707,41.243241],[26.329472,41.243242],[26.329273,41.243244],[26.32905,41.243254],[26.328865,41.24326],[26.328749,41.243258],[26.327984,41.24325],[26.327721,41.243241],[26.327342,41.243206],[26.327101,41.243195],[26.326804,41.243187],[26.326471,41.243178],[26.326294,41.243174],[26.326097,41.243166],[26.325979,41.243166],[26.325673,41.243157],[26.325587,41.243149],[26.325467,41.243132],[26.325379,41.243071],[26.325217,41.242861],[26.325116,41.242696],[26.325021,41.24253],[26.324914,41.242433],[26.324819,41.242319],[26.324672,41.242165],[26.324585,41.24207],[26.324275,41.24207],[26.323985,41.242058],[26.323631,41.242043],[26.323309,41.242041],[26.322881,41.242022],[26.322499,41.242011],[26.32216,41.241995],[26.321996,41.241993],[26.32192,41.242003],[26.32166,41.241895],[26.321393,41.242044],[26.321387,41.242283],[26.321366,41.242635],[26.321347,41.242669],[26.321267,41.242667],[26.321263,41.242709],[26.320169,41.242705],[26.320172,41.242968],[26.319495,41.243019],[26.319251,41.243035],[26.318857,41.243046],[26.31861,41.243067],[26.318409,41.243224],[26.31829,41.243286],[26.321398,41.245943],[26.321672,41.246768],[26.322227,41.247763],[26.322549,41.249899],[26.32309,41.252281],[26.323405,41.253091],[26.324567,41.254012],[26.32678,41.254955],[26.328577,41.255057],[26.331266,41.254814],[26.334439,41.254741],[26.336214,41.255041],[26.337221,41.255412],[26.337621,41.255765],[26.338142,41.25618],[26.338479,41.256838],[26.339092,41.258137],[26.340015,41.258798],[26.340739,41.259122],[26.341123,41.259125],[26.344641,41.258916],[26.347395,41.258352],[26.348979,41.257462],[26.349974,41.256995],[26.350362,41.256616],[26.351196,41.255995],[26.351686,41.255464]]]}},{"type":"Feature","properties":{"id":"TR-Y-22-007-K-0005","level":"yerlesim","type":"mahalle","parent_id":"TR-D-22-007","province_id":"TR-P-22","district_id":"TR-D-22-007","name":"Büyükaltıağaç","source_raw_name":"Büyükaltıağaç","source":"Kullanıcı tarafından sağlanan KML","source_label":"Kullanıcı tarafından sağlanan KML","source_name":"Edirne Mahalle KML - kullanıcı tarafından sağlandı"},"geometry":{"type":"Polygon","coordinates":[[[26.420143,41.147884],[26.420925,41.147798],[26.421351,41.147807],[26.421805,41.147815],[26.422199,41.147824],[26.422724,41.147838],[26.423741,41.147849],[26.424289,41.147863],[26.424365,41.147867],[26.424362,41.147863],[26.424361,41.147861],[26.424337,41.147827],[26.424337,41.147819],[26.424296,41.147718],[26.424274,41.147658],[26.424252,41.147368],[26.424148,41.147222],[26.424195,41.147137],[26.424058,41.147012],[26.423944,41.146915],[26.423815,41.146792],[26.423761,41.146519],[26.423707,41.146261],[26.423625,41.146213],[26.423593,41.146197],[26.423493,41.146159],[26.423469,41.146104],[26.423524,41.14599],[26.42357,41.145848],[26.423512,41.145762],[26.42341,41.145664],[26.423292,41.145641],[26.423128,41.145798],[26.423033,41.145809],[26.422881,41.145693],[26.422672,41.145625],[26.422557,41.145551],[26.422464,41.145424],[26.422337,41.145307],[26.422287,41.145107],[26.422121,41.144949],[26.422123,41.144837],[26.421918,41.144593],[26.421609,41.144507],[26.421518,41.144477],[26.421442,41.144359],[26.421493,41.144161],[26.421491,41.144011],[26.421408,41.143862],[26.421305,41.143837],[26.421263,41.143778],[26.421246,41.143561],[26.421181,41.143443],[26.420951,41.143362],[26.420903,41.143331],[26.420718,41.143186],[26.420496,41.143082],[26.4205,41.143034],[26.420442,41.142644],[26.420315,41.14245],[26.42033,41.142313],[26.420427,41.142214],[26.420353,41.142139],[26.419814,41.141648],[26.419797,41.141471],[26.41978,41.141351],[26.419681,41.1411],[26.419685,41.140965],[26.419681,41.140929],[26.419721,41.140729],[26.419645,41.140624],[26.419626,41.140599],[26.41959,41.140575],[26.41959,41.140405],[26.419475,41.140356],[26.419371,41.140268],[26.419376,41.140165],[26.419443,41.140089],[26.419453,41.14003],[26.419392,41.139985],[26.419283,41.139966],[26.41922,41.139969],[26.419163,41.139939],[26.419127,41.139905],[26.419131,41.13976],[26.419262,41.139518],[26.419276,41.13949],[26.419295,41.139335],[26.419291,41.139223],[26.419205,41.139168],[26.419078,41.139235],[26.419017,41.139236],[26.41902,41.139214],[26.418992,41.139164],[26.418941,41.139025],[26.419264,41.138821],[26.419184,41.138679],[26.419394,41.138486],[26.419388,41.138298],[26.419319,41.138073],[26.419361,41.137881],[26.419251,41.13766],[26.419211,41.137594],[26.419197,41.137542],[26.419348,41.13744],[26.419567,41.137386],[26.419529,41.137302],[26.419453,41.137283],[26.419395,41.137247],[26.419443,41.137143],[26.419388,41.137097],[26.419327,41.137063],[26.419359,41.13691],[26.419298,41.136804],[26.419148,41.136768],[26.419104,41.136691],[26.41904,41.136431],[26.419083,41.136356],[26.419081,41.136284],[26.419038,41.136255],[26.418889,41.136267],[26.418748,41.136221],[26.418701,41.136153],[26.418674,41.136063],[26.418771,41.13601],[26.418824,41.135926],[26.418811,41.135873],[26.418765,41.135841],[26.418744,41.135837],[26.41863,41.135825],[26.418533,41.13581],[26.41847,41.135782],[26.418432,41.135751],[26.418421,41.135728],[26.418438,41.135599],[26.418518,41.135454],[26.418447,41.135401],[26.41832,41.135334],[26.418128,41.135323],[26.41797,41.135256],[26.417865,41.135199],[26.417836,41.135279],[26.417777,41.135382],[26.417585,41.135429],[26.41752,41.135405],[26.417471,41.135367],[26.417496,41.135247],[26.41757,41.135089],[26.417536,41.134957],[26.417442,41.134862],[26.417452,41.13478],[26.417321,41.13466],[26.417252,41.134495],[26.417174,41.134352],[26.417164,41.134209],[26.417292,41.134078],[26.417098,41.13383],[26.416829,41.133446],[26.416788,41.133393],[26.416778,41.133373],[26.416732,41.133236],[26.416715,41.133084],[26.416812,41.13297],[26.416675,41.132801],[26.416685,41.132673],[26.416727,41.132644],[26.41662,41.132517],[26.416611,41.132443],[26.416633,41.132391],[26.416799,41.132418],[26.416814,41.132321],[26.416919,41.13225],[26.417018,41.132012],[26.416951,41.131879],[26.417163,41.131729],[26.416829,41.131439],[26.416664,41.13154],[26.416407,41.131127],[26.416405,41.130975],[26.416772,41.13053],[26.416656,41.130353],[26.416654,41.130155],[26.416698,41.129936],[26.416612,41.12958],[26.416797,41.129336],[26.416805,41.129168],[26.416864,41.128306],[26.416651,41.128061],[26.416525,41.127914],[26.416487,41.127777],[26.416521,41.127701],[26.416791,41.12753],[26.417026,41.127518],[26.417027,41.127459],[26.416835,41.127295],[26.416538,41.127155],[26.416694,41.126934],[26.416679,41.126774],[26.416683,41.126656],[26.416654,41.126519],[26.416622,41.126361],[26.416782,41.126144],[26.41658,41.126109],[26.416567,41.125991],[26.416445,41.125864],[26.416443,41.12571],[26.416411,41.12554],[26.416295,41.125409],[26.416072,41.125584],[26.415842,41.125428],[26.41563,41.125142],[26.415554,41.125043],[26.415499,41.124914],[26.415729,41.124381],[26.415982,41.124417],[26.416276,41.124166],[26.416472,41.124103],[26.416405,41.12404],[26.41639,41.123985],[26.416392,41.123972],[26.416447,41.123907],[26.416494,41.123812],[26.416477,41.123669],[26.416472,41.123568],[26.416494,41.123441],[26.416513,41.12341],[26.416571,41.123294],[26.416578,41.123227],[26.416715,41.123062],[26.416767,41.122961],[26.41667,41.122708],[26.416685,41.122561],[26.416689,41.12243],[26.416677,41.122337],[26.416656,41.122272],[26.416605,41.122144],[26.41654,41.122055],[26.416506,41.122],[26.416493,41.12192],[26.41651,41.121828],[26.416717,41.121667],[26.416925,41.121358],[26.416902,41.121092],[26.416721,41.121086],[26.416611,41.121107],[26.416481,41.121213],[26.416074,41.121377],[26.415937,41.121385],[26.415803,41.121341],[26.415708,41.121337],[26.415626,41.121316],[26.415569,41.121295],[26.415411,41.121219],[26.41523,41.121128],[26.415071,41.12105],[26.414932,41.120955],[26.414861,41.120909],[26.414677,41.120867],[26.414675,41.120785],[26.414675,41.120734],[26.414635,41.120545],[26.414633,41.120391],[26.414621,41.12002],[26.414602,41.119803],[26.414595,41.119771],[26.414539,41.119635],[26.414492,41.119495],[26.414484,41.119411],[26.414473,41.119234],[26.414469,41.119064],[26.414461,41.118984],[26.414454,41.118914],[26.414402,41.118743],[26.414389,41.118535],[26.414431,41.118324],[26.414425,41.118173],[26.414418,41.118128],[26.414397,41.11801],[26.414321,41.117549],[26.414309,41.117325],[26.414296,41.117161],[26.41426,41.11689],[26.414248,41.116801],[26.414235,41.116761],[26.414222,41.116552],[26.414201,41.116466],[26.414197,41.116289],[26.414203,41.11619],[26.414216,41.116101],[26.414302,41.115965],[26.414404,41.11576],[26.414492,41.115567],[26.414545,41.115449],[26.414661,41.115259],[26.414758,41.115065],[26.414846,41.114865],[26.414913,41.114625],[26.414954,41.114433],[26.415023,41.114003],[26.415187,41.113877],[26.41567,41.113799],[26.415729,41.113759],[26.415733,41.113763],[26.415731,41.113746],[26.415527,41.11339],[26.415548,41.113371],[26.415503,41.113148],[26.415449,41.112935],[26.415411,41.112878],[26.415394,41.112847],[26.415347,41.11271],[26.415278,41.112607],[26.415164,41.112468],[26.415055,41.112288],[26.414869,41.111962],[26.414673,41.111612],[26.414618,41.11154],[26.414602,41.11149],[26.414446,41.111347],[26.41433,41.111252],[26.414252,41.111157],[26.414243,41.111085],[26.414159,41.110908],[26.414187,41.110873],[26.41426,41.110744],[26.414423,41.110696],[26.414361,41.110167],[26.414941,41.11003],[26.41485,41.109775],[26.414821,41.109722],[26.414743,41.109497],[26.414819,41.109463],[26.414686,41.109166],[26.414779,41.109147],[26.415145,41.109074],[26.41504,41.108715],[26.415027,41.108686],[26.414993,41.108644],[26.41517,41.108591],[26.415354,41.108526],[26.415739,41.10845],[26.415581,41.108214],[26.415684,41.108166],[26.416118,41.107986],[26.415796,41.107668],[26.415971,41.107555],[26.416074,41.107489],[26.416274,41.107395],[26.416689,41.107177],[26.416873,41.107079],[26.417031,41.107013],[26.417111,41.107003],[26.417185,41.107059],[26.417239,41.107125],[26.417597,41.10698],[26.417751,41.1068],[26.417751,41.106638],[26.41764,41.106489],[26.417275,41.106092],[26.417231,41.106042],[26.417212,41.10601],[26.417107,41.105954],[26.416947,41.105913],[26.416915,41.105892],[26.416685,41.105692],[26.416837,41.10552],[26.416458,41.105292],[26.416357,41.105237],[26.416218,41.105168],[26.416015,41.105067],[26.41598,41.105046],[26.415878,41.105062],[26.415779,41.105086],[26.41568,41.105126],[26.415562,41.105071],[26.415415,41.104967],[26.415213,41.104839],[26.415084,41.104658],[26.414998,41.104485],[26.415112,41.104434],[26.415217,41.104386],[26.415446,41.104264],[26.415368,41.104171],[26.4154,41.104137],[26.415489,41.104095],[26.41556,41.104057],[26.415661,41.104015],[26.415815,41.103965],[26.41594,41.103912],[26.416158,41.103796],[26.416125,41.103739],[26.416068,41.103668],[26.416028,41.103564],[26.41595,41.10348],[26.415902,41.103432],[26.415885,41.103379],[26.416194,41.103297],[26.416338,41.103251],[26.416371,41.103213],[26.416386,41.103147],[26.416392,41.103059],[26.416348,41.102939],[26.416314,41.102812],[26.416344,41.102766],[26.416401,41.102772],[26.416529,41.102756],[26.416677,41.102686],[26.416637,41.102471],[26.416612,41.102277],[26.416603,41.102231],[26.416572,41.102128],[26.416555,41.10205],[26.41646,41.101491],[26.416441,41.101394],[26.416397,41.101237],[26.416371,41.101119],[26.416285,41.100663],[26.416241,41.100406],[26.416114,41.100474],[26.416078,41.100411],[26.416,41.100278],[26.415923,41.100143],[26.415822,41.100002],[26.415712,41.099848],[26.415567,41.099688],[26.415432,41.099555],[26.415328,41.099448],[26.415419,41.099461],[26.415461,41.099452],[26.415605,41.099414],[26.415847,41.099376],[26.415967,41.099351],[26.416085,41.099319],[26.416165,41.099302],[26.416354,41.099284],[26.41626,41.099035],[26.416222,41.098917],[26.416184,41.098774],[26.416135,41.09867],[26.4161,41.098553],[26.416024,41.098201],[26.416076,41.098201],[26.416072,41.098119],[26.416053,41.09795],[26.416045,41.097807],[26.416022,41.097704],[26.415994,41.097598],[26.41594,41.097485],[26.415914,41.097434],[26.415861,41.09728],[26.415815,41.097156],[26.415739,41.096996],[26.415682,41.096804],[26.415636,41.096648],[26.415579,41.096524],[26.415552,41.096444],[26.415489,41.096347],[26.415406,41.096206],[26.415284,41.096124],[26.415158,41.095883],[26.415453,41.095776],[26.415328,41.095491],[26.415459,41.095403],[26.415647,41.095274],[26.415813,41.09523],[26.416443,41.095116],[26.416481,41.095161],[26.416753,41.095146],[26.416923,41.095072],[26.417018,41.095032],[26.417121,41.094998],[26.417218,41.094977],[26.417227,41.094954],[26.417227,41.094942],[26.417203,41.0949],[26.417168,41.094761],[26.417134,41.094699],[26.417005,41.094672],[26.416919,41.094621],[26.416881,41.094569],[26.416909,41.094373],[26.41714,41.094375],[26.417391,41.094533],[26.417444,41.094512],[26.417562,41.094444],[26.417621,41.094426],[26.417736,41.09439],[26.417758,41.094392],[26.417882,41.094329],[26.417848,41.094202],[26.417791,41.093956],[26.417753,41.093726],[26.417728,41.093579],[26.417684,41.093414],[26.417656,41.09333],[26.417616,41.093064],[26.417585,41.092898],[26.417625,41.092443],[26.417633,41.092197],[26.417793,41.092197],[26.417795,41.092077],[26.41781,41.091961],[26.417827,41.091859],[26.417795,41.091619],[26.417817,41.091421],[26.417899,41.091339],[26.418002,41.091215],[26.418,41.091109],[26.417958,41.090834],[26.417926,41.09056],[26.417907,41.090419],[26.417861,41.090065],[26.417854,41.090012],[26.417857,41.089797],[26.417861,41.08961],[26.417867,41.089449],[26.417905,41.089256],[26.417998,41.089251],[26.418329,41.089216],[26.418413,41.089009],[26.418526,41.08872],[26.418586,41.088546],[26.418746,41.088168],[26.418866,41.087865],[26.418965,41.087608],[26.419066,41.087353],[26.419129,41.087199],[26.419159,41.087023],[26.41923,41.086837],[26.419325,41.086768],[26.419424,41.0867],[26.41955,41.086664],[26.4197,41.086597],[26.420066,41.086353],[26.420511,41.086053],[26.421052,41.085687],[26.421248,41.085558],[26.422463,41.084668],[26.423186,41.084135],[26.424585,41.083374],[26.425071,41.08305],[26.425073,41.083052],[26.425079,41.083048],[26.425083,41.083045],[26.425087,41.083042],[26.424955,41.082958],[26.424638,41.082785],[26.423011,41.081785],[26.421926,41.081146],[26.421017,41.08058],[26.418071,41.07881],[26.41682,41.078039],[26.415929,41.077514],[26.414764,41.076811],[26.414165,41.076417],[26.41312,41.075709],[26.411041,41.074333],[26.409225,41.073128],[26.407951,41.07226],[26.406387,41.07122],[26.40565,41.070741],[26.404816,41.070181],[26.404239,41.06981],[26.403788,41.069353],[26.403343,41.068993],[26.402863,41.068571],[26.402395,41.067977],[26.402086,41.067657],[26.40143,41.067051],[26.400602,41.066155],[26.399694,41.065298],[26.398871,41.064447],[26.398706,41.064065],[26.3985,41.063551],[26.3983,41.063014],[26.397895,41.062032],[26.397684,41.061792],[26.397409,41.061552],[26.396907,41.061198],[26.396581,41.060924],[26.396244,41.060741],[26.396045,41.060627],[26.395822,41.060227],[26.395553,41.06001],[26.395165,41.059816],[26.394605,41.059719],[26.394263,41.059742],[26.393783,41.059799],[26.393486,41.059936],[26.392818,41.060159],[26.392247,41.060381],[26.391756,41.060444],[26.390951,41.060193],[26.390482,41.05985],[26.390174,41.059639],[26.389649,41.059188],[26.389266,41.058902],[26.388518,41.058348],[26.388147,41.058217],[26.387598,41.057983],[26.387595,41.057988],[26.38759,41.057986],[26.386725,41.059175],[26.384455,41.062395],[26.384181,41.063031],[26.383789,41.063625],[26.382632,41.065403],[26.381212,41.067558],[26.380374,41.068772],[26.379278,41.070344],[26.378295,41.071962],[26.377823,41.07328],[26.377146,41.075065],[26.376997,41.075568],[26.376289,41.078138],[26.375707,41.080201],[26.375463,41.081103],[26.375314,41.081644],[26.375242,41.081861],[26.375243,41.081865],[26.375242,41.081869],[26.375419,41.082585],[26.37528,41.08263],[26.375283,41.082637],[26.37528,41.082638],[26.375331,41.082787],[26.374968,41.082851],[26.37496,41.08287],[26.374903,41.083079],[26.374165,41.083136],[26.373556,41.083171],[26.373133,41.083193],[26.372665,41.083757],[26.372667,41.083761],[26.372665,41.083765],[26.37295,41.08424],[26.373586,41.085325],[26.372497,41.085836],[26.372657,41.086106],[26.373216,41.087129],[26.372401,41.087483],[26.371857,41.087696],[26.372131,41.088088],[26.372595,41.088679],[26.372694,41.088907],[26.37282,41.08917],[26.37293,41.08944],[26.373242,41.089729],[26.373631,41.090114],[26.374221,41.089939],[26.374324,41.090106],[26.374544,41.090308],[26.374784,41.090544],[26.374971,41.09075],[26.375355,41.091241],[26.375416,41.091366],[26.37561,41.091515],[26.375846,41.091804],[26.375824,41.09193],[26.37601,41.092326],[26.376189,41.092638],[26.376471,41.092878],[26.376509,41.09295],[26.376855,41.093354],[26.377168,41.093712],[26.37778,41.094336],[26.378005,41.094511],[26.378081,41.094583],[26.378473,41.09504],[26.378664,41.095052],[26.378793,41.095021],[26.378942,41.09493],[26.379174,41.094934],[26.379684,41.095375],[26.379871,41.095543],[26.380202,41.095417],[26.380419,41.09541],[26.380529,41.095375],[26.380579,41.095402],[26.381032,41.095356],[26.381595,41.095478],[26.381759,41.095589],[26.381694,41.096259],[26.381778,41.096632],[26.381911,41.096712],[26.382018,41.097009],[26.382121,41.097416],[26.381831,41.097519],[26.381801,41.097781],[26.381728,41.098143],[26.381713,41.098333],[26.381683,41.098509],[26.381683,41.09876],[26.381744,41.09887],[26.381961,41.099479],[26.382246,41.099757],[26.382476,41.100009],[26.382486,41.10002],[26.382517,41.100203],[26.3826,41.100419],[26.382547,41.101105],[26.3823,41.101227],[26.382301,41.101234],[26.3823,41.101235],[26.382341,41.101387],[26.382518,41.101951],[26.382284,41.102068],[26.382286,41.102075],[26.382284,41.102076],[26.382292,41.102118],[26.382753,41.10307],[26.382882,41.103248],[26.383282,41.103184],[26.383506,41.103846],[26.383937,41.103854],[26.384089,41.104459],[26.384393,41.104417],[26.384607,41.104935],[26.384751,41.105354],[26.384827,41.105619],[26.384892,41.105809],[26.384823,41.105888],[26.384799,41.106059],[26.384337,41.106207],[26.383852,41.10634],[26.383852,41.106347],[26.383852,41.106348],[26.383857,41.106938],[26.383961,41.107166],[26.383566,41.10718],[26.383738,41.107828],[26.383619,41.107808],[26.383509,41.108303],[26.384033,41.108418],[26.384047,41.109041],[26.384199,41.109055],[26.384242,41.10946],[26.384285,41.109469],[26.384494,41.110221],[26.38517,41.110007],[26.38528,41.10996],[26.385552,41.110399],[26.386706,41.111004],[26.386489,41.111861],[26.387083,41.112158],[26.388213,41.112432],[26.388278,41.113077],[26.388344,41.113615],[26.388449,41.114238],[26.386018,41.119191],[26.386131,41.123308],[26.387101,41.125197],[26.387261,41.125639],[26.387367,41.125795],[26.38747,41.126077],[26.387699,41.126423],[26.387756,41.126545],[26.387889,41.126895],[26.388007,41.127173],[26.388094,41.127562],[26.388193,41.127881],[26.388204,41.127954],[26.388144,41.128281],[26.388285,41.128418],[26.388639,41.128769],[26.389046,41.129027],[26.38913,41.129161],[26.389385,41.129694],[26.389545,41.130017],[26.389564,41.130451],[26.389564,41.130453],[26.389564,41.130459],[26.389473,41.130783],[26.38945,41.131395],[26.389431,41.131883],[26.389496,41.132107],[26.389678,41.132359],[26.389838,41.132461],[26.390055,41.13261],[26.390154,41.132705],[26.390322,41.132934],[26.390474,41.132972],[26.390893,41.133269],[26.391056,41.133364],[26.391414,41.13355],[26.391723,41.13376],[26.391902,41.133965],[26.392209,41.134306],[26.392977,41.135094],[26.393734,41.135874],[26.394848,41.137036],[26.395841,41.13745],[26.398303,41.138444],[26.399416,41.139001],[26.400804,41.139729],[26.400967,41.139863],[26.401852,41.140511],[26.402611,41.141088],[26.403405,41.141685],[26.403996,41.142113],[26.404784,41.142895],[26.405672,41.143775],[26.406577,41.144686],[26.406774,41.144863],[26.407103,41.145305],[26.408085,41.146596],[26.40887,41.147535],[26.409604,41.147624],[26.410001,41.147678],[26.410478,41.147758],[26.411157,41.147829],[26.41178,41.147901],[26.412362,41.147966],[26.412765,41.147989],[26.413522,41.148044],[26.413898,41.148061],[26.414084,41.148072],[26.414584,41.148112],[26.415035,41.148143],[26.415737,41.148161],[26.416494,41.148172],[26.417399,41.148183],[26.41803,41.148118],[26.418239,41.148095],[26.418927,41.148024],[26.420143,41.147884]]]}},{"type":"Feature","properties":{"id":"TR-Y-22-007-K-0006","level":"yerlesim","type":"mahalle","parent_id":"TR-D-22-007","province_id":"TR-P-22","district_id":"TR-D-22-007","name":"Hasırcıarnavutköy","source_raw_name":"Hasırcıarnavutköy","source":"Kullanıcı tarafından sağlanan KML","source_label":"Kullanıcı tarafından sağlanan KML","source_name":"Edirne Mahalle KML - kullanıcı tarafından sağlandı"},"geometry":{"type":"Polygon","coordinates":[[[26.475184,41.30075],[26.475504,41.300591],[26.475532,41.300619],[26.475536,41.300616],[26.475565,41.300647],[26.475592,41.300676],[26.475625,41.300712],[26.475629,41.300716],[26.475634,41.300721],[26.475639,41.300727],[26.475645,41.300733],[26.475648,41.300731],[26.475654,41.300728],[26.475663,41.300723],[26.475671,41.300719],[26.475679,41.300715],[26.475685,41.300711],[26.475718,41.300693],[26.475754,41.300674],[26.475778,41.30066],[26.475786,41.300655],[26.475803,41.300646],[26.475823,41.300635],[26.475853,41.300619],[26.475899,41.300594],[26.475956,41.300563],[26.476003,41.300539],[26.476016,41.300532],[26.476067,41.300505],[26.476104,41.300485],[26.476209,41.300428],[26.476332,41.300364],[26.476435,41.300306],[26.476546,41.300243],[26.476667,41.300176],[26.476759,41.300123],[26.476897,41.300045],[26.476982,41.299997],[26.477031,41.299968],[26.477099,41.299921],[26.477191,41.299855],[26.47729,41.299785],[26.477379,41.299725],[26.477459,41.299671],[26.477489,41.299651],[26.477628,41.299567],[26.477724,41.299511],[26.477788,41.299469],[26.477895,41.299405],[26.477976,41.299358],[26.478139,41.299271],[26.47841,41.299126],[26.478936,41.298841],[26.478641,41.298605],[26.478632,41.298599],[26.478709,41.298558],[26.478775,41.298523],[26.478817,41.298497],[26.478875,41.298466],[26.478944,41.298433],[26.479037,41.298388],[26.479098,41.298356],[26.479181,41.298315],[26.479302,41.298252],[26.479384,41.298212],[26.479437,41.298182],[26.479529,41.298139],[26.479652,41.298079],[26.479815,41.298],[26.479853,41.297941],[26.479949,41.297891],[26.480212,41.297758],[26.480218,41.297752],[26.48031,41.297745],[26.480334,41.297739],[26.480407,41.29772],[26.480512,41.297693],[26.480548,41.297682],[26.480588,41.297697],[26.480608,41.297689],[26.480639,41.297678],[26.480698,41.297655],[26.480779,41.297626],[26.480868,41.297594],[26.480932,41.297571],[26.480976,41.297555],[26.481012,41.297541],[26.481076,41.297518],[26.481123,41.297502],[26.481179,41.297481],[26.481235,41.29746],[26.481271,41.297447],[26.481329,41.297429],[26.481367,41.297416],[26.481404,41.297398],[26.481505,41.297353],[26.481581,41.297317],[26.481651,41.297285],[26.481773,41.297229],[26.481809,41.297208],[26.481836,41.297195],[26.481949,41.297143],[26.482071,41.297089],[26.482149,41.29706],[26.482166,41.29705],[26.482202,41.297037],[26.482248,41.297014],[26.482276,41.297001],[26.482322,41.296978],[26.48238,41.296952],[26.482466,41.296912],[26.482569,41.296864],[26.482655,41.296822],[26.482699,41.296802],[26.482707,41.296799],[26.482717,41.296794],[26.482742,41.296776],[26.482773,41.296757],[26.482788,41.296716],[26.482778,41.296701],[26.482703,41.296647],[26.482677,41.296624],[26.482581,41.29658],[26.482562,41.29657],[26.482549,41.296562],[26.48254,41.296558],[26.482497,41.29654],[26.482457,41.296506],[26.482441,41.296492],[26.482433,41.296486],[26.482421,41.296478],[26.482389,41.296457],[26.482377,41.296445],[26.48233,41.296406],[26.48227,41.296354],[26.482242,41.296329],[26.482232,41.296318],[26.482203,41.296291],[26.482169,41.296259],[26.482128,41.296206],[26.482073,41.296132],[26.482014,41.296055],[26.481942,41.295959],[26.481867,41.295861],[26.481731,41.295693],[26.481688,41.295635],[26.481672,41.295614],[26.481581,41.29552],[26.481491,41.29543],[26.481472,41.295414],[26.481431,41.29538],[26.481393,41.295349],[26.481387,41.295341],[26.481339,41.295313],[26.481289,41.29528],[26.481263,41.295263],[26.481232,41.295249],[26.481161,41.295216],[26.481124,41.295199],[26.48113,41.295172],[26.481079,41.295138],[26.481135,41.295032],[26.481198,41.29491],[26.481241,41.29483],[26.481282,41.294751],[26.481218,41.294717],[26.481023,41.294612],[26.480901,41.294544],[26.48067,41.294423],[26.480517,41.294348],[26.480484,41.294332],[26.480514,41.294249],[26.480561,41.294112],[26.480592,41.294025],[26.480597,41.293999],[26.480608,41.293891],[26.480608,41.293836],[26.48048,41.293787],[26.480401,41.293759],[26.480333,41.293769],[26.480289,41.293774],[26.480241,41.29378],[26.48013,41.293708],[26.480004,41.293623],[26.4799,41.293697],[26.479718,41.293829],[26.479649,41.293878],[26.479543,41.293955],[26.479467,41.294011],[26.479378,41.294074],[26.479357,41.294088],[26.479341,41.294098],[26.479329,41.294108],[26.479303,41.294125],[26.479289,41.294114],[26.479227,41.294067],[26.479198,41.294044],[26.4791,41.293968],[26.47903,41.293914],[26.478949,41.293851],[26.4789,41.293813],[26.478876,41.293794],[26.478944,41.293747],[26.479482,41.293367],[26.47956,41.293308],[26.479437,41.293265],[26.479315,41.293227],[26.479147,41.293146],[26.479,41.293073],[26.478904,41.293047],[26.478829,41.293017],[26.478762,41.292957],[26.478689,41.292896],[26.478487,41.292773],[26.478325,41.292673],[26.478194,41.292595],[26.47789,41.292334],[26.47761,41.292069],[26.477556,41.291997],[26.477392,41.291917],[26.477178,41.29181],[26.477148,41.291789],[26.477089,41.291723],[26.477051,41.291693],[26.476987,41.291636],[26.476912,41.29158],[26.476767,41.291464],[26.476677,41.291397],[26.476516,41.291272],[26.476476,41.291157],[26.476475,41.291153],[26.47644,41.291124],[26.476405,41.291094],[26.476362,41.29112],[26.476278,41.291172],[26.476224,41.291205],[26.476174,41.291233],[26.476147,41.291251],[26.476105,41.291279],[26.476081,41.291294],[26.476049,41.291316],[26.476006,41.291344],[26.475977,41.291362],[26.475956,41.291379],[26.475943,41.291389],[26.475906,41.291417],[26.475893,41.291427],[26.475877,41.291438],[26.475833,41.291466],[26.475807,41.291481],[26.475759,41.291509],[26.47575,41.291515],[26.475704,41.291552],[26.475696,41.291547],[26.47566,41.291569],[26.475549,41.291512],[26.475385,41.291425],[26.475367,41.291415],[26.475318,41.291377],[26.475161,41.291261],[26.47498,41.29113],[26.474848,41.291033],[26.474935,41.290982],[26.475097,41.290892],[26.475162,41.290853],[26.475211,41.290827],[26.475407,41.290734],[26.476026,41.290437],[26.476394,41.290272],[26.476276,41.290152],[26.476082,41.289976],[26.476041,41.290037],[26.476021,41.290068],[26.475956,41.290135],[26.475948,41.290151],[26.475932,41.290159],[26.475928,41.290163],[26.475904,41.290178],[26.475837,41.290216],[26.475733,41.290275],[26.475669,41.290299],[26.475656,41.290304],[26.47561,41.290326],[26.475593,41.290332],[26.47555,41.290349],[26.475452,41.290387],[26.47532,41.290437],[26.475251,41.290464],[26.475095,41.290523],[26.475042,41.290542],[26.475024,41.29055],[26.474981,41.290562],[26.474875,41.290588],[26.474812,41.290606],[26.474682,41.290626],[26.474568,41.290632],[26.474545,41.290636],[26.474509,41.290643],[26.474427,41.290664],[26.474395,41.290624],[26.474324,41.290612],[26.473981,41.290187],[26.473835,41.290004],[26.47417,41.289777],[26.474414,41.289611],[26.474672,41.289519],[26.474587,41.289474],[26.474473,41.289407],[26.474318,41.289292],[26.474095,41.289115],[26.473935,41.288972],[26.473853,41.288897],[26.473795,41.288789],[26.473692,41.288609],[26.473596,41.288431],[26.473606,41.288207],[26.473474,41.288014],[26.473233,41.287869],[26.472853,41.28807],[26.472847,41.28797],[26.472854,41.287682],[26.472831,41.287537],[26.472696,41.287396],[26.472396,41.287335],[26.472239,41.287303],[26.472134,41.287175],[26.472221,41.287088],[26.472135,41.286916],[26.471986,41.286802],[26.471721,41.28661],[26.471438,41.286578],[26.471033,41.286554],[26.470963,41.286488],[26.470948,41.286477],[26.470817,41.286444],[26.470666,41.286255],[26.470658,41.286223],[26.470488,41.286059],[26.470195,41.285797],[26.470098,41.285724],[26.470066,41.285657],[26.470038,41.285491],[26.470028,41.285448],[26.469964,41.285297],[26.469958,41.285172],[26.469979,41.285101],[26.470107,41.284958],[26.470285,41.28476],[26.470316,41.284696],[26.470323,41.284527],[26.47044,41.284467],[26.470637,41.284382],[26.470777,41.284306],[26.471078,41.284017],[26.471154,41.283813],[26.471388,41.283395],[26.471539,41.283174],[26.471658,41.283001],[26.471737,41.282896],[26.472018,41.282511],[26.472127,41.282371],[26.472578,41.282051],[26.472563,41.28202],[26.472582,41.281843],[26.472601,41.281813],[26.472606,41.281802],[26.472674,41.281751],[26.472758,41.281678],[26.472795,41.281659],[26.472821,41.281645],[26.472844,41.281623],[26.472905,41.281563],[26.472911,41.281544],[26.472925,41.281498],[26.472933,41.281448],[26.472937,41.281428],[26.472951,41.28139],[26.473,41.281362],[26.473012,41.281357],[26.473081,41.281335],[26.473099,41.281324],[26.47314,41.281296],[26.473151,41.281266],[26.473149,41.281239],[26.473144,41.281194],[26.473135,41.28111],[26.473132,41.281074],[26.47314,41.281012],[26.473186,41.280953],[26.4732,41.280942],[26.473265,41.280894],[26.473316,41.280857],[26.47336,41.280823],[26.473394,41.280787],[26.47346,41.280719],[26.47348,41.280661],[26.47349,41.280626],[26.473497,41.280515],[26.473498,41.280462],[26.473499,41.280376],[26.473524,41.280319],[26.473566,41.280282],[26.473623,41.280233],[26.473637,41.280195],[26.473636,41.280152],[26.473666,41.280157],[26.473684,41.280141],[26.473783,41.280055],[26.47384,41.280007],[26.473884,41.279969],[26.473903,41.279952],[26.473952,41.279918],[26.474,41.279881],[26.474039,41.279854],[26.474106,41.279806],[26.474152,41.279772],[26.474192,41.279726],[26.474282,41.279622],[26.474342,41.279553],[26.474451,41.279429],[26.4746,41.279255],[26.474647,41.279104],[26.474705,41.278939],[26.474739,41.278738],[26.474871,41.278632],[26.474927,41.278547],[26.475042,41.27839],[26.475255,41.278087],[26.475243,41.278027],[26.475343,41.277975],[26.475393,41.277905],[26.475636,41.277817],[26.475776,41.277685],[26.475881,41.27758],[26.476001,41.277433],[26.47615,41.277254],[26.476172,41.277223],[26.476341,41.277016],[26.476434,41.276902],[26.476502,41.276823],[26.476624,41.27669],[26.476801,41.2765],[26.476933,41.27636],[26.477064,41.276218],[26.477311,41.275944],[26.477579,41.275645],[26.477774,41.275441],[26.47792,41.275292],[26.478154,41.275056],[26.478314,41.274896],[26.478393,41.27478],[26.478515,41.274554],[26.478672,41.274284],[26.47871,41.274217],[26.478765,41.274075],[26.478878,41.273922],[26.47903,41.273704],[26.479245,41.273413],[26.479365,41.273235],[26.479392,41.273169],[26.479418,41.273064],[26.479438,41.27295],[26.479394,41.272705],[26.479356,41.27251],[26.479325,41.27226],[26.479298,41.271994],[26.47929,41.271959],[26.479286,41.271735],[26.479289,41.271627],[26.479268,41.271325],[26.479246,41.271072],[26.479236,41.270972],[26.479202,41.270795],[26.479144,41.270462],[26.47914,41.270418],[26.479097,41.270274],[26.479061,41.270175],[26.479041,41.270145],[26.478994,41.270087],[26.478878,41.269964],[26.478831,41.269915],[26.478782,41.269423],[26.478745,41.269253],[26.478657,41.268595],[26.478596,41.268199],[26.478596,41.267876],[26.47859,41.267571],[26.478588,41.267216],[26.478593,41.267131],[26.478595,41.267043],[26.478739,41.26688],[26.478768,41.266854],[26.478846,41.266839],[26.47894,41.266784],[26.47912,41.266732],[26.47942,41.266653],[26.479648,41.26658],[26.479997,41.266475],[26.480102,41.266438],[26.480183,41.266414],[26.480233,41.266399],[26.480334,41.266359],[26.480469,41.2663],[26.480603,41.266246],[26.480737,41.266199],[26.480893,41.266131],[26.481023,41.266076],[26.481267,41.265974],[26.481333,41.265942],[26.481515,41.265831],[26.481709,41.265698],[26.481826,41.265625],[26.481891,41.265567],[26.482085,41.265426],[26.482322,41.265237],[26.482348,41.265208],[26.482397,41.265133],[26.482463,41.265051],[26.482517,41.264966],[26.482586,41.264824],[26.482665,41.264669],[26.482728,41.264509],[26.482772,41.26437],[26.482822,41.264183],[26.48284,41.264107],[26.482919,41.263924],[26.482948,41.263796],[26.482982,41.263661],[26.483024,41.263584],[26.483085,41.263472],[26.483143,41.263364],[26.483177,41.263339],[26.483212,41.263266],[26.483326,41.263042],[26.483384,41.262937],[26.48357,41.262713],[26.4836,41.26259],[26.483634,41.262482],[26.483655,41.262424],[26.483666,41.26211],[26.484049,41.261861],[26.484247,41.261753],[26.483519,41.258576],[26.483623,41.25807],[26.483714,41.25767],[26.483818,41.257202],[26.483902,41.256834],[26.48401,41.256349],[26.48408,41.256037],[26.484244,41.255286],[26.484354,41.25481],[26.484447,41.254388],[26.484547,41.253913],[26.48459,41.253724],[26.484617,41.253617],[26.484697,41.253188],[26.484739,41.252975],[26.484732,41.252975],[26.483107,41.249696],[26.483292,41.249495],[26.483484,41.249285],[26.483596,41.249163],[26.483689,41.249059],[26.483726,41.24892],[26.4838,41.248843],[26.483976,41.248652],[26.48419,41.24842],[26.484337,41.248261],[26.484524,41.24806],[26.484672,41.247899],[26.485047,41.247481],[26.485134,41.247377],[26.485223,41.247276],[26.48531,41.247179],[26.485433,41.247044],[26.485564,41.246896],[26.485677,41.246776],[26.48583,41.246603],[26.486121,41.246292],[26.486297,41.246099],[26.486553,41.245816],[26.486775,41.245559],[26.486749,41.245533],[26.486743,41.245527],[26.486749,41.245519],[26.486706,41.245432],[26.48667,41.245223],[26.486627,41.245086],[26.486554,41.244835],[26.486489,41.244745],[26.486466,41.244744],[26.486452,41.244722],[26.486181,41.244648],[26.486027,41.2445],[26.486011,41.2445],[26.485979,41.244474],[26.485583,41.244448],[26.485511,41.244368],[26.485082,41.243958],[26.484893,41.243778],[26.484884,41.243781],[26.484855,41.243751],[26.484538,41.243975],[26.483812,41.244456],[26.483196,41.244633],[26.482511,41.244828],[26.48185,41.245018],[26.480894,41.245286],[26.480553,41.24538],[26.480242,41.24545],[26.480105,41.245417],[26.479911,41.24549],[26.479852,41.245511],[26.479522,41.245568],[26.479024,41.245657],[26.478431,41.245764],[26.478253,41.245776],[26.477953,41.245689],[26.477122,41.24547],[26.475954,41.245155],[26.475343,41.244989],[26.47447,41.244754],[26.473799,41.244578],[26.473445,41.244401],[26.473033,41.244209],[26.472352,41.243889],[26.471878,41.243669],[26.471176,41.243332],[26.470782,41.243148],[26.470482,41.242999],[26.469941,41.242741],[26.469547,41.242552],[26.469067,41.242318],[26.468586,41.242089],[26.468004,41.241815],[26.46733,41.241497],[26.467247,41.241457],[26.467083,41.241486],[26.467017,41.241497],[26.466379,41.241567],[26.465467,41.241669],[26.464771,41.241745],[26.463865,41.241844],[26.46355,41.241878],[26.46286,41.241946],[26.462233,41.242015],[26.461447,41.242094],[26.461066,41.242138],[26.460719,41.242041],[26.459868,41.241808],[26.459297,41.241646],[26.458665,41.241476],[26.457728,41.241214],[26.45773,41.241118],[26.457733,41.241033],[26.457755,41.240917],[26.457754,41.24088],[26.457809,41.240789],[26.457833,41.240748],[26.45792,41.240688],[26.458004,41.24055],[26.458086,41.240465],[26.458279,41.240329],[26.458369,41.240221],[26.458468,41.240136],[26.458541,41.240087],[26.458565,41.240074],[26.458628,41.240032],[26.458694,41.239996],[26.458774,41.239912],[26.458782,41.239836],[26.458748,41.239794],[26.458747,41.239772],[26.458788,41.239735],[26.458724,41.239606],[26.458636,41.239606],[26.458513,41.239526],[26.458512,41.239526],[26.4584,41.239528],[26.4584,41.239528],[26.458273,41.239501],[26.458209,41.239466],[26.458153,41.239417],[26.458097,41.239342],[26.458091,41.239341],[26.458048,41.239353],[26.457991,41.239368],[26.457898,41.239382],[26.457795,41.239373],[26.457714,41.239356],[26.457667,41.239331],[26.45763,41.239288],[26.457622,41.239258],[26.457602,41.239275],[26.457578,41.239249],[26.457495,41.239242],[26.457344,41.239262],[26.457301,41.239265],[26.45728,41.239282],[26.457196,41.239271],[26.457152,41.239258],[26.457078,41.239164],[26.457036,41.2391],[26.456919,41.239007],[26.456781,41.238879],[26.456696,41.238795],[26.456562,41.238651],[26.456507,41.238597],[26.456425,41.238541],[26.45637,41.238518],[26.4563,41.238506],[26.456138,41.238637],[26.456137,41.238645],[26.456173,41.23867],[26.456174,41.23867],[26.456301,41.238669],[26.45637,41.23873],[26.456435,41.238734],[26.456463,41.238739],[26.456483,41.238766],[26.45648,41.238852],[26.456559,41.238937],[26.456556,41.238975],[26.456487,41.238999],[26.45647,41.239047],[26.456502,41.239092],[26.456508,41.239159],[26.456498,41.23921],[26.456448,41.239331],[26.456346,41.239395],[26.456245,41.239417],[26.456116,41.239398],[26.456068,41.239356],[26.455998,41.239351],[26.455962,41.239374],[26.455925,41.239369],[26.455858,41.239353],[26.455712,41.239366],[26.455668,41.239301],[26.455538,41.239272],[26.455414,41.239286],[26.455366,41.239307],[26.455249,41.239333],[26.455139,41.239383],[26.455071,41.239365],[26.455053,41.239318],[26.454943,41.239312],[26.454855,41.239345],[26.454734,41.239327],[26.454678,41.239302],[26.454616,41.239287],[26.454533,41.239296],[26.454454,41.239337],[26.454393,41.239375],[26.454081,41.239318],[26.453382,41.23919],[26.452388,41.238999],[26.451798,41.23889],[26.45166,41.238786],[26.451218,41.238471],[26.450956,41.238282],[26.450239,41.237772],[26.4499,41.23753],[26.447425,41.236423],[26.44737,41.236455],[26.447357,41.236465],[26.447283,41.23651],[26.447072,41.236664],[26.446629,41.236976],[26.446535,41.237041],[26.446459,41.23709],[26.446084,41.237264],[26.445886,41.237222],[26.445368,41.237115],[26.44513,41.237071],[26.444849,41.237075],[26.444653,41.237113],[26.444481,41.237147],[26.443943,41.23714],[26.443446,41.237073],[26.442903,41.237151],[26.442833,41.237117],[26.442643,41.236755],[26.442384,41.236753],[26.442134,41.236786],[26.442007,41.236742],[26.441816,41.236654],[26.441736,41.236734],[26.441666,41.236814],[26.441618,41.237347],[26.441392,41.23733],[26.440402,41.237226],[26.439393,41.237115],[26.439203,41.237524],[26.438733,41.238526],[26.438289,41.239445],[26.437855,41.240355],[26.437297,41.241509],[26.437025,41.242063],[26.437054,41.242167],[26.437149,41.242142],[26.437512,41.242053],[26.438002,41.241939],[26.438342,41.241859],[26.438597,41.2418],[26.438898,41.241733],[26.43941,41.241611],[26.439947,41.241707],[26.440156,41.24195],[26.440421,41.242276],[26.440767,41.24267],[26.440983,41.242738],[26.440996,41.242763],[26.440981,41.242832],[26.440973,41.243035],[26.440981,41.243193],[26.441015,41.2433],[26.441085,41.243349],[26.441224,41.243384],[26.441352,41.243412],[26.441563,41.243479],[26.441637,41.24354],[26.441677,41.243618],[26.441706,41.243711],[26.441748,41.243766],[26.441738,41.243894],[26.441658,41.243953],[26.441672,41.244101],[26.441708,41.244124],[26.44166,41.244301],[26.441696,41.244349],[26.441706,41.244792],[26.441714,41.244865],[26.441767,41.244948],[26.441818,41.245024],[26.441898,41.245171],[26.441837,41.2452],[26.441662,41.245245],[26.441634,41.245264],[26.441577,41.245266],[26.441493,41.245304],[26.441603,41.245668],[26.441752,41.246148],[26.441839,41.246433],[26.441889,41.246574],[26.441992,41.246806],[26.442051,41.246949],[26.442085,41.247021],[26.442136,41.247136],[26.44218,41.247193],[26.442239,41.24728],[26.442287,41.24733],[26.442483,41.247402],[26.442787,41.247535],[26.442932,41.247636],[26.443082,41.247745],[26.443282,41.247857],[26.443433,41.247927],[26.443505,41.24803],[26.443695,41.248004],[26.443861,41.24804],[26.443876,41.248302],[26.443908,41.24851],[26.44404,41.248784],[26.444125,41.248965],[26.444135,41.24898],[26.444135,41.249248],[26.44412,41.249643],[26.444112,41.249787],[26.444076,41.249837],[26.444532,41.249903],[26.44458,41.24996],[26.444813,41.250331],[26.444887,41.250422],[26.444999,41.250569],[26.445118,41.250805],[26.445141,41.250924],[26.44531,41.251285],[26.445322,41.251395],[26.445691,41.251897],[26.44577,41.251985],[26.445805,41.252052],[26.445846,41.25218],[26.445943,41.252266],[26.445924,41.252297],[26.445713,41.252389],[26.445634,41.252458],[26.445513,41.252535],[26.445477,41.252575],[26.445444,41.252687],[26.445479,41.252842],[26.445406,41.252911],[26.445379,41.253025],[26.445196,41.253275],[26.445099,41.253439],[26.444937,41.253446],[26.444863,41.253491],[26.444818,41.253601],[26.444796,41.253772],[26.444766,41.254031],[26.444685,41.254379],[26.44463,41.254588],[26.444651,41.2547],[26.444725,41.254664],[26.444741,41.254657],[26.444792,41.25466],[26.444842,41.254664],[26.444925,41.25467],[26.444963,41.254672],[26.445013,41.25468],[26.445075,41.254689],[26.44515,41.254706],[26.445259,41.254733],[26.445398,41.254809],[26.445438,41.254821],[26.445536,41.254854],[26.445683,41.254877],[26.445768,41.25489],[26.445838,41.254893],[26.445974,41.254892],[26.446035,41.254893],[26.446132,41.254898],[26.44624,41.254903],[26.446296,41.254909],[26.44633,41.25491],[26.446381,41.254911],[26.446479,41.254909],[26.446593,41.254907],[26.446736,41.254905],[26.446838,41.254902],[26.446867,41.254907],[26.447003,41.254925],[26.447055,41.254935],[26.44711,41.254942],[26.44717,41.254949],[26.447301,41.254967],[26.447388,41.25498],[26.447487,41.255031],[26.447589,41.255082],[26.447684,41.255132],[26.447759,41.255174],[26.44777,41.255179],[26.447838,41.255207],[26.447901,41.255233],[26.448003,41.255244],[26.4481,41.255255],[26.448092,41.255425],[26.448083,41.255685],[26.448079,41.255815],[26.448073,41.255893],[26.448069,41.255988],[26.448063,41.256064],[26.448055,41.256209],[26.448047,41.256355],[26.448042,41.256384],[26.448024,41.256434],[26.44799,41.256488],[26.447976,41.25655],[26.447995,41.256595],[26.448014,41.256605],[26.448041,41.256673],[26.448088,41.256715],[26.448019,41.256759],[26.447939,41.256815],[26.447942,41.256903],[26.447939,41.257022],[26.447935,41.257168],[26.447928,41.257191],[26.447894,41.257269],[26.447856,41.257348],[26.447831,41.257392],[26.447801,41.257479],[26.447772,41.257561],[26.447766,41.257641],[26.447772,41.257685],[26.447794,41.257825],[26.447773,41.257821],[26.447765,41.257917],[26.447741,41.257983],[26.447726,41.258004],[26.447682,41.258147],[26.447646,41.258288],[26.447624,41.258434],[26.44754,41.258489],[26.447504,41.2585],[26.447438,41.258523],[26.447412,41.258532],[26.447412,41.258565],[26.447444,41.25867],[26.44749,41.258666],[26.447622,41.258652],[26.447571,41.258713],[26.447452,41.258847],[26.447338,41.258982],[26.44731,41.259055],[26.447295,41.259095],[26.447241,41.259175],[26.447166,41.259299],[26.447148,41.25933],[26.447177,41.259457],[26.447178,41.259522],[26.447152,41.259554],[26.447062,41.259609],[26.446967,41.259665],[26.446903,41.259787],[26.446876,41.260038],[26.446986,41.260297],[26.446872,41.260773],[26.446804,41.260937],[26.44667,41.261097],[26.446674,41.261325],[26.446617,41.261439],[26.446575,41.261599],[26.446575,41.261694],[26.446492,41.262018],[26.446442,41.262151],[26.446442,41.262273],[26.446438,41.262345],[26.446419,41.26268],[26.446385,41.262802],[26.446377,41.262855],[26.446229,41.262992],[26.446236,41.26308],[26.446168,41.263228],[26.446183,41.263278],[26.446233,41.263335],[26.446396,41.263392],[26.446518,41.263548],[26.446393,41.263541],[26.446396,41.263621],[26.446434,41.263704],[26.446446,41.263853],[26.446469,41.264077],[26.446434,41.264237],[26.446583,41.264751],[26.446556,41.265045],[26.446564,41.265269],[26.446632,41.265425],[26.446651,41.265578],[26.446629,41.265783],[26.446583,41.265932],[26.446549,41.266415],[26.446636,41.266453],[26.446659,41.266506],[26.446695,41.266558],[26.446815,41.266567],[26.446859,41.266605],[26.446874,41.266659],[26.44688,41.266703],[26.446878,41.266794],[26.44687,41.266853],[26.446916,41.266942],[26.4468,41.267344],[26.446775,41.267409],[26.446756,41.267561],[26.446699,41.267856],[26.446651,41.268096],[26.446602,41.268322],[26.44657,41.268509],[26.446478,41.268892],[26.446433,41.269103],[26.446408,41.269204],[26.44636,41.269385],[26.446288,41.269607],[26.446236,41.269788],[26.446223,41.269828],[26.446023,41.270159],[26.445823,41.270504],[26.445713,41.270689],[26.44566,41.270713],[26.445502,41.27094],[26.445288,41.271244],[26.445153,41.27144],[26.44502,41.271637],[26.444917,41.271743],[26.444769,41.271945],[26.444302,41.272569],[26.444139,41.272619],[26.444144,41.272849],[26.44415,41.272998],[26.444143,41.273403],[26.443752,41.273371],[26.443737,41.273822],[26.443491,41.273727],[26.443366,41.274187],[26.443204,41.274125],[26.443084,41.274646],[26.442917,41.274619],[26.442884,41.274637],[26.442806,41.274749],[26.442635,41.274989],[26.442513,41.275107],[26.442307,41.275303],[26.44202,41.275531],[26.441929,41.275606],[26.44182,41.275687],[26.441664,41.275792],[26.441331,41.276009],[26.44107,41.276192],[26.440999,41.276167],[26.440784,41.276297],[26.440408,41.276533],[26.440372,41.276553],[26.440255,41.276647],[26.440016,41.27683],[26.439656,41.277114],[26.439274,41.27741],[26.438952,41.277662],[26.438798,41.277787],[26.438544,41.277985],[26.438524,41.278008],[26.438466,41.278059],[26.438379,41.278135],[26.438298,41.278202],[26.438252,41.278234],[26.438178,41.278282],[26.438181,41.278303],[26.43814,41.278337],[26.438061,41.278484],[26.437966,41.278805],[26.441477,41.278988],[26.443979,41.279504],[26.44432,41.279765],[26.444639,41.2803],[26.4455,41.281188],[26.446488,41.281498],[26.45037,41.281318],[26.455711,41.280764],[26.458841,41.28113],[26.462546,41.282824],[26.463984,41.284996],[26.464041,41.285439],[26.464312,41.286888],[26.464667,41.287957],[26.465101,41.289316],[26.465056,41.28988],[26.465071,41.292914],[26.464947,41.293341],[26.46467,41.295032],[26.464181,41.297972],[26.464472,41.299422],[26.465232,41.300523],[26.466621,41.301155],[26.472881,41.30216],[26.474623,41.30276],[26.47459,41.30249],[26.474544,41.302149],[26.474509,41.301862],[26.474479,41.30165],[26.47447,41.301549],[26.474449,41.301349],[26.474432,41.30122],[26.474429,41.301199],[26.474423,41.301109],[26.474479,41.301086],[26.474571,41.301043],[26.474693,41.300987],[26.474815,41.300935],[26.474946,41.300872],[26.475184,41.30075]]]}},{"type":"Feature","properties":{"id":"TR-Y-22-007-K-0007","level":"yerlesim","type":"mahalle","parent_id":"TR-D-22-007","province_id":"TR-P-22","district_id":"TR-D-22-007","name":"Kadıdondurma","source_raw_name":"Kadıdondurma","source":"Kullanıcı tarafından sağlanan KML","source_label":"Kullanıcı tarafından sağlanan KML","source_name":"Edirne Mahalle KML - kullanıcı tarafından sağlandı"},"geometry":{"type":"Polygon","coordinates":[[[26.323315,41.198217],[26.323736,41.197599],[26.324084,41.197094],[26.324514,41.196489],[26.324914,41.195911],[26.325326,41.195319],[26.325764,41.194704],[26.326286,41.193987],[26.326575,41.193609],[26.326796,41.193218],[26.326914,41.193051],[26.327303,41.192512],[26.32759,41.192075],[26.327677,41.191904],[26.327724,41.191764],[26.327803,41.191446],[26.327857,41.191135],[26.327889,41.190751],[26.327889,41.190476],[26.327871,41.190205],[26.327907,41.189929],[26.327901,41.189489],[26.327912,41.18922],[26.327942,41.189007],[26.328033,41.188754],[26.32811,41.18861],[26.328324,41.188416],[26.328486,41.188301],[26.328674,41.188182],[26.328854,41.188076],[26.329007,41.188001],[26.329129,41.187929],[26.329292,41.187839],[26.329405,41.187766],[26.329883,41.188093],[26.330131,41.188135],[26.330348,41.188198],[26.330548,41.188369],[26.331027,41.188706],[26.331221,41.188575],[26.331239,41.188426],[26.331633,41.187987],[26.331867,41.187804],[26.332484,41.187987],[26.332906,41.188118],[26.334277,41.188324],[26.334745,41.188307],[26.335567,41.188284],[26.336669,41.188261],[26.337789,41.188227],[26.33888,41.188192],[26.341643,41.188101],[26.345641,41.18793],[26.350392,41.187775],[26.351118,41.187833],[26.351671,41.187855],[26.352454,41.187627],[26.352382,41.18839],[26.35462,41.188253],[26.35462,41.18847],[26.354758,41.188721],[26.355009,41.188721],[26.355132,41.18889],[26.355229,41.188958],[26.355292,41.188992],[26.355346,41.18895],[26.355523,41.188964],[26.355628,41.188921],[26.35554,41.188673],[26.355446,41.188658],[26.355443,41.188636],[26.35584,41.188616],[26.355954,41.18869],[26.356214,41.188536],[26.356234,41.188379],[26.356119,41.188273],[26.35639,41.188059],[26.35706,41.188174],[26.357193,41.188059],[26.35749,41.188018],[26.357566,41.187995],[26.358027,41.187759],[26.358263,41.187622],[26.358556,41.1875],[26.359051,41.187287],[26.359222,41.187092],[26.359481,41.18694],[26.360273,41.186891],[26.360547,41.186921],[26.361259,41.186925],[26.362199,41.187264],[26.362553,41.186643],[26.363562,41.186856],[26.363532,41.186689],[26.364065,41.186609],[26.364183,41.186678],[26.364327,41.18662],[26.364388,41.18659],[26.364552,41.186476],[26.364617,41.186438],[26.364701,41.186422],[26.364769,41.186369],[26.364994,41.18624],[26.365367,41.185882],[26.365359,41.185577],[26.365599,41.185516],[26.365588,41.185478],[26.365561,41.185459],[26.365561,41.185375],[26.365511,41.185242],[26.365371,41.184945],[26.365938,41.184915],[26.365942,41.18504],[26.36644,41.185181],[26.366608,41.185117],[26.366825,41.185181],[26.367297,41.184999],[26.367685,41.184724],[26.368355,41.184671],[26.368679,41.18442],[26.368892,41.184641],[26.368538,41.185029],[26.368984,41.185037],[26.37073,41.185037],[26.37083,41.185037],[26.371295,41.184696],[26.371769,41.184356],[26.372489,41.183827],[26.372641,41.183722],[26.372876,41.183549],[26.373059,41.183417],[26.373326,41.18322],[26.373543,41.183065],[26.373768,41.182902],[26.373937,41.18278],[26.374051,41.182698],[26.374287,41.182527],[26.374248,41.182454],[26.374189,41.182342],[26.374121,41.182217],[26.374081,41.182141],[26.374147,41.182106],[26.37415,41.182104],[26.374202,41.182077],[26.37426,41.182047],[26.374272,41.18204],[26.374329,41.18201],[26.374339,41.182005],[26.374371,41.181988],[26.374398,41.181974],[26.374433,41.181955],[26.374497,41.181921],[26.374533,41.181904],[26.374579,41.18188],[26.374609,41.181864],[26.374636,41.181851],[26.374663,41.181837],[26.374694,41.181822],[26.375015,41.181659],[26.375046,41.181643],[26.375111,41.18161],[26.37519,41.18157],[26.375359,41.181338],[26.375401,41.181284],[26.375425,41.18125],[26.375447,41.181221],[26.37548,41.181175],[26.375508,41.181137],[26.375531,41.181107],[26.37556,41.181065],[26.375669,41.180917],[26.375672,41.180913],[26.375674,41.180911],[26.37572,41.180849],[26.375726,41.180839],[26.375745,41.180814],[26.375747,41.180811],[26.375819,41.180714],[26.375833,41.180694],[26.375858,41.180661],[26.375887,41.180621],[26.375909,41.180592],[26.375936,41.180555],[26.375967,41.180513],[26.376008,41.180458],[26.376035,41.180421],[26.376067,41.180378],[26.376164,41.180239],[26.376222,41.180155],[26.376262,41.180096],[26.376287,41.18006],[26.376306,41.180034],[26.376335,41.179992],[26.376344,41.179979],[26.376354,41.179965],[26.376447,41.17983],[26.376426,41.179794],[26.376378,41.179706],[26.376279,41.179524],[26.376258,41.179481],[26.376304,41.179462],[26.376388,41.179432],[26.376645,41.179336],[26.37704,41.179183],[26.3771,41.179157],[26.377177,41.17912],[26.377212,41.179101],[26.377245,41.17909],[26.377393,41.179039],[26.377554,41.178976],[26.377703,41.178919],[26.3779,41.178846],[26.378002,41.178805],[26.378059,41.178785],[26.378191,41.178752],[26.378316,41.178718],[26.378548,41.178656],[26.378628,41.178636],[26.37885,41.178565],[26.379054,41.178508],[26.37923,41.178464],[26.379397,41.178416],[26.379578,41.178368],[26.379641,41.178356],[26.379824,41.178324],[26.380226,41.178248],[26.380485,41.1782],[26.380603,41.178195],[26.380815,41.178174],[26.381168,41.17815],[26.381407,41.178132],[26.381636,41.178115],[26.381631,41.178018],[26.381467,41.178033],[26.381364,41.178043],[26.381312,41.178034],[26.381278,41.178028],[26.381103,41.177998],[26.380897,41.177962],[26.380828,41.17795],[26.380426,41.177879],[26.380226,41.177844],[26.380198,41.177839],[26.37998,41.177802],[26.380033,41.177675],[26.38005,41.177633],[26.380059,41.177614],[26.380101,41.177513],[26.380012,41.177481],[26.379776,41.177392],[26.379597,41.177323],[26.379398,41.177247],[26.379278,41.177201],[26.379195,41.177169],[26.379171,41.177162],[26.379012,41.177114],[26.378902,41.177081],[26.378839,41.177062],[26.378807,41.177052],[26.37871,41.177023],[26.378701,41.177019],[26.378752,41.176966],[26.378756,41.176962],[26.378763,41.176955],[26.378821,41.176893],[26.378824,41.17689],[26.378834,41.17688],[26.378877,41.176835],[26.378882,41.17683],[26.378899,41.176812],[26.37891,41.176801],[26.378923,41.176787],[26.378942,41.176767],[26.378958,41.17675],[26.378965,41.176742],[26.378996,41.176711],[26.379002,41.176705],[26.379008,41.176698],[26.379048,41.176656],[26.379059,41.176645],[26.37908,41.176622],[26.379111,41.176591],[26.379126,41.176574],[26.379198,41.176499],[26.379211,41.176486],[26.37926,41.176434],[26.379292,41.176401],[26.379331,41.17636],[26.379342,41.176349],[26.379368,41.176322],[26.379392,41.176296],[26.379408,41.17628],[26.379463,41.176222],[26.379507,41.176176],[26.379536,41.176146],[26.379572,41.176107],[26.379615,41.176063],[26.379646,41.17603],[26.379707,41.175967],[26.379717,41.175956],[26.379732,41.175941],[26.37974,41.175932],[26.379762,41.175914],[26.379795,41.175888],[26.379814,41.175872],[26.380139,41.175608],[26.380105,41.175578],[26.380032,41.175514],[26.380012,41.175497],[26.380057,41.175453],[26.380088,41.175423],[26.380104,41.175408],[26.380128,41.175385],[26.380147,41.175368],[26.380184,41.175331],[26.380216,41.175301],[26.380257,41.175261],[26.380215,41.175231],[26.380162,41.175194],[26.380049,41.175116],[26.379977,41.175065],[26.379942,41.175041],[26.379753,41.174909],[26.379788,41.174888],[26.379863,41.174843],[26.379931,41.174802],[26.380004,41.174758],[26.380044,41.174733],[26.380447,41.174489],[26.380504,41.174455],[26.38057,41.174415],[26.380806,41.174272],[26.380583,41.174248],[26.380409,41.174229],[26.380168,41.174203],[26.380108,41.174171],[26.379885,41.174054],[26.379906,41.173849],[26.379909,41.173814],[26.379926,41.173771],[26.379987,41.173619],[26.380182,41.173467],[26.380209,41.173371],[26.380276,41.173319],[26.380328,41.173277],[26.380437,41.173191],[26.380454,41.173004],[26.380669,41.172813],[26.380718,41.172718],[26.380815,41.172542],[26.380841,41.172522],[26.380879,41.172495],[26.380916,41.172467],[26.380997,41.172403],[26.381082,41.172344],[26.381229,41.17224],[26.381283,41.17214],[26.381276,41.17203],[26.381274,41.171995],[26.381332,41.171902],[26.381417,41.171763],[26.381388,41.171671],[26.381381,41.171645],[26.381395,41.171469],[26.381468,41.171402],[26.381497,41.171288],[26.381516,41.171215],[26.381392,41.17116],[26.381387,41.171058],[26.381437,41.170996],[26.381344,41.17093],[26.381367,41.170863],[26.3814,41.170772],[26.381403,41.170765],[26.381421,41.170737],[26.381466,41.170674],[26.381576,41.170514],[26.381694,41.170474],[26.381706,41.170426],[26.381766,41.170227],[26.381783,41.170164],[26.381802,41.170097],[26.381816,41.170049],[26.381701,41.169929],[26.381696,41.169923],[26.381603,41.169826],[26.381543,41.16979],[26.381433,41.169794],[26.381362,41.169814],[26.381277,41.169872],[26.381189,41.169854],[26.381099,41.169801],[26.381055,41.169778],[26.380898,41.169654],[26.380775,41.169588],[26.380576,41.169541],[26.380549,41.169545],[26.380468,41.169459],[26.38026,41.169242],[26.380218,41.169257],[26.379974,41.169346],[26.379877,41.169382],[26.379762,41.169417],[26.379594,41.169467],[26.379446,41.169511],[26.379404,41.169484],[26.379363,41.169461],[26.379126,41.169313],[26.378848,41.169141],[26.378742,41.169075],[26.378789,41.169044],[26.378862,41.168998],[26.378811,41.16898],[26.378573,41.168896],[26.37861,41.168873],[26.378821,41.168741],[26.378741,41.168686],[26.37864,41.168616],[26.378488,41.168675],[26.37841,41.168608],[26.378372,41.168576],[26.378342,41.168552],[26.378217,41.168444],[26.377979,41.168241],[26.377785,41.167947],[26.377302,41.167632],[26.377018,41.167766],[26.376824,41.167684],[26.376704,41.167594],[26.376556,41.167505],[26.376485,41.167528],[26.376523,41.167465],[26.376607,41.167335],[26.376556,41.167185],[26.3764,41.16721],[26.376264,41.167143],[26.376295,41.166673],[26.376434,41.166601],[26.376297,41.166306],[26.376028,41.165988],[26.37568,41.166132],[26.375336,41.166266],[26.375345,41.166332],[26.375092,41.166368],[26.374898,41.166642],[26.374593,41.166444],[26.374515,41.166387],[26.374336,41.166298],[26.374113,41.166214],[26.373885,41.166136],[26.373594,41.1661],[26.37346,41.166085],[26.373158,41.166091],[26.372941,41.166077],[26.372612,41.166037],[26.371975,41.165985],[26.371344,41.165962],[26.371139,41.165985],[26.370965,41.166039],[26.370942,41.165985],[26.37079,41.166005],[26.370662,41.165417],[26.370576,41.165023],[26.370542,41.164954],[26.370561,41.164778],[26.370568,41.164687],[26.370606,41.164487],[26.370618,41.164345],[26.370609,41.164229],[26.370575,41.164067],[26.370552,41.163983],[26.370528,41.163916],[26.370501,41.163852],[26.370441,41.16374],[26.370399,41.163664],[26.370294,41.163631],[26.370257,41.163599],[26.370246,41.163503],[26.370204,41.163409],[26.370195,41.163149],[26.37015,41.163003],[26.370071,41.162872],[26.37003,41.162806],[26.369978,41.162648],[26.369983,41.162536],[26.369992,41.162479],[26.370031,41.162435],[26.370055,41.162378],[26.370042,41.162303],[26.369941,41.162235],[26.369858,41.162205],[26.369803,41.162142],[26.369748,41.161978],[26.369736,41.161868],[26.36973,41.161805],[26.369713,41.161745],[26.3697,41.161688],[26.369592,41.161707],[26.369242,41.161774],[26.369107,41.161799],[26.369053,41.161815],[26.368861,41.161872],[26.36871,41.16192],[26.368448,41.161999],[26.368443,41.161992],[26.368427,41.161999],[26.368373,41.161895],[26.368338,41.161822],[26.368314,41.161655],[26.3683,41.161569],[26.368253,41.16142],[26.368225,41.161321],[26.368122,41.161124],[26.368094,41.161067],[26.368033,41.160971],[26.367983,41.160897],[26.367947,41.160815],[26.367928,41.160775],[26.367923,41.160758],[26.367916,41.160719],[26.367888,41.160587],[26.367864,41.160491],[26.367852,41.160409],[26.367837,41.16035],[26.367814,41.160218],[26.36781,41.160198],[26.367904,41.160165],[26.367958,41.160151],[26.367981,41.160138],[26.368023,41.160113],[26.368087,41.160049],[26.368102,41.160035],[26.36811,41.160023],[26.368171,41.159931],[26.368151,41.1599],[26.368142,41.159895],[26.368111,41.15988],[26.368082,41.159832],[26.368051,41.159805],[26.367992,41.159753],[26.367886,41.159657],[26.367821,41.159599],[26.367785,41.159599],[26.367735,41.1596],[26.367549,41.159601],[26.367493,41.159601],[26.367395,41.159601],[26.367386,41.159601],[26.367337,41.159605],[26.367275,41.15961],[26.367156,41.159619],[26.367065,41.159625],[26.366999,41.159631],[26.36698,41.159825],[26.366974,41.159876],[26.366971,41.159892],[26.366972,41.159906],[26.36697,41.159953],[26.36697,41.159953],[26.36697,41.159972],[26.366968,41.160046],[26.366968,41.160079],[26.366952,41.160078],[26.366941,41.160182],[26.3669,41.160568],[26.366898,41.160695],[26.366882,41.160891],[26.366884,41.161042],[26.366882,41.161185],[26.366638,41.161227],[26.365958,41.16134],[26.365253,41.161445],[26.365274,41.161328],[26.36528,41.161138],[26.365259,41.161024],[26.365222,41.160826],[26.365207,41.16073],[26.365229,41.160617],[26.365215,41.160499],[26.36522,41.160387],[26.365228,41.160247],[26.365242,41.159972],[26.365308,41.159815],[26.3653,41.159724],[26.36536,41.159575],[26.365399,41.159496],[26.365422,41.159389],[26.365423,41.159308],[26.365243,41.15925],[26.364959,41.159171],[26.364613,41.159068],[26.364313,41.158986],[26.364289,41.158977],[26.364155,41.158964],[26.363925,41.158928],[26.363519,41.158864],[26.363228,41.158823],[26.363209,41.158808],[26.363154,41.158876],[26.363045,41.159044],[26.362932,41.159238],[26.362792,41.159481],[26.36272,41.159651],[26.362523,41.159614],[26.362387,41.159587],[26.361773,41.159483],[26.361773,41.159483],[26.361739,41.159477],[26.36127,41.159397],[26.360757,41.159311],[26.360346,41.15924],[26.360346,41.159112],[26.360362,41.159014],[26.360381,41.158903],[26.360399,41.158811],[26.360395,41.158725],[26.360228,41.158752],[26.3601,41.15877],[26.359874,41.15882],[26.359402,41.158919],[26.359165,41.158832],[26.359085,41.15884],[26.359125,41.158736],[26.3592,41.158554],[26.359264,41.15844],[26.359349,41.158341],[26.359286,41.158237],[26.359225,41.158133],[26.359202,41.158098],[26.359173,41.158047],[26.359122,41.157937],[26.359057,41.157861],[26.35903,41.157829],[26.358981,41.15779],[26.358949,41.157702],[26.358947,41.157598],[26.358868,41.157448],[26.35885,41.157408],[26.358786,41.157338],[26.358749,41.157264],[26.358697,41.157159],[26.358665,41.157022],[26.358673,41.156902],[26.358669,41.156792],[26.358661,41.156738],[26.358638,41.156613],[26.358641,41.156556],[26.358643,41.156281],[26.358612,41.156104],[26.358607,41.15599],[26.358607,41.155949],[26.358588,41.155709],[26.358331,41.155761],[26.358204,41.155787],[26.357907,41.155825],[26.357645,41.155868],[26.357264,41.155875],[26.35705,41.155925],[26.356589,41.156009],[26.35562,41.15618],[26.355439,41.156218],[26.355401,41.156128],[26.355604,41.155764],[26.355913,41.155338],[26.356091,41.155131],[26.356253,41.154981],[26.356367,41.154921],[26.356534,41.154788],[26.356774,41.15441],[26.35672,41.154181],[26.356653,41.154036],[26.356434,41.153582],[26.356296,41.153313],[26.356182,41.153232],[26.355963,41.153008],[26.35557,41.152577],[26.354914,41.151876],[26.35479,41.151952],[26.354535,41.152066],[26.354228,41.152187],[26.354128,41.15223],[26.353757,41.152313],[26.353429,41.152073],[26.353324,41.152083],[26.353222,41.152054],[26.353098,41.151956],[26.352903,41.151821],[26.352762,41.151726],[26.352629,41.1516],[26.352515,41.151652],[26.352491,41.151642],[26.352489,41.15158],[26.352375,41.151423],[26.352356,41.151423],[26.352053,41.151447],[26.35188,41.151478],[26.351589,41.151495],[26.350773,41.151554],[26.350818,41.15125],[26.350616,41.151145],[26.350393,41.151024],[26.350107,41.150969],[26.349998,41.150952],[26.350259,41.150365],[26.350423,41.150017],[26.350561,41.149724],[26.350609,41.149577],[26.350666,41.149399],[26.350371,41.149322],[26.350064,41.149246],[26.349729,41.14918],[26.349603,41.149153],[26.349367,41.149106],[26.349393,41.149068],[26.348977,41.148968],[26.348939,41.149063],[26.348325,41.148918],[26.347911,41.148825],[26.34787,41.148816],[26.347718,41.148704],[26.347071,41.148611],[26.346447,41.148518],[26.344972,41.14828],[26.343138,41.147973],[26.342122,41.147804],[26.341708,41.147735],[26.341184,41.147626],[26.340592,41.147048],[26.340672,41.146688],[26.340677,41.145927],[26.34062,41.145327],[26.340613,41.145225],[26.340603,41.144897],[26.340608,41.144378],[26.340273,41.144371],[26.339354,41.144349],[26.339228,41.144373],[26.338745,41.144478],[26.338526,41.144547],[26.338483,41.144644],[26.337708,41.144678],[26.337482,41.144537],[26.337446,41.144537],[26.336943,41.144346],[26.336777,41.14531],[26.336105,41.146007],[26.334535,41.14766],[26.332869,41.148794],[26.332318,41.151413],[26.332054,41.151641],[26.330832,41.152792],[26.329515,41.153349],[26.327593,41.153841],[26.325023,41.154619],[26.322329,41.155685],[26.318519,41.157371],[26.314424,41.159252],[26.313872,41.160794],[26.313944,41.162787],[26.313895,41.162889],[26.313932,41.16393],[26.313808,41.164189],[26.313492,41.165468],[26.313369,41.165696],[26.311108,41.16774],[26.308985,41.17003],[26.307557,41.171546],[26.307023,41.174348],[26.30692,41.174531],[26.307177,41.176911],[26.307791,41.178012],[26.307987,41.178562],[26.308763,41.17968],[26.309698,41.180875],[26.312036,41.18313],[26.314067,41.18389],[26.315902,41.184038],[26.320587,41.183745],[26.323147,41.184096],[26.32432,41.18578],[26.324278,41.185932],[26.323468,41.188184],[26.322392,41.190739],[26.321257,41.193142],[26.319525,41.196638],[26.319543,41.196867],[26.319354,41.197552],[26.319338,41.197992],[26.319882,41.198064],[26.320478,41.198087],[26.320765,41.198103],[26.321257,41.198126],[26.321516,41.198137],[26.321626,41.198137],[26.322046,41.198134],[26.322323,41.198134],[26.322655,41.198158],[26.323315,41.198217]]]}},{"type":"Feature","properties":{"id":"TR-Y-22-007-K-0008","level":"yerlesim","type":"mahalle","parent_id":"TR-D-22-007","province_id":"TR-P-22","district_id":"TR-D-22-007","name":"Karahamza","source_raw_name":"Karahamza","source":"Kullanıcı tarafından sağlanan KML","source_label":"Kullanıcı tarafından sağlanan KML","source_name":"Edirne Mahalle KML - kullanıcı tarafından sağlandı"},"geometry":{"type":"Polygon","coordinates":[[[26.549982,41.28594],[26.550031,41.285926],[26.550044,41.285956],[26.55014,41.285938],[26.55025,41.285919],[26.550357,41.285902],[26.550427,41.285888],[26.550526,41.285868],[26.551011,41.285778],[26.551081,41.285775],[26.551132,41.285798],[26.55125,41.285846],[26.551367,41.285894],[26.551468,41.28594],[26.551543,41.28577],[26.551606,41.285608],[26.551697,41.285352],[26.551724,41.285329],[26.551748,41.285308],[26.551794,41.285267],[26.55182,41.285244],[26.551837,41.285229],[26.551852,41.285216],[26.551873,41.285196],[26.551913,41.28516],[26.55193,41.285145],[26.551955,41.285122],[26.551978,41.285102],[26.551994,41.285087],[26.552008,41.285075],[26.552013,41.28507],[26.552017,41.285066],[26.552027,41.285057],[26.552039,41.285046],[26.552048,41.285038],[26.55206,41.285026],[26.552066,41.285021],[26.552086,41.285002],[26.552104,41.284986],[26.552135,41.284957],[26.552166,41.284928],[26.552218,41.284881],[26.552275,41.284828],[26.55231,41.284795],[26.552368,41.284741],[26.552453,41.284664],[26.552539,41.284587],[26.552594,41.284537],[26.552607,41.284526],[26.552625,41.284509],[26.552641,41.284495],[26.552649,41.284488],[26.552658,41.284479],[26.55267,41.28447],[26.552685,41.284456],[26.552691,41.28445],[26.552711,41.284433],[26.552744,41.284403],[26.55277,41.28438],[26.552827,41.284329],[26.552864,41.284297],[26.552927,41.284241],[26.552981,41.284193],[26.553028,41.28415],[26.553049,41.284166],[26.553101,41.284207],[26.553135,41.284234],[26.553167,41.284259],[26.553243,41.284319],[26.553295,41.28436],[26.553363,41.284414],[26.553484,41.28451],[26.553551,41.284563],[26.55358,41.284585],[26.553667,41.284655],[26.553736,41.284612],[26.553873,41.284533],[26.553942,41.284492],[26.554015,41.28445],[26.554071,41.284413],[26.554113,41.284386],[26.554218,41.284318],[26.554443,41.28417],[26.554432,41.284072],[26.55441,41.28383],[26.554467,41.283822],[26.554756,41.283778],[26.555405,41.283673],[26.555582,41.283645],[26.555719,41.283625],[26.555934,41.283594],[26.556426,41.283534],[26.556395,41.28333],[26.556331,41.282887],[26.556444,41.282856],[26.556742,41.282789],[26.557181,41.282695],[26.557429,41.282643],[26.557633,41.282604],[26.557965,41.282523],[26.558008,41.282512],[26.558311,41.282407],[26.558396,41.282365],[26.558663,41.282241],[26.558918,41.282106],[26.55904,41.282034],[26.559109,41.282002],[26.559162,41.281969],[26.559342,41.281892],[26.559564,41.281783],[26.55975,41.281695],[26.559832,41.281658],[26.559998,41.281596],[26.560233,41.281506],[26.560454,41.281419],[26.561096,41.281201],[26.561235,41.281157],[26.561411,41.281104],[26.561509,41.281099],[26.561765,41.281017],[26.562053,41.280921],[26.562287,41.280843],[26.56233,41.280839],[26.562362,41.280831],[26.562474,41.280788],[26.562642,41.280727],[26.562753,41.280683],[26.563147,41.280456],[26.563316,41.280356],[26.563344,41.280341],[26.563824,41.280064],[26.564986,41.27939],[26.566411,41.278567],[26.567171,41.278108],[26.567282,41.278168],[26.567402,41.278188],[26.56761,41.27829],[26.567727,41.278348],[26.567833,41.278403],[26.567908,41.27819],[26.567916,41.278166],[26.567958,41.27804],[26.568002,41.277905],[26.568042,41.277791],[26.568057,41.277749],[26.568087,41.277668],[26.568103,41.277622],[26.568125,41.27756],[26.568169,41.277442],[26.568193,41.277379],[26.568187,41.277283],[26.568175,41.277105],[26.568144,41.277027],[26.568102,41.27693],[26.568057,41.276823],[26.567964,41.276604],[26.567883,41.276423],[26.567847,41.27634],[26.567722,41.276065],[26.567675,41.275958],[26.567603,41.275865],[26.567365,41.275556],[26.567233,41.275386],[26.567086,41.275193],[26.566953,41.274999],[26.566817,41.274799],[26.566744,41.274659],[26.566611,41.274406],[26.566519,41.274226],[26.566434,41.27398],[26.566403,41.27389],[26.566357,41.273768],[26.566341,41.273728],[26.566322,41.273632],[26.566291,41.273508],[26.566213,41.27329],[26.566055,41.273272],[26.565627,41.273221],[26.565314,41.273178],[26.56501,41.273137],[26.564662,41.27309],[26.564597,41.273275],[26.564595,41.273277],[26.564529,41.273267],[26.56439,41.273245],[26.564125,41.273144],[26.564037,41.27311],[26.563967,41.273077],[26.56386,41.272988],[26.563814,41.272909],[26.563738,41.272706],[26.563695,41.272654],[26.563658,41.272627],[26.563626,41.272616],[26.563469,41.272589],[26.563242,41.272549],[26.562943,41.272492],[26.562963,41.272413],[26.562988,41.272315],[26.563017,41.272212],[26.563051,41.272092],[26.563198,41.271582],[26.563284,41.271198],[26.562999,41.271183],[26.562942,41.271158],[26.562927,41.271001],[26.562853,41.270989],[26.562533,41.270867],[26.561902,41.270632],[26.561548,41.270487],[26.561751,41.270227],[26.561762,41.270224],[26.561397,41.270078],[26.560737,41.269853],[26.560497,41.269739],[26.560349,41.269693],[26.560112,41.269613],[26.559975,41.269559],[26.559704,41.269482],[26.559687,41.269233],[26.559278,41.269242],[26.559228,41.269088],[26.559216,41.268884],[26.559112,41.268745],[26.559093,41.268427],[26.559064,41.268279],[26.558986,41.268183],[26.558586,41.26826],[26.55844,41.268155],[26.558312,41.268035],[26.558107,41.267704],[26.557952,41.26734],[26.557947,41.26699],[26.557515,41.267116],[26.557309,41.267187],[26.557061,41.26731],[26.556963,41.267218],[26.556829,41.267107],[26.556775,41.267076],[26.556718,41.267058],[26.556547,41.267056],[26.556478,41.267058],[26.55615,41.267221],[26.55583,41.267081],[26.555784,41.267073],[26.55573,41.267038],[26.555573,41.266936],[26.555407,41.266793],[26.555105,41.26647],[26.555153,41.266447],[26.555199,41.266422],[26.555236,41.266399],[26.555313,41.266365],[26.555559,41.266265],[26.555776,41.26617],[26.555641,41.265999],[26.55559,41.265933],[26.555522,41.265811],[26.555096,41.265902],[26.554722,41.266002],[26.554622,41.266042],[26.554417,41.266116],[26.554182,41.266162],[26.553934,41.266213],[26.553674,41.26627],[26.553409,41.266105],[26.552541,41.265497],[26.552461,41.265434],[26.552355,41.265351],[26.552192,41.265131],[26.552052,41.265003],[26.55181,41.264763],[26.551558,41.264483],[26.551304,41.264163],[26.551047,41.263866],[26.550896,41.263712],[26.55067,41.263509],[26.550465,41.263338],[26.550188,41.26309],[26.550022,41.262944],[26.549665,41.262584],[26.549508,41.262633],[26.549348,41.262713],[26.549268,41.262775],[26.549106,41.262556],[26.5488,41.26213],[26.54846,41.261656],[26.548275,41.261405],[26.548286,41.261362],[26.548397,41.261351],[26.548554,41.261305],[26.548697,41.261242],[26.548697,41.261071],[26.548749,41.260717],[26.548786,41.260451],[26.548794,41.26038],[26.5488,41.260051],[26.548769,41.25952],[26.548763,41.259318],[26.54876,41.259138],[26.548752,41.259075],[26.548789,41.258866],[26.548789,41.258858],[26.548696,41.258862],[26.54865,41.258864],[26.54862,41.258865],[26.548576,41.258869],[26.548518,41.258874],[26.548445,41.258879],[26.548395,41.258883],[26.548359,41.258886],[26.548299,41.258889],[26.548233,41.258895],[26.548152,41.258901],[26.54803,41.25891],[26.547933,41.258916],[26.54792,41.258937],[26.547907,41.258993],[26.547882,41.259129],[26.547864,41.259209],[26.547855,41.259262],[26.547852,41.259273],[26.54785,41.259285],[26.547808,41.259287],[26.547742,41.259289],[26.547699,41.25929],[26.547645,41.259291],[26.547582,41.259293],[26.547579,41.259293],[26.54753,41.259287],[26.547509,41.259284],[26.547454,41.259276],[26.547434,41.259274],[26.5474,41.259271],[26.547376,41.259268],[26.547225,41.259253],[26.546865,41.259218],[26.546775,41.259211],[26.54677,41.25932],[26.546706,41.259318],[26.546654,41.259316],[26.546492,41.259316],[26.546152,41.259318],[26.54598,41.259433],[26.545715,41.259608],[26.545559,41.259711],[26.545623,41.260045],[26.545684,41.260407],[26.545589,41.260833],[26.545604,41.260886],[26.545337,41.260749],[26.544481,41.260311],[26.544233,41.260182],[26.544024,41.260033],[26.543666,41.259756],[26.543399,41.259535],[26.542558,41.25907],[26.542052,41.258796],[26.54188,41.258697],[26.541621,41.258514],[26.541496,41.258427],[26.541317,41.258294],[26.541081,41.258221],[26.540902,41.258179],[26.540563,41.258008],[26.540319,41.257879],[26.539866,41.257783],[26.539448,41.257711],[26.539204,41.257673],[26.538915,41.257585],[26.538781,41.257536],[26.538481,41.257422],[26.538241,41.257327],[26.537898,41.257174],[26.537205,41.256858],[26.537007,41.256786],[26.536375,41.256607],[26.536162,41.256546],[26.535968,41.256466],[26.535492,41.256276],[26.534597,41.256013],[26.534159,41.255907],[26.533821,41.255819],[26.533349,41.255667],[26.532762,41.255522],[26.532587,41.255476],[26.53256,41.255442],[26.532309,41.255404],[26.531978,41.255347],[26.531662,41.255267],[26.531266,41.255168],[26.531064,41.255092],[26.530752,41.254978],[26.530566,41.254886],[26.530303,41.254802],[26.529964,41.254673],[26.52961,41.254624],[26.529165,41.254536],[26.528803,41.254399],[26.52822,41.254121],[26.527052,41.253561],[26.526538,41.253318],[26.525978,41.253055],[26.525673,41.252937],[26.525521,41.25283],[26.52511,41.252804],[26.524348,41.252709],[26.524131,41.252686],[26.523911,41.252667],[26.523663,41.25267],[26.523465,41.252648],[26.523218,41.25256],[26.523024,41.252484],[26.523008,41.252472],[26.522883,41.252452],[26.522744,41.252429],[26.522576,41.252401],[26.522531,41.252393],[26.522406,41.252386],[26.522193,41.252381],[26.522025,41.252378],[26.521648,41.252361],[26.521423,41.252357],[26.521095,41.252348],[26.521051,41.252337],[26.520923,41.2523],[26.520674,41.252228],[26.520598,41.252203],[26.520463,41.25215],[26.520124,41.252026],[26.520072,41.252005],[26.519843,41.252012],[26.519695,41.252019],[26.519542,41.252024],[26.5194,41.252029],[26.519347,41.25203],[26.51924,41.252036],[26.518974,41.252012],[26.518813,41.251998],[26.518614,41.251976],[26.518463,41.251962],[26.518315,41.251947],[26.518171,41.251933],[26.518155,41.251928],[26.518094,41.251931],[26.517921,41.251932],[26.517755,41.251938],[26.517701,41.251939],[26.517668,41.25194],[26.51754,41.251952],[26.517424,41.251957],[26.517298,41.251968],[26.517136,41.251991],[26.516871,41.252029],[26.516701,41.252053],[26.516641,41.252048],[26.516592,41.252053],[26.516508,41.252045],[26.516315,41.252018],[26.516172,41.252006],[26.516116,41.251995],[26.516092,41.251992],[26.516063,41.251988],[26.515853,41.251949],[26.515479,41.251871],[26.51543,41.251862],[26.515287,41.251823],[26.515158,41.251788],[26.515017,41.251755],[26.514975,41.251743],[26.514912,41.251726],[26.514758,41.25163],[26.514672,41.251578],[26.514616,41.251544],[26.514423,41.251461],[26.514309,41.251409],[26.514199,41.251359],[26.514013,41.251306],[26.513846,41.251255],[26.513771,41.251233],[26.513717,41.251217],[26.513636,41.251208],[26.513441,41.251188],[26.513272,41.251171],[26.513111,41.251157],[26.513021,41.251152],[26.512891,41.251145],[26.512767,41.251142],[26.512635,41.25114],[26.512571,41.251143],[26.512517,41.251144],[26.512421,41.251146],[26.512303,41.251151],[26.512214,41.251153],[26.512015,41.251154],[26.511924,41.251154],[26.51158,41.251163],[26.511316,41.251172],[26.511006,41.251183],[26.51089,41.251175],[26.510614,41.251172],[26.510229,41.251164],[26.509847,41.251151],[26.509641,41.251142],[26.50961,41.251142],[26.509466,41.251154],[26.509316,41.25117],[26.509156,41.251186],[26.50866,41.251237],[26.508374,41.251268],[26.508145,41.251298],[26.508043,41.251311],[26.507966,41.251321],[26.507842,41.251339],[26.507754,41.251353],[26.507355,41.25141],[26.507179,41.251436],[26.506879,41.251453],[26.506817,41.251458],[26.506693,41.251473],[26.506597,41.251485],[26.506424,41.251516],[26.506129,41.251569],[26.505879,41.25161],[26.505836,41.251615],[26.505782,41.251622],[26.50572,41.251635],[26.505463,41.251663],[26.505181,41.251698],[26.505044,41.251702],[26.504926,41.251709],[26.504719,41.251731],[26.504668,41.251737],[26.504571,41.251733],[26.504488,41.251738],[26.504391,41.251747],[26.50415,41.251757],[26.503943,41.251745],[26.503669,41.251724],[26.503549,41.251714],[26.503406,41.251705],[26.50331,41.251699],[26.503153,41.25169],[26.502946,41.251668],[26.502841,41.251658],[26.502553,41.251627],[26.502399,41.251612],[26.502237,41.251593],[26.50205,41.251569],[26.501735,41.251533],[26.501638,41.251521],[26.501431,41.251496],[26.501257,41.251478],[26.501085,41.25146],[26.50083,41.251434],[26.500607,41.251409],[26.500381,41.251388],[26.500129,41.251331],[26.499926,41.251285],[26.49967,41.251218],[26.499647,41.251199],[26.499586,41.251186],[26.499352,41.251275],[26.499097,41.251368],[26.498888,41.251441],[26.49826,41.251586],[26.498165,41.251607],[26.497919,41.251657],[26.497844,41.251667],[26.497388,41.251733],[26.49729,41.251747],[26.497078,41.251767],[26.496914,41.251786],[26.496456,41.251835],[26.496302,41.251848],[26.495842,41.2519],[26.495741,41.251944],[26.495616,41.252029],[26.495119,41.252044],[26.494905,41.252072],[26.494713,41.252113],[26.494366,41.252182],[26.494086,41.252225],[26.493731,41.252252],[26.493401,41.252306],[26.493288,41.252329],[26.492922,41.252428],[26.492717,41.252518],[26.492482,41.25269],[26.492319,41.252762],[26.492003,41.252902],[26.491891,41.252935],[26.491658,41.253009],[26.491612,41.253021],[26.491347,41.253077],[26.491143,41.253128],[26.490949,41.253167],[26.49066,41.253229],[26.490198,41.253318],[26.489993,41.253353],[26.489716,41.253389],[26.489398,41.2534],[26.489129,41.253379],[26.488856,41.253362],[26.488748,41.25335],[26.48846,41.253312],[26.488386,41.253302],[26.488359,41.253299],[26.488288,41.253287],[26.48842,41.25344],[26.48861,41.253656],[26.48884,41.254004],[26.489388,41.254257],[26.490333,41.254689],[26.490907,41.254951],[26.491272,41.255125],[26.491984,41.255469],[26.492139,41.25554],[26.493043,41.255979],[26.493387,41.256154],[26.493772,41.256344],[26.494697,41.256806],[26.495447,41.257198],[26.495895,41.25744],[26.496488,41.257757],[26.496681,41.257858],[26.496942,41.257998],[26.497207,41.258139],[26.49742,41.258255],[26.497569,41.258355],[26.49777,41.258496],[26.498017,41.25867],[26.498313,41.258741],[26.498517,41.258788],[26.498903,41.258877],[26.499478,41.259011],[26.499668,41.259143],[26.499779,41.259215],[26.500247,41.259433],[26.500577,41.259504],[26.500854,41.259589],[26.500948,41.259719],[26.501142,41.259858],[26.501418,41.259995],[26.501658,41.260154],[26.501858,41.260264],[26.502026,41.260347],[26.50214,41.26042],[26.502165,41.260532],[26.502277,41.260685],[26.502389,41.260863],[26.50244,41.260931],[26.502627,41.261075],[26.502708,41.261182],[26.502845,41.26137],[26.502888,41.261414],[26.503075,41.261599],[26.503401,41.261952],[26.503454,41.262018],[26.503615,41.262194],[26.50381,41.262378],[26.503868,41.262434],[26.504156,41.262659],[26.504195,41.262755],[26.504264,41.262817],[26.504433,41.262961],[26.504652,41.263095],[26.504894,41.263198],[26.50527,41.263377],[26.505486,41.263478],[26.505778,41.263585],[26.505986,41.263688],[26.506188,41.263717],[26.506418,41.263699],[26.506672,41.2636],[26.50692,41.263519],[26.507103,41.263359],[26.507243,41.263367],[26.507465,41.263427],[26.507583,41.263671],[26.507669,41.263859],[26.507798,41.264022],[26.507949,41.264105],[26.508155,41.264213],[26.508372,41.264405],[26.508608,41.264608],[26.508983,41.264938],[26.5093,41.265208],[26.509577,41.265436],[26.509858,41.265677],[26.509956,41.265764],[26.510087,41.265897],[26.51019,41.265996],[26.510472,41.266206],[26.510654,41.266348],[26.51081,41.266585],[26.510919,41.26675],[26.510999,41.266876],[26.511068,41.266977],[26.51122,41.267266],[26.511526,41.267457],[26.511591,41.267454],[26.511698,41.267599],[26.511797,41.267669],[26.511902,41.267718],[26.511972,41.267761],[26.512182,41.267905],[26.513003,41.267873],[26.513346,41.267856],[26.51361,41.267843],[26.514335,41.267804],[26.514647,41.267789],[26.515048,41.26777],[26.515125,41.267772],[26.515276,41.267777],[26.515303,41.267854],[26.515476,41.268291],[26.51556,41.268507],[26.51579,41.269076],[26.51587,41.269272],[26.515745,41.269412],[26.515651,41.269428],[26.515406,41.269468],[26.515333,41.269479],[26.515442,41.269601],[26.515594,41.269769],[26.515688,41.269876],[26.515733,41.269923],[26.515879,41.270045],[26.515871,41.270055],[26.515793,41.270084],[26.515771,41.270091],[26.515546,41.270151],[26.515359,41.270204],[26.515266,41.270229],[26.515152,41.270267],[26.514889,41.270354],[26.514642,41.270435],[26.514391,41.270516],[26.514205,41.270577],[26.514032,41.270633],[26.513998,41.270645],[26.51379,41.270551],[26.513732,41.270538],[26.513603,41.270507],[26.513517,41.270487],[26.513409,41.270507],[26.513279,41.270618],[26.513108,41.270769],[26.512966,41.270827],[26.512875,41.270813],[26.51276,41.270772],[26.512702,41.270765],[26.51265,41.270778],[26.512602,41.270769],[26.51244,41.270904],[26.512357,41.271049],[26.512294,41.271146],[26.512237,41.27121],[26.512243,41.271445],[26.512251,41.271672],[26.512475,41.271822],[26.512655,41.271948],[26.51256,41.271933],[26.512443,41.271892],[26.512202,41.271856],[26.512109,41.271859],[26.512056,41.271846],[26.511765,41.271952],[26.51172,41.271975],[26.511517,41.272076],[26.511351,41.272288],[26.511221,41.272453],[26.511238,41.272718],[26.51132,41.272915],[26.511406,41.273122],[26.511582,41.273535],[26.511718,41.273832],[26.511691,41.274066],[26.51169,41.274248],[26.51166,41.274308],[26.511593,41.274342],[26.511407,41.274383],[26.51136,41.274661],[26.511334,41.274747],[26.511309,41.274929],[26.511295,41.275038],[26.511294,41.275087],[26.511271,41.275227],[26.51096,41.275156],[26.510797,41.275119],[26.510821,41.275337],[26.510829,41.275425],[26.510503,41.275473],[26.510425,41.275483],[26.510293,41.275526],[26.510162,41.275567],[26.510025,41.275823],[26.510192,41.27599],[26.510312,41.276108],[26.510554,41.27621],[26.510761,41.276302],[26.510982,41.276368],[26.511025,41.276379],[26.51123,41.276269],[26.511687,41.27602],[26.511859,41.275979],[26.512507,41.275811],[26.512709,41.275795],[26.5129,41.275779],[26.513134,41.275687],[26.513277,41.275632],[26.513292,41.275625],[26.513375,41.275583],[26.513495,41.275521],[26.513577,41.275479],[26.513633,41.275449],[26.513667,41.275432],[26.513724,41.275373],[26.513828,41.275267],[26.513885,41.27521],[26.513946,41.275147],[26.513977,41.275117],[26.514071,41.275078],[26.514232,41.275013],[26.51428,41.274994],[26.514286,41.275],[26.514472,41.275009],[26.514586,41.275014],[26.514666,41.275018],[26.514712,41.275021],[26.514794,41.275025],[26.514844,41.275028],[26.514909,41.275032],[26.514934,41.275033],[26.514985,41.275036],[26.515001,41.275037],[26.515034,41.27504],[26.515074,41.275042],[26.515105,41.275044],[26.51514,41.275046],[26.515191,41.275049],[26.515268,41.275054],[26.515312,41.275057],[26.515314,41.275055],[26.515326,41.275056],[26.515327,41.275056],[26.515368,41.275022],[26.515532,41.274885],[26.515624,41.274808],[26.515695,41.27481],[26.515816,41.274812],[26.515847,41.274769],[26.515897,41.2747],[26.51592,41.274669],[26.515934,41.274649],[26.515983,41.274585],[26.516008,41.274554],[26.51625,41.274645],[26.516381,41.274693],[26.516566,41.274742],[26.516836,41.274809],[26.516987,41.274845],[26.517164,41.274891],[26.517324,41.274932],[26.517455,41.274972],[26.517805,41.275071],[26.518226,41.275186],[26.518829,41.275349],[26.518839,41.275332],[26.518865,41.275344],[26.518892,41.275374],[26.519471,41.276031],[26.519783,41.276423],[26.519941,41.27679],[26.52,41.276998],[26.520025,41.277093],[26.520084,41.277297],[26.520155,41.277532],[26.520161,41.277621],[26.520229,41.278045],[26.520355,41.278846],[26.520439,41.279372],[26.520604,41.280258],[26.520713,41.280879],[26.520798,41.281264],[26.520949,41.281635],[26.521016,41.281776],[26.521073,41.28179],[26.521552,41.281658],[26.52169,41.281789],[26.521862,41.281954],[26.52215,41.282198],[26.522206,41.282172],[26.522298,41.282216],[26.522454,41.282285],[26.522596,41.282329],[26.522732,41.282366],[26.522855,41.282372],[26.522936,41.282379],[26.52298,41.282382],[26.523065,41.282402],[26.523118,41.282416],[26.523177,41.282439],[26.523189,41.282461],[26.523284,41.282571],[26.523396,41.28272],[26.523395,41.282727],[26.523367,41.282787],[26.523358,41.28281],[26.523365,41.282859],[26.523492,41.282847],[26.5235,41.282689],[26.523559,41.282618],[26.523606,41.282635],[26.523741,41.282673],[26.523906,41.282625],[26.524101,41.28247],[26.524195,41.282399],[26.524276,41.282341],[26.52435,41.282286],[26.524481,41.28219],[26.524646,41.282081],[26.524766,41.282002],[26.524774,41.282],[26.524822,41.281982],[26.524967,41.281931],[26.524998,41.28192],[26.525066,41.281914],[26.525143,41.281908],[26.525203,41.281902],[26.525249,41.281903],[26.525339,41.281903],[26.525388,41.281903],[26.525405,41.281903],[26.525456,41.281906],[26.525556,41.281912],[26.525628,41.281917],[26.525638,41.281918],[26.525706,41.281927],[26.525848,41.281946],[26.525943,41.281957],[26.525976,41.281962],[26.526048,41.281977],[26.526187,41.282005],[26.526217,41.282008],[26.526309,41.282017],[26.526349,41.282016],[26.52643,41.282016],[26.526455,41.282012],[26.526514,41.282005],[26.526616,41.28199],[26.526634,41.281988],[26.526656,41.281986],[26.526725,41.281979],[26.526828,41.28197],[26.526914,41.281962],[26.526939,41.281961],[26.527011,41.281958],[26.527101,41.281954],[26.527211,41.28195],[26.527336,41.281945],[26.527354,41.281944],[26.527365,41.281944],[26.527418,41.281946],[26.527528,41.28195],[26.527624,41.281952],[26.527748,41.281956],[26.527892,41.281961],[26.527897,41.281961],[26.52791,41.281963],[26.527967,41.281974],[26.528072,41.281994],[26.528108,41.282001],[26.528202,41.282017],[26.528339,41.282037],[26.52838,41.282044],[26.528431,41.282049],[26.528518,41.282056],[26.528593,41.282063],[26.528686,41.282074],[26.528828,41.282091],[26.528958,41.282109],[26.529071,41.282116],[26.529188,41.282123],[26.529225,41.282126],[26.529322,41.282136],[26.529396,41.282144],[26.529487,41.282147],[26.529563,41.282151],[26.529656,41.282166],[26.529875,41.282203],[26.529983,41.282221],[26.53023,41.282262],[26.530415,41.282295],[26.530491,41.282319],[26.530587,41.282351],[26.530653,41.282368],[26.530686,41.282376],[26.530727,41.282384],[26.530767,41.282392],[26.530791,41.282396],[26.530824,41.282404],[26.530948,41.28244],[26.530977,41.282448],[26.531146,41.282457],[26.531437,41.28247],[26.531575,41.282477],[26.531678,41.282477],[26.531789,41.282477],[26.531964,41.28246],[26.532073,41.282451],[26.532163,41.282449],[26.532253,41.282445],[26.532347,41.282437],[26.532447,41.282427],[26.532484,41.282419],[26.532618,41.282391],[26.532811,41.282344],[26.533036,41.28229],[26.533167,41.282264],[26.533219,41.282252],[26.533456,41.282168],[26.533764,41.282058],[26.533859,41.282023],[26.533878,41.282017],[26.533978,41.281992],[26.534076,41.281968],[26.534157,41.28193],[26.534346,41.28192],[26.534643,41.281901],[26.535027,41.281873],[26.535139,41.281831],[26.53526,41.281862],[26.535437,41.281886],[26.535668,41.282035],[26.535641,41.282317],[26.535534,41.282427],[26.535533,41.2825],[26.535588,41.282595],[26.535684,41.282679],[26.535855,41.282737],[26.53596,41.282746],[26.536148,41.282733],[26.536176,41.282756],[26.536127,41.282857],[26.536052,41.282937],[26.536027,41.283024],[26.535937,41.28312],[26.535904,41.283204],[26.535908,41.283289],[26.535916,41.283296],[26.535949,41.283329],[26.536051,41.283392],[26.536147,41.283384],[26.53622,41.283343],[26.536244,41.283329],[26.536347,41.283306],[26.536575,41.283291],[26.536582,41.283334],[26.536598,41.283373],[26.536625,41.283408],[26.536683,41.283441],[26.536771,41.283459],[26.536903,41.283457],[26.536957,41.283456],[26.537025,41.283463],[26.537314,41.283252],[26.537511,41.283244],[26.537617,41.28338],[26.537687,41.283466],[26.537799,41.283606],[26.537901,41.283734],[26.53797,41.283717],[26.538225,41.283658],[26.538424,41.283616],[26.538482,41.283602],[26.538525,41.283598],[26.538626,41.28358],[26.538683,41.283571],[26.538748,41.283553],[26.538933,41.283519],[26.538989,41.28351],[26.539036,41.283555],[26.539083,41.283605],[26.539115,41.283651],[26.539172,41.283744],[26.539235,41.283861],[26.539288,41.283958],[26.539315,41.283981],[26.53938,41.284031],[26.539408,41.284041],[26.539487,41.284061],[26.539511,41.284069],[26.53958,41.284076],[26.539705,41.28409],[26.53978,41.284095],[26.539849,41.284095],[26.540021,41.284099],[26.540141,41.284084],[26.540197,41.284074],[26.540267,41.284041],[26.540322,41.284022],[26.54043,41.283983],[26.54056,41.28395],[26.540603,41.283939],[26.540638,41.283938],[26.540713,41.283932],[26.540844,41.283937],[26.540953,41.283964],[26.541214,41.284031],[26.541348,41.284072],[26.541401,41.284087],[26.541477,41.284105],[26.541571,41.28413],[26.541815,41.284176],[26.541869,41.284217],[26.542153,41.284253],[26.542209,41.284262],[26.542305,41.284267],[26.542477,41.284284],[26.542566,41.284274],[26.542677,41.284279],[26.542828,41.284283],[26.542953,41.28428],[26.543164,41.284273],[26.543263,41.284267],[26.543431,41.284243],[26.54352,41.284234],[26.54357,41.284222],[26.543677,41.284202],[26.543742,41.284191],[26.543816,41.284175],[26.543938,41.284143],[26.544064,41.28412],[26.544164,41.284113],[26.544368,41.284095],[26.54444,41.284082],[26.544544,41.284056],[26.544688,41.284007],[26.544722,41.283999],[26.544782,41.284006],[26.544978,41.28403],[26.544994,41.284036],[26.54503,41.28406],[26.545157,41.28409],[26.545217,41.284075],[26.545376,41.284105],[26.545218,41.284342],[26.54532,41.284382],[26.54536,41.284399],[26.545431,41.284417],[26.545573,41.284458],[26.545695,41.284498],[26.545967,41.284637],[26.546339,41.284533],[26.546398,41.284532],[26.546843,41.28427],[26.546859,41.284288],[26.546964,41.284394],[26.547067,41.284504],[26.547091,41.284529],[26.54723,41.284712],[26.54737,41.284871],[26.547468,41.284984],[26.547491,41.285007],[26.547554,41.285065],[26.547613,41.285113],[26.547659,41.285143],[26.54775,41.285205],[26.54778,41.285227],[26.547818,41.28526],[26.547854,41.285285],[26.547901,41.285315],[26.548107,41.285451],[26.548268,41.28556],[26.548544,41.285746],[26.548609,41.285706],[26.548978,41.285487],[26.549074,41.285428],[26.54911,41.285488],[26.549142,41.285538],[26.549169,41.285581],[26.549201,41.285632],[26.549241,41.285696],[26.549295,41.285781],[26.549327,41.285831],[26.549368,41.285896],[26.549383,41.285921],[26.549413,41.285969],[26.549469,41.286056],[26.549504,41.286112],[26.549527,41.286147],[26.549538,41.286129],[26.549575,41.286073],[26.549579,41.28607],[26.549621,41.286058],[26.549678,41.286043],[26.549707,41.286036],[26.549755,41.28602],[26.549816,41.286001],[26.549844,41.285995],[26.549968,41.285972],[26.549982,41.28594]]]}},{"type":"Feature","properties":{"id":"TR-Y-22-007-K-0009","level":"yerlesim","type":"mahalle","parent_id":"TR-D-22-007","province_id":"TR-P-22","district_id":"TR-D-22-007","name":"Karayusuflu","source_raw_name":"Karayusuflu","source":"Kullanıcı tarafından sağlanan KML","source_label":"Kullanıcı tarafından sağlanan KML","source_name":"Edirne Mahalle KML - kullanıcı tarafından sağlandı"},"geometry":{"type":"Polygon","coordinates":[[[26.440784,41.276297],[26.440999,41.276167],[26.44107,41.276192],[26.441331,41.276009],[26.441664,41.275792],[26.44182,41.275687],[26.441929,41.275606],[26.44202,41.275531],[26.442307,41.275303],[26.442513,41.275107],[26.442635,41.274989],[26.442806,41.274749],[26.442884,41.274637],[26.442917,41.274619],[26.443084,41.274646],[26.443204,41.274125],[26.443366,41.274187],[26.443491,41.273727],[26.443737,41.273822],[26.443752,41.273371],[26.444143,41.273403],[26.44415,41.272998],[26.444144,41.272849],[26.444139,41.272619],[26.444302,41.272569],[26.444769,41.271945],[26.444917,41.271743],[26.44502,41.271637],[26.445153,41.27144],[26.445288,41.271244],[26.445502,41.27094],[26.44566,41.270713],[26.445713,41.270689],[26.445823,41.270504],[26.446023,41.270159],[26.446223,41.269828],[26.446236,41.269788],[26.446288,41.269607],[26.44636,41.269385],[26.446408,41.269204],[26.446433,41.269103],[26.446478,41.268892],[26.44657,41.268509],[26.446602,41.268322],[26.446651,41.268096],[26.446699,41.267856],[26.446756,41.267561],[26.446775,41.267409],[26.4468,41.267344],[26.446916,41.266942],[26.44687,41.266853],[26.446878,41.266794],[26.44688,41.266703],[26.446874,41.266659],[26.446859,41.266605],[26.446815,41.266567],[26.446695,41.266558],[26.446659,41.266506],[26.446636,41.266453],[26.446549,41.266415],[26.446583,41.265932],[26.446629,41.265783],[26.446651,41.265578],[26.446632,41.265425],[26.446564,41.265269],[26.446556,41.265045],[26.446583,41.264751],[26.446434,41.264237],[26.446469,41.264077],[26.446446,41.263853],[26.446434,41.263704],[26.446396,41.263621],[26.446393,41.263541],[26.446518,41.263548],[26.446396,41.263392],[26.446233,41.263335],[26.446183,41.263278],[26.446168,41.263228],[26.446236,41.26308],[26.446229,41.262992],[26.446377,41.262855],[26.446385,41.262802],[26.446419,41.26268],[26.446438,41.262345],[26.446442,41.262273],[26.446442,41.262151],[26.446492,41.262018],[26.446575,41.261694],[26.446575,41.261599],[26.446617,41.261439],[26.446674,41.261325],[26.44667,41.261097],[26.446804,41.260937],[26.446872,41.260773],[26.446986,41.260297],[26.446876,41.260038],[26.446903,41.259787],[26.446967,41.259665],[26.447062,41.259609],[26.447152,41.259554],[26.447178,41.259522],[26.447177,41.259457],[26.447148,41.25933],[26.447166,41.259299],[26.447241,41.259175],[26.447295,41.259095],[26.44731,41.259055],[26.447338,41.258982],[26.447452,41.258847],[26.447571,41.258713],[26.447622,41.258652],[26.44749,41.258666],[26.447444,41.25867],[26.447412,41.258565],[26.447412,41.258532],[26.447438,41.258523],[26.447504,41.2585],[26.44754,41.258489],[26.447624,41.258434],[26.447646,41.258288],[26.447682,41.258147],[26.447726,41.258004],[26.447741,41.257983],[26.447765,41.257917],[26.447773,41.257821],[26.447794,41.257825],[26.447772,41.257685],[26.447766,41.257641],[26.447772,41.257561],[26.447801,41.257479],[26.447831,41.257392],[26.447856,41.257348],[26.447894,41.257269],[26.447928,41.257191],[26.447935,41.257168],[26.447939,41.257022],[26.447942,41.256903],[26.447939,41.256815],[26.448019,41.256759],[26.448088,41.256715],[26.448041,41.256673],[26.448014,41.256605],[26.447995,41.256595],[26.447976,41.25655],[26.44799,41.256488],[26.448024,41.256434],[26.448042,41.256384],[26.448047,41.256355],[26.448055,41.256209],[26.448063,41.256064],[26.448069,41.255988],[26.448073,41.255893],[26.448079,41.255815],[26.448083,41.255685],[26.448092,41.255425],[26.4481,41.255255],[26.448003,41.255244],[26.447901,41.255233],[26.447838,41.255207],[26.44777,41.255179],[26.447759,41.255174],[26.447684,41.255132],[26.447589,41.255082],[26.447487,41.255031],[26.447388,41.25498],[26.447301,41.254967],[26.44717,41.254949],[26.44711,41.254942],[26.447055,41.254935],[26.447003,41.254925],[26.446867,41.254907],[26.446838,41.254902],[26.446736,41.254905],[26.446593,41.254907],[26.446479,41.254909],[26.446381,41.254911],[26.44633,41.25491],[26.446296,41.254909],[26.44624,41.254903],[26.446132,41.254898],[26.446035,41.254893],[26.445974,41.254892],[26.445838,41.254893],[26.445768,41.25489],[26.445683,41.254877],[26.445536,41.254854],[26.445438,41.254821],[26.445398,41.254809],[26.445259,41.254733],[26.44515,41.254706],[26.445075,41.254689],[26.445013,41.25468],[26.444963,41.254672],[26.444925,41.25467],[26.444842,41.254664],[26.444792,41.25466],[26.444741,41.254657],[26.444725,41.254664],[26.444651,41.2547],[26.44463,41.254588],[26.444685,41.254379],[26.444766,41.254031],[26.444796,41.253772],[26.444818,41.253601],[26.444863,41.253491],[26.444937,41.253446],[26.445099,41.253439],[26.445196,41.253275],[26.445379,41.253025],[26.445406,41.252911],[26.445479,41.252842],[26.445444,41.252687],[26.445477,41.252575],[26.445513,41.252535],[26.445634,41.252458],[26.445713,41.252389],[26.445924,41.252297],[26.445943,41.252266],[26.445846,41.25218],[26.445805,41.252052],[26.44577,41.251985],[26.445691,41.251897],[26.445322,41.251395],[26.44531,41.251285],[26.445141,41.250924],[26.445118,41.250805],[26.444999,41.250569],[26.444887,41.250422],[26.444813,41.250331],[26.44458,41.24996],[26.444532,41.249903],[26.444076,41.249837],[26.444112,41.249787],[26.44412,41.249643],[26.444135,41.249248],[26.444135,41.24898],[26.444125,41.248965],[26.44404,41.248784],[26.443908,41.24851],[26.443876,41.248302],[26.443861,41.24804],[26.443695,41.248004],[26.443505,41.24803],[26.443433,41.247927],[26.443282,41.247857],[26.443082,41.247745],[26.442932,41.247636],[26.442787,41.247535],[26.442483,41.247402],[26.442287,41.24733],[26.442239,41.24728],[26.44218,41.247193],[26.442136,41.247136],[26.442085,41.247021],[26.442051,41.246949],[26.441992,41.246806],[26.441889,41.246574],[26.441839,41.246433],[26.441752,41.246148],[26.441603,41.245668],[26.441493,41.245304],[26.441577,41.245266],[26.441634,41.245264],[26.441662,41.245245],[26.441837,41.2452],[26.441898,41.245171],[26.441818,41.245024],[26.441767,41.244948],[26.441714,41.244865],[26.441706,41.244792],[26.441696,41.244349],[26.44166,41.244301],[26.441708,41.244124],[26.441672,41.244101],[26.441658,41.243953],[26.441738,41.243894],[26.441748,41.243766],[26.441706,41.243711],[26.441677,41.243618],[26.441637,41.24354],[26.441563,41.243479],[26.441352,41.243412],[26.441224,41.243384],[26.441085,41.243349],[26.441015,41.2433],[26.440981,41.243193],[26.440973,41.243035],[26.440981,41.242832],[26.440996,41.242763],[26.440983,41.242738],[26.440767,41.24267],[26.440421,41.242276],[26.440156,41.24195],[26.439947,41.241707],[26.43941,41.241611],[26.438898,41.241733],[26.438597,41.2418],[26.438342,41.241859],[26.438002,41.241939],[26.437512,41.242053],[26.437149,41.242142],[26.437054,41.242167],[26.437025,41.242063],[26.437297,41.241509],[26.437855,41.240355],[26.438289,41.239445],[26.438733,41.238526],[26.439203,41.237524],[26.439393,41.237115],[26.440402,41.237226],[26.441392,41.23733],[26.441618,41.237347],[26.441666,41.236814],[26.441736,41.236734],[26.441816,41.236654],[26.442007,41.236742],[26.442134,41.236786],[26.442384,41.236753],[26.442643,41.236755],[26.442833,41.237117],[26.442903,41.237151],[26.443446,41.237073],[26.443943,41.23714],[26.444481,41.237147],[26.444653,41.237113],[26.444849,41.237075],[26.44513,41.237071],[26.445368,41.237115],[26.445886,41.237222],[26.446084,41.237264],[26.446459,41.23709],[26.446535,41.237041],[26.446629,41.236976],[26.447072,41.236664],[26.447283,41.23651],[26.447357,41.236465],[26.44737,41.236455],[26.447425,41.236423],[26.447193,41.236151],[26.447115,41.23606],[26.446866,41.235754],[26.446618,41.235476],[26.445932,41.234638],[26.445182,41.233769],[26.444755,41.233266],[26.44411,41.2325],[26.443413,41.231659],[26.442558,41.230657],[26.441583,41.22948],[26.440683,41.228412],[26.440023,41.227706],[26.439306,41.227025],[26.438933,41.226706],[26.438528,41.22632],[26.438186,41.226001],[26.437878,41.225694],[26.437657,41.22547],[26.437361,41.225108],[26.437001,41.224589],[26.436649,41.224127],[26.436324,41.223668],[26.436117,41.223392],[26.435947,41.223196],[26.43579,41.223043],[26.435712,41.223041],[26.435056,41.222665],[26.434916,41.222601],[26.434785,41.222543],[26.434772,41.222563],[26.434593,41.22267],[26.434514,41.222718],[26.434437,41.222814],[26.434249,41.222944],[26.434092,41.223025],[26.433958,41.22309],[26.433886,41.223139],[26.433673,41.223259],[26.433504,41.223347],[26.433303,41.223427],[26.433116,41.223463],[26.432953,41.223478],[26.432802,41.223477],[26.432409,41.223469],[26.43231,41.223472],[26.432167,41.223481],[26.432033,41.223492],[26.431882,41.223491],[26.431705,41.223484],[26.43155,41.223484],[26.43137,41.223492],[26.4312,41.223501],[26.431066,41.223509],[26.430946,41.223524],[26.430866,41.22353],[26.430828,41.223536],[26.430755,41.223556],[26.430676,41.22371],[26.430807,41.223903],[26.430784,41.223949],[26.430524,41.223944],[26.430522,41.223953],[26.430373,41.224075],[26.430342,41.224101],[26.43033,41.224123],[26.430164,41.224467],[26.430057,41.224593],[26.430008,41.224627],[26.429954,41.224696],[26.429798,41.224936],[26.429581,41.225118],[26.429383,41.225252],[26.429056,41.225419],[26.428862,41.225552],[26.428683,41.225659],[26.428534,41.225739],[26.428291,41.225838],[26.427948,41.225967],[26.427666,41.226123],[26.427381,41.226325],[26.427065,41.226546],[26.426833,41.226656],[26.426581,41.226729],[26.426254,41.226816],[26.426083,41.226847],[26.425808,41.226961],[26.425496,41.227106],[26.425329,41.227189],[26.425138,41.227235],[26.424826,41.227349],[26.42441,41.227496],[26.423976,41.227764],[26.423531,41.227998],[26.423188,41.228141],[26.423081,41.228174],[26.422877,41.228277],[26.421173,41.2284],[26.421002,41.228423],[26.420713,41.228475],[26.420414,41.22852],[26.420228,41.228543],[26.419988,41.22868],[26.419783,41.228786],[26.419426,41.228912],[26.419137,41.229],[26.418729,41.229074],[26.418178,41.229191],[26.417578,41.229451],[26.417156,41.229634],[26.416722,41.229834],[26.416482,41.229942],[26.416422,41.229977],[26.416053,41.230188],[26.415774,41.230351],[26.415519,41.230528],[26.415308,41.230671],[26.415211,41.230756],[26.41514,41.230882],[26.414937,41.23115],[26.41478,41.231299],[26.414546,41.231533],[26.414357,41.23165],[26.414215,41.231727],[26.414,41.231804],[26.413815,41.231884],[26.413498,41.23199],[26.413304,41.232053],[26.413052,41.23211],[26.412895,41.232124],[26.412698,41.232147],[26.412539,41.23215],[26.412264,41.232181],[26.411987,41.232247],[26.411799,41.232292],[26.411613,41.23225],[26.411459,41.23223],[26.411354,41.232235],[26.411279,41.232258],[26.411168,41.232318],[26.411088,41.232389],[26.410979,41.232435],[26.410811,41.232529],[26.410625,41.232612],[26.410491,41.232672],[26.410403,41.232692],[26.410186,41.232729],[26.41006,41.232744],[26.409943,41.232749],[26.40978,41.232764],[26.409612,41.232786],[26.409398,41.232784],[26.409189,41.232792],[26.408998,41.232798],[26.408769,41.232843],[26.408615,41.232883],[26.408492,41.232923],[26.408253,41.232963],[26.407996,41.233015],[26.407719,41.233066],[26.407539,41.233112],[26.407405,41.233135],[26.407148,41.233155],[26.406822,41.23318],[26.406671,41.233183],[26.40632,41.233183],[26.406182,41.23322],[26.405886,41.233297],[26.405571,41.233403],[26.405426,41.233455],[26.405095,41.233526],[26.40484,41.233563],[26.404521,41.233634],[26.404158,41.233694],[26.404101,41.233697],[26.403641,41.233749],[26.403427,41.233789],[26.403347,41.233774],[26.403159,41.233783],[26.402759,41.23378],[26.402428,41.233789],[26.402211,41.233809],[26.402011,41.233849],[26.401811,41.233869],[26.401742,41.233869],[26.40156,41.233903],[26.401454,41.233906],[26.401125,41.233858],[26.400968,41.233849],[26.400791,41.233861],[26.400574,41.233881],[26.400388,41.233912],[26.400126,41.233975],[26.399946,41.234032],[26.399846,41.234086],[26.39956,41.234103],[26.399317,41.234043],[26.399006,41.234049],[26.398881,41.234052],[26.398435,41.234132],[26.398352,41.234136],[26.398305,41.234124],[26.398128,41.234128],[26.398002,41.234136],[26.397911,41.234122],[26.397779,41.234113],[26.397534,41.234069],[26.397429,41.234025],[26.397323,41.233991],[26.397106,41.234024],[26.39694,41.234037],[26.396734,41.23405],[26.396708,41.234046],[26.396405,41.234029],[26.396264,41.234004],[26.396148,41.233984],[26.395857,41.233881],[26.395756,41.233848],[26.3956,41.233824],[26.395299,41.233782],[26.394791,41.233717],[26.39456,41.233685],[26.394511,41.233664],[26.394085,41.233553],[26.393949,41.233517],[26.393195,41.233345],[26.393108,41.233963],[26.392986,41.23499],[26.392926,41.235531],[26.392934,41.235633],[26.392865,41.236425],[26.392732,41.237788],[26.392675,41.238211],[26.392526,41.239151],[26.392359,41.240202],[26.392115,41.241702],[26.392153,41.241968],[26.392279,41.242753],[26.392507,41.244112],[26.392766,41.2456],[26.392751,41.24624],[26.392732,41.246967],[26.392728,41.247371],[26.392793,41.247618],[26.392717,41.24779],[26.392633,41.24779],[26.392404,41.248243],[26.392043,41.248745],[26.391654,41.249286],[26.391639,41.249316],[26.391597,41.249368],[26.391504,41.249615],[26.393482,41.249669],[26.398637,41.251526],[26.404727,41.252854],[26.407768,41.253891],[26.408409,41.254519],[26.408628,41.254856],[26.409717,41.257301],[26.410271,41.2586],[26.411045,41.260235],[26.41188,41.261734],[26.412463,41.262088],[26.414652,41.263608],[26.418654,41.265778],[26.419657,41.266591],[26.421925,41.268356],[26.422528,41.268679],[26.428321,41.271743],[26.428943,41.272325],[26.432291,41.275406],[26.434136,41.277138],[26.436043,41.27855],[26.436648,41.278736],[26.437966,41.278805],[26.438061,41.278484],[26.43814,41.278337],[26.438181,41.278303],[26.438178,41.278282],[26.438252,41.278234],[26.438298,41.278202],[26.438379,41.278135],[26.438466,41.278059],[26.438524,41.278008],[26.438544,41.277985],[26.438798,41.277787],[26.438952,41.277662],[26.439274,41.27741],[26.439656,41.277114],[26.440016,41.27683],[26.440255,41.276647],[26.440372,41.276553],[26.440408,41.276533],[26.440784,41.276297]]]}},{"type":"Feature","properties":{"id":"TR-Y-22-007-K-0010","level":"yerlesim","type":"mahalle","parent_id":"TR-D-22-007","province_id":"TR-P-22","district_id":"TR-D-22-007","name":"Kavaklı","source_raw_name":"Kavaklı","source":"Kullanıcı tarafından sağlanan KML","source_label":"Kullanıcı tarafından sağlanan KML","source_name":"Edirne Mahalle KML - kullanıcı tarafından sağlandı"},"geometry":{"type":"Polygon","coordinates":[[[26.531627,41.252707],[26.531644,41.252491],[26.531661,41.252293],[26.531682,41.252167],[26.531739,41.251898],[26.531794,41.25166],[26.531818,41.251525],[26.531861,41.251427],[26.531939,41.251268],[26.532037,41.251068],[26.532115,41.250877],[26.532172,41.250713],[26.532237,41.250404],[26.532237,41.250268],[26.532265,41.249956],[26.532282,41.249747],[26.532295,41.249594],[26.532307,41.249456],[26.532311,41.249364],[26.532315,41.249319],[26.532327,41.249261],[26.532343,41.249185],[26.53237,41.249052],[26.532381,41.248962],[26.532392,41.248857],[26.532405,41.248766],[26.532441,41.248351],[26.532492,41.247754],[26.532503,41.247425],[26.532514,41.247261],[26.532512,41.24716],[26.532526,41.247087],[26.532573,41.246831],[26.53259,41.246723],[26.532617,41.246378],[26.532637,41.246173],[26.53262,41.246137],[26.532629,41.245918],[26.53264,41.245577],[26.532671,41.245449],[26.532675,41.245411],[26.532789,41.245289],[26.532832,41.24515],[26.532838,41.245115],[26.532875,41.245036],[26.532896,41.244963],[26.532928,41.244844],[26.53296,41.24475],[26.533007,41.244673],[26.533012,41.244645],[26.533082,41.244485],[26.533118,41.244366],[26.533146,41.244335],[26.533205,41.244159],[26.533225,41.244118],[26.533242,41.244052],[26.533319,41.243886],[26.53349,41.243837],[26.533522,41.243663],[26.533537,41.243586],[26.533556,41.243473],[26.533568,41.243394],[26.533591,41.243255],[26.533602,41.243178],[26.533618,41.243085],[26.533631,41.243025],[26.533635,41.242989],[26.533652,41.242928],[26.533672,41.242857],[26.533686,41.242819],[26.533697,41.242778],[26.533712,41.242725],[26.533731,41.242661],[26.533755,41.242584],[26.533769,41.242535],[26.533782,41.24249],[26.5338,41.242417],[26.533817,41.242353],[26.533846,41.242268],[26.533854,41.242195],[26.533863,41.242136],[26.533868,41.242096],[26.533844,41.241985],[26.533818,41.241871],[26.533819,41.241748],[26.533938,41.241732],[26.534047,41.241715],[26.534119,41.241716],[26.534133,41.241714],[26.534206,41.241706],[26.534251,41.241701],[26.534421,41.241701],[26.534673,41.241698],[26.534871,41.241697],[26.535008,41.241698],[26.535069,41.241697],[26.535111,41.241697],[26.535161,41.241697],[26.535179,41.241697],[26.535211,41.241697],[26.535244,41.241696],[26.535261,41.241696],[26.535273,41.241696],[26.535273,41.241692],[26.535274,41.241679],[26.535275,41.241664],[26.535276,41.241644],[26.535278,41.241616],[26.535279,41.241605],[26.53528,41.241582],[26.535281,41.241572],[26.535281,41.241564],[26.535282,41.241557],[26.535283,41.241534],[26.535284,41.24152],[26.535285,41.241501],[26.535286,41.241488],[26.535287,41.241475],[26.535289,41.241453],[26.53529,41.241435],[26.535292,41.241403],[26.535292,41.241395],[26.535293,41.241381],[26.535294,41.241371],[26.535294,41.241367],[26.535295,41.241361],[26.535299,41.241343],[26.535304,41.241318],[26.535308,41.2413],[26.535329,41.241197],[26.535342,41.241134],[26.535348,41.241115],[26.535364,41.241061],[26.535383,41.241007],[26.535399,41.240956],[26.535412,41.240912],[26.535423,41.240874],[26.535448,41.2408],[26.535471,41.240731],[26.535497,41.240644],[26.535597,41.240606],[26.535679,41.240598],[26.535729,41.240608],[26.535885,41.24064],[26.535898,41.240583],[26.53594,41.240396],[26.536032,41.240397],[26.536101,41.240397],[26.536176,41.240399],[26.536275,41.240402],[26.536354,41.240403],[26.536436,41.240405],[26.536453,41.240406],[26.536457,41.240369],[26.536464,41.240307],[26.536482,41.240306],[26.536508,41.240304],[26.536557,41.240302],[26.536612,41.240299],[26.536665,41.240296],[26.536729,41.240292],[26.536851,41.240285],[26.536942,41.240279],[26.536974,41.240278],[26.537017,41.240274],[26.537146,41.240267],[26.537237,41.240263],[26.537321,41.240259],[26.537472,41.240249],[26.537487,41.240248],[26.537518,41.240247],[26.537572,41.240243],[26.537712,41.240238],[26.537902,41.240232],[26.538082,41.240223],[26.538339,41.240215],[26.53851,41.240207],[26.538773,41.240199],[26.539011,41.240186],[26.539007,41.240142],[26.538979,41.239844],[26.538882,41.239604],[26.538716,41.239397],[26.538458,41.239204],[26.538235,41.239002],[26.538109,41.238881],[26.538016,41.238787],[26.53785,41.238529],[26.537789,41.238254],[26.5377,41.238157],[26.537378,41.237997],[26.53731,41.237959],[26.537064,41.237891],[26.536986,41.23786],[26.536434,41.237828],[26.536137,41.237853],[26.535745,41.237803],[26.535602,41.237756],[26.535372,41.237619],[26.5356,41.237487],[26.535501,41.237423],[26.535402,41.237354],[26.535269,41.237285],[26.535142,41.237204],[26.534982,41.237103],[26.534947,41.237036],[26.535012,41.236933],[26.535107,41.236853],[26.535182,41.236831],[26.535322,41.236642],[26.535355,41.236594],[26.53541,41.23656],[26.53556,41.236593],[26.535604,41.236564],[26.535648,41.236492],[26.535684,41.236376],[26.535724,41.236231],[26.535762,41.236048],[26.535758,41.236014],[26.535754,41.235982],[26.535768,41.235917],[26.535768,41.235833],[26.53573,41.235755],[26.5354,41.235627],[26.535416,41.23557],[26.53544,41.235519],[26.535463,41.23549],[26.535568,41.235334],[26.535654,41.23535],[26.535745,41.235355],[26.535852,41.23538],[26.536072,41.235447],[26.536169,41.23543],[26.536211,41.235404],[26.536269,41.235386],[26.536302,41.235379],[26.536332,41.235368],[26.536362,41.235337],[26.536383,41.235313],[26.536411,41.235277],[26.53643,41.235251],[26.536467,41.235175],[26.536575,41.235191],[26.536588,41.235191],[26.536677,41.235209],[26.536756,41.235213],[26.536801,41.235184],[26.536847,41.235153],[26.536857,41.235144],[26.536896,41.235125],[26.536947,41.2351],[26.537001,41.235073],[26.537107,41.235022],[26.537297,41.234928],[26.537516,41.23482],[26.537747,41.234706],[26.537869,41.234644],[26.538009,41.234575],[26.53811,41.234524],[26.538205,41.234478],[26.538378,41.23439],[26.538651,41.234253],[26.538712,41.234221],[26.538805,41.234221],[26.538944,41.23421],[26.539104,41.234213],[26.539247,41.234206],[26.539418,41.234171],[26.539471,41.234156],[26.539642,41.234055],[26.539673,41.234036],[26.539888,41.233946],[26.539884,41.233863],[26.539931,41.23382],[26.540014,41.233749],[26.540075,41.233693],[26.540121,41.233652],[26.540153,41.233629],[26.540197,41.233595],[26.540236,41.233571],[26.540367,41.233493],[26.540537,41.23339],[26.540706,41.233289],[26.540803,41.233231],[26.540719,41.233112],[26.540476,41.232759],[26.540253,41.232421],[26.540129,41.232207],[26.540072,41.232102],[26.539969,41.231867],[26.539893,41.231698],[26.539855,41.231638],[26.539817,41.231519],[26.539967,41.231367],[26.539912,41.231338],[26.539703,41.231243],[26.539406,41.231086],[26.539075,41.230877],[26.539013,41.230839],[26.538937,41.230803],[26.538542,41.230605],[26.538221,41.230441],[26.538161,41.230394],[26.537664,41.230149],[26.537761,41.230137],[26.537783,41.230034],[26.537809,41.230013],[26.53793,41.229977],[26.538025,41.230032],[26.537975,41.229873],[26.537966,41.22973],[26.537954,41.229589],[26.537921,41.229306],[26.53788,41.229023],[26.537842,41.228702],[26.537835,41.228602],[26.537845,41.228357],[26.537918,41.227959],[26.53798,41.227962],[26.538085,41.227919],[26.538173,41.227745],[26.53814,41.227695],[26.538111,41.227717],[26.537994,41.227683],[26.537964,41.227343],[26.537964,41.227322],[26.538011,41.227231],[26.537999,41.227169],[26.538028,41.22697],[26.538049,41.226813],[26.538102,41.226763],[26.538335,41.226679],[26.53834,41.226544],[26.538354,41.226406],[26.538439,41.22632],[26.538528,41.226161],[26.538656,41.226073],[26.538651,41.226008],[26.538577,41.22588],[26.538542,41.225825],[26.538506,41.225725],[26.538399,41.225535],[26.538221,41.225202],[26.538017,41.224824],[26.538011,41.224814],[26.537973,41.224719],[26.537669,41.224438],[26.537709,41.224412],[26.537757,41.224388],[26.537764,41.224355],[26.537721,41.224324],[26.537485,41.223986],[26.537419,41.223907],[26.537369,41.223838],[26.537164,41.2236],[26.537002,41.223646],[26.536852,41.223488],[26.536712,41.223324],[26.536353,41.22287],[26.53621,41.222705],[26.536189,41.222644],[26.536165,41.2224],[26.536108,41.222206],[26.536085,41.222145],[26.536071,41.222107],[26.536031,41.222004],[26.535978,41.221882],[26.535917,41.22174],[26.535849,41.221641],[26.535811,41.221551],[26.535715,41.221385],[26.535645,41.221113],[26.535607,41.220927],[26.535245,41.221001],[26.534642,41.221115],[26.534699,41.22125],[26.534766,41.221403],[26.534777,41.221484],[26.534777,41.221515],[26.534754,41.221644],[26.534804,41.221703],[26.534865,41.221749],[26.535002,41.221839],[26.535337,41.222004],[26.535329,41.222096],[26.535207,41.222042],[26.535101,41.222019],[26.534931,41.222033],[26.534813,41.221993],[26.534646,41.221844],[26.534549,41.221787],[26.534462,41.221777],[26.534312,41.221783],[26.53423,41.221867],[26.534251,41.222002],[26.53422,41.222127],[26.534191,41.222162],[26.534132,41.22215],[26.534078,41.222141],[26.534055,41.222136],[26.533983,41.222121],[26.533997,41.222111],[26.534081,41.222048],[26.534119,41.221925],[26.534121,41.221919],[26.53408,41.221865],[26.534074,41.221819],[26.534053,41.221714],[26.53405,41.221702],[26.534037,41.221674],[26.534008,41.221619],[26.533968,41.22154],[26.533955,41.221513],[26.533942,41.221446],[26.533956,41.221428],[26.534005,41.221356],[26.534026,41.221327],[26.534033,41.221232],[26.534034,41.221208],[26.534049,41.22118],[26.53408,41.221122],[26.534115,41.221057],[26.53416,41.220965],[26.53412,41.220838],[26.534109,41.220718],[26.534082,41.220364],[26.534063,41.220046],[26.533681,41.219943],[26.533608,41.21992],[26.533521,41.219924],[26.533536,41.219833],[26.533566,41.219595],[26.533587,41.219418],[26.53361,41.21925],[26.533621,41.219157],[26.533681,41.218965],[26.533543,41.218957],[26.533121,41.218942],[26.532885,41.218932],[26.532862,41.218923],[26.532613,41.218917],[26.532457,41.218915],[26.532121,41.218919],[26.532106,41.218916],[26.532,41.218873],[26.531978,41.218872],[26.531918,41.218861],[26.531824,41.218856],[26.531713,41.218855],[26.531678,41.218856],[26.531652,41.21885],[26.53158,41.218847],[26.531374,41.218832],[26.531341,41.21883],[26.531324,41.218827],[26.531272,41.218806],[26.531238,41.218805],[26.531174,41.218809],[26.531083,41.218796],[26.531044,41.218794],[26.530997,41.218785],[26.530895,41.218771],[26.530709,41.218742],[26.530665,41.218735],[26.530621,41.218733],[26.530548,41.218729],[26.53045,41.218726],[26.530308,41.218708],[26.530168,41.21869],[26.530073,41.218673],[26.529965,41.218656],[26.529886,41.218645],[26.529884,41.218559],[26.529882,41.218486],[26.529881,41.218442],[26.529874,41.218191],[26.529869,41.217817],[26.529862,41.2177],[26.529859,41.217691],[26.529706,41.217675],[26.529573,41.217663],[26.529339,41.217631],[26.529192,41.217615],[26.528998,41.217579],[26.52876,41.217543],[26.528551,41.21752],[26.528302,41.217408],[26.527769,41.217166],[26.527591,41.217086],[26.527479,41.217402],[26.527382,41.21768],[26.52722,41.218152],[26.52714,41.218377],[26.526967,41.218365],[26.526923,41.218346],[26.526748,41.21832],[26.52648,41.218283],[26.526331,41.218274],[26.525954,41.218177],[26.52573,41.218122],[26.525678,41.218169],[26.525644,41.218221],[26.52561,41.218268],[26.525597,41.218373],[26.525536,41.218462],[26.525423,41.218569],[26.525338,41.218641],[26.525273,41.218737],[26.525233,41.218915],[26.525121,41.219016],[26.525111,41.219022],[26.525102,41.219157],[26.525142,41.219283],[26.525218,41.21946],[26.525235,41.219538],[26.525124,41.219488],[26.524915,41.21923],[26.52465,41.21894],[26.524466,41.218723],[26.524414,41.21859],[26.524399,41.218472],[26.524334,41.218327],[26.524222,41.218205],[26.524114,41.218129],[26.523982,41.218034],[26.523819,41.217935],[26.523796,41.217899],[26.523642,41.217762],[26.523524,41.217631],[26.523442,41.217579],[26.523177,41.217427],[26.522958,41.217263],[26.522749,41.217099],[26.522642,41.217039],[26.522477,41.216941],[26.522292,41.216892],[26.522134,41.216844],[26.521847,41.216787],[26.521755,41.216766],[26.521603,41.216757],[26.521291,41.21673],[26.521053,41.216715],[26.520805,41.216696],[26.520666,41.216629],[26.52056,41.216595],[26.520337,41.216487],[26.520183,41.216414],[26.520051,41.216329],[26.519882,41.216231],[26.519659,41.216033],[26.519423,41.215847],[26.519397,41.215824],[26.519241,41.215757],[26.519105,41.215706],[26.518923,41.215651],[26.518768,41.215617],[26.518239,41.215548],[26.517318,41.21555],[26.517084,41.215565],[26.517036,41.21555],[26.517011,41.21555],[26.516947,41.215533],[26.516789,41.215485],[26.516713,41.215472],[26.516686,41.21544],[26.51665,41.215426],[26.516431,41.215232],[26.516241,41.215091],[26.516096,41.214987],[26.51606,41.21495],[26.516006,41.214893],[26.515909,41.214819],[26.515727,41.214711],[26.515633,41.21468],[26.515458,41.214623],[26.51534,41.214577],[26.515211,41.214524],[26.515037,41.214446],[26.514973,41.214414],[26.514895,41.214362],[26.514761,41.21428],[26.514701,41.214214],[26.514603,41.214138],[26.514432,41.214006],[26.514326,41.213938],[26.51415,41.213863],[26.51401,41.213797],[26.513931,41.213774],[26.51385,41.213721],[26.513764,41.213677],[26.513671,41.213635],[26.513484,41.213502],[26.51336,41.213433],[26.513178,41.213315],[26.51306,41.213212],[26.512944,41.213125],[26.51282,41.212919],[26.512738,41.212792],[26.512645,41.212613],[26.512584,41.212508],[26.512426,41.212167],[26.512243,41.211815],[26.512117,41.211598],[26.51198,41.211368],[26.511828,41.211124],[26.51171,41.210953],[26.511605,41.210831],[26.511527,41.210742],[26.511375,41.210637],[26.511278,41.21057],[26.511145,41.210515],[26.511029,41.210456],[26.510867,41.210386],[26.51069,41.210302],[26.510627,41.210241],[26.510414,41.210032],[26.510259,41.209875],[26.510263,41.209847],[26.510141,41.209664],[26.510162,41.209101],[26.510233,41.208301],[26.510315,41.207203],[26.510357,41.206655],[26.510319,41.206611],[26.51005,41.206443],[26.509374,41.205983],[26.508895,41.20564],[26.50855,41.20536],[26.508244,41.205284],[26.507909,41.205271],[26.507553,41.205265],[26.507267,41.205257],[26.50681,41.205246],[26.506534,41.205236],[26.505897,41.205223],[26.505213,41.205208],[26.504699,41.205196],[26.504414,41.205188],[26.504338,41.205185],[26.504264,41.205622],[26.504047,41.206882],[26.503935,41.207569],[26.503914,41.207733],[26.503394,41.207842],[26.502861,41.207963],[26.502563,41.208021],[26.502258,41.208085],[26.502068,41.208123],[26.501698,41.208203],[26.50131,41.208285],[26.501023,41.208348],[26.50061,41.208437],[26.50029,41.208512],[26.499985,41.208576],[26.499688,41.208643],[26.499492,41.208681],[26.499397,41.208715],[26.49926,41.208755],[26.498978,41.208831],[26.498746,41.208881],[26.498422,41.208957],[26.4984,41.208955],[26.498327,41.209018],[26.49815,41.20922],[26.497986,41.209412],[26.497779,41.209711],[26.49765,41.209928],[26.497585,41.210073],[26.497539,41.210143],[26.497486,41.210267],[26.497347,41.210501],[26.49733,41.210568],[26.497273,41.210845],[26.49725,41.21091],[26.497191,41.211053],[26.497109,41.211253],[26.497088,41.211382],[26.497063,41.211462],[26.497014,41.211565],[26.496945,41.211706],[26.496835,41.211873],[26.496738,41.212026],[26.496663,41.212146],[26.496517,41.212366],[26.496424,41.212511],[26.496426,41.212562],[26.496557,41.212621],[26.496686,41.21269],[26.496631,41.212819],[26.496496,41.212998],[26.496422,41.213063],[26.496271,41.213168],[26.49618,41.213267],[26.496159,41.213293],[26.495978,41.213391],[26.49582,41.213495],[26.495706,41.213558],[26.495588,41.213649],[26.49547,41.213748],[26.495373,41.213901],[26.495413,41.213924],[26.49532,41.214127],[26.495299,41.214312],[26.495281,41.214481],[26.495339,41.214624],[26.495462,41.21486],[26.495436,41.215052],[26.495356,41.215222],[26.495276,41.215368],[26.495236,41.215483],[26.495175,41.215713],[26.495154,41.215865],[26.495131,41.21609],[26.495061,41.216284],[26.494996,41.21641],[26.494933,41.216533],[26.494815,41.216627],[26.494752,41.216668],[26.494537,41.216794],[26.494444,41.216844],[26.494177,41.217021],[26.494057,41.217093],[26.493848,41.217247],[26.493787,41.217331],[26.493768,41.217367],[26.493703,41.217502],[26.493696,41.217738],[26.493694,41.217917],[26.493709,41.218047],[26.493719,41.218157],[26.493753,41.218304],[26.493747,41.218365],[26.493734,41.218576],[26.493665,41.219078],[26.493793,41.219242],[26.493814,41.219282],[26.493888,41.219465],[26.493879,41.219577],[26.493648,41.219748],[26.493614,41.219887],[26.493555,41.219935],[26.493372,41.220087],[26.493214,41.220165],[26.493111,41.220221],[26.492957,41.220596],[26.492967,41.220624],[26.492767,41.220934],[26.492691,41.221115],[26.49259,41.221252],[26.492557,41.221336],[26.492527,41.221391],[26.492462,41.221496],[26.492415,41.221646],[26.492417,41.221774],[26.492462,41.221905],[26.492466,41.222054],[26.492358,41.222472],[26.492363,41.222745],[26.492392,41.222952],[26.49246,41.223072],[26.492462,41.22338],[26.492497,41.223523],[26.49254,41.223649],[26.492565,41.223858],[26.49263,41.224003],[26.49267,41.224228],[26.492523,41.22437],[26.492479,41.224519],[26.492422,41.224696],[26.49238,41.224837],[26.492379,41.224972],[26.492369,41.225168],[26.492439,41.225349],[26.492453,41.225499],[26.492348,41.225703],[26.49234,41.225779],[26.492262,41.226112],[26.492201,41.226424],[26.492146,41.226872],[26.491952,41.226988],[26.49188,41.227037],[26.491859,41.227201],[26.491802,41.227269],[26.49179,41.2273],[26.491743,41.227407],[26.491735,41.227526],[26.491718,41.227683],[26.491674,41.227816],[26.491539,41.227941],[26.491507,41.227989],[26.491444,41.228059],[26.491286,41.228214],[26.49113,41.22836],[26.490915,41.228589],[26.490856,41.228768],[26.490799,41.228954],[26.490913,41.228992],[26.490913,41.229004],[26.490932,41.229177],[26.490899,41.229613],[26.490875,41.229898],[26.490896,41.229961],[26.490884,41.230045],[26.490879,41.230113],[26.490865,41.230684],[26.490848,41.230884],[26.490854,41.230979],[26.490823,41.231438],[26.490808,41.231835],[26.490794,41.232097],[26.490803,41.232125],[26.49079,41.232168],[26.490788,41.232211],[26.490784,41.232344],[26.490774,41.232629],[26.490766,41.232876],[26.490759,41.233016],[26.490753,41.233156],[26.490754,41.233201],[26.490744,41.23326],[26.490662,41.233292],[26.490652,41.23335],[26.490653,41.233378],[26.490691,41.233525],[26.490681,41.23377],[26.490646,41.234116],[26.49059,41.234287],[26.490497,41.234475],[26.490341,41.234767],[26.490264,41.23481],[26.490272,41.234834],[26.490266,41.235024],[26.49026,41.235133],[26.490266,41.235196],[26.490236,41.235533],[26.490233,41.235702],[26.490274,41.235705],[26.490273,41.235728],[26.490563,41.23574],[26.490576,41.235948],[26.490575,41.23604],[26.490513,41.236164],[26.490499,41.236307],[26.490539,41.236447],[26.490552,41.236567],[26.490463,41.236633],[26.490524,41.23678],[26.490507,41.236821],[26.490514,41.236888],[26.490587,41.23704],[26.490629,41.237139],[26.490653,41.237231],[26.490676,41.237315],[26.49065,41.237402],[26.490609,41.237432],[26.49049,41.237418],[26.490291,41.237405],[26.489892,41.237478],[26.48971,41.237507],[26.489681,41.237544],[26.489754,41.237659],[26.489846,41.237799],[26.489961,41.237974],[26.48999,41.238013],[26.490082,41.238193],[26.490156,41.238329],[26.490246,41.238508],[26.490341,41.238722],[26.490412,41.238881],[26.490508,41.239069],[26.490543,41.239151],[26.490552,41.239189],[26.490581,41.239219],[26.490599,41.239286],[26.490617,41.239361],[26.490621,41.239443],[26.490677,41.239592],[26.49072,41.239742],[26.49073,41.239796],[26.490775,41.239885],[26.490839,41.24002],[26.490902,41.240099],[26.490916,41.240118],[26.490939,41.240198],[26.491023,41.240314],[26.491086,41.240401],[26.491106,41.240464],[26.491145,41.240613],[26.491176,41.240735],[26.491218,41.240852],[26.491244,41.240988],[26.491285,41.241162],[26.491293,41.241217],[26.491305,41.241348],[26.491318,41.241426],[26.491313,41.241481],[26.490985,41.241506],[26.490042,41.241598],[26.489438,41.241635],[26.489159,41.241642],[26.489144,41.24171],[26.489175,41.24176],[26.489204,41.241826],[26.489222,41.241868],[26.489263,41.242028],[26.489273,41.242064],[26.489301,41.242143],[26.48935,41.242267],[26.48939,41.242365],[26.48945,41.242498],[26.489451,41.242545],[26.489391,41.242617],[26.48913,41.242909],[26.488732,41.24336],[26.488133,41.244013],[26.487358,41.244863],[26.486792,41.24547],[26.486749,41.245519],[26.486743,41.245527],[26.486749,41.245533],[26.486775,41.245559],[26.486553,41.245816],[26.486297,41.246099],[26.486121,41.246292],[26.48583,41.246603],[26.485677,41.246776],[26.485564,41.246896],[26.485433,41.247044],[26.48531,41.247179],[26.485223,41.247276],[26.485134,41.247377],[26.485047,41.247481],[26.484672,41.247899],[26.484524,41.24806],[26.484337,41.248261],[26.48419,41.24842],[26.483976,41.248652],[26.4838,41.248843],[26.483726,41.24892],[26.483689,41.249059],[26.483596,41.249163],[26.483484,41.249285],[26.483292,41.249495],[26.483107,41.249696],[26.484732,41.252975],[26.484739,41.252975],[26.48529,41.25298],[26.485613,41.252993],[26.486124,41.253018],[26.486187,41.253028],[26.486492,41.253058],[26.486676,41.25308],[26.487723,41.253196],[26.488173,41.253245],[26.488336,41.253266],[26.488359,41.253299],[26.488386,41.253302],[26.48846,41.253312],[26.488748,41.25335],[26.488856,41.253362],[26.489129,41.253379],[26.489398,41.2534],[26.489716,41.253389],[26.489993,41.253353],[26.490198,41.253318],[26.49066,41.253229],[26.490949,41.253167],[26.491143,41.253128],[26.491347,41.253077],[26.491612,41.253021],[26.491658,41.253009],[26.491891,41.252935],[26.492003,41.252902],[26.492319,41.252762],[26.492482,41.25269],[26.492717,41.252518],[26.492922,41.252428],[26.493288,41.252329],[26.493401,41.252306],[26.493731,41.252252],[26.494086,41.252225],[26.494366,41.252182],[26.494713,41.252113],[26.494905,41.252072],[26.495119,41.252044],[26.495616,41.252029],[26.495741,41.251944],[26.495842,41.2519],[26.496302,41.251848],[26.496456,41.251835],[26.496914,41.251786],[26.497078,41.251767],[26.49729,41.251747],[26.497388,41.251733],[26.497844,41.251667],[26.497919,41.251657],[26.498165,41.251607],[26.49826,41.251586],[26.498888,41.251441],[26.499097,41.251368],[26.499352,41.251275],[26.499586,41.251186],[26.499647,41.251199],[26.49967,41.251218],[26.499926,41.251285],[26.500129,41.251331],[26.500381,41.251388],[26.500607,41.251409],[26.50083,41.251434],[26.501085,41.25146],[26.501257,41.251478],[26.501431,41.251496],[26.501638,41.251521],[26.501735,41.251533],[26.50205,41.251569],[26.502237,41.251593],[26.502399,41.251612],[26.502553,41.251627],[26.502841,41.251658],[26.502946,41.251668],[26.503153,41.25169],[26.50331,41.251699],[26.503406,41.251705],[26.503549,41.251714],[26.503669,41.251724],[26.503943,41.251745],[26.50415,41.251757],[26.504391,41.251747],[26.504488,41.251738],[26.504571,41.251733],[26.504668,41.251737],[26.504719,41.251731],[26.504926,41.251709],[26.505044,41.251702],[26.505181,41.251698],[26.505463,41.251663],[26.50572,41.251635],[26.505782,41.251622],[26.505836,41.251615],[26.505879,41.25161],[26.506129,41.251569],[26.506424,41.251516],[26.506597,41.251485],[26.506693,41.251473],[26.506817,41.251458],[26.506879,41.251453],[26.507179,41.251436],[26.507355,41.25141],[26.507754,41.251353],[26.507842,41.251339],[26.507966,41.251321],[26.508043,41.251311],[26.508145,41.251298],[26.508374,41.251268],[26.50866,41.251237],[26.509156,41.251186],[26.509316,41.25117],[26.509466,41.251154],[26.50961,41.251142],[26.509641,41.251142],[26.509847,41.251151],[26.510229,41.251164],[26.510614,41.251172],[26.51089,41.251175],[26.511006,41.251183],[26.511316,41.251172],[26.51158,41.251163],[26.511924,41.251154],[26.512015,41.251154],[26.512214,41.251153],[26.512303,41.251151],[26.512421,41.251146],[26.512517,41.251144],[26.512571,41.251143],[26.512635,41.25114],[26.512767,41.251142],[26.512891,41.251145],[26.513021,41.251152],[26.513111,41.251157],[26.513272,41.251171],[26.513441,41.251188],[26.513636,41.251208],[26.513717,41.251217],[26.513771,41.251233],[26.513846,41.251255],[26.514013,41.251306],[26.514199,41.251359],[26.514309,41.251409],[26.514423,41.251461],[26.514616,41.251544],[26.514672,41.251578],[26.514758,41.25163],[26.514912,41.251726],[26.514975,41.251743],[26.515017,41.251755],[26.515158,41.251788],[26.515287,41.251823],[26.51543,41.251862],[26.515479,41.251871],[26.515853,41.251949],[26.516063,41.251988],[26.516092,41.251992],[26.516116,41.251995],[26.516172,41.252006],[26.516315,41.252018],[26.516508,41.252045],[26.516592,41.252053],[26.516641,41.252048],[26.516701,41.252053],[26.516871,41.252029],[26.517136,41.251991],[26.517298,41.251968],[26.517424,41.251957],[26.51754,41.251952],[26.517668,41.25194],[26.517701,41.251939],[26.517755,41.251938],[26.517921,41.251932],[26.518094,41.251931],[26.518155,41.251928],[26.518171,41.251933],[26.518315,41.251947],[26.518463,41.251962],[26.518614,41.251976],[26.518813,41.251998],[26.518974,41.252012],[26.51924,41.252036],[26.519347,41.25203],[26.5194,41.252029],[26.519542,41.252024],[26.519695,41.252019],[26.519843,41.252012],[26.520072,41.252005],[26.520124,41.252026],[26.520463,41.25215],[26.520598,41.252203],[26.520674,41.252228],[26.520923,41.2523],[26.521051,41.252337],[26.521095,41.252348],[26.521423,41.252357],[26.521648,41.252361],[26.522025,41.252378],[26.522193,41.252381],[26.522406,41.252386],[26.522531,41.252393],[26.522576,41.252401],[26.522744,41.252429],[26.522883,41.252452],[26.523008,41.252472],[26.523024,41.252484],[26.523218,41.25256],[26.523465,41.252648],[26.523663,41.25267],[26.523911,41.252667],[26.524131,41.252686],[26.524348,41.252709],[26.52511,41.252804],[26.525521,41.25283],[26.525673,41.252937],[26.525978,41.253055],[26.526538,41.253318],[26.527052,41.253561],[26.52822,41.254121],[26.528803,41.254399],[26.529165,41.254536],[26.52961,41.254624],[26.529964,41.254673],[26.530303,41.254802],[26.530566,41.254886],[26.530752,41.254978],[26.531064,41.255092],[26.531266,41.255168],[26.531662,41.255267],[26.531816,41.255306],[26.531848,41.255203],[26.531842,41.255173],[26.531823,41.255106],[26.531812,41.255068],[26.531803,41.254999],[26.531786,41.254861],[26.531771,41.254761],[26.531756,41.25465],[26.531748,41.254587],[26.531738,41.254511],[26.531722,41.254399],[26.531713,41.25434],[26.531705,41.254284],[26.531692,41.254188],[26.531682,41.254117],[26.531674,41.254065],[26.531657,41.253952],[26.531624,41.253726],[26.531618,41.253602],[26.531613,41.253333],[26.531608,41.252867],[26.531627,41.252707]]]}},{"type":"Feature","properties":{"id":"TR-Y-22-007-K-0011","level":"yerlesim","type":"mahalle","parent_id":"TR-D-22-007","province_id":"TR-P-22","district_id":"TR-D-22-007","name":"Küçükaltıağaç","source_raw_name":"Küçükaltıağaç","source":"Kullanıcı tarafından sağlanan KML","source_label":"Kullanıcı tarafından sağlanan KML","source_name":"Edirne Mahalle KML - kullanıcı tarafından sağlandı"},"geometry":{"type":"Polygon","coordinates":[[[26.435285,41.151325],[26.4409,41.140551],[26.445697,41.1301],[26.446859,41.127435],[26.44801,41.127223],[26.448665,41.127188],[26.448946,41.127114],[26.44915,41.127122],[26.449407,41.127006],[26.449635,41.127016],[26.449725,41.126927],[26.449682,41.126891],[26.449399,41.126656],[26.449183,41.126481],[26.449162,41.12628],[26.449321,41.126117],[26.449432,41.125891],[26.449714,41.125527],[26.449675,41.125169],[26.449359,41.124952],[26.449059,41.124757],[26.449021,41.124527],[26.448965,41.12416],[26.449046,41.12395],[26.449171,41.12365],[26.449202,41.123528],[26.449265,41.123304],[26.44932,41.123068],[26.44932,41.123056],[26.44932,41.122786],[26.449315,41.122494],[26.449311,41.122333],[26.449511,41.121936],[26.449645,41.121812],[26.449892,41.121579],[26.449867,41.121412],[26.449811,41.121055],[26.449754,41.120695],[26.44954,41.120545],[26.44945,41.120312],[26.449589,41.119945],[26.449527,41.11993],[26.449458,41.120117],[26.449417,41.120231],[26.449315,41.119991],[26.449262,41.119929],[26.449102,41.119753],[26.449119,41.119602],[26.449142,41.119406],[26.44916,41.119286],[26.449091,41.118944],[26.449033,41.118664],[26.449002,41.118526],[26.448732,41.118305],[26.448727,41.118156],[26.448719,41.117999],[26.448989,41.117657],[26.449097,41.117513],[26.449155,41.117468],[26.449225,41.117415],[26.449357,41.117219],[26.449458,41.117069],[26.449529,41.116686],[26.44956,41.116515],[26.449584,41.116408],[26.449622,41.116193],[26.449697,41.115981],[26.449776,41.115748],[26.449795,41.115603],[26.449815,41.115387],[26.449797,41.115234],[26.44989,41.115013],[26.449956,41.114763],[26.450002,41.11458],[26.449988,41.114352],[26.450088,41.113992],[26.44999,41.113708],[26.449965,41.113438],[26.450143,41.113156],[26.450172,41.11272],[26.450195,41.112417],[26.450218,41.112108],[26.449974,41.11186],[26.449924,41.111791],[26.449795,41.11161],[26.449672,41.111442],[26.449555,41.111285],[26.449464,41.111156],[26.449441,41.111139],[26.449275,41.110995],[26.449067,41.110832],[26.449016,41.110689],[26.448989,41.110453],[26.448969,41.110284],[26.449034,41.11031],[26.449155,41.109963],[26.449315,41.109518],[26.449483,41.109049],[26.449628,41.108905],[26.449994,41.108533],[26.450304,41.108208],[26.450533,41.107973],[26.450728,41.107775],[26.450944,41.107549],[26.451075,41.107417],[26.451095,41.107238],[26.451126,41.106791],[26.450896,41.106774],[26.450757,41.106764],[26.450803,41.106441],[26.450841,41.106166],[26.450867,41.105973],[26.45102,41.105964],[26.451199,41.105956],[26.451306,41.105947],[26.451387,41.105732],[26.45146,41.105577],[26.451502,41.105505],[26.451608,41.105294],[26.451676,41.10512],[26.45169,41.104944],[26.451885,41.104924],[26.451869,41.104797],[26.451957,41.104518],[26.452087,41.104118],[26.452232,41.10369],[26.452372,41.103746],[26.452591,41.103688],[26.452665,41.103616],[26.452715,41.103724],[26.452755,41.103808],[26.453093,41.10403],[26.453152,41.104069],[26.453131,41.104159],[26.453332,41.104126],[26.454109,41.103792],[26.453941,41.103486],[26.454012,41.103398],[26.454115,41.103384],[26.454495,41.103398],[26.454495,41.103001],[26.454535,41.102436],[26.454555,41.102233],[26.454672,41.10177],[26.454552,41.101782],[26.454346,41.101214],[26.454481,41.100805],[26.454618,41.100374],[26.454795,41.100374],[26.455671,41.099583],[26.455925,41.099369],[26.455988,41.0993],[26.456445,41.098655],[26.456634,41.09837],[26.456991,41.097856],[26.45737,41.097305],[26.45732,41.097033],[26.457259,41.096705],[26.458018,41.095471],[26.458335,41.094955],[26.458555,41.094598],[26.458815,41.094181],[26.458932,41.094027],[26.458866,41.094429],[26.459101,41.094463],[26.45944,41.093106],[26.45984,41.092432],[26.460411,41.091473],[26.460457,41.092512],[26.460457,41.092512],[26.460946,41.091666],[26.461224,41.091158],[26.461157,41.090657],[26.460872,41.09013],[26.460727,41.090086],[26.460503,41.090022],[26.460164,41.08994],[26.459638,41.089812],[26.459338,41.089711],[26.459132,41.089418],[26.459076,41.089261],[26.459019,41.089176],[26.458621,41.088589],[26.45813,41.088412],[26.457942,41.088454],[26.457852,41.088471],[26.457698,41.088542],[26.457574,41.088669],[26.457353,41.08893],[26.457157,41.089151],[26.457051,41.089261],[26.45699,41.089269],[26.456836,41.089492],[26.456343,41.089427],[26.456196,41.089368],[26.455836,41.089204],[26.455741,41.088841],[26.455583,41.088707],[26.455471,41.088647],[26.455278,41.088605],[26.454875,41.088527],[26.454563,41.08846],[26.454171,41.088315],[26.453552,41.088087],[26.453129,41.08795],[26.452688,41.087984],[26.452615,41.087994],[26.452206,41.088152],[26.451907,41.088266],[26.451713,41.088348],[26.45149,41.088405],[26.451378,41.088397],[26.451174,41.088293],[26.451085,41.088313],[26.451007,41.088254],[26.450815,41.088095],[26.450512,41.087855],[26.450784,41.087202],[26.45098,41.086722],[26.451218,41.086119],[26.451275,41.085991],[26.451241,41.085814],[26.451201,41.085702],[26.451094,41.085393],[26.450851,41.084874],[26.450626,41.0844],[26.449952,41.083895],[26.449398,41.083492],[26.449164,41.083315],[26.449069,41.083278],[26.44893,41.083227],[26.448817,41.083185],[26.448776,41.08317],[26.448711,41.083132],[26.448488,41.083004],[26.448277,41.082884],[26.448013,41.082793],[26.447851,41.082751],[26.447813,41.082763],[26.447778,41.082848],[26.447451,41.082862],[26.447322,41.082869],[26.447204,41.08289],[26.446832,41.082959],[26.446596,41.082993],[26.446452,41.083022],[26.446271,41.083056],[26.446187,41.083079],[26.44612,41.083101],[26.445896,41.083168],[26.445717,41.083227],[26.445437,41.083377],[26.445111,41.083541],[26.445037,41.083585],[26.444843,41.083842],[26.444761,41.084103],[26.444933,41.08451],[26.444997,41.084611],[26.445121,41.084794],[26.445665,41.085591],[26.445732,41.085685],[26.445785,41.085725],[26.445776,41.085755],[26.445795,41.085778],[26.445717,41.085875],[26.445536,41.086235],[26.445376,41.086325],[26.445286,41.086375],[26.445226,41.086409],[26.445181,41.086434],[26.44511,41.086474],[26.445006,41.086532],[26.444923,41.086578],[26.444862,41.086612],[26.444777,41.086661],[26.444625,41.086745],[26.444565,41.086779],[26.444502,41.086814],[26.444469,41.086832],[26.444442,41.086847],[26.444426,41.086856],[26.444405,41.086869],[26.444383,41.086883],[26.444354,41.086901],[26.444327,41.086917],[26.444269,41.086954],[26.444232,41.086975],[26.444016,41.087109],[26.443897,41.087181],[26.443739,41.087282],[26.443652,41.087333],[26.443619,41.087354],[26.443504,41.08759],[26.443466,41.087669],[26.443424,41.087759],[26.443392,41.087825],[26.443342,41.087863],[26.44327,41.087918],[26.4432,41.087969],[26.443157,41.088034],[26.443125,41.088025],[26.44299,41.088125],[26.442903,41.088192],[26.442844,41.088235],[26.442587,41.08826],[26.442447,41.088275],[26.442249,41.088293],[26.442112,41.088308],[26.441982,41.088284],[26.441866,41.088262],[26.441773,41.088259],[26.441668,41.088224],[26.441527,41.088197],[26.441449,41.088183],[26.441381,41.088127],[26.441343,41.088115],[26.440869,41.087815],[26.440772,41.087724],[26.440415,41.087355],[26.440275,41.087187],[26.440255,41.087172],[26.439987,41.086981],[26.439747,41.086807],[26.439398,41.086813],[26.43909,41.086856],[26.438976,41.086867],[26.438884,41.086881],[26.438687,41.08689],[26.438319,41.087047],[26.437841,41.087233],[26.437483,41.087378],[26.437365,41.087425],[26.437349,41.087433],[26.437235,41.0875],[26.437194,41.087525],[26.437134,41.087564],[26.437064,41.087606],[26.436958,41.087673],[26.436868,41.087729],[26.436829,41.087754],[26.436804,41.087983],[26.436407,41.08826],[26.436232,41.088381],[26.436086,41.088483],[26.435922,41.088617],[26.435716,41.088782],[26.435461,41.088854],[26.434757,41.088653],[26.434468,41.088538],[26.434079,41.088413],[26.433588,41.087876],[26.433287,41.087644],[26.433006,41.087415],[26.432728,41.087217],[26.432408,41.086989],[26.431943,41.086722],[26.431704,41.086589],[26.431525,41.086513],[26.430729,41.086159],[26.430405,41.086037],[26.429389,41.08566],[26.428852,41.085455],[26.428471,41.085257],[26.428254,41.085142],[26.42787,41.085001],[26.427584,41.084796],[26.427451,41.084724],[26.426755,41.084402],[26.426498,41.084021],[26.425413,41.083269],[26.425073,41.083052],[26.425072,41.083051],[26.425071,41.08305],[26.424585,41.083374],[26.423441,41.083997],[26.423186,41.084135],[26.422795,41.084424],[26.422463,41.084668],[26.422463,41.084668],[26.421248,41.085558],[26.421052,41.085687],[26.420511,41.086053],[26.420066,41.086353],[26.4197,41.086597],[26.41955,41.086664],[26.419424,41.0867],[26.419325,41.086768],[26.41923,41.086837],[26.419159,41.087023],[26.419129,41.087199],[26.419066,41.087353],[26.418965,41.087608],[26.418866,41.087865],[26.418746,41.088168],[26.418586,41.088546],[26.418526,41.08872],[26.418413,41.089009],[26.418329,41.089216],[26.417998,41.089251],[26.417905,41.089256],[26.417867,41.089449],[26.417861,41.08961],[26.417857,41.089797],[26.417854,41.090005],[26.417854,41.090012],[26.417861,41.090065],[26.417907,41.090419],[26.417926,41.09056],[26.417958,41.090834],[26.418,41.091109],[26.418002,41.091208],[26.418002,41.091215],[26.417899,41.091339],[26.417817,41.091421],[26.417795,41.091614],[26.417795,41.091619],[26.417826,41.091855],[26.417827,41.091859],[26.41781,41.091961],[26.417795,41.092077],[26.417793,41.092197],[26.417633,41.092197],[26.417625,41.092443],[26.417586,41.092892],[26.417585,41.092898],[26.417616,41.093064],[26.417656,41.09333],[26.417684,41.093414],[26.417728,41.093579],[26.417753,41.093726],[26.417791,41.093956],[26.417848,41.094202],[26.41788,41.094323],[26.417882,41.094329],[26.417758,41.094392],[26.417736,41.09439],[26.417621,41.094426],[26.417562,41.094444],[26.417444,41.094512],[26.417391,41.094533],[26.41714,41.094375],[26.416909,41.094373],[26.416882,41.094563],[26.416881,41.094569],[26.416919,41.094621],[26.417005,41.094672],[26.417134,41.094699],[26.417168,41.094761],[26.417203,41.0949],[26.417227,41.094942],[26.417227,41.094946],[26.417227,41.094954],[26.417218,41.094977],[26.417121,41.094998],[26.417018,41.095032],[26.416923,41.095072],[26.416753,41.095146],[26.416481,41.095161],[26.416443,41.095116],[26.415813,41.09523],[26.415647,41.095274],[26.415459,41.095403],[26.41533,41.095489],[26.415328,41.095491],[26.41545,41.09577],[26.415453,41.095776],[26.415162,41.095881],[26.415158,41.095883],[26.415284,41.096124],[26.415406,41.096206],[26.415489,41.096347],[26.415552,41.096444],[26.415579,41.096524],[26.415636,41.096648],[26.415682,41.096804],[26.415739,41.096996],[26.415815,41.097156],[26.415861,41.09728],[26.415914,41.097434],[26.41594,41.097485],[26.415994,41.097598],[26.416022,41.097704],[26.416045,41.097807],[26.416053,41.09795],[26.416072,41.098119],[26.416075,41.098194],[26.416076,41.098201],[26.416026,41.098201],[26.416024,41.098201],[26.4161,41.098553],[26.416135,41.09867],[26.416184,41.098774],[26.416222,41.098917],[26.41626,41.099035],[26.416351,41.099277],[26.416354,41.099284],[26.416165,41.099302],[26.416085,41.099319],[26.415967,41.099351],[26.415847,41.099376],[26.415605,41.099414],[26.415461,41.099452],[26.415419,41.099461],[26.415336,41.099449],[26.415328,41.099448],[26.415432,41.099555],[26.415567,41.099688],[26.415712,41.099848],[26.415822,41.100002],[26.415923,41.100143],[26.416,41.100278],[26.416078,41.100411],[26.416114,41.100474],[26.416241,41.100406],[26.416285,41.100663],[26.416371,41.101119],[26.416397,41.101237],[26.416441,41.101394],[26.41646,41.101491],[26.416555,41.10205],[26.416572,41.102128],[26.416603,41.102231],[26.416612,41.102277],[26.416637,41.102471],[26.416676,41.102679],[26.416677,41.102686],[26.416529,41.102756],[26.416401,41.102772],[26.416344,41.102766],[26.416315,41.102809],[26.416314,41.102812],[26.416348,41.102939],[26.416391,41.103058],[26.416392,41.103059],[26.416386,41.103147],[26.416371,41.103213],[26.416338,41.103251],[26.416194,41.103297],[26.415888,41.103378],[26.415885,41.103379],[26.415902,41.103432],[26.41595,41.10348],[26.416028,41.103564],[26.416068,41.103668],[26.416125,41.103739],[26.416154,41.10379],[26.416158,41.103796],[26.41594,41.103912],[26.415815,41.103965],[26.415661,41.104015],[26.41556,41.104057],[26.415489,41.104095],[26.4154,41.104137],[26.415371,41.104167],[26.415368,41.104171],[26.415441,41.104259],[26.415446,41.104264],[26.415217,41.104386],[26.415112,41.104434],[26.415001,41.104484],[26.414998,41.104485],[26.415084,41.104658],[26.415213,41.104839],[26.415415,41.104967],[26.415562,41.105071],[26.41568,41.105126],[26.415779,41.105086],[26.415878,41.105062],[26.41598,41.105046],[26.416015,41.105067],[26.416218,41.105168],[26.416357,41.105237],[26.416458,41.105292],[26.416833,41.105518],[26.416837,41.10552],[26.416689,41.105687],[26.416685,41.105692],[26.416915,41.105892],[26.416947,41.105913],[26.417107,41.105954],[26.417212,41.10601],[26.417231,41.106042],[26.417275,41.106092],[26.41764,41.106489],[26.417751,41.106638],[26.417751,41.106792],[26.417751,41.1068],[26.417597,41.10698],[26.417239,41.107125],[26.417185,41.107059],[26.417111,41.107003],[26.417031,41.107013],[26.416873,41.107079],[26.416689,41.107177],[26.416274,41.107395],[26.416074,41.107489],[26.415971,41.107555],[26.415801,41.107665],[26.415796,41.107668],[26.416112,41.10798],[26.416118,41.107986],[26.415684,41.108166],[26.415585,41.108212],[26.415581,41.108214],[26.415734,41.108443],[26.415739,41.10845],[26.415354,41.108526],[26.41517,41.108591],[26.414998,41.108643],[26.414993,41.108644],[26.415027,41.108686],[26.41504,41.108715],[26.415143,41.109067],[26.415145,41.109074],[26.414779,41.109147],[26.414689,41.109165],[26.414686,41.109166],[26.414816,41.109456],[26.414819,41.109463],[26.414745,41.109496],[26.414743,41.109497],[26.414821,41.109722],[26.41485,41.109775],[26.414939,41.110023],[26.414941,41.11003],[26.414361,41.110167],[26.414361,41.110167],[26.414422,41.110689],[26.414423,41.110696],[26.41426,41.110744],[26.414187,41.110873],[26.414161,41.110905],[26.414159,41.110908],[26.414243,41.111085],[26.414252,41.111157],[26.41433,41.111252],[26.414446,41.111347],[26.414602,41.11149],[26.414618,41.11154],[26.414673,41.111612],[26.414869,41.111962],[26.415055,41.112288],[26.415164,41.112468],[26.415278,41.112607],[26.415347,41.11271],[26.415394,41.112847],[26.415411,41.112878],[26.415449,41.112935],[26.415503,41.113148],[26.415547,41.113364],[26.415548,41.113371],[26.41553,41.113387],[26.415527,41.11339],[26.415731,41.113746],[26.415732,41.113754],[26.415733,41.113763],[26.415729,41.113759],[26.41567,41.113799],[26.415187,41.113877],[26.415077,41.113961],[26.415023,41.114003],[26.414954,41.114433],[26.414913,41.114625],[26.414846,41.114865],[26.414758,41.115065],[26.414661,41.115259],[26.414545,41.115449],[26.414492,41.115567],[26.414404,41.11576],[26.414302,41.115965],[26.414216,41.116101],[26.414203,41.11619],[26.414197,41.116286],[26.414197,41.116289],[26.414201,41.116466],[26.414222,41.116552],[26.414235,41.116761],[26.414248,41.116801],[26.41426,41.11689],[26.414296,41.117161],[26.414309,41.117325],[26.414321,41.117549],[26.414397,41.11801],[26.414418,41.118128],[26.414425,41.118173],[26.414431,41.118318],[26.414431,41.118324],[26.41439,41.118533],[26.414389,41.118535],[26.414402,41.118743],[26.414454,41.118914],[26.414461,41.118984],[26.414469,41.119064],[26.414473,41.119234],[26.414484,41.119411],[26.414492,41.119495],[26.414539,41.119635],[26.414595,41.119771],[26.414602,41.119803],[26.414621,41.12002],[26.414633,41.120391],[26.414635,41.120545],[26.414675,41.120734],[26.414675,41.120785],[26.414677,41.120867],[26.414861,41.120909],[26.414932,41.120955],[26.415071,41.12105],[26.41523,41.121128],[26.415411,41.121219],[26.415569,41.121295],[26.415626,41.121316],[26.415708,41.121337],[26.415803,41.121341],[26.415937,41.121385],[26.416074,41.121377],[26.416481,41.121213],[26.416611,41.121107],[26.416721,41.121086],[26.416902,41.121092],[26.416924,41.121351],[26.416925,41.121358],[26.416717,41.121667],[26.41651,41.121828],[26.416493,41.121916],[26.416493,41.12192],[26.416506,41.122],[26.41654,41.122055],[26.416605,41.122144],[26.416656,41.122272],[26.416677,41.122337],[26.416688,41.122429],[26.416689,41.12243],[26.416685,41.122561],[26.41667,41.122702],[26.41667,41.122708],[26.416765,41.122957],[26.416767,41.122961],[26.416715,41.123062],[26.416578,41.123227],[26.416571,41.123294],[26.416513,41.12341],[26.416494,41.123441],[26.416472,41.123566],[26.416472,41.123568],[26.416477,41.123669],[26.416494,41.123806],[26.416494,41.123812],[26.416447,41.123907],[26.416392,41.123972],[26.41639,41.12398],[26.41639,41.123985],[26.416405,41.12404],[26.416466,41.124097],[26.416472,41.124103],[26.416276,41.124166],[26.415982,41.124417],[26.415729,41.124381],[26.415501,41.12491],[26.415499,41.124914],[26.415554,41.125043],[26.41563,41.125142],[26.415842,41.125428],[26.416072,41.125584],[26.416295,41.125409],[26.416411,41.12554],[26.416443,41.12571],[26.416445,41.125864],[26.416567,41.125991],[26.41658,41.126109],[26.416777,41.126143],[26.416782,41.126144],[26.416623,41.126359],[26.416622,41.126361],[26.416654,41.126519],[26.416683,41.126655],[26.416683,41.126656],[26.416679,41.126768],[26.416679,41.126774],[26.416694,41.126927],[26.416694,41.126934],[26.416542,41.127149],[26.416538,41.127155],[26.416835,41.127295],[26.417027,41.127459],[26.417027,41.127459],[26.417026,41.127518],[26.416791,41.12753],[26.416521,41.127701],[26.416488,41.127774],[26.416487,41.127777],[26.416525,41.127914],[26.416651,41.128061],[26.416863,41.128306],[26.416864,41.128306],[26.416805,41.129168],[26.416797,41.129336],[26.416614,41.129578],[26.416612,41.12958],[26.416697,41.129932],[26.416698,41.129936],[26.416654,41.130154],[26.416654,41.130155],[26.416656,41.130353],[26.41677,41.130525],[26.416772,41.13053],[26.416405,41.130975],[26.416405,41.130975],[26.416407,41.131127],[26.416664,41.13154],[26.416829,41.131439],[26.417158,41.131725],[26.417163,41.131729],[26.416954,41.131877],[26.416951,41.131879],[26.417016,41.132009],[26.417018,41.132012],[26.416919,41.13225],[26.416814,41.132321],[26.416799,41.132418],[26.416633,41.132391],[26.416611,41.132441],[26.416611,41.132443],[26.41662,41.132517],[26.416723,41.13264],[26.416727,41.132644],[26.416685,41.132673],[26.416676,41.132793],[26.416675,41.132801],[26.416809,41.132966],[26.416812,41.13297],[26.416716,41.133083],[26.416715,41.133084],[26.416732,41.133236],[26.416778,41.133373],[26.416788,41.133393],[26.416829,41.133446],[26.417098,41.13383],[26.417289,41.134074],[26.417292,41.134078],[26.417165,41.134209],[26.417164,41.134209],[26.417174,41.134352],[26.417252,41.134495],[26.417321,41.13466],[26.417451,41.13478],[26.417452,41.13478],[26.417443,41.134855],[26.417442,41.134862],[26.417536,41.134957],[26.417569,41.135084],[26.41757,41.135089],[26.417496,41.135247],[26.417472,41.13536],[26.417471,41.135367],[26.41752,41.135405],[26.417585,41.135429],[26.417777,41.135382],[26.417836,41.135279],[26.417865,41.135199],[26.41797,41.135256],[26.418128,41.135323],[26.41832,41.135334],[26.418447,41.135401],[26.418515,41.135452],[26.418518,41.135454],[26.418438,41.135599],[26.418422,41.135722],[26.418421,41.135728],[26.418432,41.135751],[26.41847,41.135782],[26.418533,41.13581],[26.41863,41.135825],[26.418744,41.135837],[26.418765,41.135841],[26.418811,41.135873],[26.418823,41.135921],[26.418824,41.135926],[26.418771,41.13601],[26.418676,41.136062],[26.418674,41.136063],[26.418701,41.136153],[26.418748,41.136221],[26.418889,41.136267],[26.419038,41.136255],[26.419081,41.136284],[26.419083,41.136349],[26.419083,41.136356],[26.419041,41.136428],[26.41904,41.136431],[26.419104,41.136691],[26.419148,41.136768],[26.419298,41.136804],[26.419358,41.136908],[26.419359,41.13691],[26.419328,41.137056],[26.419327,41.137063],[26.419388,41.137097],[26.419441,41.137141],[26.419443,41.137143],[26.419398,41.137241],[26.419395,41.137247],[26.419453,41.137283],[26.419529,41.137302],[26.419564,41.137379],[26.419567,41.137386],[26.419348,41.13744],[26.419199,41.137541],[26.419197,41.137542],[26.419211,41.137594],[26.419251,41.13766],[26.41936,41.137879],[26.419361,41.137881],[26.41932,41.138069],[26.419319,41.138073],[26.419388,41.138298],[26.419393,41.138479],[26.419394,41.138486],[26.419187,41.138676],[26.419184,41.138679],[26.419261,41.138816],[26.419264,41.138821],[26.418943,41.139024],[26.418941,41.139025],[26.418992,41.139164],[26.41902,41.139212],[26.41902,41.139214],[26.419018,41.139229],[26.419017,41.139236],[26.419078,41.139235],[26.419205,41.139168],[26.419291,41.139223],[26.419294,41.13933],[26.419295,41.139335],[26.419276,41.13949],[26.419262,41.139518],[26.419131,41.13976],[26.419127,41.139897],[26.419127,41.139905],[26.419163,41.139939],[26.41922,41.139969],[26.419283,41.139966],[26.419392,41.139985],[26.419452,41.140029],[26.419453,41.14003],[26.419443,41.140089],[26.419376,41.140165],[26.419371,41.140261],[26.419371,41.140268],[26.419475,41.140356],[26.41959,41.140405],[26.41959,41.140575],[26.419626,41.140599],[26.419645,41.140624],[26.41972,41.140727],[26.419721,41.140729],[26.419682,41.140926],[26.419681,41.140929],[26.419685,41.140964],[26.419685,41.140965],[26.419681,41.141093],[26.419681,41.1411],[26.41978,41.141351],[26.419797,41.141471],[26.419814,41.141648],[26.420353,41.142139],[26.420423,41.14221],[26.420427,41.142214],[26.42033,41.142313],[26.420316,41.142443],[26.420315,41.14245],[26.420442,41.142644],[26.420499,41.143032],[26.4205,41.143034],[26.420496,41.143074],[26.420496,41.143082],[26.420718,41.143186],[26.420903,41.143331],[26.420951,41.143362],[26.421181,41.143443],[26.421246,41.143561],[26.421263,41.143778],[26.421305,41.143837],[26.421408,41.143862],[26.421491,41.144011],[26.421493,41.144154],[26.421493,41.144161],[26.421443,41.144353],[26.421442,41.144359],[26.421518,41.144477],[26.421609,41.144507],[26.421918,41.144593],[26.422123,41.144837],[26.422123,41.144837],[26.422122,41.144942],[26.422121,41.144949],[26.422287,41.145107],[26.422337,41.145307],[26.422464,41.145424],[26.422557,41.145551],[26.422672,41.145625],[26.422881,41.145693],[26.423033,41.145809],[26.423128,41.145798],[26.423292,41.145641],[26.42341,41.145664],[26.423512,41.145762],[26.423569,41.145846],[26.42357,41.145848],[26.423524,41.14599],[26.42347,41.1461],[26.423469,41.146104],[26.423493,41.146159],[26.423593,41.146197],[26.423625,41.146213],[26.423707,41.146261],[26.423761,41.146519],[26.423815,41.146792],[26.423944,41.146915],[26.423988,41.146953],[26.424058,41.147012],[26.424192,41.147134],[26.424195,41.147137],[26.42415,41.147217],[26.424148,41.147222],[26.424252,41.147368],[26.424274,41.147658],[26.424296,41.147718],[26.424337,41.147819],[26.424337,41.147827],[26.424359,41.147859],[26.424361,41.147861],[26.424362,41.147863],[26.424365,41.147867],[26.424391,41.147901],[26.42443,41.14793],[26.424473,41.147964],[26.424622,41.148074],[26.424668,41.148158],[26.42466,41.148389],[26.424771,41.148452],[26.424728,41.148546],[26.424772,41.148573],[26.424839,41.148567],[26.424879,41.148615],[26.42487,41.14864],[26.42485,41.148684],[26.424823,41.148729],[26.424831,41.148762],[26.424927,41.148761],[26.424971,41.148777],[26.424962,41.148827],[26.424916,41.148916],[26.424945,41.14893],[26.425059,41.14896],[26.425074,41.149032],[26.425036,41.149112],[26.425063,41.149173],[26.425135,41.149198],[26.425421,41.149297],[26.425563,41.149423],[26.425807,41.149584],[26.425963,41.149858],[26.426134,41.149904],[26.426226,41.150074],[26.426315,41.150142],[26.426502,41.150218],[26.426626,41.150277],[26.426824,41.150352],[26.426907,41.15038],[26.427004,41.150405],[26.427082,41.150426],[26.427178,41.150468],[26.427208,41.150498],[26.42728,41.150555],[26.427328,41.150622],[26.427408,41.15073],[26.427456,41.150795],[26.427528,41.150864],[26.427657,41.151025],[26.427861,41.151261],[26.427958,41.151378],[26.428013,41.151431],[26.428118,41.151528],[26.428238,41.151665],[26.428322,41.151775],[26.428409,41.151886],[26.428518,41.152002],[26.428613,41.15212],[26.428729,41.152303],[26.42879,41.152365],[26.42899,41.15256],[26.429091,41.152647],[26.42915,41.152721],[26.429201,41.152784],[26.429287,41.152889],[26.429339,41.152956],[26.42935,41.152969],[26.429367,41.15299],[26.429517,41.153121],[26.429555,41.153148],[26.429858,41.153336],[26.429928,41.153451],[26.430041,41.153508],[26.430292,41.153629],[26.430547,41.153721],[26.43064,41.153848],[26.430718,41.153932],[26.430813,41.154018],[26.430853,41.154086],[26.430933,41.154197],[26.430973,41.154263],[26.431067,41.154381],[26.431261,41.154551],[26.431314,41.154598],[26.431398,41.15465],[26.431491,41.154735],[26.431535,41.154794],[26.431583,41.15488],[26.431642,41.154992],[26.431742,41.155173],[26.431744,41.155215],[26.431754,41.155244],[26.431786,41.155308],[26.431836,41.155381],[26.431898,41.155459],[26.431978,41.155563],[26.432089,41.15571],[26.432216,41.15586],[26.432302,41.155952],[26.432383,41.155992],[26.43262,41.156077],[26.43281,41.155798],[26.435285,41.151325]]]}},{"type":"Feature","properties":{"id":"TR-Y-22-007-K-0012","level":"yerlesim","type":"mahalle","parent_id":"TR-D-22-007","province_id":"TR-P-22","district_id":"TR-D-22-007","name":"Küpdere","source_raw_name":"Küpdere","source":"Kullanıcı tarafından sağlanan KML","source_label":"Kullanıcı tarafından sağlanan KML","source_name":"Edirne Mahalle KML - kullanıcı tarafından sağlandı"},"geometry":{"type":"Polygon","coordinates":[[[26.480017,41.24545],[26.480105,41.245417],[26.480242,41.24545],[26.480553,41.24538],[26.480894,41.245286],[26.48185,41.245018],[26.482511,41.244828],[26.483196,41.244633],[26.483812,41.244456],[26.484538,41.243975],[26.484855,41.243751],[26.484884,41.243781],[26.484893,41.243778],[26.485082,41.243958],[26.485511,41.244368],[26.485583,41.244448],[26.485979,41.244474],[26.486011,41.2445],[26.486027,41.2445],[26.486181,41.244648],[26.486452,41.244722],[26.486466,41.244744],[26.486489,41.244745],[26.486554,41.244835],[26.486627,41.245086],[26.48667,41.245223],[26.486706,41.245432],[26.486749,41.245519],[26.486792,41.24547],[26.487358,41.244863],[26.488133,41.244013],[26.488732,41.24336],[26.48913,41.242909],[26.489391,41.242617],[26.489451,41.242545],[26.48945,41.242498],[26.48939,41.242365],[26.48935,41.242267],[26.489301,41.242143],[26.489273,41.242064],[26.489263,41.242028],[26.489222,41.241868],[26.489204,41.241826],[26.489175,41.24176],[26.489144,41.24171],[26.489159,41.241642],[26.489438,41.241635],[26.490042,41.241598],[26.490985,41.241506],[26.491313,41.241481],[26.491318,41.241426],[26.491305,41.241348],[26.491293,41.241217],[26.491285,41.241162],[26.491244,41.240988],[26.491218,41.240852],[26.491176,41.240735],[26.491145,41.240613],[26.491106,41.240464],[26.491086,41.240401],[26.491023,41.240314],[26.490939,41.240198],[26.490916,41.240118],[26.490902,41.240099],[26.490839,41.24002],[26.490775,41.239885],[26.49073,41.239796],[26.49072,41.239742],[26.490677,41.239592],[26.490621,41.239443],[26.490617,41.239361],[26.490599,41.239286],[26.490581,41.239219],[26.490552,41.239189],[26.490543,41.239151],[26.490508,41.239069],[26.490412,41.238881],[26.490341,41.238722],[26.490246,41.238508],[26.490156,41.238329],[26.490082,41.238193],[26.48999,41.238013],[26.489961,41.237974],[26.489846,41.237799],[26.489754,41.237659],[26.489681,41.237544],[26.48971,41.237507],[26.489892,41.237478],[26.490291,41.237405],[26.49049,41.237418],[26.490609,41.237432],[26.49065,41.237402],[26.490676,41.237315],[26.490653,41.237231],[26.490629,41.237139],[26.490587,41.23704],[26.490514,41.236888],[26.490507,41.236821],[26.490524,41.23678],[26.490463,41.236633],[26.490552,41.236567],[26.490539,41.236447],[26.490499,41.236307],[26.490513,41.236164],[26.490575,41.23604],[26.490576,41.235948],[26.490563,41.23574],[26.490273,41.235728],[26.490274,41.235705],[26.490233,41.235702],[26.490236,41.235533],[26.490266,41.235196],[26.49026,41.235133],[26.490266,41.235024],[26.490272,41.234834],[26.490264,41.23481],[26.490341,41.234767],[26.490497,41.234475],[26.49059,41.234287],[26.490646,41.234116],[26.490681,41.23377],[26.490691,41.233525],[26.490653,41.233378],[26.49044,41.23341],[26.48996,41.233489],[26.489455,41.233582],[26.489155,41.23364],[26.489031,41.233662],[26.489037,41.233631],[26.488992,41.23364],[26.489066,41.233276],[26.489135,41.233099],[26.48918,41.232994],[26.488873,41.232964],[26.488689,41.232948],[26.488603,41.232944],[26.488483,41.23294],[26.488272,41.232839],[26.48796,41.232681],[26.487754,41.232589],[26.487596,41.232519],[26.487468,41.232451],[26.487321,41.232375],[26.487203,41.232318],[26.487116,41.232277],[26.487013,41.23223],[26.487001,41.232214],[26.486975,41.232204],[26.486882,41.232265],[26.486699,41.232358],[26.486621,41.232404],[26.486443,41.232458],[26.486417,41.232459],[26.486387,41.23247],[26.486344,41.232465],[26.486313,41.232473],[26.486166,41.232486],[26.485937,41.232431],[26.485622,41.232313],[26.485421,41.232245],[26.485347,41.232199],[26.485231,41.232131],[26.485159,41.232092],[26.485156,41.232085],[26.48502,41.231877],[26.485019,41.231802],[26.485041,41.231622],[26.485073,41.231324],[26.485077,41.231251],[26.484857,41.231079],[26.48452,41.230819],[26.484253,41.230612],[26.483984,41.230404],[26.483718,41.230201],[26.483405,41.22996],[26.483143,41.229758],[26.482785,41.229483],[26.482523,41.229282],[26.482165,41.229009],[26.481803,41.228732],[26.481557,41.228543],[26.48125,41.228309],[26.48107,41.228172],[26.48102,41.228131],[26.480945,41.22812],[26.480843,41.227753],[26.480782,41.227654],[26.480725,41.227567],[26.480656,41.227589],[26.480535,41.227609],[26.480368,41.227522],[26.480247,41.227506],[26.480219,41.227511],[26.480115,41.227531],[26.479995,41.22755],[26.47998,41.227548],[26.479971,41.227523],[26.479945,41.227527],[26.479784,41.227199],[26.479732,41.227093],[26.479681,41.226994],[26.479518,41.226991],[26.479481,41.226988],[26.479453,41.226978],[26.479455,41.226963],[26.479413,41.226955],[26.479426,41.22678],[26.479093,41.22674],[26.478984,41.226728],[26.478944,41.226834],[26.478802,41.226933],[26.478776,41.227007],[26.478789,41.227122],[26.478665,41.227121],[26.478587,41.227117],[26.478587,41.227155],[26.478594,41.227591],[26.478473,41.227605],[26.478216,41.227634],[26.478112,41.227648],[26.478115,41.227656],[26.478139,41.227691],[26.47818,41.227728],[26.478276,41.227817],[26.478244,41.22784],[26.478267,41.227866],[26.47822,41.227875],[26.478203,41.227923],[26.478143,41.227954],[26.47808,41.22799],[26.478027,41.228028],[26.477976,41.228063],[26.477924,41.228087],[26.477792,41.228133],[26.477585,41.228172],[26.477571,41.228171],[26.477559,41.228178],[26.477547,41.228172],[26.477465,41.228175],[26.477335,41.228088],[26.477329,41.22808],[26.477239,41.227968],[26.477197,41.227897],[26.477184,41.227878],[26.47706,41.227721],[26.477046,41.227684],[26.47698,41.227531],[26.476919,41.227391],[26.476828,41.227233],[26.47674,41.227036],[26.476683,41.226901],[26.476296,41.226901],[26.475993,41.226897],[26.475979,41.226873],[26.475953,41.226875],[26.475877,41.226828],[26.475823,41.226676],[26.475778,41.226546],[26.47577,41.226505],[26.475753,41.226455],[26.475703,41.226288],[26.475672,41.226207],[26.475665,41.226182],[26.475602,41.225867],[26.475537,41.22557],[26.475468,41.225265],[26.475376,41.225072],[26.475198,41.22476],[26.475109,41.224609],[26.475063,41.224537],[26.474966,41.224376],[26.474909,41.224272],[26.474882,41.224214],[26.47485,41.224124],[26.474806,41.224022],[26.474801,41.223999],[26.474779,41.223861],[26.474714,41.22376],[26.47467,41.223694],[26.474597,41.223611],[26.474561,41.22357],[26.474522,41.223535],[26.47444,41.223469],[26.474359,41.223431],[26.474202,41.223361],[26.474082,41.223318],[26.473898,41.223249],[26.473736,41.223193],[26.473684,41.223167],[26.473542,41.223101],[26.473413,41.223029],[26.473215,41.222912],[26.473139,41.222865],[26.472961,41.222689],[26.472873,41.222595],[26.472809,41.222527],[26.472796,41.222503],[26.472724,41.22237],[26.472696,41.222277],[26.472618,41.222206],[26.472483,41.222061],[26.472442,41.222],[26.472248,41.221773],[26.472048,41.221546],[26.471967,41.221483],[26.471899,41.221418],[26.471821,41.221354],[26.471739,41.221284],[26.471696,41.221249],[26.471588,41.221194],[26.471485,41.221153],[26.471261,41.221092],[26.471086,41.221036],[26.470968,41.220993],[26.470967,41.220982],[26.470927,41.220972],[26.470964,41.220794],[26.470982,41.220704],[26.470812,41.220608],[26.470787,41.220589],[26.470685,41.220498],[26.470615,41.220439],[26.470518,41.220274],[26.470388,41.220285],[26.47028,41.220283],[26.470117,41.220274],[26.469985,41.220274],[26.46995,41.220267],[26.469968,41.220245],[26.469908,41.220245],[26.469861,41.220232],[26.469851,41.220145],[26.469886,41.22002],[26.469811,41.219942],[26.469618,41.219881],[26.469781,41.219869],[26.469883,41.21989],[26.469991,41.219974],[26.470036,41.219817],[26.470155,41.219484],[26.47016,41.219437],[26.470187,41.219246],[26.469805,41.219193],[26.469488,41.219166],[26.469407,41.219156],[26.469407,41.219163],[26.469353,41.219222],[26.469109,41.219374],[26.46908,41.219351],[26.469075,41.219356],[26.468786,41.219298],[26.468699,41.219163],[26.468672,41.219036],[26.468745,41.218984],[26.468748,41.218884],[26.468742,41.218811],[26.468684,41.218753],[26.468695,41.218636],[26.468225,41.218622],[26.467984,41.218612],[26.467768,41.218608],[26.467555,41.218605],[26.46732,41.218592],[26.467236,41.218588],[26.467147,41.218671],[26.466852,41.218689],[26.466798,41.218691],[26.466794,41.218663],[26.46676,41.218668],[26.46674,41.218553],[26.466724,41.218457],[26.466731,41.218317],[26.466739,41.218151],[26.466747,41.218127],[26.466818,41.217913],[26.466834,41.217708],[26.466836,41.217664],[26.466842,41.217559],[26.466841,41.21755],[26.466828,41.217448],[26.466777,41.217383],[26.466754,41.217353],[26.466708,41.217321],[26.466694,41.217312],[26.466688,41.217307],[26.466644,41.217287],[26.466605,41.217267],[26.466583,41.217256],[26.466573,41.217246],[26.466543,41.217231],[26.466505,41.217187],[26.466454,41.217128],[26.466438,41.21711],[26.466413,41.217095],[26.466361,41.217065],[26.466149,41.217045],[26.466065,41.217035],[26.465977,41.217022],[26.465916,41.216992],[26.46591,41.216983],[26.465878,41.216967],[26.465857,41.216941],[26.465817,41.216891],[26.465775,41.216861],[26.465746,41.216843],[26.465743,41.216838],[26.465733,41.216837],[26.465594,41.216808],[26.465448,41.216833],[26.465416,41.216806],[26.465102,41.216866],[26.464998,41.216892],[26.464993,41.216885],[26.46486,41.21678],[26.464729,41.216767],[26.46453,41.216597],[26.464445,41.216552],[26.464456,41.216469],[26.464571,41.216413],[26.464815,41.216378],[26.464908,41.216311],[26.464905,41.216304],[26.464831,41.216187],[26.464719,41.216094],[26.464552,41.216045],[26.464564,41.21612],[26.464483,41.216206],[26.46443,41.216217],[26.464189,41.216169],[26.464083,41.216145],[26.463917,41.216188],[26.46389,41.216199],[26.463779,41.216244],[26.463712,41.216275],[26.463616,41.216284],[26.463516,41.216295],[26.463433,41.21631],[26.46331,41.216334],[26.463265,41.216342],[26.46318,41.216358],[26.463161,41.216358],[26.463062,41.216351],[26.463002,41.216377],[26.462879,41.216423],[26.462846,41.216439],[26.462841,41.216436],[26.462824,41.216418],[26.462338,41.21639],[26.461992,41.216371],[26.461705,41.216354],[26.461498,41.216342],[26.46145,41.216337],[26.461388,41.216312],[26.46125,41.216261],[26.460959,41.216147],[26.460763,41.216071],[26.460614,41.216016],[26.460332,41.215905],[26.460241,41.215871],[26.460127,41.215901],[26.45987,41.215976],[26.45971,41.216023],[26.459616,41.21605],[26.45954,41.216075],[26.459456,41.216102],[26.459388,41.216124],[26.459346,41.216137],[26.459311,41.21611],[26.459307,41.216112],[26.459268,41.216083],[26.459226,41.216051],[26.459176,41.216012],[26.45908,41.215938],[26.459036,41.215903],[26.45899,41.215873],[26.458954,41.215848],[26.458903,41.215812],[26.458876,41.215793],[26.45884,41.215769],[26.4588,41.215742],[26.458755,41.215712],[26.458739,41.2157],[26.458718,41.215689],[26.458692,41.215674],[26.458598,41.215622],[26.458487,41.215559],[26.458425,41.215524],[26.458367,41.215494],[26.458339,41.215485],[26.458332,41.215491],[26.458045,41.215797],[26.457929,41.215768],[26.45784,41.215765],[26.45776,41.215762],[26.457702,41.215744],[26.457699,41.215733],[26.457671,41.215724],[26.457629,41.215663],[26.457128,41.215648],[26.457007,41.215638],[26.457014,41.215616],[26.456966,41.215616],[26.457081,41.215223],[26.456438,41.215107],[26.45643,41.215095],[26.456406,41.215086],[26.456368,41.215028],[26.456366,41.215016],[26.456357,41.214729],[26.456348,41.214486],[26.455812,41.214266],[26.45523,41.214052],[26.454863,41.21391],[26.454167,41.213654],[26.453782,41.21351],[26.453389,41.213369],[26.452823,41.213167],[26.452121,41.212916],[26.45183,41.212804],[26.451425,41.212652],[26.451059,41.212512],[26.450968,41.212488],[26.450453,41.212294],[26.450197,41.212192],[26.449884,41.212078],[26.44943,41.211911],[26.449245,41.211834],[26.448904,41.211711],[26.448514,41.211563],[26.448216,41.211452],[26.447902,41.211342],[26.447579,41.211227],[26.447311,41.211131],[26.44689,41.210971],[26.446702,41.210899],[26.446372,41.210782],[26.445856,41.210587],[26.445572,41.210486],[26.445475,41.210445],[26.445175,41.210623],[26.444993,41.210832],[26.444779,41.210948],[26.444619,41.211018],[26.444523,41.211066],[26.444515,41.211261],[26.444553,41.211412],[26.444529,41.211552],[26.444428,41.211666],[26.444366,41.211706],[26.444299,41.211749],[26.444268,41.2118],[26.444425,41.211883],[26.444463,41.211916],[26.444524,41.211965],[26.444485,41.212041],[26.444229,41.212087],[26.444052,41.212324],[26.443897,41.212696],[26.443912,41.212882],[26.444011,41.213066],[26.444221,41.213032],[26.444317,41.213105],[26.444325,41.213256],[26.444441,41.21334],[26.4445,41.213425],[26.444377,41.21364],[26.444339,41.213794],[26.444246,41.213878],[26.444081,41.213951],[26.444089,41.214005],[26.444253,41.213961],[26.444398,41.214034],[26.444462,41.214155],[26.444482,41.214237],[26.444256,41.214382],[26.44431,41.214528],[26.444281,41.214665],[26.444153,41.214752],[26.443947,41.214887],[26.443824,41.215049],[26.443813,41.215213],[26.443845,41.21533],[26.443783,41.21548],[26.443716,41.215772],[26.443688,41.215904],[26.443716,41.216156],[26.443643,41.21645],[26.443452,41.2168],[26.44326,41.216952],[26.443143,41.217039],[26.443105,41.217083],[26.442989,41.217219],[26.442861,41.217363],[26.442822,41.217434],[26.442787,41.2175],[26.442711,41.217637],[26.4427,41.217671],[26.442634,41.217909],[26.442596,41.21803],[26.442583,41.218105],[26.442566,41.218253],[26.442557,41.218304],[26.442561,41.218352],[26.442592,41.218603],[26.442552,41.21874],[26.442287,41.219003],[26.442211,41.219089],[26.442112,41.219342],[26.442188,41.219488],[26.442077,41.219639],[26.441987,41.219663],[26.441862,41.219622],[26.441843,41.219645],[26.441843,41.219672],[26.441835,41.219684],[26.441873,41.219736],[26.441893,41.219779],[26.441738,41.22015],[26.441404,41.220365],[26.441232,41.220429],[26.441191,41.220443],[26.441144,41.22047],[26.440865,41.220586],[26.440699,41.220651],[26.44049,41.2208],[26.440335,41.220848],[26.440036,41.221058],[26.439883,41.22119],[26.439842,41.221193],[26.439491,41.221458],[26.439418,41.221545],[26.439365,41.2216],[26.439203,41.221804],[26.439039,41.222358],[26.439091,41.222471],[26.439109,41.222684],[26.439136,41.222954],[26.439138,41.222999],[26.438897,41.222999],[26.438919,41.223179],[26.43892,41.223237],[26.438913,41.223252],[26.438377,41.223257],[26.438093,41.22326],[26.437918,41.223239],[26.437691,41.223193],[26.437568,41.223178],[26.43746,41.223176],[26.437192,41.223173],[26.436639,41.223164],[26.43647,41.223156],[26.436205,41.223124],[26.435942,41.223045],[26.43579,41.223043],[26.435947,41.223196],[26.436117,41.223392],[26.436324,41.223668],[26.436649,41.224127],[26.437001,41.224589],[26.437361,41.225108],[26.437657,41.22547],[26.437878,41.225694],[26.438186,41.226001],[26.438528,41.22632],[26.438933,41.226706],[26.439306,41.227025],[26.440023,41.227706],[26.440683,41.228412],[26.441583,41.22948],[26.442558,41.230657],[26.443413,41.231659],[26.44411,41.2325],[26.444755,41.233266],[26.445182,41.233769],[26.445932,41.234638],[26.446618,41.235476],[26.446866,41.235754],[26.447115,41.23606],[26.447193,41.236151],[26.447425,41.236423],[26.4499,41.23753],[26.450239,41.237772],[26.450956,41.238282],[26.451218,41.238471],[26.45166,41.238786],[26.451798,41.23889],[26.452388,41.238999],[26.453382,41.23919],[26.454081,41.239318],[26.454393,41.239375],[26.454454,41.239337],[26.454533,41.239296],[26.454616,41.239287],[26.454678,41.239302],[26.454734,41.239327],[26.454855,41.239345],[26.454943,41.239312],[26.455053,41.239318],[26.455071,41.239365],[26.455139,41.239383],[26.455249,41.239333],[26.455366,41.239307],[26.455414,41.239286],[26.455538,41.239272],[26.455668,41.239301],[26.455712,41.239366],[26.455858,41.239353],[26.455925,41.239369],[26.455962,41.239374],[26.455998,41.239351],[26.456068,41.239356],[26.456116,41.239398],[26.456245,41.239417],[26.456346,41.239395],[26.456448,41.239331],[26.456498,41.23921],[26.456508,41.239159],[26.456502,41.239092],[26.45647,41.239047],[26.456487,41.238999],[26.456556,41.238975],[26.456559,41.238937],[26.45648,41.238852],[26.456483,41.238766],[26.456463,41.238739],[26.456435,41.238734],[26.45637,41.23873],[26.456301,41.238669],[26.456174,41.23867],[26.456173,41.23867],[26.456137,41.238645],[26.456138,41.238637],[26.4563,41.238506],[26.45637,41.238518],[26.456425,41.238541],[26.456507,41.238597],[26.456562,41.238651],[26.456696,41.238795],[26.456781,41.238879],[26.456919,41.239007],[26.457036,41.2391],[26.457078,41.239164],[26.457152,41.239258],[26.457196,41.239271],[26.45728,41.239282],[26.457301,41.239265],[26.457344,41.239262],[26.457495,41.239242],[26.457578,41.239249],[26.457602,41.239275],[26.457622,41.239258],[26.45763,41.239288],[26.457667,41.239331],[26.457714,41.239356],[26.457795,41.239373],[26.457898,41.239382],[26.457991,41.239368],[26.458048,41.239353],[26.458091,41.239341],[26.458097,41.239342],[26.458153,41.239417],[26.458209,41.239466],[26.458273,41.239501],[26.4584,41.239528],[26.4584,41.239528],[26.458512,41.239526],[26.458513,41.239526],[26.458636,41.239606],[26.458724,41.239606],[26.458788,41.239735],[26.458747,41.239772],[26.458748,41.239794],[26.458782,41.239836],[26.458774,41.239912],[26.458694,41.239996],[26.458628,41.240032],[26.458565,41.240074],[26.458541,41.240087],[26.458468,41.240136],[26.458369,41.240221],[26.458279,41.240329],[26.458086,41.240465],[26.458004,41.24055],[26.45792,41.240688],[26.457833,41.240748],[26.457809,41.240789],[26.457754,41.24088],[26.457755,41.240917],[26.457733,41.241033],[26.45773,41.241118],[26.457728,41.241214],[26.458665,41.241476],[26.459297,41.241646],[26.459868,41.241808],[26.460719,41.242041],[26.461066,41.242138],[26.461447,41.242094],[26.462233,41.242015],[26.46286,41.241946],[26.46355,41.241878],[26.463865,41.241844],[26.464771,41.241745],[26.465467,41.241669],[26.466379,41.241567],[26.467017,41.241497],[26.467083,41.241486],[26.467247,41.241457],[26.46733,41.241497],[26.468004,41.241815],[26.468586,41.242089],[26.469067,41.242318],[26.469547,41.242552],[26.469941,41.242741],[26.470482,41.242999],[26.470782,41.243148],[26.471176,41.243332],[26.471878,41.243669],[26.472352,41.243889],[26.473033,41.244209],[26.473445,41.244401],[26.473799,41.244578],[26.47447,41.244754],[26.475343,41.244989],[26.475954,41.245155],[26.477122,41.24547],[26.477953,41.245689],[26.478253,41.245776],[26.478431,41.245764],[26.479024,41.245657],[26.479522,41.245568],[26.479852,41.245511],[26.479911,41.24549],[26.480017,41.24545]]]}},{"type":"Feature","properties":{"id":"TR-Y-22-007-K-0013","level":"yerlesim","type":"mahalle","parent_id":"TR-D-22-007","province_id":"TR-P-22","district_id":"TR-D-22-007","name":"Nasuhbey","source_raw_name":"Nasuhbey","source":"Kullanıcı tarafından sağlanan KML","source_label":"Kullanıcı tarafından sağlanan KML","source_name":"Edirne Mahalle KML - kullanıcı tarafından sağlandı"},"geometry":{"type":"Polygon","coordinates":[[[26.334062,41.243705],[26.334646,41.243659],[26.334703,41.243648],[26.33501,41.243579],[26.335415,41.243479],[26.335501,41.243456],[26.335712,41.24337],[26.335466,41.243156],[26.335249,41.242964],[26.335228,41.242584],[26.335203,41.242174],[26.335144,41.242132],[26.335142,41.242007],[26.335104,41.241472],[26.33506,41.240967],[26.335054,41.240887],[26.335047,41.240714],[26.335028,41.240404],[26.334986,41.239738],[26.334957,41.239287],[26.334919,41.238879],[26.334885,41.238478],[26.334877,41.238419],[26.334834,41.238219],[26.334763,41.237882],[26.334874,41.237874],[26.335085,41.237846],[26.33519,41.237809],[26.335283,41.237787],[26.335374,41.237771],[26.335624,41.237769],[26.336008,41.237764],[26.336507,41.237758],[26.337019,41.237748],[26.337276,41.237741],[26.337997,41.237727],[26.338007,41.237783],[26.33862,41.237767],[26.338633,41.237476],[26.338633,41.237466],[26.338663,41.237446],[26.338663,41.237421],[26.338771,41.237257],[26.339106,41.236741],[26.339316,41.236733],[26.339296,41.236472],[26.33961,41.236449],[26.340297,41.236403],[26.340397,41.236395],[26.34031,41.235658],[26.34058,41.235614],[26.340734,41.235591],[26.340726,41.235757],[26.341089,41.235731],[26.341066,41.23552],[26.340967,41.234837],[26.340933,41.234527],[26.340953,41.234505],[26.341026,41.234495],[26.341214,41.234475],[26.341268,41.234461],[26.341396,41.234439],[26.341558,41.234373],[26.341797,41.234286],[26.342018,41.234202],[26.342226,41.23411],[26.342474,41.234],[26.342644,41.233937],[26.342811,41.233884],[26.343009,41.233828],[26.343042,41.233823],[26.343184,41.23382],[26.343405,41.233834],[26.343653,41.233851],[26.343837,41.233855],[26.344063,41.233855],[26.34467,41.233858],[26.344675,41.233756],[26.344675,41.232919],[26.34468,41.232709],[26.344678,41.232669],[26.344801,41.232667],[26.344798,41.232553],[26.344791,41.232424],[26.34478,41.232317],[26.344733,41.231713],[26.344899,41.231703],[26.345205,41.231691],[26.345327,41.231682],[26.345563,41.231659],[26.345787,41.231636],[26.346058,41.2316],[26.346193,41.231579],[26.346492,41.231542],[26.346863,41.231495],[26.347179,41.231457],[26.347521,41.231411],[26.348022,41.231352],[26.348328,41.231314],[26.348453,41.231282],[26.348589,41.231257],[26.348787,41.231227],[26.34909,41.231198],[26.34953,41.231158],[26.349818,41.23114],[26.351041,41.23105],[26.351269,41.231772],[26.351593,41.231754],[26.351656,41.231749],[26.351686,41.231748],[26.351782,41.231748],[26.35191,41.23174],[26.351998,41.231729],[26.352241,41.231702],[26.352413,41.231687],[26.352618,41.231664],[26.352943,41.231626],[26.353334,41.231601],[26.353351,41.231716],[26.353457,41.231717],[26.353847,41.231703],[26.354147,41.231681],[26.35473,41.231632],[26.355003,41.231609],[26.355001,41.231467],[26.355,41.231186],[26.355119,41.231177],[26.355355,41.231164],[26.355524,41.231158],[26.355632,41.231175],[26.355594,41.23086],[26.355801,41.230854],[26.356101,41.230851],[26.356462,41.230816],[26.356803,41.230761],[26.356837,41.230659],[26.357068,41.230663],[26.357348,41.230671],[26.357555,41.230676],[26.35758,41.230677],[26.357647,41.23068],[26.358011,41.230717],[26.358413,41.230764],[26.358467,41.230762],[26.358681,41.230773],[26.359145,41.230867],[26.359401,41.230796],[26.359818,41.230787],[26.360258,41.230781],[26.360593,41.230776],[26.360648,41.230615],[26.360813,41.230636],[26.361311,41.230718],[26.36176,41.23079],[26.361876,41.230794],[26.36209,41.230803],[26.362476,41.230826],[26.36252,41.230618],[26.362654,41.23064],[26.362817,41.230648],[26.363089,41.230663],[26.36347,41.230682],[26.363583,41.230689],[26.363769,41.230677],[26.363837,41.230674],[26.364008,41.230651],[26.364241,41.230612],[26.364535,41.230566],[26.3648,41.230523],[26.364871,41.230516],[26.364979,41.230503],[26.365153,41.230493],[26.365462,41.230473],[26.365581,41.230467],[26.365582,41.230575],[26.365575,41.230881],[26.365671,41.230886],[26.36603,41.230924],[26.366028,41.231007],[26.36601,41.23147],[26.366001,41.231716],[26.366056,41.231722],[26.36672,41.231769],[26.366711,41.231844],[26.366974,41.23188],[26.367501,41.231959],[26.367966,41.231987],[26.36841,41.232013],[26.36871,41.232028],[26.36894,41.231912],[26.369228,41.23186],[26.369651,41.231787],[26.370233,41.231679],[26.370755,41.231574],[26.371754,41.231384],[26.372603,41.231213],[26.373248,41.231096],[26.373824,41.230985],[26.374489,41.23086],[26.375329,41.230688],[26.37642,41.230459],[26.376717,41.230398],[26.376781,41.230389],[26.377017,41.230354],[26.377541,41.230266],[26.377963,41.230196],[26.378345,41.230135],[26.378731,41.230079],[26.379189,41.229916],[26.37944,41.229823],[26.379708,41.229731],[26.380008,41.229631],[26.380106,41.229596],[26.380337,41.229538],[26.380454,41.229504],[26.380774,41.229412],[26.381106,41.22931],[26.381508,41.229195],[26.381849,41.229092],[26.382155,41.229008],[26.382258,41.228981],[26.38236,41.228981],[26.382824,41.228968],[26.383258,41.228958],[26.383902,41.228938],[26.384717,41.228921],[26.384814,41.228918],[26.384932,41.228984],[26.385125,41.229081],[26.385246,41.229141],[26.384697,41.228851],[26.383823,41.228341],[26.383583,41.228208],[26.383379,41.228096],[26.383362,41.228062],[26.383316,41.227797],[26.383223,41.227201],[26.383156,41.226874],[26.383086,41.226438],[26.38305,41.226305],[26.383023,41.22617],[26.382985,41.226044],[26.382981,41.225954],[26.382951,41.225686],[26.38292,41.225429],[26.382869,41.224944],[26.382816,41.224382],[26.382623,41.224268],[26.382315,41.22407],[26.382058,41.223916],[26.381809,41.223763],[26.381632,41.223651],[26.381485,41.223552],[26.381024,41.223261],[26.380857,41.223158],[26.380727,41.223067],[26.380682,41.223071],[26.380533,41.223065],[26.380198,41.223029],[26.379326,41.222945],[26.378677,41.222865],[26.378287,41.222789],[26.377524,41.22265],[26.376842,41.222517],[26.376448,41.222444],[26.375586,41.222279],[26.375443,41.222269],[26.374918,41.222254],[26.374265,41.222261],[26.374233,41.222267],[26.374084,41.222254],[26.373753,41.222242],[26.373363,41.222229],[26.373193,41.222227],[26.372991,41.22222],[26.372889,41.222216],[26.372734,41.222229],[26.372544,41.222121],[26.3725,41.222084],[26.37246,41.222027],[26.372417,41.221976],[26.37235,41.22186],[26.372306,41.221772],[26.37227,41.221584],[26.372262,41.221544],[26.372144,41.221338],[26.372121,41.221272],[26.37207,41.221216],[26.371893,41.221087],[26.371863,41.221051],[26.371802,41.220973],[26.37172,41.220826],[26.37172,41.220611],[26.371686,41.220544],[26.371619,41.220413],[26.371644,41.220211],[26.371625,41.220141],[26.371558,41.21997],[26.371552,41.219939],[26.371453,41.219774],[26.37145,41.219756],[26.371335,41.219703],[26.371242,41.219598],[26.371181,41.219513],[26.371025,41.219281],[26.370985,41.219185],[26.370787,41.218913],[26.370751,41.218797],[26.370745,41.218757],[26.370688,41.218675],[26.370646,41.218624],[26.370418,41.218546],[26.370307,41.218422],[26.370237,41.218353],[26.37021,41.218235],[26.37019,41.218182],[26.37017,41.218136],[26.370098,41.218075],[26.370086,41.218061],[26.369984,41.218042],[26.369809,41.217961],[26.369611,41.217874],[26.369571,41.21785],[26.369468,41.217678],[26.369287,41.217556],[26.369252,41.217518],[26.369189,41.217431],[26.369107,41.217263],[26.369054,41.217207],[26.368965,41.217102],[26.368862,41.216936],[26.368805,41.216852],[26.368777,41.216721],[26.368748,41.216596],[26.368679,41.216467],[26.368598,41.216336],[26.368551,41.216245],[26.368477,41.216114],[26.368352,41.215899],[26.368318,41.215622],[26.368282,41.215506],[26.368126,41.215159],[26.36809,41.214934],[26.368085,41.214867],[26.368033,41.214678],[26.367972,41.214414],[26.367942,41.214245],[26.367855,41.214113],[26.367706,41.21388],[26.367605,41.21366],[26.367581,41.21358],[26.367548,41.213452],[26.36751,41.213386],[26.367476,41.21335],[26.36734,41.213217],[26.367223,41.213019],[26.366753,41.21255],[26.366454,41.212285],[26.366313,41.212205],[26.366232,41.21215],[26.366118,41.212103],[26.366057,41.212069],[26.365924,41.212036],[26.365679,41.211947],[26.365627,41.21192],[26.365734,41.211854],[26.365366,41.211761],[26.365187,41.211704],[26.364856,41.211568],[26.364704,41.211537],[26.364528,41.211485],[26.364273,41.211449],[26.3639,41.211445],[26.363676,41.211369],[26.363564,41.211314],[26.3635,41.211226],[26.363357,41.211114],[26.363243,41.210862],[26.362989,41.210602],[26.36276,41.2104],[26.362636,41.210291],[26.362568,41.210205],[26.362556,41.210173],[26.362402,41.210054],[26.361824,41.209555],[26.361691,41.209407],[26.361655,41.209362],[26.361615,41.209322],[26.361405,41.209138],[26.361347,41.209104],[26.361032,41.208967],[26.360887,41.208908],[26.360782,41.208854],[26.360675,41.20878],[26.360537,41.208666],[26.36045,41.208592],[26.360377,41.208553],[26.360136,41.208414],[26.360053,41.208366],[26.359948,41.208274],[26.359807,41.208108],[26.359707,41.208015],[26.35959,41.207956],[26.359421,41.207922],[26.35923,41.207868],[26.359101,41.207817],[26.358775,41.207723],[26.358601,41.207665],[26.358521,41.207587],[26.358447,41.207525],[26.35839,41.207449],[26.358119,41.207272],[26.358009,41.207159],[26.357968,41.207096],[26.357933,41.207032],[26.357922,41.206934],[26.357927,41.206904],[26.357843,41.206789],[26.357723,41.20675],[26.357683,41.206732],[26.357631,41.206703],[26.357389,41.206447],[26.357209,41.206339],[26.357097,41.206319],[26.356806,41.206194],[26.356652,41.206109],[26.356382,41.205964],[26.356277,41.205903],[26.356178,41.205867],[26.355715,41.20567],[26.355469,41.205548],[26.355099,41.205394],[26.354882,41.205321],[26.354642,41.205221],[26.354388,41.205114],[26.354325,41.205098],[26.354266,41.205088],[26.354193,41.205111],[26.354083,41.205114],[26.353876,41.205017],[26.353689,41.20489],[26.353576,41.20484],[26.353544,41.204825],[26.353422,41.20474],[26.35327,41.2047],[26.353204,41.204705],[26.352952,41.204603],[26.352731,41.204551],[26.352578,41.204513],[26.352391,41.204464],[26.352336,41.204455],[26.352254,41.204437],[26.352122,41.204397],[26.35191,41.20433],[26.351748,41.204266],[26.351656,41.204234],[26.351493,41.204158],[26.351328,41.204056],[26.351222,41.204004],[26.351005,41.203907],[26.3509,41.203852],[26.350917,41.203358],[26.350905,41.203147],[26.350894,41.202999],[26.350591,41.202972],[26.350133,41.202927],[26.34992,41.202912],[26.349496,41.202832],[26.349473,41.202675],[26.349434,41.202469],[26.3494,41.202268],[26.349336,41.20219],[26.349262,41.202075],[26.349175,41.201956],[26.349007,41.201685],[26.348863,41.201485],[26.34872,41.201298],[26.348362,41.201417],[26.347803,41.201268],[26.347443,41.2014],[26.347355,41.201434],[26.347197,41.201479],[26.347168,41.201417],[26.347128,41.201363],[26.347041,41.201264],[26.346945,41.201178],[26.346651,41.20094],[26.346361,41.20069],[26.34594,41.200337],[26.345803,41.200215],[26.345738,41.200108],[26.34564,41.200148],[26.34548,41.200227],[26.345366,41.20028],[26.345299,41.200312],[26.345238,41.200353],[26.345165,41.200402],[26.345072,41.200551],[26.344987,41.200745],[26.344958,41.200778],[26.34458,41.20085],[26.344268,41.200893],[26.344174,41.200906],[26.344019,41.200915],[26.34363,41.200935],[26.342995,41.200952],[26.342951,41.200952],[26.34272,41.200982],[26.342089,41.201051],[26.342034,41.201051],[26.34187,41.201092],[26.341722,41.201124],[26.341562,41.201174],[26.341328,41.20125],[26.341063,41.20133],[26.341003,41.201349],[26.340814,41.201395],[26.340623,41.201427],[26.340522,41.201442],[26.340169,41.201473],[26.339819,41.201506],[26.339427,41.201617],[26.338966,41.201745],[26.338305,41.201907],[26.337909,41.202006],[26.337778,41.202033],[26.337341,41.202099],[26.337246,41.202115],[26.336881,41.202146],[26.336342,41.202196],[26.336119,41.202217],[26.335433,41.202278],[26.335096,41.20233],[26.334923,41.202389],[26.334537,41.202552],[26.334402,41.202615],[26.334243,41.202696],[26.334038,41.202805],[26.333959,41.202854],[26.333716,41.203063],[26.333455,41.203314],[26.333339,41.203423],[26.333086,41.203623],[26.332815,41.203845],[26.332457,41.204109],[26.331802,41.203507],[26.331674,41.203395],[26.331576,41.203303],[26.331465,41.203175],[26.33134,41.203016],[26.33113,41.20276],[26.330926,41.202508],[26.330755,41.202302],[26.330544,41.202014],[26.330338,41.201722],[26.33025,41.201664],[26.330148,41.201647],[26.329951,41.201653],[26.329571,41.201665],[26.328687,41.201737],[26.32795,41.202093],[26.327898,41.202317],[26.327702,41.202304],[26.327455,41.202272],[26.326526,41.202156],[26.325296,41.202004],[26.324215,41.201871],[26.324094,41.202214],[26.323931,41.202686],[26.323878,41.202855],[26.323676,41.203214],[26.323357,41.203373],[26.323204,41.203461],[26.322931,41.203659],[26.322249,41.203829],[26.321649,41.203979],[26.32132,41.204062],[26.320912,41.204163],[26.320824,41.20419],[26.320747,41.20421],[26.321289,41.20569],[26.32259,41.208702],[26.323298,41.210535],[26.324169,41.212218],[26.324589,41.212647],[26.326807,41.214856],[26.328232,41.215764],[26.330058,41.216872],[26.330976,41.217945],[26.331268,41.219014],[26.331033,41.220263],[26.329853,41.221125],[26.328616,41.221666],[26.326688,41.22254],[26.325488,41.223356],[26.324285,41.224492],[26.323255,41.226514],[26.322271,41.227865],[26.321552,41.22902],[26.320608,41.230554],[26.319394,41.232697],[26.318342,41.234795],[26.317206,41.237197],[26.317201,41.2377],[26.317018,41.239758],[26.317188,41.240826],[26.317753,41.242827],[26.31829,41.243286],[26.318409,41.243224],[26.31861,41.243067],[26.318857,41.243046],[26.319251,41.243035],[26.319495,41.243019],[26.320172,41.242968],[26.320169,41.242705],[26.321263,41.242709],[26.321267,41.242667],[26.321347,41.242669],[26.321366,41.242635],[26.321387,41.242283],[26.321393,41.242044],[26.32166,41.241895],[26.32192,41.242003],[26.321996,41.241993],[26.32216,41.241995],[26.322499,41.242011],[26.322881,41.242022],[26.323309,41.242041],[26.323631,41.242043],[26.323985,41.242058],[26.324275,41.24207],[26.324585,41.24207],[26.324672,41.242165],[26.324819,41.242319],[26.324914,41.242433],[26.325021,41.24253],[26.325116,41.242696],[26.325217,41.242861],[26.325379,41.243071],[26.325467,41.243132],[26.325587,41.243149],[26.325673,41.243157],[26.325979,41.243166],[26.326097,41.243166],[26.326294,41.243174],[26.326471,41.243178],[26.326804,41.243187],[26.327101,41.243195],[26.327342,41.243206],[26.327721,41.243241],[26.327984,41.24325],[26.328749,41.243258],[26.328865,41.24326],[26.32905,41.243254],[26.329273,41.243244],[26.329472,41.243242],[26.329707,41.243241],[26.329889,41.243233],[26.330203,41.243252],[26.330746,41.243288],[26.331323,41.243347],[26.33153,41.243381],[26.332058,41.243461],[26.332453,41.243526],[26.332573,41.243576],[26.332722,41.243591],[26.333004,41.243657],[26.333167,41.243671],[26.333466,41.243694],[26.33359,41.243701],[26.333805,41.243697],[26.334062,41.243705]]]}},{"type":"Feature","properties":{"id":"TR-Y-22-007-K-0014","level":"yerlesim","type":"mahalle","parent_id":"TR-D-22-007","province_id":"TR-P-22","district_id":"TR-D-22-007","name":"Olacak","source_raw_name":"Olacak","source":"Kullanıcı tarafından sağlanan KML","source_label":"Kullanıcı tarafından sağlanan KML","source_name":"Edirne Mahalle KML - kullanıcı tarafından sağlandı"},"geometry":{"type":"Polygon","coordinates":[[[26.489155,41.23364],[26.489455,41.233582],[26.48996,41.233489],[26.49044,41.23341],[26.490653,41.233378],[26.490652,41.23335],[26.490662,41.233292],[26.490744,41.23326],[26.490754,41.233201],[26.490753,41.233156],[26.490759,41.233016],[26.490766,41.232876],[26.490774,41.232629],[26.490784,41.232344],[26.490788,41.232211],[26.49079,41.232168],[26.490803,41.232125],[26.490794,41.232097],[26.490808,41.231835],[26.490823,41.231438],[26.490854,41.230979],[26.490848,41.230884],[26.490865,41.230684],[26.490879,41.230113],[26.490884,41.230045],[26.490896,41.229961],[26.490875,41.229898],[26.490899,41.229613],[26.490932,41.229177],[26.490913,41.229004],[26.490913,41.228992],[26.490799,41.228954],[26.490856,41.228768],[26.490915,41.228589],[26.49113,41.22836],[26.491286,41.228214],[26.491444,41.228059],[26.491507,41.227989],[26.491539,41.227941],[26.491674,41.227816],[26.491718,41.227683],[26.491735,41.227526],[26.491743,41.227407],[26.49179,41.2273],[26.491802,41.227269],[26.491859,41.227201],[26.49188,41.227037],[26.491952,41.226988],[26.492146,41.226872],[26.492201,41.226424],[26.492262,41.226112],[26.49234,41.225779],[26.492348,41.225703],[26.492453,41.225499],[26.492439,41.225349],[26.492369,41.225168],[26.492379,41.224972],[26.49238,41.224837],[26.492422,41.224696],[26.492479,41.224519],[26.492523,41.22437],[26.49267,41.224228],[26.49263,41.224003],[26.492565,41.223858],[26.49254,41.223649],[26.492497,41.223523],[26.492462,41.22338],[26.49246,41.223072],[26.492392,41.222952],[26.492363,41.222745],[26.492358,41.222472],[26.492466,41.222054],[26.492462,41.221905],[26.492417,41.221774],[26.492415,41.221646],[26.492462,41.221496],[26.492527,41.221391],[26.492557,41.221336],[26.49259,41.221252],[26.492691,41.221115],[26.492767,41.220934],[26.492967,41.220624],[26.492957,41.220596],[26.493111,41.220221],[26.493214,41.220165],[26.493372,41.220087],[26.493555,41.219935],[26.493614,41.219887],[26.493648,41.219748],[26.493879,41.219577],[26.493888,41.219465],[26.493814,41.219282],[26.493793,41.219242],[26.493665,41.219078],[26.493734,41.218576],[26.493747,41.218365],[26.493753,41.218304],[26.493719,41.218157],[26.493709,41.218047],[26.493694,41.217917],[26.493696,41.217738],[26.493703,41.217502],[26.493768,41.217367],[26.493787,41.217331],[26.493848,41.217247],[26.494057,41.217093],[26.494177,41.217021],[26.494444,41.216844],[26.494537,41.216794],[26.494752,41.216668],[26.494815,41.216627],[26.494933,41.216533],[26.494996,41.21641],[26.495061,41.216284],[26.495131,41.21609],[26.495154,41.215865],[26.495175,41.215713],[26.495236,41.215483],[26.495276,41.215368],[26.495356,41.215222],[26.495436,41.215052],[26.495462,41.21486],[26.495339,41.214624],[26.495281,41.214481],[26.495299,41.214312],[26.49532,41.214127],[26.495413,41.213924],[26.495373,41.213901],[26.49547,41.213748],[26.495588,41.213649],[26.495706,41.213558],[26.49582,41.213495],[26.495978,41.213391],[26.496159,41.213293],[26.49618,41.213267],[26.496271,41.213168],[26.496422,41.213063],[26.496496,41.212998],[26.496631,41.212819],[26.496686,41.21269],[26.496557,41.212621],[26.496426,41.212562],[26.496424,41.212511],[26.496517,41.212366],[26.496663,41.212146],[26.496738,41.212026],[26.496835,41.211873],[26.496945,41.211706],[26.497014,41.211565],[26.497063,41.211462],[26.497088,41.211382],[26.497109,41.211253],[26.497191,41.211053],[26.49725,41.21091],[26.497273,41.210845],[26.49733,41.210568],[26.497347,41.210501],[26.497486,41.210267],[26.497539,41.210143],[26.497585,41.210073],[26.49765,41.209928],[26.497779,41.209711],[26.497986,41.209412],[26.49815,41.20922],[26.498327,41.209018],[26.4984,41.208955],[26.498422,41.208957],[26.498746,41.208881],[26.498978,41.208831],[26.49926,41.208755],[26.499397,41.208715],[26.499492,41.208681],[26.499688,41.208643],[26.499985,41.208576],[26.50029,41.208512],[26.50061,41.208437],[26.501023,41.208348],[26.50131,41.208285],[26.501698,41.208203],[26.502068,41.208123],[26.502258,41.208085],[26.502563,41.208021],[26.502861,41.207963],[26.503394,41.207842],[26.503914,41.207733],[26.503935,41.207569],[26.504047,41.206882],[26.504264,41.205622],[26.504338,41.205185],[26.504064,41.204939],[26.503676,41.204577],[26.502585,41.203591],[26.501728,41.202815],[26.501473,41.202579],[26.501305,41.202487],[26.500281,41.201806],[26.499664,41.201398],[26.498926,41.199993],[26.498317,41.198798],[26.498043,41.19825],[26.497502,41.197785],[26.496307,41.19675],[26.495743,41.196297],[26.495351,41.195916],[26.494727,41.195326],[26.494369,41.195025],[26.493474,41.194279],[26.492427,41.19394],[26.492058,41.193822],[26.491015,41.193514],[26.490615,41.193407],[26.49036,41.193289],[26.489853,41.192996],[26.489054,41.19271],[26.48739,41.19212],[26.487718,41.191408],[26.488133,41.190529],[26.487804,41.190517],[26.48733,41.190397],[26.486662,41.190471],[26.486525,41.190522],[26.486239,41.190488],[26.486022,41.19042],[26.485811,41.190454],[26.48556,41.19054],[26.485423,41.19054],[26.485257,41.190528],[26.484749,41.190568],[26.484292,41.190562],[26.484041,41.19058],[26.483715,41.190545],[26.483667,41.190537],[26.483418,41.190445],[26.483123,41.190299],[26.483004,41.190235],[26.482896,41.190194],[26.482727,41.190161],[26.482599,41.190164],[26.482496,41.190211],[26.482436,41.190235],[26.48232,41.190275],[26.482186,41.190328],[26.482118,41.190357],[26.482054,41.190407],[26.481975,41.190452],[26.481818,41.190499],[26.481774,41.190549],[26.481748,41.190599],[26.481742,41.190607],[26.481676,41.190619],[26.481603,41.190576],[26.481521,41.190569],[26.481439,41.190599],[26.481213,41.190782],[26.481123,41.190815],[26.480998,41.190806],[26.480896,41.190781],[26.480775,41.190717],[26.480679,41.190685],[26.48056,41.190675],[26.4804,41.19071],[26.480249,41.190742],[26.480067,41.190774],[26.480031,41.190758],[26.480017,41.190724],[26.479998,41.190698],[26.479961,41.190647],[26.479863,41.190622],[26.479646,41.19064],[26.479558,41.190632],[26.479526,41.19063],[26.479431,41.190608],[26.479361,41.190564],[26.47934,41.190545],[26.479256,41.190475],[26.479114,41.190405],[26.47896,41.190373],[26.478865,41.190324],[26.478772,41.19028],[26.478489,41.190281],[26.478316,41.190269],[26.478185,41.190241],[26.478099,41.190202],[26.478025,41.190169],[26.477995,41.190155],[26.477929,41.190117],[26.477907,41.190106],[26.477857,41.190068],[26.477828,41.190046],[26.477795,41.190022],[26.477751,41.189985],[26.477586,41.189888],[26.477568,41.189879],[26.477504,41.189855],[26.47743,41.189824],[26.477398,41.189812],[26.477239,41.189762],[26.477167,41.189743],[26.477117,41.189731],[26.477057,41.18973],[26.476884,41.189741],[26.47675,41.189761],[26.476735,41.189763],[26.476514,41.189796],[26.476323,41.189825],[26.476151,41.189849],[26.475974,41.189854],[26.475916,41.189851],[26.475831,41.189859],[26.475753,41.189836],[26.475686,41.189791],[26.475533,41.189695],[26.475474,41.189669],[26.475471,41.189678],[26.475298,41.189652],[26.47507,41.189615],[26.475079,41.189826],[26.47483,41.189924],[26.474457,41.190066],[26.473716,41.190574],[26.473678,41.190709],[26.473609,41.190939],[26.473574,41.191066],[26.473541,41.191179],[26.473509,41.191366],[26.473377,41.191352],[26.473371,41.191407],[26.473442,41.191459],[26.47368,41.191605],[26.473684,41.191608],[26.473656,41.191624],[26.473573,41.191674],[26.473528,41.191701],[26.473453,41.191756],[26.47378,41.191928],[26.473791,41.191997],[26.473614,41.192037],[26.473503,41.192086],[26.473634,41.192172],[26.473514,41.192387],[26.47341,41.192568],[26.473272,41.192809],[26.473771,41.193072],[26.473782,41.19314],[26.473605,41.19318],[26.473494,41.19323],[26.473625,41.193315],[26.473505,41.193531],[26.4734,41.193711],[26.473339,41.193819],[26.473163,41.194124],[26.473004,41.194302],[26.472766,41.194554],[26.472441,41.194659],[26.471935,41.19482],[26.471502,41.194953],[26.471106,41.195075],[26.470716,41.195191],[26.470201,41.195356],[26.469271,41.19564],[26.468991,41.195726],[26.468402,41.195904],[26.467786,41.196096],[26.467167,41.196283],[26.466686,41.196432],[26.466357,41.196536],[26.465882,41.196681],[26.46539,41.196835],[26.465034,41.196943],[26.464672,41.197039],[26.464497,41.197071],[26.46431,41.197111],[26.464011,41.197179],[26.463653,41.197253],[26.463268,41.197336],[26.463094,41.197375],[26.462877,41.197439],[26.462626,41.197498],[26.462264,41.197588],[26.462079,41.197632],[26.461666,41.197734],[26.461604,41.197777],[26.461522,41.197868],[26.461395,41.197949],[26.461361,41.197968],[26.461296,41.197979],[26.461181,41.198049],[26.461052,41.198081],[26.460821,41.198201],[26.460596,41.198394],[26.46052,41.198661],[26.460428,41.198714],[26.460372,41.198913],[26.460362,41.198955],[26.459851,41.199197],[26.459737,41.199365],[26.459649,41.199502],[26.459561,41.199642],[26.459415,41.199867],[26.459293,41.200048],[26.459226,41.20017],[26.459086,41.200375],[26.458956,41.200332],[26.458911,41.200296],[26.458848,41.200262],[26.458735,41.200278],[26.458846,41.200431],[26.458798,41.200457],[26.458846,41.2005],[26.458765,41.200664],[26.458256,41.201021],[26.457811,41.201418],[26.457842,41.201468],[26.457718,41.201389],[26.457411,41.20114],[26.457204,41.201316],[26.457016,41.201466],[26.456745,41.201746],[26.456542,41.20198],[26.456323,41.20222],[26.456112,41.202522],[26.455819,41.202434],[26.455645,41.202367],[26.455548,41.202472],[26.455436,41.202551],[26.455438,41.202667],[26.455864,41.202836],[26.455886,41.202972],[26.455762,41.203076],[26.455767,41.203219],[26.455165,41.203724],[26.454089,41.204625],[26.453699,41.204944],[26.453259,41.205366],[26.452597,41.206188],[26.451946,41.206995],[26.451516,41.207521],[26.451405,41.207635],[26.451158,41.208012],[26.450752,41.208579],[26.450044,41.208506],[26.449362,41.208428],[26.448697,41.208298],[26.44823,41.208182],[26.447783,41.208049],[26.447175,41.207832],[26.446818,41.207699],[26.446505,41.207591],[26.446323,41.207856],[26.446319,41.207875],[26.445927,41.20797],[26.445771,41.208237],[26.44574,41.208339],[26.445755,41.208423],[26.445478,41.20888],[26.445782,41.209432],[26.446071,41.209893],[26.446026,41.210022],[26.44574,41.210152],[26.445653,41.210216],[26.445608,41.210284],[26.445547,41.210385],[26.445475,41.210445],[26.445572,41.210486],[26.445856,41.210587],[26.446372,41.210782],[26.446702,41.210899],[26.44689,41.210971],[26.447311,41.211131],[26.447579,41.211227],[26.447902,41.211342],[26.448216,41.211452],[26.448514,41.211563],[26.448904,41.211711],[26.449245,41.211834],[26.44943,41.211911],[26.449884,41.212078],[26.450197,41.212192],[26.450453,41.212294],[26.450968,41.212488],[26.451059,41.212512],[26.451425,41.212652],[26.45183,41.212804],[26.452121,41.212916],[26.452823,41.213167],[26.453389,41.213369],[26.453782,41.21351],[26.454167,41.213654],[26.454863,41.21391],[26.45523,41.214052],[26.455812,41.214266],[26.456348,41.214486],[26.456357,41.214729],[26.456366,41.215016],[26.456368,41.215028],[26.456406,41.215086],[26.45643,41.215095],[26.456438,41.215107],[26.457081,41.215223],[26.456966,41.215616],[26.457014,41.215616],[26.457007,41.215638],[26.457128,41.215648],[26.457629,41.215663],[26.457671,41.215724],[26.457699,41.215733],[26.457702,41.215744],[26.45776,41.215762],[26.45784,41.215765],[26.457929,41.215768],[26.458045,41.215797],[26.458332,41.215491],[26.458339,41.215485],[26.458367,41.215494],[26.458425,41.215524],[26.458487,41.215559],[26.458598,41.215622],[26.458692,41.215674],[26.458718,41.215689],[26.458739,41.2157],[26.458755,41.215712],[26.4588,41.215742],[26.45884,41.215769],[26.458876,41.215793],[26.458903,41.215812],[26.458954,41.215848],[26.45899,41.215873],[26.459036,41.215903],[26.45908,41.215938],[26.459176,41.216012],[26.459226,41.216051],[26.459268,41.216083],[26.459307,41.216112],[26.459311,41.21611],[26.459346,41.216137],[26.459388,41.216124],[26.459456,41.216102],[26.45954,41.216075],[26.459616,41.21605],[26.45971,41.216023],[26.45987,41.215976],[26.460127,41.215901],[26.460241,41.215871],[26.460332,41.215905],[26.460614,41.216016],[26.460763,41.216071],[26.460959,41.216147],[26.46125,41.216261],[26.461388,41.216312],[26.46145,41.216337],[26.461498,41.216342],[26.461705,41.216354],[26.461992,41.216371],[26.462338,41.21639],[26.462824,41.216418],[26.462841,41.216436],[26.462846,41.216439],[26.462879,41.216423],[26.463002,41.216377],[26.463062,41.216351],[26.463161,41.216358],[26.46318,41.216358],[26.463265,41.216342],[26.46331,41.216334],[26.463433,41.21631],[26.463516,41.216295],[26.463616,41.216284],[26.463712,41.216275],[26.463779,41.216244],[26.46389,41.216199],[26.463917,41.216188],[26.464083,41.216145],[26.464189,41.216169],[26.46443,41.216217],[26.464483,41.216206],[26.464564,41.21612],[26.464552,41.216045],[26.464719,41.216094],[26.464831,41.216187],[26.464905,41.216304],[26.464908,41.216311],[26.464815,41.216378],[26.464571,41.216413],[26.464456,41.216469],[26.464445,41.216552],[26.46453,41.216597],[26.464729,41.216767],[26.46486,41.21678],[26.464993,41.216885],[26.464998,41.216892],[26.465102,41.216866],[26.465416,41.216806],[26.465448,41.216833],[26.465594,41.216808],[26.465733,41.216837],[26.465743,41.216838],[26.465746,41.216843],[26.465775,41.216861],[26.465817,41.216891],[26.465857,41.216941],[26.465878,41.216967],[26.46591,41.216983],[26.465916,41.216992],[26.465977,41.217022],[26.466065,41.217035],[26.466149,41.217045],[26.466361,41.217065],[26.466413,41.217095],[26.466438,41.21711],[26.466454,41.217128],[26.466505,41.217187],[26.466543,41.217231],[26.466573,41.217246],[26.466583,41.217256],[26.466605,41.217267],[26.466644,41.217287],[26.466688,41.217307],[26.466694,41.217312],[26.466708,41.217321],[26.466754,41.217353],[26.466777,41.217383],[26.466828,41.217448],[26.466841,41.21755],[26.466842,41.217559],[26.466836,41.217664],[26.466834,41.217708],[26.466818,41.217913],[26.466747,41.218127],[26.466739,41.218151],[26.466731,41.218317],[26.466724,41.218457],[26.46674,41.218553],[26.46676,41.218668],[26.466794,41.218663],[26.466798,41.218691],[26.466852,41.218689],[26.467147,41.218671],[26.467236,41.218588],[26.46732,41.218592],[26.467555,41.218605],[26.467768,41.218608],[26.467984,41.218612],[26.468225,41.218622],[26.468695,41.218636],[26.468684,41.218753],[26.468742,41.218811],[26.468748,41.218884],[26.468745,41.218984],[26.468672,41.219036],[26.468699,41.219163],[26.468786,41.219298],[26.469075,41.219356],[26.46908,41.219351],[26.469109,41.219374],[26.469353,41.219222],[26.469407,41.219163],[26.469407,41.219156],[26.469488,41.219166],[26.469805,41.219193],[26.470187,41.219246],[26.47016,41.219437],[26.470155,41.219484],[26.470036,41.219817],[26.469991,41.219974],[26.469883,41.21989],[26.469781,41.219869],[26.469618,41.219881],[26.469811,41.219942],[26.469886,41.22002],[26.469851,41.220145],[26.469861,41.220232],[26.469908,41.220245],[26.469968,41.220245],[26.46995,41.220267],[26.469985,41.220274],[26.470117,41.220274],[26.47028,41.220283],[26.470388,41.220285],[26.470518,41.220274],[26.470615,41.220439],[26.470685,41.220498],[26.470787,41.220589],[26.470812,41.220608],[26.470982,41.220704],[26.470964,41.220794],[26.470927,41.220972],[26.470967,41.220982],[26.470968,41.220993],[26.471086,41.221036],[26.471261,41.221092],[26.471485,41.221153],[26.471588,41.221194],[26.471696,41.221249],[26.471739,41.221284],[26.471821,41.221354],[26.471899,41.221418],[26.471967,41.221483],[26.472048,41.221546],[26.472248,41.221773],[26.472442,41.222],[26.472483,41.222061],[26.472618,41.222206],[26.472696,41.222277],[26.472724,41.22237],[26.472796,41.222503],[26.472809,41.222527],[26.472873,41.222595],[26.472961,41.222689],[26.473139,41.222865],[26.473215,41.222912],[26.473413,41.223029],[26.473542,41.223101],[26.473684,41.223167],[26.473736,41.223193],[26.473898,41.223249],[26.474082,41.223318],[26.474202,41.223361],[26.474359,41.223431],[26.47444,41.223469],[26.474522,41.223535],[26.474561,41.22357],[26.474597,41.223611],[26.47467,41.223694],[26.474714,41.22376],[26.474779,41.223861],[26.474801,41.223999],[26.474806,41.224022],[26.47485,41.224124],[26.474882,41.224214],[26.474909,41.224272],[26.474966,41.224376],[26.475063,41.224537],[26.475109,41.224609],[26.475198,41.22476],[26.475376,41.225072],[26.475468,41.225265],[26.475537,41.22557],[26.475602,41.225867],[26.475665,41.226182],[26.475672,41.226207],[26.475703,41.226288],[26.475753,41.226455],[26.47577,41.226505],[26.475778,41.226546],[26.475823,41.226676],[26.475877,41.226828],[26.475953,41.226875],[26.475979,41.226873],[26.475993,41.226897],[26.476296,41.226901],[26.476683,41.226901],[26.47674,41.227036],[26.476828,41.227233],[26.476919,41.227391],[26.47698,41.227531],[26.477046,41.227684],[26.47706,41.227721],[26.477184,41.227878],[26.477197,41.227897],[26.477239,41.227968],[26.477329,41.22808],[26.477335,41.228088],[26.477465,41.228175],[26.477547,41.228172],[26.477559,41.228178],[26.477571,41.228171],[26.477585,41.228172],[26.477792,41.228133],[26.477924,41.228087],[26.477976,41.228063],[26.478027,41.228028],[26.47808,41.22799],[26.478143,41.227954],[26.478203,41.227923],[26.47822,41.227875],[26.478267,41.227866],[26.478244,41.22784],[26.478276,41.227817],[26.47818,41.227728],[26.478139,41.227691],[26.478115,41.227656],[26.478112,41.227648],[26.478216,41.227634],[26.478473,41.227605],[26.478594,41.227591],[26.478587,41.227155],[26.478587,41.227117],[26.478665,41.227121],[26.478789,41.227122],[26.478776,41.227007],[26.478802,41.226933],[26.478944,41.226834],[26.478984,41.226728],[26.479093,41.22674],[26.479426,41.22678],[26.479413,41.226955],[26.479455,41.226963],[26.479453,41.226978],[26.479481,41.226988],[26.479518,41.226991],[26.479681,41.226994],[26.479732,41.227093],[26.479784,41.227199],[26.479945,41.227527],[26.479971,41.227523],[26.47998,41.227548],[26.479995,41.22755],[26.480115,41.227531],[26.480219,41.227511],[26.480247,41.227506],[26.480368,41.227522],[26.480535,41.227609],[26.480656,41.227589],[26.480725,41.227567],[26.480782,41.227654],[26.480843,41.227753],[26.480945,41.22812],[26.48102,41.228131],[26.48107,41.228172],[26.48125,41.228309],[26.481557,41.228543],[26.481803,41.228732],[26.482165,41.229009],[26.482523,41.229282],[26.482785,41.229483],[26.483143,41.229758],[26.483405,41.22996],[26.483718,41.230201],[26.483984,41.230404],[26.484253,41.230612],[26.48452,41.230819],[26.484857,41.231079],[26.485077,41.231251],[26.485073,41.231324],[26.485041,41.231622],[26.485019,41.231802],[26.48502,41.231877],[26.485156,41.232085],[26.485159,41.232092],[26.485231,41.232131],[26.485347,41.232199],[26.485421,41.232245],[26.485622,41.232313],[26.485937,41.232431],[26.486166,41.232486],[26.486313,41.232473],[26.486344,41.232465],[26.486387,41.23247],[26.486417,41.232459],[26.486443,41.232458],[26.486621,41.232404],[26.486699,41.232358],[26.486882,41.232265],[26.486975,41.232204],[26.487001,41.232214],[26.487013,41.23223],[26.487116,41.232277],[26.487203,41.232318],[26.487321,41.232375],[26.487468,41.232451],[26.487596,41.232519],[26.487754,41.232589],[26.48796,41.232681],[26.488272,41.232839],[26.488483,41.23294],[26.488603,41.232944],[26.488689,41.232948],[26.488873,41.232964],[26.48918,41.232994],[26.489135,41.233099],[26.489066,41.233276],[26.488992,41.23364],[26.489037,41.233631],[26.489031,41.233662],[26.489155,41.23364]]]}},{"type":"Feature","properties":{"id":"TR-Y-22-007-K-0015","level":"yerlesim","type":"mahalle","parent_id":"TR-D-22-007","province_id":"TR-P-22","district_id":"TR-D-22-007","name":"Paşayenice","source_raw_name":"Paşayenice","source":"Kullanıcı tarafından sağlanan KML","source_label":"Kullanıcı tarafından sağlanan KML","source_name":"Edirne Mahalle KML - kullanıcı tarafından sağlandı"},"geometry":{"type":"Polygon","coordinates":[[[26.539981,41.223621],[26.540141,41.223514],[26.540415,41.223347],[26.540815,41.222996],[26.540948,41.223054],[26.54112,41.223061],[26.541474,41.223103],[26.541588,41.223122],[26.541892,41.223095],[26.542144,41.223031],[26.542498,41.223031],[26.542833,41.223046],[26.543008,41.223057],[26.543297,41.223092],[26.543488,41.223099],[26.543716,41.223141],[26.543967,41.223202],[26.544181,41.223244],[26.544481,41.223347],[26.544436,41.223537],[26.544443,41.22372],[26.544459,41.223758],[26.544519,41.22396],[26.544767,41.224112],[26.545018,41.224291],[26.545247,41.224447],[26.545658,41.224729],[26.545932,41.2245],[26.546328,41.224177],[26.547112,41.223465],[26.546918,41.223312],[26.54672,41.223156],[26.547165,41.222745],[26.547523,41.222863],[26.547885,41.223],[26.548018,41.222829],[26.548308,41.222425],[26.54854,41.222075],[26.548806,41.22171],[26.549038,41.221801],[26.549286,41.221885],[26.549731,41.222049],[26.550291,41.222224],[26.550695,41.222338],[26.550923,41.222418],[26.551144,41.222483],[26.551544,41.222608],[26.551677,41.222658],[26.551829,41.222513],[26.551948,41.222351],[26.552133,41.222213],[26.552371,41.222089],[26.552481,41.221927],[26.5527,41.221804],[26.552828,41.221794],[26.552957,41.221371],[26.55299,41.220747],[26.553095,41.220681],[26.553128,41.220562],[26.553118,41.220186],[26.553147,41.220067],[26.553209,41.219948],[26.553399,41.219705],[26.553409,41.219605],[26.553337,41.219491],[26.553142,41.219334],[26.553166,41.219258],[26.553114,41.219162],[26.553114,41.219096],[26.553095,41.21901],[26.553118,41.218758],[26.553099,41.218606],[26.553195,41.218549],[26.553261,41.218549],[26.553413,41.21842],[26.553456,41.218225],[26.55348,41.218016],[26.553561,41.217806],[26.55358,41.217616],[26.553775,41.217159],[26.553813,41.217035],[26.553889,41.216926],[26.554084,41.216678],[26.554161,41.216521],[26.554142,41.21645],[26.554104,41.216317],[26.553961,41.21615],[26.55397,41.215903],[26.554046,41.215641],[26.554265,41.215417],[26.554403,41.215217],[26.554498,41.215127],[26.554598,41.215003],[26.555036,41.214689],[26.555122,41.214594],[26.555127,41.21447],[26.555089,41.213985],[26.555122,41.213947],[26.55526,41.213832],[26.555426,41.213761],[26.555498,41.213471],[26.555482,41.213381],[26.555516,41.213248],[26.555596,41.213214],[26.555653,41.213001],[26.555379,41.212837],[26.555432,41.212749],[26.555436,41.21273],[26.555337,41.212578],[26.555253,41.212521],[26.555204,41.212494],[26.55512,41.212483],[26.554987,41.212262],[26.555032,41.212144],[26.555162,41.212053],[26.555204,41.21198],[26.555223,41.211919],[26.555143,41.21139],[26.555109,41.21131],[26.555006,41.211242],[26.55501,41.211188],[26.554747,41.211044],[26.554686,41.210926],[26.554724,41.210834],[26.554842,41.210785],[26.554998,41.210823],[26.555029,41.210792],[26.55504,41.21077],[26.555017,41.210678],[26.554914,41.210537],[26.554918,41.210351],[26.55504,41.209993],[26.555105,41.209886],[26.555204,41.209787],[26.555432,41.209586],[26.555455,41.209529],[26.55536,41.209445],[26.555265,41.209395],[26.555154,41.209167],[26.555105,41.208904],[26.555295,41.208756],[26.555436,41.208364],[26.555425,41.208265],[26.555326,41.208108],[26.555276,41.207979],[26.555223,41.207621],[26.555234,41.207537],[26.555303,41.207423],[26.555371,41.207362],[26.555444,41.207301],[26.555638,41.207218],[26.555931,41.20678],[26.55595,41.206528],[26.556011,41.206384],[26.556156,41.206129],[26.556422,41.205851],[26.556586,41.205668],[26.556635,41.205702],[26.556829,41.205683],[26.557119,41.205455],[26.557229,41.205371],[26.557347,41.205219],[26.557503,41.204994],[26.55764,41.204739],[26.557903,41.204275],[26.558284,41.203601],[26.55855,41.203064],[26.558695,41.203011],[26.558847,41.202938],[26.559007,41.202836],[26.559091,41.20282],[26.559159,41.203053],[26.559289,41.203155],[26.559491,41.203289],[26.559795,41.203399],[26.559856,41.203483],[26.560206,41.204202],[26.560618,41.204073],[26.560579,41.204027],[26.560492,41.203239],[26.560454,41.20266],[26.56042,41.201926],[26.560404,41.201815],[26.560336,41.20172],[26.560332,41.201644],[26.560267,41.201427],[26.560046,41.201012],[26.559906,41.200848],[26.559662,41.200627],[26.559494,41.200547],[26.558996,41.200247],[26.558817,41.200212],[26.558501,41.200098],[26.558215,41.200045],[26.557903,41.199965],[26.557663,41.19987],[26.557416,41.199729],[26.557237,41.199546],[26.556947,41.199028],[26.556913,41.199017],[26.55694,41.198811],[26.556959,41.198617],[26.557084,41.198191],[26.557153,41.197734],[26.557012,41.197186],[26.556993,41.196759],[26.556966,41.196181],[26.556841,41.195971],[26.556635,41.195869],[26.556433,41.195861],[26.556045,41.196028],[26.555794,41.196257],[26.555249,41.196542],[26.554633,41.196497],[26.553921,41.196162],[26.553689,41.19596],[26.55354,41.195891],[26.55346,41.195747],[26.553243,41.19548],[26.552912,41.195088],[26.552741,41.194867],[26.552432,41.194494],[26.551933,41.193877],[26.551941,41.193051],[26.55209,41.192956],[26.552272,41.192621],[26.552356,41.192225],[26.552474,41.191909],[26.552798,41.191631],[26.553433,41.191795],[26.554073,41.191981],[26.554606,41.192324],[26.554956,41.192556],[26.555044,41.192636],[26.555204,41.192655],[26.555314,41.192617],[26.555505,41.192492],[26.555744,41.192355],[26.555939,41.192252],[26.556194,41.192138],[26.556407,41.192103],[26.556635,41.192058],[26.556826,41.191962],[26.557062,41.191768],[26.557248,41.191536],[26.5574,41.191289],[26.557511,41.190976],[26.557637,41.190683],[26.557724,41.190264],[26.557659,41.189899],[26.557511,41.189747],[26.557119,41.189632],[26.556723,41.189617],[26.556422,41.189571],[26.556251,41.189518],[26.556152,41.189423],[26.556114,41.189286],[26.556163,41.189111],[26.556251,41.189042],[26.556289,41.188989],[26.556491,41.188867],[26.556532,41.188833],[26.556795,41.188745],[26.556925,41.1887],[26.557058,41.188585],[26.557092,41.188505],[26.557107,41.188426],[26.557065,41.188361],[26.556913,41.1883],[26.556719,41.188258],[26.556449,41.18825],[26.556121,41.188285],[26.555862,41.188334],[26.555573,41.188429],[26.555215,41.188547],[26.554602,41.188688],[26.554172,41.188437],[26.554237,41.188368],[26.554214,41.188094],[26.554237,41.187915],[26.554176,41.187778],[26.554081,41.187695],[26.553909,41.187641],[26.553491,41.187676],[26.553365,41.187649],[26.553114,41.187531],[26.552862,41.187287],[26.552782,41.187158],[26.552718,41.186865],[26.552661,41.186731],[26.55252,41.186552],[26.552413,41.186476],[26.552116,41.186366],[26.552013,41.186313],[26.551694,41.18621],[26.551275,41.186038],[26.551008,41.185814],[26.550814,41.185505],[26.550799,41.185292],[26.550803,41.185174],[26.55094,41.184999],[26.551084,41.184873],[26.551252,41.18474],[26.55155,41.184711],[26.551913,41.184726],[26.551998,41.184839],[26.552477,41.184895],[26.552563,41.184906],[26.552923,41.184953],[26.55311,41.18495],[26.553334,41.184771],[26.553532,41.184596],[26.553692,41.184489],[26.55394,41.184409],[26.554263,41.18442],[26.554454,41.184405],[26.554667,41.184367],[26.554812,41.184261],[26.554949,41.184101],[26.555032,41.183868],[26.55504,41.183682],[26.554949,41.183396],[26.554876,41.183267],[26.554724,41.183122],[26.554473,41.183008],[26.554241,41.182901],[26.553875,41.18286],[26.55357,41.182909],[26.553289,41.182993],[26.552912,41.183198],[26.552733,41.183259],[26.552653,41.18329],[26.552428,41.183316],[26.552128,41.183274],[26.551823,41.183141],[26.551747,41.18308],[26.551705,41.182909],[26.551697,41.18281],[26.551755,41.182681],[26.551911,41.182414],[26.552059,41.182212],[26.551994,41.182094],[26.551865,41.18198],[26.551675,41.181923],[26.551465,41.181923],[26.551183,41.1819],[26.551046,41.181854],[26.550807,41.18174],[26.550605,41.181653],[26.550603,41.181652],[26.550601,41.181651],[26.550213,41.181565],[26.54989,41.181488],[26.549495,41.181342],[26.549265,41.181348],[26.549088,41.181367],[26.548185,41.182252],[26.547127,41.183196],[26.545962,41.184262],[26.545863,41.184407],[26.545444,41.184765],[26.544835,41.185336],[26.543959,41.186189],[26.543851,41.186125],[26.542817,41.185257],[26.542181,41.185656],[26.542121,41.185722],[26.542069,41.185779],[26.541904,41.185893],[26.541521,41.18623],[26.540987,41.186679],[26.540327,41.187221],[26.540173,41.18735],[26.540265,41.187447],[26.540416,41.187604],[26.540724,41.187912],[26.540956,41.188141],[26.541027,41.188221],[26.541247,41.188386],[26.541355,41.188458],[26.541404,41.18848],[26.541552,41.188552],[26.541561,41.188558],[26.541492,41.188677],[26.541401,41.18884],[26.541227,41.189183],[26.541036,41.189514],[26.541004,41.189548],[26.540944,41.189808],[26.540853,41.190236],[26.540853,41.190279],[26.540856,41.190396],[26.54089,41.190705],[26.540938,41.190993],[26.540833,41.191296],[26.540809,41.191544],[26.540308,41.191526],[26.539901,41.191515],[26.5399,41.191534],[26.539936,41.191631],[26.539991,41.191783],[26.540069,41.192013],[26.540116,41.192205],[26.540082,41.192435],[26.540026,41.192622],[26.539924,41.192819],[26.539784,41.193112],[26.539749,41.193189],[26.539631,41.193356],[26.539152,41.193969],[26.538946,41.193828],[26.538923,41.193824],[26.538771,41.193927],[26.538493,41.194106],[26.538219,41.194285],[26.538063,41.194384],[26.53748,41.194879],[26.536982,41.195248],[26.53654,41.194963],[26.536041,41.194635],[26.535855,41.194769],[26.535683,41.194864],[26.535478,41.194913],[26.535234,41.194932],[26.535215,41.195115],[26.535158,41.195153],[26.534869,41.195157],[26.534187,41.195263],[26.533631,41.195389],[26.533285,41.195477],[26.532626,41.195667],[26.532394,41.195724],[26.532055,41.195804],[26.531644,41.195895],[26.531396,41.19593],[26.531088,41.195937],[26.531202,41.196185],[26.531389,41.196527],[26.531001,41.19668],[26.530022,41.197019],[26.529999,41.196299],[26.529797,41.196394],[26.529695,41.196436],[26.529417,41.196501],[26.529535,41.197357],[26.528781,41.197274],[26.528739,41.197285],[26.528366,41.197986],[26.527879,41.199002],[26.526954,41.199409],[26.527388,41.200156],[26.526809,41.200304],[26.526401,41.199619],[26.52636,41.199623],[26.526196,41.199756],[26.525777,41.200121],[26.525328,41.200502],[26.524597,41.201126],[26.523523,41.202025],[26.522054,41.203243],[26.521582,41.203632],[26.520752,41.20434],[26.520177,41.204816],[26.519263,41.205566],[26.51873,41.205733],[26.516834,41.206323],[26.515304,41.206803],[26.513971,41.207225],[26.511683,41.207937],[26.511542,41.207964],[26.510686,41.207866],[26.510267,41.207838],[26.510233,41.208301],[26.510162,41.209101],[26.510141,41.209664],[26.510263,41.209847],[26.510259,41.209875],[26.510414,41.210032],[26.510627,41.210241],[26.51069,41.210302],[26.510867,41.210386],[26.511029,41.210456],[26.511145,41.210515],[26.511278,41.21057],[26.511375,41.210637],[26.511527,41.210742],[26.511605,41.210831],[26.51171,41.210953],[26.511828,41.211124],[26.51198,41.211368],[26.512117,41.211598],[26.512243,41.211815],[26.512426,41.212167],[26.512584,41.212508],[26.512645,41.212613],[26.512738,41.212792],[26.51282,41.212919],[26.512944,41.213125],[26.51306,41.213212],[26.513178,41.213315],[26.51336,41.213433],[26.513484,41.213502],[26.513671,41.213635],[26.513764,41.213677],[26.51385,41.213721],[26.513931,41.213774],[26.51401,41.213797],[26.51415,41.213863],[26.514326,41.213938],[26.514432,41.214006],[26.514603,41.214138],[26.514701,41.214214],[26.514761,41.21428],[26.514895,41.214362],[26.514973,41.214414],[26.515037,41.214446],[26.515211,41.214524],[26.51534,41.214577],[26.515458,41.214623],[26.515633,41.21468],[26.515727,41.214711],[26.515909,41.214819],[26.516006,41.214893],[26.51606,41.21495],[26.516096,41.214987],[26.516241,41.215091],[26.516431,41.215232],[26.51665,41.215426],[26.516686,41.21544],[26.516713,41.215472],[26.516789,41.215485],[26.516947,41.215533],[26.517011,41.21555],[26.517036,41.21555],[26.517084,41.215565],[26.517318,41.21555],[26.518239,41.215548],[26.518768,41.215617],[26.518923,41.215651],[26.519105,41.215706],[26.519241,41.215757],[26.519397,41.215824],[26.519423,41.215847],[26.519659,41.216033],[26.519882,41.216231],[26.520051,41.216329],[26.520183,41.216414],[26.520337,41.216487],[26.52056,41.216595],[26.520666,41.216629],[26.520805,41.216696],[26.521053,41.216715],[26.521291,41.21673],[26.521603,41.216757],[26.521755,41.216766],[26.521847,41.216787],[26.522134,41.216844],[26.522292,41.216892],[26.522477,41.216941],[26.522642,41.217039],[26.522749,41.217099],[26.522958,41.217263],[26.523177,41.217427],[26.523442,41.217579],[26.523524,41.217631],[26.523642,41.217762],[26.523796,41.217899],[26.523819,41.217935],[26.523982,41.218034],[26.524114,41.218129],[26.524222,41.218205],[26.524334,41.218327],[26.524399,41.218472],[26.524414,41.21859],[26.524466,41.218723],[26.52465,41.21894],[26.524915,41.21923],[26.525124,41.219488],[26.525235,41.219538],[26.525218,41.21946],[26.525142,41.219283],[26.525102,41.219157],[26.525111,41.219022],[26.525121,41.219016],[26.525233,41.218915],[26.525273,41.218737],[26.525338,41.218641],[26.525423,41.218569],[26.525536,41.218462],[26.525597,41.218373],[26.52561,41.218268],[26.525644,41.218221],[26.525678,41.218169],[26.52573,41.218122],[26.525954,41.218177],[26.526331,41.218274],[26.52648,41.218283],[26.526748,41.21832],[26.526923,41.218346],[26.526967,41.218365],[26.52714,41.218377],[26.52722,41.218152],[26.527382,41.21768],[26.527479,41.217402],[26.527591,41.217086],[26.527769,41.217166],[26.528302,41.217408],[26.528551,41.21752],[26.52876,41.217543],[26.528998,41.217579],[26.529192,41.217615],[26.529339,41.217631],[26.529573,41.217663],[26.529706,41.217675],[26.529859,41.217691],[26.529862,41.2177],[26.529869,41.217817],[26.529874,41.218191],[26.529881,41.218442],[26.529882,41.218486],[26.529884,41.218559],[26.529886,41.218645],[26.529965,41.218656],[26.530073,41.218673],[26.530168,41.21869],[26.530308,41.218708],[26.53045,41.218726],[26.530548,41.218729],[26.530621,41.218733],[26.530665,41.218735],[26.530709,41.218742],[26.530895,41.218771],[26.530997,41.218785],[26.531044,41.218794],[26.531083,41.218796],[26.531174,41.218809],[26.531238,41.218805],[26.531272,41.218806],[26.531324,41.218827],[26.531341,41.21883],[26.531374,41.218832],[26.53158,41.218847],[26.531652,41.21885],[26.531678,41.218856],[26.531713,41.218855],[26.531824,41.218856],[26.531918,41.218861],[26.531978,41.218872],[26.532,41.218873],[26.532106,41.218916],[26.532121,41.218919],[26.532457,41.218915],[26.532613,41.218917],[26.532862,41.218923],[26.532885,41.218932],[26.533121,41.218942],[26.533543,41.218957],[26.533681,41.218965],[26.533621,41.219157],[26.53361,41.21925],[26.533587,41.219418],[26.533566,41.219595],[26.533536,41.219833],[26.533521,41.219924],[26.533608,41.21992],[26.533681,41.219943],[26.534063,41.220046],[26.534082,41.220364],[26.534109,41.220718],[26.53412,41.220838],[26.53416,41.220965],[26.534115,41.221057],[26.53408,41.221122],[26.534049,41.22118],[26.534034,41.221208],[26.534033,41.221232],[26.534026,41.221327],[26.534005,41.221356],[26.533956,41.221428],[26.533942,41.221446],[26.533955,41.221513],[26.533968,41.22154],[26.534008,41.221619],[26.534037,41.221674],[26.53405,41.221702],[26.534053,41.221714],[26.534074,41.221819],[26.53408,41.221865],[26.534121,41.221919],[26.534119,41.221925],[26.534081,41.222048],[26.533997,41.222111],[26.533983,41.222121],[26.534055,41.222136],[26.534078,41.222141],[26.534132,41.22215],[26.534191,41.222162],[26.53422,41.222127],[26.534251,41.222002],[26.53423,41.221867],[26.534312,41.221783],[26.534462,41.221777],[26.534549,41.221787],[26.534646,41.221844],[26.534813,41.221993],[26.534931,41.222033],[26.535101,41.222019],[26.535207,41.222042],[26.535329,41.222096],[26.535337,41.222004],[26.535002,41.221839],[26.534865,41.221749],[26.534804,41.221703],[26.534754,41.221644],[26.534777,41.221515],[26.534777,41.221484],[26.534766,41.221403],[26.534699,41.22125],[26.534642,41.221115],[26.535245,41.221001],[26.535607,41.220927],[26.535645,41.221113],[26.535715,41.221385],[26.535811,41.221551],[26.535849,41.221641],[26.535917,41.22174],[26.535978,41.221882],[26.536031,41.222004],[26.536071,41.222107],[26.536085,41.222145],[26.536108,41.222206],[26.536165,41.2224],[26.536189,41.222644],[26.53621,41.222705],[26.536353,41.22287],[26.536712,41.223324],[26.536852,41.223488],[26.537002,41.223646],[26.537164,41.2236],[26.537369,41.223838],[26.537419,41.223907],[26.537485,41.223986],[26.537721,41.224324],[26.537764,41.224355],[26.537757,41.224388],[26.537709,41.224412],[26.537669,41.224438],[26.537973,41.224719],[26.538011,41.224814],[26.538017,41.224824],[26.538178,41.224771],[26.538683,41.224626],[26.538885,41.224565],[26.539022,41.224516],[26.539288,41.224439],[26.539448,41.224367],[26.539703,41.224028],[26.539444,41.223819],[26.539688,41.223716],[26.539894,41.22364],[26.539981,41.223621]]]}},{"type":"Feature","properties":{"id":"TR-Y-22-007-K-0016","level":"yerlesim","type":"mahalle","parent_id":"TR-D-22-007","province_id":"TR-P-22","district_id":"TR-D-22-007","name":"Rahmanca","source_raw_name":"Rahmanca","source":"Kullanıcı tarafından sağlanan KML","source_label":"Kullanıcı tarafından sağlanan KML","source_name":"Edirne Mahalle KML - kullanıcı tarafından sağlandı"},"geometry":{"type":"Polygon","coordinates":[[[26.485286,41.303145],[26.485287,41.303135],[26.485334,41.303145],[26.485336,41.303089],[26.485357,41.303053],[26.485557,41.302996],[26.485888,41.302805],[26.486194,41.302634],[26.486472,41.302485],[26.486915,41.302246],[26.487246,41.302065],[26.487542,41.301905],[26.48774,41.301992],[26.488048,41.302129],[26.48828,41.302231],[26.488566,41.302341],[26.488883,41.302475],[26.48918,41.302629],[26.489247,41.302695],[26.489438,41.302791],[26.489886,41.303026],[26.490209,41.303199],[26.490576,41.303432],[26.490687,41.303304],[26.490817,41.303165],[26.490859,41.303116],[26.490926,41.303073],[26.491085,41.302971],[26.491177,41.302911],[26.491297,41.302843],[26.491413,41.302782],[26.491559,41.302697],[26.491671,41.302635],[26.49185,41.302535],[26.492102,41.302398],[26.492181,41.302353],[26.492105,41.302237],[26.491979,41.302026],[26.49193,41.301941],[26.491792,41.301776],[26.491768,41.301743],[26.491714,41.301701],[26.491594,41.301597],[26.491461,41.301558],[26.491419,41.301549],[26.491314,41.301512],[26.491115,41.301445],[26.491069,41.301431],[26.490974,41.301408],[26.490813,41.301367],[26.490607,41.3013],[26.490607,41.301294],[26.490712,41.301134],[26.490796,41.30102],[26.490883,41.301056],[26.491247,41.301214],[26.491377,41.30126],[26.491483,41.301295],[26.491662,41.301334],[26.491737,41.301342],[26.491822,41.301346],[26.492056,41.301331],[26.492258,41.301273],[26.492334,41.301232],[26.492352,41.301226],[26.492402,41.301176],[26.492437,41.301186],[26.492496,41.301224],[26.492583,41.301282],[26.492701,41.301338],[26.492786,41.301374],[26.49288,41.301404],[26.492967,41.301461],[26.493027,41.301475],[26.493124,41.301423],[26.493225,41.301368],[26.493248,41.301357],[26.493347,41.301314],[26.493523,41.301237],[26.493627,41.30119],[26.49371,41.301171],[26.493891,41.301126],[26.494171,41.301062],[26.494452,41.300994],[26.494602,41.300971],[26.494593,41.300939],[26.49458,41.300912],[26.494537,41.300835],[26.494528,41.300814],[26.494449,41.300808],[26.49437,41.30081],[26.494327,41.300812],[26.494294,41.300784],[26.494271,41.300737],[26.494289,41.300701],[26.494298,41.30068],[26.49433,41.300644],[26.494397,41.300561],[26.494416,41.300519],[26.494456,41.300448],[26.494523,41.300333],[26.494549,41.300292],[26.494591,41.300233],[26.4946,41.300219],[26.494629,41.300177],[26.494647,41.300151],[26.49465,41.300144],[26.494668,41.300113],[26.494704,41.30005],[26.494702,41.300042],[26.494701,41.30003],[26.494686,41.300039],[26.494651,41.300058],[26.494569,41.300102],[26.49452,41.300129],[26.494506,41.300136],[26.494491,41.300145],[26.494458,41.300164],[26.494391,41.300204],[26.494368,41.300218],[26.494317,41.30025],[26.494281,41.300273],[26.494275,41.300277],[26.494255,41.300288],[26.494208,41.300313],[26.494184,41.300326],[26.494153,41.30034],[26.49408,41.300372],[26.49404,41.300389],[26.494021,41.300397],[26.493978,41.300414],[26.493949,41.300425],[26.49393,41.300431],[26.493901,41.30044],[26.493868,41.300439],[26.493866,41.300434],[26.493861,41.300422],[26.493853,41.300404],[26.493844,41.30038],[26.493845,41.300347],[26.493846,41.300285],[26.493846,41.300265],[26.493847,41.300246],[26.493846,41.300237],[26.493844,41.300216],[26.49384,41.300163],[26.49382,41.30011],[26.49381,41.300083],[26.493807,41.300038],[26.493822,41.300012],[26.493874,41.299965],[26.493907,41.299944],[26.493969,41.299901],[26.494013,41.299874],[26.494068,41.299839],[26.494118,41.299808],[26.494129,41.299802],[26.494145,41.299789],[26.494155,41.299782],[26.49419,41.299755],[26.49423,41.299724],[26.494269,41.299694],[26.494299,41.299668],[26.494354,41.299622],[26.494368,41.29961],[26.494379,41.299601],[26.494391,41.299591],[26.494406,41.29958],[26.494442,41.299554],[26.494434,41.299544],[26.494427,41.299529],[26.49442,41.299516],[26.494415,41.299507],[26.494405,41.299483],[26.494397,41.299462],[26.494396,41.299457],[26.494381,41.29943],[26.494375,41.29942],[26.494375,41.299391],[26.494378,41.299382],[26.49439,41.299356],[26.494396,41.299329],[26.494386,41.299304],[26.494368,41.29929],[26.494275,41.29923],[26.494261,41.299221],[26.494258,41.299229],[26.49425,41.299241],[26.494249,41.299243],[26.494241,41.299251],[26.494225,41.299268],[26.494219,41.299275],[26.494206,41.299288],[26.494203,41.299291],[26.494186,41.299303],[26.494157,41.299326],[26.494153,41.299329],[26.494135,41.299347],[26.494115,41.299364],[26.494098,41.299378],[26.494072,41.299414],[26.494065,41.299421],[26.494055,41.299431],[26.494027,41.29946],[26.494014,41.299473],[26.493995,41.299484],[26.493956,41.299505],[26.493931,41.299507],[26.493904,41.299507],[26.49386,41.299507],[26.493796,41.299507],[26.493736,41.299487],[26.493724,41.299478],[26.493688,41.299449],[26.493651,41.29942],[26.493647,41.299414],[26.493637,41.2994],[26.49363,41.29939],[26.493618,41.299373],[26.493608,41.299356],[26.4936,41.299341],[26.493593,41.299331],[26.493582,41.299311],[26.493574,41.299298],[26.493561,41.299276],[26.493542,41.299243],[26.493515,41.299208],[26.49351,41.2992],[26.49346,41.299117],[26.493424,41.299074],[26.493421,41.29907],[26.49341,41.299057],[26.493406,41.299052],[26.493408,41.299052],[26.493416,41.29905],[26.493424,41.299049],[26.493433,41.299047],[26.493441,41.299045],[26.49345,41.299043],[26.493464,41.29904],[26.49347,41.299039],[26.493475,41.299037],[26.493482,41.299036],[26.493494,41.299033],[26.493505,41.29903],[26.493514,41.299027],[26.493529,41.299023],[26.493539,41.299021],[26.493548,41.299019],[26.493566,41.299014],[26.493576,41.299012],[26.493598,41.299006],[26.493622,41.299],[26.493645,41.298994],[26.493665,41.298989],[26.493688,41.298983],[26.493698,41.298981],[26.4937,41.29898],[26.493711,41.298976],[26.49374,41.298964],[26.493768,41.298953],[26.493791,41.298944],[26.493804,41.298938],[26.493819,41.298932],[26.49384,41.298923],[26.493856,41.298915],[26.493871,41.298908],[26.493885,41.298901],[26.493887,41.298902],[26.493901,41.298904],[26.49392,41.298908],[26.493938,41.298912],[26.493963,41.298917],[26.494001,41.298918],[26.494033,41.298918],[26.494069,41.298919],[26.494097,41.298915],[26.494154,41.298907],[26.49417,41.298898],[26.494186,41.298891],[26.49423,41.298869],[26.494271,41.298849],[26.494335,41.298817],[26.494352,41.298809],[26.494346,41.298804],[26.494308,41.298781],[26.494253,41.298748],[26.494195,41.298713],[26.494116,41.298666],[26.494067,41.298636],[26.493981,41.298582],[26.493939,41.298552],[26.49393,41.298532],[26.493924,41.298521],[26.493912,41.298468],[26.493945,41.298417],[26.493945,41.298407],[26.493955,41.298396],[26.493963,41.298312],[26.493979,41.298179],[26.493982,41.298149],[26.493993,41.298132],[26.494019,41.298092],[26.49403,41.29808],[26.494032,41.298078],[26.494062,41.298086],[26.494132,41.298106],[26.494238,41.298134],[26.494267,41.298142],[26.494303,41.298158],[26.494361,41.298184],[26.494427,41.298213],[26.494501,41.298246],[26.494524,41.298254],[26.494596,41.298278],[26.494654,41.298298],[26.494727,41.298322],[26.494811,41.298348],[26.494882,41.298371],[26.494896,41.298375],[26.494927,41.298382],[26.494988,41.298396],[26.495045,41.29841],[26.49506,41.298414],[26.495071,41.298418],[26.495099,41.298429],[26.495221,41.298481],[26.495252,41.298493],[26.495262,41.298496],[26.495297,41.298504],[26.495356,41.298519],[26.49541,41.298533],[26.495437,41.298539],[26.495528,41.298554],[26.495599,41.298567],[26.495637,41.298573],[26.495706,41.298586],[26.495749,41.298595],[26.49579,41.298605],[26.495924,41.298638],[26.495936,41.298637],[26.495986,41.298635],[26.496012,41.298616],[26.496047,41.298594],[26.496186,41.298492],[26.49627,41.298425],[26.496365,41.298352],[26.496401,41.298325],[26.496426,41.298307],[26.496496,41.298262],[26.496573,41.298209],[26.496616,41.298179],[26.496635,41.298166],[26.49665,41.298158],[26.496664,41.29815],[26.496691,41.298134],[26.496732,41.298109],[26.496754,41.298087],[26.496826,41.298018],[26.496896,41.297941],[26.496908,41.297928],[26.496955,41.29789],[26.496991,41.297861],[26.497001,41.297849],[26.497078,41.297754],[26.497083,41.297747],[26.49709,41.29774],[26.49711,41.297722],[26.497146,41.297693],[26.497166,41.297675],[26.497168,41.29767],[26.497188,41.297645],[26.49722,41.297605],[26.497241,41.297577],[26.497271,41.29754],[26.497294,41.297513],[26.497309,41.297493],[26.497316,41.297484],[26.49733,41.297471],[26.497354,41.297448],[26.497381,41.297424],[26.497428,41.297381],[26.497476,41.29734],[26.497495,41.297321],[26.497504,41.297313],[26.49752,41.297303],[26.497553,41.297281],[26.497584,41.297262],[26.497631,41.297232],[26.497652,41.297218],[26.497681,41.297202],[26.497774,41.297151],[26.497782,41.297147],[26.497799,41.297141],[26.497869,41.297118],[26.497922,41.2971],[26.497956,41.297089],[26.497977,41.297086],[26.498074,41.297077],[26.498094,41.29708],[26.498172,41.297088],[26.498203,41.297089],[26.498333,41.297089],[26.498377,41.29708],[26.498488,41.297057],[26.498532,41.297049],[26.498605,41.297033],[26.498684,41.297017],[26.498721,41.29701],[26.498776,41.297001],[26.498833,41.296992],[26.498868,41.296987],[26.498894,41.296982],[26.498936,41.296977],[26.498988,41.296972],[26.49902,41.296968],[26.499076,41.296963],[26.499154,41.296958],[26.499186,41.296955],[26.499241,41.296952],[26.499322,41.296947],[26.499439,41.296938],[26.499491,41.296935],[26.499516,41.296933],[26.499552,41.296928],[26.499613,41.29692],[26.49968,41.296911],[26.499723,41.296906],[26.499737,41.296904],[26.499756,41.296902],[26.499812,41.296899],[26.499883,41.296893],[26.499901,41.296896],[26.499986,41.296909],[26.500045,41.296921],[26.500094,41.296929],[26.500141,41.296936],[26.500195,41.296942],[26.500251,41.29695],[26.500286,41.296956],[26.500323,41.296956],[26.500389,41.296954],[26.500457,41.296953],[26.500565,41.29695],[26.500688,41.296949],[26.500717,41.296949],[26.500713,41.296928],[26.500698,41.296844],[26.500715,41.296842],[26.500793,41.296834],[26.500902,41.296823],[26.500967,41.296815],[26.501073,41.296805],[26.501156,41.296795],[26.501173,41.296796],[26.501238,41.296794],[26.501333,41.296792],[26.501444,41.296791],[26.50154,41.296789],[26.50167,41.296786],[26.501749,41.296785],[26.501795,41.296933],[26.501799,41.296952],[26.501805,41.296971],[26.501821,41.297111],[26.501879,41.297112],[26.501993,41.297111],[26.502073,41.297111],[26.50214,41.29711],[26.502233,41.297107],[26.502298,41.297106],[26.502308,41.297113],[26.502335,41.297131],[26.502371,41.297156],[26.502409,41.297184],[26.502496,41.297243],[26.502572,41.297296],[26.502723,41.297401],[26.502823,41.297472],[26.502879,41.29751],[26.502898,41.297507],[26.502957,41.297497],[26.503068,41.297478],[26.503175,41.29746],[26.503286,41.297441],[26.503376,41.297426],[26.503446,41.297414],[26.503525,41.297401],[26.503645,41.297381],[26.503723,41.297368],[26.503796,41.297355],[26.503805,41.297353],[26.50386,41.297338],[26.503867,41.297336],[26.50387,41.297335],[26.503872,41.297334],[26.503874,41.297334],[26.503874,41.297334],[26.503875,41.297334],[26.503875,41.297334],[26.503877,41.297333],[26.503879,41.297333],[26.50388,41.297332],[26.503881,41.297332],[26.503882,41.297332],[26.503884,41.297331],[26.503886,41.297331],[26.503886,41.29733],[26.503888,41.29733],[26.503892,41.297329],[26.503895,41.297328],[26.503898,41.297327],[26.503907,41.297324],[26.503912,41.297323],[26.50392,41.297321],[26.503926,41.297319],[26.503934,41.297317],[26.50394,41.297315],[26.503949,41.297312],[26.503956,41.297311],[26.503962,41.297309],[26.503966,41.297308],[26.503971,41.297306],[26.503976,41.297305],[26.503984,41.297303],[26.50399,41.297301],[26.503999,41.297298],[26.504016,41.297293],[26.504028,41.29729],[26.504087,41.297273],[26.504162,41.297252],[26.504208,41.297239],[26.504257,41.297224],[26.504267,41.297217],[26.504309,41.297193],[26.504394,41.297143],[26.504449,41.297111],[26.504538,41.297057],[26.504622,41.297008],[26.504684,41.296971],[26.50476,41.296925],[26.504781,41.296904],[26.504828,41.296853],[26.504943,41.296732],[26.504996,41.296677],[26.505038,41.296634],[26.505051,41.296623],[26.505084,41.296598],[26.505121,41.296572],[26.505159,41.296545],[26.505165,41.296542],[26.505184,41.296532],[26.505254,41.296497],[26.5053,41.296473],[26.505322,41.296486],[26.505389,41.29653],[26.505465,41.296577],[26.505472,41.296573],[26.50552,41.296545],[26.50554,41.296534],[26.505614,41.296491],[26.505605,41.296485],[26.505555,41.296456],[26.50557,41.296437],[26.50556,41.296428],[26.505504,41.296385],[26.505523,41.296368],[26.505584,41.296317],[26.505607,41.296298],[26.505644,41.296267],[26.505667,41.296249],[26.505676,41.296242],[26.505684,41.296234],[26.505686,41.296232],[26.505689,41.29623],[26.505692,41.296227],[26.505694,41.296225],[26.505697,41.296223],[26.505699,41.296221],[26.505705,41.296217],[26.505712,41.296212],[26.505728,41.2962],[26.505741,41.296188],[26.505766,41.296167],[26.505787,41.29615],[26.505802,41.296138],[26.505805,41.296136],[26.505807,41.296134],[26.50581,41.296132],[26.505817,41.296127],[26.505826,41.296121],[26.505838,41.296112],[26.505852,41.296102],[26.505879,41.296085],[26.505923,41.296051],[26.505955,41.29603],[26.505991,41.296003],[26.50602,41.295985],[26.506065,41.295953],[26.506121,41.295902],[26.506173,41.295857],[26.50624,41.295796],[26.506324,41.295723],[26.506319,41.29572],[26.506339,41.295704],[26.506397,41.295657],[26.506628,41.295469],[26.506738,41.295381],[26.506857,41.295283],[26.506973,41.295188],[26.507109,41.295077],[26.507317,41.294907],[26.507413,41.294828],[26.507491,41.294764],[26.507566,41.294702],[26.507652,41.294629],[26.507907,41.294419],[26.508016,41.294331],[26.508142,41.29423],[26.508342,41.294066],[26.508537,41.293909],[26.508723,41.293757],[26.508765,41.293722],[26.508877,41.293631],[26.508959,41.293565],[26.509007,41.293526],[26.509143,41.293414],[26.509277,41.293305],[26.50934,41.293254],[26.509474,41.293147],[26.50959,41.293052],[26.509777,41.292902],[26.510003,41.29272],[26.510228,41.292535],[26.510375,41.292414],[26.510463,41.292332],[26.510562,41.292247],[26.510593,41.292218],[26.510637,41.29218],[26.510658,41.292165],[26.510702,41.292129],[26.510712,41.292122],[26.510721,41.292109],[26.510736,41.292098],[26.510757,41.292084],[26.510823,41.292039],[26.510903,41.291983],[26.511004,41.291914],[26.511069,41.29187],[26.511122,41.291834],[26.511127,41.29183],[26.511144,41.291821],[26.511353,41.291718],[26.511387,41.291709],[26.511501,41.291684],[26.511647,41.291655],[26.511742,41.291637],[26.511807,41.291632],[26.511923,41.291627],[26.511955,41.291623],[26.512012,41.291632],[26.512156,41.291648],[26.512332,41.29167],[26.512533,41.291687],[26.513025,41.291729],[26.513024,41.291769],[26.513024,41.291773],[26.513055,41.291776],[26.513254,41.2918],[26.51351,41.291831],[26.513726,41.291858],[26.513779,41.291855],[26.513812,41.291857],[26.513942,41.291871],[26.514133,41.291888],[26.514276,41.291901],[26.514352,41.291908],[26.514367,41.291911],[26.51439,41.291912],[26.514436,41.291916],[26.514485,41.291918],[26.514549,41.291922],[26.514643,41.291927],[26.514745,41.291934],[26.514827,41.291939],[26.514916,41.291944],[26.51496,41.291947],[26.515282,41.291964],[26.51566,41.291993],[26.51568,41.291978],[26.515804,41.291873],[26.515862,41.291823],[26.515856,41.2918],[26.5158,41.291609],[26.515783,41.291551],[26.515766,41.291495],[26.515663,41.291163],[26.515629,41.291059],[26.515643,41.291012],[26.515672,41.29092],[26.515737,41.290859],[26.515709,41.290838],[26.515521,41.290702],[26.515411,41.290679],[26.51534,41.290615],[26.515174,41.290464],[26.515116,41.290372],[26.515139,41.290361],[26.515238,41.290326],[26.515484,41.290238],[26.515627,41.290187],[26.51569,41.290156],[26.515817,41.290093],[26.515952,41.290022],[26.516107,41.289943],[26.516201,41.289893],[26.516226,41.289879],[26.516256,41.289868],[26.516359,41.28983],[26.516541,41.289764],[26.51669,41.289711],[26.516744,41.28969],[26.51683,41.289659],[26.516961,41.289617],[26.517033,41.289594],[26.517227,41.289505],[26.517758,41.289947],[26.517871,41.290038],[26.517941,41.290078],[26.518048,41.290147],[26.51808,41.290158],[26.518343,41.290248],[26.518434,41.290242],[26.518438,41.29016],[26.518444,41.29],[26.518448,41.289892],[26.518452,41.289799],[26.51845,41.289766],[26.51844,41.289673],[26.518423,41.289502],[26.518421,41.289448],[26.51843,41.289299],[26.518392,41.289251],[26.518307,41.289139],[26.518269,41.288912],[26.518287,41.288834],[26.518318,41.288649],[26.518411,41.288549],[26.518445,41.288552],[26.518544,41.288567],[26.518709,41.288597],[26.518921,41.28863],[26.518958,41.288635],[26.51899,41.28864],[26.518995,41.28864],[26.519001,41.288641],[26.519004,41.288642],[26.519005,41.288642],[26.519009,41.288643],[26.519013,41.288643],[26.519072,41.288655],[26.519099,41.288689],[26.519186,41.288704],[26.519299,41.288723],[26.519359,41.288732],[26.51956,41.288765],[26.519708,41.288789],[26.519928,41.288826],[26.520052,41.288846],[26.520253,41.28888],[26.520216,41.289181],[26.520254,41.289184],[26.520283,41.289187],[26.520348,41.289194],[26.520356,41.289194],[26.520415,41.289178],[26.520448,41.28917],[26.520465,41.289169],[26.520506,41.289164],[26.520566,41.289158],[26.520609,41.289154],[26.520611,41.289154],[26.520618,41.289155],[26.520659,41.289161],[26.520691,41.289166],[26.52081,41.289186],[26.520868,41.289195],[26.520921,41.289202],[26.520937,41.289207],[26.520996,41.289221],[26.520993,41.289312],[26.520989,41.289432],[26.520985,41.28956],[26.521075,41.289626],[26.521107,41.289647],[26.521135,41.289631],[26.521192,41.289601],[26.5212,41.289597],[26.521219,41.289584],[26.52125,41.289568],[26.521304,41.289586],[26.521422,41.28962],[26.521434,41.289703],[26.521524,41.289727],[26.521594,41.289866],[26.52179,41.289793],[26.521938,41.28973],[26.521873,41.289629],[26.521752,41.289427],[26.521535,41.289248],[26.521531,41.288863],[26.521236,41.288615],[26.521078,41.288363],[26.521087,41.288268],[26.521215,41.288175],[26.521346,41.288158],[26.521387,41.28805],[26.521522,41.288019],[26.521367,41.288004],[26.521197,41.288063],[26.5211,41.288134],[26.520813,41.287995],[26.520934,41.287928],[26.520987,41.287892],[26.520927,41.287786],[26.520906,41.28775],[26.520858,41.287633],[26.520831,41.28756],[26.520876,41.287537],[26.521013,41.287479],[26.521118,41.287429],[26.521259,41.287367],[26.521337,41.287331],[26.521383,41.287314],[26.521396,41.287308],[26.521411,41.287299],[26.521434,41.287288],[26.521471,41.287271],[26.521539,41.287242],[26.521716,41.287166],[26.521739,41.287155],[26.521867,41.287082],[26.522039,41.286986],[26.52216,41.286913],[26.522179,41.286906],[26.522232,41.286895],[26.522302,41.286879],[26.522489,41.286841],[26.522562,41.286823],[26.522633,41.286805],[26.522684,41.286797],[26.522809,41.28678],[26.522929,41.286758],[26.523136,41.286724],[26.52317,41.286894],[26.523287,41.286902],[26.523756,41.28688],[26.523774,41.286701],[26.52377,41.286452],[26.523657,41.286013],[26.523519,41.285604],[26.523432,41.285372],[26.523185,41.284972],[26.522668,41.284318],[26.522279,41.28379],[26.521813,41.283174],[26.521537,41.282764],[26.521289,41.28231],[26.521016,41.281776],[26.520949,41.281635],[26.520798,41.281264],[26.520713,41.280879],[26.520604,41.280258],[26.520439,41.279372],[26.520355,41.278846],[26.520229,41.278045],[26.520161,41.277621],[26.520155,41.277532],[26.520084,41.277297],[26.520025,41.277093],[26.52,41.276998],[26.519941,41.27679],[26.519783,41.276423],[26.519471,41.276031],[26.518892,41.275374],[26.518865,41.275344],[26.518839,41.275332],[26.518829,41.275349],[26.518226,41.275186],[26.517805,41.275071],[26.517455,41.274972],[26.517324,41.274932],[26.517164,41.274891],[26.516987,41.274845],[26.516836,41.274809],[26.516566,41.274742],[26.516381,41.274693],[26.51625,41.274645],[26.516008,41.274554],[26.515983,41.274585],[26.515934,41.274649],[26.51592,41.274669],[26.515897,41.2747],[26.515847,41.274769],[26.515816,41.274812],[26.515695,41.27481],[26.515624,41.274808],[26.515532,41.274885],[26.515368,41.275022],[26.515327,41.275056],[26.515326,41.275056],[26.515314,41.275055],[26.515312,41.275057],[26.515268,41.275054],[26.515191,41.275049],[26.51514,41.275046],[26.515105,41.275044],[26.515074,41.275042],[26.515034,41.27504],[26.515001,41.275037],[26.514985,41.275036],[26.514934,41.275033],[26.514909,41.275032],[26.514844,41.275028],[26.514794,41.275025],[26.514712,41.275021],[26.514666,41.275018],[26.514586,41.275014],[26.514472,41.275009],[26.514286,41.275],[26.51428,41.274994],[26.514232,41.275013],[26.514071,41.275078],[26.513977,41.275117],[26.513946,41.275147],[26.513885,41.27521],[26.513828,41.275267],[26.513724,41.275373],[26.513667,41.275432],[26.513633,41.275449],[26.513577,41.275479],[26.513495,41.275521],[26.513375,41.275583],[26.513292,41.275625],[26.513277,41.275632],[26.513134,41.275687],[26.5129,41.275779],[26.512709,41.275795],[26.512507,41.275811],[26.511859,41.275979],[26.511687,41.27602],[26.51123,41.276269],[26.511025,41.276379],[26.510982,41.276368],[26.510761,41.276302],[26.510554,41.27621],[26.510312,41.276108],[26.510192,41.27599],[26.510025,41.275823],[26.510162,41.275567],[26.510293,41.275526],[26.510425,41.275483],[26.510503,41.275473],[26.510829,41.275425],[26.510821,41.275337],[26.510797,41.275119],[26.51096,41.275156],[26.511271,41.275227],[26.511294,41.275087],[26.511295,41.275038],[26.511309,41.274929],[26.511334,41.274747],[26.51136,41.274661],[26.511407,41.274383],[26.511593,41.274342],[26.51166,41.274308],[26.51169,41.274248],[26.511691,41.274066],[26.511718,41.273832],[26.511582,41.273535],[26.511406,41.273122],[26.51132,41.272915],[26.511238,41.272718],[26.511221,41.272453],[26.511351,41.272288],[26.511517,41.272076],[26.51172,41.271975],[26.511765,41.271952],[26.512056,41.271846],[26.512109,41.271859],[26.512202,41.271856],[26.512443,41.271892],[26.51256,41.271933],[26.512655,41.271948],[26.512475,41.271822],[26.512251,41.271672],[26.512243,41.271445],[26.512237,41.27121],[26.512294,41.271146],[26.512357,41.271049],[26.51244,41.270904],[26.512602,41.270769],[26.51265,41.270778],[26.512702,41.270765],[26.51276,41.270772],[26.512875,41.270813],[26.512966,41.270827],[26.513108,41.270769],[26.513279,41.270618],[26.513409,41.270507],[26.513517,41.270487],[26.513603,41.270507],[26.513732,41.270538],[26.51379,41.270551],[26.513998,41.270645],[26.514032,41.270633],[26.514205,41.270577],[26.514391,41.270516],[26.514642,41.270435],[26.514889,41.270354],[26.515152,41.270267],[26.515266,41.270229],[26.515359,41.270204],[26.515546,41.270151],[26.515771,41.270091],[26.515793,41.270084],[26.515871,41.270055],[26.515879,41.270045],[26.515733,41.269923],[26.515688,41.269876],[26.515594,41.269769],[26.515442,41.269601],[26.515333,41.269479],[26.515406,41.269468],[26.515651,41.269428],[26.515745,41.269412],[26.51587,41.269272],[26.51579,41.269076],[26.51556,41.268507],[26.515476,41.268291],[26.515303,41.267854],[26.515276,41.267777],[26.515125,41.267772],[26.515048,41.26777],[26.514647,41.267789],[26.514335,41.267804],[26.51361,41.267843],[26.513346,41.267856],[26.513003,41.267873],[26.512182,41.267905],[26.511972,41.267761],[26.511902,41.267718],[26.511797,41.267669],[26.511698,41.267599],[26.511591,41.267454],[26.511526,41.267457],[26.51122,41.267266],[26.511068,41.266977],[26.510999,41.266876],[26.510919,41.26675],[26.51081,41.266585],[26.510654,41.266348],[26.510472,41.266206],[26.51019,41.265996],[26.510087,41.265897],[26.509956,41.265764],[26.509858,41.265677],[26.509577,41.265436],[26.5093,41.265208],[26.508983,41.264938],[26.508608,41.264608],[26.508372,41.264405],[26.508155,41.264213],[26.507949,41.264105],[26.507798,41.264022],[26.507669,41.263859],[26.507583,41.263671],[26.507465,41.263427],[26.507243,41.263367],[26.507103,41.263359],[26.50692,41.263519],[26.506672,41.2636],[26.506418,41.263699],[26.506188,41.263717],[26.505986,41.263688],[26.505778,41.263585],[26.505486,41.263478],[26.50527,41.263377],[26.504894,41.263198],[26.504652,41.263095],[26.504433,41.262961],[26.504264,41.262817],[26.504195,41.262755],[26.504156,41.262659],[26.503868,41.262434],[26.50381,41.262378],[26.503615,41.262194],[26.503454,41.262018],[26.503401,41.261952],[26.503075,41.261599],[26.502888,41.261414],[26.502845,41.26137],[26.502708,41.261182],[26.502627,41.261075],[26.50244,41.260931],[26.502389,41.260863],[26.502277,41.260685],[26.502165,41.260532],[26.50214,41.26042],[26.502026,41.260347],[26.501858,41.260264],[26.501658,41.260154],[26.501418,41.259995],[26.501142,41.259858],[26.500948,41.259719],[26.500854,41.259589],[26.500577,41.259504],[26.500247,41.259433],[26.499779,41.259215],[26.499668,41.259143],[26.499478,41.259011],[26.498903,41.258877],[26.498517,41.258788],[26.498313,41.258741],[26.498017,41.25867],[26.49777,41.258496],[26.497569,41.258355],[26.49742,41.258255],[26.497207,41.258139],[26.496942,41.257998],[26.496681,41.257858],[26.496488,41.257757],[26.495895,41.25744],[26.495447,41.257198],[26.494697,41.256806],[26.493772,41.256344],[26.493387,41.256154],[26.493043,41.255979],[26.492139,41.25554],[26.491984,41.255469],[26.491272,41.255125],[26.490907,41.254951],[26.490333,41.254689],[26.489388,41.254257],[26.48884,41.254004],[26.48861,41.253656],[26.48842,41.25344],[26.488288,41.253287],[26.488359,41.253299],[26.488336,41.253266],[26.488173,41.253245],[26.487723,41.253196],[26.486676,41.25308],[26.486492,41.253058],[26.486187,41.253028],[26.486124,41.253018],[26.485613,41.252993],[26.48529,41.25298],[26.484739,41.252975],[26.484697,41.253188],[26.484617,41.253617],[26.48459,41.253724],[26.484547,41.253913],[26.484447,41.254388],[26.484354,41.25481],[26.484244,41.255286],[26.48408,41.256037],[26.48401,41.256349],[26.483902,41.256834],[26.483818,41.257202],[26.483714,41.25767],[26.483623,41.25807],[26.483519,41.258576],[26.484247,41.261753],[26.484049,41.261861],[26.483666,41.26211],[26.483655,41.262424],[26.483634,41.262482],[26.4836,41.26259],[26.48357,41.262713],[26.483384,41.262937],[26.483326,41.263042],[26.483212,41.263266],[26.483177,41.263339],[26.483143,41.263364],[26.483085,41.263472],[26.483024,41.263584],[26.482982,41.263661],[26.482948,41.263796],[26.482919,41.263924],[26.48284,41.264107],[26.482822,41.264183],[26.482772,41.26437],[26.482728,41.264509],[26.482665,41.264669],[26.482586,41.264824],[26.482517,41.264966],[26.482463,41.265051],[26.482397,41.265133],[26.482348,41.265208],[26.482322,41.265237],[26.482085,41.265426],[26.481891,41.265567],[26.481826,41.265625],[26.481709,41.265698],[26.481515,41.265831],[26.481333,41.265942],[26.481267,41.265974],[26.481023,41.266076],[26.480893,41.266131],[26.480737,41.266199],[26.480603,41.266246],[26.480469,41.2663],[26.480334,41.266359],[26.480233,41.266399],[26.480183,41.266414],[26.480102,41.266438],[26.479997,41.266475],[26.479648,41.26658],[26.47942,41.266653],[26.47912,41.266732],[26.47894,41.266784],[26.478846,41.266839],[26.478768,41.266854],[26.478739,41.26688],[26.478595,41.267043],[26.478593,41.267131],[26.478588,41.267216],[26.47859,41.267571],[26.478596,41.267876],[26.478596,41.268199],[26.478657,41.268595],[26.478745,41.269253],[26.478782,41.269423],[26.478831,41.269915],[26.478878,41.269964],[26.478994,41.270087],[26.479041,41.270145],[26.479061,41.270175],[26.479097,41.270274],[26.47914,41.270418],[26.479144,41.270462],[26.479202,41.270795],[26.479236,41.270972],[26.479246,41.271072],[26.479268,41.271325],[26.479289,41.271627],[26.479286,41.271735],[26.47929,41.271959],[26.479298,41.271994],[26.479325,41.27226],[26.479356,41.27251],[26.479394,41.272705],[26.479438,41.27295],[26.479418,41.273064],[26.479392,41.273169],[26.479365,41.273235],[26.479245,41.273413],[26.47903,41.273704],[26.478878,41.273922],[26.478765,41.274075],[26.47871,41.274217],[26.478672,41.274284],[26.478515,41.274554],[26.478393,41.27478],[26.478314,41.274896],[26.478154,41.275056],[26.47792,41.275292],[26.477774,41.275441],[26.477579,41.275645],[26.477311,41.275944],[26.477064,41.276218],[26.476933,41.27636],[26.476801,41.2765],[26.476624,41.27669],[26.476502,41.276823],[26.476434,41.276902],[26.476341,41.277016],[26.476172,41.277223],[26.47615,41.277254],[26.476001,41.277433],[26.475881,41.27758],[26.475776,41.277685],[26.475636,41.277817],[26.475393,41.277905],[26.475343,41.277975],[26.475243,41.278027],[26.475255,41.278087],[26.475042,41.27839],[26.474927,41.278547],[26.474871,41.278632],[26.474739,41.278738],[26.474705,41.278939],[26.474647,41.279104],[26.4746,41.279255],[26.474451,41.279429],[26.474342,41.279553],[26.474282,41.279622],[26.474192,41.279726],[26.474152,41.279772],[26.474106,41.279806],[26.474039,41.279854],[26.474,41.279881],[26.473952,41.279918],[26.473903,41.279952],[26.473884,41.279969],[26.47384,41.280007],[26.473783,41.280055],[26.473684,41.280141],[26.473666,41.280157],[26.473636,41.280152],[26.473637,41.280195],[26.473623,41.280233],[26.473566,41.280282],[26.473524,41.280319],[26.473499,41.280376],[26.473498,41.280462],[26.473497,41.280515],[26.47349,41.280626],[26.47348,41.280661],[26.47346,41.280719],[26.473394,41.280787],[26.47336,41.280823],[26.473316,41.280857],[26.473265,41.280894],[26.4732,41.280942],[26.473186,41.280953],[26.47314,41.281012],[26.473132,41.281074],[26.473135,41.28111],[26.473144,41.281194],[26.473149,41.281239],[26.473151,41.281266],[26.47314,41.281296],[26.473099,41.281324],[26.473081,41.281335],[26.473012,41.281357],[26.473,41.281362],[26.472951,41.28139],[26.472937,41.281428],[26.472933,41.281448],[26.472925,41.281498],[26.472911,41.281544],[26.472905,41.281563],[26.472844,41.281623],[26.472821,41.281645],[26.472795,41.281659],[26.472758,41.281678],[26.472674,41.281751],[26.472606,41.281802],[26.472601,41.281813],[26.472582,41.281843],[26.472563,41.28202],[26.472578,41.282051],[26.472127,41.282371],[26.472018,41.282511],[26.471737,41.282896],[26.471658,41.283001],[26.471539,41.283174],[26.471388,41.283395],[26.471154,41.283813],[26.471078,41.284017],[26.470777,41.284306],[26.470637,41.284382],[26.47044,41.284467],[26.470323,41.284527],[26.470316,41.284696],[26.470285,41.28476],[26.470107,41.284958],[26.469979,41.285101],[26.469958,41.285172],[26.469964,41.285297],[26.470028,41.285448],[26.470038,41.285491],[26.470066,41.285657],[26.470098,41.285724],[26.470195,41.285797],[26.470488,41.286059],[26.470658,41.286223],[26.470666,41.286255],[26.470817,41.286444],[26.470948,41.286477],[26.470963,41.286488],[26.471033,41.286554],[26.471438,41.286578],[26.471721,41.28661],[26.471986,41.286802],[26.472135,41.286916],[26.472221,41.287088],[26.472134,41.287175],[26.472239,41.287303],[26.472396,41.287335],[26.472696,41.287396],[26.472831,41.287537],[26.472854,41.287682],[26.472847,41.28797],[26.472853,41.28807],[26.473233,41.287869],[26.473474,41.288014],[26.473606,41.288207],[26.473596,41.288431],[26.473692,41.288609],[26.473795,41.288789],[26.473853,41.288897],[26.473935,41.288972],[26.474095,41.289115],[26.474318,41.289292],[26.474473,41.289407],[26.474587,41.289474],[26.474672,41.289519],[26.474414,41.289611],[26.47417,41.289777],[26.473835,41.290004],[26.473981,41.290187],[26.474324,41.290612],[26.474395,41.290624],[26.474427,41.290664],[26.474509,41.290643],[26.474545,41.290636],[26.474568,41.290632],[26.474682,41.290626],[26.474812,41.290606],[26.474875,41.290588],[26.474981,41.290562],[26.475024,41.29055],[26.475042,41.290542],[26.475095,41.290523],[26.475251,41.290464],[26.47532,41.290437],[26.475452,41.290387],[26.47555,41.290349],[26.475593,41.290332],[26.47561,41.290326],[26.475656,41.290304],[26.475669,41.290299],[26.475733,41.290275],[26.475837,41.290216],[26.475904,41.290178],[26.475928,41.290163],[26.475932,41.290159],[26.475948,41.290151],[26.475956,41.290135],[26.476021,41.290068],[26.476041,41.290037],[26.476082,41.289976],[26.476276,41.290152],[26.476394,41.290272],[26.476026,41.290437],[26.475407,41.290734],[26.475211,41.290827],[26.475162,41.290853],[26.475097,41.290892],[26.474935,41.290982],[26.474848,41.291033],[26.47498,41.29113],[26.475161,41.291261],[26.475318,41.291377],[26.475367,41.291415],[26.475385,41.291425],[26.475549,41.291512],[26.47566,41.291569],[26.475696,41.291547],[26.475704,41.291552],[26.47575,41.291515],[26.475759,41.291509],[26.475807,41.291481],[26.475833,41.291466],[26.475877,41.291438],[26.475893,41.291427],[26.475906,41.291417],[26.475943,41.291389],[26.475956,41.291379],[26.475977,41.291362],[26.476006,41.291344],[26.476049,41.291316],[26.476081,41.291294],[26.476105,41.291279],[26.476147,41.291251],[26.476174,41.291233],[26.476224,41.291205],[26.476278,41.291172],[26.476362,41.29112],[26.476405,41.291094],[26.47644,41.291124],[26.476475,41.291153],[26.476476,41.291157],[26.476516,41.291272],[26.476677,41.291397],[26.476767,41.291464],[26.476912,41.29158],[26.476987,41.291636],[26.477051,41.291693],[26.477089,41.291723],[26.477148,41.291789],[26.477178,41.29181],[26.477392,41.291917],[26.477556,41.291997],[26.47761,41.292069],[26.47789,41.292334],[26.478194,41.292595],[26.478325,41.292673],[26.478487,41.292773],[26.478689,41.292896],[26.478762,41.292957],[26.478829,41.293017],[26.478904,41.293047],[26.479,41.293073],[26.479147,41.293146],[26.479315,41.293227],[26.479437,41.293265],[26.47956,41.293308],[26.479482,41.293367],[26.478944,41.293747],[26.478876,41.293794],[26.4789,41.293813],[26.478949,41.293851],[26.47903,41.293914],[26.4791,41.293968],[26.479198,41.294044],[26.479227,41.294067],[26.479289,41.294114],[26.479303,41.294125],[26.479329,41.294108],[26.479341,41.294098],[26.479357,41.294088],[26.479378,41.294074],[26.479467,41.294011],[26.479543,41.293955],[26.479649,41.293878],[26.479718,41.293829],[26.4799,41.293697],[26.480004,41.293623],[26.48013,41.293708],[26.480241,41.29378],[26.480289,41.293774],[26.480333,41.293769],[26.480401,41.293759],[26.48048,41.293787],[26.480608,41.293836],[26.480608,41.293891],[26.480597,41.293999],[26.480592,41.294025],[26.480561,41.294112],[26.480514,41.294249],[26.480484,41.294332],[26.480517,41.294348],[26.48067,41.294423],[26.480901,41.294544],[26.481023,41.294612],[26.481218,41.294717],[26.481282,41.294751],[26.481241,41.29483],[26.481198,41.29491],[26.481135,41.295032],[26.481079,41.295138],[26.48113,41.295172],[26.481124,41.295199],[26.481161,41.295216],[26.481232,41.295249],[26.481263,41.295263],[26.481289,41.29528],[26.481339,41.295313],[26.481387,41.295341],[26.481393,41.295349],[26.481431,41.29538],[26.481472,41.295414],[26.481491,41.29543],[26.481581,41.29552],[26.481672,41.295614],[26.481688,41.295635],[26.481731,41.295693],[26.481867,41.295861],[26.481942,41.295959],[26.482014,41.296055],[26.482073,41.296132],[26.482128,41.296206],[26.482169,41.296259],[26.482203,41.296291],[26.482232,41.296318],[26.482242,41.296329],[26.48227,41.296354],[26.48233,41.296406],[26.482377,41.296445],[26.482389,41.296457],[26.482421,41.296478],[26.482433,41.296486],[26.482441,41.296492],[26.482457,41.296506],[26.482497,41.29654],[26.48254,41.296558],[26.482549,41.296562],[26.482562,41.29657],[26.482581,41.29658],[26.482677,41.296624],[26.482703,41.296647],[26.482778,41.296701],[26.482788,41.296716],[26.482773,41.296757],[26.482742,41.296776],[26.482717,41.296794],[26.482707,41.296799],[26.482699,41.296802],[26.482655,41.296822],[26.482569,41.296864],[26.482466,41.296912],[26.48238,41.296952],[26.482322,41.296978],[26.482276,41.297001],[26.482248,41.297014],[26.482202,41.297037],[26.482166,41.29705],[26.482149,41.29706],[26.482071,41.297089],[26.481949,41.297143],[26.481836,41.297195],[26.481809,41.297208],[26.481773,41.297229],[26.481651,41.297285],[26.481581,41.297317],[26.481505,41.297353],[26.481404,41.297398],[26.481367,41.297416],[26.481329,41.297429],[26.481271,41.297447],[26.481235,41.29746],[26.481179,41.297481],[26.481123,41.297502],[26.481076,41.297518],[26.481012,41.297541],[26.480976,41.297555],[26.480932,41.297571],[26.480868,41.297594],[26.480779,41.297626],[26.480698,41.297655],[26.480639,41.297678],[26.480608,41.297689],[26.480588,41.297697],[26.480548,41.297682],[26.480512,41.297693],[26.480407,41.29772],[26.480334,41.297739],[26.48031,41.297745],[26.480218,41.297752],[26.480212,41.297758],[26.479949,41.297891],[26.479853,41.297941],[26.479815,41.298],[26.479652,41.298079],[26.479529,41.298139],[26.479437,41.298182],[26.479384,41.298212],[26.479302,41.298252],[26.479181,41.298315],[26.479098,41.298356],[26.479037,41.298388],[26.478944,41.298433],[26.478875,41.298466],[26.478817,41.298497],[26.478775,41.298523],[26.478709,41.298558],[26.478632,41.298599],[26.478641,41.298605],[26.478936,41.298841],[26.47841,41.299126],[26.478139,41.299271],[26.477976,41.299358],[26.477895,41.299405],[26.477788,41.299469],[26.477724,41.299511],[26.477628,41.299567],[26.477489,41.299651],[26.477459,41.299671],[26.477379,41.299725],[26.47729,41.299785],[26.477191,41.299855],[26.477099,41.299921],[26.477031,41.299968],[26.476982,41.299997],[26.476897,41.300045],[26.476759,41.300123],[26.476667,41.300176],[26.476546,41.300243],[26.476435,41.300306],[26.476332,41.300364],[26.476209,41.300428],[26.476104,41.300485],[26.476067,41.300505],[26.476016,41.300532],[26.476003,41.300539],[26.475956,41.300563],[26.475899,41.300594],[26.475853,41.300619],[26.475823,41.300635],[26.475803,41.300646],[26.475786,41.300655],[26.475778,41.30066],[26.475754,41.300674],[26.475718,41.300693],[26.475685,41.300711],[26.475679,41.300715],[26.475671,41.300719],[26.475663,41.300723],[26.475654,41.300728],[26.475648,41.300731],[26.475645,41.300733],[26.475639,41.300727],[26.475634,41.300721],[26.475629,41.300716],[26.475625,41.300712],[26.475592,41.300676],[26.475565,41.300647],[26.475536,41.300616],[26.475532,41.300619],[26.475504,41.300591],[26.475184,41.30075],[26.474946,41.300872],[26.474815,41.300935],[26.474693,41.300987],[26.474571,41.301043],[26.474479,41.301086],[26.474423,41.301109],[26.474429,41.301199],[26.474432,41.30122],[26.474449,41.301349],[26.47447,41.301549],[26.474479,41.30165],[26.474509,41.301862],[26.474544,41.302149],[26.47459,41.30249],[26.474623,41.30276],[26.475079,41.302917],[26.483552,41.302818],[26.485157,41.303432],[26.485276,41.303214],[26.485286,41.303145]]]}},{"type":"Feature","properties":{"id":"TR-Y-22-007-K-0017","level":"yerlesim","type":"mahalle","parent_id":"TR-D-22-007","province_id":"TR-P-22","district_id":"TR-D-22-007","name":"Saatağacı","source_raw_name":"Saatağacı","source":"Kullanıcı tarafından sağlanan KML","source_label":"Kullanıcı tarafından sağlanan KML","source_name":"Edirne Mahalle KML - kullanıcı tarafından sağlandı"},"geometry":{"type":"Polygon","coordinates":[[[26.51048,41.183315],[26.510571,41.183277],[26.510823,41.183311],[26.510994,41.183415],[26.51108,41.183244],[26.511242,41.183139],[26.511508,41.182987],[26.511679,41.182935],[26.511951,41.182768],[26.512184,41.182644],[26.512698,41.18244],[26.512898,41.182345],[26.513041,41.182245],[26.513321,41.182173],[26.51344,41.18213],[26.513554,41.182069],[26.51394,41.181997],[26.514449,41.181911],[26.515058,41.181812],[26.51533,41.181759],[26.51551,41.181626],[26.515734,41.181488],[26.516072,41.18134],[26.516448,41.18115],[26.516567,41.181036],[26.516657,41.180998],[26.516805,41.180907],[26.517157,41.180788],[26.517228,41.180788],[26.517343,41.180679],[26.517423,41.180603],[26.517452,41.18056],[26.5176,41.180508],[26.518094,41.180117],[26.518751,41.179608],[26.519037,41.179308],[26.519337,41.179166],[26.51967,41.179037],[26.51986,41.179004],[26.520131,41.178989],[26.520369,41.178985],[26.520531,41.178989],[26.520855,41.178956],[26.52135,41.178861],[26.521416,41.178851],[26.522054,41.178756],[26.522287,41.178747],[26.522573,41.178747],[26.522939,41.178752],[26.523153,41.178733],[26.52342,41.178771],[26.523853,41.178885],[26.524429,41.179013],[26.525,41.179237],[26.525261,41.17937],[26.525414,41.17937],[26.525618,41.179185],[26.525799,41.178975],[26.52588,41.178928],[26.525894,41.178832],[26.526023,41.17888],[26.526499,41.178514],[26.526703,41.178338],[26.526994,41.178028],[26.527184,41.177824],[26.527627,41.17739],[26.528198,41.176848],[26.528402,41.176691],[26.528512,41.176601],[26.52895,41.176186],[26.529487,41.17572],[26.530748,41.174587],[26.531177,41.174192],[26.531624,41.173736],[26.531629,41.173736],[26.53135,41.173543],[26.531146,41.173412],[26.531175,41.173386],[26.531141,41.173362],[26.531472,41.172993],[26.531659,41.172783],[26.531861,41.172593],[26.531922,41.172505],[26.532112,41.17222],[26.532363,41.171839],[26.532702,41.17131],[26.532911,41.170998],[26.533353,41.170274],[26.533633,41.169829],[26.53326,41.169661],[26.532457,41.169099],[26.532057,41.169037],[26.530859,41.168806],[26.529601,41.168493],[26.528991,41.168101],[26.528785,41.16784],[26.528553,41.167405],[26.528518,41.167079],[26.528574,41.166713],[26.528489,41.166375],[26.528433,41.166249],[26.528452,41.166215],[26.528313,41.1661],[26.527581,41.165794],[26.526962,41.165603],[26.526687,41.165493],[26.526139,41.165396],[26.525565,41.165223],[26.525426,41.165156],[26.525189,41.164947],[26.524967,41.164757],[26.524749,41.164607],[26.524602,41.164527],[26.524474,41.164429],[26.524372,41.164383],[26.524112,41.16425],[26.52377,41.164003],[26.523597,41.163828],[26.523431,41.163733],[26.523145,41.16354],[26.52276,41.16335],[26.521912,41.16298],[26.52138,41.162795],[26.521161,41.162677],[26.520814,41.162567],[26.520346,41.162474],[26.520187,41.162464],[26.519963,41.162498],[26.519698,41.162594],[26.519492,41.162807],[26.51937,41.162981],[26.519327,41.163167],[26.51929,41.163481],[26.519481,41.163822],[26.519706,41.164075],[26.519754,41.164189],[26.519746,41.164255],[26.519682,41.164323],[26.519606,41.164357],[26.519219,41.164399],[26.518978,41.164363],[26.518256,41.164197],[26.517973,41.164179],[26.517402,41.164042],[26.516364,41.163806],[26.515888,41.163719],[26.515759,41.163721],[26.515117,41.163561],[26.51471,41.163359],[26.514533,41.163195],[26.514429,41.162986],[26.514389,41.1628],[26.514397,41.162675],[26.514425,41.16246],[26.51443,41.162334],[26.514398,41.162131],[26.514331,41.161928],[26.514245,41.161791],[26.514136,41.161636],[26.514016,41.161544],[26.513918,41.161495],[26.513263,41.160588],[26.513105,41.160448],[26.512781,41.160209],[26.512454,41.160022],[26.512208,41.159932],[26.512001,41.159891],[26.51115,41.159879],[26.510511,41.159811],[26.509941,41.15964],[26.509568,41.159398],[26.509286,41.159142],[26.50923,41.15905],[26.509218,41.158642],[26.509101,41.157658],[26.509154,41.157172],[26.50908,41.156914],[26.508701,41.156589],[26.508667,41.156478],[26.508679,41.156215],[26.508756,41.156006],[26.508818,41.155785],[26.508851,41.155507],[26.508832,41.155335],[26.508737,41.155167],[26.508531,41.155082],[26.508385,41.155043],[26.508179,41.155031],[26.507946,41.155057],[26.50779,41.155018],[26.507619,41.154941],[26.507454,41.154765],[26.507365,41.154566],[26.507327,41.154242],[26.507358,41.154113],[26.507416,41.153827],[26.507407,41.153732],[26.507357,41.153568],[26.507323,41.153442],[26.507299,41.153259],[26.507346,41.153045],[26.507372,41.152946],[26.507506,41.152596],[26.507522,41.152402],[26.507503,41.152261],[26.507403,41.152158],[26.507223,41.152004],[26.50679,41.151838],[26.506625,41.151746],[26.50649,41.151479],[26.506363,41.150945],[26.506254,41.1507],[26.506074,41.150574],[26.506004,41.150406],[26.505875,41.150089],[26.505647,41.149668],[26.505352,41.149229],[26.505242,41.149148],[26.505172,41.149098],[26.505197,41.149087],[26.504601,41.14862],[26.504231,41.148111],[26.504006,41.147874],[26.503655,41.147674],[26.503124,41.147199],[26.502827,41.147041],[26.502375,41.146845],[26.501691,41.146659],[26.501349,41.146452],[26.501052,41.146248],[26.50072,41.145999],[26.500419,41.145862],[26.500422,41.145824],[26.500523,41.145848],[26.500646,41.145825],[26.500849,41.145656],[26.500972,41.145604],[26.501114,41.145572],[26.501316,41.145546],[26.502426,41.145537],[26.503207,41.145533],[26.503462,41.145551],[26.503732,41.145685],[26.503858,41.145696],[26.504245,41.145821],[26.50462,41.145827],[26.50486,41.145743],[26.504994,41.145622],[26.505129,41.145255],[26.505338,41.145071],[26.505468,41.145],[26.505708,41.144917],[26.505913,41.14487],[26.506517,41.144685],[26.506978,41.144458],[26.507112,41.14434],[26.507356,41.144098],[26.507366,41.14405],[26.507701,41.143432],[26.507979,41.143038],[26.508058,41.142957],[26.508169,41.142915],[26.508352,41.14287],[26.508725,41.142734],[26.508938,41.142631],[26.509129,41.142466],[26.509357,41.142232],[26.509602,41.141844],[26.509573,41.141627],[26.509651,41.141591],[26.509726,41.140624],[26.5093,41.140149],[26.508961,41.139863],[26.50882,41.139741],[26.508472,41.139271],[26.508289,41.139028],[26.507885,41.138952],[26.507325,41.1388],[26.506856,41.138676],[26.506821,41.13867],[26.506723,41.138613],[26.50646,41.138642],[26.506432,41.138647],[26.506384,41.138656],[26.506379,41.138597],[26.506372,41.138506],[26.506355,41.138422],[26.506291,41.138379],[26.506283,41.138145],[26.50625,41.138062],[26.506227,41.137985],[26.506131,41.137885],[26.506056,41.137798],[26.505878,41.137689],[26.505765,41.137644],[26.505647,41.137589],[26.505513,41.137555],[26.505442,41.137537],[26.505371,41.137528],[26.505241,41.137521],[26.505123,41.137489],[26.505052,41.137477],[26.505014,41.137472],[26.504958,41.137454],[26.504829,41.137423],[26.504642,41.137385],[26.50455,41.137334],[26.504321,41.137223],[26.504017,41.137006],[26.503977,41.136977],[26.503877,41.136875],[26.503719,41.13672],[26.503499,41.13647],[26.503271,41.136208],[26.502962,41.135823],[26.502744,41.135567],[26.502717,41.135542],[26.502557,41.135376],[26.502497,41.135322],[26.502313,41.135186],[26.502138,41.135089],[26.501867,41.134935],[26.501698,41.134839],[26.5012,41.134594],[26.501063,41.134711],[26.501006,41.134754],[26.500636,41.13495],[26.499522,41.13556],[26.499437,41.135525],[26.499364,41.135491],[26.499301,41.135464],[26.499128,41.135559],[26.498953,41.135657],[26.49881,41.135733],[26.498675,41.13581],[26.498575,41.135869],[26.498416,41.135957],[26.498277,41.136044],[26.498096,41.136141],[26.497947,41.136227],[26.497802,41.136309],[26.497631,41.136405],[26.497371,41.136552],[26.497244,41.136623],[26.49704,41.136741],[26.496922,41.136812],[26.49677,41.136894],[26.496523,41.137035],[26.496333,41.137139],[26.496168,41.137235],[26.496078,41.137282],[26.495888,41.137393],[26.495767,41.137465],[26.495444,41.137642],[26.495121,41.137825],[26.494858,41.137972],[26.494658,41.138085],[26.494272,41.138053],[26.493999,41.13803],[26.493658,41.138003],[26.493394,41.137982],[26.493187,41.137959],[26.492906,41.13793],[26.492665,41.1379],[26.492392,41.137853],[26.492242,41.137823],[26.492084,41.137931],[26.491948,41.138029],[26.491794,41.138136],[26.491652,41.138231],[26.491677,41.138315],[26.491632,41.13842],[26.491535,41.138637],[26.491471,41.138799],[26.4914,41.138905],[26.49125,41.139113],[26.49119,41.139202],[26.491106,41.139328],[26.491082,41.139383],[26.491039,41.139437],[26.490962,41.139533],[26.491248,41.139611],[26.491363,41.139642],[26.491549,41.139681],[26.491814,41.139738],[26.491888,41.139745],[26.491506,41.139989],[26.491323,41.140108],[26.491011,41.140302],[26.4908,41.140436],[26.490646,41.140533],[26.489995,41.140445],[26.489684,41.140401],[26.489598,41.140465],[26.489571,41.140447],[26.48941,41.140562],[26.489281,41.140657],[26.489128,41.140769],[26.488947,41.140895],[26.488798,41.141003],[26.488621,41.141128],[26.488505,41.141211],[26.488358,41.141317],[26.488208,41.141424],[26.488364,41.141586],[26.48848,41.141704],[26.488598,41.141823],[26.48867,41.1419],[26.488667,41.141903],[26.488505,41.142016],[26.488276,41.14218],[26.488099,41.142297],[26.487831,41.142494],[26.48762,41.142646],[26.487318,41.142853],[26.487046,41.143051],[26.487075,41.143092],[26.486997,41.143144],[26.487502,41.143791],[26.487729,41.144062],[26.487923,41.144279],[26.488236,41.144612],[26.488476,41.144851],[26.48859,41.144964],[26.488852,41.14529],[26.488899,41.145333],[26.489097,41.145173],[26.489526,41.145447],[26.489668,41.145541],[26.489884,41.145668],[26.490052,41.145754],[26.490262,41.145876],[26.490455,41.145946],[26.490638,41.146018],[26.490803,41.14603],[26.490612,41.146284],[26.490449,41.146491],[26.490312,41.146663],[26.490198,41.146804],[26.48993,41.147148],[26.489797,41.147314],[26.489674,41.147471],[26.48956,41.147608],[26.489418,41.147795],[26.489295,41.147944],[26.48919,41.148084],[26.489028,41.148279],[26.488865,41.148486],[26.488747,41.148665],[26.488564,41.148919],[26.488457,41.149074],[26.488372,41.149194],[26.48816,41.149373],[26.488087,41.149438],[26.48809,41.149447],[26.488075,41.14949],[26.487914,41.149913],[26.487729,41.150393],[26.487673,41.150533],[26.487691,41.150589],[26.487675,41.150661],[26.487705,41.150824],[26.48774,41.150964],[26.487201,41.151144],[26.486794,41.151282],[26.486694,41.151442],[26.486468,41.15182],[26.486242,41.152196],[26.485987,41.152622],[26.485815,41.152904],[26.485637,41.153204],[26.485587,41.153299],[26.485607,41.153305],[26.485564,41.153372],[26.485186,41.153553],[26.484953,41.153663],[26.484667,41.153803],[26.484486,41.153891],[26.484467,41.153909],[26.484365,41.153947],[26.484341,41.153924],[26.484312,41.153918],[26.484253,41.154092],[26.484152,41.154179],[26.48396,41.15429],[26.483832,41.154381],[26.483669,41.154531],[26.483446,41.154733],[26.483347,41.154835],[26.48328,41.15503],[26.483199,41.155173],[26.483111,41.155287],[26.482868,41.155635],[26.482763,41.155782],[26.482769,41.155816],[26.482803,41.155909],[26.482916,41.156149],[26.48292,41.156204],[26.482974,41.156408],[26.483088,41.156658],[26.48315,41.156894],[26.483226,41.1572],[26.483278,41.157407],[26.483269,41.157651],[26.483269,41.157791],[26.483243,41.15803],[26.483207,41.158609],[26.483214,41.158708],[26.483245,41.159009],[26.48328,41.15923],[26.483198,41.159293],[26.483092,41.159369],[26.483033,41.159414],[26.48297,41.159459],[26.482926,41.159491],[26.482866,41.159547],[26.4828,41.159571],[26.482721,41.159611],[26.482623,41.159656],[26.48254,41.159696],[26.482458,41.159733],[26.482389,41.159766],[26.48234,41.159792],[26.482248,41.159832],[26.482126,41.159893],[26.482082,41.15991],[26.482033,41.159932],[26.481858,41.160004],[26.481825,41.160015],[26.481707,41.160068],[26.478103,41.157128],[26.477458,41.15707],[26.476788,41.157201],[26.472522,41.159082],[26.472222,41.159333],[26.472167,41.159383],[26.472053,41.159447],[26.471943,41.159494],[26.471903,41.159515],[26.471726,41.159523],[26.471391,41.159709],[26.47111,41.159874],[26.470929,41.159994],[26.470027,41.160525],[26.469238,41.160988],[26.468587,41.161376],[26.467685,41.161947],[26.466315,41.162815],[26.464841,41.163734],[26.463048,41.164859],[26.461655,41.165727],[26.460507,41.166453],[26.459433,41.167138],[26.458068,41.168046],[26.456898,41.168806],[26.457188,41.169138],[26.457545,41.169402],[26.458099,41.169571],[26.459184,41.170305],[26.459553,41.170669],[26.459785,41.170818],[26.460264,41.170849],[26.461315,41.171154],[26.462806,41.171466],[26.463322,41.17163],[26.463623,41.171827],[26.464963,41.172828],[26.46558,41.17271],[26.466638,41.172523],[26.467967,41.172283],[26.469105,41.172081],[26.470213,41.171872],[26.471218,41.171689],[26.472871,41.171396],[26.474241,41.171145],[26.476012,41.170821],[26.478715,41.170326],[26.480215,41.170056],[26.481654,41.169805],[26.483062,41.169538],[26.485244,41.169142],[26.486641,41.168883],[26.487414,41.168746],[26.488659,41.168514],[26.489953,41.168278],[26.49049,41.168179],[26.491194,41.168057],[26.491807,41.167932],[26.492862,41.167745],[26.493814,41.16754],[26.493817,41.167677],[26.493841,41.168069],[26.493925,41.16899],[26.493993,41.169654],[26.494064,41.170536],[26.49414,41.171202],[26.494226,41.171408],[26.494316,41.171553],[26.494614,41.171856],[26.495065,41.172279],[26.495731,41.172897],[26.49641,41.173518],[26.496895,41.173976],[26.497467,41.174512],[26.497644,41.17467],[26.497588,41.174972],[26.497654,41.175716],[26.497755,41.175808],[26.497845,41.175988],[26.498153,41.176764],[26.49838,41.177248],[26.498608,41.177638],[26.498836,41.177996],[26.499207,41.178464],[26.49962,41.178912],[26.500006,41.179382],[26.500407,41.179867],[26.500644,41.180126],[26.50082,41.180298],[26.501102,41.180542],[26.501452,41.180744],[26.501739,41.180885],[26.502005,41.180974],[26.502193,41.181025],[26.502854,41.181181],[26.503299,41.181245],[26.504567,41.181472],[26.505254,41.181597],[26.506058,41.181751],[26.506619,41.181836],[26.507089,41.181876],[26.507654,41.181898],[26.507914,41.181901],[26.508097,41.181932],[26.508267,41.181994],[26.508417,41.182097],[26.508602,41.182227],[26.508788,41.182402],[26.50901,41.182694],[26.509268,41.183052],[26.509442,41.183295],[26.509612,41.183459],[26.509793,41.183553],[26.51048,41.183315]]]}},{"type":"Feature","properties":{"id":"TR-Y-22-007-K-0018","level":"yerlesim","type":"mahalle","parent_id":"TR-D-22-007","province_id":"TR-P-22","district_id":"TR-D-22-007","name":"Seren","source_raw_name":"Serem","source":"Kullanıcı tarafından sağlanan KML","source_label":"Kullanıcı tarafından sağlanan KML","source_name":"Edirne Mahalle KML - kullanıcı tarafından sağlandı"},"geometry":{"type":"Polygon","coordinates":[[[26.508218,41.327083],[26.510788,41.326981],[26.512686,41.327355],[26.513794,41.32797],[26.514551,41.328499],[26.514384,41.328311],[26.514445,41.328233],[26.514524,41.328146],[26.514768,41.327973],[26.515199,41.327386],[26.515312,41.327415],[26.51567,41.327504],[26.515989,41.327586],[26.516039,41.327598],[26.516209,41.327654],[26.516534,41.327756],[26.516644,41.32771],[26.516703,41.327656],[26.517094,41.327303],[26.517384,41.327049],[26.517648,41.326807],[26.517407,41.326692],[26.517316,41.326629],[26.517002,41.32641],[26.516945,41.32638],[26.516739,41.326274],[26.51655,41.326176],[26.516253,41.32602],[26.516089,41.325935],[26.515928,41.325839],[26.515546,41.325618],[26.515607,41.325463],[26.515672,41.3253],[26.51572,41.32523],[26.515861,41.325014],[26.515877,41.324971],[26.515914,41.324882],[26.516005,41.324646],[26.51602,41.324612],[26.516088,41.32448],[26.516151,41.324363],[26.51628,41.32413],[26.516479,41.323846],[26.516621,41.323626],[26.51684,41.323291],[26.516872,41.323237],[26.51702,41.322953],[26.517106,41.322876],[26.517387,41.322617],[26.517547,41.322467],[26.517575,41.322435],[26.517776,41.322202],[26.517847,41.322162],[26.517895,41.322132],[26.518011,41.322011],[26.518507,41.321696],[26.51881,41.321508],[26.518875,41.321478],[26.518985,41.32143],[26.519131,41.321366],[26.519466,41.32123],[26.519524,41.321207],[26.519659,41.32112],[26.520016,41.320888],[26.520307,41.32072],[26.520593,41.320553],[26.520615,41.320543],[26.52065,41.320535],[26.520678,41.32054],[26.520693,41.32054],[26.520793,41.32058],[26.520907,41.32063],[26.521025,41.320659],[26.521179,41.320693],[26.521278,41.320729],[26.521426,41.320737],[26.521523,41.320743],[26.521653,41.320777],[26.521784,41.320808],[26.521909,41.320862],[26.522048,41.32092],[26.522187,41.32098],[26.522302,41.321042],[26.522508,41.321151],[26.522734,41.321273],[26.523011,41.321423],[26.523049,41.321443],[26.523186,41.321501],[26.52339,41.32159],[26.523634,41.321694],[26.523664,41.321706],[26.523885,41.321748],[26.524075,41.321685],[26.524118,41.321629],[26.524183,41.32154],[26.524263,41.321315],[26.524269,41.321298],[26.524324,41.321242],[26.524414,41.321221],[26.524575,41.321222],[26.525157,41.321233],[26.525685,41.321241],[26.526137,41.321248],[26.526396,41.321253],[26.526907,41.321266],[26.527147,41.321275],[26.527496,41.321235],[26.527723,41.321259],[26.527999,41.321286],[26.528045,41.321286],[26.528093,41.321283],[26.528113,41.321275],[26.528183,41.321247],[26.528216,41.321215],[26.528243,41.321191],[26.528249,41.321172],[26.528265,41.321132],[26.528266,41.32112],[26.52827,41.321086],[26.528275,41.321033],[26.52828,41.320995],[26.528283,41.320963],[26.528286,41.320955],[26.528293,41.320935],[26.528298,41.320922],[26.52831,41.32091],[26.528323,41.320896],[26.528359,41.320879],[26.528378,41.320876],[26.528415,41.320871],[26.52847,41.320871],[26.528576,41.320871],[26.528727,41.320871],[26.528936,41.32087],[26.529108,41.32087],[26.529111,41.32087],[26.529144,41.320873],[26.529204,41.320878],[26.529275,41.320883],[26.529394,41.320892],[26.529624,41.320909],[26.529727,41.320916],[26.529841,41.320925],[26.529948,41.320933],[26.530028,41.320939],[26.530037,41.3209],[26.530044,41.320866],[26.530054,41.320816],[26.530065,41.320766],[26.53007,41.320744],[26.530072,41.320738],[26.53009,41.320684],[26.530105,41.320639],[26.530136,41.320543],[26.53015,41.320502],[26.530178,41.320417],[26.530204,41.320338],[26.530216,41.320301],[26.530222,41.320282],[26.53023,41.32026],[26.530234,41.320246],[26.530243,41.320219],[26.530249,41.320201],[26.530262,41.320163],[26.530275,41.320122],[26.530287,41.320084],[26.53029,41.320077],[26.530291,41.320072],[26.530295,41.32005],[26.530306,41.319983],[26.530308,41.319972],[26.530312,41.319938],[26.530325,41.319861],[26.53034,41.319765],[26.530351,41.319696],[26.530387,41.319668],[26.530432,41.319633],[26.530434,41.319626],[26.53046,41.319579],[26.530508,41.319489],[26.530482,41.31949],[26.530325,41.319495],[26.530256,41.319497],[26.530257,41.319435],[26.530258,41.319357],[26.530259,41.319293],[26.53026,41.319245],[26.530261,41.319229],[26.530265,41.319197],[26.530206,41.319194],[26.530152,41.319195],[26.530036,41.319197],[26.529995,41.319196],[26.529782,41.319189],[26.529668,41.319172],[26.529559,41.319107],[26.529544,41.319098],[26.529444,41.319023],[26.529425,41.318961],[26.529427,41.318954],[26.529442,41.318898],[26.52945,41.318866],[26.529456,41.318846],[26.529458,41.318837],[26.529476,41.31879],[26.529486,41.318763],[26.52951,41.318695],[26.529512,41.318686],[26.529525,41.318631],[26.529537,41.318573],[26.529543,41.318548],[26.529545,41.318528],[26.529551,41.318461],[26.529578,41.318416],[26.529636,41.318321],[26.529631,41.318278],[26.529623,41.318209],[26.529618,41.318167],[26.529614,41.318147],[26.529606,41.318107],[26.529576,41.317949],[26.529568,41.317912],[26.529557,41.317858],[26.529548,41.317811],[26.529535,41.317743],[26.529525,41.317694],[26.529514,41.317643],[26.529474,41.317497],[26.529385,41.317153],[26.529318,41.316993],[26.5293,41.316961],[26.529278,41.316925],[26.529247,41.316873],[26.529227,41.316846],[26.529179,41.316781],[26.529159,41.316745],[26.529138,41.316706],[26.529118,41.316671],[26.529091,41.316631],[26.529069,41.316599],[26.529062,41.316583],[26.529048,41.316541],[26.529015,41.316463],[26.528996,41.316419],[26.528975,41.316394],[26.528943,41.316353],[26.528911,41.316325],[26.528831,41.316258],[26.528805,41.31624],[26.528775,41.316192],[26.528716,41.31617],[26.528706,41.316167],[26.528572,41.316137],[26.528515,41.316106],[26.528488,41.316048],[26.528492,41.315994],[26.528495,41.315977],[26.528501,41.315953],[26.528522,41.315899],[26.528557,41.315804],[26.528553,41.315789],[26.528523,41.315659],[26.528517,41.315632],[26.528513,41.31556],[26.52851,41.315525],[26.528515,41.315509],[26.528528,41.315457],[26.528568,41.3154],[26.528627,41.315369],[26.528684,41.315355],[26.528647,41.315253],[26.528441,41.315267],[26.528483,41.315103],[26.528481,41.315081],[26.528479,41.315039],[26.528451,41.314965],[26.528443,41.314958],[26.528373,41.314898],[26.528338,41.314875],[26.528268,41.314884],[26.528266,41.314882],[26.528262,41.314878],[26.52826,41.314876],[26.528257,41.314873],[26.528254,41.31487],[26.528252,41.314868],[26.52825,41.314866],[26.528249,41.314865],[26.528249,41.314865],[26.528248,41.314865],[26.528248,41.314864],[26.528248,41.314863],[26.528247,41.314863],[26.528244,41.31486],[26.528243,41.314858],[26.528242,41.314857],[26.528239,41.314854],[26.528237,41.314851],[26.528234,41.314849],[26.528233,41.314847],[26.52823,41.314844],[26.528226,41.31484],[26.52822,41.314834],[26.528219,41.314832],[26.528213,41.314826],[26.528211,41.314824],[26.528207,41.31482],[26.528204,41.314816],[26.528204,41.314816],[26.528202,41.314813],[26.5282,41.31481],[26.528198,41.314808],[26.528197,41.314807],[26.528196,41.314805],[26.528195,41.314804],[26.528192,41.3148],[26.528191,41.314799],[26.528189,41.314796],[26.528187,41.314794],[26.528186,41.314792],[26.528184,41.31479],[26.528183,41.314788],[26.528182,41.314786],[26.528181,41.314785],[26.52818,41.314784],[26.528178,41.314782],[26.528177,41.31478],[26.528175,41.314778],[26.528174,41.314777],[26.528172,41.314774],[26.528171,41.314772],[26.528169,41.31477],[26.528165,41.314765],[26.528163,41.314762],[26.52816,41.314758],[26.528159,41.314757],[26.528158,41.314755],[26.528156,41.314753],[26.528155,41.314751],[26.528152,41.314747],[26.528149,41.314743],[26.528145,41.314737],[26.528143,41.314735],[26.528141,41.314732],[26.528139,41.314731],[26.528138,41.314728],[26.528136,41.314726],[26.528136,41.314725],[26.528134,41.314723],[26.528133,41.314721],[26.52813,41.314718],[26.528127,41.314714],[26.528124,41.31471],[26.528122,41.314707],[26.528119,41.314703],[26.528117,41.3147],[26.528114,41.314697],[26.528112,41.314694],[26.528111,41.314692],[26.528108,41.314689],[26.528108,41.314688],[26.528105,41.314684],[26.528103,41.314682],[26.528102,41.31468],[26.528099,41.314676],[26.528095,41.314671],[26.528093,41.314668],[26.52809,41.314664],[26.528087,41.31466],[26.528084,41.314656],[26.528082,41.314653],[26.528078,41.314648],[26.528076,41.314645],[26.528073,41.314641],[26.52807,41.314637],[26.528069,41.314636],[26.528067,41.314633],[26.528065,41.31463],[26.528062,41.314627],[26.528059,41.314623],[26.528057,41.31462],[26.528054,41.314615],[26.528053,41.314614],[26.528053,41.314614],[26.528052,41.314613],[26.52805,41.31461],[26.528046,41.314606],[26.528031,41.314591],[26.528006,41.314563],[26.528003,41.31456],[26.528,41.314557],[26.527999,41.314555],[26.527995,41.314552],[26.527991,41.314547],[26.52799,41.314546],[26.52799,41.314546],[26.52799,41.314546],[26.52799,41.314546],[26.52799,41.314546],[26.527989,41.314545],[26.527989,41.314545],[26.527989,41.314545],[26.527988,41.314544],[26.527988,41.314543],[26.527987,41.314543],[26.527987,41.314543],[26.527987,41.314542],[26.527986,41.314542],[26.527985,41.31454],[26.527985,41.31454],[26.527985,41.314539],[26.527984,41.314539],[26.527983,41.314538],[26.527983,41.314537],[26.527981,41.314535],[26.52798,41.314534],[26.52798,41.314534],[26.527979,41.314532],[26.527978,41.31453],[26.527977,41.31453],[26.527976,41.314529],[26.527976,41.314528],[26.527975,41.314527],[26.527974,41.314526],[26.527974,41.314526],[26.527973,41.314525],[26.527972,41.314524],[26.527972,41.314523],[26.527971,41.314523],[26.52797,41.314522],[26.52797,41.314521],[26.527969,41.31452],[26.527969,41.31452],[26.527969,41.314519],[26.527968,41.314519],[26.527968,41.314518],[26.527966,41.314516],[26.527966,41.314516],[26.527964,41.314516],[26.527962,41.314515],[26.527959,41.314515],[26.527958,41.314515],[26.527956,41.314514],[26.527955,41.314514],[26.527951,41.314513],[26.52795,41.314513],[26.527949,41.314513],[26.527945,41.314512],[26.527941,41.314511],[26.527939,41.314511],[26.527938,41.314511],[26.527938,41.314511],[26.527938,41.314511],[26.527937,41.31451],[26.527934,41.314509],[26.527926,41.314507],[26.527924,41.314506],[26.52792,41.314507],[26.527914,41.314506],[26.527894,41.314508],[26.527846,41.314515],[26.527843,41.314515],[26.527796,41.314513],[26.527729,41.314511],[26.527669,41.314509],[26.527645,41.314508],[26.527636,41.314506],[26.527603,41.314497],[26.527598,41.314496],[26.527593,41.314494],[26.527583,41.314491],[26.527559,41.314484],[26.527547,41.31448],[26.527531,41.314474],[26.5275,41.314461],[26.527482,41.314454],[26.527469,41.314449],[26.527433,41.314434],[26.527411,41.314425],[26.527381,41.314414],[26.527358,41.314405],[26.527352,41.314403],[26.527352,41.314402],[26.527351,41.314402],[26.527351,41.314402],[26.527349,41.314401],[26.527347,41.314401],[26.527345,41.3144],[26.527344,41.314399],[26.527333,41.314394],[26.527325,41.314391],[26.527323,41.314388],[26.527322,41.314387],[26.527321,41.314386],[26.527321,41.314385],[26.527319,41.314383],[26.527318,41.314381],[26.527317,41.314379],[26.527316,41.314378],[26.527313,41.314374],[26.527312,41.314373],[26.527311,41.314371],[26.52731,41.31437],[26.527309,41.314369],[26.527309,41.314369],[26.527308,41.314368],[26.527308,41.314367],[26.527307,41.314367],[26.527307,41.314366],[26.527306,41.314366],[26.527306,41.314364],[26.527305,41.314364],[26.527304,41.314362],[26.527303,41.314362],[26.527304,41.314359],[26.527304,41.314358],[26.527304,41.314355],[26.527304,41.314354],[26.527304,41.314353],[26.527304,41.314352],[26.527305,41.314349],[26.527305,41.314349],[26.527305,41.314347],[26.527305,41.314346],[26.527305,41.314345],[26.527305,41.314343],[26.527305,41.314341],[26.527305,41.31434],[26.527306,41.314339],[26.527306,41.314338],[26.527306,41.314336],[26.527306,41.314334],[26.527306,41.314331],[26.527306,41.314329],[26.527307,41.314328],[26.527307,41.314325],[26.527307,41.314321],[26.527307,41.314319],[26.527307,41.314318],[26.527308,41.314316],[26.527308,41.314314],[26.527308,41.314311],[26.527308,41.31431],[26.527308,41.314307],[26.527309,41.314306],[26.527309,41.314302],[26.527309,41.314301],[26.527309,41.314299],[26.527309,41.314298],[26.527309,41.314297],[26.527309,41.314296],[26.52731,41.314293],[26.52731,41.314293],[26.52731,41.314292],[26.52731,41.31429],[26.52731,41.314289],[26.52731,41.314288],[26.52731,41.314287],[26.52731,41.314286],[26.52731,41.314286],[26.52731,41.314285],[26.52731,41.314284],[26.527311,41.314283],[26.527311,41.314282],[26.527311,41.314281],[26.527311,41.314279],[26.527311,41.314279],[26.527311,41.314278],[26.527311,41.314277],[26.527311,41.314276],[26.527311,41.314276],[26.527311,41.314275],[26.527311,41.314274],[26.527311,41.314274],[26.527311,41.314273],[26.527311,41.314273],[26.527312,41.314272],[26.527312,41.314271],[26.527312,41.314269],[26.527312,41.314266],[26.527312,41.314266],[26.527312,41.314265],[26.527312,41.314265],[26.527312,41.314264],[26.527312,41.314263],[26.527312,41.314262],[26.527313,41.314261],[26.527313,41.31426],[26.527313,41.314259],[26.527313,41.314258],[26.527313,41.314258],[26.527313,41.314257],[26.527313,41.314256],[26.527313,41.314255],[26.527313,41.314254],[26.527313,41.314253],[26.527313,41.314252],[26.527313,41.314251],[26.527313,41.314251],[26.527314,41.31425],[26.527314,41.314249],[26.527314,41.314247],[26.527314,41.314246],[26.527314,41.314245],[26.527314,41.314244],[26.527314,41.314243],[26.527314,41.314241],[26.527315,41.314239],[26.527315,41.314238],[26.527315,41.314236],[26.527315,41.314236],[26.527315,41.314235],[26.527315,41.314234],[26.527315,41.314234],[26.527315,41.314233],[26.527315,41.314232],[26.527315,41.314231],[26.527315,41.31423],[26.527315,41.314229],[26.527316,41.314227],[26.527316,41.314226],[26.527316,41.314224],[26.527316,41.314221],[26.527316,41.31422],[26.527316,41.314219],[26.527317,41.314217],[26.527317,41.314216],[26.527317,41.314215],[26.527317,41.314214],[26.527317,41.314212],[26.527317,41.314209],[26.527317,41.314208],[26.527317,41.314207],[26.527317,41.314207],[26.527317,41.314205],[26.527317,41.314205],[26.527317,41.314203],[26.527317,41.3142],[26.527317,41.314198],[26.527317,41.314194],[26.527317,41.31419],[26.527317,41.314189],[26.527317,41.314184],[26.527317,41.314182],[26.527317,41.314179],[26.527316,41.314176],[26.527316,41.314175],[26.527316,41.314172],[26.527316,41.31417],[26.527316,41.314169],[26.527316,41.314167],[26.527316,41.314166],[26.527316,41.314163],[26.527316,41.314161],[26.527316,41.31416],[26.527316,41.314158],[26.527316,41.314156],[26.527316,41.314155],[26.527316,41.314154],[26.527316,41.314152],[26.527316,41.31415],[26.527316,41.314148],[26.527316,41.314147],[26.527316,41.314144],[26.527316,41.314142],[26.527315,41.314139],[26.527315,41.314138],[26.527315,41.314136],[26.527315,41.314135],[26.527315,41.314133],[26.527315,41.314131],[26.527315,41.31413],[26.527315,41.314128],[26.527315,41.314126],[26.527315,41.314125],[26.527315,41.314123],[26.527315,41.314122],[26.527315,41.31412],[26.527315,41.314118],[26.527315,41.314116],[26.527315,41.314114],[26.527315,41.314112],[26.527315,41.31411],[26.527315,41.314109],[26.527314,41.314106],[26.527314,41.314102],[26.527314,41.314101],[26.527314,41.3141],[26.527314,41.314098],[26.527314,41.314096],[26.527314,41.314091],[26.527314,41.314089],[26.527314,41.314087],[26.527314,41.314081],[26.527304,41.314071],[26.527288,41.314052],[26.527282,41.314045],[26.527286,41.314025],[26.527289,41.314007],[26.527296,41.313975],[26.527303,41.313941],[26.527308,41.313913],[26.527313,41.313889],[26.527316,41.313875],[26.527324,41.313837],[26.527331,41.313801],[26.527342,41.313752],[26.527353,41.313703],[26.52736,41.313671],[26.527367,41.313641],[26.527373,41.313616],[26.527382,41.313576],[26.52739,41.313541],[26.527394,41.313524],[26.527395,41.313518],[26.527396,41.313517],[26.527396,41.313515],[26.527398,41.313509],[26.527406,41.313486],[26.527417,41.313456],[26.527424,41.313436],[26.527426,41.31343],[26.527445,41.313391],[26.527456,41.313368],[26.527469,41.313339],[26.527479,41.31332],[26.527552,41.31331],[26.527518,41.313261],[26.527388,41.313184],[26.527167,41.312953],[26.527116,41.312974],[26.526889,41.312991],[26.526822,41.312995],[26.52667,41.312991],[26.526444,41.312992],[26.526396,41.312995],[26.52585,41.31297],[26.524681,41.312914],[26.524663,41.312869],[26.524632,41.312761],[26.524554,41.312663],[26.524385,41.312499],[26.524326,41.312447],[26.524281,41.312416],[26.524022,41.312238],[26.523966,41.312187],[26.523877,41.312116],[26.523746,41.312013],[26.523538,41.311812],[26.523463,41.31174],[26.523401,41.311673],[26.52335,41.311614],[26.523317,41.311535],[26.523288,41.311526],[26.523174,41.311398],[26.522948,41.311123],[26.522839,41.310959],[26.522768,41.310886],[26.522615,41.31071],[26.522404,41.310464],[26.522287,41.31034],[26.522204,41.310252],[26.522066,41.31007],[26.521968,41.3099],[26.521781,41.309598],[26.521747,41.309556],[26.521685,41.309479],[26.521592,41.309371],[26.521449,41.30918],[26.521416,41.309101],[26.521381,41.308988],[26.521347,41.308866],[26.521319,41.308673],[26.521281,41.308536],[26.521252,41.30848],[26.521229,41.308426],[26.521187,41.308311],[26.52115,41.308181],[26.52114,41.308094],[26.521151,41.307979],[26.521258,41.307772],[26.521539,41.307188],[26.521641,41.306971],[26.52165,41.306948],[26.521665,41.306819],[26.521675,41.306701],[26.521732,41.30634],[26.521758,41.30616],[26.521767,41.306091],[26.521762,41.306047],[26.521749,41.305906],[26.521757,41.305852],[26.521778,41.305814],[26.521903,41.305625],[26.521982,41.305518],[26.522037,41.305442],[26.522087,41.305358],[26.522154,41.305248],[26.522231,41.305116],[26.522269,41.305047],[26.522328,41.304926],[26.522397,41.304786],[26.522426,41.304718],[26.522459,41.304647],[26.522555,41.304388],[26.522628,41.304158],[26.522671,41.304002],[26.522698,41.303834],[26.522689,41.303711],[26.522674,41.303565],[26.52266,41.303419],[26.522577,41.303413],[26.522507,41.303396],[26.522597,41.303135],[26.522678,41.302879],[26.522677,41.302848],[26.522677,41.302818],[26.522664,41.302773],[26.522591,41.302558],[26.522513,41.302353],[26.522499,41.302318],[26.522415,41.302185],[26.522243,41.302026],[26.522307,41.301974],[26.522359,41.301903],[26.52241,41.301822],[26.52247,41.301707],[26.522554,41.301547],[26.522108,41.301356],[26.522223,41.301162],[26.522285,41.301041],[26.522346,41.300975],[26.522607,41.300706],[26.522829,41.300487],[26.522907,41.300411],[26.523036,41.300298],[26.523279,41.30007],[26.52342,41.299928],[26.523481,41.299861],[26.523586,41.299752],[26.523748,41.299564],[26.523863,41.299377],[26.523995,41.299174],[26.524112,41.299026],[26.524126,41.298984],[26.524184,41.298884],[26.524263,41.298791],[26.524402,41.298573],[26.524472,41.298431],[26.524495,41.298299],[26.524496,41.298159],[26.524524,41.29806],[26.524604,41.297922],[26.524661,41.29771],[26.524697,41.29734],[26.524697,41.297132],[26.5247,41.296983],[26.524716,41.296854],[26.524743,41.2967],[26.524782,41.296544],[26.524831,41.296243],[26.524869,41.295881],[26.524894,41.295519],[26.524885,41.295136],[26.524922,41.294833],[26.524961,41.294647],[26.524982,41.29459],[26.524918,41.294311],[26.524828,41.2939],[26.524693,41.293373],[26.524609,41.293049],[26.524514,41.292654],[26.524414,41.292213],[26.52433,41.291813],[26.524196,41.291126],[26.524008,41.290163],[26.523911,41.289799],[26.523844,41.289436],[26.523736,41.288873],[26.523709,41.288522],[26.523703,41.288105],[26.523697,41.287558],[26.523704,41.287221],[26.523756,41.28688],[26.523287,41.286902],[26.52317,41.286894],[26.523136,41.286724],[26.522929,41.286758],[26.522809,41.28678],[26.522684,41.286797],[26.522633,41.286805],[26.522562,41.286823],[26.522489,41.286841],[26.522302,41.286879],[26.522232,41.286895],[26.522179,41.286906],[26.52216,41.286913],[26.522039,41.286986],[26.521867,41.287082],[26.521739,41.287155],[26.521716,41.287166],[26.521539,41.287242],[26.521471,41.287271],[26.521434,41.287288],[26.521411,41.287299],[26.521396,41.287308],[26.521383,41.287314],[26.521337,41.287331],[26.521259,41.287367],[26.521118,41.287429],[26.521013,41.287479],[26.520876,41.287537],[26.520831,41.28756],[26.520858,41.287633],[26.520906,41.28775],[26.520927,41.287786],[26.520987,41.287892],[26.520934,41.287928],[26.520813,41.287995],[26.5211,41.288134],[26.521197,41.288063],[26.521367,41.288004],[26.521522,41.288019],[26.521387,41.28805],[26.521346,41.288158],[26.521215,41.288175],[26.521087,41.288268],[26.521078,41.288363],[26.521236,41.288615],[26.521531,41.288863],[26.521535,41.289248],[26.521752,41.289427],[26.521873,41.289629],[26.521938,41.28973],[26.52179,41.289793],[26.521594,41.289866],[26.521524,41.289727],[26.521434,41.289703],[26.521422,41.28962],[26.521304,41.289586],[26.52125,41.289568],[26.521219,41.289584],[26.5212,41.289597],[26.521192,41.289601],[26.521135,41.289631],[26.521107,41.289647],[26.521075,41.289626],[26.520985,41.28956],[26.520989,41.289432],[26.520993,41.289312],[26.520996,41.289221],[26.520937,41.289207],[26.520921,41.289202],[26.520868,41.289195],[26.52081,41.289186],[26.520691,41.289166],[26.520659,41.289161],[26.520618,41.289155],[26.520611,41.289154],[26.520609,41.289154],[26.520566,41.289158],[26.520506,41.289164],[26.520465,41.289169],[26.520448,41.28917],[26.520415,41.289178],[26.520356,41.289194],[26.520348,41.289194],[26.520283,41.289187],[26.520254,41.289184],[26.520216,41.289181],[26.520253,41.28888],[26.520052,41.288846],[26.519928,41.288826],[26.519708,41.288789],[26.51956,41.288765],[26.519359,41.288732],[26.519299,41.288723],[26.519186,41.288704],[26.519099,41.288689],[26.519072,41.288655],[26.519013,41.288643],[26.519009,41.288643],[26.519005,41.288642],[26.519004,41.288642],[26.519001,41.288641],[26.518995,41.28864],[26.51899,41.28864],[26.518958,41.288635],[26.518921,41.28863],[26.518709,41.288597],[26.518544,41.288567],[26.518445,41.288552],[26.518411,41.288549],[26.518318,41.288649],[26.518287,41.288834],[26.518269,41.288912],[26.518307,41.289139],[26.518392,41.289251],[26.51843,41.289299],[26.518421,41.289448],[26.518423,41.289502],[26.51844,41.289673],[26.51845,41.289766],[26.518452,41.289799],[26.518448,41.289892],[26.518444,41.29],[26.518438,41.29016],[26.518434,41.290242],[26.518343,41.290248],[26.51808,41.290158],[26.518048,41.290147],[26.517941,41.290078],[26.517871,41.290038],[26.517758,41.289947],[26.517227,41.289505],[26.517033,41.289594],[26.516961,41.289617],[26.51683,41.289659],[26.516744,41.28969],[26.51669,41.289711],[26.516541,41.289764],[26.516359,41.28983],[26.516256,41.289868],[26.516226,41.289879],[26.516201,41.289893],[26.516107,41.289943],[26.515952,41.290022],[26.515817,41.290093],[26.51569,41.290156],[26.515627,41.290187],[26.515484,41.290238],[26.515238,41.290326],[26.515139,41.290361],[26.515116,41.290372],[26.515174,41.290464],[26.51534,41.290615],[26.515411,41.290679],[26.515521,41.290702],[26.515709,41.290838],[26.515737,41.290859],[26.515672,41.29092],[26.515643,41.291012],[26.515629,41.291059],[26.515663,41.291163],[26.515766,41.291495],[26.515783,41.291551],[26.5158,41.291609],[26.515856,41.2918],[26.515862,41.291823],[26.515804,41.291873],[26.51568,41.291978],[26.51566,41.291993],[26.515282,41.291964],[26.51496,41.291947],[26.514916,41.291944],[26.514827,41.291939],[26.514745,41.291934],[26.514643,41.291927],[26.514549,41.291922],[26.514485,41.291918],[26.514436,41.291916],[26.51439,41.291912],[26.514367,41.291911],[26.514352,41.291908],[26.514276,41.291901],[26.514133,41.291888],[26.513942,41.291871],[26.513812,41.291857],[26.513779,41.291855],[26.513726,41.291858],[26.51351,41.291831],[26.513254,41.2918],[26.513055,41.291776],[26.513024,41.291773],[26.513024,41.291769],[26.513025,41.291729],[26.512533,41.291687],[26.512332,41.29167],[26.512156,41.291648],[26.512012,41.291632],[26.511955,41.291623],[26.511923,41.291627],[26.511807,41.291632],[26.511742,41.291637],[26.511647,41.291655],[26.511501,41.291684],[26.511387,41.291709],[26.511353,41.291718],[26.511144,41.291821],[26.511127,41.29183],[26.511122,41.291834],[26.511069,41.29187],[26.511004,41.291914],[26.510903,41.291983],[26.510823,41.292039],[26.510757,41.292084],[26.510736,41.292098],[26.510721,41.292109],[26.510712,41.292122],[26.510702,41.292129],[26.510658,41.292165],[26.510637,41.29218],[26.510593,41.292218],[26.510562,41.292247],[26.510463,41.292332],[26.510375,41.292414],[26.510228,41.292535],[26.510003,41.29272],[26.509777,41.292902],[26.50959,41.293052],[26.509474,41.293147],[26.50934,41.293254],[26.509277,41.293305],[26.509143,41.293414],[26.509007,41.293526],[26.508959,41.293565],[26.508877,41.293631],[26.508765,41.293722],[26.508723,41.293757],[26.508537,41.293909],[26.508342,41.294066],[26.508142,41.29423],[26.508016,41.294331],[26.507907,41.294419],[26.507652,41.294629],[26.507566,41.294702],[26.507491,41.294764],[26.507413,41.294828],[26.507317,41.294907],[26.507109,41.295077],[26.506973,41.295188],[26.506857,41.295283],[26.506738,41.295381],[26.506628,41.295469],[26.506397,41.295657],[26.506339,41.295704],[26.506319,41.29572],[26.506324,41.295723],[26.50624,41.295796],[26.506173,41.295857],[26.506121,41.295902],[26.506065,41.295953],[26.50602,41.295985],[26.505991,41.296003],[26.505955,41.29603],[26.505923,41.296051],[26.505879,41.296085],[26.505852,41.296102],[26.505838,41.296112],[26.505826,41.296121],[26.505817,41.296127],[26.50581,41.296132],[26.505807,41.296134],[26.505805,41.296136],[26.505802,41.296138],[26.505787,41.29615],[26.505766,41.296167],[26.505741,41.296188],[26.505728,41.2962],[26.505712,41.296212],[26.505705,41.296217],[26.505699,41.296221],[26.505697,41.296223],[26.505694,41.296225],[26.505692,41.296227],[26.505689,41.29623],[26.505686,41.296232],[26.505684,41.296234],[26.505676,41.296242],[26.505667,41.296249],[26.505644,41.296267],[26.505607,41.296298],[26.505584,41.296317],[26.505523,41.296368],[26.505504,41.296385],[26.50556,41.296428],[26.50557,41.296437],[26.505555,41.296456],[26.505605,41.296485],[26.505614,41.296491],[26.50554,41.296534],[26.50552,41.296545],[26.505472,41.296573],[26.505465,41.296577],[26.505389,41.29653],[26.505322,41.296486],[26.5053,41.296473],[26.505254,41.296497],[26.505184,41.296532],[26.505165,41.296542],[26.505159,41.296545],[26.505121,41.296572],[26.505084,41.296598],[26.505051,41.296623],[26.505038,41.296634],[26.504996,41.296677],[26.504943,41.296732],[26.504828,41.296853],[26.504781,41.296904],[26.50476,41.296925],[26.504684,41.296971],[26.504622,41.297008],[26.504538,41.297057],[26.504449,41.297111],[26.504394,41.297143],[26.504309,41.297193],[26.504267,41.297217],[26.504257,41.297224],[26.504208,41.297239],[26.504162,41.297252],[26.504087,41.297273],[26.504028,41.29729],[26.504016,41.297293],[26.503999,41.297298],[26.50399,41.297301],[26.503984,41.297303],[26.503976,41.297305],[26.503971,41.297306],[26.503966,41.297308],[26.503962,41.297309],[26.503956,41.297311],[26.503949,41.297312],[26.50394,41.297315],[26.503934,41.297317],[26.503926,41.297319],[26.50392,41.297321],[26.503912,41.297323],[26.503907,41.297324],[26.503898,41.297327],[26.503895,41.297328],[26.503892,41.297329],[26.503888,41.29733],[26.503886,41.29733],[26.503886,41.297331],[26.503884,41.297331],[26.503882,41.297332],[26.503881,41.297332],[26.50388,41.297332],[26.503879,41.297333],[26.503877,41.297333],[26.503875,41.297334],[26.503875,41.297334],[26.503874,41.297334],[26.503874,41.297334],[26.503872,41.297334],[26.50387,41.297335],[26.503867,41.297336],[26.50386,41.297338],[26.503805,41.297353],[26.503796,41.297355],[26.503723,41.297368],[26.503645,41.297381],[26.503525,41.297401],[26.503446,41.297414],[26.503376,41.297426],[26.503286,41.297441],[26.503175,41.29746],[26.503068,41.297478],[26.502957,41.297497],[26.502898,41.297507],[26.502879,41.29751],[26.502823,41.297472],[26.502723,41.297401],[26.502572,41.297296],[26.502496,41.297243],[26.502409,41.297184],[26.502371,41.297156],[26.502335,41.297131],[26.502308,41.297113],[26.502298,41.297106],[26.502233,41.297107],[26.50214,41.29711],[26.502073,41.297111],[26.501993,41.297111],[26.501879,41.297112],[26.501821,41.297111],[26.501805,41.296971],[26.501799,41.296952],[26.501795,41.296933],[26.501749,41.296785],[26.50167,41.296786],[26.50154,41.296789],[26.501444,41.296791],[26.501333,41.296792],[26.501238,41.296794],[26.501173,41.296796],[26.501156,41.296795],[26.501073,41.296805],[26.500967,41.296815],[26.500902,41.296823],[26.500793,41.296834],[26.500715,41.296842],[26.500698,41.296844],[26.500713,41.296928],[26.500717,41.296949],[26.500688,41.296949],[26.500565,41.29695],[26.500457,41.296953],[26.500389,41.296954],[26.500323,41.296956],[26.500286,41.296956],[26.500251,41.29695],[26.500195,41.296942],[26.500141,41.296936],[26.500094,41.296929],[26.500045,41.296921],[26.499986,41.296909],[26.499901,41.296896],[26.499883,41.296893],[26.499812,41.296899],[26.499756,41.296902],[26.499737,41.296904],[26.499723,41.296906],[26.49968,41.296911],[26.499613,41.29692],[26.499552,41.296928],[26.499516,41.296933],[26.499491,41.296935],[26.499439,41.296938],[26.499322,41.296947],[26.499241,41.296952],[26.499186,41.296955],[26.499154,41.296958],[26.499076,41.296963],[26.49902,41.296968],[26.498988,41.296972],[26.498936,41.296977],[26.498894,41.296982],[26.498868,41.296987],[26.498833,41.296992],[26.498776,41.297001],[26.498721,41.29701],[26.498684,41.297017],[26.498605,41.297033],[26.498532,41.297049],[26.498488,41.297057],[26.498377,41.29708],[26.498333,41.297089],[26.498203,41.297089],[26.498172,41.297088],[26.498094,41.29708],[26.498074,41.297077],[26.497977,41.297086],[26.497956,41.297089],[26.497922,41.2971],[26.497869,41.297118],[26.497799,41.297141],[26.497782,41.297147],[26.497774,41.297151],[26.497681,41.297202],[26.497652,41.297218],[26.497631,41.297232],[26.497584,41.297262],[26.497553,41.297281],[26.49752,41.297303],[26.497504,41.297313],[26.497495,41.297321],[26.497476,41.29734],[26.497428,41.297381],[26.497381,41.297424],[26.497354,41.297448],[26.49733,41.297471],[26.497316,41.297484],[26.497309,41.297493],[26.497294,41.297513],[26.497271,41.29754],[26.497241,41.297577],[26.49722,41.297605],[26.497188,41.297645],[26.497168,41.29767],[26.497166,41.297675],[26.497146,41.297693],[26.49711,41.297722],[26.49709,41.29774],[26.497083,41.297747],[26.497078,41.297754],[26.497001,41.297849],[26.496991,41.297861],[26.496955,41.29789],[26.496908,41.297928],[26.496896,41.297941],[26.496826,41.298018],[26.496754,41.298087],[26.496732,41.298109],[26.496691,41.298134],[26.496664,41.29815],[26.49665,41.298158],[26.496635,41.298166],[26.496616,41.298179],[26.496573,41.298209],[26.496496,41.298262],[26.496426,41.298307],[26.496401,41.298325],[26.496365,41.298352],[26.49627,41.298425],[26.496186,41.298492],[26.496047,41.298594],[26.496012,41.298616],[26.495986,41.298635],[26.495936,41.298637],[26.495924,41.298638],[26.49579,41.298605],[26.495749,41.298595],[26.495706,41.298586],[26.495637,41.298573],[26.495599,41.298567],[26.495528,41.298554],[26.495437,41.298539],[26.49541,41.298533],[26.495356,41.298519],[26.495297,41.298504],[26.495262,41.298496],[26.495252,41.298493],[26.495221,41.298481],[26.495099,41.298429],[26.495071,41.298418],[26.49506,41.298414],[26.495045,41.29841],[26.494988,41.298396],[26.494927,41.298382],[26.494896,41.298375],[26.494882,41.298371],[26.494811,41.298348],[26.494727,41.298322],[26.494654,41.298298],[26.494596,41.298278],[26.494524,41.298254],[26.494501,41.298246],[26.494427,41.298213],[26.494361,41.298184],[26.494303,41.298158],[26.494267,41.298142],[26.494238,41.298134],[26.494132,41.298106],[26.494062,41.298086],[26.494032,41.298078],[26.49403,41.29808],[26.494019,41.298092],[26.493993,41.298132],[26.493982,41.298149],[26.493979,41.298179],[26.493963,41.298312],[26.493955,41.298396],[26.493945,41.298407],[26.493945,41.298417],[26.493912,41.298468],[26.493924,41.298521],[26.49393,41.298532],[26.493939,41.298552],[26.493981,41.298582],[26.494067,41.298636],[26.494116,41.298666],[26.494195,41.298713],[26.494253,41.298748],[26.494308,41.298781],[26.494346,41.298804],[26.494352,41.298809],[26.494335,41.298817],[26.494271,41.298849],[26.49423,41.298869],[26.494186,41.298891],[26.49417,41.298898],[26.494154,41.298907],[26.494097,41.298915],[26.494069,41.298919],[26.494033,41.298918],[26.494001,41.298918],[26.493963,41.298917],[26.493938,41.298912],[26.49392,41.298908],[26.493901,41.298904],[26.493887,41.298902],[26.493885,41.298901],[26.493871,41.298908],[26.493856,41.298915],[26.49384,41.298923],[26.493819,41.298932],[26.493804,41.298938],[26.493791,41.298944],[26.493768,41.298953],[26.49374,41.298964],[26.493711,41.298976],[26.4937,41.29898],[26.493698,41.298981],[26.493688,41.298983],[26.493665,41.298989],[26.493645,41.298994],[26.493622,41.299],[26.493598,41.299006],[26.493576,41.299012],[26.493566,41.299014],[26.493548,41.299019],[26.493539,41.299021],[26.493529,41.299023],[26.493514,41.299027],[26.493505,41.29903],[26.493494,41.299033],[26.493482,41.299036],[26.493475,41.299037],[26.49347,41.299039],[26.493464,41.29904],[26.49345,41.299043],[26.493441,41.299045],[26.493433,41.299047],[26.493424,41.299049],[26.493416,41.29905],[26.493408,41.299052],[26.493406,41.299052],[26.49341,41.299057],[26.493421,41.29907],[26.493424,41.299074],[26.49346,41.299117],[26.49351,41.2992],[26.493515,41.299208],[26.493542,41.299243],[26.493561,41.299276],[26.493574,41.299298],[26.493582,41.299311],[26.493593,41.299331],[26.4936,41.299341],[26.493608,41.299356],[26.493618,41.299373],[26.49363,41.29939],[26.493637,41.2994],[26.493647,41.299414],[26.493651,41.29942],[26.493688,41.299449],[26.493724,41.299478],[26.493736,41.299487],[26.493796,41.299507],[26.49386,41.299507],[26.493904,41.299507],[26.493931,41.299507],[26.493956,41.299505],[26.493995,41.299484],[26.494014,41.299473],[26.494027,41.29946],[26.494055,41.299431],[26.494065,41.299421],[26.494072,41.299414],[26.494098,41.299378],[26.494115,41.299364],[26.494135,41.299347],[26.494153,41.299329],[26.494157,41.299326],[26.494186,41.299303],[26.494203,41.299291],[26.494206,41.299288],[26.494219,41.299275],[26.494225,41.299268],[26.494241,41.299251],[26.494249,41.299243],[26.49425,41.299241],[26.494258,41.299229],[26.494261,41.299221],[26.494275,41.29923],[26.494368,41.29929],[26.494386,41.299304],[26.494396,41.299329],[26.49439,41.299356],[26.494378,41.299382],[26.494375,41.299391],[26.494375,41.29942],[26.494381,41.29943],[26.494396,41.299457],[26.494397,41.299462],[26.494405,41.299483],[26.494415,41.299507],[26.49442,41.299516],[26.494427,41.299529],[26.494434,41.299544],[26.494442,41.299554],[26.494406,41.29958],[26.494391,41.299591],[26.494379,41.299601],[26.494368,41.29961],[26.494354,41.299622],[26.494299,41.299668],[26.494269,41.299694],[26.49423,41.299724],[26.49419,41.299755],[26.494155,41.299782],[26.494145,41.299789],[26.494129,41.299802],[26.494118,41.299808],[26.494068,41.299839],[26.494013,41.299874],[26.493969,41.299901],[26.493907,41.299944],[26.493874,41.299965],[26.493822,41.300012],[26.493807,41.300038],[26.49381,41.300083],[26.49382,41.30011],[26.49384,41.300163],[26.493844,41.300216],[26.493846,41.300237],[26.493847,41.300246],[26.493846,41.300265],[26.493846,41.300285],[26.493845,41.300347],[26.493844,41.30038],[26.493853,41.300404],[26.493861,41.300422],[26.493866,41.300434],[26.493868,41.300439],[26.493901,41.30044],[26.49393,41.300431],[26.493949,41.300425],[26.493978,41.300414],[26.494021,41.300397],[26.49404,41.300389],[26.49408,41.300372],[26.494153,41.30034],[26.494184,41.300326],[26.494208,41.300313],[26.494255,41.300288],[26.494275,41.300277],[26.494281,41.300273],[26.494317,41.30025],[26.494368,41.300218],[26.494391,41.300204],[26.494458,41.300164],[26.494491,41.300145],[26.494506,41.300136],[26.49452,41.300129],[26.494569,41.300102],[26.494651,41.300058],[26.494686,41.300039],[26.494701,41.30003],[26.494702,41.300042],[26.494704,41.30005],[26.494668,41.300113],[26.49465,41.300144],[26.494647,41.300151],[26.494629,41.300177],[26.4946,41.300219],[26.494591,41.300233],[26.494549,41.300292],[26.494523,41.300333],[26.494456,41.300448],[26.494416,41.300519],[26.494397,41.300561],[26.49433,41.300644],[26.494298,41.30068],[26.494289,41.300701],[26.494271,41.300737],[26.494294,41.300784],[26.494327,41.300812],[26.49437,41.30081],[26.494449,41.300808],[26.494528,41.300814],[26.494537,41.300835],[26.49458,41.300912],[26.494593,41.300939],[26.494602,41.300971],[26.494452,41.300994],[26.494171,41.301062],[26.493891,41.301126],[26.49371,41.301171],[26.493627,41.30119],[26.493523,41.301237],[26.493347,41.301314],[26.493248,41.301357],[26.493225,41.301368],[26.493124,41.301423],[26.493027,41.301475],[26.492967,41.301461],[26.49288,41.301404],[26.492786,41.301374],[26.492701,41.301338],[26.492583,41.301282],[26.492496,41.301224],[26.492437,41.301186],[26.492402,41.301176],[26.492352,41.301226],[26.492334,41.301232],[26.492258,41.301273],[26.492056,41.301331],[26.491822,41.301346],[26.491737,41.301342],[26.491662,41.301334],[26.491483,41.301295],[26.491377,41.30126],[26.491247,41.301214],[26.490883,41.301056],[26.490796,41.30102],[26.490712,41.301134],[26.490607,41.301294],[26.490607,41.3013],[26.490813,41.301367],[26.490974,41.301408],[26.491069,41.301431],[26.491115,41.301445],[26.491314,41.301512],[26.491419,41.301549],[26.491461,41.301558],[26.491594,41.301597],[26.491714,41.301701],[26.491768,41.301743],[26.491792,41.301776],[26.49193,41.301941],[26.491979,41.302026],[26.492105,41.302237],[26.492181,41.302353],[26.492102,41.302398],[26.49185,41.302535],[26.491671,41.302635],[26.491559,41.302697],[26.491413,41.302782],[26.491297,41.302843],[26.491177,41.302911],[26.491085,41.302971],[26.490926,41.303073],[26.490859,41.303116],[26.490817,41.303165],[26.490687,41.303304],[26.490576,41.303432],[26.490209,41.303199],[26.489886,41.303026],[26.489438,41.302791],[26.489247,41.302695],[26.48918,41.302629],[26.488883,41.302475],[26.488566,41.302341],[26.48828,41.302231],[26.488048,41.302129],[26.48774,41.301992],[26.487542,41.301905],[26.487246,41.302065],[26.486915,41.302246],[26.486472,41.302485],[26.486194,41.302634],[26.485888,41.302805],[26.485557,41.302996],[26.485357,41.303053],[26.485336,41.303089],[26.485334,41.303145],[26.485287,41.303135],[26.485276,41.303214],[26.485157,41.303432],[26.486333,41.303882],[26.487803,41.304697],[26.489327,41.30632],[26.489623,41.307312],[26.490179,41.308611],[26.490381,41.311234],[26.490385,41.313323],[26.490579,41.316922],[26.490978,41.31761],[26.492258,41.319415],[26.493337,41.321158],[26.494437,41.322794],[26.495616,41.324568],[26.496715,41.326356],[26.498019,41.327826],[26.498843,41.328455],[26.500316,41.328888],[26.50194,41.328194],[26.505588,41.327188],[26.508218,41.327083]]]}},{"type":"Feature","properties":{"id":"TR-Y-22-007-K-0019","level":"yerlesim","type":"mahalle","parent_id":"TR-D-22-007","province_id":"TR-P-22","district_id":"TR-D-22-007","name":"Umurca","source_raw_name":"Umurca","source":"Kullanıcı tarafından sağlanan KML","source_label":"Kullanıcı tarafından sağlanan KML","source_name":"Edirne Mahalle KML - kullanıcı tarafından sağlandı"},"geometry":{"type":"Polygon","coordinates":[[[26.388095,41.223164],[26.387843,41.222441],[26.387909,41.221998],[26.388033,41.220942],[26.388147,41.220066],[26.387962,41.219704],[26.387605,41.218981],[26.387158,41.218143],[26.386824,41.217177],[26.38652,41.216364],[26.386391,41.215954],[26.38613,41.214474],[26.385973,41.213618],[26.385815,41.213047],[26.385582,41.212142],[26.385449,41.211638],[26.38523,41.210529],[26.384978,41.20933],[26.384907,41.20904],[26.384722,41.208449],[26.384368,41.207501],[26.384231,41.207055],[26.383843,41.206382],[26.383329,41.205456],[26.383203,41.205159],[26.382941,41.20452],[26.382861,41.204337],[26.382484,41.203458],[26.382228,41.203189],[26.38169,41.202687],[26.381166,41.202197],[26.380901,41.201956],[26.380585,41.201661],[26.380412,41.201586],[26.379731,41.20131],[26.379323,41.201141],[26.378828,41.200941],[26.378699,41.200884],[26.378368,41.200703],[26.377806,41.200406],[26.377071,41.200018],[26.376972,41.199965],[26.376904,41.199873],[26.376578,41.199456],[26.376097,41.198824],[26.375964,41.198659],[26.375853,41.198506],[26.375737,41.198329],[26.375512,41.197962],[26.375318,41.19764],[26.375029,41.19718],[26.374831,41.19685],[26.374591,41.196464],[26.374389,41.196152],[26.374351,41.196058],[26.374208,41.195849],[26.373892,41.19536],[26.373549,41.194836],[26.373241,41.194361],[26.373046,41.194066],[26.372876,41.194054],[26.372699,41.194071],[26.372457,41.194143],[26.372407,41.194156],[26.372343,41.194127],[26.372162,41.193975],[26.370977,41.192997],[26.370832,41.192885],[26.370654,41.19264],[26.370406,41.192301],[26.370264,41.192109],[26.370111,41.191896],[26.369791,41.191865],[26.369429,41.19183],[26.369146,41.191804],[26.369056,41.191805],[26.368718,41.191809],[26.368401,41.191812],[26.368072,41.191818],[26.367679,41.191822],[26.367356,41.191827],[26.366974,41.191832],[26.366863,41.191832],[26.366816,41.191835],[26.366666,41.191872],[26.366494,41.191917],[26.366299,41.191963],[26.366171,41.191936],[26.366154,41.19184],[26.366134,41.191765],[26.366124,41.191663],[26.366077,41.191317],[26.366057,41.191184],[26.366019,41.190834],[26.365986,41.190465],[26.36606,41.190459],[26.366061,41.190395],[26.366053,41.189876],[26.36604,41.189813],[26.366001,41.189627],[26.365973,41.189495],[26.365972,41.189205],[26.365969,41.188868],[26.365971,41.18879],[26.365976,41.188789],[26.36638,41.18878],[26.367238,41.188762],[26.367227,41.188599],[26.367218,41.188468],[26.367209,41.188347],[26.367217,41.188115],[26.367202,41.187995],[26.367224,41.187993],[26.367256,41.187983],[26.367261,41.187982],[26.367569,41.187889],[26.367825,41.187815],[26.368289,41.187683],[26.368396,41.187653],[26.368494,41.187626],[26.368645,41.187584],[26.368627,41.187356],[26.368614,41.187192],[26.368588,41.187009],[26.368587,41.186988],[26.368586,41.186968],[26.368582,41.186883],[26.368582,41.186856],[26.368593,41.186737],[26.368636,41.186572],[26.368662,41.18646],[26.368671,41.186413],[26.368639,41.186381],[26.368585,41.186329],[26.368552,41.186299],[26.368552,41.186277],[26.368551,41.186233],[26.368549,41.186186],[26.368564,41.186135],[26.368548,41.186082],[26.368548,41.186069],[26.368541,41.185996],[26.368565,41.185961],[26.368684,41.185925],[26.368763,41.185905],[26.368915,41.185967],[26.368965,41.186008],[26.369034,41.186067],[26.369054,41.186084],[26.369177,41.186082],[26.369272,41.186054],[26.369297,41.186046],[26.369338,41.186049],[26.369412,41.186054],[26.369443,41.186057],[26.369624,41.185925],[26.369886,41.185728],[26.370119,41.185559],[26.370469,41.185293],[26.37083,41.185037],[26.37073,41.185037],[26.368984,41.185037],[26.368538,41.185029],[26.368892,41.184641],[26.368679,41.18442],[26.368355,41.184671],[26.367685,41.184724],[26.367297,41.184999],[26.366825,41.185181],[26.366608,41.185117],[26.36644,41.185181],[26.365942,41.18504],[26.365938,41.184915],[26.365371,41.184945],[26.365511,41.185242],[26.365561,41.185375],[26.365561,41.185459],[26.365588,41.185478],[26.365599,41.185516],[26.365359,41.185577],[26.365367,41.185882],[26.364994,41.18624],[26.364769,41.186369],[26.364701,41.186422],[26.364617,41.186438],[26.364552,41.186476],[26.364388,41.18659],[26.364327,41.18662],[26.364183,41.186678],[26.364065,41.186609],[26.363532,41.186689],[26.363562,41.186856],[26.362553,41.186643],[26.362199,41.187264],[26.361259,41.186925],[26.360547,41.186921],[26.360273,41.186891],[26.359481,41.18694],[26.359222,41.187092],[26.359051,41.187287],[26.358556,41.1875],[26.358263,41.187622],[26.358027,41.187759],[26.357566,41.187995],[26.35749,41.188018],[26.357193,41.188059],[26.35706,41.188174],[26.35639,41.188059],[26.356119,41.188273],[26.356234,41.188379],[26.356214,41.188536],[26.355954,41.18869],[26.35584,41.188616],[26.355443,41.188636],[26.355446,41.188658],[26.35554,41.188673],[26.355628,41.188921],[26.355523,41.188964],[26.355346,41.18895],[26.355292,41.188992],[26.355229,41.188958],[26.355132,41.18889],[26.355009,41.188721],[26.354758,41.188721],[26.35462,41.18847],[26.35462,41.188253],[26.352382,41.18839],[26.352454,41.187627],[26.351671,41.187855],[26.351118,41.187833],[26.350392,41.187775],[26.345641,41.18793],[26.341643,41.188101],[26.33888,41.188192],[26.337789,41.188227],[26.336669,41.188261],[26.335567,41.188284],[26.334745,41.188307],[26.334277,41.188324],[26.332906,41.188118],[26.332484,41.187987],[26.331867,41.187804],[26.331633,41.187987],[26.331239,41.188426],[26.331221,41.188575],[26.331027,41.188706],[26.330548,41.188369],[26.330348,41.188198],[26.330131,41.188135],[26.329883,41.188093],[26.329405,41.187766],[26.329292,41.187839],[26.329129,41.187929],[26.329007,41.188001],[26.328854,41.188076],[26.328674,41.188182],[26.328486,41.188301],[26.328324,41.188416],[26.32811,41.18861],[26.328033,41.188754],[26.327942,41.189007],[26.327912,41.18922],[26.327901,41.189489],[26.327907,41.189929],[26.327871,41.190205],[26.327889,41.190476],[26.327889,41.190751],[26.327857,41.191135],[26.327803,41.191446],[26.327724,41.191764],[26.327677,41.191904],[26.32759,41.192075],[26.327303,41.192512],[26.326914,41.193051],[26.326796,41.193218],[26.326575,41.193609],[26.326286,41.193987],[26.325764,41.194704],[26.325326,41.195319],[26.324914,41.195911],[26.324514,41.196489],[26.324084,41.197094],[26.323736,41.197599],[26.323315,41.198217],[26.322655,41.198158],[26.322323,41.198134],[26.322046,41.198134],[26.321626,41.198137],[26.321516,41.198137],[26.321257,41.198126],[26.320765,41.198103],[26.320478,41.198087],[26.319882,41.198064],[26.319338,41.197992],[26.319298,41.199107],[26.319386,41.200282],[26.320327,41.203062],[26.320747,41.20421],[26.320824,41.20419],[26.320912,41.204163],[26.32132,41.204062],[26.321649,41.203979],[26.322249,41.203829],[26.322931,41.203659],[26.323204,41.203461],[26.323357,41.203373],[26.323676,41.203214],[26.323878,41.202855],[26.323931,41.202686],[26.324094,41.202214],[26.324215,41.201871],[26.325296,41.202004],[26.326526,41.202156],[26.327455,41.202272],[26.327702,41.202304],[26.327898,41.202317],[26.32795,41.202093],[26.328687,41.201737],[26.329571,41.201665],[26.329951,41.201653],[26.330148,41.201647],[26.33025,41.201664],[26.330338,41.201722],[26.330544,41.202014],[26.330755,41.202302],[26.330926,41.202508],[26.33113,41.20276],[26.33134,41.203016],[26.331465,41.203175],[26.331576,41.203303],[26.331674,41.203395],[26.331802,41.203507],[26.332457,41.204109],[26.332815,41.203845],[26.333086,41.203623],[26.333339,41.203423],[26.333455,41.203314],[26.333716,41.203063],[26.333959,41.202854],[26.334038,41.202805],[26.334243,41.202696],[26.334402,41.202615],[26.334537,41.202552],[26.334923,41.202389],[26.335096,41.20233],[26.335433,41.202278],[26.336119,41.202217],[26.336342,41.202196],[26.336881,41.202146],[26.337246,41.202115],[26.337341,41.202099],[26.337778,41.202033],[26.337909,41.202006],[26.338305,41.201907],[26.338966,41.201745],[26.339427,41.201617],[26.339819,41.201506],[26.340169,41.201473],[26.340522,41.201442],[26.340623,41.201427],[26.340814,41.201395],[26.341003,41.201349],[26.341063,41.20133],[26.341328,41.20125],[26.341562,41.201174],[26.341722,41.201124],[26.34187,41.201092],[26.342034,41.201051],[26.342089,41.201051],[26.34272,41.200982],[26.342951,41.200952],[26.342995,41.200952],[26.34363,41.200935],[26.344019,41.200915],[26.344174,41.200906],[26.344268,41.200893],[26.34458,41.20085],[26.344958,41.200778],[26.344987,41.200745],[26.345072,41.200551],[26.345165,41.200402],[26.345238,41.200353],[26.345299,41.200312],[26.345366,41.20028],[26.34548,41.200227],[26.34564,41.200148],[26.345738,41.200108],[26.345803,41.200215],[26.34594,41.200337],[26.346361,41.20069],[26.346651,41.20094],[26.346945,41.201178],[26.347041,41.201264],[26.347128,41.201363],[26.347168,41.201417],[26.347197,41.201479],[26.347355,41.201434],[26.347443,41.2014],[26.347803,41.201268],[26.348362,41.201417],[26.34872,41.201298],[26.348863,41.201485],[26.349007,41.201685],[26.349175,41.201956],[26.349262,41.202075],[26.349336,41.20219],[26.3494,41.202268],[26.349434,41.202469],[26.349473,41.202675],[26.349496,41.202832],[26.34992,41.202912],[26.350133,41.202927],[26.350591,41.202972],[26.350894,41.202999],[26.350905,41.203147],[26.350917,41.203358],[26.3509,41.203852],[26.351005,41.203907],[26.351222,41.204004],[26.351328,41.204056],[26.351493,41.204158],[26.351656,41.204234],[26.351748,41.204266],[26.35191,41.20433],[26.352122,41.204397],[26.352254,41.204437],[26.352336,41.204455],[26.352391,41.204464],[26.352578,41.204513],[26.352731,41.204551],[26.352952,41.204603],[26.353204,41.204705],[26.35327,41.2047],[26.353422,41.20474],[26.353544,41.204825],[26.353576,41.20484],[26.353689,41.20489],[26.353876,41.205017],[26.354083,41.205114],[26.354193,41.205111],[26.354266,41.205088],[26.354325,41.205098],[26.354388,41.205114],[26.354642,41.205221],[26.354882,41.205321],[26.355099,41.205394],[26.355469,41.205548],[26.355715,41.20567],[26.356178,41.205867],[26.356277,41.205903],[26.356382,41.205964],[26.356652,41.206109],[26.356806,41.206194],[26.357097,41.206319],[26.357209,41.206339],[26.357389,41.206447],[26.357631,41.206703],[26.357683,41.206732],[26.357723,41.20675],[26.357843,41.206789],[26.357927,41.206904],[26.357922,41.206934],[26.357933,41.207032],[26.357968,41.207096],[26.358009,41.207159],[26.358119,41.207272],[26.35839,41.207449],[26.358447,41.207525],[26.358521,41.207587],[26.358601,41.207665],[26.358775,41.207723],[26.359101,41.207817],[26.35923,41.207868],[26.359421,41.207922],[26.35959,41.207956],[26.359707,41.208015],[26.359807,41.208108],[26.359948,41.208274],[26.360053,41.208366],[26.360136,41.208414],[26.360377,41.208553],[26.36045,41.208592],[26.360537,41.208666],[26.360675,41.20878],[26.360782,41.208854],[26.360887,41.208908],[26.361032,41.208967],[26.361347,41.209104],[26.361405,41.209138],[26.361615,41.209322],[26.361655,41.209362],[26.361691,41.209407],[26.361824,41.209555],[26.362402,41.210054],[26.362556,41.210173],[26.362568,41.210205],[26.362636,41.210291],[26.36276,41.2104],[26.362989,41.210602],[26.363243,41.210862],[26.363357,41.211114],[26.3635,41.211226],[26.363564,41.211314],[26.363676,41.211369],[26.3639,41.211445],[26.364273,41.211449],[26.364528,41.211485],[26.364704,41.211537],[26.364856,41.211568],[26.365187,41.211704],[26.365366,41.211761],[26.365734,41.211854],[26.365627,41.21192],[26.365679,41.211947],[26.365924,41.212036],[26.366057,41.212069],[26.366118,41.212103],[26.366232,41.21215],[26.366313,41.212205],[26.366454,41.212285],[26.366753,41.21255],[26.367223,41.213019],[26.36734,41.213217],[26.367476,41.21335],[26.36751,41.213386],[26.367548,41.213452],[26.367581,41.21358],[26.367605,41.21366],[26.367706,41.21388],[26.367855,41.214113],[26.367942,41.214245],[26.367972,41.214414],[26.368033,41.214678],[26.368085,41.214867],[26.36809,41.214934],[26.368126,41.215159],[26.368282,41.215506],[26.368318,41.215622],[26.368352,41.215899],[26.368477,41.216114],[26.368551,41.216245],[26.368598,41.216336],[26.368679,41.216467],[26.368748,41.216596],[26.368777,41.216721],[26.368805,41.216852],[26.368862,41.216936],[26.368965,41.217102],[26.369054,41.217207],[26.369107,41.217263],[26.369189,41.217431],[26.369252,41.217518],[26.369287,41.217556],[26.369468,41.217678],[26.369571,41.21785],[26.369611,41.217874],[26.369809,41.217961],[26.369984,41.218042],[26.370086,41.218061],[26.370098,41.218075],[26.37017,41.218136],[26.37019,41.218182],[26.37021,41.218235],[26.370237,41.218353],[26.370307,41.218422],[26.370418,41.218546],[26.370646,41.218624],[26.370688,41.218675],[26.370745,41.218757],[26.370751,41.218797],[26.370787,41.218913],[26.370985,41.219185],[26.371025,41.219281],[26.371181,41.219513],[26.371242,41.219598],[26.371335,41.219703],[26.37145,41.219756],[26.371453,41.219774],[26.371552,41.219939],[26.371558,41.21997],[26.371625,41.220141],[26.371644,41.220211],[26.371619,41.220413],[26.371686,41.220544],[26.37172,41.220611],[26.37172,41.220826],[26.371802,41.220973],[26.371863,41.221051],[26.371893,41.221087],[26.37207,41.221216],[26.372121,41.221272],[26.372144,41.221338],[26.372262,41.221544],[26.37227,41.221584],[26.372306,41.221772],[26.37235,41.22186],[26.372417,41.221976],[26.37246,41.222027],[26.3725,41.222084],[26.372544,41.222121],[26.372734,41.222229],[26.372889,41.222216],[26.372991,41.22222],[26.373193,41.222227],[26.373363,41.222229],[26.373753,41.222242],[26.374084,41.222254],[26.374233,41.222267],[26.374265,41.222261],[26.374918,41.222254],[26.375443,41.222269],[26.375586,41.222279],[26.376448,41.222444],[26.376842,41.222517],[26.377524,41.22265],[26.378287,41.222789],[26.378677,41.222865],[26.379326,41.222945],[26.380198,41.223029],[26.380533,41.223065],[26.380682,41.223071],[26.380727,41.223067],[26.380857,41.223158],[26.381024,41.223261],[26.381485,41.223552],[26.381632,41.223651],[26.381809,41.223763],[26.382058,41.223916],[26.382315,41.22407],[26.382623,41.224268],[26.382816,41.224382],[26.382869,41.224944],[26.38292,41.225429],[26.382951,41.225686],[26.382981,41.225954],[26.382985,41.226044],[26.383023,41.22617],[26.38305,41.226305],[26.383086,41.226438],[26.383156,41.226874],[26.383223,41.227201],[26.383316,41.227797],[26.383362,41.228062],[26.383379,41.228096],[26.383583,41.228208],[26.383823,41.228341],[26.384697,41.228851],[26.385246,41.229141],[26.385463,41.229247],[26.385778,41.229402],[26.386069,41.229546],[26.386456,41.229733],[26.386681,41.229849],[26.386931,41.229972],[26.387158,41.230086],[26.387493,41.230257],[26.387708,41.230363],[26.387915,41.230471],[26.388049,41.23054],[26.38823,41.230662],[26.388453,41.230797],[26.388736,41.23098],[26.388917,41.23109],[26.389083,41.231195],[26.389322,41.231355],[26.389494,41.23147],[26.389636,41.23156],[26.389886,41.231726],[26.39042,41.232083],[26.390527,41.23215],[26.390641,41.232227],[26.390696,41.232252],[26.390802,41.232299],[26.391023,41.232392],[26.391197,41.232462],[26.391431,41.232564],[26.391661,41.232667],[26.391824,41.232742],[26.392091,41.232853],[26.392555,41.233047],[26.39282,41.233155],[26.393022,41.233238],[26.39308,41.233269],[26.393437,41.230575],[26.393292,41.230416],[26.391978,41.228803],[26.391184,41.22788],[26.390693,41.227295],[26.390137,41.226652],[26.389956,41.226448],[26.389665,41.226029],[26.389161,41.225282],[26.388557,41.22434],[26.38848,41.224144],[26.388095,41.223164]]]}},{"type":"Feature","properties":{"id":"TR-Y-22-007-K-0020","level":"yerlesim","type":"mahalle","parent_id":"TR-D-22-007","province_id":"TR-P-22","district_id":"TR-D-22-007","name":"Yakupbey","source_raw_name":"Yakupbey","source":"Kullanıcı tarafından sağlanan KML","source_label":"Kullanıcı tarafından sağlanan KML","source_name":"Edirne Mahalle KML - kullanıcı tarafından sağlandı"},"geometry":{"type":"Polygon","coordinates":[[[26.546492,41.259316],[26.546654,41.259316],[26.546706,41.259318],[26.54677,41.25932],[26.546775,41.259211],[26.546865,41.259218],[26.547225,41.259253],[26.547376,41.259268],[26.5474,41.259271],[26.547434,41.259274],[26.547454,41.259276],[26.547509,41.259284],[26.54753,41.259287],[26.547579,41.259293],[26.547582,41.259293],[26.547645,41.259291],[26.547699,41.25929],[26.547742,41.259289],[26.547808,41.259287],[26.54785,41.259285],[26.547852,41.259273],[26.547855,41.259262],[26.547864,41.259209],[26.547882,41.259129],[26.547907,41.258993],[26.54792,41.258937],[26.547933,41.258916],[26.54803,41.25891],[26.548152,41.258901],[26.548233,41.258895],[26.548299,41.258889],[26.548359,41.258886],[26.548395,41.258883],[26.548445,41.258879],[26.548518,41.258874],[26.548576,41.258869],[26.54862,41.258865],[26.54865,41.258864],[26.548696,41.258862],[26.548773,41.258711],[26.548858,41.258509],[26.54862,41.258528],[26.54862,41.258305],[26.54941,41.25781],[26.549467,41.2578],[26.549757,41.25761],[26.550552,41.25711],[26.551414,41.256591],[26.552232,41.25612],[26.552851,41.255763],[26.553374,41.255464],[26.554031,41.255073],[26.554845,41.254617],[26.555658,41.25415],[26.55631,41.253784],[26.556996,41.253384],[26.557533,41.253079],[26.558276,41.252665],[26.558695,41.252432],[26.55909,41.252194],[26.559913,41.251837],[26.560146,41.251733],[26.560632,41.251814],[26.561193,41.25178],[26.561379,41.251737],[26.561745,41.251685],[26.562207,41.251628],[26.562426,41.251609],[26.56244,41.25158],[26.56234,41.250928],[26.56234,41.250452],[26.562307,41.250281],[26.563225,41.249705],[26.56391,41.249291],[26.56391,41.248706],[26.563939,41.24834],[26.563711,41.248368],[26.563782,41.247492],[26.563806,41.247245],[26.563725,41.24695],[26.563677,41.246845],[26.563658,41.246655],[26.563701,41.246464],[26.564096,41.24567],[26.564148,41.245517],[26.564367,41.245194],[26.564881,41.245418],[26.564967,41.246165],[26.565224,41.246093],[26.565633,41.245951],[26.565885,41.245827],[26.566199,41.245689],[26.566433,41.24547],[26.566752,41.245532],[26.566909,41.245527],[26.566928,41.245484],[26.566856,41.24536],[26.566837,41.244875],[26.566818,41.244561],[26.566885,41.24439],[26.566909,41.244347],[26.566947,41.244342],[26.567499,41.244942],[26.568017,41.244456],[26.568489,41.243995],[26.568603,41.24399],[26.569022,41.244061],[26.569364,41.24359],[26.569569,41.243252],[26.569659,41.243005],[26.569659,41.242929],[26.569754,41.242581],[26.56995,41.242624],[26.570035,41.241306],[26.570554,41.241225],[26.571001,41.241182],[26.571436,41.241085],[26.571658,41.241035],[26.571829,41.241044],[26.5722,41.241039],[26.572519,41.241035],[26.572672,41.241039],[26.573014,41.240996],[26.573247,41.240954],[26.573566,41.240816],[26.573823,41.240654],[26.57408,41.24043],[26.574347,41.240202],[26.574509,41.240002],[26.574618,41.239921],[26.574727,41.239754],[26.57498,41.239512],[26.575099,41.239388],[26.575218,41.239302],[26.575575,41.239079],[26.575717,41.239017],[26.575822,41.238974],[26.575946,41.238922],[26.576212,41.23886],[26.576384,41.238774],[26.576717,41.238527],[26.576826,41.238393],[26.577269,41.23796],[26.577716,41.237608],[26.578054,41.237427],[26.578292,41.237308],[26.578696,41.237066],[26.578996,41.236871],[26.579149,41.236709],[26.579534,41.236323],[26.580034,41.235919],[26.580586,41.235567],[26.581528,41.23541],[26.582646,41.235181],[26.583156,41.235081],[26.583565,41.234919],[26.584031,41.234681],[26.584897,41.234039],[26.585073,41.233887],[26.585549,41.23343],[26.586049,41.232911],[26.587148,41.232407],[26.587577,41.232173],[26.587834,41.232083],[26.588243,41.232035],[26.589176,41.232016],[26.589452,41.23205],[26.590032,41.232183],[26.590194,41.23214],[26.590603,41.231769],[26.590679,41.231683],[26.590965,41.231317],[26.590836,41.231141],[26.590646,41.230955],[26.590427,41.230836],[26.590184,41.23067],[26.589861,41.230284],[26.589794,41.230241],[26.58978,41.230151],[26.589699,41.22987],[26.589732,41.229299],[26.58958,41.228918],[26.589599,41.228747],[26.589704,41.228138],[26.589685,41.227833],[26.590108,41.227362],[26.590653,41.226761],[26.59066,41.226753],[26.589985,41.226358],[26.589742,41.226211],[26.589561,41.225882],[26.589504,41.225711],[26.589504,41.22552],[26.589604,41.225225],[26.589813,41.225049],[26.58997,41.224859],[26.58998,41.224673],[26.589908,41.224421],[26.589809,41.224312],[26.589613,41.224155],[26.589299,41.224064],[26.589147,41.224117],[26.588581,41.224316],[26.588,41.224388],[26.587377,41.22444],[26.587343,41.22444],[26.587296,41.224454],[26.587034,41.22445],[26.586848,41.224421],[26.586663,41.224326],[26.586344,41.224059],[26.586216,41.22404],[26.585863,41.22366],[26.585801,41.223593],[26.585844,41.223569],[26.585735,41.223417],[26.585625,41.223227],[26.585554,41.223027],[26.585587,41.22286],[26.585521,41.222727],[26.585602,41.222422],[26.585583,41.222332],[26.58553,41.222242],[26.585278,41.222099],[26.58485,41.221966],[26.584145,41.221908],[26.583812,41.221932],[26.583489,41.221994],[26.583075,41.222023],[26.583056,41.222061],[26.583027,41.222075],[26.582984,41.222032],[26.582599,41.22198],[26.582423,41.221894],[26.582261,41.221732],[26.58218,41.221613],[26.582023,41.221518],[26.582037,41.221461],[26.581947,41.221333],[26.58179,41.221118],[26.581595,41.220928],[26.581261,41.220704],[26.580562,41.220352],[26.580048,41.220219],[26.579834,41.220057],[26.579591,41.219805],[26.579482,41.219634],[26.578977,41.219329],[26.578739,41.219172],[26.578582,41.21901],[26.578468,41.218944],[26.578363,41.218801],[26.578263,41.21862],[26.577664,41.218396],[26.577511,41.218377],[26.577221,41.218368],[26.57685,41.218239],[26.576602,41.218216],[26.576193,41.218073],[26.575713,41.217816],[26.575465,41.217644],[26.575275,41.217587],[26.575127,41.217487],[26.574837,41.217387],[26.574589,41.217368],[26.574542,41.217373],[26.574099,41.217178],[26.573733,41.217002],[26.57359,41.216926],[26.572881,41.215979],[26.572871,41.215903],[26.573095,41.216112],[26.572962,41.215689],[26.572672,41.214989],[26.5726,41.214822],[26.572629,41.214537],[26.572867,41.214151],[26.573005,41.213937],[26.572971,41.213814],[26.572838,41.213647],[26.572648,41.213499],[26.572362,41.213185],[26.572196,41.213057],[26.572096,41.212962],[26.572062,41.212924],[26.571558,41.212852],[26.57132,41.2129],[26.57103,41.21279],[26.570716,41.212543],[26.570264,41.212257],[26.569602,41.212057],[26.569055,41.211962],[26.568836,41.211962],[26.568198,41.211805],[26.56777,41.211639],[26.567584,41.211534],[26.56727,41.21122],[26.567208,41.211139],[26.567142,41.210739],[26.567075,41.210454],[26.567199,41.210354],[26.567318,41.21013],[26.567342,41.210106],[26.567713,41.210102],[26.567946,41.21013],[26.568431,41.210235],[26.568736,41.210201],[26.568826,41.210116],[26.569069,41.209611],[26.56934,41.209354],[26.569483,41.209097],[26.569512,41.208917],[26.569493,41.20884],[26.569402,41.208788],[26.569155,41.208731],[26.568879,41.208755],[26.568508,41.208812],[26.568246,41.208812],[26.567889,41.208755],[26.567522,41.208731],[26.566994,41.208779],[26.566799,41.208774],[26.56659,41.208959],[26.566323,41.208641],[26.566285,41.208541],[26.56609,41.208398],[26.565914,41.208093],[26.565843,41.20786],[26.565857,41.207541],[26.565909,41.207313],[26.566085,41.207113],[26.566276,41.206956],[26.566461,41.206723],[26.566485,41.206509],[26.566404,41.206242],[26.566333,41.206123],[26.566152,41.206004],[26.565995,41.205928],[26.565495,41.205895],[26.565195,41.205895],[26.564748,41.20599],[26.564106,41.206147],[26.563335,41.206271],[26.563163,41.206242],[26.563044,41.206185],[26.562702,41.205866],[26.56233,41.205595],[26.561659,41.205005],[26.561569,41.204924],[26.561375,41.204671],[26.561177,41.204488],[26.561131,41.204431],[26.560899,41.20429],[26.560669,41.204104],[26.560618,41.204073],[26.560206,41.204202],[26.559856,41.203483],[26.559795,41.203399],[26.559491,41.203289],[26.559289,41.203155],[26.559159,41.203053],[26.559091,41.20282],[26.559007,41.202836],[26.558847,41.202938],[26.558695,41.203011],[26.55855,41.203064],[26.558284,41.203601],[26.557903,41.204275],[26.55764,41.204739],[26.557503,41.204994],[26.557347,41.205219],[26.557229,41.205371],[26.557119,41.205455],[26.556829,41.205683],[26.556635,41.205702],[26.556586,41.205668],[26.556422,41.205851],[26.556156,41.206129],[26.556011,41.206384],[26.55595,41.206528],[26.555931,41.20678],[26.555638,41.207218],[26.555444,41.207301],[26.555371,41.207362],[26.555303,41.207423],[26.555234,41.207537],[26.555223,41.207621],[26.555276,41.207979],[26.555326,41.208108],[26.555425,41.208265],[26.555436,41.208364],[26.555295,41.208756],[26.555105,41.208904],[26.555154,41.209167],[26.555265,41.209395],[26.55536,41.209445],[26.555455,41.209529],[26.555432,41.209586],[26.555204,41.209787],[26.555105,41.209886],[26.55504,41.209993],[26.554918,41.210351],[26.554914,41.210537],[26.555017,41.210678],[26.55504,41.21077],[26.555029,41.210792],[26.554998,41.210823],[26.554842,41.210785],[26.554724,41.210834],[26.554686,41.210926],[26.554747,41.211044],[26.55501,41.211188],[26.555006,41.211242],[26.555109,41.21131],[26.555143,41.21139],[26.555223,41.211919],[26.555204,41.21198],[26.555162,41.212053],[26.555032,41.212144],[26.554987,41.212262],[26.55512,41.212483],[26.555204,41.212494],[26.555253,41.212521],[26.555337,41.212578],[26.555436,41.21273],[26.555432,41.212749],[26.555379,41.212837],[26.555653,41.213001],[26.555596,41.213214],[26.555516,41.213248],[26.555482,41.213381],[26.555498,41.213471],[26.555426,41.213761],[26.55526,41.213832],[26.555122,41.213947],[26.555089,41.213985],[26.555127,41.21447],[26.555122,41.214594],[26.555036,41.214689],[26.554598,41.215003],[26.554498,41.215127],[26.554403,41.215217],[26.554265,41.215417],[26.554046,41.215641],[26.55397,41.215903],[26.553961,41.21615],[26.554104,41.216317],[26.554142,41.21645],[26.554161,41.216521],[26.554084,41.216678],[26.553889,41.216926],[26.553813,41.217035],[26.553775,41.217159],[26.55358,41.217616],[26.553561,41.217806],[26.55348,41.218016],[26.553456,41.218225],[26.553413,41.21842],[26.553261,41.218549],[26.553195,41.218549],[26.553099,41.218606],[26.553118,41.218758],[26.553095,41.21901],[26.553114,41.219096],[26.553114,41.219162],[26.553166,41.219258],[26.553142,41.219334],[26.553337,41.219491],[26.553409,41.219605],[26.553399,41.219705],[26.553209,41.219948],[26.553147,41.220067],[26.553118,41.220186],[26.553128,41.220562],[26.553095,41.220681],[26.55299,41.220747],[26.552957,41.221371],[26.552828,41.221794],[26.5527,41.221804],[26.552481,41.221927],[26.552371,41.222089],[26.552133,41.222213],[26.551948,41.222351],[26.551829,41.222513],[26.551677,41.222658],[26.551544,41.222608],[26.551144,41.222483],[26.550923,41.222418],[26.550695,41.222338],[26.550291,41.222224],[26.549731,41.222049],[26.549286,41.221885],[26.549038,41.221801],[26.548806,41.22171],[26.54854,41.222075],[26.548308,41.222425],[26.548018,41.222829],[26.547885,41.223],[26.547523,41.222863],[26.547165,41.222745],[26.54672,41.223156],[26.546918,41.223312],[26.547112,41.223465],[26.546328,41.224177],[26.545932,41.2245],[26.545658,41.224729],[26.545247,41.224447],[26.545018,41.224291],[26.544767,41.224112],[26.544519,41.22396],[26.544459,41.223758],[26.544443,41.22372],[26.544436,41.223537],[26.544481,41.223347],[26.544181,41.223244],[26.543967,41.223202],[26.543716,41.223141],[26.543488,41.223099],[26.543297,41.223092],[26.543008,41.223057],[26.542833,41.223046],[26.542498,41.223031],[26.542144,41.223031],[26.541892,41.223095],[26.541588,41.223122],[26.541474,41.223103],[26.54112,41.223061],[26.540948,41.223054],[26.540815,41.222996],[26.540415,41.223347],[26.540141,41.223514],[26.539981,41.223621],[26.539894,41.22364],[26.539688,41.223716],[26.539444,41.223819],[26.539703,41.224028],[26.539448,41.224367],[26.539288,41.224439],[26.539022,41.224516],[26.538885,41.224565],[26.538683,41.224626],[26.538178,41.224771],[26.538017,41.224824],[26.538221,41.225202],[26.538399,41.225535],[26.538506,41.225725],[26.538542,41.225825],[26.538577,41.22588],[26.538651,41.226008],[26.538656,41.226073],[26.538528,41.226161],[26.538439,41.22632],[26.538354,41.226406],[26.53834,41.226544],[26.538335,41.226679],[26.538102,41.226763],[26.538049,41.226813],[26.538028,41.22697],[26.537999,41.227169],[26.538011,41.227231],[26.537964,41.227322],[26.537964,41.227343],[26.537994,41.227683],[26.538111,41.227717],[26.53814,41.227695],[26.538173,41.227745],[26.538085,41.227919],[26.53798,41.227962],[26.537918,41.227959],[26.537845,41.228357],[26.537835,41.228602],[26.537842,41.228702],[26.53788,41.229023],[26.537921,41.229306],[26.537954,41.229589],[26.537966,41.22973],[26.537975,41.229873],[26.538025,41.230032],[26.53793,41.229977],[26.537809,41.230013],[26.537783,41.230034],[26.537761,41.230137],[26.537664,41.230149],[26.538161,41.230394],[26.538221,41.230441],[26.538542,41.230605],[26.538937,41.230803],[26.539013,41.230839],[26.539075,41.230877],[26.539406,41.231086],[26.539703,41.231243],[26.539912,41.231338],[26.539967,41.231367],[26.539817,41.231519],[26.539855,41.231638],[26.539893,41.231698],[26.539969,41.231867],[26.540072,41.232102],[26.540129,41.232207],[26.540253,41.232421],[26.540476,41.232759],[26.540719,41.233112],[26.540803,41.233231],[26.540706,41.233289],[26.540537,41.23339],[26.540367,41.233493],[26.540236,41.233571],[26.540197,41.233595],[26.540153,41.233629],[26.540121,41.233652],[26.540075,41.233693],[26.540014,41.233749],[26.539931,41.23382],[26.539884,41.233863],[26.539888,41.233946],[26.539673,41.234036],[26.539642,41.234055],[26.539471,41.234156],[26.539418,41.234171],[26.539247,41.234206],[26.539104,41.234213],[26.538944,41.23421],[26.538805,41.234221],[26.538712,41.234221],[26.538651,41.234253],[26.538378,41.23439],[26.538205,41.234478],[26.53811,41.234524],[26.538009,41.234575],[26.537869,41.234644],[26.537747,41.234706],[26.537516,41.23482],[26.537297,41.234928],[26.537107,41.235022],[26.537001,41.235073],[26.536947,41.2351],[26.536896,41.235125],[26.536857,41.235144],[26.536847,41.235153],[26.536801,41.235184],[26.536756,41.235213],[26.536677,41.235209],[26.536588,41.235191],[26.536575,41.235191],[26.536467,41.235175],[26.53643,41.235251],[26.536411,41.235277],[26.536383,41.235313],[26.536362,41.235337],[26.536332,41.235368],[26.536302,41.235379],[26.536269,41.235386],[26.536211,41.235404],[26.536169,41.23543],[26.536072,41.235447],[26.535852,41.23538],[26.535745,41.235355],[26.535654,41.23535],[26.535568,41.235334],[26.535463,41.23549],[26.53544,41.235519],[26.535416,41.23557],[26.5354,41.235627],[26.53573,41.235755],[26.535768,41.235833],[26.535768,41.235917],[26.535754,41.235982],[26.535758,41.236014],[26.535762,41.236048],[26.535724,41.236231],[26.535684,41.236376],[26.535648,41.236492],[26.535604,41.236564],[26.53556,41.236593],[26.53541,41.23656],[26.535355,41.236594],[26.535322,41.236642],[26.535182,41.236831],[26.535107,41.236853],[26.535012,41.236933],[26.534947,41.237036],[26.534982,41.237103],[26.535142,41.237204],[26.535269,41.237285],[26.535402,41.237354],[26.535501,41.237423],[26.5356,41.237487],[26.535372,41.237619],[26.535602,41.237756],[26.535745,41.237803],[26.536137,41.237853],[26.536434,41.237828],[26.536986,41.23786],[26.537064,41.237891],[26.53731,41.237959],[26.537378,41.237997],[26.5377,41.238157],[26.537789,41.238254],[26.53785,41.238529],[26.538016,41.238787],[26.538109,41.238881],[26.538235,41.239002],[26.538458,41.239204],[26.538716,41.239397],[26.538882,41.239604],[26.538979,41.239844],[26.539007,41.240142],[26.539011,41.240186],[26.538773,41.240199],[26.53851,41.240207],[26.538339,41.240215],[26.538082,41.240223],[26.537902,41.240232],[26.537712,41.240238],[26.537572,41.240243],[26.537518,41.240247],[26.537487,41.240248],[26.537472,41.240249],[26.537321,41.240259],[26.537237,41.240263],[26.537146,41.240267],[26.537017,41.240274],[26.536974,41.240278],[26.536942,41.240279],[26.536851,41.240285],[26.536729,41.240292],[26.536665,41.240296],[26.536612,41.240299],[26.536557,41.240302],[26.536508,41.240304],[26.536482,41.240306],[26.536464,41.240307],[26.536457,41.240369],[26.536453,41.240406],[26.536436,41.240405],[26.536354,41.240403],[26.536275,41.240402],[26.536176,41.240399],[26.536101,41.240397],[26.536032,41.240397],[26.53594,41.240396],[26.535898,41.240583],[26.535885,41.24064],[26.535729,41.240608],[26.535679,41.240598],[26.535597,41.240606],[26.535497,41.240644],[26.535471,41.240731],[26.535448,41.2408],[26.535423,41.240874],[26.535412,41.240912],[26.535399,41.240956],[26.535383,41.241007],[26.535364,41.241061],[26.535348,41.241115],[26.535342,41.241134],[26.535329,41.241197],[26.535308,41.2413],[26.535304,41.241318],[26.535299,41.241343],[26.535295,41.241361],[26.535294,41.241367],[26.535294,41.241371],[26.535293,41.241381],[26.535292,41.241395],[26.535292,41.241403],[26.53529,41.241435],[26.535289,41.241453],[26.535287,41.241475],[26.535286,41.241488],[26.535285,41.241501],[26.535284,41.24152],[26.535283,41.241534],[26.535282,41.241557],[26.535281,41.241564],[26.535281,41.241572],[26.53528,41.241582],[26.535279,41.241605],[26.535278,41.241616],[26.535276,41.241644],[26.535275,41.241664],[26.535274,41.241679],[26.535273,41.241692],[26.535273,41.241696],[26.535261,41.241696],[26.535244,41.241696],[26.535211,41.241697],[26.535179,41.241697],[26.535161,41.241697],[26.535111,41.241697],[26.535069,41.241697],[26.535008,41.241698],[26.534871,41.241697],[26.534673,41.241698],[26.534421,41.241701],[26.534251,41.241701],[26.534206,41.241706],[26.534133,41.241714],[26.534119,41.241716],[26.534047,41.241715],[26.533938,41.241732],[26.533819,41.241748],[26.533818,41.241871],[26.533844,41.241985],[26.533868,41.242096],[26.533863,41.242136],[26.533854,41.242195],[26.533846,41.242268],[26.533817,41.242353],[26.5338,41.242417],[26.533782,41.24249],[26.533769,41.242535],[26.533755,41.242584],[26.533731,41.242661],[26.533712,41.242725],[26.533697,41.242778],[26.533686,41.242819],[26.533672,41.242857],[26.533652,41.242928],[26.533635,41.242989],[26.533631,41.243025],[26.533618,41.243085],[26.533602,41.243178],[26.533591,41.243255],[26.533568,41.243394],[26.533556,41.243473],[26.533537,41.243586],[26.533522,41.243663],[26.53349,41.243837],[26.533319,41.243886],[26.533242,41.244052],[26.533225,41.244118],[26.533205,41.244159],[26.533146,41.244335],[26.533118,41.244366],[26.533082,41.244485],[26.533012,41.244645],[26.533007,41.244673],[26.53296,41.24475],[26.532928,41.244844],[26.532896,41.244963],[26.532875,41.245036],[26.532838,41.245115],[26.532832,41.24515],[26.532789,41.245289],[26.532675,41.245411],[26.532671,41.245449],[26.53264,41.245577],[26.532629,41.245918],[26.53262,41.246137],[26.532637,41.246173],[26.532617,41.246378],[26.53259,41.246723],[26.532573,41.246831],[26.532526,41.247087],[26.532512,41.24716],[26.532514,41.247261],[26.532503,41.247425],[26.532492,41.247754],[26.532441,41.248351],[26.532405,41.248766],[26.532392,41.248857],[26.532381,41.248962],[26.53237,41.249052],[26.532343,41.249185],[26.532327,41.249261],[26.532315,41.249319],[26.532311,41.249364],[26.532307,41.249456],[26.532295,41.249594],[26.532282,41.249747],[26.532265,41.249956],[26.532237,41.250268],[26.532237,41.250404],[26.532172,41.250713],[26.532115,41.250877],[26.532037,41.251068],[26.531939,41.251268],[26.531861,41.251427],[26.531818,41.251525],[26.531794,41.25166],[26.531739,41.251898],[26.531682,41.252167],[26.531661,41.252293],[26.531644,41.252491],[26.531627,41.252707],[26.531608,41.252867],[26.531613,41.253333],[26.531618,41.253602],[26.531624,41.253726],[26.531657,41.253952],[26.531674,41.254065],[26.531682,41.254117],[26.531692,41.254188],[26.531705,41.254284],[26.531713,41.25434],[26.531722,41.254399],[26.531738,41.254511],[26.531748,41.254587],[26.531756,41.25465],[26.531771,41.254761],[26.531786,41.254861],[26.531803,41.254999],[26.531812,41.255068],[26.531823,41.255106],[26.531842,41.255173],[26.531848,41.255203],[26.531816,41.255306],[26.531978,41.255347],[26.532309,41.255404],[26.53256,41.255442],[26.532587,41.255476],[26.532762,41.255522],[26.533349,41.255667],[26.533821,41.255819],[26.534159,41.255907],[26.534597,41.256013],[26.535492,41.256276],[26.535968,41.256466],[26.536162,41.256546],[26.536375,41.256607],[26.537007,41.256786],[26.537205,41.256858],[26.537898,41.257174],[26.538241,41.257327],[26.538481,41.257422],[26.538781,41.257536],[26.538915,41.257585],[26.539204,41.257673],[26.539448,41.257711],[26.539866,41.257783],[26.540319,41.257879],[26.540563,41.258008],[26.540902,41.258179],[26.541081,41.258221],[26.541317,41.258294],[26.541496,41.258427],[26.541621,41.258514],[26.54188,41.258697],[26.542052,41.258796],[26.542558,41.25907],[26.543399,41.259535],[26.543666,41.259756],[26.544024,41.260033],[26.544233,41.260182],[26.544481,41.260311],[26.545337,41.260749],[26.545604,41.260886],[26.545589,41.260833],[26.545684,41.260407],[26.545623,41.260045],[26.545559,41.259711],[26.545715,41.259608],[26.54598,41.259433],[26.546152,41.259318],[26.546492,41.259316]]]}},{"type":"Feature","properties":{"id":"TR-Y-22-007-K-0021","level":"yerlesim","type":"mahalle","parent_id":"TR-D-22-007","province_id":"TR-P-22","district_id":"TR-D-22-007","name":"Yenicegörice","source_raw_name":"Yenicegörüce","source":"Kullanıcı tarafından sağlanan KML","source_label":"Kullanıcı tarafından sağlanan KML","source_name":"Edirne Mahalle KML - kullanıcı tarafından sağlandı"},"geometry":{"type":"Polygon","coordinates":[[[26.476788,41.157201],[26.477458,41.15707],[26.478103,41.157128],[26.481707,41.160068],[26.481825,41.160015],[26.481858,41.160004],[26.482033,41.159932],[26.482082,41.15991],[26.482126,41.159893],[26.482248,41.159832],[26.48234,41.159792],[26.482389,41.159766],[26.482458,41.159733],[26.48254,41.159696],[26.482623,41.159656],[26.482721,41.159611],[26.4828,41.159571],[26.482866,41.159547],[26.482926,41.159491],[26.48297,41.159459],[26.483033,41.159414],[26.483092,41.159369],[26.483198,41.159293],[26.48328,41.15923],[26.483245,41.159009],[26.483214,41.158708],[26.483207,41.158609],[26.483243,41.15803],[26.483269,41.157791],[26.483269,41.157651],[26.483278,41.157407],[26.483226,41.1572],[26.48315,41.156894],[26.483088,41.156658],[26.482974,41.156408],[26.48292,41.156204],[26.482916,41.156149],[26.482803,41.155909],[26.482769,41.155816],[26.482763,41.155782],[26.482868,41.155635],[26.483111,41.155287],[26.483199,41.155173],[26.48328,41.15503],[26.483347,41.154835],[26.483446,41.154733],[26.483669,41.154531],[26.483832,41.154381],[26.48396,41.15429],[26.484152,41.154179],[26.484253,41.154092],[26.484312,41.153918],[26.484341,41.153924],[26.484365,41.153947],[26.484467,41.153909],[26.484486,41.153891],[26.484667,41.153803],[26.484953,41.153663],[26.485186,41.153553],[26.485564,41.153372],[26.485607,41.153305],[26.485587,41.153299],[26.485637,41.153204],[26.485815,41.152904],[26.485987,41.152622],[26.486242,41.152196],[26.486468,41.15182],[26.486694,41.151442],[26.486794,41.151282],[26.487201,41.151144],[26.48774,41.150964],[26.487705,41.150824],[26.487675,41.150661],[26.487691,41.150589],[26.487673,41.150533],[26.487729,41.150393],[26.487914,41.149913],[26.488075,41.14949],[26.48809,41.149447],[26.488087,41.149438],[26.48816,41.149373],[26.488372,41.149194],[26.488457,41.149074],[26.488564,41.148919],[26.488747,41.148665],[26.488865,41.148486],[26.489028,41.148279],[26.48919,41.148084],[26.489295,41.147944],[26.489418,41.147795],[26.48956,41.147608],[26.489674,41.147471],[26.489797,41.147314],[26.48993,41.147148],[26.490198,41.146804],[26.490312,41.146663],[26.490449,41.146491],[26.490612,41.146284],[26.490803,41.14603],[26.490638,41.146018],[26.490455,41.145946],[26.490262,41.145876],[26.490052,41.145754],[26.489884,41.145668],[26.489668,41.145541],[26.489526,41.145447],[26.489097,41.145173],[26.488899,41.145333],[26.488852,41.14529],[26.48859,41.144964],[26.488476,41.144851],[26.488236,41.144612],[26.487923,41.144279],[26.487729,41.144062],[26.487502,41.143791],[26.486997,41.143144],[26.487075,41.143092],[26.487046,41.143051],[26.487318,41.142853],[26.48762,41.142646],[26.487831,41.142494],[26.488099,41.142297],[26.488276,41.14218],[26.488505,41.142016],[26.488667,41.141903],[26.48867,41.1419],[26.488598,41.141823],[26.48848,41.141704],[26.488364,41.141586],[26.488208,41.141424],[26.488358,41.141317],[26.488505,41.141211],[26.488621,41.141128],[26.488798,41.141003],[26.488947,41.140895],[26.489128,41.140769],[26.489281,41.140657],[26.48941,41.140562],[26.489571,41.140447],[26.489598,41.140465],[26.489684,41.140401],[26.489995,41.140445],[26.490646,41.140533],[26.4908,41.140436],[26.491011,41.140302],[26.491323,41.140108],[26.491506,41.139989],[26.491888,41.139745],[26.491814,41.139738],[26.491549,41.139681],[26.491363,41.139642],[26.491248,41.139611],[26.490962,41.139533],[26.491039,41.139437],[26.491082,41.139383],[26.491106,41.139328],[26.49119,41.139202],[26.49125,41.139113],[26.4914,41.138905],[26.491471,41.138799],[26.491535,41.138637],[26.491632,41.13842],[26.491677,41.138315],[26.491652,41.138231],[26.491794,41.138136],[26.491948,41.138029],[26.492084,41.137931],[26.492242,41.137823],[26.492392,41.137853],[26.492665,41.1379],[26.492906,41.13793],[26.493187,41.137959],[26.493394,41.137982],[26.493658,41.138003],[26.493999,41.13803],[26.494272,41.138053],[26.494658,41.138085],[26.494858,41.137972],[26.495121,41.137825],[26.495444,41.137642],[26.495767,41.137465],[26.495888,41.137393],[26.496078,41.137282],[26.496168,41.137235],[26.496333,41.137139],[26.496523,41.137035],[26.49677,41.136894],[26.496922,41.136812],[26.49704,41.136741],[26.497244,41.136623],[26.497371,41.136552],[26.497631,41.136405],[26.497802,41.136309],[26.497947,41.136227],[26.498096,41.136141],[26.498277,41.136044],[26.498416,41.135957],[26.498575,41.135869],[26.498675,41.13581],[26.49881,41.135733],[26.498953,41.135657],[26.499128,41.135559],[26.499296,41.135467],[26.49919,41.135419],[26.498482,41.135],[26.497576,41.134437],[26.497347,41.134391],[26.497107,41.134393],[26.496358,41.134382],[26.495791,41.134286],[26.495405,41.134039],[26.495269,41.133957],[26.495154,41.133698],[26.495223,41.133538],[26.495642,41.133386],[26.495733,41.133363],[26.496076,41.133256],[26.496769,41.132876],[26.497119,41.132472],[26.497142,41.132358],[26.497088,41.132221],[26.496753,41.131733],[26.496335,41.131596],[26.495984,41.131558],[26.495656,41.131628],[26.495534,41.132069],[26.495094,41.132064],[26.495106,41.132059],[26.49498,41.132048],[26.494595,41.131964],[26.494436,41.131934],[26.494302,41.13185],[26.493708,41.131587],[26.493286,41.131381],[26.493033,41.13125],[26.492732,41.131049],[26.492602,41.130912],[26.492566,41.130868],[26.492471,41.130769],[26.49238,41.130555],[26.492361,41.130399],[26.492345,41.130247],[26.492295,41.130109],[26.492267,41.130006],[26.492267,41.129511],[26.492382,41.129146],[26.492184,41.128392],[26.491948,41.127653],[26.491742,41.126915],[26.491666,41.126625],[26.491727,41.126435],[26.491818,41.12613],[26.491864,41.125879],[26.491772,41.125689],[26.491559,41.125445],[26.491163,41.124684],[26.490973,41.124227],[26.49063,41.123275],[26.490417,41.122727],[26.490364,41.122544],[26.490326,41.122498],[26.489983,41.12144],[26.489564,41.120488],[26.489717,41.120222],[26.489267,41.119224],[26.489168,41.11927],[26.489011,41.119293],[26.489003,41.119271],[26.488626,41.119336],[26.488024,41.119256],[26.487423,41.119191],[26.487289,41.119157],[26.486305,41.11892],[26.485338,41.118661],[26.484729,41.118569],[26.483823,41.118455],[26.482723,41.118212],[26.482336,41.118163],[26.481529,41.118064],[26.480973,41.117984],[26.480762,41.117108],[26.48064,41.116643],[26.48042,41.116612],[26.479848,41.11643],[26.479369,41.116026],[26.479312,41.115749],[26.47931,41.115734],[26.479295,41.115658],[26.479169,41.115361],[26.479116,41.115129],[26.478994,41.114615],[26.478929,41.114231],[26.478897,41.113993],[26.479234,41.11279],[26.479348,41.112437],[26.479336,41.1119],[26.479058,41.11147],[26.478992,41.111104],[26.478958,41.110963],[26.479011,41.110917],[26.479094,41.110838],[26.479243,41.110683],[26.479734,41.11015],[26.479874,41.109998],[26.479995,41.10986],[26.48068,41.109121],[26.481259,41.108409],[26.481206,41.108287],[26.481248,41.107918],[26.48132,41.1071],[26.481229,41.106886],[26.481092,41.106531],[26.48102,41.106355],[26.480936,41.106137],[26.480706,41.105588],[26.480564,41.105248],[26.480509,41.105172],[26.480235,41.104773],[26.48006,41.104355],[26.479837,41.104084],[26.479787,41.104016],[26.47973,41.103826],[26.479558,41.103559],[26.479416,41.103331],[26.478873,41.102322],[26.478683,41.101912],[26.478597,41.101417],[26.478669,41.101029],[26.478754,41.100547],[26.478396,41.100277],[26.477657,41.099771],[26.477623,41.099744],[26.47752,41.099725],[26.477235,41.099531],[26.475571,41.098408],[26.475152,41.098054],[26.474322,41.097357],[26.47353,41.097814],[26.472442,41.096923],[26.472228,41.096752],[26.472636,41.096051],[26.471734,41.095309],[26.471486,41.095115],[26.471391,41.095069],[26.4713,41.095],[26.470945,41.094707],[26.470085,41.094083],[26.469952,41.093988],[26.469784,41.093813],[26.469693,41.093691],[26.46911,41.093245],[26.468903,41.093689],[26.468355,41.093887],[26.468202,41.094016],[26.466634,41.094572],[26.465994,41.094732],[26.4654,41.094557],[26.465377,41.094504],[26.464555,41.094298],[26.46323,41.094169],[26.462766,41.093963],[26.461593,41.093598],[26.461159,41.093483],[26.460641,41.092912],[26.46055,41.092638],[26.460457,41.092512],[26.460411,41.091473],[26.45984,41.092432],[26.45944,41.093106],[26.459101,41.094463],[26.458866,41.094429],[26.458932,41.094027],[26.458815,41.094181],[26.458555,41.094598],[26.458335,41.094955],[26.458018,41.095471],[26.457259,41.096705],[26.45737,41.097305],[26.456991,41.097856],[26.456634,41.09837],[26.456445,41.098655],[26.455988,41.0993],[26.455925,41.099369],[26.455671,41.099583],[26.454795,41.100374],[26.454618,41.100374],[26.454481,41.100805],[26.454346,41.101214],[26.454552,41.101782],[26.454672,41.10177],[26.454555,41.102233],[26.454535,41.102436],[26.454495,41.103001],[26.454495,41.103398],[26.454115,41.103384],[26.454012,41.103398],[26.453941,41.103486],[26.454109,41.103792],[26.453332,41.104126],[26.453131,41.104159],[26.453152,41.104069],[26.453093,41.10403],[26.452755,41.103808],[26.452715,41.103724],[26.452665,41.103616],[26.452591,41.103688],[26.452372,41.103746],[26.452232,41.10369],[26.452087,41.104118],[26.451957,41.104518],[26.451869,41.104797],[26.451885,41.104924],[26.45169,41.104944],[26.451676,41.10512],[26.451608,41.105294],[26.451502,41.105505],[26.45146,41.105577],[26.451387,41.105732],[26.451306,41.105947],[26.451199,41.105956],[26.45102,41.105964],[26.450867,41.105973],[26.450841,41.106166],[26.450803,41.106441],[26.450757,41.106764],[26.450896,41.106774],[26.451126,41.106791],[26.451095,41.107238],[26.451075,41.107417],[26.450944,41.107549],[26.450728,41.107775],[26.450533,41.107973],[26.450304,41.108208],[26.449994,41.108533],[26.449628,41.108905],[26.449483,41.109049],[26.449315,41.109518],[26.449155,41.109963],[26.449034,41.11031],[26.448969,41.110284],[26.448989,41.110453],[26.449016,41.110689],[26.449067,41.110832],[26.449275,41.110995],[26.449441,41.111139],[26.449464,41.111156],[26.449555,41.111285],[26.449672,41.111442],[26.449795,41.11161],[26.449924,41.111791],[26.449974,41.11186],[26.450218,41.112108],[26.450195,41.112417],[26.450172,41.11272],[26.450143,41.113156],[26.449965,41.113438],[26.44999,41.113708],[26.450088,41.113992],[26.449988,41.114352],[26.450002,41.11458],[26.449956,41.114763],[26.44989,41.115013],[26.449797,41.115234],[26.449815,41.115387],[26.449795,41.115603],[26.449776,41.115748],[26.449697,41.115981],[26.449622,41.116193],[26.449584,41.116408],[26.44956,41.116515],[26.449529,41.116686],[26.449458,41.117069],[26.449357,41.117219],[26.449225,41.117415],[26.449155,41.117468],[26.449097,41.117513],[26.448989,41.117657],[26.448719,41.117999],[26.448727,41.118156],[26.448732,41.118305],[26.449002,41.118526],[26.449033,41.118664],[26.449091,41.118944],[26.44916,41.119286],[26.449142,41.119406],[26.449119,41.119602],[26.449102,41.119753],[26.449262,41.119929],[26.449315,41.119991],[26.449417,41.120231],[26.449458,41.120117],[26.449527,41.11993],[26.449589,41.119945],[26.44945,41.120312],[26.44954,41.120545],[26.449754,41.120695],[26.449811,41.121055],[26.449867,41.121412],[26.449892,41.121579],[26.449645,41.121812],[26.449511,41.121936],[26.449311,41.122333],[26.449315,41.122494],[26.44932,41.122786],[26.44932,41.123068],[26.449265,41.123304],[26.449202,41.123528],[26.449171,41.12365],[26.449046,41.12395],[26.448965,41.12416],[26.449021,41.124527],[26.449059,41.124757],[26.449359,41.124952],[26.449675,41.125169],[26.449714,41.125527],[26.449432,41.125891],[26.449321,41.126117],[26.449162,41.12628],[26.449183,41.126481],[26.449399,41.126656],[26.449725,41.126927],[26.449635,41.127016],[26.449407,41.127006],[26.44915,41.127122],[26.448946,41.127114],[26.448665,41.127188],[26.44801,41.127223],[26.446859,41.127435],[26.445697,41.1301],[26.4409,41.140551],[26.435285,41.151325],[26.43281,41.155798],[26.43262,41.156077],[26.436423,41.158271],[26.43727,41.15868],[26.43815,41.15909],[26.43849,41.159782],[26.439152,41.159786],[26.440594,41.160769],[26.441344,41.161512],[26.442003,41.161848],[26.442336,41.162286],[26.447843,41.164711],[26.456898,41.168806],[26.458068,41.168046],[26.459433,41.167138],[26.460507,41.166453],[26.461655,41.165727],[26.463048,41.164859],[26.464841,41.163734],[26.466315,41.162815],[26.467685,41.161947],[26.468587,41.161376],[26.469238,41.160988],[26.470027,41.160525],[26.470929,41.159994],[26.47111,41.159874],[26.471391,41.159709],[26.471726,41.159523],[26.471903,41.159515],[26.471943,41.159494],[26.472053,41.159447],[26.472167,41.159383],[26.472222,41.159333],[26.472522,41.159082],[26.476788,41.157201]]]}},{"type":"Feature","properties":{"id":"TR-Y-22-007-M-0001","level":"yerlesim","type":"mahalle","parent_id":"TR-D-22-007","province_id":"TR-P-22","district_id":"TR-D-22-007","name":"Büyükdoğanca","source_raw_name":"B. Doğanca","source":"Kullanıcı tarafından sağlanan KML","source_label":"Kullanıcı tarafından sağlanan KML","source_name":"Edirne Mahalle KML - kullanıcı tarafından sağlandı"},"geometry":{"type":"Polygon","coordinates":[[[26.430522,41.223953],[26.430524,41.223944],[26.430784,41.223949],[26.430807,41.223903],[26.430676,41.22371],[26.430755,41.223556],[26.430828,41.223536],[26.430866,41.22353],[26.430946,41.223524],[26.431066,41.223509],[26.4312,41.223501],[26.43137,41.223492],[26.43155,41.223484],[26.431705,41.223484],[26.431882,41.223491],[26.432033,41.223492],[26.432167,41.223481],[26.43231,41.223472],[26.432409,41.223469],[26.432802,41.223477],[26.432953,41.223478],[26.433116,41.223463],[26.433303,41.223427],[26.433504,41.223347],[26.433673,41.223259],[26.433886,41.223139],[26.433958,41.22309],[26.434092,41.223025],[26.434249,41.222944],[26.434437,41.222814],[26.434514,41.222718],[26.434593,41.22267],[26.434772,41.222563],[26.434785,41.222543],[26.434916,41.222601],[26.435056,41.222665],[26.435712,41.223041],[26.435942,41.223045],[26.436205,41.223124],[26.43647,41.223156],[26.436639,41.223164],[26.437192,41.223173],[26.43746,41.223176],[26.437568,41.223178],[26.437691,41.223193],[26.437918,41.223239],[26.438093,41.22326],[26.438377,41.223257],[26.438913,41.223252],[26.43892,41.223237],[26.438919,41.223179],[26.438897,41.222999],[26.439138,41.222999],[26.439136,41.222954],[26.439109,41.222684],[26.439091,41.222471],[26.439039,41.222358],[26.439203,41.221804],[26.439365,41.2216],[26.439418,41.221545],[26.439491,41.221458],[26.439842,41.221193],[26.439883,41.22119],[26.440036,41.221058],[26.440335,41.220848],[26.44049,41.2208],[26.440699,41.220651],[26.440865,41.220586],[26.441144,41.22047],[26.441191,41.220443],[26.441232,41.220429],[26.441404,41.220365],[26.441738,41.22015],[26.441893,41.219779],[26.441873,41.219736],[26.441835,41.219684],[26.441843,41.219672],[26.441843,41.219645],[26.441862,41.219622],[26.441987,41.219663],[26.442077,41.219639],[26.442188,41.219488],[26.442112,41.219342],[26.442211,41.219089],[26.442287,41.219003],[26.442552,41.21874],[26.442592,41.218603],[26.442561,41.218352],[26.442557,41.218304],[26.442566,41.218253],[26.442583,41.218105],[26.442596,41.21803],[26.442634,41.217909],[26.4427,41.217671],[26.442711,41.217637],[26.442787,41.2175],[26.442822,41.217434],[26.442861,41.217363],[26.442989,41.217219],[26.443105,41.217083],[26.443143,41.217039],[26.44326,41.216952],[26.443452,41.2168],[26.443643,41.21645],[26.443716,41.216156],[26.443688,41.215904],[26.443716,41.215772],[26.443783,41.21548],[26.443845,41.21533],[26.443813,41.215213],[26.443824,41.215049],[26.443947,41.214887],[26.444153,41.214752],[26.444281,41.214665],[26.44431,41.214528],[26.444256,41.214382],[26.444482,41.214237],[26.444462,41.214155],[26.444398,41.214034],[26.444253,41.213961],[26.444089,41.214005],[26.444081,41.213951],[26.444246,41.213878],[26.444339,41.213794],[26.444377,41.21364],[26.4445,41.213425],[26.444441,41.21334],[26.444325,41.213256],[26.444317,41.213105],[26.444221,41.213032],[26.444011,41.213066],[26.443912,41.212882],[26.443897,41.212696],[26.444052,41.212324],[26.444229,41.212087],[26.444485,41.212041],[26.444524,41.211965],[26.444463,41.211916],[26.444425,41.211883],[26.444268,41.2118],[26.444299,41.211749],[26.444366,41.211706],[26.444428,41.211666],[26.444529,41.211552],[26.444553,41.211412],[26.444515,41.211261],[26.444523,41.211066],[26.444619,41.211018],[26.444779,41.210948],[26.444993,41.210832],[26.445175,41.210623],[26.445475,41.210445],[26.445547,41.210385],[26.445608,41.210284],[26.445653,41.210216],[26.44574,41.210152],[26.446026,41.210022],[26.446071,41.209893],[26.445782,41.209432],[26.445478,41.20888],[26.445755,41.208423],[26.44574,41.208339],[26.445771,41.208237],[26.445927,41.20797],[26.446319,41.207875],[26.446323,41.207856],[26.446505,41.207591],[26.446818,41.207699],[26.447175,41.207832],[26.447783,41.208049],[26.44823,41.208182],[26.448697,41.208298],[26.449362,41.208428],[26.450044,41.208506],[26.450752,41.208579],[26.451158,41.208012],[26.451405,41.207635],[26.451516,41.207521],[26.451946,41.206995],[26.452597,41.206188],[26.453259,41.205366],[26.453699,41.204944],[26.454089,41.204625],[26.455165,41.203724],[26.455767,41.203219],[26.455762,41.203076],[26.455886,41.202972],[26.455864,41.202836],[26.455438,41.202667],[26.455436,41.202551],[26.455548,41.202472],[26.455645,41.202367],[26.455819,41.202434],[26.456112,41.202522],[26.456323,41.20222],[26.456542,41.20198],[26.456745,41.201746],[26.457016,41.201466],[26.457204,41.201316],[26.457411,41.20114],[26.457718,41.201389],[26.457842,41.201468],[26.457811,41.201418],[26.458256,41.201021],[26.458765,41.200664],[26.458846,41.2005],[26.458798,41.200457],[26.458846,41.200431],[26.458735,41.200278],[26.458848,41.200262],[26.458911,41.200296],[26.458956,41.200332],[26.459086,41.200375],[26.459226,41.20017],[26.459293,41.200048],[26.459415,41.199867],[26.459561,41.199642],[26.459649,41.199502],[26.459737,41.199365],[26.459851,41.199197],[26.460362,41.198955],[26.460372,41.198913],[26.460428,41.198714],[26.46052,41.198661],[26.460596,41.198394],[26.460821,41.198201],[26.461052,41.198081],[26.461181,41.198049],[26.461296,41.197979],[26.461361,41.197968],[26.461395,41.197949],[26.461522,41.197868],[26.461604,41.197777],[26.461666,41.197734],[26.462079,41.197632],[26.462264,41.197588],[26.462626,41.197498],[26.462877,41.197439],[26.463094,41.197375],[26.463268,41.197336],[26.463653,41.197253],[26.464011,41.197179],[26.46431,41.197111],[26.464497,41.197071],[26.464672,41.197039],[26.465034,41.196943],[26.46539,41.196835],[26.465882,41.196681],[26.466357,41.196536],[26.466686,41.196432],[26.467167,41.196283],[26.467786,41.196096],[26.468402,41.195904],[26.468991,41.195726],[26.469271,41.19564],[26.470201,41.195356],[26.470716,41.195191],[26.471106,41.195075],[26.471502,41.194953],[26.471935,41.19482],[26.472441,41.194659],[26.472766,41.194554],[26.473004,41.194302],[26.473163,41.194124],[26.473339,41.193819],[26.4734,41.193711],[26.473505,41.193531],[26.473625,41.193315],[26.473494,41.19323],[26.473605,41.19318],[26.473782,41.19314],[26.473771,41.193072],[26.473272,41.192809],[26.47341,41.192568],[26.473514,41.192387],[26.473634,41.192172],[26.473503,41.192086],[26.473614,41.192037],[26.473791,41.191997],[26.47378,41.191928],[26.473453,41.191756],[26.473528,41.191701],[26.473573,41.191674],[26.473656,41.191624],[26.473684,41.191608],[26.47368,41.191605],[26.473442,41.191459],[26.473371,41.191407],[26.473377,41.191352],[26.473509,41.191366],[26.473541,41.191179],[26.473574,41.191066],[26.473609,41.190939],[26.473678,41.190709],[26.473716,41.190574],[26.474457,41.190066],[26.47483,41.189924],[26.475079,41.189826],[26.47507,41.189615],[26.475298,41.189652],[26.475471,41.189678],[26.475474,41.189669],[26.475533,41.189695],[26.475686,41.189791],[26.475753,41.189836],[26.475831,41.189859],[26.475916,41.189851],[26.475974,41.189854],[26.476151,41.189849],[26.476323,41.189825],[26.476514,41.189796],[26.476735,41.189763],[26.47675,41.189761],[26.476884,41.189741],[26.477057,41.18973],[26.477117,41.189731],[26.477167,41.189743],[26.477239,41.189762],[26.477398,41.189812],[26.47743,41.189824],[26.477504,41.189855],[26.477568,41.189879],[26.477586,41.189888],[26.477751,41.189985],[26.477795,41.190022],[26.477828,41.190046],[26.477857,41.190068],[26.477907,41.190106],[26.477929,41.190117],[26.477995,41.190155],[26.478025,41.190169],[26.478099,41.190202],[26.478185,41.190241],[26.478316,41.190269],[26.478489,41.190281],[26.478772,41.19028],[26.478865,41.190324],[26.47896,41.190373],[26.479114,41.190405],[26.479256,41.190475],[26.47934,41.190545],[26.479361,41.190564],[26.479431,41.190608],[26.479526,41.19063],[26.479558,41.190632],[26.479646,41.19064],[26.479863,41.190622],[26.479961,41.190647],[26.479998,41.190698],[26.480017,41.190724],[26.480031,41.190758],[26.480067,41.190774],[26.480249,41.190742],[26.4804,41.19071],[26.48056,41.190675],[26.480679,41.190685],[26.480775,41.190717],[26.480896,41.190781],[26.480998,41.190806],[26.481123,41.190815],[26.481213,41.190782],[26.481439,41.190599],[26.481521,41.190569],[26.481603,41.190576],[26.481676,41.190619],[26.481742,41.190607],[26.481748,41.190599],[26.481774,41.190549],[26.481818,41.190499],[26.481975,41.190452],[26.482054,41.190407],[26.482118,41.190357],[26.482186,41.190328],[26.48232,41.190275],[26.482436,41.190235],[26.482496,41.190211],[26.482599,41.190164],[26.482727,41.190161],[26.482896,41.190194],[26.483004,41.190235],[26.483123,41.190299],[26.483418,41.190445],[26.483667,41.190537],[26.483715,41.190545],[26.484041,41.19058],[26.484292,41.190562],[26.484749,41.190568],[26.485257,41.190528],[26.485423,41.19054],[26.48556,41.19054],[26.485811,41.190454],[26.486022,41.19042],[26.486239,41.190488],[26.486525,41.190522],[26.486662,41.190471],[26.48733,41.190397],[26.487804,41.190517],[26.488133,41.190529],[26.488164,41.190476],[26.488202,41.190394],[26.488102,41.190271],[26.488256,41.190268],[26.48859,41.190345],[26.488208,41.189874],[26.487495,41.189174],[26.487399,41.189014],[26.487319,41.188941],[26.487236,41.188873],[26.486897,41.188702],[26.486604,41.188351],[26.48647,41.188199],[26.486265,41.188001],[26.485991,41.187818],[26.485553,41.187601],[26.484948,41.18716],[26.484654,41.18684],[26.484396,41.186631],[26.484007,41.186375],[26.483638,41.18604],[26.483436,41.185858],[26.483174,41.18574],[26.482705,41.185443],[26.482226,41.185241],[26.481704,41.185096],[26.481498,41.184952],[26.481377,41.184845],[26.481247,41.184807],[26.480832,41.184746],[26.480752,41.184735],[26.480059,41.184388],[26.47993,41.184293],[26.479477,41.1836],[26.479313,41.183478],[26.478898,41.183158],[26.478479,41.182827],[26.477828,41.182241],[26.477665,41.182028],[26.47752,41.181921],[26.477341,41.181761],[26.476968,41.18151],[26.476865,41.181422],[26.476309,41.181194],[26.475769,41.180798],[26.475407,41.180551],[26.475041,41.180288],[26.474699,41.18001],[26.474497,41.17985],[26.474017,41.179427],[26.473934,41.179363],[26.473778,41.179229],[26.473427,41.17902],[26.472567,41.178529],[26.472293,41.17838],[26.471744,41.178015],[26.471432,41.177558],[26.470484,41.176736],[26.470256,41.176439],[26.470138,41.176298],[26.469635,41.175837],[26.469285,41.175506],[26.468969,41.175312],[26.468546,41.175042],[26.468128,41.174768],[26.467808,41.174562],[26.467458,41.17425],[26.467085,41.173968],[26.466639,41.17377],[26.466011,41.173473],[26.46576,41.173309],[26.465189,41.172986],[26.465127,41.172947],[26.464963,41.172828],[26.463623,41.171827],[26.463322,41.17163],[26.462806,41.171466],[26.461315,41.171154],[26.460264,41.170849],[26.459785,41.170818],[26.459553,41.170669],[26.459184,41.170305],[26.458099,41.169571],[26.457545,41.169402],[26.457188,41.169138],[26.456898,41.168806],[26.447843,41.164711],[26.439734,41.169223],[26.439307,41.167577],[26.436392,41.165514],[26.435384,41.165437],[26.433335,41.165475],[26.431098,41.165273],[26.429613,41.165671],[26.429177,41.165049],[26.428328,41.164735],[26.42776,41.164876],[26.427316,41.165159],[26.426491,41.165703],[26.425889,41.166129],[26.425288,41.166316],[26.424148,41.16693],[26.422761,41.166876],[26.421623,41.167227],[26.420545,41.167865],[26.419931,41.169649],[26.405542,41.173001],[26.409595,41.181525],[26.409208,41.181651],[26.40857,41.18227],[26.407821,41.183364],[26.407819,41.183366],[26.4078,41.183823],[26.407611,41.1846],[26.407652,41.185092],[26.407799,41.185584],[26.407838,41.186328],[26.40789,41.186865],[26.407814,41.187276],[26.407766,41.18753],[26.407855,41.187739],[26.408149,41.187901],[26.408272,41.188113],[26.408219,41.188437],[26.408322,41.188678],[26.408396,41.188964],[26.408211,41.189283],[26.408299,41.189592],[26.408056,41.189728],[26.407554,41.189909],[26.407719,41.190173],[26.407931,41.190504],[26.407965,41.190583],[26.408046,41.190772],[26.408147,41.190964],[26.40825,41.191245],[26.408392,41.191503],[26.408404,41.191766],[26.408394,41.192029],[26.408392,41.192263],[26.408496,41.192469],[26.408503,41.192601],[26.408463,41.192807],[26.408551,41.193144],[26.408737,41.193448],[26.408985,41.19373],[26.409248,41.193937],[26.409261,41.194103],[26.409085,41.194405],[26.408977,41.194599],[26.408862,41.19477],[26.40886,41.194936],[26.408972,41.195096],[26.409001,41.195297],[26.408916,41.195491],[26.408959,41.195714],[26.409094,41.195909],[26.40941,41.196116],[26.409529,41.196317],[26.409906,41.196462],[26.410179,41.196486],[26.410395,41.196882],[26.410536,41.197111],[26.410671,41.197243],[26.410837,41.197393],[26.411114,41.197732],[26.41155,41.198026],[26.411481,41.198128],[26.411343,41.198282],[26.41135,41.198385],[26.411401,41.198602],[26.411339,41.198728],[26.411202,41.198824],[26.410975,41.198857],[26.410959,41.198977],[26.41104,41.199212],[26.411151,41.19943],[26.411294,41.199625],[26.411466,41.199758],[26.411578,41.199981],[26.411584,41.20013],[26.411529,41.200398],[26.411519,41.200604],[26.41145,41.200775],[26.411243,41.201009],[26.41099,41.201362],[26.410776,41.201578],[26.410674,41.201726],[26.410673,41.201727],[26.410697,41.201944],[26.410812,41.2022],[26.411862,41.20503],[26.41145,41.206019],[26.414279,41.211408],[26.414116,41.212703],[26.414655,41.214498],[26.415953,41.216143],[26.420823,41.224859],[26.423188,41.228141],[26.423531,41.227998],[26.423976,41.227764],[26.42441,41.227496],[26.424826,41.227349],[26.425138,41.227235],[26.425329,41.227189],[26.425496,41.227106],[26.425808,41.226961],[26.426083,41.226847],[26.426254,41.226816],[26.426581,41.226729],[26.426833,41.226656],[26.427065,41.226546],[26.427381,41.226325],[26.427666,41.226123],[26.427948,41.225967],[26.428291,41.225838],[26.428534,41.225739],[26.428683,41.225659],[26.428862,41.225552],[26.429056,41.225419],[26.429383,41.225252],[26.429581,41.225118],[26.429798,41.224936],[26.429954,41.224696],[26.430008,41.224627],[26.430057,41.224593],[26.430164,41.224467],[26.43033,41.224123],[26.430342,41.224101],[26.430373,41.224075],[26.430522,41.223953]]]}},{"type":"Feature","properties":{"id":"TR-Y-22-007-M-0002","level":"yerlesim","type":"mahalle","parent_id":"TR-D-22-007","province_id":"TR-P-22","district_id":"TR-D-22-007","name":"Gazi","source_raw_name":"Gazi","source":"Kullanıcı tarafından sağlanan KML","source_label":"Kullanıcı tarafından sağlanan KML","source_name":"Edirne Mahalle KML - kullanıcı tarafından sağlandı"},"geometry":{"type":"Polygon","coordinates":[[[26.378936,41.107663],[26.380618,41.106938],[26.381478,41.106666],[26.383852,41.106348],[26.383852,41.106347],[26.383852,41.10634],[26.384337,41.106207],[26.384799,41.106059],[26.384823,41.105888],[26.384892,41.105809],[26.384827,41.105619],[26.384751,41.105354],[26.384607,41.104935],[26.384393,41.104417],[26.384089,41.104459],[26.383937,41.103854],[26.383506,41.103846],[26.383282,41.103184],[26.382882,41.103248],[26.382753,41.10307],[26.382292,41.102118],[26.382284,41.102076],[26.382286,41.102075],[26.382284,41.102068],[26.382518,41.101951],[26.382341,41.101387],[26.3823,41.101235],[26.382301,41.101234],[26.3823,41.101227],[26.382547,41.101105],[26.3826,41.100419],[26.382517,41.100203],[26.382486,41.10002],[26.382476,41.100009],[26.382246,41.099757],[26.381961,41.099479],[26.381744,41.09887],[26.381683,41.09876],[26.381683,41.098509],[26.381713,41.098333],[26.381728,41.098143],[26.381801,41.097781],[26.381831,41.097519],[26.382121,41.097416],[26.382018,41.097009],[26.381911,41.096712],[26.381778,41.096632],[26.381694,41.096259],[26.381759,41.095589],[26.381595,41.095478],[26.381032,41.095356],[26.380579,41.095402],[26.380529,41.095375],[26.380419,41.09541],[26.380202,41.095417],[26.379871,41.095543],[26.379684,41.095375],[26.379174,41.094934],[26.378942,41.09493],[26.378793,41.095021],[26.378664,41.095052],[26.378473,41.09504],[26.378081,41.094583],[26.378005,41.094511],[26.37778,41.094336],[26.377168,41.093712],[26.376855,41.093354],[26.376509,41.09295],[26.376471,41.092878],[26.376189,41.092638],[26.37601,41.092326],[26.375824,41.09193],[26.375846,41.091804],[26.37561,41.091515],[26.375416,41.091366],[26.375355,41.091241],[26.374971,41.09075],[26.374784,41.090544],[26.374544,41.090308],[26.374324,41.090106],[26.374221,41.089939],[26.373631,41.090114],[26.373242,41.089729],[26.37293,41.08944],[26.372922,41.089421],[26.372915,41.089414],[26.372899,41.089398],[26.372886,41.089392],[26.372829,41.089375],[26.372709,41.089347],[26.372785,41.089663],[26.371984,41.089918],[26.371333,41.089899],[26.37044,41.08988],[26.36966,41.090472],[26.3695,41.090567],[26.368589,41.09065],[26.36731,41.090909],[26.365924,41.090985],[26.365147,41.090803],[26.363899,41.090787],[26.361125,41.090634],[26.360196,41.089869],[26.359827,41.089039],[26.359846,41.088757],[26.359651,41.088632],[26.35961,41.088536],[26.359183,41.088331],[26.359035,41.088247],[26.358399,41.08822],[26.35795,41.087969],[26.356789,41.087657],[26.355662,41.087337],[26.35549,41.087329],[26.355311,41.087337],[26.355075,41.087288],[26.355022,41.087261],[26.354676,41.087208],[26.354009,41.086937],[26.353697,41.086884],[26.35364,41.08688],[26.353236,41.087071],[26.352578,41.08728],[26.352071,41.087634],[26.351843,41.08779],[26.351656,41.087897],[26.351424,41.088175],[26.35139,41.088243],[26.351314,41.088331],[26.351154,41.088392],[26.351028,41.088415],[26.350629,41.088449],[26.35021,41.088514],[26.349894,41.088597],[26.349703,41.088643],[26.349403,41.088883],[26.348367,41.089142],[26.348123,41.089187],[26.348055,41.089283],[26.347884,41.089328],[26.347556,41.089473],[26.347613,41.089709],[26.347023,41.089793],[26.346898,41.089823],[26.346806,41.08969],[26.346555,41.089743],[26.346307,41.089797],[26.346052,41.089854],[26.345839,41.089949],[26.345363,41.090025],[26.345074,41.090059],[26.344781,41.090082],[26.34464,41.090006],[26.344252,41.08985],[26.344179,41.089755],[26.343806,41.089199],[26.343361,41.089214],[26.342694,41.08921],[26.342146,41.089237],[26.341628,41.089309],[26.341351,41.089359],[26.341286,41.088826],[26.341153,41.087939],[26.341541,41.087908],[26.341476,41.087665],[26.341442,41.087508],[26.3414,41.087162],[26.341379,41.087165],[26.341372,41.087129],[26.341065,41.087181],[26.340687,41.087234],[26.340323,41.087198],[26.340294,41.087165],[26.340232,41.087048],[26.339666,41.087136],[26.339416,41.087172],[26.33914,41.087193],[26.338914,41.087241],[26.338555,41.087272],[26.338619,41.087643],[26.338267,41.0877],[26.337793,41.087795],[26.337705,41.087817],[26.337094,41.087883],[26.337113,41.088026],[26.33712,41.088028],[26.337003,41.088055],[26.336675,41.088119],[26.336451,41.088188],[26.33617,41.088226],[26.335849,41.088273],[26.335614,41.088288],[26.335102,41.088312],[26.335147,41.088521],[26.334695,41.088561],[26.334621,41.088566],[26.334533,41.088566],[26.333953,41.088661],[26.333789,41.088319],[26.333679,41.087802],[26.333027,41.08814],[26.332844,41.088228],[26.332237,41.088633],[26.332068,41.088435],[26.331916,41.0882],[26.331664,41.087855],[26.331233,41.087341],[26.330895,41.086993],[26.330586,41.086708],[26.330503,41.086651],[26.330474,41.08661],[26.330426,41.086608],[26.330346,41.086579],[26.33016,41.086577],[26.329951,41.086596],[26.329534,41.086646],[26.329434,41.086658],[26.329132,41.086665],[26.32859,41.086714],[26.327899,41.086756],[26.32772,41.086766],[26.327485,41.086254],[26.327147,41.085504],[26.326842,41.084823],[26.326519,41.083962],[26.326428,41.083941],[26.325994,41.084045],[26.324917,41.084299],[26.324751,41.084331],[26.324515,41.084377],[26.324199,41.084409],[26.323856,41.08443],[26.323603,41.084451],[26.323314,41.084498],[26.323289,41.084518],[26.323179,41.084525],[26.322705,41.084577],[26.322425,41.084575],[26.322069,41.084339],[26.321827,41.08442],[26.321235,41.084613],[26.320993,41.084687],[26.320651,41.084835],[26.320045,41.085077],[26.319411,41.085328],[26.318315,41.085761],[26.318142,41.085551],[26.317742,41.08506],[26.317693,41.085079],[26.317677,41.085062],[26.317125,41.085285],[26.316594,41.085494],[26.316861,41.085962],[26.316988,41.086191],[26.317008,41.086318],[26.317032,41.086355],[26.317034,41.086427],[26.317041,41.086807],[26.317043,41.086856],[26.316501,41.086486],[26.31593,41.086089],[26.31534,41.085683],[26.315224,41.085602],[26.314424,41.084666],[26.313244,41.083835],[26.312303,41.083235],[26.310973,41.081123],[26.310904,41.082175],[26.312291,41.084379],[26.313232,41.084979],[26.314412,41.085809],[26.315746,41.087372],[26.316404,41.088093],[26.318124,41.089323],[26.320592,41.09042],[26.324006,41.091645],[26.327438,41.093037],[26.32924,41.094161],[26.330422,41.094869],[26.331836,41.096554],[26.332173,41.09712],[26.332955,41.099488],[26.333304,41.100847],[26.334112,41.102727],[26.33552,41.104992],[26.33658,41.105883],[26.336425,41.107178],[26.337081,41.107505],[26.339721,41.107462],[26.347079,41.107473],[26.348184,41.107368],[26.348432,41.107351],[26.348665,41.107321],[26.349039,41.107267],[26.349244,41.107277],[26.349483,41.1073],[26.349711,41.107332],[26.349661,41.10753],[26.349622,41.107836],[26.349785,41.107806],[26.349931,41.107777],[26.350043,41.10777],[26.350221,41.107773],[26.350451,41.107803],[26.350655,41.107811],[26.350782,41.107793],[26.350858,41.107756],[26.35103,41.108015],[26.351249,41.108069],[26.351656,41.108209],[26.351858,41.108337],[26.352012,41.108418],[26.352125,41.108461],[26.352154,41.108462],[26.352565,41.108421],[26.352834,41.108406],[26.353153,41.108422],[26.353404,41.108437],[26.353654,41.108414],[26.353932,41.10838],[26.354164,41.108299],[26.35438,41.108263],[26.354667,41.108232],[26.354956,41.108229],[26.355369,41.10823],[26.355709,41.108234],[26.356103,41.10827],[26.356153,41.108261],[26.356427,41.108366],[26.356787,41.108296],[26.357572,41.108202],[26.357901,41.108168],[26.35824,41.108108],[26.358541,41.108002],[26.35896,41.107823],[26.359441,41.107601],[26.359897,41.107417],[26.36063,41.107261],[26.361274,41.107157],[26.362318,41.107534],[26.363691,41.107656],[26.36513,41.107993],[26.36657,41.108253],[26.369355,41.108854],[26.370581,41.109114],[26.371822,41.109178],[26.37362,41.108882],[26.375519,41.108602],[26.377007,41.108405],[26.378936,41.107663]]]}},{"type":"Feature","properties":{"id":"TR-Y-22-007-M-0003","level":"yerlesim","type":"mahalle","parent_id":"TR-D-22-007","province_id":"TR-P-22","district_id":"TR-D-22-007","name":"İzzetpaşa","source_raw_name":"İzzetpaşa","source":"Kullanıcı tarafından sağlanan KML","source_label":"Kullanıcı tarafından sağlanan KML","source_name":"Edirne Mahalle KML - kullanıcı tarafından sağlandı"},"geometry":{"type":"Polygon","coordinates":[[[26.358588,41.155709],[26.368515,41.150557],[26.368645,41.150427],[26.368645,41.150427],[26.368676,41.1504],[26.368947,41.150173],[26.369178,41.149918],[26.36928,41.149813],[26.369694,41.149314],[26.36998,41.148972],[26.370225,41.148681],[26.370478,41.148447],[26.371098,41.147967],[26.371646,41.147543],[26.371976,41.147277],[26.372117,41.147076],[26.372157,41.146393],[26.372227,41.146054],[26.372317,41.145786],[26.372496,41.145361],[26.372963,41.144974],[26.373134,41.144872],[26.373422,41.144668],[26.374306,41.14407],[26.375042,41.143666],[26.375255,41.143372],[26.375498,41.143254],[26.375642,41.143095],[26.375866,41.142758],[26.376252,41.142365],[26.376428,41.14232],[26.376805,41.142125],[26.377077,41.141972],[26.377207,41.141917],[26.377659,41.141613],[26.377718,41.141567],[26.378256,41.141236],[26.378348,41.141087],[26.378311,41.140581],[26.378181,41.139972],[26.378083,41.139924],[26.378038,41.139865],[26.377962,41.139793],[26.377861,41.139727],[26.37778,41.139676],[26.377723,41.139625],[26.377688,41.13959],[26.377648,41.139544],[26.377612,41.139491],[26.377573,41.139403],[26.377517,41.139276],[26.377484,41.139145],[26.377389,41.13894],[26.377335,41.138829],[26.377273,41.138678],[26.377339,41.138673],[26.377636,41.138563],[26.377776,41.138503],[26.377984,41.138482],[26.378152,41.13845],[26.378329,41.138418],[26.378616,41.138386],[26.378741,41.138385],[26.3788,41.138369],[26.378817,41.138364],[26.378857,41.138318],[26.378855,41.138194],[26.378836,41.138063],[26.378891,41.13778],[26.378918,41.137742],[26.379083,41.137687],[26.379456,41.13753],[26.379858,41.137341],[26.380077,41.137253],[26.380178,41.137249],[26.380422,41.137274],[26.380877,41.137335],[26.381248,41.13736],[26.389665,41.132367],[26.389678,41.132359],[26.389496,41.132107],[26.389431,41.131883],[26.38945,41.131395],[26.389473,41.130783],[26.389564,41.130459],[26.389564,41.130453],[26.389564,41.130451],[26.389545,41.130017],[26.389385,41.129694],[26.38913,41.129161],[26.389046,41.129027],[26.388639,41.128769],[26.388285,41.128418],[26.388144,41.128281],[26.388204,41.127954],[26.388193,41.127881],[26.388094,41.127562],[26.388007,41.127173],[26.387889,41.126895],[26.387756,41.126545],[26.387699,41.126423],[26.38747,41.126077],[26.387367,41.125795],[26.387261,41.125639],[26.386111,41.125481],[26.386064,41.124772],[26.38259,41.121974],[26.381616,41.121985],[26.380993,41.121219],[26.379859,41.12126],[26.378507,41.120967],[26.375164,41.121283],[26.373967,41.121252],[26.372173,41.121147],[26.371883,41.121741],[26.371265,41.123763],[26.370028,41.124662],[26.369682,41.124564],[26.369175,41.124895],[26.369164,41.125031],[26.368197,41.125009],[26.367954,41.125032],[26.36713,41.124715],[26.366924,41.125194],[26.366179,41.125107],[26.365841,41.125577],[26.36544,41.125362],[26.361229,41.126783],[26.36151,41.12707],[26.360656,41.127446],[26.359935,41.127061],[26.358764,41.127555],[26.355163,41.128464],[26.35473,41.127699],[26.352518,41.128287],[26.352815,41.128861],[26.349253,41.129622],[26.34915,41.12985],[26.347966,41.129805],[26.347335,41.130098],[26.346805,41.129932],[26.346224,41.1301],[26.345415,41.130286],[26.34496,41.130455],[26.343723,41.13112],[26.343241,41.130979],[26.341848,41.1316],[26.341992,41.132344],[26.339922,41.132618],[26.338172,41.133657],[26.337815,41.134074],[26.334789,41.134133],[26.334459,41.134398],[26.333804,41.134337],[26.332806,41.133321],[26.331667,41.131294],[26.330025,41.131647],[26.329997,41.131894],[26.329845,41.13195],[26.329749,41.131531],[26.32932,41.131528],[26.328488,41.129141],[26.324861,41.128796],[26.323279,41.128272],[26.32213,41.128056],[26.322217,41.129773],[26.321397,41.133062],[26.32289,41.1349],[26.327236,41.135932],[26.331283,41.136596],[26.333393,41.137674],[26.336365,41.140435],[26.336943,41.144346],[26.337446,41.144537],[26.337482,41.144537],[26.337708,41.144678],[26.338483,41.144644],[26.338526,41.144547],[26.338745,41.144478],[26.339228,41.144373],[26.339354,41.144349],[26.340273,41.144371],[26.340608,41.144378],[26.340603,41.144897],[26.340613,41.145225],[26.34062,41.145327],[26.340677,41.145927],[26.340672,41.146688],[26.340592,41.147048],[26.341184,41.147626],[26.341708,41.147735],[26.342122,41.147804],[26.343138,41.147973],[26.344972,41.14828],[26.346447,41.148518],[26.347071,41.148611],[26.347718,41.148704],[26.34787,41.148816],[26.347911,41.148825],[26.348325,41.148918],[26.348939,41.149063],[26.348977,41.148968],[26.349393,41.149068],[26.349367,41.149106],[26.349603,41.149153],[26.349729,41.14918],[26.350064,41.149246],[26.350371,41.149322],[26.350666,41.149399],[26.350609,41.149577],[26.350561,41.149724],[26.350423,41.150017],[26.350259,41.150365],[26.349998,41.150952],[26.350107,41.150969],[26.350393,41.151024],[26.350616,41.151145],[26.350818,41.15125],[26.350773,41.151554],[26.351589,41.151495],[26.35188,41.151478],[26.352053,41.151447],[26.352356,41.151423],[26.352375,41.151423],[26.352489,41.15158],[26.352491,41.151642],[26.352515,41.151652],[26.352629,41.1516],[26.352762,41.151726],[26.352903,41.151821],[26.353098,41.151956],[26.353222,41.152054],[26.353324,41.152083],[26.353429,41.152073],[26.353757,41.152313],[26.354128,41.15223],[26.354228,41.152187],[26.354535,41.152066],[26.35479,41.151952],[26.354914,41.151876],[26.35557,41.152577],[26.355963,41.153008],[26.356182,41.153232],[26.356296,41.153313],[26.356434,41.153582],[26.356653,41.154036],[26.35672,41.154181],[26.356774,41.15441],[26.356534,41.154788],[26.356367,41.154921],[26.356253,41.154981],[26.356091,41.155131],[26.355913,41.155338],[26.355604,41.155764],[26.355401,41.156128],[26.355439,41.156218],[26.35562,41.15618],[26.356589,41.156009],[26.35705,41.155925],[26.357264,41.155875],[26.357645,41.155868],[26.357907,41.155825],[26.358204,41.155787],[26.358331,41.155761],[26.358588,41.155709]]]}},{"type":"Feature","properties":{"id":"TR-Y-22-007-M-0004","level":"yerlesim","type":"mahalle","parent_id":"TR-D-22-007","province_id":"TR-P-22","district_id":"TR-D-22-007","name":"Küçükdoğanca","source_raw_name":"K. Doğanca","source":"Kullanıcı tarafından sağlanan KML","source_label":"Kullanıcı tarafından sağlanan KML","source_name":"Edirne Mahalle KML - kullanıcı tarafından sağlandı"},"geometry":{"type":"Polygon","coordinates":[[[26.398128,41.234128],[26.398305,41.234124],[26.398352,41.234136],[26.398435,41.234132],[26.398881,41.234052],[26.399006,41.234049],[26.399317,41.234043],[26.39956,41.234103],[26.399846,41.234086],[26.399946,41.234032],[26.400126,41.233975],[26.400388,41.233912],[26.400574,41.233881],[26.400791,41.233861],[26.400968,41.233849],[26.401125,41.233858],[26.401454,41.233906],[26.40156,41.233903],[26.401742,41.233869],[26.401811,41.233869],[26.402011,41.233849],[26.402211,41.233809],[26.402428,41.233789],[26.402759,41.23378],[26.403159,41.233783],[26.403347,41.233774],[26.403427,41.233789],[26.403641,41.233749],[26.404101,41.233697],[26.404158,41.233694],[26.404521,41.233634],[26.40484,41.233563],[26.405095,41.233526],[26.405426,41.233455],[26.405571,41.233403],[26.405886,41.233297],[26.406182,41.23322],[26.40632,41.233183],[26.406671,41.233183],[26.406822,41.23318],[26.407148,41.233155],[26.407405,41.233135],[26.407539,41.233112],[26.407719,41.233066],[26.407996,41.233015],[26.408253,41.232963],[26.408492,41.232923],[26.408615,41.232883],[26.408769,41.232843],[26.408998,41.232798],[26.409189,41.232792],[26.409398,41.232784],[26.409612,41.232786],[26.40978,41.232764],[26.409943,41.232749],[26.41006,41.232744],[26.410186,41.232729],[26.410403,41.232692],[26.410491,41.232672],[26.410625,41.232612],[26.410811,41.232529],[26.410979,41.232435],[26.411088,41.232389],[26.411168,41.232318],[26.411279,41.232258],[26.411354,41.232235],[26.411459,41.23223],[26.411613,41.23225],[26.411799,41.232292],[26.411987,41.232247],[26.412264,41.232181],[26.412539,41.23215],[26.412698,41.232147],[26.412895,41.232124],[26.413052,41.23211],[26.413304,41.232053],[26.413498,41.23199],[26.413815,41.231884],[26.414,41.231804],[26.414215,41.231727],[26.414357,41.23165],[26.414546,41.231533],[26.41478,41.231299],[26.414937,41.23115],[26.41514,41.230882],[26.415211,41.230756],[26.415308,41.230671],[26.415519,41.230528],[26.415774,41.230351],[26.416053,41.230188],[26.416422,41.229977],[26.416482,41.229942],[26.416722,41.229834],[26.417156,41.229634],[26.417578,41.229451],[26.418178,41.229191],[26.418729,41.229074],[26.419137,41.229],[26.419426,41.228912],[26.419783,41.228786],[26.419988,41.22868],[26.420228,41.228543],[26.420414,41.22852],[26.420713,41.228475],[26.421002,41.228423],[26.421173,41.2284],[26.422877,41.228277],[26.423081,41.228174],[26.423188,41.228141],[26.420823,41.224859],[26.415953,41.216143],[26.414655,41.214498],[26.414116,41.212703],[26.414279,41.211408],[26.41145,41.206019],[26.411862,41.20503],[26.410812,41.2022],[26.410697,41.201944],[26.410673,41.201727],[26.410674,41.201726],[26.410776,41.201578],[26.41099,41.201362],[26.411243,41.201009],[26.41145,41.200775],[26.411519,41.200604],[26.411529,41.200398],[26.411584,41.20013],[26.411578,41.199981],[26.411466,41.199758],[26.411294,41.199625],[26.411151,41.19943],[26.41104,41.199212],[26.410959,41.198977],[26.410975,41.198857],[26.411202,41.198824],[26.411339,41.198728],[26.411401,41.198602],[26.41135,41.198385],[26.411343,41.198282],[26.411481,41.198128],[26.41155,41.198026],[26.411114,41.197732],[26.410837,41.197393],[26.410671,41.197243],[26.410536,41.197111],[26.410395,41.196882],[26.410179,41.196486],[26.409906,41.196462],[26.409529,41.196317],[26.40941,41.196116],[26.409094,41.195909],[26.408959,41.195714],[26.408916,41.195491],[26.409001,41.195297],[26.408972,41.195096],[26.40886,41.194936],[26.408862,41.19477],[26.408977,41.194599],[26.409085,41.194405],[26.409261,41.194103],[26.409248,41.193937],[26.408985,41.19373],[26.408737,41.193448],[26.408551,41.193144],[26.408463,41.192807],[26.408503,41.192601],[26.408496,41.192469],[26.408392,41.192263],[26.408394,41.192029],[26.408404,41.191766],[26.408392,41.191503],[26.40825,41.191245],[26.408147,41.190964],[26.408046,41.190772],[26.407965,41.190583],[26.407931,41.190504],[26.407719,41.190173],[26.407554,41.189909],[26.408056,41.189728],[26.408299,41.189592],[26.408211,41.189283],[26.408396,41.188964],[26.408322,41.188678],[26.408219,41.188437],[26.408272,41.188113],[26.408149,41.187901],[26.407855,41.187739],[26.407766,41.18753],[26.407814,41.187276],[26.40789,41.186865],[26.407838,41.186328],[26.407799,41.185584],[26.407652,41.185092],[26.407611,41.1846],[26.4078,41.183823],[26.407819,41.183366],[26.407821,41.183364],[26.40857,41.18227],[26.409208,41.181651],[26.409595,41.181525],[26.405542,41.173001],[26.395094,41.173633],[26.391437,41.17355],[26.392046,41.175904],[26.387369,41.174278],[26.383757,41.172086],[26.381816,41.170049],[26.381802,41.170097],[26.381783,41.170164],[26.381766,41.170227],[26.381706,41.170426],[26.381694,41.170474],[26.381576,41.170514],[26.381466,41.170674],[26.381421,41.170737],[26.381403,41.170765],[26.3814,41.170772],[26.381367,41.170863],[26.381344,41.17093],[26.381437,41.170996],[26.381387,41.171058],[26.381392,41.17116],[26.381516,41.171215],[26.381497,41.171288],[26.381468,41.171402],[26.381395,41.171469],[26.381381,41.171645],[26.381388,41.171671],[26.381417,41.171763],[26.381332,41.171902],[26.381274,41.171995],[26.381276,41.17203],[26.381283,41.17214],[26.381229,41.17224],[26.381082,41.172344],[26.380997,41.172403],[26.380916,41.172467],[26.380879,41.172495],[26.380841,41.172522],[26.380815,41.172542],[26.380718,41.172718],[26.380669,41.172813],[26.380454,41.173004],[26.380437,41.173191],[26.380328,41.173277],[26.380276,41.173319],[26.380209,41.173371],[26.380182,41.173467],[26.379987,41.173619],[26.379926,41.173771],[26.379909,41.173814],[26.379906,41.173849],[26.379885,41.174054],[26.380108,41.174171],[26.380168,41.174203],[26.380409,41.174229],[26.380583,41.174248],[26.380806,41.174272],[26.38057,41.174415],[26.380504,41.174455],[26.380447,41.174489],[26.380044,41.174733],[26.380004,41.174758],[26.379931,41.174802],[26.379863,41.174843],[26.379788,41.174888],[26.379753,41.174909],[26.379942,41.175041],[26.379977,41.175065],[26.380049,41.175116],[26.380162,41.175194],[26.380215,41.175231],[26.380257,41.175261],[26.380216,41.175301],[26.380184,41.175331],[26.380147,41.175368],[26.380128,41.175385],[26.380104,41.175408],[26.380088,41.175423],[26.380057,41.175453],[26.380012,41.175497],[26.380032,41.175514],[26.380105,41.175578],[26.380139,41.175608],[26.379814,41.175872],[26.379795,41.175888],[26.379762,41.175914],[26.37974,41.175932],[26.379732,41.175941],[26.379717,41.175956],[26.379707,41.175967],[26.379646,41.17603],[26.379615,41.176063],[26.379572,41.176107],[26.379536,41.176146],[26.379507,41.176176],[26.379463,41.176222],[26.379408,41.17628],[26.379392,41.176296],[26.379368,41.176322],[26.379342,41.176349],[26.379331,41.17636],[26.379292,41.176401],[26.37926,41.176434],[26.379211,41.176486],[26.379198,41.176499],[26.379126,41.176574],[26.379111,41.176591],[26.37908,41.176622],[26.379059,41.176645],[26.379048,41.176656],[26.379008,41.176698],[26.379002,41.176705],[26.378996,41.176711],[26.378965,41.176742],[26.378958,41.17675],[26.378942,41.176767],[26.378923,41.176787],[26.37891,41.176801],[26.378899,41.176812],[26.378882,41.17683],[26.378877,41.176835],[26.378834,41.17688],[26.378824,41.17689],[26.378821,41.176893],[26.378763,41.176955],[26.378756,41.176962],[26.378752,41.176966],[26.378701,41.177019],[26.37871,41.177023],[26.378807,41.177052],[26.378839,41.177062],[26.378902,41.177081],[26.379012,41.177114],[26.379171,41.177162],[26.379195,41.177169],[26.379278,41.177201],[26.379398,41.177247],[26.379597,41.177323],[26.379776,41.177392],[26.380012,41.177481],[26.380101,41.177513],[26.380059,41.177614],[26.38005,41.177633],[26.380033,41.177675],[26.37998,41.177802],[26.380198,41.177839],[26.380226,41.177844],[26.380426,41.177879],[26.380828,41.17795],[26.380897,41.177962],[26.381103,41.177998],[26.381278,41.178028],[26.381312,41.178034],[26.381364,41.178043],[26.381467,41.178033],[26.381631,41.178018],[26.381636,41.178115],[26.381407,41.178132],[26.381168,41.17815],[26.380815,41.178174],[26.380603,41.178195],[26.380485,41.1782],[26.380226,41.178248],[26.379824,41.178324],[26.379641,41.178356],[26.379578,41.178368],[26.379397,41.178416],[26.37923,41.178464],[26.379054,41.178508],[26.37885,41.178565],[26.378628,41.178636],[26.378548,41.178656],[26.378316,41.178718],[26.378191,41.178752],[26.378059,41.178785],[26.378002,41.178805],[26.3779,41.178846],[26.377703,41.178919],[26.377554,41.178976],[26.377393,41.179039],[26.377245,41.17909],[26.377212,41.179101],[26.377177,41.17912],[26.3771,41.179157],[26.37704,41.179183],[26.376645,41.179336],[26.376388,41.179432],[26.376304,41.179462],[26.376258,41.179481],[26.376279,41.179524],[26.376378,41.179706],[26.376426,41.179794],[26.376447,41.17983],[26.376354,41.179965],[26.376344,41.179979],[26.376335,41.179992],[26.376306,41.180034],[26.376287,41.18006],[26.376262,41.180096],[26.376222,41.180155],[26.376164,41.180239],[26.376067,41.180378],[26.376035,41.180421],[26.376008,41.180458],[26.375967,41.180513],[26.375936,41.180555],[26.375909,41.180592],[26.375887,41.180621],[26.375858,41.180661],[26.375833,41.180694],[26.375819,41.180714],[26.375747,41.180811],[26.375745,41.180814],[26.375726,41.180839],[26.37572,41.180849],[26.375674,41.180911],[26.375672,41.180913],[26.375669,41.180917],[26.37556,41.181065],[26.375531,41.181107],[26.375508,41.181137],[26.37548,41.181175],[26.375447,41.181221],[26.375425,41.18125],[26.375401,41.181284],[26.375359,41.181338],[26.37519,41.18157],[26.375111,41.18161],[26.375046,41.181643],[26.375015,41.181659],[26.374694,41.181822],[26.374663,41.181837],[26.374636,41.181851],[26.374609,41.181864],[26.374579,41.18188],[26.374533,41.181904],[26.374497,41.181921],[26.374433,41.181955],[26.374398,41.181974],[26.374371,41.181988],[26.374339,41.182005],[26.374329,41.18201],[26.374272,41.18204],[26.37426,41.182047],[26.374202,41.182077],[26.37415,41.182104],[26.374147,41.182106],[26.374081,41.182141],[26.374121,41.182217],[26.374189,41.182342],[26.374248,41.182454],[26.374287,41.182527],[26.374051,41.182698],[26.373937,41.18278],[26.373768,41.182902],[26.373543,41.183065],[26.373326,41.18322],[26.373059,41.183417],[26.372876,41.183549],[26.372641,41.183722],[26.372489,41.183827],[26.371769,41.184356],[26.371295,41.184696],[26.37083,41.185037],[26.370469,41.185293],[26.370119,41.185559],[26.369886,41.185728],[26.369624,41.185925],[26.369443,41.186057],[26.369412,41.186054],[26.369338,41.186049],[26.369297,41.186046],[26.369272,41.186054],[26.369177,41.186082],[26.369054,41.186084],[26.369034,41.186067],[26.368965,41.186008],[26.368915,41.185967],[26.368763,41.185905],[26.368684,41.185925],[26.368565,41.185961],[26.368541,41.185996],[26.368548,41.186069],[26.368548,41.186082],[26.368564,41.186135],[26.368549,41.186186],[26.368551,41.186233],[26.368552,41.186277],[26.368552,41.186299],[26.368585,41.186329],[26.368639,41.186381],[26.368671,41.186413],[26.368662,41.18646],[26.368636,41.186572],[26.368593,41.186737],[26.368582,41.186856],[26.368582,41.186883],[26.368586,41.186968],[26.368587,41.186988],[26.368588,41.187009],[26.368614,41.187192],[26.368627,41.187356],[26.368645,41.187584],[26.368494,41.187626],[26.368396,41.187653],[26.368289,41.187683],[26.367825,41.187815],[26.367569,41.187889],[26.367261,41.187982],[26.367256,41.187983],[26.367224,41.187993],[26.367202,41.187995],[26.367217,41.188115],[26.367209,41.188347],[26.367218,41.188468],[26.367227,41.188599],[26.367238,41.188762],[26.36638,41.18878],[26.365976,41.188789],[26.365971,41.18879],[26.365969,41.188868],[26.365972,41.189205],[26.365973,41.189495],[26.366001,41.189627],[26.36604,41.189813],[26.366053,41.189876],[26.366061,41.190395],[26.36606,41.190459],[26.365986,41.190465],[26.366019,41.190834],[26.366057,41.191184],[26.366077,41.191317],[26.366124,41.191663],[26.366134,41.191765],[26.366154,41.19184],[26.366171,41.191936],[26.366299,41.191963],[26.366494,41.191917],[26.366666,41.191872],[26.366816,41.191835],[26.366863,41.191832],[26.366974,41.191832],[26.367356,41.191827],[26.367679,41.191822],[26.368072,41.191818],[26.368401,41.191812],[26.368718,41.191809],[26.369056,41.191805],[26.369146,41.191804],[26.369429,41.19183],[26.369791,41.191865],[26.370111,41.191896],[26.370264,41.192109],[26.370406,41.192301],[26.370654,41.19264],[26.370832,41.192885],[26.370977,41.192997],[26.372162,41.193975],[26.372343,41.194127],[26.372407,41.194156],[26.372457,41.194143],[26.372699,41.194071],[26.372876,41.194054],[26.373046,41.194066],[26.373241,41.194361],[26.373549,41.194836],[26.373892,41.19536],[26.374208,41.195849],[26.374351,41.196058],[26.374389,41.196152],[26.374591,41.196464],[26.374831,41.19685],[26.375029,41.19718],[26.375318,41.19764],[26.375512,41.197962],[26.375737,41.198329],[26.375853,41.198506],[26.375964,41.198659],[26.376097,41.198824],[26.376578,41.199456],[26.376904,41.199873],[26.376972,41.199965],[26.377071,41.200018],[26.377806,41.200406],[26.378368,41.200703],[26.378699,41.200884],[26.378828,41.200941],[26.379323,41.201141],[26.379731,41.20131],[26.380412,41.201586],[26.380585,41.201661],[26.380901,41.201956],[26.381166,41.202197],[26.38169,41.202687],[26.382228,41.203189],[26.382484,41.203458],[26.382861,41.204337],[26.382941,41.20452],[26.383203,41.205159],[26.383329,41.205456],[26.383843,41.206382],[26.384231,41.207055],[26.384368,41.207501],[26.384722,41.208449],[26.384907,41.20904],[26.384978,41.20933],[26.38523,41.210529],[26.385449,41.211638],[26.385582,41.212142],[26.385815,41.213047],[26.385973,41.213618],[26.38613,41.214474],[26.386391,41.215954],[26.38652,41.216364],[26.386824,41.217177],[26.387158,41.218143],[26.387605,41.218981],[26.387962,41.219704],[26.388147,41.220066],[26.388033,41.220942],[26.387909,41.221998],[26.387843,41.222441],[26.388095,41.223164],[26.38848,41.224144],[26.388557,41.22434],[26.389161,41.225282],[26.389665,41.226029],[26.389956,41.226448],[26.390137,41.226652],[26.390693,41.227295],[26.391184,41.22788],[26.391978,41.228803],[26.393292,41.230416],[26.393437,41.230575],[26.39308,41.233269],[26.393074,41.233318],[26.393195,41.233345],[26.393195,41.233345],[26.393949,41.233517],[26.394085,41.233553],[26.394511,41.233664],[26.39456,41.233685],[26.394791,41.233717],[26.395299,41.233782],[26.3956,41.233824],[26.395756,41.233848],[26.395857,41.233881],[26.396148,41.233984],[26.396264,41.234004],[26.396405,41.234029],[26.396708,41.234046],[26.396734,41.23405],[26.39694,41.234037],[26.397106,41.234024],[26.397323,41.233991],[26.397429,41.234025],[26.397534,41.234069],[26.397779,41.234113],[26.397911,41.234122],[26.398002,41.234136],[26.398128,41.234128]]]}},{"type":"Feature","properties":{"id":"TR-Y-22-007-M-0005","level":"yerlesim","type":"mahalle","parent_id":"TR-D-22-007","province_id":"TR-P-22","district_id":"TR-D-22-007","name":"Merkez","source_raw_name":"Merkez","source":"Kullanıcı tarafından sağlanan KML","source_label":"Kullanıcı tarafından sağlanan KML","source_name":"Edirne Mahalle KML - kullanıcı tarafından sağlandı"},"geometry":{"type":"Polygon","coordinates":[[[26.341848,41.1316],[26.343241,41.130979],[26.343723,41.13112],[26.34496,41.130455],[26.345415,41.130286],[26.346224,41.1301],[26.346805,41.129932],[26.347335,41.130098],[26.347966,41.129805],[26.34915,41.12985],[26.349253,41.129622],[26.352815,41.128861],[26.352518,41.128287],[26.35473,41.127699],[26.355163,41.128464],[26.358764,41.127555],[26.359935,41.127061],[26.360656,41.127446],[26.36151,41.12707],[26.361229,41.126783],[26.36544,41.125362],[26.365841,41.125577],[26.366179,41.125107],[26.366924,41.125194],[26.36713,41.124715],[26.367954,41.125032],[26.368197,41.125009],[26.369164,41.125031],[26.369175,41.124895],[26.369682,41.124564],[26.370028,41.124662],[26.371265,41.123763],[26.371883,41.121741],[26.372173,41.121147],[26.373967,41.121252],[26.375164,41.121283],[26.378507,41.120967],[26.379859,41.12126],[26.380993,41.121219],[26.381616,41.121985],[26.38259,41.121974],[26.386064,41.124772],[26.386111,41.125481],[26.387261,41.125639],[26.387101,41.125197],[26.386131,41.123308],[26.386018,41.119191],[26.388449,41.114238],[26.388344,41.113615],[26.388278,41.113077],[26.388213,41.112432],[26.387083,41.112158],[26.386489,41.111861],[26.386706,41.111004],[26.385552,41.110399],[26.38528,41.10996],[26.38517,41.110007],[26.384494,41.110221],[26.384285,41.109469],[26.384242,41.10946],[26.384199,41.109055],[26.384047,41.109041],[26.384033,41.108418],[26.383509,41.108303],[26.383619,41.107808],[26.383738,41.107828],[26.383566,41.10718],[26.383961,41.107166],[26.383857,41.106938],[26.383852,41.106348],[26.381478,41.106666],[26.380618,41.106938],[26.378936,41.107663],[26.377007,41.108405],[26.375519,41.108602],[26.37362,41.108882],[26.371822,41.109178],[26.370581,41.109114],[26.369355,41.108854],[26.36657,41.108253],[26.36513,41.107993],[26.363691,41.107656],[26.362318,41.107534],[26.361274,41.107157],[26.36063,41.107261],[26.359897,41.107417],[26.359441,41.107601],[26.35896,41.107823],[26.358541,41.108002],[26.35824,41.108108],[26.357901,41.108168],[26.357572,41.108202],[26.356787,41.108296],[26.356427,41.108366],[26.356153,41.108261],[26.356103,41.10827],[26.355709,41.108234],[26.355369,41.10823],[26.354956,41.108229],[26.354667,41.108232],[26.35438,41.108263],[26.354164,41.108299],[26.353932,41.10838],[26.353654,41.108414],[26.353404,41.108437],[26.353153,41.108422],[26.352834,41.108406],[26.352565,41.108421],[26.352154,41.108462],[26.352125,41.108461],[26.352012,41.108418],[26.351858,41.108337],[26.351656,41.108209],[26.351249,41.108069],[26.35103,41.108015],[26.350858,41.107756],[26.350782,41.107793],[26.350655,41.107811],[26.350451,41.107803],[26.350221,41.107773],[26.350043,41.10777],[26.349931,41.107777],[26.349785,41.107806],[26.349622,41.107836],[26.349661,41.10753],[26.349711,41.107332],[26.349483,41.1073],[26.349244,41.107277],[26.349039,41.107267],[26.348665,41.107321],[26.348432,41.107351],[26.348184,41.107368],[26.347079,41.107473],[26.339721,41.107462],[26.337081,41.107505],[26.336425,41.107178],[26.335264,41.108437],[26.333536,41.109875],[26.331692,41.110779],[26.328765,41.111098],[26.32806,41.111094],[26.32544,41.110972],[26.32522,41.110879],[26.323893,41.110536],[26.317924,41.108716],[26.313858,41.108098],[26.312446,41.10815],[26.30929,41.108265],[26.307494,41.108498],[26.305104,41.10952],[26.304265,41.11075],[26.303401,41.1123],[26.303334,41.112972],[26.303839,41.116589],[26.306077,41.116557],[26.307463,41.117114],[26.309196,41.119137],[26.312083,41.120664],[26.315639,41.121874],[26.319136,41.122993],[26.321795,41.123237],[26.323845,41.123936],[26.324744,41.124718],[26.32424,41.126682],[26.32213,41.128056],[26.323279,41.128272],[26.324861,41.128796],[26.328488,41.129141],[26.32932,41.131528],[26.329749,41.131531],[26.329845,41.13195],[26.329997,41.131894],[26.330025,41.131647],[26.331667,41.131294],[26.332806,41.133321],[26.333804,41.134337],[26.334459,41.134398],[26.334789,41.134133],[26.337815,41.134074],[26.338172,41.133657],[26.339922,41.132618],[26.341992,41.132344],[26.341848,41.1316]]]}},{"type":"Feature","properties":{"id":"TR-Y-22-007-M-0006","level":"yerlesim","type":"mahalle","parent_id":"TR-D-22-007","province_id":"TR-P-22","district_id":"TR-D-22-007","name":"Şehit Mehmet Aydın","source_raw_name":"Şehit Mehmet Aydın","source":"Kullanıcı tarafından sağlanan KML","source_label":"Kullanıcı tarafından sağlanan KML","source_name":"Edirne Mahalle KML - kullanıcı tarafından sağlandı"},"geometry":{"type":"Polygon","coordinates":[[[26.392046,41.175904],[26.391437,41.17355],[26.395094,41.173633],[26.405542,41.173001],[26.419931,41.169649],[26.420545,41.167865],[26.421623,41.167227],[26.422761,41.166876],[26.424148,41.16693],[26.425288,41.166316],[26.425889,41.166129],[26.426491,41.165703],[26.427316,41.165159],[26.42776,41.164876],[26.428328,41.164735],[26.429177,41.165049],[26.429613,41.165671],[26.431098,41.165273],[26.433335,41.165475],[26.435384,41.165437],[26.436392,41.165514],[26.439307,41.167577],[26.439734,41.169223],[26.447843,41.164711],[26.442336,41.162286],[26.442003,41.161848],[26.441344,41.161512],[26.440594,41.160769],[26.439152,41.159786],[26.43849,41.159782],[26.43815,41.15909],[26.43727,41.15868],[26.436423,41.158271],[26.43262,41.156077],[26.432383,41.155992],[26.432302,41.155952],[26.432216,41.15586],[26.432089,41.15571],[26.431978,41.155563],[26.431898,41.155459],[26.431836,41.155381],[26.431786,41.155308],[26.431754,41.155244],[26.431744,41.155215],[26.431742,41.155173],[26.431642,41.154992],[26.431583,41.15488],[26.431535,41.154794],[26.431491,41.154735],[26.431398,41.15465],[26.431314,41.154598],[26.431261,41.154551],[26.431067,41.154381],[26.430973,41.154263],[26.430933,41.154197],[26.430853,41.154086],[26.430813,41.154018],[26.430718,41.153932],[26.43064,41.153848],[26.430547,41.153721],[26.430292,41.153629],[26.430041,41.153508],[26.429928,41.153451],[26.429858,41.153336],[26.429555,41.153148],[26.429517,41.153121],[26.429367,41.15299],[26.42935,41.152969],[26.429339,41.152956],[26.429287,41.152889],[26.429201,41.152784],[26.42915,41.152721],[26.429091,41.152647],[26.42899,41.15256],[26.42879,41.152365],[26.428729,41.152303],[26.428613,41.15212],[26.428518,41.152002],[26.428409,41.151886],[26.428322,41.151775],[26.428238,41.151665],[26.428118,41.151528],[26.428013,41.151431],[26.427958,41.151378],[26.427861,41.151261],[26.427657,41.151025],[26.427528,41.150864],[26.427456,41.150795],[26.427408,41.15073],[26.427328,41.150622],[26.42728,41.150555],[26.427208,41.150498],[26.427178,41.150468],[26.427082,41.150426],[26.426907,41.15038],[26.426824,41.150352],[26.426626,41.150277],[26.426502,41.150218],[26.426315,41.150142],[26.426226,41.150074],[26.426134,41.149904],[26.425963,41.149858],[26.425807,41.149584],[26.425563,41.149423],[26.425421,41.149297],[26.425135,41.149198],[26.425063,41.149173],[26.425036,41.149112],[26.425074,41.149032],[26.425059,41.14896],[26.424945,41.14893],[26.424916,41.148916],[26.424962,41.148827],[26.424971,41.148777],[26.424927,41.148761],[26.424831,41.148762],[26.424823,41.148729],[26.42485,41.148684],[26.42487,41.14864],[26.424879,41.148615],[26.424839,41.148567],[26.424772,41.148573],[26.424728,41.148546],[26.424771,41.148452],[26.42466,41.148389],[26.424668,41.148158],[26.424622,41.148074],[26.424473,41.147964],[26.42443,41.14793],[26.424391,41.147901],[26.424365,41.147867],[26.424289,41.147863],[26.423741,41.147849],[26.422724,41.147838],[26.422199,41.147824],[26.421805,41.147815],[26.421351,41.147807],[26.420925,41.147798],[26.420143,41.147884],[26.418927,41.148024],[26.418239,41.148095],[26.418107,41.148109],[26.41803,41.148118],[26.417399,41.148183],[26.416494,41.148172],[26.415737,41.148161],[26.415035,41.148143],[26.414584,41.148112],[26.414084,41.148072],[26.413898,41.148061],[26.413522,41.148044],[26.412765,41.147989],[26.412362,41.147966],[26.41178,41.147901],[26.411157,41.147829],[26.410478,41.147758],[26.410001,41.147678],[26.409604,41.147624],[26.40887,41.147535],[26.408085,41.146596],[26.407103,41.145305],[26.406774,41.144863],[26.406577,41.144686],[26.405672,41.143775],[26.404784,41.142895],[26.403996,41.142113],[26.403405,41.141685],[26.402611,41.141088],[26.401852,41.140511],[26.400967,41.139863],[26.400804,41.139729],[26.399416,41.139001],[26.398303,41.138444],[26.395841,41.13745],[26.394848,41.137036],[26.393734,41.135874],[26.392977,41.135094],[26.392209,41.134306],[26.391902,41.133965],[26.391723,41.13376],[26.391414,41.13355],[26.391056,41.133364],[26.390893,41.133269],[26.390474,41.132972],[26.390322,41.132934],[26.390154,41.132705],[26.390055,41.13261],[26.389838,41.132461],[26.389678,41.132359],[26.389665,41.132367],[26.381248,41.13736],[26.380877,41.137335],[26.380422,41.137274],[26.380178,41.137249],[26.380077,41.137253],[26.379858,41.137341],[26.379456,41.13753],[26.379083,41.137687],[26.378918,41.137742],[26.378891,41.13778],[26.378836,41.138063],[26.378855,41.138194],[26.378857,41.138318],[26.378817,41.138364],[26.3788,41.138369],[26.378741,41.138385],[26.378616,41.138386],[26.378329,41.138418],[26.378152,41.13845],[26.377984,41.138482],[26.377776,41.138503],[26.377636,41.138563],[26.377339,41.138673],[26.377273,41.138678],[26.377335,41.138829],[26.377389,41.13894],[26.377484,41.139145],[26.377517,41.139276],[26.377573,41.139403],[26.377612,41.139491],[26.377648,41.139544],[26.377688,41.13959],[26.377723,41.139625],[26.37778,41.139676],[26.377861,41.139727],[26.377962,41.139793],[26.378038,41.139865],[26.378083,41.139924],[26.378181,41.139972],[26.378311,41.140581],[26.378348,41.141087],[26.378256,41.141236],[26.377718,41.141567],[26.377659,41.141613],[26.377207,41.141917],[26.377077,41.141972],[26.376805,41.142125],[26.376428,41.14232],[26.376252,41.142365],[26.375866,41.142758],[26.375642,41.143095],[26.375498,41.143254],[26.375255,41.143372],[26.375042,41.143666],[26.374306,41.14407],[26.373422,41.144668],[26.373134,41.144872],[26.372963,41.144974],[26.372496,41.145361],[26.372317,41.145786],[26.372227,41.146054],[26.372157,41.146393],[26.372117,41.147076],[26.371976,41.147277],[26.371646,41.147543],[26.371098,41.147967],[26.370478,41.148447],[26.370225,41.148681],[26.36998,41.148972],[26.369694,41.149314],[26.36928,41.149813],[26.369178,41.149918],[26.368947,41.150173],[26.368676,41.1504],[26.368645,41.150427],[26.368645,41.150427],[26.368515,41.150557],[26.358588,41.155709],[26.358607,41.155949],[26.358607,41.15599],[26.358612,41.156104],[26.358643,41.156281],[26.358641,41.156556],[26.358638,41.156613],[26.358661,41.156738],[26.358669,41.156792],[26.358673,41.156902],[26.358665,41.157022],[26.358697,41.157159],[26.358749,41.157264],[26.358786,41.157338],[26.35885,41.157408],[26.358868,41.157448],[26.358947,41.157598],[26.358949,41.157702],[26.358981,41.15779],[26.35903,41.157829],[26.359057,41.157861],[26.359122,41.157937],[26.359173,41.158047],[26.359202,41.158098],[26.359225,41.158133],[26.359286,41.158237],[26.359349,41.158341],[26.359264,41.15844],[26.3592,41.158554],[26.359125,41.158736],[26.359085,41.15884],[26.359165,41.158832],[26.359402,41.158919],[26.359874,41.15882],[26.3601,41.15877],[26.360228,41.158752],[26.360395,41.158725],[26.360399,41.158811],[26.360381,41.158903],[26.360362,41.159014],[26.360346,41.159112],[26.360346,41.15924],[26.360757,41.159311],[26.36127,41.159397],[26.361739,41.159477],[26.361773,41.159483],[26.361773,41.159483],[26.362387,41.159587],[26.362523,41.159614],[26.36272,41.159651],[26.362792,41.159481],[26.362932,41.159238],[26.363045,41.159044],[26.363154,41.158876],[26.363209,41.158808],[26.363228,41.158823],[26.363519,41.158864],[26.363925,41.158928],[26.364155,41.158964],[26.364289,41.158977],[26.364313,41.158986],[26.364613,41.159068],[26.364959,41.159171],[26.365243,41.15925],[26.365423,41.159308],[26.365422,41.159389],[26.365399,41.159496],[26.36536,41.159575],[26.3653,41.159724],[26.365308,41.159815],[26.365242,41.159972],[26.365228,41.160247],[26.36522,41.160387],[26.365215,41.160499],[26.365229,41.160617],[26.365207,41.16073],[26.365222,41.160826],[26.365259,41.161024],[26.36528,41.161138],[26.365274,41.161328],[26.365253,41.161445],[26.365958,41.16134],[26.366638,41.161227],[26.366882,41.161185],[26.366884,41.161042],[26.366882,41.160891],[26.366898,41.160695],[26.3669,41.160568],[26.366941,41.160182],[26.366952,41.160078],[26.366968,41.160079],[26.366968,41.160046],[26.36697,41.159972],[26.36697,41.159953],[26.36697,41.159953],[26.366972,41.159906],[26.366971,41.159892],[26.366974,41.159876],[26.36698,41.159825],[26.366999,41.159631],[26.367065,41.159625],[26.367156,41.159619],[26.367275,41.15961],[26.367337,41.159605],[26.367386,41.159601],[26.367395,41.159601],[26.367493,41.159601],[26.367549,41.159601],[26.367735,41.1596],[26.367785,41.159599],[26.367821,41.159599],[26.367886,41.159657],[26.367992,41.159753],[26.368051,41.159805],[26.368082,41.159832],[26.368111,41.15988],[26.368142,41.159895],[26.368151,41.1599],[26.368171,41.159931],[26.36811,41.160023],[26.368102,41.160035],[26.368087,41.160049],[26.368023,41.160113],[26.367981,41.160138],[26.367958,41.160151],[26.367904,41.160165],[26.36781,41.160198],[26.367814,41.160218],[26.367837,41.16035],[26.367852,41.160409],[26.367864,41.160491],[26.367888,41.160587],[26.367916,41.160719],[26.367923,41.160758],[26.367928,41.160775],[26.367947,41.160815],[26.367983,41.160897],[26.368033,41.160971],[26.368094,41.161067],[26.368122,41.161124],[26.368225,41.161321],[26.368253,41.16142],[26.3683,41.161569],[26.368314,41.161655],[26.368338,41.161822],[26.368373,41.161895],[26.368427,41.161999],[26.368443,41.161992],[26.368448,41.161999],[26.36871,41.16192],[26.368861,41.161872],[26.369053,41.161815],[26.369107,41.161799],[26.369242,41.161774],[26.369592,41.161707],[26.3697,41.161688],[26.369713,41.161745],[26.36973,41.161805],[26.369736,41.161868],[26.369748,41.161978],[26.369803,41.162142],[26.369858,41.162205],[26.369941,41.162235],[26.370042,41.162303],[26.370055,41.162378],[26.370031,41.162435],[26.369992,41.162479],[26.369983,41.162536],[26.369978,41.162648],[26.37003,41.162806],[26.370071,41.162872],[26.37015,41.163003],[26.370195,41.163149],[26.370204,41.163409],[26.370246,41.163503],[26.370257,41.163599],[26.370294,41.163631],[26.370399,41.163664],[26.370441,41.16374],[26.370501,41.163852],[26.370528,41.163916],[26.370552,41.163983],[26.370575,41.164067],[26.370609,41.164229],[26.370618,41.164345],[26.370606,41.164487],[26.370568,41.164687],[26.370561,41.164778],[26.370542,41.164954],[26.370576,41.165023],[26.370662,41.165417],[26.37079,41.166005],[26.370942,41.165985],[26.370965,41.166039],[26.371139,41.165985],[26.371344,41.165962],[26.371975,41.165985],[26.372612,41.166037],[26.372941,41.166077],[26.373158,41.166091],[26.37346,41.166085],[26.373594,41.1661],[26.373885,41.166136],[26.374113,41.166214],[26.374336,41.166298],[26.374515,41.166387],[26.374593,41.166444],[26.374898,41.166642],[26.375092,41.166368],[26.375345,41.166332],[26.375336,41.166266],[26.37568,41.166132],[26.376028,41.165988],[26.376297,41.166306],[26.376434,41.166601],[26.376295,41.166673],[26.376264,41.167143],[26.3764,41.16721],[26.376556,41.167185],[26.376607,41.167335],[26.376523,41.167465],[26.376485,41.167528],[26.376556,41.167505],[26.376704,41.167594],[26.376824,41.167684],[26.377018,41.167766],[26.377302,41.167632],[26.377785,41.167947],[26.377979,41.168241],[26.378217,41.168444],[26.378342,41.168552],[26.378372,41.168576],[26.37841,41.168608],[26.378488,41.168675],[26.37864,41.168616],[26.378741,41.168686],[26.378821,41.168741],[26.37861,41.168873],[26.378573,41.168896],[26.378811,41.16898],[26.378862,41.168998],[26.378789,41.169044],[26.378742,41.169075],[26.378848,41.169141],[26.379126,41.169313],[26.379363,41.169461],[26.379404,41.169484],[26.379446,41.169511],[26.379594,41.169467],[26.379762,41.169417],[26.379877,41.169382],[26.379974,41.169346],[26.380218,41.169257],[26.38026,41.169242],[26.380468,41.169459],[26.380549,41.169545],[26.380576,41.169541],[26.380775,41.169588],[26.380898,41.169654],[26.381055,41.169778],[26.381099,41.169801],[26.381189,41.169854],[26.381277,41.169872],[26.381362,41.169814],[26.381433,41.169794],[26.381543,41.16979],[26.381603,41.169826],[26.381696,41.169923],[26.381701,41.169929],[26.381816,41.170049],[26.383757,41.172086],[26.387369,41.174278],[26.392046,41.175904]]]}}]}