{"type":"FeatureCollection","name":"turkiye_map.dist.mahalle_geometrileri_by_district.TR-D-42-004","features":[{"type":"Feature","properties":{"id":"TR-Y-42-004-M-0001","level":"yerlesim","type":"mahalle","parent_id":"TR-D-42-004","province_id":"TR-P-42","district_id":"TR-D-42-004","name":"Akçaşar","source_raw_name":"AKÇAŞAR","source":"Kamuya açık veri ve kent rehberi servisleri","source_label":"Kamuya açık veri ve kent rehberi servisleri","source_name":"Konya Büyükşehir Belediyesi Açık Veri Platformu - Mahalleler"},"geometry":{"type":"MultiPolygon","coordinates":[[[[32.933995,38.297521],[32.935125,38.297501],[32.936106,38.297465],[32.937987,38.29743],[32.940289,38.297383],[32.941632,38.297381],[32.941732,38.297378],[32.942663,38.297345],[32.943754,38.29731],[32.943976,38.297298],[32.944651,38.297223],[32.945289,38.2971],[32.945766,38.29704],[32.94693,38.296866],[32.947072,38.296857],[32.947236,38.296812],[32.948255,38.296641],[32.948892,38.296512],[32.949396,38.296419],[32.949969,38.296359],[32.95016,38.296316],[32.950588,38.296278],[32.95103,38.296232],[32.951652,38.296098],[32.95207,38.296033],[32.952128,38.296018],[32.9531,38.295797],[32.953454,38.295755],[32.954402,38.295659],[32.954858,38.295594],[32.955397,38.295545],[32.955946,38.295526],[32.956748,38.295434],[32.957753,38.295331],[32.959274,38.295167],[32.959799,38.295083],[32.960041,38.295099],[32.960236,38.29508],[32.961042,38.295019],[32.961853,38.294973],[32.962451,38.294893],[32.963121,38.29482],[32.963641,38.294767],[32.964161,38.294729],[32.96452,38.29466],[32.964661,38.294606],[32.964846,38.294576],[32.965186,38.294534],[32.965322,38.294538],[32.966016,38.294434],[32.966488,38.294347],[32.9669,38.294331],[32.967313,38.29432],[32.968013,38.294309],[32.968717,38.294271],[32.969315,38.294259],[32.969961,38.29434],[32.970767,38.294397],[32.9715,38.294401],[32.971928,38.294413],[32.973264,38.294429],[32.974002,38.294417],[32.97469,38.29443],[32.974752,38.293857],[32.974732,38.293128],[32.974696,38.292822],[32.97399,38.292789],[32.973817,38.292801],[32.973638,38.292817],[32.973438,38.292825],[32.973392,38.292866],[32.972968,38.292019],[32.971946,38.289964],[32.971273,38.288459],[32.971308,38.287941],[32.970398,38.286675],[32.970041,38.285849],[32.969443,38.284519],[32.968779,38.283056],[32.967051,38.28339],[32.966923,38.282979],[32.966877,38.282793],[32.966796,38.2826],[32.966612,38.282197],[32.966479,38.281838],[32.966315,38.281443],[32.966229,38.28121],[32.966142,38.281032],[32.966152,38.280815],[32.967282,38.280653],[32.966436,38.278211],[32.964906,38.278066],[32.964952,38.277586],[32.963736,38.277534],[32.96393,38.277054],[32.964319,38.276168],[32.964447,38.275825],[32.964795,38.275128],[32.964966,38.275066],[32.965184,38.274987],[32.965655,38.273718],[32.967634,38.273909],[32.967779,38.273178],[32.968567,38.273044],[32.971349,38.272492],[32.971017,38.2718],[32.970685,38.270932],[32.971163,38.270813],[32.971557,38.270715],[32.970921,38.26928],[32.970113,38.267502],[32.969352,38.267818],[32.967762,38.265757],[32.967375,38.264791],[32.969422,38.264296],[32.970668,38.263947],[32.969575,38.261973],[32.969562,38.261918],[32.968892,38.259867],[32.968836,38.25972],[32.966104,38.260019],[32.962971,38.260264],[32.961901,38.257351],[32.962108,38.257504],[32.963388,38.257286],[32.963609,38.258001],[32.965054,38.25811],[32.965422,38.255847],[32.96769,38.256186],[32.969239,38.256727],[32.969253,38.256667],[32.970436,38.254818],[32.973098,38.255779],[32.973845,38.254999],[32.974433,38.254421],[32.975704,38.253373],[32.975883,38.253204],[32.976603,38.252664],[32.977758,38.25168],[32.978054,38.251839],[32.978273,38.251994],[32.978452,38.25211],[32.978837,38.251694],[32.97954,38.250787],[32.979558,38.250756],[32.979813,38.250413],[32.980126,38.250022],[32.980417,38.249644],[32.981577,38.24812],[32.981493,38.24792],[32.981432,38.247796],[32.981559,38.247511],[32.981058,38.247144],[32.980467,38.247501],[32.979858,38.247977],[32.979465,38.248324],[32.978605,38.24767],[32.97801,38.247283],[32.977221,38.247909],[32.976956,38.247705],[32.976482,38.248],[32.976129,38.248174],[32.97566,38.248491],[32.975164,38.248104],[32.974784,38.247817],[32.974506,38.247584],[32.972809,38.24615],[32.974584,38.244527],[32.975743,38.243443],[32.975195,38.242969],[32.974493,38.242286],[32.973907,38.241755],[32.973474,38.241376],[32.972907,38.241649],[32.972469,38.241925],[32.971998,38.242229],[32.971733,38.241887],[32.971575,38.241633],[32.971344,38.241318],[32.970844,38.2407],[32.970568,38.240401],[32.97032,38.24015],[32.970638,38.239995],[32.971109,38.239843],[32.971879,38.239661],[32.972821,38.239339],[32.973076,38.239222],[32.973653,38.238976],[32.974374,38.238748],[32.974345,38.238676],[32.973663,38.237512],[32.973332,38.236856],[32.974346,38.236598],[32.974481,38.236534],[32.974442,38.236371],[32.974269,38.23606],[32.973731,38.235377],[32.974443,38.234926],[32.974827,38.234755],[32.974654,38.234391],[32.974174,38.233781],[32.973982,38.233629],[32.973684,38.233492],[32.973347,38.23331],[32.972718,38.232935],[32.97228,38.23265],[32.971852,38.232741],[32.97115,38.232843],[32.970141,38.233002],[32.969718,38.233051],[32.969185,38.231955],[32.967026,38.232588],[32.96679,38.232228],[32.966589,38.231659],[32.966617,38.231629],[32.967166,38.231413],[32.968007,38.231178],[32.96781,38.230745],[32.967613,38.230294],[32.967451,38.229989],[32.96731,38.229668],[32.967047,38.229188],[32.96693,38.229179],[32.966604,38.229247],[32.966385,38.229275],[32.966244,38.229281],[32.966024,38.229324],[32.965714,38.229352],[32.965609,38.22899],[32.965405,38.228585],[32.965209,38.228297],[32.965041,38.227907],[32.964943,38.22792],[32.964805,38.227975],[32.963668,38.228195],[32.963868,38.229057],[32.963989,38.2295],[32.963997,38.229651],[32.963652,38.229756],[32.963479,38.229769],[32.962813,38.229775],[32.961703,38.229712],[32.961703,38.229926],[32.961601,38.230337],[32.961397,38.230949],[32.961193,38.231642],[32.960499,38.231571],[32.959809,38.231561],[32.958782,38.231508],[32.958256,38.231505],[32.958221,38.231434],[32.958221,38.230868],[32.958194,38.230339],[32.958183,38.229928],[32.958222,38.22977],[32.956838,38.230069],[32.956904,38.230642],[32.956935,38.23083],[32.956966,38.231235],[32.957029,38.231891],[32.955225,38.231986],[32.955252,38.232444],[32.955225,38.232914],[32.955165,38.233381],[32.955153,38.233771],[32.955134,38.234024],[32.954835,38.234992],[32.954576,38.235728],[32.954415,38.236071],[32.954152,38.236711],[32.953779,38.237456],[32.953347,38.238195],[32.953272,38.238409],[32.953261,38.238532],[32.953339,38.23856],[32.954323,38.238644],[32.954205,38.238687],[32.953099,38.239336],[32.95106,38.240551],[32.950957,38.240595],[32.950252,38.240993],[32.947672,38.242657],[32.947299,38.242547],[32.946706,38.242425],[32.94653,38.242412],[32.945617,38.242306],[32.944912,38.242239],[32.944794,38.242668],[32.94473,38.242904],[32.94458,38.243338],[32.943918,38.24319],[32.941927,38.242738],[32.941436,38.242633],[32.940016,38.24238],[32.93985,38.24315],[32.939791,38.243563],[32.93979,38.243811],[32.938776,38.243579],[32.93774,38.243347],[32.936464,38.243144],[32.936309,38.243599],[32.93625,38.243927],[32.936202,38.244209],[32.935833,38.245224],[32.935816,38.245259],[32.933877,38.244829],[32.933525,38.244772],[32.933115,38.244678],[32.933099,38.244725],[32.932879,38.245601],[32.932446,38.246856],[32.932371,38.247024],[32.932259,38.247159],[32.932141,38.24726],[32.931703,38.247175],[32.931159,38.247108],[32.930785,38.247082],[32.930602,38.248055],[32.930565,38.248282],[32.930511,38.248804],[32.930355,38.249739],[32.930334,38.249937],[32.93036,38.249996],[32.930462,38.25003],[32.930932,38.250089],[32.930851,38.25027],[32.930803,38.250518],[32.930701,38.250843],[32.93061,38.251007],[32.930285,38.250927],[32.929361,38.250812],[32.928453,38.250686],[32.928063,38.250656],[32.928063,38.251254],[32.928057,38.251393],[32.928015,38.251494],[32.927945,38.251885],[32.927928,38.252188],[32.92796,38.252479],[32.928024,38.252744],[32.928034,38.253018],[32.927949,38.252963],[32.927853,38.252959],[32.927223,38.25303],[32.926091,38.251951],[32.925686,38.251513],[32.925054,38.251082],[32.924446,38.250666],[32.924341,38.25075],[32.923775,38.251036],[32.92346,38.251221],[32.923278,38.25136],[32.92308,38.2516],[32.923085,38.251689],[32.922802,38.251916],[32.922006,38.252341],[32.919248,38.254276],[32.919056,38.254772],[32.918415,38.254545],[32.918244,38.254414],[32.917651,38.254953],[32.917304,38.255218],[32.917138,38.255196],[32.91678,38.254981],[32.916663,38.254821],[32.916503,38.254451],[32.916375,38.254253],[32.915981,38.25376],[32.915767,38.253574],[32.915313,38.253839],[32.915078,38.254024],[32.914843,38.254315],[32.914762,38.254491],[32.914746,38.254592],[32.914693,38.254786],[32.914628,38.254875],[32.91457,38.254891],[32.914516,38.254832],[32.914532,38.254744],[32.914597,38.254571],[32.914602,38.254428],[32.914592,38.254243],[32.91449,38.254159],[32.914373,38.254108],[32.914047,38.254057],[32.913839,38.254032],[32.913385,38.253926],[32.913044,38.253787],[32.912841,38.253703],[32.911713,38.254249],[32.910201,38.25541],[32.908573,38.25447],[32.901717,38.254031],[32.899163,38.254749],[32.893249,38.256643],[32.892826,38.257194],[32.892451,38.257745],[32.892173,38.257905],[32.892152,38.257976],[32.891975,38.258098],[32.891532,38.258346],[32.891302,38.25851],[32.891173,38.258653],[32.890885,38.258914],[32.890424,38.259579],[32.890349,38.259773],[32.890242,38.259886],[32.890066,38.259937],[32.889975,38.259983],[32.889905,38.260143],[32.889895,38.260265],[32.8896,38.260703],[32.889445,38.26101],[32.889257,38.2613],[32.889033,38.261464],[32.888905,38.261591],[32.888508,38.262171],[32.888161,38.262487],[32.887824,38.262689],[32.887733,38.262878],[32.88761,38.263067],[32.887417,38.263265],[32.887241,38.26345],[32.886674,38.263875],[32.886631,38.263976],[32.886641,38.264094],[32.886427,38.264405],[32.886384,38.264591],[32.886261,38.264734],[32.886047,38.264872],[32.885983,38.265041],[32.88594,38.26523],[32.885822,38.265462],[32.885608,38.26563],[32.885496,38.265807],[32.885271,38.265933],[32.885138,38.266084],[32.885009,38.26651],[32.884532,38.267145],[32.884404,38.267229],[32.884297,38.267427],[32.884088,38.267818],[32.883777,38.26874],[32.883782,38.268875],[32.883787,38.269203],[32.883877,38.26941],[32.883701,38.269532],[32.88221,38.269825],[32.882151,38.269842],[32.882423,38.27025],[32.882519,38.270512],[32.882673,38.270844],[32.882272,38.270751],[32.88207,38.27073],[32.881701,38.270692],[32.881621,38.270629],[32.881541,38.27073],[32.881445,38.270725],[32.881322,38.270746],[32.881188,38.270792],[32.881054,38.270805],[32.880462,38.27056],[32.880382,38.270505],[32.880259,38.270488],[32.880184,38.270446],[32.879811,38.270265],[32.879784,38.270509],[32.879794,38.270648],[32.879719,38.270698],[32.879367,38.270774],[32.879318,38.270841],[32.879361,38.271245],[32.879376,38.271692],[32.879316,38.272218],[32.879309,38.273229],[32.878452,38.273332],[32.8788,38.274432],[32.878826,38.274508],[32.879104,38.274648],[32.879125,38.274723],[32.87946,38.275621],[32.879545,38.275802],[32.879663,38.275983],[32.879817,38.276232],[32.879875,38.276434],[32.879902,38.276606],[32.879896,38.276884],[32.879896,38.276939],[32.880029,38.27757],[32.880108,38.277681],[32.880219,38.27772],[32.88081,38.277745],[32.880917,38.277775],[32.881031,38.278223],[32.881405,38.278281],[32.881809,38.278308],[32.882381,38.278483],[32.883057,38.278451],[32.883216,38.278878],[32.884018,38.278921],[32.884266,38.278961],[32.884407,38.278958],[32.885143,38.279304],[32.884887,38.279572],[32.884631,38.279737],[32.884451,38.279941],[32.88511,38.28036],[32.885477,38.280033],[32.886792,38.280822],[32.886861,38.280849],[32.887289,38.280365],[32.887683,38.279845],[32.890474,38.281424],[32.890725,38.281596],[32.89121,38.281382],[32.89169,38.28193],[32.892269,38.283011],[32.892707,38.283583],[32.892924,38.283947],[32.893512,38.283797],[32.893577,38.283779],[32.894737,38.28341],[32.895287,38.28314],[32.896257,38.282593],[32.896478,38.282774],[32.896627,38.282927],[32.896791,38.283123],[32.89713,38.283511],[32.897362,38.283686],[32.897431,38.283758],[32.897794,38.283551],[32.897889,38.283545],[32.898,38.283566],[32.89819,38.283612],[32.898309,38.2836],[32.898381,38.283524],[32.898431,38.283461],[32.898488,38.283495],[32.898526,38.283609],[32.898549,38.283768],[32.898633,38.283898],[32.898831,38.284081],[32.899189,38.284115],[32.899232,38.284119],[32.899308,38.284127],[32.902341,38.284445],[32.904593,38.284429],[32.904741,38.284811],[32.904981,38.285175],[32.905221,38.285425],[32.905373,38.285651],[32.905465,38.285645],[32.905564,38.285621],[32.906087,38.285405],[32.906526,38.285189],[32.90674,38.285553],[32.906877,38.285811],[32.906979,38.286136],[32.907105,38.286425],[32.907341,38.286838],[32.907444,38.287093],[32.90755,38.287265],[32.908333,38.287004],[32.908417,38.286941],[32.908752,38.287422],[32.909096,38.287465],[32.911602,38.287767],[32.911721,38.28731],[32.911809,38.28728],[32.91279,38.287564],[32.913087,38.287663],[32.912995,38.287907],[32.912995,38.288069],[32.914128,38.288365],[32.914132,38.288509],[32.914113,38.288551],[32.913829,38.289252],[32.914631,38.289439],[32.914665,38.289622],[32.914775,38.289701],[32.914997,38.289695],[32.915161,38.289677],[32.915485,38.289686],[32.916252,38.289693],[32.916382,38.289663],[32.916427,38.290084],[32.916794,38.290159],[32.917103,38.290153],[32.917229,38.290132],[32.917412,38.290157],[32.917458,38.290211],[32.917499,38.290479],[32.91748,38.290827],[32.917529,38.291498],[32.917773,38.291345],[32.918422,38.290834],[32.91872,38.290651],[32.918793,38.29069],[32.918922,38.291021],[32.919002,38.291409],[32.919082,38.291806],[32.919131,38.292384],[32.919329,38.292366],[32.91944,38.292348],[32.919898,38.292264],[32.920428,38.292129],[32.920944,38.292054],[32.921593,38.292015],[32.921592,38.29207],[32.92174,38.293453],[32.921732,38.293733],[32.922236,38.29373],[32.922747,38.293701],[32.922808,38.293743],[32.922831,38.293839],[32.922823,38.294422],[32.922849,38.294576],[32.9233,38.29454],[32.924116,38.294571],[32.924127,38.295362],[32.92413,38.296183],[32.92518,38.296205],[32.925676,38.296247],[32.926802,38.296293],[32.928752,38.29649],[32.929458,38.296508],[32.929377,38.297582],[32.92948,38.2976],[32.93001,38.29763],[32.930762,38.297649],[32.932132,38.297611],[32.933174,38.297524],[32.933995,38.297521]]]]}},{"type":"Feature","properties":{"id":"TR-Y-42-004-M-0002","level":"yerlesim","type":"mahalle","parent_id":"TR-D-42-004","province_id":"TR-P-42","district_id":"TR-D-42-004","name":"Akıncılar","source_raw_name":"AKINCILAR","source":"Kamuya açık veri ve kent rehberi servisleri","source_label":"Kamuya açık veri ve kent rehberi servisleri","source_name":"Konya Büyükşehir Belediyesi Açık Veri Platformu - Mahalleler"},"geometry":{"type":"MultiPolygon","coordinates":[[[[32.884782,38.44918],[32.884906,38.449937],[32.885023,38.45062],[32.885075,38.45129],[32.885254,38.451996],[32.889754,38.452211],[32.891081,38.452291],[32.893836,38.452552],[32.89425,38.452552],[32.895567,38.452609],[32.897185,38.452803],[32.898406,38.452953],[32.899464,38.453082],[32.899871,38.452926],[32.902404,38.453156],[32.903046,38.453199],[32.903688,38.453285],[32.904592,38.453428],[32.905198,38.453492],[32.906211,38.453372],[32.907623,38.45316],[32.907867,38.453117],[32.908337,38.453132],[32.908609,38.45309],[32.909233,38.45309],[32.909938,38.45314],[32.909999,38.455167],[32.910043,38.456078],[32.910911,38.456271],[32.911327,38.456363],[32.911779,38.456499],[32.912566,38.456663],[32.914031,38.456941],[32.914257,38.456984],[32.914357,38.456714],[32.914195,38.455839],[32.914213,38.455697],[32.914494,38.455135],[32.914432,38.454388],[32.914306,38.454068],[32.914189,38.453691],[32.914451,38.453947],[32.914758,38.453983],[32.915382,38.453941],[32.91644,38.454013],[32.916576,38.454098],[32.917091,38.454447],[32.917399,38.454419],[32.917652,38.454327],[32.917878,38.454327],[32.918049,38.454775],[32.918085,38.454981],[32.918049,38.455501],[32.918157,38.455678],[32.918844,38.455864],[32.919278,38.456042],[32.919387,38.456142],[32.919441,38.45627],[32.919603,38.456825],[32.919955,38.457465],[32.920091,38.457486],[32.92029,38.457458],[32.921041,38.457252],[32.922317,38.456777],[32.922851,38.456613],[32.923113,38.456493],[32.923547,38.456322],[32.923927,38.45618],[32.924262,38.455988],[32.924606,38.455825],[32.925013,38.455655],[32.924977,38.455576],[32.924779,38.455249],[32.924607,38.454872],[32.924264,38.454111],[32.924291,38.453997],[32.924084,38.453534],[32.923741,38.452823],[32.923551,38.452624],[32.923358,38.452345],[32.92284,38.451518],[32.922258,38.450621],[32.921917,38.449984],[32.921841,38.449655],[32.921656,38.448788],[32.921449,38.447882],[32.921286,38.44688],[32.921222,38.446329],[32.92113,38.445901],[32.921202,38.445271],[32.921146,38.444399],[32.921089,38.444219],[32.921003,38.444129],[32.920829,38.443953],[32.920774,38.443814],[32.920861,38.443516],[32.92104,38.442857],[32.921055,38.442267],[32.921006,38.441721],[32.920799,38.441372],[32.920684,38.441231],[32.920634,38.441079],[32.920642,38.440927],[32.920771,38.440629],[32.920986,38.440106],[32.921086,38.439684],[32.921273,38.439274],[32.921345,38.438964],[32.92141,38.438554],[32.921432,38.438104],[32.921348,38.435926],[32.922364,38.436152],[32.923465,38.436232],[32.924874,38.436306],[32.925124,38.436407],[32.925439,38.436593],[32.925939,38.43706],[32.926161,38.43724],[32.926368,38.437375],[32.926539,38.437505],[32.926721,38.437654],[32.927347,38.438013],[32.928018,38.437536],[32.928716,38.437004],[32.92947,38.436329],[32.929561,38.436324],[32.929735,38.436379],[32.930091,38.436626],[32.930858,38.437087],[32.931709,38.43627],[32.933204,38.434916],[32.932639,38.43446],[32.933484,38.433857],[32.93407,38.433457],[32.934621,38.433106],[32.935096,38.432799],[32.935724,38.432437],[32.937406,38.431522],[32.938348,38.431111],[32.938718,38.430853],[32.939088,38.430513],[32.939395,38.430283],[32.939647,38.430156],[32.939884,38.429992],[32.94001,38.429915],[32.940149,38.429888],[32.940247,38.429899],[32.94033,38.429987],[32.940414,38.43014],[32.940525,38.430245],[32.94063,38.430256],[32.940756,38.430223],[32.940965,38.43013],[32.941244,38.429949],[32.941663,38.429636],[32.942417,38.429148],[32.941887,38.428654],[32.942417,38.428325],[32.94278,38.428111],[32.943178,38.427887],[32.943332,38.427771],[32.944295,38.427163],[32.945342,38.42651],[32.946186,38.425973],[32.946709,38.425644],[32.946884,38.425556],[32.947177,38.42537],[32.946989,38.424914],[32.946982,38.424794],[32.947052,38.424711],[32.947163,38.424651],[32.947512,38.424498],[32.947422,38.424327],[32.947415,38.424223],[32.947359,38.424097],[32.947248,38.424026],[32.947158,38.423954],[32.946859,38.423413],[32.946615,38.422928],[32.948619,38.422012],[32.948475,38.421606],[32.948359,38.421274],[32.949563,38.420877],[32.951545,38.420346],[32.95185,38.420254],[32.952005,38.420298],[32.952133,38.42039],[32.952224,38.420363],[32.952184,38.420215],[32.952155,38.419978],[32.953255,38.419906],[32.954088,38.419839],[32.956151,38.419692],[32.956311,38.419692],[32.956357,38.419047],[32.956363,38.418809],[32.956391,38.418751],[32.957417,38.418733],[32.957588,38.41872],[32.957662,38.418235],[32.957731,38.41776],[32.95923,38.417801],[32.959821,38.417802],[32.960906,38.417828],[32.961157,38.417142],[32.961345,38.416331],[32.961631,38.415587],[32.962007,38.414932],[32.962224,38.414596],[32.96223,38.413802],[32.96235,38.413349],[32.962493,38.41256],[32.962436,38.41217],[32.962334,38.411663],[32.96234,38.411506],[32.962408,38.411318],[32.962767,38.410829],[32.963064,38.410605],[32.963115,38.410561],[32.96291,38.409995],[32.962825,38.40987],[32.962802,38.409614],[32.96278,38.409327],[32.962768,38.409282],[32.962768,38.409126],[32.962671,38.409081],[32.962694,38.409049],[32.96274,38.408978],[32.962717,38.408933],[32.962746,38.408798],[32.962729,38.408359],[32.962695,38.40822],[32.962655,38.408072],[32.962666,38.407798],[32.962666,38.407525],[32.962638,38.40687],[32.962604,38.406332],[32.962576,38.406152],[32.96261,38.405978],[32.962656,38.405646],[32.962571,38.405345],[32.962411,38.405108],[32.96228,38.404964],[32.962195,38.40483],[32.962149,38.404596],[32.962132,38.404413],[32.962064,38.404233],[32.96191,38.40404],[32.961734,38.403892],[32.961546,38.403856],[32.961494,38.403888],[32.96134,38.404103],[32.961221,38.404201],[32.961107,38.404228],[32.960429,38.404228],[32.960018,38.404201],[32.959916,38.404161],[32.95983,38.404075],[32.959711,38.403838],[32.959654,38.403762],[32.959563,38.403712],[32.958771,38.403555],[32.958309,38.403483],[32.958064,38.403456],[32.957717,38.403429],[32.957392,38.403362],[32.957113,38.403312],[32.957004,38.403312],[32.956873,38.403334],[32.956765,38.403388],[32.956737,38.40346],[32.95673,38.404191],[32.956764,38.404523],[32.956753,38.404778],[32.95673,38.404886],[32.956713,38.404926],[32.956656,38.404971],[32.956274,38.40502],[32.955681,38.405051],[32.955693,38.405011],[32.955659,38.404069],[32.955585,38.403298],[32.955585,38.403244],[32.955523,38.402549],[32.955575,38.402446],[32.955865,38.402424],[32.956327,38.402491],[32.956629,38.402536],[32.956726,38.402536],[32.956862,38.402509],[32.957216,38.402375],[32.957632,38.402147],[32.95835,38.401698],[32.958835,38.401317],[32.959707,38.400681],[32.960294,38.400179],[32.960767,38.399659],[32.96071,38.39943],[32.960619,38.399184],[32.960597,38.39904],[32.960557,38.398991],[32.960489,38.398829],[32.960437,38.398699],[32.96038,38.398529],[32.960335,38.39839],[32.960227,38.398058],[32.960124,38.397771],[32.960062,38.397623],[32.959937,38.397358],[32.95988,38.39717],[32.9598,38.396905],[32.959664,38.396381],[32.959561,38.395964],[32.959425,38.395529],[32.959237,38.394986],[32.959123,38.394591],[32.958941,38.394058],[32.958919,38.393955],[32.958629,38.392833],[32.958521,38.392443],[32.958413,38.392076],[32.958299,38.391502],[32.958197,38.390954],[32.958089,38.390353],[32.958055,38.390044],[32.958055,38.389784],[32.958004,38.389376],[32.957981,38.38921],[32.957941,38.389179],[32.956728,38.389313],[32.956101,38.389371],[32.955577,38.389393],[32.955617,38.388371],[32.955675,38.387761],[32.955669,38.387519],[32.955641,38.387389],[32.955567,38.387371],[32.954547,38.387339],[32.95461,38.386577],[32.954667,38.386146],[32.954314,38.386146],[32.954155,38.386115],[32.954064,38.386061],[32.954081,38.385989],[32.954127,38.38442],[32.9541,38.383308],[32.9541,38.382908],[32.954481,38.38294],[32.954761,38.382962],[32.954806,38.38251],[32.954824,38.382169],[32.954858,38.381891],[32.953838,38.381859],[32.952653,38.381868],[32.952653,38.381809],[32.952665,38.381168],[32.952666,38.380536],[32.952671,38.38046],[32.952689,38.379688],[32.952701,38.379486],[32.952633,38.378738],[32.952622,38.378343],[32.952639,38.377971],[32.952605,38.377518],[32.95236,38.377536],[32.951978,38.377616],[32.951676,38.377661],[32.951198,38.377719],[32.950833,38.377768],[32.950417,38.377871],[32.950093,38.377952],[32.949962,38.377974],[32.949853,38.377956],[32.949802,38.37788],[32.949813,38.378019],[32.94991,38.378382],[32.94991,38.378432],[32.94946,38.378515],[32.949075,38.378555],[32.948759,38.378615],[32.94834,38.378696],[32.947939,38.378722],[32.947068,38.378749],[32.947119,38.3785],[32.947231,38.377512],[32.947274,38.37696],[32.947163,38.376963],[32.94615,38.376991],[32.945784,38.376972],[32.945516,38.376938],[32.945308,38.376934],[32.94518,38.376957],[32.941275,38.376884],[32.941208,38.376941],[32.940958,38.377239],[32.940817,38.377325],[32.94039,38.377493],[32.940274,38.377536],[32.939743,38.377637],[32.939188,38.377665],[32.938712,38.377646],[32.93418,38.376596],[32.933851,38.37614],[32.933704,38.375972],[32.933589,38.375813],[32.933479,38.375731],[32.932606,38.376072],[32.931788,38.376345],[32.931929,38.375956],[32.931892,38.375908],[32.931502,38.375822],[32.93149,38.375764],[32.931209,38.375629],[32.930947,38.375528],[32.930093,38.375312],[32.929928,38.375619],[32.929451,38.376709],[32.929414,38.376872],[32.929146,38.377175],[32.929048,38.377122],[32.92842,38.376852],[32.928212,38.376737],[32.927688,38.376348],[32.927267,38.376093],[32.927249,38.376045],[32.92719,38.375965],[32.926737,38.375785],[32.926001,38.375427],[32.925868,38.375339],[32.925814,38.37526],[32.925818,38.375037],[32.924807,38.375187],[32.924482,38.375256],[32.924324,38.375347],[32.924157,38.37557],[32.92412,38.375619],[32.924024,38.375662],[32.923916,38.375629],[32.923845,38.375383],[32.923725,38.375134],[32.923447,38.374439],[32.922631,38.374518],[32.922078,38.374602],[32.921616,38.374638],[32.92043,38.374785],[32.919889,38.374827],[32.919706,38.374175],[32.919565,38.374024],[32.918824,38.374237],[32.91865,38.373853],[32.918517,38.37346],[32.918422,38.373204],[32.918314,38.373027],[32.918222,38.372965],[32.918031,38.372896],[32.917969,38.372811],[32.917861,38.372552],[32.917619,38.372594],[32.91744,38.372608],[32.917216,38.372594],[32.917099,38.372571],[32.916895,38.372463],[32.916845,38.372453],[32.916725,38.372361],[32.916579,38.372191],[32.916526,38.372056],[32.916522,38.371945],[32.916588,38.371667],[32.916002,38.37145],[32.91589,38.37144],[32.915881,38.371496],[32.91581,38.371591],[32.915561,38.371751],[32.915115,38.372124],[32.914715,38.372475],[32.914532,38.372618],[32.914286,38.372772],[32.913953,38.373201],[32.913573,38.373669],[32.913178,38.374151],[32.913028,38.374262],[32.912836,38.374412],[32.912774,38.374504],[32.91274,38.374648],[32.912644,38.374782],[32.912511,38.374861],[32.911824,38.374896],[32.911562,38.374893],[32.911541,38.374821],[32.911537,38.374739],[32.91155,38.374641],[32.91148,38.37428],[32.911388,38.374054],[32.91106,38.373481],[32.910915,38.373238],[32.91082,38.372986],[32.910716,38.37273],[32.910558,38.372321],[32.91055,38.372091],[32.910567,38.372023],[32.910954,38.371879],[32.911,38.371849],[32.911008,38.371807],[32.911021,38.37165],[32.91093,38.370886],[32.910785,38.370945],[32.910606,38.370978],[32.910294,38.370994],[32.910098,38.370958],[32.909928,38.370931],[32.909753,38.370905],[32.909578,38.370862],[32.909441,38.37079],[32.909283,38.370666],[32.9092,38.370649],[32.909137,38.370662],[32.908559,38.371078],[32.908513,38.371156],[32.908513,38.371215],[32.908662,38.371471],[32.908629,38.371576],[32.908633,38.371654],[32.90867,38.371766],[32.908661,38.371828],[32.908145,38.372319],[32.907991,38.372443],[32.907749,38.372597],[32.907237,38.372865],[32.907079,38.373009],[32.906987,38.373202],[32.906787,38.373386],[32.906654,38.373494],[32.906408,38.373598],[32.905801,38.373617],[32.905455,38.373676],[32.90501,38.373807],[32.904694,38.373816],[32.904415,38.373747],[32.904178,38.37361],[32.90402,38.373423],[32.903837,38.373229],[32.903617,38.373098],[32.903438,38.373082],[32.903717,38.372649],[32.903809,38.372427],[32.903847,38.372292],[32.903718,38.372089],[32.90351,38.371827],[32.903332,38.371486],[32.903336,38.371263],[32.903361,38.371191],[32.90359,38.371126],[32.904027,38.371064],[32.904115,38.371015],[32.903986,38.370753],[32.903858,38.370219],[32.902809,38.370572],[32.901872,38.370686],[32.90077,38.370703],[32.900148,38.370699],[32.899653,38.37066],[32.899294,38.370619],[32.899001,38.370556],[32.898769,38.370508],[32.8983,38.370438],[32.897932,38.370407],[32.897376,38.370331],[32.896978,38.370317],[32.89668,38.37033],[32.896154,38.370402],[32.895861,38.370419],[32.895366,38.370377],[32.895147,38.370343],[32.894485,38.370349],[32.894074,38.370366],[32.893723,38.370396],[32.893215,38.370496],[32.892698,38.370588],[32.892648,38.370973],[32.892494,38.371337],[32.892469,38.37157],[32.892508,38.37193],[32.892536,38.372395],[32.892553,38.372552],[32.892644,38.372728],[32.892235,38.37294],[32.892169,38.372929],[32.89202,38.372836],[32.891959,38.372802],[32.891683,38.37276],[32.891486,38.372698],[32.89139,38.372642],[32.891281,38.372501],[32.891206,38.372359],[32.89111,38.372235],[32.890857,38.372021],[32.890704,38.371814],[32.890524,38.371635],[32.890139,38.371365],[32.889837,38.371176],[32.8895,38.371037],[32.889102,38.370896],[32.888879,38.370737],[32.888862,38.370523],[32.88838,38.370419],[32.888021,38.370312],[32.887754,38.370249],[32.887474,38.370204],[32.88711,38.370176],[32.886777,38.370159],[32.88651,38.370162],[32.88577,38.370185],[32.8858,38.370289],[32.885796,38.370589],[32.885681,38.371113],[32.885654,38.371303],[32.885707,38.37141],[32.885868,38.371686],[32.885855,38.371744],[32.885759,38.371796],[32.88554,38.371844],[32.885461,38.371854],[32.885312,38.371699],[32.885211,38.371619],[32.885128,38.371626],[32.884055,38.371601],[32.884046,38.372087],[32.883805,38.372018],[32.883358,38.371797],[32.883035,38.371645],[32.88296,38.371779],[32.882942,38.371883],[32.882872,38.371872],[32.882767,38.371858],[32.88243,38.371861],[32.881747,38.371785],[32.88112,38.37176],[32.88105,38.371763],[32.880463,38.371763],[32.880398,38.371773],[32.880271,38.371797],[32.880205,38.371804],[32.855024,38.379024],[32.85484,38.379079],[32.854646,38.379126],[32.854425,38.379176],[32.837066,38.384146],[32.836987,38.384166],[32.836085,38.384421],[32.828393,38.386633],[32.828277,38.386662],[32.827769,38.386793],[32.827003,38.386981],[32.826662,38.387034],[32.826516,38.38708],[32.824192,38.387794],[32.823408,38.388023],[32.82319,38.388136],[32.82225,38.388418],[32.821807,38.388509],[32.821303,38.38862],[32.820982,38.388754],[32.8209,38.388813],[32.820635,38.388882],[32.819796,38.389117],[32.819551,38.389197],[32.818535,38.389554],[32.818017,38.389714],[32.817636,38.389842],[32.816212,38.390172],[32.81613,38.390231],[32.81657,38.391009],[32.817052,38.39183],[32.8144,38.393026],[32.813834,38.393288],[32.811849,38.394175],[32.812024,38.394501],[32.81236,38.395039],[32.812505,38.395435],[32.812591,38.395556],[32.812833,38.396011],[32.813033,38.396379],[32.813248,38.396779],[32.813561,38.397302],[32.813721,38.397602],[32.813983,38.398091],[32.814022,38.398134],[32.814054,38.398202],[32.814421,38.398914],[32.814696,38.3995],[32.815362,38.400821],[32.817009,38.403509],[32.817331,38.403916],[32.817339,38.404075],[32.817144,38.40429],[32.818455,38.405898],[32.819123,38.406724],[32.820361,38.408262],[32.82135,38.40954],[32.821511,38.409705],[32.82193,38.410055],[32.822236,38.410277],[32.822405,38.410608],[32.823025,38.411135],[32.823878,38.411854],[32.825504,38.413563],[32.826147,38.414205],[32.826634,38.414794],[32.827023,38.415189],[32.827796,38.415913],[32.828771,38.416811],[32.82944,38.417406],[32.830129,38.417944],[32.830363,38.418068],[32.835502,38.422946],[32.836681,38.424095],[32.838671,38.426012],[32.838737,38.426076],[32.841649,38.427783],[32.842915,38.428541],[32.843865,38.429108],[32.844899,38.429699],[32.849057,38.432139],[32.851359,38.433532],[32.857846,38.4372],[32.863436,38.440137],[32.869397,38.443276],[32.877027,38.44718],[32.877513,38.447147],[32.878098,38.447294],[32.878497,38.44744],[32.878883,38.447485],[32.879995,38.448564],[32.880551,38.448666],[32.881536,38.448768],[32.882036,38.448802],[32.881978,38.449184],[32.882021,38.449285],[32.883734,38.449253],[32.884782,38.44918]]]]}},{"type":"Feature","properties":{"id":"TR-Y-42-004-M-0003","level":"yerlesim","type":"mahalle","parent_id":"TR-D-42-004","province_id":"TR-P-42","district_id":"TR-D-42-004","name":"Akköy","source_raw_name":"AKKÖY","source":"Kamuya açık veri ve kent rehberi servisleri","source_label":"Kamuya açık veri ve kent rehberi servisleri","source_name":"Konya Büyükşehir Belediyesi Açık Veri Platformu - Mahalleler"},"geometry":{"type":"MultiPolygon","coordinates":[[[[32.81948,38.38418],[32.82325,38.364418],[32.823816,38.361474],[32.826251,38.348663],[32.826094,38.348457],[32.826084,38.348349],[32.826131,38.348312],[32.826273,38.348205],[32.826467,38.34814],[32.826525,38.348012],[32.824413,38.34509],[32.821878,38.341744],[32.821101,38.340701],[32.820476,38.339901],[32.819365,38.338445],[32.818397,38.337113],[32.818329,38.337062],[32.817385,38.336246],[32.816663,38.335713],[32.816443,38.335517],[32.812389,38.332074],[32.810651,38.330643],[32.808044,38.328455],[32.807207,38.327802],[32.804954,38.325951],[32.804926,38.325928],[32.804887,38.325897],[32.80343,38.324667],[32.802403,38.323836],[32.800712,38.322415],[32.800645,38.322343],[32.79767,38.31985],[32.797202,38.319479],[32.796983,38.319234],[32.796216,38.318003],[32.795692,38.317146],[32.795434,38.316761],[32.795277,38.316452],[32.795226,38.316135],[32.795203,38.314076],[32.795265,38.313892],[32.795238,38.313288],[32.795222,38.312263],[32.795222,38.312168],[32.795176,38.309951],[32.795138,38.309664],[32.795048,38.309419],[32.794924,38.309276],[32.793373,38.307923],[32.793315,38.307893],[32.79239,38.307035],[32.791506,38.306283],[32.789215,38.304277],[32.787263,38.302592],[32.787215,38.302592],[32.783494,38.3005],[32.78143,38.299327],[32.781354,38.299297],[32.781187,38.299247],[32.780733,38.299032],[32.780455,38.298863],[32.780169,38.298718],[32.779758,38.298532],[32.779414,38.298285],[32.779117,38.298099],[32.778549,38.297764],[32.778458,38.297714],[32.778329,38.297673],[32.778278,38.297609],[32.77812,38.297551],[32.777673,38.297327],[32.777432,38.297185],[32.77734,38.297078],[32.777048,38.296768],[32.776809,38.296591],[32.776722,38.296493],[32.776546,38.296246],[32.776414,38.296188],[32.776349,38.296087],[32.77614,38.295945],[32.775243,38.295055],[32.775152,38.294962],[32.775016,38.294861],[32.774885,38.294785],[32.774819,38.294673],[32.774702,38.29451],[32.773322,38.29322],[32.773103,38.293003],[32.772733,38.292586],[32.77266,38.292554],[32.772499,38.292435],[32.772217,38.29214],[32.7721,38.292053],[32.771394,38.291325],[32.770403,38.290375],[32.769718,38.289725],[32.769583,38.289589],[32.769197,38.289687],[32.768779,38.289764],[32.768163,38.289838],[32.768004,38.289855],[32.767824,38.289872],[32.767674,38.289895],[32.767285,38.28994],[32.766987,38.289972],[32.7668,38.289986],[32.766525,38.289971],[32.766286,38.289898],[32.766041,38.289767],[32.765817,38.2899],[32.765644,38.289989],[32.765101,38.290008],[32.764638,38.289984],[32.764161,38.289972],[32.763875,38.289991],[32.76364,38.290014],[32.7632,38.290065],[32.762682,38.290102],[32.76179,38.290109],[32.761471,38.290007],[32.761035,38.289835],[32.760881,38.28978],[32.760635,38.289722],[32.760481,38.289715],[32.759968,38.289607],[32.759366,38.289519],[32.758871,38.289443],[32.758468,38.289405],[32.758042,38.289349],[32.757899,38.289317],[32.757437,38.289287],[32.756927,38.289295],[32.756728,38.289309],[32.756619,38.289074],[32.75655,38.288845],[32.7542,38.289188],[32.754095,38.28893],[32.753886,38.288875],[32.753563,38.288859],[32.752634,38.288898],[32.752043,38.288914],[32.751988,38.288876],[32.751941,38.288729],[32.751818,38.288193],[32.751668,38.288106],[32.751591,38.288083],[32.751283,38.288094],[32.750828,38.288073],[32.750655,38.288136],[32.750372,38.288257],[32.750155,38.288392],[32.749989,38.288603],[32.749942,38.288577],[32.74995,38.288366],[32.749907,38.288137],[32.749838,38.287903],[32.749801,38.287842],[32.749619,38.287347],[32.749481,38.287075],[32.749423,38.286898],[32.749372,38.286618],[32.749321,38.286464],[32.74891,38.285486],[32.748688,38.284921],[32.748328,38.284148],[32.74796,38.283326],[32.74765,38.282727],[32.74742,38.282298],[32.747092,38.281722],[32.746782,38.281085],[32.746578,38.280694],[32.746407,38.280291],[32.746232,38.280016],[32.746061,38.279735],[32.745937,38.27933],[32.745733,38.278884],[32.745599,38.278592],[32.745449,38.278432],[32.743839,38.280208],[32.744068,38.280732],[32.744495,38.281514],[32.745056,38.282718],[32.74531,38.283355],[32.745641,38.284218],[32.745768,38.284649],[32.746026,38.285448],[32.7464,38.28666],[32.746508,38.287037],[32.746661,38.287427],[32.746831,38.288093],[32.746347,38.288153],[32.745903,38.288215],[32.745818,38.288233],[32.745433,38.288301],[32.744871,38.288346],[32.744262,38.288354],[32.744227,38.288773],[32.744254,38.289568],[32.744292,38.29004],[32.744336,38.290286],[32.74435,38.290471],[32.744454,38.291021],[32.744544,38.291443],[32.744616,38.291976],[32.744662,38.292329],[32.744896,38.293613],[32.745088,38.294401],[32.745136,38.294444],[32.745299,38.295043],[32.745615,38.296042],[32.745738,38.296348],[32.745793,38.296574],[32.74581,38.296829],[32.745819,38.297355],[32.745848,38.297584],[32.745992,38.298466],[32.746023,38.298808],[32.746167,38.299863],[32.74628,38.299867],[32.747602,38.299727],[32.747716,38.29974],[32.747777,38.299805],[32.747777,38.299985],[32.747781,38.300128],[32.74774,38.300217],[32.747655,38.300886],[32.747617,38.301368],[32.747543,38.301808],[32.747494,38.302461],[32.749031,38.30262],[32.749233,38.302694],[32.749241,38.303506],[32.749257,38.303914],[32.749272,38.305034],[32.749265,38.305315],[32.748822,38.305329],[32.748812,38.305385],[32.748952,38.306366],[32.749029,38.307255],[32.748177,38.307324],[32.747204,38.307346],[32.74754,38.308296],[32.747552,38.308542],[32.747654,38.308929],[32.746315,38.309024],[32.74565,38.309054],[32.745637,38.309156],[32.746015,38.310746],[32.746146,38.311305],[32.746159,38.311663],[32.745663,38.311736],[32.745831,38.312313],[32.745892,38.312622],[32.745873,38.312939],[32.745868,38.313033],[32.745921,38.313381],[32.745973,38.313628],[32.746092,38.314074],[32.746118,38.314278],[32.746197,38.314626],[32.746255,38.314827],[32.746316,38.315052],[32.746421,38.31566],[32.746478,38.315987],[32.747116,38.315883],[32.747951,38.315793],[32.748131,38.316563],[32.748268,38.316905],[32.748353,38.317049],[32.748473,38.317144],[32.748597,38.317278],[32.748659,38.317426],[32.748765,38.317876],[32.748799,38.318094],[32.748892,38.318319],[32.749549,38.318176],[32.749906,38.318089],[32.749977,38.318072],[32.750335,38.317978],[32.750607,38.317925],[32.750674,38.317971],[32.750722,38.318105],[32.750903,38.318805],[32.750942,38.31898],[32.751026,38.319192],[32.751081,38.319301],[32.751119,38.319387],[32.751141,38.319522],[32.751092,38.319585],[32.750524,38.319841],[32.750417,38.319963],[32.750729,38.321391],[32.751168,38.323322],[32.751186,38.323385],[32.751194,38.323532],[32.751286,38.324063],[32.751324,38.324714],[32.751376,38.325237],[32.751388,38.32548],[32.751431,38.325962],[32.751602,38.327016],[32.7517,38.32702],[32.751977,38.327003],[32.752673,38.326899],[32.75328,38.326848],[32.753395,38.328577],[32.753385,38.328693],[32.753599,38.330173],[32.754192,38.330231],[32.754661,38.330231],[32.755745,38.330199],[32.756803,38.330123],[32.757267,38.330019],[32.758214,38.329764],[32.75846,38.329649],[32.759451,38.329451],[32.759852,38.329427],[32.761101,38.329493],[32.762194,38.329593],[32.762466,38.329597],[32.764782,38.329637],[32.765755,38.329622],[32.765996,38.329594],[32.766581,38.329455],[32.767175,38.329283],[32.767608,38.329175],[32.767818,38.32912],[32.767898,38.329151],[32.768047,38.329992],[32.770855,38.329354],[32.77089,38.329698],[32.770921,38.329874],[32.771039,38.330609],[32.771016,38.330785],[32.770993,38.330964],[32.771289,38.331935],[32.770829,38.332007],[32.769811,38.332192],[32.768213,38.332438],[32.768269,38.332955],[32.768406,38.333644],[32.768736,38.33362],[32.769861,38.333485],[32.770106,38.33344],[32.770282,38.33433],[32.770418,38.334934],[32.770559,38.335483],[32.770943,38.335473],[32.771036,38.335888],[32.77179,38.335717],[32.772589,38.335554],[32.772669,38.335768],[32.772735,38.336028],[32.772775,38.336102],[32.772859,38.336415],[32.773,38.336827],[32.773071,38.337048],[32.773128,38.337273],[32.773137,38.337326],[32.773163,38.337477],[32.773318,38.338012],[32.773353,38.3381],[32.773582,38.339098],[32.773803,38.339893],[32.773869,38.340269],[32.77227,38.340554],[32.770654,38.340839],[32.77083,38.341634],[32.770865,38.341869],[32.769535,38.342064],[32.769727,38.343414],[32.769774,38.343821],[32.769845,38.344226],[32.769862,38.344303],[32.769924,38.344595],[32.769935,38.345161],[32.77005,38.345667],[32.770178,38.34604],[32.770253,38.346279],[32.770599,38.347007],[32.771171,38.348031],[32.771482,38.348542],[32.771746,38.349099],[32.772362,38.350039],[32.77239,38.350111],[32.772721,38.35104],[32.773094,38.351979],[32.773691,38.353176],[32.773627,38.353183],[32.771434,38.353702],[32.771675,38.354353],[32.771881,38.354255],[32.77223,38.354155],[32.772563,38.354733],[32.77275,38.355142],[32.77264,38.35521],[32.772112,38.35535],[32.771584,38.355526],[32.772099,38.356419],[32.771259,38.35671],[32.770952,38.356796],[32.770566,38.356925],[32.769221,38.357305],[32.768487,38.357549],[32.767995,38.357761],[32.767522,38.357937],[32.766755,38.358315],[32.766085,38.358675],[32.765778,38.358465],[32.765029,38.358896],[32.76473,38.359065],[32.764326,38.359303],[32.763972,38.359519],[32.763145,38.36003],[32.763044,38.360095],[32.7623,38.360541],[32.761675,38.360948],[32.76172,38.361031],[32.762201,38.361422],[32.762434,38.361578],[32.762535,38.361657],[32.762456,38.361719],[32.76054,38.362802],[32.758702,38.361122],[32.758022,38.361605],[32.757369,38.362076],[32.757534,38.362257],[32.75734,38.362412],[32.756109,38.36324],[32.755727,38.363582],[32.75563,38.36364],[32.754726,38.363999],[32.753867,38.364304],[32.753164,38.364595],[32.752531,38.364839],[32.753215,38.365874],[32.753854,38.366879],[32.754282,38.367573],[32.753456,38.367893],[32.751963,38.368406],[32.751353,38.368632],[32.750696,38.368909],[32.750773,38.369017],[32.751193,38.369585],[32.751568,38.370088],[32.747951,38.372218],[32.74742,38.371733],[32.747274,38.371696],[32.744855,38.373341],[32.744047,38.37374],[32.743935,38.374116],[32.743325,38.37558],[32.738278,38.382166],[32.734143,38.392545],[32.73293,38.395628],[32.733467,38.395177],[32.733777,38.394962],[32.734883,38.393978],[32.735368,38.393544],[32.735881,38.393111],[32.736298,38.39263],[32.73653,38.392384],[32.736803,38.392202],[32.736919,38.392251],[32.738048,38.390881],[32.739361,38.389169],[32.740565,38.387682],[32.741577,38.386623],[32.742206,38.385841],[32.74332,38.386616],[32.744141,38.385567],[32.744435,38.385208],[32.745421,38.383747],[32.745625,38.383785],[32.746699,38.384281],[32.747087,38.384389],[32.748726,38.38488],[32.749135,38.385004],[32.750786,38.384027],[32.750875,38.383979],[32.751025,38.383958],[32.751488,38.383803],[32.753063,38.383238],[32.752969,38.382992],[32.752745,38.382686],[32.752569,38.382406],[32.752508,38.382283],[32.75278,38.382268],[32.752924,38.381978],[32.753041,38.381695],[32.753268,38.381106],[32.753377,38.381111],[32.755011,38.381254],[32.756508,38.381466],[32.7565,38.381793],[32.756349,38.382227],[32.756341,38.382457],[32.756443,38.382511],[32.756306,38.382666],[32.756204,38.382827],[32.756169,38.382998],[32.756196,38.383116],[32.756644,38.383487],[32.75771,38.384427],[32.758949,38.384612],[32.760126,38.384813],[32.760358,38.384829],[32.76159,38.385003],[32.762182,38.38509],[32.76289,38.385172],[32.763632,38.385254],[32.763802,38.385329],[32.763856,38.385458],[32.763923,38.385791],[32.764747,38.385696],[32.765851,38.385484],[32.766274,38.385356],[32.766313,38.385785],[32.766135,38.386283],[32.766201,38.386781],[32.766248,38.387098],[32.766766,38.386981],[32.766812,38.387394],[32.766894,38.387469],[32.766941,38.387523],[32.767123,38.388198],[32.767236,38.389062],[32.767801,38.388993],[32.769648,38.388713],[32.771289,38.388501],[32.771603,38.388459],[32.771739,38.388443],[32.772012,38.388379],[32.772139,38.389093],[32.772442,38.390058],[32.772496,38.390439],[32.772816,38.390402],[32.773163,38.390344],[32.773565,38.390275],[32.774151,38.390233],[32.77456,38.390164],[32.774853,38.390132],[32.774969,38.390181],[32.775097,38.390438],[32.775252,38.391017],[32.77536,38.391168],[32.775503,38.391179],[32.776641,38.39109],[32.776764,38.391069],[32.777043,38.391064],[32.778467,38.390997],[32.779727,38.390967],[32.780081,38.390919],[32.780919,38.390707],[32.781519,38.390568],[32.782112,38.390452],[32.782302,38.39043],[32.782555,38.390377],[32.78263,38.390302],[32.782644,38.390201],[32.782583,38.390002],[32.782457,38.388791],[32.782337,38.388072],[32.782277,38.387708],[32.783319,38.387538],[32.784239,38.387368],[32.784825,38.387267],[32.786256,38.386954],[32.786944,38.386773],[32.787121,38.386762],[32.788191,38.386582],[32.790385,38.386222],[32.790561,38.386651],[32.790784,38.387091],[32.790825,38.387182],[32.790912,38.387445],[32.791218,38.387858],[32.791482,38.388335],[32.791794,38.388824],[32.792295,38.389704],[32.792627,38.390256],[32.793495,38.391619],[32.796733,38.390601],[32.797094,38.390505],[32.797075,38.390232],[32.797034,38.390141],[32.796987,38.389926],[32.797082,38.389916],[32.797008,38.38984],[32.796994,38.38969],[32.796866,38.389256],[32.797623,38.389118],[32.797725,38.389099],[32.797423,38.388522],[32.797516,38.388497],[32.797672,38.388459],[32.798006,38.388443],[32.798796,38.388321],[32.799212,38.38822],[32.799329,38.387829],[32.799363,38.387577],[32.798853,38.387437],[32.798915,38.387083],[32.79893,38.386837],[32.798917,38.386376],[32.798797,38.385534],[32.798737,38.385191],[32.798737,38.385025],[32.798826,38.384746],[32.798889,38.384446],[32.798924,38.384087],[32.7981,38.383802],[32.797978,38.383732],[32.797931,38.383582],[32.797938,38.383485],[32.798034,38.383126],[32.798124,38.382628],[32.79843,38.382661],[32.799906,38.383387],[32.800304,38.382353],[32.801154,38.382789],[32.802548,38.383359],[32.803766,38.383924],[32.803868,38.383978],[32.805432,38.384623],[32.805145,38.385014],[32.806679,38.386834],[32.807697,38.388122],[32.809157,38.389909],[32.809801,38.390918],[32.810866,38.392608],[32.811849,38.394175],[32.813834,38.393288],[32.8144,38.393026],[32.817052,38.39183],[32.81657,38.391009],[32.81613,38.390231],[32.816212,38.390172],[32.817636,38.389842],[32.818017,38.389714],[32.81803,38.389596],[32.817882,38.389571],[32.817784,38.38953],[32.8177,38.389467],[32.817647,38.389368],[32.817459,38.388536],[32.820197,38.387518],[32.820338,38.387491],[32.820433,38.38748],[32.820285,38.387088],[32.820218,38.38684],[32.820138,38.386726],[32.820146,38.386591],[32.819973,38.386065],[32.819845,38.385586],[32.819717,38.385057],[32.819585,38.384578],[32.819438,38.38433],[32.81948,38.38418]]]]}},{"type":"Feature","properties":{"id":"TR-Y-42-004-M-0004","level":"yerlesim","type":"mahalle","parent_id":"TR-D-42-004","province_id":"TR-P-42","district_id":"TR-D-42-004","name":"Ayışığı","source_raw_name":"AYIŞIĞI","source":"Kamuya açık veri ve kent rehberi servisleri","source_label":"Kamuya açık veri ve kent rehberi servisleri","source_name":"Konya Büyükşehir Belediyesi Açık Veri Platformu - Mahalleler"},"geometry":{"type":"MultiPolygon","coordinates":[[[[32.726912,38.475132],[32.730501,38.475303],[32.73142,38.474605],[32.731736,38.474788],[32.73237,38.475202],[32.734666,38.475044],[32.734898,38.474968],[32.735532,38.475142],[32.735629,38.475277],[32.735567,38.475555],[32.73542,38.475699],[32.735212,38.475794],[32.735163,38.475928],[32.735284,38.476188],[32.735271,38.476332],[32.735537,38.477167],[32.735695,38.477417],[32.736737,38.479598],[32.737201,38.479465],[32.738093,38.479323],[32.738606,38.479343],[32.738559,38.478777],[32.738646,38.478364],[32.738757,38.478202],[32.739038,38.478164],[32.741295,38.482104],[32.742185,38.482365],[32.742649,38.48251],[32.743588,38.482695],[32.743426,38.483606],[32.74228,38.483325],[32.743289,38.484575],[32.744224,38.485863],[32.745043,38.485788],[32.745064,38.486815],[32.74505,38.487238],[32.745098,38.487449],[32.745158,38.487804],[32.745266,38.488236],[32.745616,38.489543],[32.746062,38.491079],[32.74634,38.491886],[32.746559,38.49229],[32.74657,38.492414],[32.746423,38.492529],[32.746167,38.492586],[32.746349,38.492731],[32.746631,38.492616],[32.747352,38.492445],[32.747841,38.49234],[32.748513,38.492313],[32.749416,38.492411],[32.749364,38.492545],[32.749668,38.492878],[32.750669,38.49391],[32.750303,38.494385],[32.749724,38.495112],[32.749941,38.495198],[32.750354,38.495369],[32.750541,38.495462],[32.750654,38.495579],[32.750732,38.49578],[32.750737,38.495842],[32.750717,38.495885],[32.750495,38.496016],[32.750569,38.496024],[32.750633,38.496066],[32.750662,38.496101],[32.75078,38.496036],[32.750839,38.496028],[32.750889,38.496059],[32.751115,38.496261],[32.751198,38.496304],[32.751277,38.496315],[32.751721,38.496173],[32.751874,38.496115],[32.751948,38.496127],[32.751908,38.49629],[32.752066,38.496131],[32.752155,38.496062],[32.75248,38.4959],[32.752737,38.495746],[32.75291,38.495661],[32.753225,38.495642],[32.753747,38.495728],[32.753939,38.495764],[32.754594,38.495916],[32.755096,38.496053],[32.755061,38.496172],[32.755105,38.496192],[32.755213,38.496134],[32.755292,38.496188],[32.755745,38.496391],[32.755777,38.498497],[32.755974,38.498532],[32.756663,38.498766],[32.756796,38.498758],[32.757054,38.498209],[32.757227,38.497818],[32.757321,38.497803],[32.757661,38.497939],[32.758403,38.498343],[32.759023,38.498681],[32.759382,38.498837],[32.758501,38.500276],[32.757953,38.50106],[32.75764,38.501511],[32.757364,38.501835],[32.757756,38.501916],[32.758235,38.502057],[32.75869,38.501514],[32.759509,38.500562],[32.759931,38.500755],[32.759251,38.501575],[32.758764,38.502199],[32.758749,38.502235],[32.75881,38.502247],[32.759289,38.502356],[32.759554,38.502397],[32.759976,38.50253],[32.760582,38.502739],[32.760715,38.502759],[32.761076,38.502932],[32.762142,38.503443],[32.76216,38.503451],[32.76217,38.503527],[32.762598,38.5035],[32.762705,38.503488],[32.763245,38.503477],[32.763495,38.503442],[32.764387,38.503368],[32.765764,38.503262],[32.766309,38.503247],[32.766906,38.503168],[32.767303,38.501747],[32.767638,38.500655],[32.767891,38.499658],[32.767963,38.49947],[32.76806,38.499306],[32.768378,38.498969],[32.769183,38.498041],[32.770391,38.496546],[32.7707,38.496136],[32.770956,38.495559],[32.771246,38.494897],[32.771657,38.493842],[32.772209,38.492555],[32.77289,38.490849],[32.773105,38.490403],[32.773718,38.488964],[32.77394,38.488481],[32.774653,38.487379],[32.776105,38.484908],[32.777089,38.483171],[32.778628,38.48001],[32.77872,38.479601],[32.778783,38.479241],[32.778795,38.478736],[32.778694,38.478199],[32.778756,38.477991],[32.778828,38.477855],[32.779144,38.477624],[32.779992,38.477032],[32.780636,38.476505],[32.781075,38.476129],[32.781668,38.475553],[32.782138,38.474978],[32.782517,38.47449],[32.782711,38.474306],[32.783109,38.474082],[32.783344,38.473938],[32.783497,38.47381],[32.783732,38.473683],[32.784386,38.473139],[32.785673,38.472092],[32.786766,38.471189],[32.786949,38.471077],[32.787899,38.47043],[32.788961,38.469719],[32.790216,38.468888],[32.790809,38.468489],[32.79135,38.468065],[32.791666,38.467889],[32.791931,38.467826],[32.79237,38.467762],[32.792625,38.467715],[32.792819,38.467579],[32.791617,38.467409],[32.790425,38.467246],[32.790008,38.467165],[32.789763,38.467093],[32.789529,38.467068],[32.789356,38.467068],[32.788989,38.467067],[32.788408,38.467018],[32.78797,38.466969],[32.787461,38.466856],[32.787196,38.466776],[32.786911,38.466711],[32.786636,38.466655],[32.786555,38.466598],[32.786525,38.466534],[32.786402,38.46651],[32.784804,38.46601],[32.783155,38.465575],[32.782127,38.4653],[32.7812,38.465074],[32.780223,38.464792],[32.779449,38.464607],[32.779174,38.464526],[32.776884,38.463873],[32.774889,38.463204],[32.774309,38.462962],[32.773963,38.462882],[32.773342,38.462696],[32.772833,38.462543],[32.772344,38.46243],[32.772089,38.462429],[32.771743,38.462325],[32.771255,38.462179],[32.770735,38.46201],[32.770237,38.461849],[32.769382,38.461559],[32.768771,38.46131],[32.768354,38.461076],[32.768111,38.460763],[32.767979,38.460587],[32.767653,38.460434],[32.767125,38.460056],[32.76623,38.459646],[32.765436,38.459324],[32.764785,38.459107],[32.764021,38.458953],[32.763685,38.458896],[32.762625,38.45895],[32.762147,38.458909],[32.761749,38.458836],[32.761526,38.458739],[32.760415,38.458689],[32.759753,38.458712],[32.759009,38.458782],[32.758768,38.457837],[32.757103,38.455879],[32.756891,38.455373],[32.756678,38.455053],[32.755783,38.454618],[32.754532,38.454015],[32.75379,38.453629],[32.753587,38.453452],[32.753332,38.453459],[32.753345,38.45261],[32.751797,38.452567],[32.751125,38.452501],[32.750758,38.452509],[32.75079,38.452164],[32.749502,38.451428],[32.749152,38.451415],[32.748222,38.451401],[32.746881,38.451326],[32.747067,38.45044],[32.747375,38.449421],[32.746629,38.449384],[32.746354,38.449407],[32.745623,38.449298],[32.745456,38.449249],[32.745121,38.448985],[32.743662,38.447783],[32.742963,38.44723],[32.742157,38.446605],[32.740228,38.444947],[32.739833,38.444586],[32.73883,38.443781],[32.738161,38.443204],[32.737386,38.442579],[32.736703,38.441966],[32.73605,38.441342],[32.735412,38.440789],[32.734287,38.439791],[32.732981,38.43871],[32.732571,38.438361],[32.732069,38.437917],[32.731734,38.43788],[32.731545,38.43781],[32.731542,38.437771],[32.731171,38.437735],[32.731035,38.437351],[32.730823,38.437027],[32.730642,38.436487],[32.730674,38.436115],[32.730662,38.435252],[32.730709,38.434917],[32.731016,38.43421],[32.731049,38.433719],[32.730927,38.433743],[32.730271,38.433897],[32.729798,38.433968],[32.729706,38.43404],[32.729569,38.434171],[32.729186,38.434638],[32.728911,38.434817],[32.728438,38.434948],[32.72824,38.435031],[32.727355,38.435281],[32.726211,38.43559],[32.725753,38.43572],[32.725662,38.435636],[32.723863,38.435896],[32.721942,38.436155],[32.717505,38.436804],[32.714897,38.437181],[32.714165,38.437299],[32.713098,38.437404],[32.712244,38.437534],[32.711177,38.437567],[32.709973,38.437756],[32.709712,38.437859],[32.708234,38.438195],[32.707975,38.438111],[32.707169,38.437665],[32.707104,38.437618],[32.706106,38.437164],[32.704665,38.436516],[32.704268,38.436334],[32.703495,38.436065],[32.702637,38.435771],[32.701977,38.435541],[32.701237,38.435219],[32.700329,38.43484],[32.699149,38.434322],[32.697621,38.433654],[32.696841,38.43334],[32.69534,38.432738],[32.695129,38.432596],[32.694754,38.432328],[32.694395,38.432104],[32.693981,38.431872],[32.693147,38.431462],[32.692112,38.43094],[32.690694,38.430221],[32.690481,38.430088],[32.690119,38.429894],[32.689018,38.429426],[32.687983,38.429037],[32.687734,38.428933],[32.687659,38.428862],[32.687563,38.428693],[32.687759,38.428134],[32.687818,38.427895],[32.688015,38.427148],[32.68828,38.426575],[32.688486,38.426186],[32.689101,38.424622],[32.68939,38.423976],[32.689523,38.423601],[32.689527,38.423555],[32.68965,38.422992],[32.690123,38.421566],[32.690288,38.421025],[32.690547,38.420284],[32.690768,38.419401],[32.6912,38.417896],[32.691449,38.41707],[32.691543,38.416752],[32.69193,38.416022],[32.692303,38.415316],[32.692666,38.414409],[32.692663,38.414303],[32.692873,38.413732],[32.693455,38.41245],[32.693634,38.411904],[32.693744,38.411195],[32.694001,38.410103],[32.694005,38.409912],[32.694105,38.409138],[32.694316,38.408361],[32.694634,38.406611],[32.694579,38.406532],[32.693182,38.40606],[32.69205,38.405674],[32.691746,38.405589],[32.691087,38.405381],[32.690338,38.405172],[32.688609,38.404659],[32.687536,38.404316],[32.687005,38.404133],[32.684741,38.403441],[32.682768,38.402841],[32.681791,38.402536],[32.67958,38.401818],[32.679816,38.401449],[32.680362,38.400803],[32.680268,38.400787],[32.677439,38.400061],[32.675126,38.39947],[32.675068,38.399456],[32.675097,38.399954],[32.67515,38.400441],[32.67517,38.400574],[32.675217,38.400746],[32.675223,38.401102],[32.675318,38.402152],[32.675547,38.403637],[32.675724,38.404896],[32.675811,38.405579],[32.67593,38.406724],[32.676063,38.40785],[32.676108,38.408741],[32.676265,38.409846],[32.676388,38.410906],[32.676381,38.41104],[32.676428,38.411203],[32.676448,38.411347],[32.676545,38.412136],[32.67655,38.412658],[32.676527,38.413182],[32.67644,38.413949],[32.676378,38.41542],[32.676345,38.416023],[32.676384,38.417323],[32.676407,38.418313],[32.676382,38.418459],[32.676347,38.418707],[32.676311,38.419759],[32.675995,38.419962],[32.675743,38.42007],[32.674812,38.420361],[32.674154,38.420596],[32.673765,38.421013],[32.673335,38.42133],[32.673096,38.421427],[32.672621,38.421777],[32.672212,38.422129],[32.671946,38.422134],[32.671727,38.422359],[32.671245,38.422681],[32.670729,38.42281],[32.670521,38.422956],[32.670106,38.423143],[32.670212,38.42329],[32.670301,38.423543],[32.670323,38.423924],[32.670302,38.424141],[32.670466,38.425321],[32.670517,38.425482],[32.670568,38.425577],[32.670679,38.425632],[32.670872,38.425719],[32.67103,38.425859],[32.671268,38.425992],[32.671527,38.426067],[32.671723,38.426146],[32.671719,38.427234],[32.67165,38.427812],[32.671563,38.428095],[32.671437,38.428274],[32.67102,38.428876],[32.670929,38.429037],[32.670656,38.429745],[32.670649,38.4298],[32.670689,38.430205],[32.670744,38.431034],[32.670729,38.431271],[32.670648,38.431551],[32.670596,38.431733],[32.670576,38.432146],[32.670438,38.432953],[32.670368,38.433097],[32.670208,38.433287],[32.669945,38.433493],[32.669778,38.433612],[32.669512,38.433695],[32.669276,38.433833],[32.669217,38.433928],[32.669232,38.434483],[32.669234,38.434676],[32.668971,38.435496],[32.668817,38.435888],[32.668628,38.43655],[32.668469,38.437173],[32.668437,38.437412],[32.668516,38.437583],[32.668801,38.437905],[32.669789,38.438873],[32.669964,38.439115],[32.670275,38.439872],[32.670789,38.440844],[32.671115,38.441465],[32.671313,38.441987],[32.671727,38.442899],[32.671971,38.443264],[32.671763,38.443329],[32.671001,38.443672],[32.67089,38.443762],[32.67081,38.443821],[32.670598,38.444193],[32.670372,38.444489],[32.670199,38.444761],[32.670248,38.444827],[32.670371,38.444945],[32.670627,38.445116],[32.670937,38.445261],[32.671246,38.445425],[32.671532,38.445551],[32.671826,38.445783],[32.671937,38.445934],[32.671959,38.446197],[32.672022,38.446516],[32.672077,38.44666],[32.672315,38.446886],[32.672473,38.447081],[32.672662,38.44752],[32.673019,38.447815],[32.673773,38.448293],[32.674034,38.44877],[32.674186,38.450016],[32.676699,38.451929],[32.676931,38.451711],[32.677442,38.451124],[32.677656,38.450834],[32.677852,38.450376],[32.679025,38.45067],[32.68031,38.450928],[32.680121,38.451713],[32.680083,38.451931],[32.679913,38.45281],[32.679667,38.454104],[32.679224,38.455862],[32.680082,38.45649],[32.680597,38.456942],[32.681307,38.457453],[32.682432,38.458227],[32.683584,38.45911],[32.684727,38.459971],[32.686718,38.461307],[32.687705,38.462087],[32.689373,38.463306],[32.690406,38.463919],[32.691473,38.463231],[32.692696,38.462573],[32.696178,38.460599],[32.697078,38.460025],[32.697701,38.459684],[32.698204,38.459446],[32.699232,38.459911],[32.700648,38.460575],[32.700929,38.460662],[32.701197,38.460739],[32.702415,38.461472],[32.703377,38.462021],[32.704124,38.461361],[32.704308,38.461217],[32.704442,38.461237],[32.704759,38.461487],[32.705028,38.461257],[32.706988,38.462606],[32.705627,38.463994],[32.705125,38.464339],[32.704746,38.464626],[32.705232,38.465126],[32.705536,38.46553],[32.70624,38.466405],[32.708136,38.468541],[32.708356,38.468522],[32.708517,38.467812],[32.709922,38.467748],[32.709845,38.468555],[32.709766,38.469889],[32.710768,38.469901],[32.711353,38.469931],[32.711805,38.46997],[32.711952,38.469942],[32.711967,38.469126],[32.712144,38.467639],[32.712926,38.467583],[32.712813,38.46813],[32.712724,38.46907],[32.712574,38.470097],[32.712373,38.471335],[32.711116,38.471226],[32.71097,38.471245],[32.710847,38.471312],[32.711126,38.471802],[32.712451,38.473418],[32.713484,38.474457],[32.717191,38.472537],[32.71837,38.473883],[32.716512,38.474627],[32.716633,38.474685],[32.71949,38.474798],[32.721656,38.476694],[32.723714,38.47498],[32.72668,38.475093],[32.726912,38.475132]]]]}},{"type":"Feature","properties":{"id":"TR-Y-42-004-M-0005","level":"yerlesim","type":"mahalle","parent_id":"TR-D-42-004","province_id":"TR-P-42","district_id":"TR-D-42-004","name":"Borukkuyu","source_raw_name":"BORUKKUYU","source":"Kamuya açık veri ve kent rehberi servisleri","source_label":"Kamuya açık veri ve kent rehberi servisleri","source_name":"Konya Büyükşehir Belediyesi Açık Veri Platformu - Mahalleler"},"geometry":{"type":"MultiPolygon","coordinates":[[[[32.965179,38.226197],[32.965222,38.226599],[32.965218,38.226742],[32.965112,38.227004],[32.965017,38.227335],[32.964974,38.227595],[32.964994,38.227771],[32.965041,38.227907],[32.965209,38.228297],[32.965405,38.228585],[32.965609,38.22899],[32.965714,38.229352],[32.966024,38.229324],[32.966244,38.229281],[32.966385,38.229275],[32.966604,38.229247],[32.96693,38.229179],[32.967047,38.229188],[32.96731,38.229668],[32.967451,38.229989],[32.967613,38.230294],[32.96781,38.230745],[32.968007,38.231178],[32.967166,38.231413],[32.966617,38.231629],[32.966589,38.231659],[32.96679,38.232228],[32.967026,38.232588],[32.969185,38.231955],[32.969718,38.233051],[32.970141,38.233002],[32.97115,38.232843],[32.971852,38.232741],[32.97228,38.23265],[32.972718,38.232935],[32.973347,38.23331],[32.973684,38.233492],[32.973982,38.233629],[32.974174,38.233781],[32.974654,38.234391],[32.974827,38.234755],[32.974443,38.234926],[32.973731,38.235377],[32.974269,38.23606],[32.974442,38.236371],[32.974481,38.236534],[32.974346,38.236598],[32.973332,38.236856],[32.973663,38.237512],[32.974345,38.238676],[32.974374,38.238748],[32.973653,38.238976],[32.973076,38.239222],[32.972821,38.239339],[32.971879,38.239661],[32.971109,38.239843],[32.970638,38.239995],[32.97032,38.24015],[32.970568,38.240401],[32.970844,38.2407],[32.971344,38.241318],[32.971575,38.241633],[32.971733,38.241887],[32.971998,38.242229],[32.972469,38.241925],[32.972907,38.241649],[32.973474,38.241376],[32.973907,38.241755],[32.974493,38.242286],[32.975195,38.242969],[32.975743,38.243443],[32.974584,38.244527],[32.972809,38.24615],[32.974506,38.247584],[32.974784,38.247817],[32.975164,38.248104],[32.97566,38.248491],[32.976129,38.248174],[32.976482,38.248],[32.976956,38.247705],[32.977221,38.247909],[32.97801,38.247283],[32.978605,38.24767],[32.979465,38.248324],[32.979858,38.247977],[32.980467,38.247501],[32.981058,38.247144],[32.981559,38.247511],[32.981607,38.247544],[32.981873,38.247192],[32.981933,38.247178],[32.982575,38.247597],[32.983387,38.248129],[32.982971,38.248491],[32.982826,38.248681],[32.982922,38.248795],[32.983351,38.249048],[32.983628,38.249176],[32.984081,38.249443],[32.984213,38.249581],[32.984786,38.249976],[32.984937,38.250057],[32.985563,38.25045],[32.985673,38.250509],[32.985782,38.250528],[32.985884,38.250613],[32.986144,38.250775],[32.986554,38.251075],[32.986687,38.251142],[32.986964,38.251337],[32.98703,38.25138],[32.987115,38.251365],[32.988237,38.250314],[32.988563,38.250029],[32.989058,38.249672],[32.989112,38.249729],[32.989028,38.249881],[32.989058,38.25009],[32.989191,38.250328],[32.989299,38.250571],[32.989269,38.250766],[32.989589,38.250409],[32.989903,38.250033],[32.989963,38.250019],[32.990222,38.250162],[32.990614,38.250328],[32.990989,38.249872],[32.991345,38.24942],[32.992051,38.249743],[32.992352,38.249915],[32.992545,38.249976],[32.992986,38.250181],[32.993239,38.250362],[32.993287,38.250429],[32.994283,38.251233],[32.994759,38.251613],[32.996159,38.250733],[32.996648,38.250405],[32.997577,38.249824],[32.998663,38.249038],[32.99889,38.248847],[32.999488,38.248455],[32.99973,38.248277],[32.999909,38.248138],[32.999956,38.248097],[33.000247,38.248574],[33.000572,38.248999],[33.001274,38.249635],[33.001526,38.249792],[33.002132,38.250328],[33.002257,38.250538],[33.002657,38.250901],[33.003041,38.251295],[33.003388,38.251523],[33.00412,38.252286],[33.004689,38.252904],[33.005376,38.253422],[33.006204,38.253976],[33.006514,38.25425],[33.00661,38.254326],[33.00753,38.254989],[33.007626,38.254985],[33.011023,38.255365],[33.011252,38.25539],[33.012267,38.255591],[33.012321,38.255602],[33.012545,38.25411],[33.012416,38.252513],[33.012455,38.250492],[33.014346,38.249905],[33.014525,38.249856],[33.015818,38.249441],[33.016539,38.249212],[33.016657,38.249317],[33.01701,38.249843],[33.0172,38.250054],[33.017519,38.250354],[33.0176,38.250351],[33.017637,38.25035],[33.01819,38.250279],[33.018767,38.250156],[33.01917,38.250098],[33.019545,38.250089],[33.020608,38.249882],[33.021369,38.249696],[33.021951,38.249687],[33.021915,38.249393],[33.021441,38.248494],[33.020839,38.247596],[33.020647,38.247387],[33.020474,38.247171],[33.022452,38.24615],[33.022033,38.245675],[33.021872,38.245473],[33.021757,38.245276],[33.023073,38.244576],[33.023736,38.24423],[33.024101,38.244032],[33.024365,38.243911],[33.024717,38.244061],[33.025318,38.244464],[33.025819,38.244744],[33.025865,38.244695],[33.026858,38.243858],[33.027281,38.243508],[33.027552,38.24322],[33.027218,38.243002],[33.026528,38.242672],[33.025917,38.242306],[33.025954,38.242253],[33.026064,38.24208],[33.026283,38.241491],[33.026496,38.240766],[33.026601,38.240556],[33.026615,38.240491],[33.027519,38.238176],[33.028375,38.238365],[33.029518,38.238558],[33.029905,38.238604],[33.029926,38.238542],[33.030145,38.23785],[33.030358,38.237249],[33.029079,38.237117],[33.029282,38.235964],[33.029434,38.235194],[33.028833,38.235149],[33.028468,38.2351],[33.027784,38.234767],[33.02781,38.23468],[33.027799,38.234441],[33.027841,38.234227],[33.028023,38.233556],[33.028174,38.23286],[33.028226,38.232419],[33.029897,38.232394],[33.029886,38.232011],[33.02986,38.231822],[33.030518,38.231785],[33.030904,38.231789],[33.031348,38.231743],[33.031703,38.231718],[33.031661,38.23129],[33.031567,38.230327],[33.031441,38.229792],[33.031357,38.229524],[33.031258,38.228882],[33.031017,38.227815],[33.030834,38.227251],[33.030599,38.225649],[33.031335,38.225645],[33.032347,38.225587],[33.033042,38.225472],[33.03325,38.225406],[33.033522,38.225336],[33.033573,38.225324],[33.03381,38.225291],[33.033866,38.225257],[33.034492,38.223161],[33.034601,38.2227],[33.0347,38.222239],[33.036994,38.217552],[33.036248,38.217829],[33.036253,38.217779],[33.036582,38.217392],[33.036491,38.217416],[33.032817,38.217827],[33.03288,38.218726],[33.03237,38.218874],[33.031942,38.218992],[33.031562,38.219106],[33.031149,38.219216],[33.030802,38.219307],[33.030471,38.219391],[33.029466,38.21971],[33.029759,38.21996],[33.02989,38.220131],[33.028202,38.220705],[33.025642,38.217959],[33.024936,38.217193],[33.024873,38.217204],[33.023673,38.21743],[33.020841,38.218004],[33.020588,38.218004],[33.020228,38.218377],[33.020008,38.218777],[33.019782,38.219281],[33.019702,38.219418],[33.019642,38.219402],[33.018949,38.219134],[33.018529,38.219008],[33.017649,38.218598],[33.016743,38.218225],[33.015117,38.217621],[33.013864,38.217169],[33.012664,38.21669],[33.00998,38.21562],[33.008885,38.215177],[33.008175,38.214862],[33.006728,38.214261],[33.005372,38.213687],[33.004663,38.213345],[33.003292,38.212782],[33.002326,38.212417],[33.001674,38.212128],[33.001607,38.21211],[33.001298,38.211952],[33.000593,38.211606],[32.999622,38.211201],[32.998575,38.210799],[32.997914,38.210551],[32.996814,38.210198],[32.995962,38.209845],[32.995205,38.209522],[32.994601,38.209293],[32.99364,38.208955],[32.993449,38.208921],[32.993392,38.208951],[32.993035,38.209094],[32.991246,38.209612],[32.990103,38.209939],[32.989442,38.210179],[32.988671,38.210479],[32.988119,38.210678],[32.988433,38.211076],[32.988918,38.211587],[32.989394,38.212128],[32.988808,38.212368],[32.987628,38.212744],[32.987438,38.212815],[32.987238,38.212567],[32.986095,38.212935],[32.984853,38.213352],[32.984448,38.213487],[32.983173,38.214008],[32.983349,38.214407],[32.984078,38.215938],[32.984129,38.216029],[32.984686,38.217159],[32.983291,38.217572],[32.982791,38.217749],[32.98172,38.218083],[32.981482,38.217677],[32.98043,38.218026],[32.980054,38.218146],[32.979454,38.218364],[32.980144,38.219709],[32.979773,38.219814],[32.977925,38.220459],[32.977483,38.219892],[32.977274,38.219697],[32.97695,38.219486],[32.976602,38.219306],[32.975684,38.218934],[32.975441,38.218803],[32.975389,38.218874],[32.974698,38.219268],[32.974361,38.219463],[32.974121,38.219659],[32.973989,38.219912],[32.973841,38.220172],[32.973669,38.22035],[32.973229,38.220603],[32.972108,38.221233],[32.97193,38.221279],[32.971895,38.221319],[32.972624,38.221766],[32.970657,38.222612],[32.970553,38.222658],[32.970219,38.22279],[32.969731,38.222945],[32.969327,38.223055],[32.968866,38.22319],[32.968203,38.223398],[32.9677,38.223588],[32.967784,38.22393],[32.966361,38.224183],[32.965357,38.224366],[32.964505,38.224505],[32.96492,38.225569],[32.965179,38.226197]]]]}},{"type":"Feature","properties":{"id":"TR-Y-42-004-M-0006","level":"yerlesim","type":"mahalle","parent_id":"TR-D-42-004","province_id":"TR-P-42","district_id":"TR-D-42-004","name":"Dedeler","source_raw_name":"DEDELER","source":"Kamuya açık veri ve kent rehberi servisleri","source_label":"Kamuya açık veri ve kent rehberi servisleri","source_name":"Konya Büyükşehir Belediyesi Açık Veri Platformu - Mahalleler"},"geometry":{"type":"MultiPolygon","coordinates":[[[[32.670199,38.444761],[32.670372,38.444489],[32.670598,38.444193],[32.67081,38.443821],[32.67089,38.443762],[32.671001,38.443672],[32.671763,38.443329],[32.671971,38.443264],[32.671727,38.442899],[32.671313,38.441987],[32.671115,38.441465],[32.670789,38.440844],[32.670275,38.439872],[32.669964,38.439115],[32.669789,38.438873],[32.668801,38.437905],[32.668516,38.437583],[32.668437,38.437412],[32.668469,38.437173],[32.668628,38.43655],[32.668817,38.435888],[32.668971,38.435496],[32.669234,38.434676],[32.669232,38.434483],[32.669217,38.433928],[32.669276,38.433833],[32.669512,38.433695],[32.669778,38.433612],[32.669945,38.433493],[32.670208,38.433287],[32.670368,38.433097],[32.670438,38.432953],[32.670576,38.432146],[32.670596,38.431733],[32.670648,38.431551],[32.670729,38.431271],[32.670744,38.431034],[32.670689,38.430205],[32.670649,38.4298],[32.670656,38.429745],[32.670929,38.429037],[32.67102,38.428876],[32.671437,38.428274],[32.671563,38.428095],[32.67165,38.427812],[32.671719,38.427234],[32.671723,38.426146],[32.671527,38.426067],[32.671268,38.425992],[32.67103,38.425859],[32.670872,38.425719],[32.670679,38.425632],[32.670568,38.425577],[32.670517,38.425482],[32.670466,38.425321],[32.670302,38.424141],[32.670323,38.423924],[32.670301,38.423543],[32.670212,38.42329],[32.670106,38.423143],[32.670521,38.422956],[32.670729,38.42281],[32.671245,38.422681],[32.671727,38.422359],[32.671946,38.422134],[32.672212,38.422129],[32.672621,38.421777],[32.673096,38.421427],[32.673335,38.42133],[32.673765,38.421013],[32.674154,38.420596],[32.674812,38.420361],[32.675743,38.42007],[32.675995,38.419962],[32.676311,38.419759],[32.676347,38.418707],[32.676382,38.418459],[32.676407,38.418313],[32.676384,38.417323],[32.676345,38.416023],[32.676378,38.41542],[32.67644,38.413949],[32.676527,38.413182],[32.67655,38.412658],[32.676545,38.412136],[32.676448,38.411347],[32.676428,38.411203],[32.676381,38.41104],[32.676388,38.410906],[32.676265,38.409846],[32.676108,38.408741],[32.676063,38.40785],[32.67593,38.406724],[32.675811,38.405579],[32.675724,38.404896],[32.675547,38.403637],[32.675318,38.402152],[32.675223,38.401102],[32.675217,38.400746],[32.67517,38.400574],[32.67515,38.400441],[32.675097,38.399954],[32.675068,38.399456],[32.675126,38.39947],[32.677439,38.400061],[32.680268,38.400787],[32.680362,38.400803],[32.679816,38.401449],[32.67958,38.401818],[32.681791,38.402536],[32.682768,38.402841],[32.684741,38.403441],[32.687005,38.404133],[32.687536,38.404316],[32.688609,38.404659],[32.690338,38.405172],[32.691087,38.405381],[32.691746,38.405589],[32.69205,38.405674],[32.693182,38.40606],[32.694579,38.406532],[32.694634,38.406611],[32.694316,38.408361],[32.694105,38.409138],[32.694005,38.409912],[32.694001,38.410103],[32.693744,38.411195],[32.693634,38.411904],[32.693455,38.41245],[32.692873,38.413732],[32.692663,38.414303],[32.692666,38.414409],[32.692303,38.415316],[32.69193,38.416022],[32.691543,38.416752],[32.691449,38.41707],[32.6912,38.417896],[32.690768,38.419401],[32.690547,38.420284],[32.690288,38.421025],[32.690123,38.421566],[32.68965,38.422992],[32.689527,38.423555],[32.689523,38.423601],[32.68939,38.423976],[32.689101,38.424622],[32.688486,38.426186],[32.68828,38.426575],[32.688015,38.427148],[32.687818,38.427895],[32.687759,38.428134],[32.687563,38.428693],[32.687659,38.428862],[32.687734,38.428933],[32.687983,38.429037],[32.689018,38.429426],[32.690119,38.429894],[32.690481,38.430088],[32.690694,38.430221],[32.692112,38.43094],[32.693147,38.431462],[32.693981,38.431872],[32.694395,38.432104],[32.694754,38.432328],[32.695129,38.432596],[32.69534,38.432738],[32.696841,38.43334],[32.697621,38.433654],[32.699149,38.434322],[32.700329,38.43484],[32.701237,38.435219],[32.701977,38.435541],[32.702637,38.435771],[32.703495,38.436065],[32.704268,38.436334],[32.704665,38.436516],[32.706106,38.437164],[32.707104,38.437618],[32.707106,38.436017],[32.707122,38.434288],[32.707135,38.432234],[32.70713,38.431298],[32.707124,38.430515],[32.707116,38.428975],[32.707149,38.427704],[32.707149,38.427637],[32.707132,38.427235],[32.707085,38.425626],[32.707118,38.423986],[32.707163,38.423035],[32.707066,38.421366],[32.707044,38.421202],[32.706905,38.419775],[32.706813,38.418924],[32.706814,38.418579],[32.706817,38.417953],[32.7069,38.417498],[32.707022,38.416498],[32.707103,38.415459],[32.70711,38.414868],[32.707089,38.414359],[32.707014,38.413922],[32.70667,38.412931],[32.706249,38.411952],[32.705935,38.411339],[32.705115,38.409429],[32.705003,38.409038],[32.704831,38.408109],[32.704485,38.406407],[32.704317,38.40552],[32.704229,38.40489],[32.703985,38.403679],[32.703673,38.402462],[32.703229,38.400567],[32.704247,38.400531],[32.705011,38.400483],[32.7062,38.400457],[32.706512,38.400444],[32.706779,38.400423],[32.707087,38.40041],[32.707444,38.400411],[32.707802,38.40034],[32.707983,38.400298],[32.708259,38.400203],[32.708458,38.400132],[32.709296,38.39985],[32.710437,38.39945],[32.710523,38.399507],[32.710645,38.399436],[32.713587,38.398686],[32.713891,38.398594],[32.713968,38.398519],[32.713986,38.398409],[32.713274,38.396792],[32.713117,38.396379],[32.712987,38.396022],[32.712831,38.395666],[32.712625,38.395146],[32.712284,38.39432],[32.711916,38.393689],[32.711786,38.393365],[32.711544,38.392898],[32.711428,38.392538],[32.711223,38.391826],[32.711156,38.39152],[32.711144,38.391054],[32.711128,38.390684],[32.711057,38.390296],[32.710999,38.390085],[32.710843,38.389565],[32.710785,38.389345],[32.710763,38.389071],[32.710733,38.388861],[32.710693,38.388622],[32.710735,38.388345],[32.710849,38.387996],[32.711073,38.387292],[32.711325,38.386545],[32.711614,38.38561],[32.711719,38.385151],[32.711839,38.384661],[32.71203,38.384384],[32.712226,38.384021],[32.712281,38.383836],[32.712268,38.38364],[32.712135,38.382882],[32.712065,38.382352],[32.712021,38.381974],[32.711969,38.381583],[32.711925,38.381223],[32.711868,38.380867],[32.71181,38.380469],[32.711794,38.380031],[32.711768,38.379621],[32.711766,38.379184],[32.711763,38.37871],[32.711768,38.378582],[32.711715,38.37828],[32.711379,38.376375],[32.711335,38.376115],[32.711192,38.375535],[32.711135,38.375332],[32.711095,38.375001],[32.711085,38.374129],[32.711018,38.373872],[32.710884,38.372303],[32.710872,38.371886],[32.710919,38.371477],[32.710915,38.371424],[32.711017,38.37072],[32.711063,38.370467],[32.711092,38.370182],[32.711107,38.369727],[32.711096,38.36919],[32.711048,38.368766],[32.711004,38.368474],[32.710936,38.368321],[32.710842,38.368203],[32.710599,38.368014],[32.710432,38.367857],[32.710324,38.3677],[32.710069,38.367159],[32.709849,38.366624],[32.709837,38.366418],[32.709792,38.366226],[32.70968,38.365948],[32.709757,38.365855],[32.709911,38.365799],[32.710423,38.365647],[32.711445,38.365425],[32.711649,38.36533],[32.711871,38.365117],[32.712365,38.364723],[32.712615,38.364514],[32.712883,38.36418],[32.713425,38.363199],[32.714016,38.362336],[32.714111,38.362112],[32.714248,38.361781],[32.714572,38.361013],[32.714714,38.360686],[32.714845,38.360487],[32.714932,38.360224],[32.714956,38.359911],[32.714933,38.358929],[32.714995,38.358118],[32.715049,38.358025],[32.715426,38.357699],[32.715589,38.357603],[32.716174,38.356967],[32.716411,38.356605],[32.716851,38.356072],[32.716933,38.355944],[32.716961,38.355767],[32.717003,38.35551],[32.717037,38.354909],[32.717114,38.354817],[32.717327,38.354707],[32.717689,38.354551],[32.717847,38.354409],[32.718279,38.353958],[32.7185,38.353824],[32.718781,38.353686],[32.719107,38.353523],[32.719325,38.353384],[32.719524,38.353154],[32.719633,38.353108],[32.720059,38.352827],[32.720309,38.35249],[32.720582,38.351982],[32.720849,38.351762],[32.721135,38.351407],[32.721544,38.350906],[32.72207,38.350573],[32.723038,38.350141],[32.723676,38.349918],[32.724396,38.349635],[32.724631,38.349483],[32.725035,38.349181],[32.725248,38.349018],[32.727158,38.346894],[32.727194,38.346848],[32.72744,38.346521],[32.728248,38.345559],[32.728488,38.345307],[32.728556,38.345143],[32.728597,38.345104],[32.728856,38.34477],[32.729238,38.344269],[32.72926,38.344244],[32.729819,38.343502],[32.729869,38.343456],[32.730241,38.343054],[32.730349,38.342994],[32.730422,38.342802],[32.730532,38.342379],[32.730692,38.341885],[32.730899,38.341013],[32.731106,38.340042],[32.731115,38.33995],[32.731125,38.339729],[32.731086,38.339256],[32.731059,38.339163],[32.731061,38.338605],[32.731041,38.338096],[32.731038,38.337526],[32.731045,38.33706],[32.731041,38.336701],[32.731024,38.33643],[32.731012,38.336117],[32.731,38.335711],[32.731,38.335633],[32.730997,38.335295],[32.731004,38.334523],[32.731009,38.334359],[32.731055,38.334313],[32.730992,38.332967],[32.731012,38.332288],[32.732246,38.332358],[32.733628,38.332372],[32.734003,38.332377],[32.734179,38.332437],[32.734233,38.332409],[32.734965,38.332404],[32.735543,38.332455],[32.736523,38.332521],[32.737666,38.332524],[32.738448,38.332387],[32.739077,38.332292],[32.739936,38.332116],[32.74103,38.331887],[32.741527,38.33181],[32.741649,38.331814],[32.741762,38.331803],[32.742011,38.331765],[32.74314,38.331724],[32.743231,38.331725],[32.743402,38.3317],[32.744442,38.331681],[32.744631,38.33171],[32.745522,38.331637],[32.745978,38.331524],[32.746372,38.331393],[32.746539,38.331319],[32.746933,38.331156],[32.74786,38.330763],[32.747892,38.330706],[32.747822,38.330215],[32.747828,38.329788],[32.747875,38.329165],[32.747877,38.328642],[32.747833,38.32814],[32.747727,38.327649],[32.747723,38.327389],[32.74771,38.327325],[32.748487,38.327298],[32.748577,38.327266],[32.749359,38.3272],[32.74991,38.327139],[32.749995,38.327104],[32.751602,38.327016],[32.751431,38.325962],[32.751388,38.32548],[32.751376,38.325237],[32.751324,38.324714],[32.751286,38.324063],[32.751194,38.323532],[32.751186,38.323385],[32.751168,38.323322],[32.750729,38.321391],[32.750417,38.319963],[32.750524,38.319841],[32.751092,38.319585],[32.751141,38.319522],[32.751119,38.319387],[32.751081,38.319301],[32.751026,38.319192],[32.750942,38.31898],[32.750903,38.318805],[32.750722,38.318105],[32.750674,38.317971],[32.750607,38.317925],[32.750335,38.317978],[32.749977,38.318072],[32.749906,38.318089],[32.749549,38.318176],[32.748892,38.318319],[32.748799,38.318094],[32.748765,38.317876],[32.748659,38.317426],[32.748597,38.317278],[32.748473,38.317144],[32.748353,38.317049],[32.748268,38.316905],[32.748131,38.316563],[32.747951,38.315793],[32.747116,38.315883],[32.746478,38.315987],[32.746421,38.31566],[32.746316,38.315052],[32.746255,38.314827],[32.746197,38.314626],[32.746118,38.314278],[32.746092,38.314074],[32.745973,38.313628],[32.745921,38.313381],[32.745868,38.313033],[32.745873,38.312939],[32.745892,38.312622],[32.745831,38.312313],[32.745663,38.311736],[32.746159,38.311663],[32.746146,38.311305],[32.746015,38.310746],[32.745637,38.309156],[32.74565,38.309054],[32.746315,38.309024],[32.747654,38.308929],[32.747552,38.308542],[32.74754,38.308296],[32.747204,38.307346],[32.748177,38.307324],[32.749029,38.307255],[32.748952,38.306366],[32.748812,38.305385],[32.748822,38.305329],[32.749265,38.305315],[32.749272,38.305034],[32.749257,38.303914],[32.749241,38.303506],[32.749233,38.302694],[32.749031,38.30262],[32.747494,38.302461],[32.747543,38.301808],[32.747617,38.301368],[32.747655,38.300886],[32.74774,38.300217],[32.747781,38.300128],[32.747777,38.299985],[32.747777,38.299805],[32.747716,38.29974],[32.747602,38.299727],[32.74628,38.299867],[32.746167,38.299863],[32.746023,38.298808],[32.745992,38.298466],[32.745848,38.297584],[32.745819,38.297355],[32.74581,38.296829],[32.745793,38.296574],[32.745738,38.296348],[32.745615,38.296042],[32.745299,38.295043],[32.745136,38.294444],[32.745088,38.294401],[32.744896,38.293613],[32.744662,38.292329],[32.744616,38.291976],[32.744544,38.291443],[32.744454,38.291021],[32.74435,38.290471],[32.744336,38.290286],[32.744292,38.29004],[32.744254,38.289568],[32.744227,38.288773],[32.744262,38.288354],[32.744871,38.288346],[32.745433,38.288301],[32.745818,38.288233],[32.745903,38.288215],[32.746347,38.288153],[32.746831,38.288093],[32.746661,38.287427],[32.746508,38.287037],[32.7464,38.28666],[32.746026,38.285448],[32.745768,38.284649],[32.745641,38.284218],[32.74531,38.283355],[32.745056,38.282718],[32.744495,38.281514],[32.744068,38.280732],[32.743839,38.280208],[32.745449,38.278432],[32.745515,38.278346],[32.745493,38.278236],[32.745213,38.27761],[32.744864,38.276814],[32.744532,38.276035],[32.744212,38.275239],[32.74409,38.274824],[32.744037,38.274814],[32.742928,38.275028],[32.739903,38.276005],[32.735884,38.276578],[32.729623,38.276511],[32.729438,38.276568],[32.729509,38.276925],[32.726173,38.277284],[32.726582,38.278687],[32.727004,38.279637],[32.721722,38.280833],[32.721726,38.281455],[32.718995,38.282767],[32.717505,38.280307],[32.714659,38.281266],[32.714399,38.280612],[32.711732,38.281334],[32.711004,38.280154],[32.710724,38.280215],[32.71092,38.281579],[32.711147,38.282241],[32.705511,38.282522],[32.705141,38.282614],[32.703656,38.283179],[32.69894,38.285575],[32.699673,38.287679],[32.69566,38.288262],[32.695283,38.291582],[32.689017,38.290683],[32.68945,38.288007],[32.689321,38.286627],[32.687675,38.286746],[32.687651,38.287315],[32.685625,38.287393],[32.685444,38.288211],[32.682436,38.288416],[32.681395,38.288321],[32.68008,38.28845],[32.680228,38.289165],[32.676272,38.288955],[32.676968,38.290947],[32.678343,38.292753],[32.678712,38.293182],[32.678971,38.29318],[32.679364,38.293303],[32.679814,38.294157],[32.677603,38.295408],[32.677825,38.295823],[32.67266,38.298314],[32.668464,38.299118],[32.667894,38.299261],[32.667545,38.299322],[32.666466,38.299421],[32.665248,38.299461],[32.664731,38.299487],[32.664267,38.299547],[32.663194,38.299685],[32.663537,38.301909],[32.66218,38.302413],[32.659581,38.302745],[32.659935,38.303645],[32.656738,38.305096],[32.655057,38.305365],[32.652382,38.306525],[32.651884,38.306733],[32.651299,38.307074],[32.650635,38.306747],[32.650448,38.30669],[32.649936,38.306564],[32.649689,38.30657],[32.648516,38.306442],[32.646315,38.306286],[32.644916,38.306198],[32.643678,38.306106],[32.642611,38.306041],[32.642629,38.30576],[32.642445,38.305534],[32.639458,38.305189],[32.637455,38.304989],[32.637532,38.304174],[32.63639,38.304201],[32.636233,38.304266],[32.635514,38.304972],[32.634905,38.305648],[32.63425,38.306686],[32.63381,38.307991],[32.633677,38.308352],[32.633146,38.309254],[32.636368,38.309421],[32.636456,38.309656],[32.635954,38.312649],[32.636412,38.312999],[32.637778,38.313043],[32.638625,38.3138],[32.639541,38.313698],[32.639097,38.314517],[32.638782,38.314601],[32.638169,38.315853],[32.63947,38.316291],[32.639416,38.316497],[32.639976,38.316601],[32.640254,38.316539],[32.640498,38.317274],[32.640762,38.317186],[32.640983,38.317358],[32.642031,38.316777],[32.65167,38.321687],[32.651612,38.321829],[32.650232,38.322035],[32.647874,38.321912],[32.647934,38.322506],[32.649335,38.325331],[32.650952,38.32801],[32.65134,38.328158],[32.654736,38.333924],[32.656562,38.3338],[32.656833,38.334014],[32.657292,38.335939],[32.655994,38.336241],[32.653731,38.336449],[32.65348,38.336905],[32.651801,38.338439],[32.650334,38.339098],[32.649724,38.339248],[32.649052,38.339527],[32.647973,38.340208],[32.647332,38.34088],[32.64663,38.341441],[32.646197,38.34168],[32.645603,38.341925],[32.644503,38.342204],[32.644153,38.342365],[32.643759,38.342646],[32.64374,38.343081],[32.643605,38.343222],[32.643483,38.343299],[32.643366,38.343337],[32.64317,38.343319],[32.642907,38.343295],[32.642836,38.343309],[32.641783,38.343758],[32.641738,38.344016],[32.641561,38.344767],[32.641406,38.344853],[32.640693,38.344949],[32.639525,38.345006],[32.639287,38.345444],[32.6393,38.345645],[32.639738,38.346559],[32.640176,38.347796],[32.640672,38.34882],[32.640608,38.349212],[32.640559,38.350165],[32.640224,38.350638],[32.639702,38.350889],[32.638918,38.351134],[32.638165,38.351367],[32.63783,38.351445],[32.637389,38.35151],[32.637419,38.351846],[32.637392,38.35208],[32.636371,38.352035],[32.635377,38.352071],[32.631208,38.355554],[32.62952,38.358131],[32.628147,38.360072],[32.626998,38.361458],[32.626122,38.362426],[32.624938,38.363753],[32.621683,38.367444],[32.618117,38.372935],[32.615548,38.372094],[32.615329,38.372172],[32.615107,38.373438],[32.61484,38.374597],[32.614473,38.37555],[32.613452,38.375236],[32.612628,38.376292],[32.61228,38.377127],[32.611816,38.377057],[32.60996,38.382766],[32.608256,38.384482],[32.606142,38.38809],[32.605273,38.392031],[32.60427,38.400996],[32.60434,38.401462],[32.604502,38.40187],[32.604639,38.402592],[32.604643,38.403125],[32.604456,38.403531],[32.604359,38.403707],[32.605066,38.403344],[32.605344,38.403084],[32.605971,38.403086],[32.606012,38.403443],[32.60628,38.403427],[32.606233,38.403542],[32.60623,38.403716],[32.605854,38.404086],[32.60585,38.404329],[32.605952,38.404797],[32.605932,38.405003],[32.605933,38.405694],[32.606055,38.406758],[32.606242,38.407565],[32.606137,38.407565],[32.606169,38.408062],[32.606157,38.408455],[32.606169,38.408518],[32.606249,38.408548],[32.606451,38.408553],[32.606487,38.409639],[32.606459,38.410172],[32.606868,38.410522],[32.607117,38.41078],[32.607656,38.411194],[32.608535,38.411732],[32.608889,38.411848],[32.609626,38.412011],[32.609879,38.412227],[32.610351,38.412394],[32.610813,38.412746],[32.611783,38.413457],[32.613907,38.414774],[32.616365,38.415977],[32.617194,38.416529],[32.617948,38.416991],[32.618693,38.417368],[32.619598,38.417923],[32.62217,38.419192],[32.623809,38.420262],[32.624131,38.420401],[32.624977,38.420901],[32.627578,38.422583],[32.630451,38.424104],[32.631703,38.424933],[32.632556,38.425565],[32.633073,38.425988],[32.633743,38.426409],[32.634598,38.426946],[32.635637,38.427453],[32.637509,38.428392],[32.63796,38.428675],[32.638915,38.429197],[32.639775,38.429627],[32.640267,38.429826],[32.640873,38.430063],[32.641457,38.430406],[32.641941,38.430695],[32.642537,38.430885],[32.642883,38.431126],[32.643197,38.431751],[32.64337,38.43247],[32.643618,38.432935],[32.645606,38.434904],[32.650032,38.437358],[32.651207,38.438001],[32.657962,38.440564],[32.658432,38.440745],[32.660871,38.441374],[32.66412,38.442369],[32.665765,38.442873],[32.667011,38.443223],[32.669363,38.444312],[32.670008,38.4446],[32.670199,38.444761]]]]}},{"type":"Feature","properties":{"id":"TR-Y-42-004-M-0007","level":"yerlesim","type":"mahalle","parent_id":"TR-D-42-004","province_id":"TR-P-42","district_id":"TR-D-42-004","name":"Hacınuman","source_raw_name":"HACINUMAN","source":"Kamuya açık veri ve kent rehberi servisleri","source_label":"Kamuya açık veri ve kent rehberi servisleri","source_name":"Konya Büyükşehir Belediyesi Açık Veri Platformu - Mahalleler"},"geometry":{"type":"MultiPolygon","coordinates":[[[[33.033594,38.159496],[33.028898,38.156979],[33.029061,38.15669],[33.028584,38.156378],[33.028364,38.156388],[33.028178,38.15642],[33.026649,38.15542],[33.026998,38.155085],[33.026301,38.154645],[33.026248,38.1547],[33.025737,38.154489],[33.025301,38.154264],[33.025353,38.154136],[33.025214,38.154076],[33.02515,38.154122],[33.025028,38.154241],[33.023203,38.153191],[33.009032,38.140385],[32.987171,38.116996],[32.945702,38.132036],[32.943747,38.148784],[32.924707,38.147231],[32.941167,38.151112],[32.950103,38.153329],[32.958809,38.159278],[32.963268,38.164012],[32.96807,38.169141],[32.972553,38.173896],[32.977623,38.179324],[32.982686,38.184855],[32.982877,38.185018],[32.98305,38.185122],[32.983415,38.185493],[32.984004,38.185923],[32.984703,38.186575],[32.984759,38.186694],[32.985094,38.186982],[32.985221,38.187169],[32.985349,38.187483],[32.985894,38.188254],[32.986145,38.188518],[32.986363,38.188871],[32.986559,38.189494],[32.986649,38.189672],[32.986975,38.190306],[32.987223,38.190736],[32.987257,38.190819],[32.987682,38.190701],[32.988291,38.190582],[32.988937,38.190499],[32.989234,38.19049],[32.989324,38.190526],[32.989557,38.190938],[32.990909,38.190826],[32.991251,38.192163],[32.99148,38.193195],[32.99157,38.193438],[32.992145,38.193382],[32.992626,38.193343],[32.992694,38.193625],[32.99287,38.194257],[32.993096,38.194936],[32.99334,38.195571],[32.993381,38.195636],[32.992867,38.195799],[32.992002,38.196027],[32.992322,38.197089],[32.992803,38.197187],[32.993017,38.197866],[32.993047,38.198082],[32.992517,38.198177],[32.992862,38.199942],[32.993287,38.199867],[32.993362,38.200063],[32.993482,38.200917],[32.992284,38.201048],[32.992411,38.202228],[32.994459,38.201851],[32.99423,38.202095],[32.994121,38.202314],[32.994012,38.202803],[32.993896,38.203236],[32.993873,38.203497],[32.993057,38.203986],[32.993328,38.204692],[32.993644,38.205404],[32.993595,38.205419],[32.993794,38.205896],[32.993993,38.206504],[32.994057,38.20694],[32.994106,38.207337],[32.994106,38.207717],[32.994061,38.208079],[32.993805,38.208648],[32.99364,38.208955],[32.994601,38.209293],[32.995205,38.209522],[32.995962,38.209845],[32.996814,38.210198],[32.997914,38.210551],[32.998575,38.210799],[32.999622,38.211201],[33.000593,38.211606],[33.001298,38.211952],[33.001607,38.21211],[33.001674,38.212128],[33.002326,38.212417],[33.003292,38.212782],[33.004663,38.213345],[33.005372,38.213687],[33.006728,38.214261],[33.008175,38.214862],[33.008885,38.215177],[33.00998,38.21562],[33.012664,38.21669],[33.013864,38.217169],[33.015117,38.217621],[33.016743,38.218225],[33.017649,38.218598],[33.018529,38.219008],[33.018949,38.219134],[33.019642,38.219402],[33.019702,38.219418],[33.019782,38.219281],[33.020008,38.218777],[33.020228,38.218377],[33.020588,38.218004],[33.020841,38.218004],[33.023673,38.21743],[33.024873,38.217204],[33.024936,38.217193],[33.025642,38.217959],[33.028202,38.220705],[33.02989,38.220131],[33.029759,38.21996],[33.029466,38.21971],[33.030471,38.219391],[33.030802,38.219307],[33.031149,38.219216],[33.031562,38.219106],[33.031942,38.218992],[33.03237,38.218874],[33.03288,38.218726],[33.032817,38.217827],[33.036491,38.217416],[33.036582,38.217392],[33.037276,38.216667],[33.038027,38.215983],[33.038512,38.215613],[33.039086,38.215106],[33.039357,38.214822],[33.039785,38.214422],[33.040087,38.2142],[33.040969,38.213462],[33.041136,38.213261],[33.041574,38.212898],[33.042106,38.212544],[33.043436,38.211563],[33.043885,38.211184],[33.043953,38.211221],[33.044015,38.21109],[33.044625,38.210484],[33.044897,38.210237],[33.045246,38.210006],[33.046645,38.209738],[33.046488,38.209001],[33.046524,38.208886],[33.046336,38.208128],[33.046158,38.207292],[33.046158,38.207239],[33.046105,38.206885],[33.045655,38.204723],[33.045535,38.203863],[33.045404,38.202953],[33.045356,38.202195],[33.04533,38.201693],[33.045304,38.201577],[33.045052,38.200248],[33.045052,38.19958],[33.045057,38.199482],[33.045161,38.199206],[33.045192,38.198728],[33.046669,38.19869],[33.047337,38.198674],[33.048114,38.198673],[33.047952,38.197866],[33.047779,38.196985],[33.047544,38.196104],[33.047194,38.194976],[33.047934,38.194865],[33.048706,38.194749],[33.049411,38.194629],[33.050006,38.194547],[33.049754,38.193666],[33.049874,38.193579],[33.050913,38.193373],[33.050975,38.193616],[33.052697,38.193211],[33.052807,38.193648],[33.053058,38.194368],[33.056224,38.193593],[33.056354,38.19358],[33.056804,38.194058],[33.057664,38.193847],[33.058447,38.193641],[33.058504,38.193756],[33.058562,38.193806],[33.060335,38.193364],[33.060393,38.193257],[33.060173,38.192887],[33.059609,38.191812],[33.061001,38.19142],[33.060181,38.189992],[33.061365,38.189777],[33.062242,38.189653],[33.062643,38.189571],[33.062454,38.188434],[33.062282,38.187767],[33.062067,38.186977],[33.061889,38.186429],[33.061769,38.186252],[33.061143,38.186343],[33.060669,38.186459],[33.060292,38.185487],[33.06014,38.184973],[33.059905,38.184145],[33.059665,38.183511],[33.059503,38.183087],[33.061536,38.182189],[33.060738,38.18009],[33.062776,38.179725],[33.06553,38.179428],[33.065577,38.17932],[33.065445,38.178048],[33.065461,38.177966],[33.06557,38.177698],[33.065585,38.177608],[33.065621,38.176488],[33.065652,38.176018],[33.065965,38.176059],[33.066012,38.175952],[33.066006,38.175845],[33.065923,38.17566],[33.065907,38.175487],[33.065975,38.175339],[33.066042,38.175079],[33.066053,38.174968],[33.066157,38.17484],[33.06623,38.1747],[33.066271,38.174581],[33.066282,38.174387],[33.066313,38.174284],[33.066417,38.174152],[33.066464,38.173955],[33.068567,38.170398],[33.068036,38.163967],[33.048051,38.161932],[33.036494,38.160463],[33.035024,38.160271],[33.033757,38.159579],[33.033594,38.159496]]]]}},{"type":"Feature","properties":{"id":"TR-Y-42-004-M-0008","level":"yerlesim","type":"mahalle","parent_id":"TR-D-42-004","province_id":"TR-P-42","district_id":"TR-D-42-004","name":"Kale","source_raw_name":"KALE","source":"Kamuya açık veri ve kent rehberi servisleri","source_label":"Kamuya açık veri ve kent rehberi servisleri","source_name":"Konya Büyükşehir Belediyesi Açık Veri Platformu - Mahalleler"},"geometry":{"type":"MultiPolygon","coordinates":[[[[32.870651,38.307853],[32.87057,38.307982],[32.870454,38.308106],[32.870322,38.308249],[32.870181,38.3084],[32.869934,38.30926],[32.869981,38.309327],[32.869856,38.309369],[32.869669,38.309437],[32.869291,38.309582],[32.868919,38.309725],[32.868596,38.309899],[32.868395,38.310055],[32.868167,38.310259],[32.867563,38.310799],[32.867087,38.311191],[32.86657,38.31161],[32.866092,38.311928],[32.865918,38.312038],[32.865694,38.312192],[32.865147,38.31248],[32.864234,38.313061],[32.864178,38.31395],[32.828601,38.348176],[32.826525,38.348012],[32.826467,38.34814],[32.826273,38.348205],[32.826131,38.348312],[32.826084,38.348349],[32.826094,38.348457],[32.826251,38.348663],[32.823816,38.361474],[32.82325,38.364418],[32.81948,38.38418],[32.819438,38.38433],[32.819585,38.384578],[32.819717,38.385057],[32.819845,38.385586],[32.819973,38.386065],[32.820146,38.386591],[32.820138,38.386726],[32.820218,38.38684],[32.820285,38.387088],[32.820433,38.38748],[32.820338,38.387491],[32.820197,38.387518],[32.817459,38.388536],[32.817647,38.389368],[32.8177,38.389467],[32.817784,38.38953],[32.817882,38.389571],[32.81803,38.389596],[32.818017,38.389714],[32.818535,38.389554],[32.819551,38.389197],[32.819796,38.389117],[32.820635,38.388882],[32.8209,38.388813],[32.820982,38.388754],[32.821303,38.38862],[32.821807,38.388509],[32.82225,38.388418],[32.82319,38.388136],[32.823408,38.388023],[32.824192,38.387794],[32.826516,38.38708],[32.826662,38.387034],[32.827003,38.386981],[32.827769,38.386793],[32.828277,38.386662],[32.828393,38.386633],[32.836085,38.384421],[32.836987,38.384166],[32.837066,38.384146],[32.854425,38.379176],[32.854646,38.379126],[32.85484,38.379079],[32.855024,38.379024],[32.880205,38.371804],[32.880271,38.371797],[32.880398,38.371773],[32.880463,38.371763],[32.88105,38.371763],[32.88112,38.37176],[32.881747,38.371785],[32.88243,38.371861],[32.882767,38.371858],[32.882872,38.371872],[32.882942,38.371883],[32.88296,38.371779],[32.883035,38.371645],[32.883358,38.371797],[32.883805,38.372018],[32.884046,38.372087],[32.884055,38.371601],[32.885128,38.371626],[32.885211,38.371619],[32.885312,38.371699],[32.885461,38.371854],[32.88554,38.371844],[32.885759,38.371796],[32.885855,38.371744],[32.885868,38.371686],[32.885707,38.37141],[32.885654,38.371303],[32.885681,38.371113],[32.885796,38.370589],[32.8858,38.370289],[32.88577,38.370185],[32.88651,38.370162],[32.886777,38.370159],[32.88711,38.370176],[32.887474,38.370204],[32.887754,38.370249],[32.888021,38.370312],[32.88838,38.370419],[32.888862,38.370523],[32.888879,38.370737],[32.889102,38.370896],[32.8895,38.371037],[32.889837,38.371176],[32.890139,38.371365],[32.890524,38.371635],[32.890704,38.371814],[32.890857,38.372021],[32.89111,38.372235],[32.891206,38.372359],[32.891281,38.372501],[32.89139,38.372642],[32.891486,38.372698],[32.891683,38.37276],[32.891959,38.372802],[32.89202,38.372836],[32.892169,38.372929],[32.892235,38.37294],[32.892644,38.372728],[32.892553,38.372552],[32.892536,38.372395],[32.892508,38.37193],[32.892469,38.37157],[32.892494,38.371337],[32.892648,38.370973],[32.892698,38.370588],[32.892685,38.370283],[32.892704,38.370016],[32.892664,38.36981],[32.892597,38.36969],[32.892546,38.369501],[32.892617,38.368906],[32.892605,38.368419],[32.892532,38.3677],[32.892462,38.367338],[32.892439,38.366925],[32.892462,38.366496],[32.892574,38.365956],[32.892596,38.36569],[32.892583,38.365102],[32.892639,38.363981],[32.89278,38.363069],[32.892791,38.362775],[32.892654,38.361548],[32.892661,38.361326],[32.892705,38.361112],[32.892751,38.360678],[32.892805,38.359984],[32.892937,38.359404],[32.892978,38.358749],[32.893009,38.357924],[32.892981,38.357591],[32.892867,38.357105],[32.892836,38.356434],[32.892883,38.355918],[32.892894,38.355155],[32.892978,38.354779],[32.89313,38.354446],[32.893147,38.354357],[32.893089,38.354189],[32.893108,38.354019],[32.891729,38.35373],[32.891309,38.353664],[32.891024,38.353588],[32.890814,38.353502],[32.890552,38.35335],[32.890342,38.353119],[32.890176,38.35287],[32.890089,38.352732],[32.890014,38.35266],[32.889957,38.352584],[32.889962,38.352522],[32.890098,38.352443],[32.890207,38.352405],[32.890256,38.35235],[32.890251,38.352284],[32.890229,38.352215],[32.890103,38.352094],[32.890072,38.351967],[32.890094,38.351843],[32.89016,38.351722],[32.890265,38.351608],[32.890406,38.351584],[32.890537,38.351533],[32.890331,38.351474],[32.890077,38.351453],[32.889845,38.351425],[32.889758,38.351397],[32.889705,38.351366],[32.889548,38.351246],[32.88943,38.351177],[32.889355,38.351142],[32.88925,38.351125],[32.889246,38.351059],[32.889185,38.350962],[32.889128,38.350914],[32.889054,38.350749],[32.888976,38.350404],[32.888941,38.350155],[32.888928,38.349928],[32.888924,38.349607],[32.888956,38.34918],[32.888975,38.348897],[32.889104,38.348422],[32.889063,38.348103],[32.889002,38.347918],[32.888967,38.347704],[32.889121,38.346754],[32.889183,38.346588],[32.889337,38.346355],[32.889501,38.346174],[32.889762,38.346069],[32.890719,38.346102],[32.89101,38.346175],[32.891026,38.346078],[32.891031,38.345913],[32.891006,38.345466],[32.891023,38.344531],[32.890947,38.343999],[32.890917,38.343806],[32.89081,38.343153],[32.89078,38.343024],[32.890826,38.342887],[32.890888,38.342379],[32.890924,38.342258],[32.890673,38.342187],[32.889963,38.341984],[32.888899,38.341688],[32.887288,38.341248],[32.88664,38.340409],[32.886635,38.340344],[32.886451,38.340183],[32.886272,38.340078],[32.886062,38.339913],[32.885853,38.33963],[32.885695,38.33934],[32.885593,38.339022],[32.885502,38.338437],[32.885354,38.338054],[32.885226,38.337869],[32.885053,38.337687],[32.884828,38.337457],[32.884547,38.337042],[32.883685,38.335559],[32.883558,38.335329],[32.883282,38.334756],[32.883022,38.334067],[32.883028,38.333821],[32.882941,38.333753],[32.882819,38.333587],[32.882446,38.332866],[32.882314,38.332511],[32.882227,38.332184],[32.882171,38.332051],[32.881998,38.331709],[32.881968,38.331543],[32.881907,38.331249],[32.881785,38.330907],[32.881713,38.330762],[32.881591,38.330471],[32.88152,38.330105],[32.881421,38.32931],[32.8812,38.328548],[32.881158,38.327894],[32.881176,38.327739],[32.881535,38.327875],[32.881681,38.327984],[32.882031,38.32812],[32.882405,38.328203],[32.883043,38.328444],[32.886468,38.328181],[32.886558,38.328149],[32.887045,38.328029],[32.887661,38.327793],[32.887931,38.32766],[32.889547,38.327084],[32.889617,38.327073],[32.889766,38.327076],[32.891416,38.327903],[32.893338,38.329204],[32.894512,38.330312],[32.895198,38.331709],[32.89604,38.332754],[32.896813,38.333202],[32.897964,38.334721],[32.898823,38.335779],[32.899563,38.336295],[32.9002,38.336227],[32.900649,38.335681],[32.901043,38.335876],[32.90187,38.335605],[32.902248,38.335714],[32.902524,38.335606],[32.90067,38.328192],[32.901489,38.32799],[32.901571,38.3283],[32.901668,38.328349],[32.902128,38.328276],[32.902921,38.328128],[32.903233,38.328096],[32.903239,38.328007],[32.903586,38.32802],[32.904093,38.32802],[32.90464,38.327968],[32.904696,38.328452],[32.904701,38.328786],[32.904638,38.329782],[32.904805,38.331103],[32.904825,38.331506],[32.904814,38.331873],[32.904958,38.331801],[32.905051,38.331108],[32.905282,38.330205],[32.905308,38.330092],[32.905492,38.329665],[32.905944,38.328731],[32.906241,38.328171],[32.906569,38.327506],[32.906662,38.327361],[32.90681,38.327152],[32.90702,38.327011],[32.907369,38.326302],[32.907477,38.325976],[32.907621,38.325355],[32.907764,38.324969],[32.907903,38.324328],[32.908063,38.323446],[32.908166,38.322636],[32.90834,38.32266],[32.908811,38.322774],[32.909583,38.322879],[32.910053,38.322936],[32.910739,38.323057],[32.91171,38.323304],[32.913024,38.32372],[32.914727,38.324257],[32.915264,38.324382],[32.915596,38.324443],[32.916015,38.324564],[32.916348,38.324689],[32.917544,38.325137],[32.918265,38.32546],[32.918306,38.3255],[32.918465,38.325545],[32.919185,38.325811],[32.919717,38.325989],[32.920044,38.32611],[32.920453,38.32628],[32.92098,38.326526],[32.921266,38.326683],[32.921415,38.326804],[32.921481,38.326877],[32.921645,38.326941],[32.921778,38.326953],[32.921982,38.32699],[32.922141,38.327038],[32.922314,38.327127],[32.922534,38.327264],[32.922591,38.327288],[32.923143,38.327531],[32.923869,38.327765],[32.924549,38.327922],[32.925071,38.328084],[32.926052,38.328407],[32.92641,38.328617],[32.926456,38.328661],[32.927509,38.329431],[32.928348,38.329927],[32.929176,38.330411],[32.929771,38.330727],[32.929885,38.330786],[32.930263,38.330972],[32.930837,38.331284],[32.931372,38.331591],[32.931601,38.331737],[32.93215,38.331993],[32.933691,38.332762],[32.934251,38.333043],[32.935033,38.333479],[32.935232,38.333609],[32.936506,38.334498],[32.936567,38.334535],[32.93733,38.334993],[32.937323,38.335035],[32.937419,38.335086],[32.937847,38.33539],[32.938083,38.335584],[32.938265,38.335685],[32.938514,38.335775],[32.938818,38.33586],[32.939007,38.335894],[32.939571,38.335981],[32.94087,38.336139],[32.942437,38.336626],[32.944392,38.337204],[32.945923,38.337635],[32.94658,38.337764],[32.947904,38.33806],[32.948925,38.33833],[32.949724,38.338584],[32.949878,38.338609],[32.950199,38.338668],[32.950623,38.338778],[32.950995,38.338835],[32.951883,38.338973],[32.952429,38.339125],[32.95319,38.339372],[32.954132,38.339932],[32.954364,38.340093],[32.955523,38.340647],[32.956052,38.340838],[32.957843,38.341412],[32.958179,38.341474],[32.959514,38.341506],[32.960624,38.341492],[32.961145,38.341439],[32.961698,38.341405],[32.962726,38.341397],[32.963751,38.341358],[32.963765,38.341395],[32.963922,38.341344],[32.964183,38.341308],[32.964761,38.341266],[32.965568,38.341238],[32.965957,38.341252],[32.967049,38.341286],[32.967514,38.341328],[32.968488,38.341334],[32.968795,38.34136],[32.968988,38.34141],[32.969398,38.341554],[32.969937,38.341754],[32.970476,38.341883],[32.970926,38.341979],[32.971351,38.342097],[32.971811,38.342263],[32.971954,38.342333],[32.972396,38.342522],[32.972818,38.342657],[32.973346,38.342862],[32.973938,38.343067],[32.974317,38.343267],[32.974873,38.343529],[32.975266,38.343667],[32.975523,38.343771],[32.975862,38.343889],[32.975944,38.343928],[32.976044,38.34399],[32.976376,38.344139],[32.976751,38.344266],[32.977033,38.344328],[32.977163,38.34438],[32.977215,38.34439],[32.977367,38.344452],[32.97778,38.344582],[32.97808,38.344709],[32.978267,38.344794],[32.979249,38.345233],[32.979814,38.345497],[32.980236,38.345668],[32.980622,38.345788],[32.980848,38.34589],[32.981241,38.346019],[32.98154,38.346095],[32.982142,38.346244],[32.983049,38.346493],[32.984941,38.347021],[32.987127,38.347595],[32.98717,38.347558],[32.987651,38.34737],[32.988842,38.34696],[32.988862,38.346882],[32.988955,38.346142],[32.989052,38.345549],[32.987373,38.345254],[32.985379,38.344909],[32.983854,38.344632],[32.983625,38.344593],[32.983987,38.343122],[32.98609,38.343543],[32.986216,38.342957],[32.986332,38.342607],[32.986727,38.341508],[32.986903,38.340949],[32.987377,38.339483],[32.987527,38.339021],[32.987845,38.338122],[32.988346,38.338164],[32.988406,38.336567],[32.988473,38.334501],[32.988469,38.334457],[32.986678,38.334341],[32.985322,38.334276],[32.985252,38.334255],[32.985202,38.334145],[32.985189,38.334093],[32.985505,38.332249],[32.985651,38.331091],[32.985664,38.330856],[32.985701,38.330582],[32.985701,38.330376],[32.985741,38.330065],[32.985747,38.32989],[32.985747,38.329592],[32.985731,38.329297],[32.985698,38.329088],[32.985688,38.328542],[32.985648,38.327345],[32.985625,38.32705],[32.985569,38.326433],[32.985569,38.326245],[32.985539,38.325979],[32.985519,38.325467],[32.98547,38.324981],[32.985466,38.324785],[32.985437,38.324667],[32.985211,38.324544],[32.985125,38.324471],[32.985078,38.324403],[32.985025,38.324254],[32.985029,38.324139],[32.985167,38.323528],[32.985469,38.322457],[32.985513,38.322302],[32.985436,38.322043],[32.98525,38.321719],[32.986856,38.321939],[32.987102,38.321948],[32.987283,38.321961],[32.988643,38.322086],[32.989509,38.322177],[32.989613,38.322173],[32.990156,38.319987],[32.990529,38.318515],[32.990458,38.31848],[32.989789,38.318407],[32.990853,38.315293],[32.99088,38.315228],[32.98991,38.315025],[32.990053,38.313734],[32.989971,38.313661],[32.989209,38.313453],[32.988951,38.313389],[32.985306,38.312399],[32.984999,38.312313],[32.984956,38.312265],[32.986797,38.31179],[32.987773,38.311531],[32.986419,38.310236],[32.986463,38.310197],[32.985778,38.309385],[32.985926,38.309342],[32.986019,38.309268],[32.985987,38.309173],[32.985707,38.308538],[32.985285,38.307472],[32.984869,38.306379],[32.984058,38.306586],[32.982775,38.306854],[32.982616,38.306884],[32.982107,38.307005],[32.981854,38.307083],[32.981663,38.30719],[32.980934,38.306149],[32.980408,38.305394],[32.980014,38.304849],[32.979866,38.304582],[32.97968,38.303981],[32.979532,38.30345],[32.978869,38.303346],[32.977542,38.303048],[32.977647,38.302763],[32.978135,38.301748],[32.978255,38.301407],[32.977976,38.301403],[32.977209,38.301286],[32.976803,38.30126],[32.976749,38.300474],[32.976683,38.299977],[32.976426,38.298898],[32.976251,38.298112],[32.976212,38.297943],[32.976108,38.297416],[32.975549,38.297425],[32.975001,38.297446],[32.974657,38.296335],[32.974356,38.295455],[32.974089,38.294448],[32.974002,38.294417],[32.973264,38.294429],[32.971928,38.294413],[32.9715,38.294401],[32.970767,38.294397],[32.969961,38.29434],[32.969315,38.294259],[32.968717,38.294271],[32.968013,38.294309],[32.967313,38.29432],[32.9669,38.294331],[32.966488,38.294347],[32.966016,38.294434],[32.965322,38.294538],[32.965186,38.294534],[32.964846,38.294576],[32.964661,38.294606],[32.96452,38.29466],[32.964161,38.294729],[32.963641,38.294767],[32.963121,38.29482],[32.962451,38.294893],[32.961853,38.294973],[32.961042,38.295019],[32.960236,38.29508],[32.960041,38.295099],[32.959799,38.295083],[32.959274,38.295167],[32.957753,38.295331],[32.956748,38.295434],[32.955946,38.295526],[32.955397,38.295545],[32.954858,38.295594],[32.954402,38.295659],[32.953454,38.295755],[32.9531,38.295797],[32.952128,38.296018],[32.95207,38.296033],[32.951652,38.296098],[32.95103,38.296232],[32.950588,38.296278],[32.95016,38.296316],[32.949969,38.296359],[32.949396,38.296419],[32.948892,38.296512],[32.948255,38.296641],[32.947236,38.296812],[32.947072,38.296857],[32.94693,38.296866],[32.945766,38.29704],[32.945289,38.2971],[32.944651,38.297223],[32.943976,38.297298],[32.943754,38.29731],[32.942663,38.297345],[32.941732,38.297378],[32.941632,38.297381],[32.940289,38.297383],[32.937987,38.29743],[32.936106,38.297465],[32.935125,38.297501],[32.933995,38.297521],[32.933174,38.297524],[32.932132,38.297611],[32.930762,38.297649],[32.93001,38.29763],[32.92948,38.2976],[32.929377,38.297582],[32.929458,38.296508],[32.928752,38.29649],[32.926802,38.296293],[32.925676,38.296247],[32.92518,38.296205],[32.92413,38.296183],[32.924127,38.295362],[32.924116,38.294571],[32.9233,38.29454],[32.922849,38.294576],[32.922823,38.294422],[32.922831,38.293839],[32.922808,38.293743],[32.922747,38.293701],[32.922236,38.29373],[32.921732,38.293733],[32.92174,38.293453],[32.921592,38.29207],[32.921593,38.292015],[32.920944,38.292054],[32.920428,38.292129],[32.919898,38.292264],[32.91944,38.292348],[32.919329,38.292366],[32.919131,38.292384],[32.919082,38.291806],[32.919002,38.291409],[32.918922,38.291021],[32.918793,38.29069],[32.91872,38.290651],[32.918422,38.290834],[32.917773,38.291345],[32.917529,38.291498],[32.91748,38.290827],[32.917499,38.290479],[32.917458,38.290211],[32.917412,38.290157],[32.917229,38.290132],[32.917103,38.290153],[32.916794,38.290159],[32.916427,38.290084],[32.916382,38.289663],[32.916252,38.289693],[32.915485,38.289686],[32.915161,38.289677],[32.914997,38.289695],[32.914775,38.289701],[32.914665,38.289622],[32.914631,38.289439],[32.913829,38.289252],[32.914113,38.288551],[32.914132,38.288509],[32.914128,38.288365],[32.912995,38.288069],[32.912995,38.287907],[32.913087,38.287663],[32.91279,38.287564],[32.911809,38.28728],[32.911721,38.28731],[32.911602,38.287767],[32.909096,38.287465],[32.908752,38.287422],[32.908417,38.286941],[32.908333,38.287004],[32.90755,38.287265],[32.907444,38.287093],[32.907341,38.286838],[32.907105,38.286425],[32.906979,38.286136],[32.906877,38.285811],[32.90674,38.285553],[32.906526,38.285189],[32.906087,38.285405],[32.905564,38.285621],[32.905465,38.285645],[32.905373,38.285651],[32.905221,38.285425],[32.904981,38.285175],[32.904741,38.284811],[32.904593,38.284429],[32.902341,38.284445],[32.899308,38.284127],[32.899232,38.284119],[32.899164,38.284231],[32.898659,38.284853],[32.897409,38.28641],[32.895187,38.2892],[32.894392,38.290198],[32.893673,38.291003],[32.890775,38.29425],[32.890106,38.294906],[32.889084,38.295857],[32.886346,38.298362],[32.885322,38.299206],[32.884722,38.299501],[32.882635,38.300256],[32.881668,38.300557],[32.880807,38.300784],[32.88056,38.300852],[32.879854,38.30101],[32.879711,38.301045],[32.878869,38.301412],[32.878576,38.301555],[32.87807,38.301821],[32.877264,38.302292],[32.876852,38.302588],[32.876416,38.302898],[32.876365,38.302905],[32.875954,38.30297],[32.875638,38.303027],[32.874758,38.303128],[32.874109,38.303378],[32.873447,38.303807],[32.872526,38.304483],[32.872171,38.305025],[32.8718,38.305573],[32.871386,38.306109],[32.871158,38.306681],[32.871036,38.307074],[32.871163,38.3072],[32.870981,38.307408],[32.870687,38.307861],[32.870651,38.307853]]]]}},{"type":"Feature","properties":{"id":"TR-Y-42-004-M-0009","level":"yerlesim","type":"mahalle","parent_id":"TR-D-42-004","province_id":"TR-P-42","district_id":"TR-D-42-004","name":"Karakaya","source_raw_name":"KARAKAYA","source":"Kamuya açık veri ve kent rehberi servisleri","source_label":"Kamuya açık veri ve kent rehberi servisleri","source_name":"Konya Büyükşehir Belediyesi Açık Veri Platformu - Mahalleler"},"geometry":{"type":"MultiPolygon","coordinates":[[[[32.886207,38.202218],[32.894561,38.199236],[32.89439,38.199154],[32.894258,38.199006],[32.893431,38.198448],[32.892813,38.198974],[32.892686,38.198978],[32.892521,38.198852],[32.892433,38.19873],[32.892477,38.198577],[32.892439,38.198547],[32.892383,38.198512],[32.892262,38.198521],[32.892157,38.198455],[32.892047,38.198316],[32.892356,38.19812],[32.892826,38.197694],[32.893069,38.197464],[32.893394,38.197325],[32.893516,38.197295],[32.893709,38.19714],[32.894377,38.196521],[32.895159,38.197044],[32.89532,38.196944],[32.895899,38.196457],[32.896219,38.196257],[32.896264,38.196205],[32.895763,38.195608],[32.896736,38.193859],[32.897303,38.193908],[32.897778,38.193982],[32.898401,38.194074],[32.898593,38.194148],[32.89926,38.194388],[32.899299,38.19434],[32.899432,38.194079],[32.899515,38.193757],[32.899781,38.192918],[32.900056,38.192931],[32.900883,38.193054],[32.901115,38.193102],[32.901826,38.193168],[32.902008,38.193159],[32.902023,38.190152],[32.902729,38.190227],[32.90591,38.19046],[32.907366,38.190574],[32.907444,38.190013],[32.907472,38.189464],[32.907489,38.188933],[32.907511,38.18889],[32.9076,38.188316],[32.907711,38.187937],[32.907728,38.187824],[32.907138,38.18775],[32.907133,38.187532],[32.907188,38.187166],[32.907271,38.187158],[32.907415,38.18674],[32.907454,38.186588],[32.907536,38.186418],[32.907636,38.186061],[32.907741,38.185696],[32.907747,38.185648],[32.907824,38.185426],[32.907913,38.185074],[32.907991,38.184726],[32.906111,38.184263],[32.905593,38.184188],[32.905786,38.183823],[32.905831,38.183501],[32.905864,38.183371],[32.906091,38.182674],[32.906279,38.182035],[32.90649,38.181548],[32.906584,38.181317],[32.907581,38.177558],[32.907537,38.17751],[32.907708,38.177127],[32.907791,38.176979],[32.907918,38.176949],[32.908127,38.177001],[32.908226,38.17698],[32.908265,38.176888],[32.908276,38.176758],[32.908359,38.176653],[32.908431,38.176523],[32.908514,38.176153],[32.908592,38.175879],[32.908509,38.175809],[32.908399,38.175744],[32.908366,38.175661],[32.908184,38.175543],[32.908223,38.17523],[32.908317,38.174895],[32.908328,38.174821],[32.908169,38.174738],[32.90813,38.17469],[32.908594,38.173951],[32.908897,38.174008],[32.908991,38.17379],[32.90908,38.173616],[32.908818,38.171218],[32.907718,38.169233],[32.904561,38.163764],[32.902055,38.1627],[32.904338,38.161183],[32.904981,38.158538],[32.905602,38.155914],[32.906567,38.155545],[32.914223,38.150307],[32.920004,38.15002],[32.924707,38.147231],[32.943747,38.148784],[32.945702,38.132036],[32.938788,38.113016],[32.928456,38.116819],[32.920222,38.119845],[32.903716,38.122189],[32.897378,38.121855],[32.873955,38.121436],[32.868113,38.122035],[32.868661,38.124635],[32.869123,38.127143],[32.866502,38.130448],[32.865811,38.133274],[32.865661,38.136345],[32.864701,38.13851],[32.863704,38.141426],[32.861981,38.141384],[32.859348,38.14128],[32.857452,38.141519],[32.854793,38.142758],[32.853792,38.143419],[32.852035,38.14458],[32.849873,38.144809],[32.84681,38.14385],[32.843617,38.143823],[32.839935,38.143818],[32.838175,38.144409],[32.835333,38.145368],[32.832194,38.147038],[32.831294,38.147323],[32.828096,38.147546],[32.826768,38.148254],[32.822792,38.150656],[32.822085,38.151274],[32.819546,38.153497],[32.818181,38.154385],[32.817583,38.154782],[32.817483,38.15485],[32.814175,38.156267],[32.812886,38.158231],[32.810459,38.161929],[32.810792,38.165987],[32.810789,38.166977],[32.810756,38.179676],[32.815304,38.189382],[32.825235,38.192491],[32.825216,38.192548],[32.825407,38.192559],[32.825813,38.192556],[32.825923,38.192583],[32.825865,38.192681],[32.825286,38.193418],[32.8252,38.193524],[32.82518,38.193618],[32.825214,38.193682],[32.825433,38.193875],[32.825452,38.193931],[32.825585,38.194078],[32.825709,38.194207],[32.825842,38.194252],[32.836095,38.192153],[32.84124,38.195356],[32.848557,38.199609],[32.849344,38.200066],[32.849706,38.200296],[32.849853,38.20039],[32.852655,38.205864],[32.854333,38.207328],[32.854419,38.207401],[32.864617,38.216435],[32.87719,38.21523],[32.875969,38.209793],[32.878896,38.207529],[32.883232,38.20685],[32.886606,38.204094],[32.886207,38.202218]]]]}},{"type":"Feature","properties":{"id":"TR-Y-42-004-M-0010","level":"yerlesim","type":"mahalle","parent_id":"TR-D-42-004","province_id":"TR-P-42","district_id":"TR-D-42-004","name":"Koçaş","source_raw_name":"KOÇAŞ","source":"Kamuya açık veri ve kent rehberi servisleri","source_label":"Kamuya açık veri ve kent rehberi servisleri","source_name":"Konya Büyükşehir Belediyesi Açık Veri Platformu - Mahalleler"},"geometry":{"type":"MultiPolygon","coordinates":[[[[32.961023,38.198791],[32.961896,38.198915],[32.961919,38.19926],[32.961974,38.199656],[32.962044,38.200169],[32.962154,38.200463],[32.962228,38.200751],[32.962373,38.201178],[32.962447,38.2014],[32.962537,38.20192],[32.962603,38.202248],[32.962725,38.202653],[32.962823,38.20299],[32.962901,38.203346],[32.962944,38.203692],[32.963073,38.204147],[32.962559,38.204289],[32.96196,38.204412],[32.961638,38.20448],[32.961348,38.20453],[32.961681,38.205324],[32.961069,38.205457],[32.959842,38.205769],[32.95967,38.205819],[32.959505,38.205896],[32.959341,38.205986],[32.959035,38.206097],[32.958572,38.206227],[32.958341,38.206335],[32.957671,38.206622],[32.957349,38.206789],[32.957314,38.206809],[32.95642,38.206261],[32.955525,38.205625],[32.953371,38.204182],[32.953345,38.20423],[32.953697,38.20616],[32.953927,38.20748],[32.954131,38.207839],[32.953962,38.207895],[32.953688,38.207941],[32.953719,38.208127],[32.953848,38.208674],[32.954337,38.210672],[32.953878,38.210768],[32.95347,38.210826],[32.953024,38.210913],[32.952635,38.210968],[32.952008,38.211104],[32.952059,38.211389],[32.952403,38.212533],[32.952607,38.213241],[32.952888,38.214011],[32.952911,38.214049],[32.953621,38.21369],[32.95523,38.212787],[32.956204,38.212327],[32.956221,38.212349],[32.956957,38.213735],[32.956287,38.214022],[32.956063,38.214121],[32.955597,38.214399],[32.955534,38.214473],[32.956223,38.215766],[32.956853,38.21714],[32.957519,38.218844],[32.957863,38.219781],[32.957922,38.22001],[32.958859,38.219837],[32.960046,38.21968],[32.960328,38.221108],[32.96041,38.221356],[32.961096,38.221245],[32.9619,38.221056],[32.961943,38.221118],[32.962057,38.221505],[32.962143,38.221564],[32.962413,38.221554],[32.963307,38.221344],[32.964188,38.221181],[32.964036,38.221509],[32.963848,38.221864],[32.963714,38.222142],[32.963671,38.222393],[32.963679,38.2226],[32.96195,38.222915],[32.961507,38.222983],[32.960876,38.223119],[32.960542,38.223202],[32.960197,38.223252],[32.959915,38.22327],[32.959256,38.223406],[32.959487,38.224114],[32.9598,38.225252],[32.95998,38.225964],[32.961137,38.225791],[32.960984,38.225191],[32.961725,38.225055],[32.962596,38.224891],[32.963278,38.224734],[32.964422,38.224521],[32.964505,38.224505],[32.965357,38.224366],[32.966361,38.224183],[32.967784,38.22393],[32.9677,38.223588],[32.968203,38.223398],[32.968866,38.22319],[32.969327,38.223055],[32.969731,38.222945],[32.970219,38.22279],[32.970553,38.222658],[32.970657,38.222612],[32.972624,38.221766],[32.971895,38.221319],[32.97193,38.221279],[32.972108,38.221233],[32.973229,38.220603],[32.973669,38.22035],[32.973841,38.220172],[32.973989,38.219912],[32.974121,38.219659],[32.974361,38.219463],[32.974698,38.219268],[32.975389,38.218874],[32.975441,38.218803],[32.975684,38.218934],[32.976602,38.219306],[32.97695,38.219486],[32.977274,38.219697],[32.977483,38.219892],[32.977925,38.220459],[32.979773,38.219814],[32.980144,38.219709],[32.979454,38.218364],[32.980054,38.218146],[32.98043,38.218026],[32.981482,38.217677],[32.98172,38.218083],[32.982791,38.217749],[32.983291,38.217572],[32.984686,38.217159],[32.984129,38.216029],[32.984078,38.215938],[32.983349,38.214407],[32.983173,38.214008],[32.984448,38.213487],[32.984853,38.213352],[32.986095,38.212935],[32.987238,38.212567],[32.987438,38.212815],[32.987628,38.212744],[32.988808,38.212368],[32.989394,38.212128],[32.988918,38.211587],[32.988433,38.211076],[32.988119,38.210678],[32.988671,38.210479],[32.989442,38.210179],[32.990103,38.209939],[32.991246,38.209612],[32.993035,38.209094],[32.993392,38.208951],[32.993449,38.208921],[32.99364,38.208955],[32.993805,38.208648],[32.994061,38.208079],[32.994106,38.207717],[32.994106,38.207337],[32.994057,38.20694],[32.993993,38.206504],[32.993794,38.205896],[32.993595,38.205419],[32.993644,38.205404],[32.993328,38.204692],[32.993057,38.203986],[32.993873,38.203497],[32.993896,38.203236],[32.994012,38.202803],[32.994121,38.202314],[32.99423,38.202095],[32.994459,38.201851],[32.992411,38.202228],[32.992284,38.201048],[32.993482,38.200917],[32.993362,38.200063],[32.993287,38.199867],[32.992862,38.199942],[32.992517,38.198177],[32.993047,38.198082],[32.993017,38.197866],[32.992803,38.197187],[32.992322,38.197089],[32.992002,38.196027],[32.992867,38.195799],[32.993381,38.195636],[32.99334,38.195571],[32.993096,38.194936],[32.99287,38.194257],[32.992694,38.193625],[32.992626,38.193343],[32.992145,38.193382],[32.99157,38.193438],[32.99148,38.193195],[32.991251,38.192163],[32.990909,38.190826],[32.989557,38.190938],[32.989324,38.190526],[32.989234,38.19049],[32.988937,38.190499],[32.988291,38.190582],[32.987682,38.190701],[32.987257,38.190819],[32.987223,38.190736],[32.986975,38.190306],[32.986649,38.189672],[32.986559,38.189494],[32.986363,38.188871],[32.986145,38.188518],[32.985894,38.188254],[32.985349,38.187483],[32.985221,38.187169],[32.985094,38.186982],[32.984759,38.186694],[32.984703,38.186575],[32.984004,38.185923],[32.983415,38.185493],[32.98305,38.185122],[32.982877,38.185018],[32.982686,38.184855],[32.977623,38.179324],[32.972553,38.173896],[32.96807,38.169141],[32.963268,38.164012],[32.958809,38.159278],[32.950103,38.153329],[32.941167,38.151112],[32.924707,38.147231],[32.941938,38.15214],[32.945239,38.153447],[32.94623,38.154185],[32.952134,38.164246],[32.951199,38.166385],[32.944903,38.17463],[32.94611,38.180152],[32.948372,38.181324],[32.949662,38.183111],[32.949687,38.183205],[32.954146,38.189155],[32.95415,38.189783],[32.954203,38.190059],[32.954384,38.190391],[32.954499,38.190612],[32.95466,38.190808],[32.95487,38.190974],[32.955072,38.191081],[32.955471,38.191306],[32.955591,38.1914],[32.955644,38.191478],[32.955822,38.191712],[32.955999,38.191768],[32.956147,38.191774],[32.956888,38.191873],[32.957494,38.191989],[32.957502,38.192536],[32.958471,38.192614],[32.958891,38.19266],[32.959171,38.192718],[32.959497,38.192771],[32.959509,38.193141],[32.959496,38.193486],[32.95948,38.194192],[32.959516,38.194953],[32.958931,38.194982],[32.958494,38.195073],[32.958177,38.195125],[32.957039,38.195245],[32.95633,38.195293],[32.955354,38.195316],[32.955415,38.196067],[32.955439,38.197293],[32.955426,38.197466],[32.956127,38.197664],[32.957582,38.198078],[32.958249,38.198263],[32.958669,38.198378],[32.958958,38.19843],[32.960648,38.198716],[32.960796,38.198739],[32.961023,38.198791]]]]}},{"type":"Feature","properties":{"id":"TR-Y-42-004-M-0011","level":"yerlesim","type":"mahalle","parent_id":"TR-D-42-004","province_id":"TR-P-42","district_id":"TR-D-42-004","name":"Koçyaka","source_raw_name":"KOÇYAKA","source":"Kamuya açık veri ve kent rehberi servisleri","source_label":"Kamuya açık veri ve kent rehberi servisleri","source_name":"Konya Büyükşehir Belediyesi Açık Veri Platformu - Mahalleler"},"geometry":{"type":"MultiPolygon","coordinates":[[[[32.94611,38.180152],[32.944903,38.17463],[32.951199,38.166385],[32.952134,38.164246],[32.94623,38.154185],[32.945239,38.153447],[32.941938,38.15214],[32.924707,38.147231],[32.920004,38.15002],[32.914223,38.150307],[32.906567,38.155545],[32.905602,38.155914],[32.904981,38.158538],[32.904338,38.161183],[32.902055,38.1627],[32.904561,38.163764],[32.907718,38.169233],[32.908818,38.171218],[32.90908,38.173616],[32.908991,38.17379],[32.908897,38.174008],[32.908594,38.173951],[32.90813,38.17469],[32.908169,38.174738],[32.908328,38.174821],[32.908317,38.174895],[32.908223,38.17523],[32.908184,38.175543],[32.908366,38.175661],[32.908399,38.175744],[32.908509,38.175809],[32.908592,38.175879],[32.908514,38.176153],[32.908431,38.176523],[32.908359,38.176653],[32.908276,38.176758],[32.908265,38.176888],[32.908226,38.17698],[32.908127,38.177001],[32.907918,38.176949],[32.907791,38.176979],[32.907708,38.177127],[32.907537,38.17751],[32.907581,38.177558],[32.906584,38.181317],[32.90649,38.181548],[32.906279,38.182035],[32.906091,38.182674],[32.905864,38.183371],[32.905831,38.183501],[32.905786,38.183823],[32.905593,38.184188],[32.906111,38.184263],[32.907991,38.184726],[32.907913,38.185074],[32.907824,38.185426],[32.907747,38.185648],[32.907741,38.185696],[32.907636,38.186061],[32.907536,38.186418],[32.907454,38.186588],[32.907415,38.18674],[32.907271,38.187158],[32.907188,38.187166],[32.907133,38.187532],[32.907138,38.18775],[32.907728,38.187824],[32.907711,38.187937],[32.9076,38.188316],[32.907511,38.18889],[32.907489,38.188933],[32.907472,38.189464],[32.907444,38.190013],[32.907366,38.190574],[32.90591,38.19046],[32.902729,38.190227],[32.902023,38.190152],[32.902008,38.193159],[32.901826,38.193168],[32.901115,38.193102],[32.900883,38.193054],[32.900056,38.192931],[32.899781,38.192918],[32.899515,38.193757],[32.899432,38.194079],[32.899299,38.19434],[32.89926,38.194388],[32.898593,38.194148],[32.898401,38.194074],[32.897778,38.193982],[32.897303,38.193908],[32.896736,38.193859],[32.895763,38.195608],[32.896264,38.196205],[32.896219,38.196257],[32.895899,38.196457],[32.89532,38.196944],[32.895159,38.197044],[32.894377,38.196521],[32.893709,38.19714],[32.893516,38.197295],[32.893394,38.197325],[32.893069,38.197464],[32.892826,38.197694],[32.892356,38.19812],[32.892047,38.198316],[32.892157,38.198455],[32.892262,38.198521],[32.892383,38.198512],[32.892439,38.198547],[32.892477,38.198577],[32.892433,38.19873],[32.892521,38.198852],[32.892686,38.198978],[32.892813,38.198974],[32.893431,38.198448],[32.894258,38.199006],[32.89439,38.199154],[32.894561,38.199236],[32.886207,38.202218],[32.886606,38.204094],[32.883232,38.20685],[32.878896,38.207529],[32.875969,38.209793],[32.87719,38.21523],[32.864617,38.216435],[32.855506,38.212013],[32.854672,38.216544],[32.854286,38.218725],[32.853502,38.22298],[32.85329,38.224058],[32.85319,38.224593],[32.852363,38.228638],[32.851791,38.231485],[32.852069,38.23421],[32.852365,38.236815],[32.852583,38.238617],[32.852746,38.240444],[32.852679,38.243208],[32.85263,38.245934],[32.852586,38.249393],[32.850325,38.252446],[32.847934,38.255605],[32.847261,38.256508],[32.847217,38.256561],[32.847094,38.256707],[32.846768,38.256638],[32.846501,38.257488],[32.845648,38.258629],[32.843847,38.26111],[32.846349,38.26011],[32.847446,38.259998],[32.848858,38.259862],[32.8499,38.259729],[32.850154,38.260389],[32.850322,38.260618],[32.850536,38.260936],[32.850678,38.261045],[32.850965,38.26078],[32.851178,38.261283],[32.851554,38.262],[32.851727,38.262238],[32.851763,38.262258],[32.851195,38.262869],[32.85075,38.263436],[32.851377,38.263714],[32.851561,38.263843],[32.851606,38.263919],[32.851672,38.264064],[32.851733,38.26431],[32.85283,38.264255],[32.853305,38.264195],[32.853933,38.264087],[32.854541,38.264036],[32.855444,38.26392],[32.855397,38.264439],[32.855222,38.265457],[32.855032,38.265976],[32.854898,38.266418],[32.85548,38.266612],[32.856046,38.266786],[32.856367,38.266967],[32.856678,38.267117],[32.856766,38.26661],[32.856838,38.266135],[32.856931,38.26589],[32.857023,38.265636],[32.857111,38.265117],[32.85724,38.264494],[32.857414,38.263951],[32.857644,38.263975],[32.85823,38.264048],[32.858761,38.264134],[32.859491,38.264239],[32.860353,38.264349],[32.860736,38.264422],[32.860787,38.264446],[32.860961,38.264116],[32.861766,38.264584],[32.862847,38.265245],[32.863557,38.26467],[32.864238,38.263955],[32.864671,38.264257],[32.864824,38.26431],[32.864931,38.264302],[32.865355,38.264101],[32.865457,38.264025],[32.865539,38.263973],[32.865631,38.263965],[32.865692,38.263993],[32.865835,38.264069],[32.866161,38.264239],[32.866651,38.264477],[32.867278,38.264832],[32.867594,38.265005],[32.867798,38.265122],[32.868792,38.265698],[32.869144,38.265848],[32.868213,38.267166],[32.86789,38.267556],[32.867507,38.267962],[32.86719,38.26836],[32.866693,38.269012],[32.866381,38.26941],[32.866197,38.269663],[32.865875,38.270001],[32.865399,38.270479],[32.865614,38.270564],[32.86593,38.270709],[32.866185,38.270906],[32.866511,38.271039],[32.868158,38.272116],[32.869249,38.272362],[32.870678,38.272505],[32.870862,38.272497],[32.871077,38.272401],[32.871215,38.272256],[32.871389,38.272119],[32.871679,38.272192],[32.871884,38.272236],[32.872274,38.272433],[32.872552,38.272603],[32.872638,38.272625],[32.87271,38.272608],[32.873172,38.274068],[32.873236,38.274102],[32.873861,38.276119],[32.874469,38.276238],[32.874911,38.276301],[32.875111,38.276396],[32.875926,38.276375],[32.87602,38.276218],[32.876148,38.275846],[32.876206,38.275767],[32.876384,38.275767],[32.876542,38.27579],[32.876956,38.275925],[32.87802,38.276281],[32.878484,38.276378],[32.878549,38.276445],[32.878598,38.276704],[32.878614,38.276908],[32.87865,38.277658],[32.87958,38.277726],[32.879774,38.277715],[32.879865,38.277202],[32.879896,38.276939],[32.879896,38.276884],[32.879902,38.276606],[32.879875,38.276434],[32.879817,38.276232],[32.879663,38.275983],[32.879545,38.275802],[32.87946,38.275621],[32.879125,38.274723],[32.879104,38.274648],[32.878826,38.274508],[32.8788,38.274432],[32.878452,38.273332],[32.879309,38.273229],[32.879316,38.272218],[32.879376,38.271692],[32.879361,38.271245],[32.879318,38.270841],[32.879367,38.270774],[32.879719,38.270698],[32.879794,38.270648],[32.879784,38.270509],[32.879811,38.270265],[32.880184,38.270446],[32.880259,38.270488],[32.880382,38.270505],[32.880462,38.27056],[32.881054,38.270805],[32.881188,38.270792],[32.881322,38.270746],[32.881445,38.270725],[32.881541,38.27073],[32.881621,38.270629],[32.881701,38.270692],[32.88207,38.27073],[32.882272,38.270751],[32.882673,38.270844],[32.882519,38.270512],[32.882423,38.27025],[32.882151,38.269842],[32.88221,38.269825],[32.883701,38.269532],[32.883877,38.26941],[32.883787,38.269203],[32.883782,38.268875],[32.883777,38.26874],[32.884088,38.267818],[32.884297,38.267427],[32.884404,38.267229],[32.884532,38.267145],[32.885009,38.26651],[32.885138,38.266084],[32.885271,38.265933],[32.885496,38.265807],[32.885608,38.26563],[32.885822,38.265462],[32.88594,38.26523],[32.885983,38.265041],[32.886047,38.264872],[32.886261,38.264734],[32.886384,38.264591],[32.886427,38.264405],[32.886641,38.264094],[32.886631,38.263976],[32.886674,38.263875],[32.887241,38.26345],[32.887417,38.263265],[32.88761,38.263067],[32.887733,38.262878],[32.887824,38.262689],[32.888161,38.262487],[32.888508,38.262171],[32.888905,38.261591],[32.889033,38.261464],[32.889257,38.2613],[32.889445,38.26101],[32.8896,38.260703],[32.889895,38.260265],[32.889905,38.260143],[32.889975,38.259983],[32.890066,38.259937],[32.890242,38.259886],[32.890349,38.259773],[32.890424,38.259579],[32.890885,38.258914],[32.891173,38.258653],[32.891302,38.25851],[32.891532,38.258346],[32.891975,38.258098],[32.892152,38.257976],[32.892173,38.257905],[32.892451,38.257745],[32.892826,38.257194],[32.893249,38.256643],[32.899163,38.254749],[32.901717,38.254031],[32.908573,38.25447],[32.910201,38.25541],[32.911713,38.254249],[32.912841,38.253703],[32.913044,38.253787],[32.913385,38.253926],[32.913839,38.254032],[32.914047,38.254057],[32.914373,38.254108],[32.91449,38.254159],[32.914592,38.254243],[32.914602,38.254428],[32.914597,38.254571],[32.914532,38.254744],[32.914516,38.254832],[32.91457,38.254891],[32.914628,38.254875],[32.914693,38.254786],[32.914746,38.254592],[32.914762,38.254491],[32.914843,38.254315],[32.915078,38.254024],[32.915313,38.253839],[32.915767,38.253574],[32.915981,38.25376],[32.916375,38.254253],[32.916503,38.254451],[32.916663,38.254821],[32.91678,38.254981],[32.917138,38.255196],[32.917304,38.255218],[32.917651,38.254953],[32.918244,38.254414],[32.918415,38.254545],[32.919056,38.254772],[32.919248,38.254276],[32.922006,38.252341],[32.922802,38.251916],[32.923085,38.251689],[32.92308,38.2516],[32.923278,38.25136],[32.92346,38.251221],[32.923775,38.251036],[32.924341,38.25075],[32.924446,38.250666],[32.925054,38.251082],[32.925686,38.251513],[32.926091,38.251951],[32.927223,38.25303],[32.927853,38.252959],[32.927949,38.252963],[32.928034,38.253018],[32.928024,38.252744],[32.92796,38.252479],[32.927928,38.252188],[32.927945,38.251885],[32.928015,38.251494],[32.928057,38.251393],[32.928063,38.251254],[32.928063,38.250656],[32.928453,38.250686],[32.929361,38.250812],[32.930285,38.250927],[32.93061,38.251007],[32.930701,38.250843],[32.930803,38.250518],[32.930851,38.25027],[32.930932,38.250089],[32.930462,38.25003],[32.93036,38.249996],[32.930334,38.249937],[32.930355,38.249739],[32.930511,38.248804],[32.930565,38.248282],[32.930602,38.248055],[32.930785,38.247082],[32.931159,38.247108],[32.931703,38.247175],[32.932141,38.24726],[32.932259,38.247159],[32.932371,38.247024],[32.932446,38.246856],[32.932879,38.245601],[32.933099,38.244725],[32.933115,38.244678],[32.933525,38.244772],[32.933877,38.244829],[32.935816,38.245259],[32.935833,38.245224],[32.936202,38.244209],[32.93625,38.243927],[32.936309,38.243599],[32.936464,38.243144],[32.93774,38.243347],[32.938776,38.243579],[32.93979,38.243811],[32.939791,38.243563],[32.93985,38.24315],[32.940016,38.24238],[32.941436,38.242633],[32.941927,38.242738],[32.943918,38.24319],[32.94458,38.243338],[32.94473,38.242904],[32.944794,38.242668],[32.944912,38.242239],[32.945617,38.242306],[32.94653,38.242412],[32.946706,38.242425],[32.947299,38.242547],[32.947672,38.242657],[32.950252,38.240993],[32.950957,38.240595],[32.95106,38.240551],[32.953099,38.239336],[32.954205,38.238687],[32.954323,38.238644],[32.953339,38.23856],[32.953261,38.238532],[32.953272,38.238409],[32.953347,38.238195],[32.953779,38.237456],[32.954152,38.236711],[32.954415,38.236071],[32.954576,38.235728],[32.954835,38.234992],[32.955134,38.234024],[32.955153,38.233771],[32.955165,38.233381],[32.955225,38.232914],[32.955252,38.232444],[32.955225,38.231986],[32.957029,38.231891],[32.956966,38.231235],[32.956935,38.23083],[32.956904,38.230642],[32.956838,38.230069],[32.958222,38.22977],[32.958183,38.229928],[32.958194,38.230339],[32.958221,38.230868],[32.958221,38.231434],[32.958256,38.231505],[32.958782,38.231508],[32.959809,38.231561],[32.960499,38.231571],[32.961193,38.231642],[32.961397,38.230949],[32.961601,38.230337],[32.961703,38.229926],[32.961703,38.229712],[32.962813,38.229775],[32.963479,38.229769],[32.963652,38.229756],[32.963997,38.229651],[32.963989,38.2295],[32.963868,38.229057],[32.963668,38.228195],[32.964805,38.227975],[32.964943,38.22792],[32.965041,38.227907],[32.964994,38.227771],[32.964974,38.227595],[32.965017,38.227335],[32.965112,38.227004],[32.965218,38.226742],[32.965222,38.226599],[32.965179,38.226197],[32.96492,38.225569],[32.964505,38.224505],[32.964422,38.224521],[32.963278,38.224734],[32.962596,38.224891],[32.961725,38.225055],[32.960984,38.225191],[32.961137,38.225791],[32.95998,38.225964],[32.9598,38.225252],[32.959487,38.224114],[32.959256,38.223406],[32.959915,38.22327],[32.960197,38.223252],[32.960542,38.223202],[32.960876,38.223119],[32.961507,38.222983],[32.96195,38.222915],[32.963679,38.2226],[32.963671,38.222393],[32.963714,38.222142],[32.963848,38.221864],[32.964036,38.221509],[32.964188,38.221181],[32.963307,38.221344],[32.962413,38.221554],[32.962143,38.221564],[32.962057,38.221505],[32.961943,38.221118],[32.9619,38.221056],[32.961096,38.221245],[32.96041,38.221356],[32.960328,38.221108],[32.960046,38.21968],[32.958859,38.219837],[32.957922,38.22001],[32.957863,38.219781],[32.957519,38.218844],[32.956853,38.21714],[32.956223,38.215766],[32.955534,38.214473],[32.955597,38.214399],[32.956063,38.214121],[32.956287,38.214022],[32.956957,38.213735],[32.956221,38.212349],[32.956204,38.212327],[32.95523,38.212787],[32.953621,38.21369],[32.952911,38.214049],[32.952888,38.214011],[32.952607,38.213241],[32.952403,38.212533],[32.952059,38.211389],[32.952008,38.211104],[32.952635,38.210968],[32.953024,38.210913],[32.95347,38.210826],[32.953878,38.210768],[32.954337,38.210672],[32.953848,38.208674],[32.953719,38.208127],[32.953688,38.207941],[32.953962,38.207895],[32.954131,38.207839],[32.953927,38.20748],[32.953697,38.20616],[32.953345,38.20423],[32.953371,38.204182],[32.955525,38.205625],[32.95642,38.206261],[32.957314,38.206809],[32.957349,38.206789],[32.957671,38.206622],[32.958341,38.206335],[32.958572,38.206227],[32.959035,38.206097],[32.959341,38.205986],[32.959505,38.205896],[32.95967,38.205819],[32.959842,38.205769],[32.961069,38.205457],[32.961681,38.205324],[32.961348,38.20453],[32.961638,38.20448],[32.96196,38.204412],[32.962559,38.204289],[32.963073,38.204147],[32.962944,38.203692],[32.962901,38.203346],[32.962823,38.20299],[32.962725,38.202653],[32.962603,38.202248],[32.962537,38.20192],[32.962447,38.2014],[32.962373,38.201178],[32.962228,38.200751],[32.962154,38.200463],[32.962044,38.200169],[32.961974,38.199656],[32.961919,38.19926],[32.961896,38.198915],[32.961023,38.198791],[32.960796,38.198739],[32.960648,38.198716],[32.958958,38.19843],[32.958669,38.198378],[32.958249,38.198263],[32.957582,38.198078],[32.956127,38.197664],[32.955426,38.197466],[32.955439,38.197293],[32.955415,38.196067],[32.955354,38.195316],[32.95633,38.195293],[32.957039,38.195245],[32.958177,38.195125],[32.958494,38.195073],[32.958931,38.194982],[32.959516,38.194953],[32.95948,38.194192],[32.959496,38.193486],[32.959509,38.193141],[32.959497,38.192771],[32.959171,38.192718],[32.958891,38.19266],[32.958471,38.192614],[32.957502,38.192536],[32.957494,38.191989],[32.956888,38.191873],[32.956147,38.191774],[32.955999,38.191768],[32.955822,38.191712],[32.955644,38.191478],[32.955591,38.1914],[32.955471,38.191306],[32.955072,38.191081],[32.95487,38.190974],[32.95466,38.190808],[32.954499,38.190612],[32.954384,38.190391],[32.954203,38.190059],[32.95415,38.189783],[32.954146,38.189155],[32.949687,38.183205],[32.949662,38.183111],[32.948372,38.181324],[32.94611,38.180152]]]]}},{"type":"Feature","properties":{"id":"TR-Y-42-004-M-0012","level":"yerlesim","type":"mahalle","parent_id":"TR-D-42-004","province_id":"TR-P-42","district_id":"TR-D-42-004","name":"Mantar","source_raw_name":"MANTAR","source":"Kamuya açık veri ve kent rehberi servisleri","source_label":"Kamuya açık veri ve kent rehberi servisleri","source_name":"Konya Büyükşehir Belediyesi Açık Veri Platformu - Mahalleler"},"geometry":{"type":"MultiPolygon","coordinates":[[[[32.989052,38.345549],[32.988955,38.346142],[32.988862,38.346882],[32.988842,38.34696],[32.987651,38.34737],[32.98717,38.347558],[32.987127,38.347595],[32.988143,38.347855],[32.988928,38.348037],[32.988903,38.34809],[32.988813,38.348375],[32.988561,38.349272],[32.988375,38.349816],[32.988247,38.35047],[32.988043,38.351134],[32.987908,38.351114],[32.986016,38.350802],[32.985275,38.350711],[32.985192,38.350661],[32.985198,38.350515],[32.985473,38.349896],[32.985448,38.349846],[32.985205,38.34975],[32.984968,38.349715],[32.98422,38.351944],[32.98374,38.353339],[32.984137,38.353385],[32.984301,38.353425],[32.984773,38.353567],[32.984913,38.353629],[32.985381,38.353784],[32.985517,38.353835],[32.985682,38.353884],[32.986365,38.354069],[32.986599,38.354151],[32.986725,38.354233],[32.988263,38.354674],[32.988729,38.354837],[32.989111,38.354949],[32.989142,38.354878],[32.989179,38.354763],[32.989754,38.352919],[32.989935,38.352069],[32.99013,38.35156],[32.990708,38.351705],[32.991359,38.351821],[32.991438,38.351821],[32.991359,38.352396],[32.991575,38.352445],[32.992021,38.352532],[32.992121,38.352553],[32.992168,38.352615],[32.992111,38.352934],[32.991916,38.353562],[32.992583,38.353703],[32.993161,38.353807],[32.99397,38.35391],[32.994102,38.353923],[32.994075,38.35434],[32.994254,38.354374],[32.995568,38.354643],[32.996755,38.354974],[32.996839,38.354452],[32.998226,38.354667],[32.998694,38.354763],[32.999009,38.354796],[32.999167,38.353836],[32.999593,38.352624],[32.99965,38.352369],[32.999778,38.352415],[33.001802,38.353148],[33.002828,38.353505],[33.003435,38.353697],[33.003832,38.353949],[33.003997,38.354061],[33.00458,38.354405],[33.004967,38.354665],[33.00544,38.354833],[33.006482,38.355211],[33.007385,38.355541],[33.008502,38.356173],[33.008565,38.3562],[33.008846,38.35486],[33.009506,38.354969],[33.010443,38.355067],[33.012257,38.355265],[33.012778,38.355342],[33.012994,38.355375],[33.013648,38.35544],[33.013855,38.355504],[33.013937,38.355581],[33.014086,38.35563],[33.014262,38.3555],[33.014674,38.355005],[33.014778,38.354937],[33.014973,38.354811],[33.016498,38.355131],[33.018476,38.355512],[33.018523,38.355471],[33.018816,38.355167],[33.018945,38.35498],[33.019383,38.354315],[33.019414,38.354258],[33.020048,38.354412],[33.020511,38.354522],[33.020311,38.354862],[33.020259,38.354964],[33.020228,38.355021],[33.019914,38.355857],[33.020579,38.356039],[33.021001,38.356084],[33.021149,38.356108],[33.021197,38.35614],[33.021744,38.356501],[33.022398,38.35696],[33.022547,38.356732],[33.022707,38.356392],[33.022939,38.355738],[33.023083,38.355296],[33.023253,38.354817],[33.023423,38.354338],[33.02349,38.353961],[33.023644,38.353154],[33.02579,38.353409],[33.027625,38.353603],[33.027692,38.353607],[33.026839,38.35508],[33.02531,38.357547],[33.025392,38.35758],[33.025696,38.357422],[33.026531,38.356817],[33.02749,38.356038],[33.027576,38.35604],[33.027555,38.356125],[33.027559,38.356298],[33.027607,38.356768],[33.027649,38.357139],[33.027659,38.357673],[33.027629,38.358427],[33.027562,38.358918],[33.027551,38.359282],[33.027588,38.359458],[33.02818,38.359466],[33.028778,38.359405],[33.029896,38.359246],[33.03069,38.35912],[33.030927,38.359096],[33.031236,38.35908],[33.031251,38.358905],[33.031298,38.358844],[33.033343,38.358994],[33.033451,38.357525],[33.033461,38.357347],[33.033415,38.357338],[33.03341,38.357164],[33.033477,38.356856],[33.033631,38.356527],[33.033801,38.356304],[33.034203,38.355857],[33.034354,38.355699],[33.034398,38.355609],[33.034498,38.355612],[33.036284,38.355662],[33.037335,38.355682],[33.038436,38.3557],[33.039494,38.355718],[33.039535,38.354817],[33.0396,38.353933],[33.039663,38.353178],[33.039658,38.35308],[33.039688,38.352553],[33.040348,38.35196],[33.039574,38.34968],[33.041005,38.349108],[33.042509,38.349601],[33.045927,38.350688],[33.045923,38.350532],[33.04591,38.348976],[33.045802,38.348554],[33.045807,38.348059],[33.045766,38.348063],[33.042019,38.346831],[33.042287,38.346178],[33.042668,38.345955],[33.042827,38.345841],[33.042936,38.34567],[33.043002,38.345443],[33.043336,38.343402],[33.043377,38.343224],[33.043439,38.343134],[33.043702,38.342923],[33.043995,38.342623],[33.044211,38.342339],[33.044448,38.342095],[33.045004,38.341718],[33.045632,38.341202],[33.046276,38.340557],[33.046446,38.340415],[33.047033,38.339883],[33.047012,38.339864],[33.046987,38.33984],[33.046729,38.339601],[33.045172,38.338155],[33.043518,38.336655],[33.043451,38.336594],[33.042053,38.334963],[33.041868,38.334732],[33.041698,38.334639],[33.041715,38.333812],[33.041718,38.333645],[33.041527,38.333621],[33.041799,38.331904],[33.041829,38.331714],[33.041851,38.331568],[33.040271,38.331283],[33.040933,38.329876],[33.040953,38.329779],[33.041612,38.32764],[33.041348,38.327539],[33.040097,38.327182],[33.040264,38.322467],[33.039214,38.322642],[33.037357,38.322953],[33.036103,38.323134],[33.036098,38.323077],[33.036113,38.322968],[33.036215,38.320846],[33.036246,38.32044],[33.036269,38.319417],[33.036326,38.319369],[33.036359,38.319324],[33.036482,38.317762],[33.038624,38.31811],[33.038676,38.318078],[33.038819,38.31682],[33.036563,38.316391],[33.035549,38.316281],[33.034133,38.316099],[33.034281,38.315332],[33.034323,38.315158],[33.034672,38.313425],[33.036196,38.313705],[33.036907,38.313826],[33.036969,38.313838],[33.03751,38.313883],[33.037679,38.313485],[33.037829,38.313059],[33.03824,38.312187],[33.038245,38.312106],[33.038549,38.311647],[33.038734,38.311403],[33.038883,38.311132],[33.039079,38.310847],[33.03912,38.310746],[33.039104,38.310628],[33.039073,38.310511],[33.038692,38.309886],[33.038393,38.309318],[33.038218,38.309071],[33.037929,38.308555],[33.037808,38.308263],[33.037367,38.307424],[33.03711,38.306904],[33.037068,38.306827],[33.036414,38.305553],[33.035672,38.304008],[33.034795,38.302217],[33.034101,38.300804],[33.032819,38.299904],[33.032219,38.299406],[33.032202,38.299348],[33.032292,38.298911],[33.032325,38.298263],[33.032308,38.298016],[33.032117,38.297292],[33.032073,38.296983],[33.032022,38.296639],[33.03196,38.296317],[33.03196,38.295977],[33.031988,38.295686],[33.032165,38.295121],[33.032558,38.29381],[33.032637,38.293448],[33.032748,38.293144],[33.032732,38.292866],[33.032642,38.292433],[33.032462,38.291939],[33.032154,38.29144],[33.03188,38.291021],[33.031543,38.29028],[33.031207,38.289199],[33.03114,38.288894],[33.030848,38.287985],[33.030697,38.287629],[33.030663,38.287549],[33.030439,38.286834],[33.030377,38.286498],[33.03031,38.286198],[33.030287,38.285911],[33.030164,38.285506],[33.029979,38.285219],[33.029839,38.285104],[33.029817,38.285011],[33.028674,38.283476],[33.028472,38.282968],[33.028349,38.282655],[33.028225,38.281843],[33.02509,38.281363],[33.024664,38.28131],[33.02443,38.281999],[33.024346,38.282294],[33.024262,38.282665],[33.022868,38.282591],[33.022773,38.282586],[33.022302,38.282056],[33.02116,38.280737],[33.023874,38.278954],[33.024238,38.278689],[33.024753,38.278322],[33.024675,38.278124],[33.024451,38.277594],[33.024249,38.276774],[33.023812,38.275362],[33.023565,38.274104],[33.022384,38.27395],[33.022288,38.273945],[33.021141,38.273853],[33.017211,38.273386],[33.017205,38.273319],[33.017373,38.272463],[33.017541,38.271788],[33.017614,38.271422],[33.017781,38.271038],[33.018218,38.271095],[33.018369,38.27046],[33.018526,38.270045],[33.01852,38.269996],[33.018083,38.269983],[33.017619,38.269926],[33.017417,38.26993],[33.017126,38.269895],[33.016359,38.269829],[33.015458,38.269706],[33.015296,38.269692],[33.014893,38.269551],[33.014904,38.269481],[33.014993,38.268241],[33.013891,38.268307],[33.011579,38.267928],[33.011545,38.268541],[33.011545,38.269123],[33.01154,38.270747],[33.009681,38.270646],[33.008254,38.270562],[33.006815,38.270523],[33.006743,38.270514],[33.006743,38.270121],[33.006754,38.269905],[33.006804,38.269653],[33.007,38.268969],[33.007017,38.268775],[33.006966,38.268493],[33.00644,38.267562],[33.006525,38.267585],[33.006574,38.267601],[33.008976,38.267844],[33.00925,38.265986],[33.009323,38.265558],[33.009429,38.264503],[33.009536,38.263752],[33.009546,38.263678],[33.009216,38.260532],[33.009171,38.260545],[33.009171,38.259923],[33.009355,38.258502],[33.010682,38.258444],[33.011482,38.258382],[33.011795,38.258343],[33.010693,38.257513],[33.009501,38.256701],[33.008191,38.255682],[33.00753,38.254989],[33.00661,38.254326],[33.006514,38.25425],[33.006204,38.253976],[33.005376,38.253422],[33.004689,38.252904],[33.00412,38.252286],[33.003388,38.251523],[33.003041,38.251295],[33.002657,38.250901],[33.002257,38.250538],[33.002132,38.250328],[33.001526,38.249792],[33.001274,38.249635],[33.000572,38.248999],[33.000247,38.248574],[32.999956,38.248097],[32.999909,38.248138],[32.99973,38.248277],[32.999488,38.248455],[32.99889,38.248847],[32.998663,38.249038],[32.997577,38.249824],[32.996648,38.250405],[32.996159,38.250733],[32.994759,38.251613],[32.994283,38.251233],[32.993287,38.250429],[32.993239,38.250362],[32.992986,38.250181],[32.992545,38.249976],[32.992352,38.249915],[32.992051,38.249743],[32.991345,38.24942],[32.990989,38.249872],[32.990614,38.250328],[32.990222,38.250162],[32.989963,38.250019],[32.989903,38.250033],[32.989589,38.250409],[32.989269,38.250766],[32.989299,38.250571],[32.989191,38.250328],[32.989058,38.25009],[32.989028,38.249881],[32.989112,38.249729],[32.989058,38.249672],[32.988563,38.250029],[32.988237,38.250314],[32.987115,38.251365],[32.98703,38.25138],[32.986964,38.251337],[32.986687,38.251142],[32.986554,38.251075],[32.986144,38.250775],[32.985884,38.250613],[32.985782,38.250528],[32.985673,38.250509],[32.985563,38.25045],[32.984937,38.250057],[32.984786,38.249976],[32.984213,38.249581],[32.984081,38.249443],[32.983628,38.249176],[32.983351,38.249048],[32.982922,38.248795],[32.982826,38.248681],[32.982971,38.248491],[32.983387,38.248129],[32.982575,38.247597],[32.981933,38.247178],[32.981873,38.247192],[32.981607,38.247544],[32.981559,38.247511],[32.981432,38.247796],[32.981493,38.24792],[32.981577,38.24812],[32.980417,38.249644],[32.980126,38.250022],[32.979813,38.250413],[32.979558,38.250756],[32.97954,38.250787],[32.978837,38.251694],[32.978452,38.25211],[32.978273,38.251994],[32.978054,38.251839],[32.977758,38.25168],[32.976603,38.252664],[32.975883,38.253204],[32.975704,38.253373],[32.974433,38.254421],[32.973845,38.254999],[32.973098,38.255779],[32.970436,38.254818],[32.969253,38.256667],[32.969239,38.256727],[32.96769,38.256186],[32.965422,38.255847],[32.965054,38.25811],[32.963609,38.258001],[32.963388,38.257286],[32.962108,38.257504],[32.961901,38.257351],[32.962971,38.260264],[32.966104,38.260019],[32.968836,38.25972],[32.968892,38.259867],[32.969562,38.261918],[32.969575,38.261973],[32.970668,38.263947],[32.969422,38.264296],[32.967375,38.264791],[32.967762,38.265757],[32.969352,38.267818],[32.970113,38.267502],[32.970921,38.26928],[32.971557,38.270715],[32.971163,38.270813],[32.970685,38.270932],[32.971017,38.2718],[32.971349,38.272492],[32.968567,38.273044],[32.967779,38.273178],[32.967634,38.273909],[32.965655,38.273718],[32.965184,38.274987],[32.964966,38.275066],[32.964795,38.275128],[32.964447,38.275825],[32.964319,38.276168],[32.96393,38.277054],[32.963736,38.277534],[32.964952,38.277586],[32.964906,38.278066],[32.966436,38.278211],[32.967282,38.280653],[32.966152,38.280815],[32.966142,38.281032],[32.966229,38.28121],[32.966315,38.281443],[32.966479,38.281838],[32.966612,38.282197],[32.966796,38.2826],[32.966877,38.282793],[32.966923,38.282979],[32.967051,38.28339],[32.968779,38.283056],[32.969443,38.284519],[32.970041,38.285849],[32.970398,38.286675],[32.971308,38.287941],[32.971273,38.288459],[32.971946,38.289964],[32.972968,38.292019],[32.973392,38.292866],[32.973438,38.292825],[32.973638,38.292817],[32.973817,38.292801],[32.97399,38.292789],[32.974696,38.292822],[32.974732,38.293128],[32.974752,38.293857],[32.97469,38.29443],[32.974002,38.294417],[32.974089,38.294448],[32.974356,38.295455],[32.974657,38.296335],[32.975001,38.297446],[32.975549,38.297425],[32.976108,38.297416],[32.976212,38.297943],[32.976251,38.298112],[32.976426,38.298898],[32.976683,38.299977],[32.976749,38.300474],[32.976803,38.30126],[32.977209,38.301286],[32.977976,38.301403],[32.978255,38.301407],[32.978135,38.301748],[32.977647,38.302763],[32.977542,38.303048],[32.978869,38.303346],[32.979532,38.30345],[32.97968,38.303981],[32.979866,38.304582],[32.980014,38.304849],[32.980408,38.305394],[32.980934,38.306149],[32.981663,38.30719],[32.981854,38.307083],[32.982107,38.307005],[32.982616,38.306884],[32.982775,38.306854],[32.984058,38.306586],[32.984869,38.306379],[32.985285,38.307472],[32.985707,38.308538],[32.985987,38.309173],[32.986019,38.309268],[32.985926,38.309342],[32.985778,38.309385],[32.986463,38.310197],[32.986419,38.310236],[32.987773,38.311531],[32.986797,38.31179],[32.984956,38.312265],[32.984999,38.312313],[32.985306,38.312399],[32.988951,38.313389],[32.989209,38.313453],[32.989971,38.313661],[32.990053,38.313734],[32.98991,38.315025],[32.99088,38.315228],[32.990853,38.315293],[32.989789,38.318407],[32.990458,38.31848],[32.990529,38.318515],[32.990156,38.319987],[32.989613,38.322173],[32.989509,38.322177],[32.988643,38.322086],[32.987283,38.321961],[32.987102,38.321948],[32.986856,38.321939],[32.98525,38.321719],[32.985436,38.322043],[32.985513,38.322302],[32.985469,38.322457],[32.985167,38.323528],[32.985029,38.324139],[32.985025,38.324254],[32.985078,38.324403],[32.985125,38.324471],[32.985211,38.324544],[32.985437,38.324667],[32.985466,38.324785],[32.98547,38.324981],[32.985519,38.325467],[32.985539,38.325979],[32.985569,38.326245],[32.985569,38.326433],[32.985625,38.32705],[32.985648,38.327345],[32.985688,38.328542],[32.985698,38.329088],[32.985731,38.329297],[32.985747,38.329592],[32.985747,38.32989],[32.985741,38.330065],[32.985701,38.330376],[32.985701,38.330582],[32.985664,38.330856],[32.985651,38.331091],[32.985505,38.332249],[32.985189,38.334093],[32.985202,38.334145],[32.985252,38.334255],[32.985322,38.334276],[32.986678,38.334341],[32.988469,38.334457],[32.988473,38.334501],[32.988406,38.336567],[32.988346,38.338164],[32.987845,38.338122],[32.987527,38.339021],[32.987377,38.339483],[32.986903,38.340949],[32.986727,38.341508],[32.986332,38.342607],[32.986216,38.342957],[32.98609,38.343543],[32.983987,38.343122],[32.983625,38.344593],[32.983854,38.344632],[32.985379,38.344909],[32.987373,38.345254],[32.989052,38.345549]]]]}},{"type":"Feature","properties":{"id":"TR-Y-42-004-M-0013","level":"yerlesim","type":"mahalle","parent_id":"TR-D-42-004","province_id":"TR-P-42","district_id":"TR-D-42-004","name":"Oğuzeli","source_raw_name":"OĞUZELİ","source":"Kamuya açık veri ve kent rehberi servisleri","source_label":"Kamuya açık veri ve kent rehberi servisleri","source_name":"Konya Büyükşehir Belediyesi Açık Veri Platformu - Mahalleler"},"geometry":{"type":"MultiPolygon","coordinates":[[[[33.133016,38.268065],[33.124325,38.269931],[33.123898,38.270237],[33.123903,38.270239],[33.124003,38.270278],[33.124768,38.271399],[33.124462,38.274059],[33.124161,38.276342],[33.124096,38.276875],[33.125858,38.277174],[33.126872,38.277366],[33.127483,38.277481],[33.129163,38.277776],[33.130913,38.278049],[33.130919,38.278118],[33.130964,38.278703],[33.130992,38.279171],[33.1311,38.281702],[33.131111,38.281771],[33.13207,38.281735],[33.132954,38.281803],[33.132803,38.282753],[33.133659,38.282834],[33.136691,38.283093],[33.13686,38.283019],[33.136684,38.285271],[33.136608,38.285585],[33.136313,38.288229],[33.136163,38.289566],[33.135928,38.292252],[33.133768,38.291721],[33.133642,38.291227],[33.132551,38.290945],[33.132441,38.290919],[33.13097,38.29123],[33.131153,38.29313],[33.129888,38.293221],[33.129894,38.293634],[33.126617,38.293874],[33.126458,38.29344],[33.125837,38.293368],[33.126375,38.295645],[33.121908,38.295456],[33.121243,38.295337],[33.12131,38.296174],[33.121372,38.297391],[33.121377,38.297472],[33.121497,38.297464],[33.121691,38.29892],[33.119689,38.299077],[33.119701,38.299795],[33.119736,38.300629],[33.117805,38.300643],[33.117546,38.302156],[33.117229,38.302097],[33.116318,38.30184],[33.116198,38.30178],[33.116127,38.301762],[33.11598,38.301698],[33.11598,38.301956],[33.115992,38.302979],[33.115938,38.303202],[33.116038,38.304354],[33.115007,38.304321],[33.114844,38.304321],[33.11538,38.305347],[33.113154,38.305122],[33.113056,38.305113],[33.112774,38.306321],[33.112509,38.307392],[33.112313,38.307839],[33.111607,38.309421],[33.111646,38.310139],[33.111249,38.311196],[33.110858,38.312477],[33.110304,38.313827],[33.10974,38.316024],[33.109179,38.31679],[33.109054,38.316841],[33.10834,38.316906],[33.107592,38.317096],[33.107405,38.317139],[33.105875,38.317579],[33.1057,38.317627],[33.102624,38.318106],[33.102575,38.318102],[33.101703,38.318193],[33.099635,38.318414],[33.099406,38.318526],[33.097683,38.318841],[33.097233,38.316697],[33.097233,38.316465],[33.097078,38.315356],[33.097013,38.315391],[33.094935,38.315736],[33.094477,38.315737],[33.094306,38.314568],[33.09417,38.314551],[33.089757,38.314374],[33.087662,38.314293],[33.082409,38.314082],[33.081771,38.314057],[33.080279,38.312004],[33.080072,38.31172],[33.080044,38.311776],[33.079,38.314059],[33.077886,38.313707],[33.076871,38.313386],[33.076844,38.313325],[33.076221,38.312294],[33.076417,38.311551],[33.076204,38.311444],[33.07596,38.312961],[33.074918,38.31263],[33.074678,38.312992],[33.074646,38.313082],[33.076131,38.315045],[33.076055,38.315294],[33.076023,38.315428],[33.075832,38.316081],[33.075338,38.318067],[33.074419,38.317924],[33.073571,38.3178],[33.072716,38.317656],[33.07268,38.317651],[33.071836,38.317521],[33.071201,38.317422],[33.070102,38.318143],[33.069144,38.317251],[33.069182,38.317505],[33.069194,38.318048],[33.06921,38.318432],[33.069273,38.320367],[33.065337,38.319223],[33.060887,38.316954],[33.059133,38.316628],[33.057615,38.316214],[33.057544,38.316145],[33.055628,38.314788],[33.053788,38.313504],[33.052064,38.312311],[33.050734,38.311596],[33.049076,38.310752],[33.04698,38.309649],[33.046843,38.30961],[33.044643,38.308124],[33.043433,38.307297],[33.043329,38.307224],[33.042979,38.306465],[33.041485,38.305418],[33.041457,38.305285],[33.043298,38.300741],[33.043888,38.299344],[33.044074,38.298917],[33.04444,38.298046],[33.043559,38.297878],[33.044198,38.29627],[33.0423,38.29606],[33.042376,38.29543],[33.04242,38.295211],[33.042551,38.294667],[33.0426,38.294253],[33.042616,38.294068],[33.042632,38.294012],[33.042703,38.293279],[33.042757,38.292783],[33.042856,38.292464],[33.04291,38.292344],[33.04302,38.292197],[33.043451,38.291662],[33.043588,38.291404],[33.043681,38.291171],[33.043894,38.290309],[33.044074,38.289451],[33.044095,38.289235],[33.044275,38.288425],[33.044286,38.288205],[33.044466,38.287002],[33.044717,38.286998],[33.045642,38.2872],[33.047288,38.287713],[33.047343,38.287656],[33.04719,38.287389],[33.047009,38.28685],[33.046888,38.286411],[33.049487,38.287694],[33.049437,38.286862],[33.048496,38.286061],[33.049639,38.285454],[33.050935,38.284835],[33.051012,38.284887],[33.051411,38.284765],[33.054128,38.284013],[33.05411,38.283774],[33.053984,38.283311],[33.053883,38.283034],[33.054906,38.283127],[33.056137,38.283244],[33.056084,38.284186],[33.056506,38.284284],[33.057059,38.284382],[33.057559,38.284504],[33.057892,38.284555],[33.057792,38.285226],[33.060259,38.28552],[33.061449,38.28565],[33.061526,38.285655],[33.06155,38.285547],[33.061834,38.28453],[33.062279,38.282983],[33.061423,38.282791],[33.058639,38.282216],[33.0583,38.282179],[33.056314,38.281791],[33.055499,38.281599],[33.055036,38.281454],[33.055059,38.281248],[33.055409,38.279499],[33.055622,38.278267],[33.055864,38.276875],[33.057369,38.277202],[33.057654,38.276508],[33.05798,38.275655],[33.058247,38.27505],[33.058419,38.274717],[33.058556,38.274328],[33.058662,38.273968],[33.058737,38.273391],[33.058679,38.273317],[33.057157,38.272998],[33.058214,38.270584],[33.059385,38.270762],[33.05956,38.270413],[33.060485,38.270473],[33.06154,38.270569],[33.062558,38.270619],[33.06267,38.27061],[33.062464,38.270047],[33.062376,38.269848],[33.062323,38.269636],[33.062341,38.269299],[33.062299,38.269133],[33.062129,38.268685],[33.061924,38.268048],[33.061906,38.267975],[33.061801,38.267665],[33.061742,38.267356],[33.061765,38.266751],[33.061723,38.265487],[33.061587,38.264421],[33.061476,38.264384],[33.061018,38.262584],[33.060583,38.260885],[33.060354,38.260078],[33.060225,38.259865],[33.059955,38.25903],[33.059844,38.258661],[33.059773,38.25867],[33.054131,38.260348],[33.053587,38.260529],[33.053557,38.260446],[33.053288,38.260543],[33.051333,38.261259],[33.051246,38.261448],[33.051246,38.26173],[33.051322,38.26215],[33.050268,38.261947],[33.049501,38.261837],[33.049068,38.261823],[33.049497,38.260504],[33.048993,38.26031],[33.047442,38.259741],[33.047372,38.259718],[33.042036,38.263944],[33.040855,38.263214],[33.040461,38.263001],[33.040066,38.262899],[33.039574,38.262829],[33.038763,38.262776],[33.037918,38.262679],[33.037313,38.262578],[33.036653,38.262508],[33.036227,38.262446],[33.035796,38.262402],[33.03541,38.262402],[33.03489,38.262367],[33.034744,38.262332],[33.034749,38.261078],[33.034715,38.260377],[33.033764,38.260324],[33.033372,38.260329],[33.032818,38.260399],[33.032336,38.260435],[33.031519,38.260528],[33.030965,38.260554],[33.030344,38.260621],[33.030024,38.259394],[33.029767,38.258291],[33.02928,38.2583],[33.02891,38.256641],[33.029161,38.256588],[33.029156,38.256526],[33.028976,38.255696],[33.028808,38.254571],[33.028612,38.253878],[33.027342,38.254033],[33.02728,38.253349],[33.027201,38.252546],[33.027055,38.251857],[33.024716,38.252052],[33.02358,38.252074],[33.023367,38.250278],[33.023266,38.249343],[33.023165,38.248359],[33.021844,38.248518],[33.021915,38.249393],[33.021951,38.249687],[33.021369,38.249696],[33.020608,38.249882],[33.019545,38.250089],[33.01917,38.250098],[33.018767,38.250156],[33.01819,38.250279],[33.017637,38.25035],[33.0176,38.250351],[33.017519,38.250354],[33.0172,38.250054],[33.01701,38.249843],[33.016657,38.249317],[33.016539,38.249212],[33.015818,38.249441],[33.014525,38.249856],[33.014346,38.249905],[33.012455,38.250492],[33.012416,38.252513],[33.012545,38.25411],[33.012321,38.255602],[33.012267,38.255591],[33.011252,38.25539],[33.011023,38.255365],[33.007626,38.254985],[33.00753,38.254989],[33.008191,38.255682],[33.009501,38.256701],[33.010693,38.257513],[33.011795,38.258343],[33.011482,38.258382],[33.010682,38.258444],[33.009355,38.258502],[33.009171,38.259923],[33.009171,38.260545],[33.009216,38.260532],[33.009546,38.263678],[33.009536,38.263752],[33.009429,38.264503],[33.009323,38.265558],[33.00925,38.265986],[33.008976,38.267844],[33.006574,38.267601],[33.006525,38.267585],[33.00644,38.267562],[33.006966,38.268493],[33.007017,38.268775],[33.007,38.268969],[33.006804,38.269653],[33.006754,38.269905],[33.006743,38.270121],[33.006743,38.270514],[33.006815,38.270523],[33.008254,38.270562],[33.009681,38.270646],[33.01154,38.270747],[33.011545,38.269123],[33.011545,38.268541],[33.011579,38.267928],[33.013891,38.268307],[33.014993,38.268241],[33.014904,38.269481],[33.014893,38.269551],[33.015296,38.269692],[33.015458,38.269706],[33.016359,38.269829],[33.017126,38.269895],[33.017417,38.26993],[33.017619,38.269926],[33.018083,38.269983],[33.01852,38.269996],[33.018526,38.270045],[33.018369,38.27046],[33.018218,38.271095],[33.017781,38.271038],[33.017614,38.271422],[33.017541,38.271788],[33.017373,38.272463],[33.017205,38.273319],[33.017211,38.273386],[33.021141,38.273853],[33.022288,38.273945],[33.022384,38.27395],[33.023565,38.274104],[33.023812,38.275362],[33.024249,38.276774],[33.024451,38.277594],[33.024675,38.278124],[33.024753,38.278322],[33.024238,38.278689],[33.023874,38.278954],[33.02116,38.280737],[33.022302,38.282056],[33.022773,38.282586],[33.022868,38.282591],[33.024262,38.282665],[33.024346,38.282294],[33.02443,38.281999],[33.024664,38.28131],[33.02509,38.281363],[33.028225,38.281843],[33.028349,38.282655],[33.028472,38.282968],[33.028674,38.283476],[33.029817,38.285011],[33.029839,38.285104],[33.029979,38.285219],[33.030164,38.285506],[33.030287,38.285911],[33.03031,38.286198],[33.030377,38.286498],[33.030439,38.286834],[33.030663,38.287549],[33.030697,38.287629],[33.030848,38.287985],[33.03114,38.288894],[33.031207,38.289199],[33.031543,38.29028],[33.03188,38.291021],[33.032154,38.29144],[33.032462,38.291939],[33.032642,38.292433],[33.032732,38.292866],[33.032748,38.293144],[33.032637,38.293448],[33.032558,38.29381],[33.032165,38.295121],[33.031988,38.295686],[33.03196,38.295977],[33.03196,38.296317],[33.032022,38.296639],[33.032073,38.296983],[33.032117,38.297292],[33.032308,38.298016],[33.032325,38.298263],[33.032292,38.298911],[33.032202,38.299348],[33.032219,38.299406],[33.032819,38.299904],[33.034101,38.300804],[33.034795,38.302217],[33.035672,38.304008],[33.036414,38.305553],[33.037068,38.306827],[33.03711,38.306904],[33.037367,38.307424],[33.037808,38.308263],[33.037929,38.308555],[33.038218,38.309071],[33.038393,38.309318],[33.038692,38.309886],[33.039073,38.310511],[33.039104,38.310628],[33.03912,38.310746],[33.039079,38.310847],[33.038883,38.311132],[33.038734,38.311403],[33.038549,38.311647],[33.038245,38.312106],[33.03824,38.312187],[33.037829,38.313059],[33.037679,38.313485],[33.03751,38.313883],[33.036969,38.313838],[33.036907,38.313826],[33.036196,38.313705],[33.034672,38.313425],[33.034323,38.315158],[33.034281,38.315332],[33.034133,38.316099],[33.035549,38.316281],[33.036563,38.316391],[33.038819,38.31682],[33.038676,38.318078],[33.038624,38.31811],[33.036482,38.317762],[33.036359,38.319324],[33.036326,38.319369],[33.036269,38.319417],[33.036246,38.32044],[33.036215,38.320846],[33.036113,38.322968],[33.036098,38.323077],[33.036103,38.323134],[33.037357,38.322953],[33.039214,38.322642],[33.040264,38.322467],[33.040097,38.327182],[33.041348,38.327539],[33.041612,38.32764],[33.040953,38.329779],[33.040933,38.329876],[33.040271,38.331283],[33.041851,38.331568],[33.041829,38.331714],[33.041799,38.331904],[33.041527,38.333621],[33.041718,38.333645],[33.041715,38.333812],[33.041698,38.334639],[33.041868,38.334732],[33.042053,38.334963],[33.043451,38.336594],[33.043518,38.336655],[33.045172,38.338155],[33.046729,38.339601],[33.046987,38.33984],[33.047012,38.339864],[33.047033,38.339883],[33.046446,38.340415],[33.046276,38.340557],[33.045632,38.341202],[33.045004,38.341718],[33.044448,38.342095],[33.044211,38.342339],[33.043995,38.342623],[33.043702,38.342923],[33.043439,38.343134],[33.043377,38.343224],[33.043336,38.343402],[33.043002,38.345443],[33.042936,38.34567],[33.042827,38.345841],[33.042668,38.345955],[33.042287,38.346178],[33.042019,38.346831],[33.045766,38.348063],[33.045807,38.348059],[33.045802,38.348554],[33.04591,38.348976],[33.045923,38.350532],[33.045927,38.350688],[33.042509,38.349601],[33.041005,38.349108],[33.039574,38.34968],[33.040348,38.35196],[33.039688,38.352553],[33.039658,38.35308],[33.039663,38.353178],[33.0396,38.353933],[33.039535,38.354817],[33.039494,38.355718],[33.038436,38.3557],[33.037335,38.355682],[33.036284,38.355662],[33.034498,38.355612],[33.034398,38.355609],[33.034354,38.355699],[33.034203,38.355857],[33.033801,38.356304],[33.033631,38.356527],[33.033477,38.356856],[33.03341,38.357164],[33.033415,38.357338],[33.033461,38.357347],[33.033451,38.357525],[33.033343,38.358994],[33.031298,38.358844],[33.031251,38.358905],[33.031236,38.35908],[33.030927,38.359096],[33.03069,38.35912],[33.029896,38.359246],[33.028778,38.359405],[33.02818,38.359466],[33.027588,38.359458],[33.027551,38.359282],[33.027562,38.358918],[33.027629,38.358427],[33.027659,38.357673],[33.027649,38.357139],[33.027607,38.356768],[33.027559,38.356298],[33.027555,38.356125],[33.027576,38.35604],[33.02749,38.356038],[33.026531,38.356817],[33.025696,38.357422],[33.025392,38.35758],[33.02531,38.357547],[33.026839,38.35508],[33.027692,38.353607],[33.027625,38.353603],[33.02579,38.353409],[33.023644,38.353154],[33.02349,38.353961],[33.023423,38.354338],[33.023253,38.354817],[33.023083,38.355296],[33.022939,38.355738],[33.022707,38.356392],[33.022547,38.356732],[33.022398,38.35696],[33.021744,38.356501],[33.021197,38.35614],[33.021149,38.356108],[33.021001,38.356084],[33.020579,38.356039],[33.019914,38.355857],[33.020228,38.355021],[33.020259,38.354964],[33.020311,38.354862],[33.020511,38.354522],[33.020048,38.354412],[33.019414,38.354258],[33.019383,38.354315],[33.018945,38.35498],[33.018816,38.355167],[33.018523,38.355471],[33.018476,38.355512],[33.016498,38.355131],[33.014973,38.354811],[33.014778,38.354937],[33.014674,38.355005],[33.014262,38.3555],[33.014086,38.35563],[33.013937,38.355581],[33.013855,38.355504],[33.013648,38.35544],[33.012994,38.355375],[33.012778,38.355342],[33.012257,38.355265],[33.010443,38.355067],[33.009506,38.354969],[33.008846,38.35486],[33.008565,38.3562],[33.008502,38.356173],[33.007385,38.355541],[33.006482,38.355211],[33.00544,38.354833],[33.004967,38.354665],[33.00458,38.354405],[33.003997,38.354061],[33.003832,38.353949],[33.003435,38.353697],[33.002828,38.353505],[33.001802,38.353148],[32.999778,38.352415],[32.99965,38.352369],[32.999593,38.352624],[32.999167,38.353836],[32.999009,38.354796],[32.998694,38.354763],[32.998226,38.354667],[32.996839,38.354452],[32.996755,38.354974],[32.995568,38.354643],[32.994254,38.354374],[32.994075,38.35434],[32.994102,38.353923],[32.99397,38.35391],[32.993161,38.353807],[32.992583,38.353703],[32.991916,38.353562],[32.992111,38.352934],[32.992168,38.352615],[32.992121,38.352553],[32.992021,38.352532],[32.991575,38.352445],[32.991359,38.352396],[32.991438,38.351821],[32.991359,38.351821],[32.990708,38.351705],[32.99013,38.35156],[32.989935,38.352069],[32.989754,38.352919],[32.989179,38.354763],[32.989142,38.354878],[32.989111,38.354949],[32.988729,38.354837],[32.988263,38.354674],[32.986725,38.354233],[32.986599,38.354151],[32.986365,38.354069],[32.985682,38.353884],[32.985517,38.353835],[32.985381,38.353784],[32.984913,38.353629],[32.984773,38.353567],[32.984301,38.353425],[32.984137,38.353385],[32.98374,38.353339],[32.983798,38.353404],[32.983631,38.353792],[32.983465,38.354285],[32.983318,38.354703],[32.98319,38.354934],[32.983062,38.355327],[32.982819,38.356067],[32.985216,38.356847],[32.985766,38.357074],[32.986674,38.357406],[32.987274,38.357623],[32.987338,38.357744],[32.9873,38.35799],[32.9873,38.358383],[32.987351,38.358871],[32.987459,38.359536],[32.987606,38.360175],[32.987696,38.360477],[32.987881,38.36088],[32.988035,38.361177],[32.988073,38.361262],[32.988578,38.362903],[32.988654,38.363241],[32.988642,38.363427],[32.988584,38.363573],[32.988264,38.363583],[32.987625,38.363618],[32.987529,38.363608],[32.986871,38.363678],[32.984887,38.363808],[32.983841,38.363843],[32.983138,38.363879],[32.982498,38.363947],[32.982462,38.3643],[32.982352,38.364613],[32.981608,38.364548],[32.981156,38.364587],[32.980662,38.364645],[32.980229,38.364752],[32.979021,38.364951],[32.978326,38.365072],[32.993754,38.376525],[32.997567,38.379032],[33.001627,38.381056],[33.008838,38.382827],[33.015752,38.384183],[33.023369,38.384962],[33.037307,38.385772],[33.038719,38.385737],[33.040897,38.38545],[33.044025,38.384848],[33.046784,38.384729],[33.049467,38.38407],[33.050115,38.383654],[33.049768,38.383009],[33.051039,38.382648],[33.05253,38.384025],[33.053156,38.38384],[33.061452,38.38309],[33.089024,38.379656],[33.088448,38.374757],[33.088468,38.374732],[33.090297,38.375806],[33.092818,38.377239],[33.093954,38.377927],[33.094077,38.377979],[33.09434,38.377396],[33.094776,38.376165],[33.097324,38.378235],[33.097815,38.378557],[33.099045,38.380088],[33.099452,38.380662],[33.103693,38.381295],[33.108373,38.381846],[33.112744,38.382051],[33.120319,38.385079],[33.127206,38.388077],[33.128416,38.38853],[33.134818,38.390162],[33.136645,38.390736],[33.143562,38.392888],[33.150668,38.395039],[33.157673,38.39435],[33.159844,38.394266],[33.161266,38.394211],[33.164312,38.394076],[33.17163,38.394795],[33.175442,38.394132],[33.17876,38.393481],[33.185989,38.392612],[33.194907,38.391691],[33.197486,38.39268],[33.199696,38.393471],[33.206313,38.393664],[33.215929,38.393944],[33.21808,38.400123],[33.2197,38.403455],[33.219878,38.404771],[33.220377,38.405831],[33.222852,38.410809],[33.228866,38.40827],[33.23639,38.406205],[33.239564,38.405072],[33.244069,38.403932],[33.259479,38.399114],[33.241059,38.3942],[33.245171,38.38601],[33.244639,38.362737],[33.24311,38.357552],[33.224701,38.36079],[33.223632,38.361197],[33.22055,38.360177],[33.214561,38.357014],[33.214962,38.354134],[33.213302,38.35387],[33.213196,38.354716],[33.212859,38.354691],[33.209523,38.349505],[33.2104,38.349633],[33.210384,38.34732],[33.208211,38.347729],[33.206954,38.345972],[33.207476,38.345877],[33.207897,38.344672],[33.207143,38.343963],[33.205138,38.343326],[33.203984,38.342879],[33.205684,38.341298],[33.206353,38.339987],[33.207167,38.339256],[33.205891,38.337316],[33.200773,38.337116],[33.201744,38.335748],[33.202184,38.334097],[33.199648,38.332602],[33.200627,38.331592],[33.200606,38.331419],[33.199838,38.330886],[33.201069,38.329666],[33.194607,38.327794],[33.184867,38.314787],[33.184484,38.311885],[33.182961,38.309512],[33.180674,38.304577],[33.18109,38.304489],[33.178685,38.30042],[33.174926,38.290944],[33.172519,38.281796],[33.171049,38.276241],[33.177936,38.274291],[33.177231,38.271971],[33.178567,38.271621],[33.177883,38.269388],[33.178981,38.269036],[33.178887,38.267682],[33.177183,38.264355],[33.177797,38.26397],[33.177606,38.26335],[33.179379,38.263057],[33.179427,38.2621],[33.178759,38.262028],[33.176561,38.26134],[33.177273,38.260188],[33.17761,38.260315],[33.180782,38.257183],[33.181621,38.256065],[33.180914,38.255899],[33.180533,38.256155],[33.179742,38.255948],[33.179378,38.256253],[33.173789,38.254983],[33.170677,38.253095],[33.168301,38.252527],[33.168071,38.251225],[33.16398,38.250751],[33.163726,38.251443],[33.161707,38.251281],[33.160135,38.250904],[33.160152,38.250598],[33.158299,38.24975],[33.15893,38.247733],[33.155011,38.247208],[33.155234,38.246798],[33.155192,38.245138],[33.152056,38.245133],[33.149011,38.245572],[33.149075,38.246188],[33.148547,38.247687],[33.14804,38.249325],[33.147167,38.249166],[33.146923,38.25011],[33.146675,38.250319],[33.146652,38.251277],[33.145424,38.25136],[33.145409,38.253151],[33.145651,38.255427],[33.143229,38.25557],[33.143251,38.260289],[33.142355,38.260164],[33.142242,38.263774],[33.139383,38.263673],[33.139235,38.26507],[33.139894,38.265532],[33.138306,38.267651],[33.135069,38.267222],[33.135061,38.268414],[33.133472,38.268592],[33.133016,38.268065]]]]}},{"type":"Feature","properties":{"id":"TR-Y-42-004-M-0014","level":"yerlesim","type":"mahalle","parent_id":"TR-D-42-004","province_id":"TR-P-42","district_id":"TR-D-42-004","name":"Ölmez","source_raw_name":"ÖLMEZ","source":"Kamuya açık veri ve kent rehberi servisleri","source_label":"Kamuya açık veri ve kent rehberi servisleri","source_name":"Konya Büyükşehir Belediyesi Açık Veri Platformu - Mahalleler"},"geometry":{"type":"MultiPolygon","coordinates":[[[[32.88056,38.300852],[32.880807,38.300784],[32.881668,38.300557],[32.882635,38.300256],[32.884722,38.299501],[32.885322,38.299206],[32.886346,38.298362],[32.889084,38.295857],[32.890106,38.294906],[32.890775,38.29425],[32.893673,38.291003],[32.894392,38.290198],[32.895187,38.2892],[32.897409,38.28641],[32.898659,38.284853],[32.899164,38.284231],[32.899232,38.284119],[32.899189,38.284115],[32.898831,38.284081],[32.898633,38.283898],[32.898549,38.283768],[32.898526,38.283609],[32.898488,38.283495],[32.898431,38.283461],[32.898381,38.283524],[32.898309,38.2836],[32.89819,38.283612],[32.898,38.283566],[32.897889,38.283545],[32.897794,38.283551],[32.897431,38.283758],[32.897362,38.283686],[32.89713,38.283511],[32.896791,38.283123],[32.896627,38.282927],[32.896478,38.282774],[32.896257,38.282593],[32.895287,38.28314],[32.894737,38.28341],[32.893577,38.283779],[32.893512,38.283797],[32.892924,38.283947],[32.892707,38.283583],[32.892269,38.283011],[32.89169,38.28193],[32.89121,38.281382],[32.890725,38.281596],[32.890474,38.281424],[32.887683,38.279845],[32.887289,38.280365],[32.886861,38.280849],[32.886792,38.280822],[32.885477,38.280033],[32.88511,38.28036],[32.884451,38.279941],[32.884631,38.279737],[32.884887,38.279572],[32.885143,38.279304],[32.884407,38.278958],[32.884266,38.278961],[32.884018,38.278921],[32.883216,38.278878],[32.883057,38.278451],[32.882381,38.278483],[32.881809,38.278308],[32.881405,38.278281],[32.881031,38.278223],[32.880917,38.277775],[32.88081,38.277745],[32.880219,38.27772],[32.880108,38.277681],[32.880029,38.27757],[32.879896,38.276939],[32.879865,38.277202],[32.879774,38.277715],[32.87958,38.277726],[32.87865,38.277658],[32.878614,38.276908],[32.878598,38.276704],[32.878549,38.276445],[32.878484,38.276378],[32.87802,38.276281],[32.876956,38.275925],[32.876542,38.27579],[32.876384,38.275767],[32.876206,38.275767],[32.876148,38.275846],[32.87602,38.276218],[32.875926,38.276375],[32.875111,38.276396],[32.874911,38.276301],[32.874469,38.276238],[32.873861,38.276119],[32.873236,38.274102],[32.873172,38.274068],[32.87271,38.272608],[32.872638,38.272625],[32.872552,38.272603],[32.872274,38.272433],[32.871884,38.272236],[32.871679,38.272192],[32.871389,38.272119],[32.871215,38.272256],[32.871077,38.272401],[32.870862,38.272497],[32.870678,38.272505],[32.869249,38.272362],[32.868158,38.272116],[32.866511,38.271039],[32.866185,38.270906],[32.86593,38.270709],[32.865614,38.270564],[32.865399,38.270479],[32.865875,38.270001],[32.866197,38.269663],[32.866381,38.26941],[32.866693,38.269012],[32.86719,38.26836],[32.867507,38.267962],[32.86789,38.267556],[32.868213,38.267166],[32.869144,38.265848],[32.868792,38.265698],[32.867798,38.265122],[32.867594,38.265005],[32.867278,38.264832],[32.866651,38.264477],[32.866161,38.264239],[32.865835,38.264069],[32.865692,38.263993],[32.865631,38.263965],[32.865539,38.263973],[32.865457,38.264025],[32.865355,38.264101],[32.864931,38.264302],[32.864824,38.26431],[32.864671,38.264257],[32.864238,38.263955],[32.863557,38.26467],[32.862847,38.265245],[32.861766,38.264584],[32.860961,38.264116],[32.860787,38.264446],[32.860736,38.264422],[32.860353,38.264349],[32.859491,38.264239],[32.858761,38.264134],[32.85823,38.264048],[32.857644,38.263975],[32.857414,38.263951],[32.85724,38.264494],[32.857111,38.265117],[32.857023,38.265636],[32.856931,38.26589],[32.856838,38.266135],[32.856766,38.26661],[32.856678,38.267117],[32.856367,38.266967],[32.856046,38.266786],[32.85548,38.266612],[32.854898,38.266418],[32.855032,38.265976],[32.855222,38.265457],[32.855397,38.264439],[32.855444,38.26392],[32.854541,38.264036],[32.853933,38.264087],[32.853305,38.264195],[32.85283,38.264255],[32.851733,38.26431],[32.851672,38.264064],[32.851606,38.263919],[32.851561,38.263843],[32.851377,38.263714],[32.85075,38.263436],[32.851195,38.262869],[32.851763,38.262258],[32.851727,38.262238],[32.851554,38.262],[32.851178,38.261283],[32.850965,38.26078],[32.850678,38.261045],[32.850536,38.260936],[32.850322,38.260618],[32.850154,38.260389],[32.8499,38.259729],[32.848858,38.259862],[32.847446,38.259998],[32.846349,38.26011],[32.843847,38.26111],[32.84338,38.261203],[32.844518,38.262488],[32.844618,38.262484],[32.844724,38.262533],[32.844802,38.262638],[32.844959,38.26266],[32.845154,38.262661],[32.845288,38.262705],[32.845438,38.262806],[32.845639,38.262983],[32.845628,38.263035],[32.845309,38.263317],[32.845097,38.263391],[32.844594,38.263518],[32.844264,38.263628],[32.844153,38.263641],[32.844024,38.26361],[32.843907,38.263627],[32.843862,38.263751],[32.84305,38.264749],[32.842738,38.264616],[32.842324,38.265126],[32.842206,38.265311],[32.842077,38.265588],[32.841987,38.265821],[32.841485,38.26568],[32.840822,38.265366],[32.84076,38.265366],[32.840648,38.26548],[32.840547,38.265656],[32.84029,38.265938],[32.840094,38.266276],[32.840177,38.266321],[32.840763,38.266629],[32.841253,38.267031],[32.84132,38.267079],[32.840901,38.267356],[32.840644,38.267452],[32.840488,38.267492],[32.839995,38.267953],[32.839788,38.268301],[32.839558,38.268908],[32.839395,38.269123],[32.839188,38.269277],[32.838824,38.269699],[32.838578,38.269901],[32.838416,38.27013],[32.838304,38.270354],[32.837711,38.270741],[32.837555,38.270705],[32.837449,38.270538],[32.837282,38.270467],[32.837025,38.270383],[32.836629,38.270053],[32.836535,38.269982],[32.8362,38.269911],[32.83591,38.269783],[32.835586,38.269906],[32.835435,38.269919],[32.835217,38.26987],[32.834899,38.269909],[32.834463,38.269931],[32.834206,38.270058],[32.833971,38.270287],[32.833848,38.270467],[32.833675,38.270533],[32.833356,38.270581],[32.833194,38.270682],[32.832528,38.271464],[32.832382,38.271781],[32.832321,38.271886],[32.831896,38.272084],[32.831326,38.272259],[32.831007,38.272369],[32.83036,38.272434],[32.829779,38.272464],[32.829366,38.272375],[32.829505,38.272622],[32.829795,38.272891],[32.830023,38.273111],[32.830145,38.273283],[32.83034,38.273675],[32.830707,38.274138],[32.830608,38.274188],[32.830571,38.274207],[32.830167,38.274513],[32.829789,38.274796],[32.829364,38.274266],[32.828983,38.273757],[32.828627,38.273329],[32.828103,38.272712],[32.827488,38.27294],[32.827136,38.273129],[32.827253,38.273398],[32.827392,38.273613],[32.827604,38.273856],[32.827838,38.274145],[32.827926,38.274365],[32.8269,38.274983],[32.826224,38.275416],[32.826037,38.275583],[32.826209,38.275728],[32.826879,38.276458],[32.8265,38.276619],[32.825656,38.276907],[32.824697,38.277418],[32.824491,38.277536],[32.82405,38.27779],[32.82394,38.277827],[32.823395,38.277208],[32.823018,38.276762],[32.822802,38.27655],[32.822711,38.276423],[32.822444,38.276069],[32.822356,38.276006],[32.822271,38.275982],[32.822183,38.275997],[32.82135,38.27627],[32.821247,38.27627],[32.821177,38.276215],[32.821115,38.27614],[32.821031,38.276125],[32.820333,38.27639],[32.820186,38.276451],[32.819951,38.276572],[32.819477,38.276886],[32.819282,38.277036],[32.820183,38.277556],[32.820502,38.277767],[32.820956,38.278164],[32.821241,38.27846],[32.821439,38.278686],[32.82138,38.278743],[32.821108,38.278879],[32.820752,38.279139],[32.82041,38.279413],[32.82009,38.279667],[32.819689,38.279944],[32.819766,38.280022],[32.820074,38.280297],[32.820488,38.280619],[32.821107,38.281118],[32.821451,38.281393],[32.82152,38.281448],[32.820631,38.282144],[32.821323,38.282813],[32.821352,38.282891],[32.82137,38.282966],[32.821425,38.28305],[32.821439,38.283111],[32.821384,38.283166],[32.820068,38.284248],[32.819185,38.284993],[32.819386,38.285231],[32.819503,38.285364],[32.81965,38.285503],[32.819925,38.285758],[32.819557,38.285963],[32.81959,38.286024],[32.819678,38.286122],[32.819949,38.286322],[32.820194,38.28649],[32.820689,38.286821],[32.821033,38.287053],[32.821231,38.28714],[32.822034,38.28761],[32.822521,38.287876],[32.821948,38.288327],[32.821466,38.2888],[32.821847,38.289032],[32.82181,38.289078],[32.821781,38.289113],[32.820768,38.288773],[32.82068,38.288744],[32.820409,38.288628],[32.819658,38.288364],[32.819306,38.288219],[32.818386,38.287766],[32.818026,38.287595],[32.817682,38.287444],[32.817161,38.287249],[32.816839,38.287147],[32.816182,38.286958],[32.815507,38.286723],[32.814866,38.286511],[32.814268,38.28627],[32.813795,38.28609],[32.813124,38.28586],[32.812164,38.285561],[32.811493,38.285343],[32.810858,38.285122],[32.810169,38.284782],[32.809895,38.284655],[32.809338,38.284353],[32.808619,38.283964],[32.808235,38.283741],[32.807905,38.283578],[32.807535,38.283442],[32.80712,38.283308],[32.806599,38.283191],[32.806288,38.283061],[32.805859,38.282869],[32.805198,38.282545],[32.805111,38.282505],[32.804978,38.282447],[32.804397,38.282223],[32.803693,38.281912],[32.803468,38.282171],[32.803325,38.282417],[32.803222,38.282518],[32.802975,38.282642],[32.802714,38.282826],[32.802586,38.282962],[32.802114,38.283757],[32.801683,38.284418],[32.801432,38.284886],[32.801307,38.285069],[32.801036,38.284871],[32.800786,38.284738],[32.800449,38.284541],[32.800303,38.284439],[32.800017,38.284427],[32.799561,38.284481],[32.798625,38.28454],[32.798336,38.284569],[32.798038,38.284623],[32.796816,38.28474],[32.796823,38.284821],[32.793845,38.285435],[32.792424,38.285747],[32.791172,38.286072],[32.791117,38.286095],[32.790206,38.286313],[32.78942,38.286526],[32.788924,38.286652],[32.788473,38.286784],[32.787591,38.287026],[32.786629,38.287287],[32.785476,38.2876],[32.783158,38.288273],[32.781957,38.288641],[32.781321,38.288836],[32.781009,38.288992],[32.7808,38.289064],[32.780623,38.289095],[32.780513,38.289095],[32.77995,38.289249],[32.777814,38.28981],[32.7773,38.289937],[32.776749,38.290098],[32.776297,38.29029],[32.776128,38.290386],[32.77605,38.290458],[32.775929,38.290527],[32.77572,38.290535],[32.77543,38.290425],[32.775192,38.2903],[32.77502,38.290233],[32.774667,38.290224],[32.774305,38.290055],[32.774162,38.290026],[32.774092,38.290023],[32.773945,38.290005],[32.773777,38.289947],[32.773443,38.289903],[32.773146,38.289879],[32.772874,38.289827],[32.772724,38.289812],[32.772071,38.289747],[32.771425,38.289671],[32.770853,38.289618],[32.770335,38.289585],[32.769583,38.289589],[32.769718,38.289725],[32.770403,38.290375],[32.771394,38.291325],[32.7721,38.292053],[32.772217,38.29214],[32.772499,38.292435],[32.77266,38.292554],[32.772733,38.292586],[32.773103,38.293003],[32.773322,38.29322],[32.774702,38.29451],[32.774819,38.294673],[32.774885,38.294785],[32.775016,38.294861],[32.775152,38.294962],[32.775243,38.295055],[32.77614,38.295945],[32.776349,38.296087],[32.776414,38.296188],[32.776546,38.296246],[32.776722,38.296493],[32.776809,38.296591],[32.777048,38.296768],[32.77734,38.297078],[32.777432,38.297185],[32.777673,38.297327],[32.77812,38.297551],[32.778278,38.297609],[32.778329,38.297673],[32.778458,38.297714],[32.778549,38.297764],[32.779117,38.298099],[32.779414,38.298285],[32.779758,38.298532],[32.780169,38.298718],[32.780455,38.298863],[32.780733,38.299032],[32.781187,38.299247],[32.781354,38.299297],[32.78143,38.299327],[32.783494,38.3005],[32.787215,38.302592],[32.787263,38.302592],[32.789215,38.304277],[32.791506,38.306283],[32.79239,38.307035],[32.793315,38.307893],[32.793373,38.307923],[32.794924,38.309276],[32.795048,38.309419],[32.795138,38.309664],[32.795176,38.309951],[32.795222,38.312168],[32.795222,38.312263],[32.795238,38.313288],[32.795265,38.313892],[32.795203,38.314076],[32.795226,38.316135],[32.795277,38.316452],[32.795434,38.316761],[32.795692,38.317146],[32.796216,38.318003],[32.796983,38.319234],[32.797202,38.319479],[32.79767,38.31985],[32.800645,38.322343],[32.800712,38.322415],[32.802403,38.323836],[32.80343,38.324667],[32.804887,38.325897],[32.804926,38.325928],[32.804954,38.325951],[32.807207,38.327802],[32.808044,38.328455],[32.810651,38.330643],[32.812389,38.332074],[32.816443,38.335517],[32.816663,38.335713],[32.817385,38.336246],[32.818329,38.337062],[32.818397,38.337113],[32.819365,38.338445],[32.820476,38.339901],[32.821101,38.340701],[32.821878,38.341744],[32.824413,38.34509],[32.826525,38.348012],[32.828601,38.348176],[32.864178,38.31395],[32.864234,38.313061],[32.865147,38.31248],[32.865694,38.312192],[32.865918,38.312038],[32.866092,38.311928],[32.86657,38.31161],[32.867087,38.311191],[32.867563,38.310799],[32.868167,38.310259],[32.868395,38.310055],[32.868596,38.309899],[32.868919,38.309725],[32.869291,38.309582],[32.869669,38.309437],[32.869856,38.309369],[32.869981,38.309327],[32.869934,38.30926],[32.870181,38.3084],[32.870322,38.308249],[32.870454,38.308106],[32.87057,38.307982],[32.870651,38.307853],[32.870687,38.307861],[32.870981,38.307408],[32.871163,38.3072],[32.871036,38.307074],[32.871158,38.306681],[32.871386,38.306109],[32.8718,38.305573],[32.872171,38.305025],[32.872526,38.304483],[32.873447,38.303807],[32.874109,38.303378],[32.874758,38.303128],[32.875638,38.303027],[32.875954,38.30297],[32.876365,38.302905],[32.876416,38.302898],[32.876852,38.302588],[32.877264,38.302292],[32.87807,38.301821],[32.878576,38.301555],[32.878869,38.301412],[32.879711,38.301045],[32.879854,38.30101],[32.88056,38.300852]]]]}},{"type":"Feature","properties":{"id":"TR-Y-42-004-M-0015","level":"yerlesim","type":"mahalle","parent_id":"TR-D-42-004","province_id":"TR-P-42","district_id":"TR-D-42-004","name":"Sarnıçköy","source_raw_name":"SARNIÇ","source":"Kamuya açık veri ve kent rehberi servisleri","source_label":"Kamuya açık veri ve kent rehberi servisleri","source_name":"Konya Büyükşehir Belediyesi Açık Veri Platformu - Mahalleler"},"geometry":{"type":"MultiPolygon","coordinates":[[[[32.826399,38.26164],[32.833354,38.26176],[32.834807,38.261234],[32.835097,38.261463],[32.835734,38.261103],[32.83617,38.260866],[32.836617,38.260699],[32.83722,38.260432],[32.837382,38.260493],[32.837533,38.260612],[32.8377,38.260784],[32.837833,38.260943],[32.838418,38.261538],[32.838691,38.261745],[32.838836,38.261899],[32.838992,38.262115],[32.839176,38.262252],[32.839802,38.262024],[32.840109,38.261888],[32.840289,38.261762],[32.842391,38.261416],[32.84338,38.261203],[32.843847,38.26111],[32.845648,38.258629],[32.846501,38.257488],[32.846768,38.256638],[32.847094,38.256707],[32.847217,38.256561],[32.847261,38.256508],[32.847934,38.255605],[32.850325,38.252446],[32.852586,38.249393],[32.85263,38.245934],[32.852679,38.243208],[32.852746,38.240444],[32.852583,38.238617],[32.852365,38.236815],[32.852069,38.23421],[32.851791,38.231485],[32.852363,38.228638],[32.85319,38.224593],[32.85329,38.224058],[32.853502,38.22298],[32.854286,38.218725],[32.854672,38.216544],[32.855506,38.212013],[32.864617,38.216435],[32.854419,38.207401],[32.854333,38.207328],[32.852655,38.205864],[32.849853,38.20039],[32.849706,38.200296],[32.849344,38.200066],[32.848557,38.199609],[32.84124,38.195356],[32.836095,38.192153],[32.825842,38.194252],[32.825709,38.194207],[32.825585,38.194078],[32.825452,38.193931],[32.825433,38.193875],[32.825214,38.193682],[32.82518,38.193618],[32.8252,38.193524],[32.825286,38.193418],[32.825865,38.192681],[32.825923,38.192583],[32.825813,38.192556],[32.825407,38.192559],[32.825216,38.192548],[32.825235,38.192491],[32.815304,38.189382],[32.798656,38.189486],[32.797888,38.189699],[32.797594,38.189823],[32.797262,38.190035],[32.797021,38.190136],[32.796703,38.1902],[32.796207,38.190284],[32.79551,38.190408],[32.795234,38.190476],[32.794762,38.190681],[32.794321,38.190883],[32.793875,38.191132],[32.793573,38.191378],[32.793106,38.191656],[32.793034,38.191668],[32.792558,38.191671],[32.792144,38.191622],[32.791919,38.191601],[32.791658,38.191609],[32.791591,38.191625],[32.79152,38.191577],[32.791479,38.191621],[32.791258,38.191697],[32.791007,38.19183],[32.790745,38.192028],[32.79032,38.192257],[32.790007,38.192414],[32.789792,38.192478],[32.789469,38.192664],[32.789264,38.192776],[32.78909,38.192833],[32.788864,38.192941],[32.788639,38.193082],[32.788351,38.193288],[32.788059,38.193562],[32.787884,38.193703],[32.787787,38.193775],[32.787853,38.193828],[32.787802,38.193868],[32.787715,38.193905],[32.787618,38.193945],[32.78753,38.194062],[32.787258,38.194522],[32.787109,38.194619],[32.786893,38.19482],[32.786765,38.194917],[32.786283,38.195332],[32.786088,38.195429],[32.785969,38.195614],[32.785661,38.195977],[32.785214,38.196498],[32.784604,38.197098],[32.784562,38.197131],[32.784486,38.197082],[32.784419,38.197025],[32.784379,38.197021],[32.784281,38.197102],[32.784173,38.197154],[32.783963,38.197267],[32.783907,38.197218],[32.783565,38.19704],[32.783294,38.196837],[32.783192,38.196793],[32.783089,38.196801],[32.78292,38.196865],[32.782648,38.196994],[32.782351,38.197175],[32.78212,38.197352],[32.782038,38.197429],[32.781668,38.197864],[32.781658,38.197937],[32.781709,38.197994],[32.782082,38.198253],[32.78249,38.1985],[32.782639,38.198593],[32.782705,38.198638],[32.782582,38.198743],[32.782371,38.19894],[32.781739,38.199787],[32.781534,38.200001],[32.78139,38.200078],[32.781031,38.200206],[32.780534,38.200359],[32.780427,38.200395],[32.780268,38.200253],[32.779829,38.199937],[32.779763,38.199945],[32.779629,38.200066],[32.779393,38.200288],[32.779198,38.200429],[32.778691,38.200646],[32.778096,38.200912],[32.777255,38.201233],[32.776527,38.201608],[32.776163,38.201801],[32.775979,38.20191],[32.775333,38.202256],[32.775097,38.202397],[32.774999,38.202425],[32.774763,38.202574],[32.774641,38.202436],[32.774302,38.202094],[32.774061,38.20224],[32.773983,38.20231],[32.773731,38.202455],[32.773625,38.202508],[32.773563,38.202534],[32.773272,38.202728],[32.77316,38.202833],[32.773042,38.202908],[32.772874,38.202992],[32.772706,38.203079],[32.772505,38.203185],[32.77232,38.203282],[32.772174,38.203339],[32.771413,38.203641],[32.769711,38.204436],[32.769191,38.204682],[32.76909,38.204696],[32.767803,38.205147],[32.766214,38.205665],[32.763624,38.206295],[32.763762,38.206665],[32.763823,38.206895],[32.763957,38.206895],[32.764293,38.206816],[32.764571,38.207337],[32.764731,38.20773],[32.764798,38.20785],[32.764832,38.207885],[32.765011,38.207841],[32.765272,38.208283],[32.763845,38.208628],[32.763487,38.208711],[32.76309,38.208786],[32.763012,38.208799],[32.763024,38.208547],[32.762996,38.208375],[32.762903,38.20804],[32.761907,38.208086],[32.761773,38.208086],[32.761387,38.208143],[32.760459,38.208185],[32.760602,38.209111],[32.760744,38.210073],[32.760738,38.210144],[32.76047,38.210081],[32.759788,38.210001],[32.758598,38.209879],[32.758552,38.210033],[32.758562,38.210483],[32.758622,38.210872],[32.758633,38.211022],[32.75871,38.211335],[32.758721,38.211485],[32.75872,38.211626],[32.758792,38.211997],[32.758886,38.212337],[32.759002,38.21265],[32.759135,38.212977],[32.758693,38.213143],[32.759015,38.213735],[32.759082,38.213837],[32.759154,38.214075],[32.759231,38.214344],[32.759392,38.214847],[32.7598,38.214756],[32.760075,38.214659],[32.760444,38.214488],[32.760511,38.214678],[32.760622,38.214903],[32.760816,38.215278],[32.761099,38.21594],[32.761316,38.216324],[32.760667,38.216544],[32.760073,38.216692],[32.759906,38.216749],[32.759648,38.216797],[32.759318,38.216933],[32.759507,38.217366],[32.759662,38.217613],[32.759851,38.21802],[32.759996,38.218311],[32.760101,38.218611],[32.760323,38.219026],[32.760462,38.219256],[32.759824,38.219435],[32.759494,38.219496],[32.759248,38.219567],[32.758576,38.219742],[32.757356,38.220048],[32.757205,38.2201],[32.757104,38.220153],[32.75697,38.220246],[32.756802,38.220333],[32.756107,38.220689],[32.75594,38.220764],[32.755777,38.220839],[32.755576,38.2209],[32.755703,38.221244],[32.755809,38.221469],[32.756031,38.221845],[32.756198,38.222114],[32.755582,38.222338],[32.755325,38.222425],[32.754854,38.222641],[32.754619,38.222742],[32.754238,38.222877],[32.753796,38.223079],[32.753124,38.223329],[32.752822,38.223474],[32.752396,38.22365],[32.751931,38.22387],[32.751748,38.223604],[32.751592,38.223286],[32.751225,38.222726],[32.751141,38.222743],[32.751016,38.222771],[32.750612,38.221208],[32.750512,38.221249],[32.749675,38.221571],[32.750159,38.222278],[32.748233,38.222865],[32.748183,38.222887],[32.748049,38.222684],[32.747932,38.222657],[32.747787,38.222709],[32.747635,38.22278],[32.745737,38.223746],[32.745293,38.224004],[32.745176,38.224071],[32.744543,38.22437],[32.744471,38.2244],[32.744348,38.224383],[32.744292,38.224294],[32.743964,38.223764],[32.743663,38.223393],[32.743619,38.223283],[32.743592,38.22319],[32.743396,38.223242],[32.742936,38.223386],[32.74194,38.223694],[32.741201,38.223961],[32.740809,38.224159],[32.740647,38.224255],[32.740663,38.224383],[32.740728,38.224599],[32.740774,38.22475],[32.738468,38.225269],[32.737155,38.22556],[32.736829,38.225623],[32.736717,38.225645],[32.736031,38.225026],[32.735942,38.225043],[32.735852,38.225065],[32.735802,38.225105],[32.735055,38.225795],[32.734769,38.226028],[32.734618,38.226147],[32.734254,38.226398],[32.734029,38.226547],[32.733665,38.226736],[32.73372,38.227014],[32.73382,38.227376],[32.733875,38.227531],[32.733958,38.227712],[32.734119,38.228043],[32.73443,38.228762],[32.734552,38.229019],[32.734685,38.229244],[32.735133,38.229143],[32.735648,38.229008],[32.73609,38.228846],[32.736359,38.228749],[32.736588,38.228697],[32.736661,38.228648],[32.736684,38.228578],[32.736628,38.228459],[32.736578,38.228344],[32.736567,38.228247],[32.736534,38.228154],[32.736518,38.22807],[32.73649,38.227995],[32.736474,38.227933],[32.736396,38.227832],[32.736223,38.227748],[32.736497,38.227673],[32.737045,38.227511],[32.737986,38.227213],[32.73835,38.22706],[32.738568,38.227113],[32.738606,38.227374],[32.738717,38.227647],[32.738794,38.227859],[32.738883,38.228106],[32.73915,38.228597],[32.738579,38.228728],[32.737258,38.229069],[32.736664,38.229266],[32.73611,38.229454],[32.735931,38.229511],[32.735657,38.229603],[32.735595,38.229638],[32.735623,38.229709],[32.73575,38.230036],[32.735811,38.230212],[32.735872,38.230455],[32.736042,38.231245],[32.736036,38.231293],[32.735857,38.231368],[32.735589,38.23146],[32.735364,38.231583],[32.735179,38.231746],[32.734994,38.231926],[32.735126,38.232416],[32.73527,38.232875],[32.735348,38.233091],[32.735464,38.233281],[32.735659,38.233577],[32.736016,38.23394],[32.73659,38.234492],[32.736857,38.23474],[32.737052,38.234908],[32.73727,38.23512],[32.737537,38.235381],[32.737793,38.235836],[32.738098,38.236498],[32.738326,38.236949],[32.738253,38.236957],[32.738364,38.2372],[32.738592,38.23758],[32.738992,38.238256],[32.739314,38.23879],[32.739475,38.239104],[32.739587,38.239263],[32.73972,38.239484],[32.739826,38.239696],[32.739936,38.240009],[32.740025,38.240318],[32.740225,38.240711],[32.740503,38.241166],[32.740725,38.241546],[32.74082,38.241643],[32.740892,38.241815],[32.740808,38.241908],[32.7406,38.242],[32.740332,38.24199],[32.740052,38.242012],[32.739733,38.242064],[32.739336,38.242142],[32.738855,38.24223],[32.738547,38.242286],[32.738278,38.24233],[32.738021,38.24236],[32.737752,38.242364],[32.737344,38.242389],[32.736953,38.242366],[32.736589,38.242344],[32.736069,38.24232],[32.735583,38.242324],[32.735146,38.242296],[32.734833,38.242273],[32.733911,38.242219],[32.733491,38.242213],[32.733251,38.242204],[32.733066,38.242234],[32.732708,38.242344],[32.73203,38.242669],[32.731638,38.242879],[32.731195,38.243147],[32.730926,38.243367],[32.730651,38.24357],[32.730101,38.243948],[32.729832,38.244101],[32.729687,38.244136],[32.72981,38.244194],[32.729921,38.244269],[32.730016,38.244393],[32.73011,38.244583],[32.730194,38.244729],[32.730505,38.245139],[32.730633,38.245277],[32.730856,38.245617],[32.731045,38.245829],[32.731279,38.246023],[32.731408,38.246178],[32.731485,38.246293],[32.731579,38.246664],[32.731633,38.247087],[32.731666,38.247365],[32.731659,38.247705],[32.73198,38.24872],[32.732202,38.249237],[32.732606,38.250389],[32.732767,38.250777],[32.732978,38.251192],[32.733494,38.252234],[32.73396,38.253175],[32.734221,38.253806],[32.734495,38.25382],[32.735169,38.253987],[32.735414,38.254074],[32.735765,38.254234],[32.736218,38.254403],[32.736514,38.254482],[32.736901,38.254563],[32.737031,38.254564],[32.737165,38.254651],[32.737773,38.254861],[32.73853,38.255031],[32.73915,38.255148],[32.739915,38.255324],[32.740239,38.255418],[32.740404,38.255487],[32.740433,38.255185],[32.740419,38.254817],[32.740353,38.254347],[32.740374,38.254154],[32.740421,38.254005],[32.740469,38.253896],[32.741101,38.254059],[32.74157,38.254228],[32.742028,38.254372],[32.742469,38.254545],[32.742793,38.254667],[32.743163,38.254774],[32.74368,38.254949],[32.743992,38.255068],[32.744272,38.255206],[32.744484,38.255318],[32.745229,38.255684],[32.74573,38.255944],[32.745793,38.255897],[32.746045,38.256119],[32.746467,38.256456],[32.746534,38.256472],[32.74676,38.256307],[32.746898,38.256205],[32.747128,38.256043],[32.747615,38.255646],[32.748157,38.255329],[32.748541,38.255056],[32.748945,38.254699],[32.749777,38.253966],[32.750327,38.253584],[32.750545,38.253419],[32.750731,38.253333],[32.75136,38.253051],[32.752123,38.252613],[32.752491,38.252439],[32.752728,38.252287],[32.752973,38.252472],[32.753201,38.25269],[32.753232,38.252749],[32.753216,38.252799],[32.753113,38.252899],[32.752959,38.252957],[32.752659,38.253094],[32.752121,38.253326],[32.751468,38.253605],[32.751006,38.253806],[32.750859,38.253903],[32.750317,38.254266],[32.750253,38.254344],[32.750241,38.254409],[32.750265,38.254487],[32.750375,38.254665],[32.750433,38.254833],[32.750555,38.25511],[32.750956,38.2557],[32.751077,38.255871],[32.751325,38.256143],[32.751735,38.256558],[32.752439,38.257338],[32.751904,38.257863],[32.751602,38.258292],[32.751297,38.258683],[32.751142,38.25883],[32.751115,38.258876],[32.751698,38.259142],[32.75242,38.259455],[32.752779,38.259587],[32.753457,38.259893],[32.753721,38.260021],[32.754112,38.260137],[32.754243,38.259976],[32.755058,38.259361],[32.755391,38.259162],[32.756135,38.258638],[32.756578,38.258368],[32.7571,38.25807],[32.757591,38.257772],[32.758375,38.257281],[32.758683,38.257123],[32.758877,38.256987],[32.759305,38.256738],[32.759485,38.256662],[32.759755,38.256581],[32.759854,38.256531],[32.760052,38.256444],[32.760238,38.256336],[32.760372,38.256227],[32.760526,38.256398],[32.760723,38.256564],[32.760872,38.256723],[32.761219,38.257172],[32.761391,38.257434],[32.761757,38.257864],[32.762001,38.258117],[32.762698,38.257732],[32.763029,38.257979],[32.763304,38.258254],[32.76395,38.258794],[32.764334,38.258545],[32.764844,38.258241],[32.764892,38.258198],[32.763994,38.257458],[32.764417,38.25721],[32.764876,38.256902],[32.765446,38.256536],[32.766269,38.25603],[32.766626,38.255757],[32.767065,38.255449],[32.767524,38.255211],[32.76769,38.255096],[32.767749,38.255208],[32.767875,38.255177],[32.768172,38.255044],[32.768496,38.254917],[32.768674,38.25483],[32.768788,38.255004],[32.768981,38.255188],[32.769503,38.254947],[32.77006,38.254714],[32.770531,38.254541],[32.770665,38.254687],[32.770771,38.254859],[32.771392,38.254567],[32.772005,38.254288],[32.772209,38.254656],[32.772581,38.254532],[32.773415,38.254163],[32.774257,38.253776],[32.775049,38.253323],[32.7751,38.253301],[32.774459,38.252493],[32.773636,38.251579],[32.773605,38.25147],[32.773641,38.251399],[32.774471,38.250974],[32.776014,38.250173],[32.776476,38.249975],[32.777469,38.249432],[32.778284,38.249022],[32.778537,38.248882],[32.778678,38.249123],[32.778946,38.249466],[32.779225,38.249939],[32.779421,38.250345],[32.779535,38.250556],[32.779861,38.251024],[32.779948,38.25114],[32.780086,38.251277],[32.781379,38.250591],[32.781501,38.2507],[32.781655,38.250863],[32.78182,38.251068],[32.78219,38.251437],[32.782745,38.252014],[32.783249,38.252594],[32.784107,38.253592],[32.784289,38.253468],[32.784606,38.253144],[32.784713,38.252979],[32.784887,38.252796],[32.785089,38.252603],[32.785425,38.252311],[32.785706,38.2521],[32.785932,38.251979],[32.786201,38.251811],[32.78626,38.25178],[32.786331,38.251777],[32.786454,38.251802],[32.786599,38.251934],[32.786717,38.252068],[32.787229,38.252526],[32.787249,38.252573],[32.78758,38.252869],[32.788181,38.252559],[32.788758,38.252308],[32.78877,38.252218],[32.789565,38.25183],[32.789763,38.251734],[32.790896,38.253153],[32.791157,38.253019],[32.791834,38.252634],[32.791869,38.252697],[32.792432,38.253352],[32.792699,38.253723],[32.793053,38.254134],[32.793266,38.254396],[32.793423,38.254642],[32.793683,38.255098],[32.793942,38.255472],[32.794563,38.255202],[32.794752,38.255495],[32.794834,38.255651],[32.795028,38.255573],[32.795289,38.25553],[32.795822,38.255416],[32.796134,38.25536],[32.796241,38.255332],[32.796933,38.255116],[32.797249,38.255001],[32.797332,38.25501],[32.797434,38.255051],[32.797466,38.255163],[32.797599,38.255487],[32.797654,38.255587],[32.798043,38.256438],[32.798379,38.256304],[32.798501,38.256258],[32.798694,38.256623],[32.79882,38.256838],[32.798981,38.2571],[32.799126,38.257411],[32.800181,38.257083],[32.800169,38.25741],[32.800088,38.258086],[32.800072,38.258185],[32.800055,38.258537],[32.80005,38.258873],[32.800571,38.259008],[32.800654,38.259086],[32.800669,38.259195],[32.800584,38.260104],[32.800631,38.260257],[32.800887,38.260285],[32.801329,38.260373],[32.801831,38.260449],[32.801863,38.260296],[32.801872,38.259997],[32.801896,38.259901],[32.802018,38.25992],[32.802578,38.260014],[32.803147,38.260165],[32.803518,38.260243],[32.803719,38.260253],[32.804269,38.260017],[32.804336,38.259986],[32.805048,38.259657],[32.805332,38.259505],[32.805578,38.259331],[32.806124,38.258964],[32.80534,38.258272],[32.805629,38.258073],[32.804694,38.257386],[32.804857,38.257259],[32.805355,38.25683],[32.806028,38.256317],[32.806592,38.256754],[32.807237,38.256248],[32.807945,38.255664],[32.808381,38.255253],[32.808436,38.255213],[32.809051,38.255634],[32.809741,38.256134],[32.810423,38.256608],[32.810896,38.256914],[32.81101,38.256914],[32.811093,38.256939],[32.811212,38.256896],[32.811212,38.25697],[32.811267,38.257002],[32.811338,38.257055],[32.811401,38.257111],[32.81146,38.257229],[32.811613,38.257407],[32.811865,38.257685],[32.812461,38.258084],[32.81306,38.25849],[32.814014,38.259195],[32.816308,38.260952],[32.816592,38.261167],[32.816682,38.261252],[32.816883,38.26147],[32.817222,38.261772],[32.817569,38.26205],[32.817837,38.262278],[32.818144,38.262558],[32.81844,38.262852],[32.81866,38.263101],[32.818913,38.263354],[32.819383,38.263105],[32.819573,38.26299],[32.819917,38.262813],[32.820186,38.262689],[32.820344,38.262612],[32.820522,38.262525],[32.820917,38.262345],[32.820764,38.262086],[32.821021,38.261953],[32.82129,38.261844],[32.821737,38.261664],[32.821843,38.261639],[32.821906,38.261686],[32.821997,38.261823],[32.822083,38.261995],[32.823297,38.261529],[32.823427,38.261486],[32.823565,38.261601],[32.823656,38.26167],[32.823723,38.261664],[32.82381,38.26163],[32.823917,38.261549],[32.824308,38.261335],[32.825111,38.260955],[32.825312,38.260859],[32.825603,38.260785],[32.82572,38.26071],[32.826086,38.261666],[32.826399,38.26164]]]]}},{"type":"Feature","properties":{"id":"TR-Y-42-004-M-0016","level":"yerlesim","type":"mahalle","parent_id":"TR-D-42-004","province_id":"TR-P-42","district_id":"TR-D-42-004","name":"Topraklık","source_raw_name":"TOPRAKLIK","source":"Kamuya açık veri ve kent rehberi servisleri","source_label":"Kamuya açık veri ve kent rehberi servisleri","source_name":"Konya Büyükşehir Belediyesi Açık Veri Platformu - Mahalleler"},"geometry":{"type":"MultiPolygon","coordinates":[[[[33.05798,38.275655],[33.057654,38.276508],[33.057369,38.277202],[33.055864,38.276875],[33.055622,38.278267],[33.055409,38.279499],[33.055059,38.281248],[33.055036,38.281454],[33.055499,38.281599],[33.056314,38.281791],[33.0583,38.282179],[33.058639,38.282216],[33.061423,38.282791],[33.062279,38.282983],[33.061834,38.28453],[33.06155,38.285547],[33.061526,38.285655],[33.061449,38.28565],[33.060259,38.28552],[33.057792,38.285226],[33.057892,38.284555],[33.057559,38.284504],[33.057059,38.284382],[33.056506,38.284284],[33.056084,38.284186],[33.056137,38.283244],[33.054906,38.283127],[33.053883,38.283034],[33.053984,38.283311],[33.05411,38.283774],[33.054128,38.284013],[33.051411,38.284765],[33.051012,38.284887],[33.050935,38.284835],[33.049639,38.285454],[33.048496,38.286061],[33.049437,38.286862],[33.049487,38.287694],[33.046888,38.286411],[33.047009,38.28685],[33.04719,38.287389],[33.047343,38.287656],[33.047288,38.287713],[33.045642,38.2872],[33.044717,38.286998],[33.044466,38.287002],[33.044286,38.288205],[33.044275,38.288425],[33.044095,38.289235],[33.044074,38.289451],[33.043894,38.290309],[33.043681,38.291171],[33.043588,38.291404],[33.043451,38.291662],[33.04302,38.292197],[33.04291,38.292344],[33.042856,38.292464],[33.042757,38.292783],[33.042703,38.293279],[33.042632,38.294012],[33.042616,38.294068],[33.0426,38.294253],[33.042551,38.294667],[33.04242,38.295211],[33.042376,38.29543],[33.0423,38.29606],[33.044198,38.29627],[33.043559,38.297878],[33.04444,38.298046],[33.044074,38.298917],[33.043888,38.299344],[33.043298,38.300741],[33.041457,38.305285],[33.041485,38.305418],[33.042979,38.306465],[33.043329,38.307224],[33.043433,38.307297],[33.044643,38.308124],[33.046843,38.30961],[33.04698,38.309649],[33.049076,38.310752],[33.050734,38.311596],[33.052064,38.312311],[33.053788,38.313504],[33.055628,38.314788],[33.057544,38.316145],[33.057615,38.316214],[33.059133,38.316628],[33.060887,38.316954],[33.065337,38.319223],[33.069273,38.320367],[33.06921,38.318432],[33.069194,38.318048],[33.069182,38.317505],[33.069144,38.317251],[33.070102,38.318143],[33.071201,38.317422],[33.071836,38.317521],[33.07268,38.317651],[33.072716,38.317656],[33.073571,38.3178],[33.074419,38.317924],[33.075338,38.318067],[33.075832,38.316081],[33.076023,38.315428],[33.076055,38.315294],[33.076131,38.315045],[33.074646,38.313082],[33.074678,38.312992],[33.074918,38.31263],[33.07596,38.312961],[33.076204,38.311444],[33.076417,38.311551],[33.076221,38.312294],[33.076844,38.313325],[33.076871,38.313386],[33.077886,38.313707],[33.079,38.314059],[33.080044,38.311776],[33.080072,38.31172],[33.080279,38.312004],[33.081771,38.314057],[33.082409,38.314082],[33.087662,38.314293],[33.089757,38.314374],[33.09417,38.314551],[33.094306,38.314568],[33.094477,38.315737],[33.094935,38.315736],[33.097013,38.315391],[33.097078,38.315356],[33.097233,38.316465],[33.097233,38.316697],[33.097683,38.318841],[33.099406,38.318526],[33.099635,38.318414],[33.101703,38.318193],[33.102575,38.318102],[33.102624,38.318106],[33.1057,38.317627],[33.105875,38.317579],[33.107405,38.317139],[33.107592,38.317096],[33.10834,38.316906],[33.109054,38.316841],[33.109179,38.31679],[33.10974,38.316024],[33.110304,38.313827],[33.110858,38.312477],[33.111249,38.311196],[33.111646,38.310139],[33.111607,38.309421],[33.112313,38.307839],[33.112509,38.307392],[33.112774,38.306321],[33.113056,38.305113],[33.113154,38.305122],[33.11538,38.305347],[33.114844,38.304321],[33.115007,38.304321],[33.116038,38.304354],[33.115938,38.303202],[33.115992,38.302979],[33.11598,38.301956],[33.11598,38.301698],[33.116127,38.301762],[33.116198,38.30178],[33.116318,38.30184],[33.117229,38.302097],[33.117546,38.302156],[33.117805,38.300643],[33.119736,38.300629],[33.119701,38.299795],[33.119689,38.299077],[33.121691,38.29892],[33.121497,38.297464],[33.121377,38.297472],[33.121372,38.297391],[33.12131,38.296174],[33.121243,38.295337],[33.121908,38.295456],[33.126375,38.295645],[33.125837,38.293368],[33.126458,38.29344],[33.126617,38.293874],[33.129894,38.293634],[33.129888,38.293221],[33.131153,38.29313],[33.13097,38.29123],[33.132441,38.290919],[33.132551,38.290945],[33.133642,38.291227],[33.133768,38.291721],[33.135928,38.292252],[33.136163,38.289566],[33.136313,38.288229],[33.136608,38.285585],[33.136684,38.285271],[33.13686,38.283019],[33.136691,38.283093],[33.133659,38.282834],[33.132803,38.282753],[33.132954,38.281803],[33.13207,38.281735],[33.131111,38.281771],[33.1311,38.281702],[33.130992,38.279171],[33.130964,38.278703],[33.130919,38.278118],[33.130913,38.278049],[33.129163,38.277776],[33.127483,38.277481],[33.126872,38.277366],[33.125858,38.277174],[33.124096,38.276875],[33.124161,38.276342],[33.124462,38.274059],[33.124768,38.271399],[33.124003,38.270278],[33.123903,38.270239],[33.123099,38.270836],[33.121264,38.272225],[33.120726,38.275941],[33.12062,38.276013],[33.120408,38.275858],[33.117139,38.273366],[33.116439,38.272859],[33.115399,38.272108],[33.113829,38.271079],[33.113638,38.270929],[33.113065,38.270512],[33.112549,38.270128],[33.111247,38.268921],[33.110539,38.268286],[33.109245,38.267235],[33.108424,38.266667],[33.10626,38.264942],[33.106146,38.264848],[33.103158,38.265051],[33.100443,38.265164],[33.098891,38.265331],[33.098499,38.265381],[33.097327,38.265527],[33.09663,38.265587],[33.094484,38.265853],[33.09411,38.265914],[33.092406,38.26607],[33.092032,38.266095],[33.091862,38.266115],[33.092491,38.268367],[33.092777,38.269076],[33.093,38.269635],[33.092987,38.269685],[33.090547,38.268289],[33.087289,38.266483],[33.086414,38.265985],[33.081756,38.263371],[33.081692,38.263271],[33.080271,38.26124],[33.079161,38.259658],[33.078685,38.259024],[33.078057,38.25814],[33.077918,38.25813],[33.077753,38.257971],[33.077385,38.257471],[33.07717,38.257197],[33.077037,38.257067],[33.076701,38.256673],[33.076567,38.256473],[33.076453,38.256323],[33.076181,38.256069],[33.075687,38.256309],[33.075345,38.256429],[33.075149,38.256539],[33.074756,38.256824],[33.074343,38.257138],[33.073699,38.257577],[33.073009,38.257901],[33.072131,38.258275],[33.072072,38.258289],[33.071557,38.258317],[33.071475,38.258345],[33.071054,38.258156],[33.068693,38.256574],[33.068119,38.256279],[33.06741,38.25598],[33.065027,38.255048],[33.064207,38.254707],[33.064014,38.25492],[33.063839,38.255289],[33.063336,38.256134],[33.062781,38.256693],[33.061774,38.25758],[33.061681,38.257649],[33.062243,38.258378],[33.059955,38.25903],[33.060225,38.259865],[33.060354,38.260078],[33.060583,38.260885],[33.061018,38.262584],[33.061476,38.264384],[33.061587,38.264421],[33.061723,38.265487],[33.061765,38.266751],[33.061742,38.267356],[33.061801,38.267665],[33.061906,38.267975],[33.061924,38.268048],[33.062129,38.268685],[33.062299,38.269133],[33.062341,38.269299],[33.062323,38.269636],[33.062376,38.269848],[33.062464,38.270047],[33.06267,38.27061],[33.062558,38.270619],[33.06154,38.270569],[33.060485,38.270473],[33.05956,38.270413],[33.059385,38.270762],[33.058214,38.270584],[33.057157,38.272998],[33.058679,38.273317],[33.058737,38.273391],[33.058662,38.273968],[33.058556,38.274328],[33.058419,38.274717],[33.058247,38.27505],[33.05798,38.275655]]]]}},{"type":"Feature","properties":{"id":"TR-Y-42-004-M-0017","level":"yerlesim","type":"mahalle","parent_id":"TR-D-42-004","province_id":"TR-P-42","district_id":"TR-D-42-004","name":"Yeni Ölmez","source_raw_name":"YENİ ÖLMEZ","source":"Kamuya açık veri ve kent rehberi servisleri","source_label":"Kamuya açık veri ve kent rehberi servisleri","source_name":"Konya Büyükşehir Belediyesi Açık Veri Platformu - Mahalleler"},"geometry":{"type":"MultiPolygon","coordinates":[[[[32.767524,38.255211],[32.767065,38.255449],[32.766626,38.255757],[32.766269,38.25603],[32.765446,38.256536],[32.764876,38.256902],[32.764417,38.25721],[32.763994,38.257458],[32.764892,38.258198],[32.764844,38.258241],[32.764334,38.258545],[32.76395,38.258794],[32.763304,38.258254],[32.763029,38.257979],[32.762698,38.257732],[32.762001,38.258117],[32.761757,38.257864],[32.761391,38.257434],[32.761219,38.257172],[32.760872,38.256723],[32.760723,38.256564],[32.760526,38.256398],[32.760372,38.256227],[32.760238,38.256336],[32.760052,38.256444],[32.759854,38.256531],[32.759755,38.256581],[32.759485,38.256662],[32.759305,38.256738],[32.758877,38.256987],[32.758683,38.257123],[32.758375,38.257281],[32.757591,38.257772],[32.7571,38.25807],[32.756578,38.258368],[32.756135,38.258638],[32.755391,38.259162],[32.755058,38.259361],[32.754243,38.259976],[32.754112,38.260137],[32.753721,38.260021],[32.753457,38.259893],[32.752779,38.259587],[32.75242,38.259455],[32.751698,38.259142],[32.751115,38.258876],[32.751142,38.25883],[32.751297,38.258683],[32.751602,38.258292],[32.751904,38.257863],[32.752439,38.257338],[32.751735,38.256558],[32.751325,38.256143],[32.751077,38.255871],[32.750956,38.2557],[32.750555,38.25511],[32.750433,38.254833],[32.750375,38.254665],[32.750265,38.254487],[32.750241,38.254409],[32.750253,38.254344],[32.750317,38.254266],[32.750859,38.253903],[32.751006,38.253806],[32.751468,38.253605],[32.752121,38.253326],[32.752659,38.253094],[32.752959,38.252957],[32.753113,38.252899],[32.753216,38.252799],[32.753232,38.252749],[32.753201,38.25269],[32.752973,38.252472],[32.752728,38.252287],[32.752491,38.252439],[32.752123,38.252613],[32.75136,38.253051],[32.750731,38.253333],[32.750545,38.253419],[32.750327,38.253584],[32.749777,38.253966],[32.748945,38.254699],[32.748541,38.255056],[32.748157,38.255329],[32.747615,38.255646],[32.747128,38.256043],[32.746898,38.256205],[32.74676,38.256307],[32.746534,38.256472],[32.746467,38.256456],[32.746045,38.256119],[32.745793,38.255897],[32.74573,38.255944],[32.745229,38.255684],[32.744484,38.255318],[32.744272,38.255206],[32.743992,38.255068],[32.74368,38.254949],[32.743163,38.254774],[32.742793,38.254667],[32.742469,38.254545],[32.742028,38.254372],[32.74157,38.254228],[32.741101,38.254059],[32.740469,38.253896],[32.740421,38.254005],[32.740374,38.254154],[32.740353,38.254347],[32.740419,38.254817],[32.740433,38.255185],[32.740404,38.255487],[32.740239,38.255418],[32.739915,38.255324],[32.73915,38.255148],[32.73853,38.255031],[32.737773,38.254861],[32.737165,38.254651],[32.737031,38.254564],[32.736901,38.254563],[32.736514,38.254482],[32.736218,38.254403],[32.735765,38.254234],[32.735414,38.254074],[32.735169,38.253987],[32.734495,38.25382],[32.734221,38.253806],[32.734298,38.254023],[32.734431,38.254354],[32.734697,38.255069],[32.734886,38.255585],[32.735074,38.256031],[32.735301,38.256649],[32.735346,38.256733],[32.735457,38.256941],[32.735846,38.257563],[32.735952,38.257656],[32.736148,38.257772],[32.736332,38.25786],[32.736427,38.257944],[32.736488,38.258094],[32.736687,38.258549],[32.736854,38.258801],[32.737245,38.259172],[32.737484,38.259358],[32.737713,38.259517],[32.73783,38.259672],[32.737891,38.259778],[32.737941,38.259954],[32.737968,38.260166],[32.738073,38.260466],[32.73814,38.260656],[32.738584,38.261455],[32.738629,38.261592],[32.738751,38.261893],[32.738795,38.262113],[32.738833,38.262338],[32.738889,38.262488],[32.739055,38.262771],[32.739155,38.262992],[32.739494,38.263689],[32.739738,38.264263],[32.739816,38.264488],[32.739899,38.2647],[32.740066,38.264992],[32.740215,38.26531],[32.740515,38.265998],[32.740659,38.266294],[32.740965,38.26693],[32.74117,38.267354],[32.741431,38.26791],[32.741626,38.268378],[32.741714,38.268546],[32.741737,38.268595],[32.742036,38.269257],[32.742314,38.26995],[32.742408,38.270294],[32.742668,38.271054],[32.742895,38.271641],[32.743373,38.272634],[32.743821,38.274073],[32.743871,38.274157],[32.743927,38.274214],[32.743983,38.274228],[32.743994,38.274303],[32.74396,38.274351],[32.743971,38.274466],[32.744082,38.274797],[32.744212,38.275239],[32.744532,38.276035],[32.744864,38.276814],[32.745213,38.27761],[32.745493,38.278236],[32.745515,38.278346],[32.745449,38.278432],[32.745599,38.278592],[32.745733,38.278884],[32.745937,38.27933],[32.746061,38.279735],[32.746232,38.280016],[32.746407,38.280291],[32.746578,38.280694],[32.746782,38.281085],[32.747092,38.281722],[32.74742,38.282298],[32.74765,38.282727],[32.74796,38.283326],[32.748328,38.284148],[32.748688,38.284921],[32.74891,38.285486],[32.749321,38.286464],[32.749372,38.286618],[32.749423,38.286898],[32.749481,38.287075],[32.749619,38.287347],[32.749801,38.287842],[32.749838,38.287903],[32.749907,38.288137],[32.74995,38.288366],[32.749942,38.288577],[32.749989,38.288603],[32.750155,38.288392],[32.750372,38.288257],[32.750655,38.288136],[32.750828,38.288073],[32.751283,38.288094],[32.751591,38.288083],[32.751668,38.288106],[32.751818,38.288193],[32.751941,38.288729],[32.751988,38.288876],[32.752043,38.288914],[32.752634,38.288898],[32.753563,38.288859],[32.753886,38.288875],[32.754095,38.28893],[32.7542,38.289188],[32.75655,38.288845],[32.756619,38.289074],[32.756728,38.289309],[32.756927,38.289295],[32.757437,38.289287],[32.757899,38.289317],[32.758042,38.289349],[32.758468,38.289405],[32.758871,38.289443],[32.759366,38.289519],[32.759968,38.289607],[32.760481,38.289715],[32.760635,38.289722],[32.760881,38.28978],[32.761035,38.289835],[32.761471,38.290007],[32.76179,38.290109],[32.762682,38.290102],[32.7632,38.290065],[32.76364,38.290014],[32.763875,38.289991],[32.764161,38.289972],[32.764638,38.289984],[32.765101,38.290008],[32.765644,38.289989],[32.765817,38.2899],[32.766041,38.289767],[32.766286,38.289898],[32.766525,38.289971],[32.7668,38.289986],[32.766987,38.289972],[32.767285,38.28994],[32.767674,38.289895],[32.767824,38.289872],[32.768004,38.289855],[32.768163,38.289838],[32.768779,38.289764],[32.769197,38.289687],[32.769583,38.289589],[32.770335,38.289585],[32.770853,38.289618],[32.771425,38.289671],[32.772071,38.289747],[32.772724,38.289812],[32.772874,38.289827],[32.773146,38.289879],[32.773443,38.289903],[32.773777,38.289947],[32.773945,38.290005],[32.774092,38.290023],[32.774162,38.290026],[32.774305,38.290055],[32.774667,38.290224],[32.77502,38.290233],[32.775192,38.2903],[32.77543,38.290425],[32.77572,38.290535],[32.775929,38.290527],[32.77605,38.290458],[32.776128,38.290386],[32.776297,38.29029],[32.776749,38.290098],[32.7773,38.289937],[32.777814,38.28981],[32.77995,38.289249],[32.780513,38.289095],[32.780623,38.289095],[32.7808,38.289064],[32.781009,38.288992],[32.781321,38.288836],[32.781957,38.288641],[32.783158,38.288273],[32.785476,38.2876],[32.786629,38.287287],[32.787591,38.287026],[32.788473,38.286784],[32.788924,38.286652],[32.78942,38.286526],[32.790206,38.286313],[32.791117,38.286095],[32.791172,38.286072],[32.792424,38.285747],[32.793845,38.285435],[32.796823,38.284821],[32.796816,38.28474],[32.798038,38.284623],[32.798336,38.284569],[32.798625,38.28454],[32.799561,38.284481],[32.800017,38.284427],[32.800303,38.284439],[32.800449,38.284541],[32.800786,38.284738],[32.801036,38.284871],[32.801307,38.285069],[32.801432,38.284886],[32.801683,38.284418],[32.802114,38.283757],[32.802586,38.282962],[32.802714,38.282826],[32.802975,38.282642],[32.803222,38.282518],[32.803325,38.282417],[32.803468,38.282171],[32.803693,38.281912],[32.804397,38.282223],[32.804978,38.282447],[32.805111,38.282505],[32.805198,38.282545],[32.805859,38.282869],[32.806288,38.283061],[32.806599,38.283191],[32.80712,38.283308],[32.807535,38.283442],[32.807905,38.283578],[32.808235,38.283741],[32.808619,38.283964],[32.809338,38.284353],[32.809895,38.284655],[32.810169,38.284782],[32.810858,38.285122],[32.811493,38.285343],[32.812164,38.285561],[32.813124,38.28586],[32.813795,38.28609],[32.814268,38.28627],[32.814866,38.286511],[32.815507,38.286723],[32.816182,38.286958],[32.816839,38.287147],[32.817161,38.287249],[32.817682,38.287444],[32.818026,38.287595],[32.818386,38.287766],[32.819306,38.288219],[32.819658,38.288364],[32.820409,38.288628],[32.82068,38.288744],[32.820768,38.288773],[32.821781,38.289113],[32.82181,38.289078],[32.821847,38.289032],[32.821466,38.2888],[32.821948,38.288327],[32.822521,38.287876],[32.822034,38.28761],[32.821231,38.28714],[32.821033,38.287053],[32.820689,38.286821],[32.820194,38.28649],[32.819949,38.286322],[32.819678,38.286122],[32.81959,38.286024],[32.819557,38.285963],[32.819925,38.285758],[32.81965,38.285503],[32.819503,38.285364],[32.819386,38.285231],[32.819185,38.284993],[32.820068,38.284248],[32.821384,38.283166],[32.821439,38.283111],[32.821425,38.28305],[32.82137,38.282966],[32.821352,38.282891],[32.821323,38.282813],[32.820631,38.282144],[32.82152,38.281448],[32.821451,38.281393],[32.821107,38.281118],[32.820488,38.280619],[32.820074,38.280297],[32.819766,38.280022],[32.819689,38.279944],[32.82009,38.279667],[32.82041,38.279413],[32.820752,38.279139],[32.821108,38.278879],[32.82138,38.278743],[32.821439,38.278686],[32.821241,38.27846],[32.820956,38.278164],[32.820502,38.277767],[32.820183,38.277556],[32.819282,38.277036],[32.819477,38.276886],[32.819951,38.276572],[32.820186,38.276451],[32.820333,38.27639],[32.821031,38.276125],[32.821115,38.27614],[32.821177,38.276215],[32.821247,38.27627],[32.82135,38.27627],[32.822183,38.275997],[32.822271,38.275982],[32.822356,38.276006],[32.822444,38.276069],[32.822711,38.276423],[32.822802,38.27655],[32.823018,38.276762],[32.823395,38.277208],[32.82394,38.277827],[32.82405,38.27779],[32.824491,38.277536],[32.824697,38.277418],[32.825656,38.276907],[32.8265,38.276619],[32.826879,38.276458],[32.826209,38.275728],[32.826037,38.275583],[32.826224,38.275416],[32.8269,38.274983],[32.827926,38.274365],[32.827838,38.274145],[32.827604,38.273856],[32.827392,38.273613],[32.827253,38.273398],[32.827136,38.273129],[32.827488,38.27294],[32.828103,38.272712],[32.828627,38.273329],[32.828983,38.273757],[32.829364,38.274266],[32.829789,38.274796],[32.830167,38.274513],[32.830571,38.274207],[32.830608,38.274188],[32.830707,38.274138],[32.83034,38.273675],[32.830145,38.273283],[32.830023,38.273111],[32.829795,38.272891],[32.829505,38.272622],[32.829366,38.272375],[32.829779,38.272464],[32.83036,38.272434],[32.831007,38.272369],[32.831326,38.272259],[32.831896,38.272084],[32.832321,38.271886],[32.832382,38.271781],[32.832528,38.271464],[32.833194,38.270682],[32.833356,38.270581],[32.833675,38.270533],[32.833848,38.270467],[32.833971,38.270287],[32.834206,38.270058],[32.834463,38.269931],[32.834899,38.269909],[32.835217,38.26987],[32.835435,38.269919],[32.835586,38.269906],[32.83591,38.269783],[32.8362,38.269911],[32.836535,38.269982],[32.836629,38.270053],[32.837025,38.270383],[32.837282,38.270467],[32.837449,38.270538],[32.837555,38.270705],[32.837711,38.270741],[32.838304,38.270354],[32.838416,38.27013],[32.838578,38.269901],[32.838824,38.269699],[32.839188,38.269277],[32.839395,38.269123],[32.839558,38.268908],[32.839788,38.268301],[32.839995,38.267953],[32.840488,38.267492],[32.840644,38.267452],[32.840901,38.267356],[32.84132,38.267079],[32.841253,38.267031],[32.840763,38.266629],[32.840177,38.266321],[32.840094,38.266276],[32.84029,38.265938],[32.840547,38.265656],[32.840648,38.26548],[32.84076,38.265366],[32.840822,38.265366],[32.841485,38.26568],[32.841987,38.265821],[32.842077,38.265588],[32.842206,38.265311],[32.842324,38.265126],[32.842738,38.264616],[32.84305,38.264749],[32.843862,38.263751],[32.843907,38.263627],[32.844024,38.26361],[32.844153,38.263641],[32.844264,38.263628],[32.844594,38.263518],[32.845097,38.263391],[32.845309,38.263317],[32.845628,38.263035],[32.845639,38.262983],[32.845438,38.262806],[32.845288,38.262705],[32.845154,38.262661],[32.844959,38.26266],[32.844802,38.262638],[32.844724,38.262533],[32.844618,38.262484],[32.844518,38.262488],[32.84338,38.261203],[32.842391,38.261416],[32.840289,38.261762],[32.840109,38.261888],[32.839802,38.262024],[32.839176,38.262252],[32.838992,38.262115],[32.838836,38.261899],[32.838691,38.261745],[32.838418,38.261538],[32.837833,38.260943],[32.8377,38.260784],[32.837533,38.260612],[32.837382,38.260493],[32.83722,38.260432],[32.836617,38.260699],[32.83617,38.260866],[32.835734,38.261103],[32.835097,38.261463],[32.834807,38.261234],[32.833354,38.26176],[32.826399,38.26164],[32.826086,38.261666],[32.82572,38.26071],[32.825603,38.260785],[32.825312,38.260859],[32.825111,38.260955],[32.824308,38.261335],[32.823917,38.261549],[32.82381,38.26163],[32.823723,38.261664],[32.823656,38.26167],[32.823565,38.261601],[32.823427,38.261486],[32.823297,38.261529],[32.822083,38.261995],[32.821997,38.261823],[32.821906,38.261686],[32.821843,38.261639],[32.821737,38.261664],[32.82129,38.261844],[32.821021,38.261953],[32.820764,38.262086],[32.820917,38.262345],[32.820522,38.262525],[32.820344,38.262612],[32.820186,38.262689],[32.819917,38.262813],[32.819573,38.26299],[32.819383,38.263105],[32.818913,38.263354],[32.81866,38.263101],[32.81844,38.262852],[32.818144,38.262558],[32.817837,38.262278],[32.817569,38.26205],[32.817222,38.261772],[32.816883,38.26147],[32.816682,38.261252],[32.816592,38.261167],[32.816308,38.260952],[32.814014,38.259195],[32.81306,38.25849],[32.812461,38.258084],[32.811865,38.257685],[32.811613,38.257407],[32.81146,38.257229],[32.811401,38.257111],[32.811338,38.257055],[32.811267,38.257002],[32.811212,38.25697],[32.811212,38.256896],[32.811093,38.256939],[32.81101,38.256914],[32.810896,38.256914],[32.810423,38.256608],[32.809741,38.256134],[32.809051,38.255634],[32.808436,38.255213],[32.808381,38.255253],[32.807945,38.255664],[32.807237,38.256248],[32.806592,38.256754],[32.806028,38.256317],[32.805355,38.25683],[32.804857,38.257259],[32.804694,38.257386],[32.805629,38.258073],[32.80534,38.258272],[32.806124,38.258964],[32.805578,38.259331],[32.805332,38.259505],[32.805048,38.259657],[32.804336,38.259986],[32.804269,38.260017],[32.803719,38.260253],[32.803518,38.260243],[32.803147,38.260165],[32.802578,38.260014],[32.802018,38.25992],[32.801896,38.259901],[32.801872,38.259997],[32.801863,38.260296],[32.801831,38.260449],[32.801329,38.260373],[32.800887,38.260285],[32.800631,38.260257],[32.800584,38.260104],[32.800669,38.259195],[32.800654,38.259086],[32.800571,38.259008],[32.80005,38.258873],[32.800055,38.258537],[32.800072,38.258185],[32.800088,38.258086],[32.800169,38.25741],[32.800181,38.257083],[32.799126,38.257411],[32.798981,38.2571],[32.79882,38.256838],[32.798694,38.256623],[32.798501,38.256258],[32.798379,38.256304],[32.798043,38.256438],[32.797654,38.255587],[32.797599,38.255487],[32.797466,38.255163],[32.797434,38.255051],[32.797332,38.25501],[32.797249,38.255001],[32.796933,38.255116],[32.796241,38.255332],[32.796134,38.25536],[32.795822,38.255416],[32.795289,38.25553],[32.795028,38.255573],[32.794834,38.255651],[32.794752,38.255495],[32.794563,38.255202],[32.793942,38.255472],[32.793683,38.255098],[32.793423,38.254642],[32.793266,38.254396],[32.793053,38.254134],[32.792699,38.253723],[32.792432,38.253352],[32.791869,38.252697],[32.791834,38.252634],[32.791157,38.253019],[32.790896,38.253153],[32.789763,38.251734],[32.789565,38.25183],[32.78877,38.252218],[32.788758,38.252308],[32.788181,38.252559],[32.78758,38.252869],[32.787249,38.252573],[32.787229,38.252526],[32.786717,38.252068],[32.786599,38.251934],[32.786454,38.251802],[32.786331,38.251777],[32.78626,38.25178],[32.786201,38.251811],[32.785932,38.251979],[32.785706,38.2521],[32.785425,38.252311],[32.785089,38.252603],[32.784887,38.252796],[32.784713,38.252979],[32.784606,38.253144],[32.784289,38.253468],[32.784107,38.253592],[32.783249,38.252594],[32.782745,38.252014],[32.78219,38.251437],[32.78182,38.251068],[32.781655,38.250863],[32.781501,38.2507],[32.781379,38.250591],[32.780086,38.251277],[32.779948,38.25114],[32.779861,38.251024],[32.779535,38.250556],[32.779421,38.250345],[32.779225,38.249939],[32.778946,38.249466],[32.778678,38.249123],[32.778537,38.248882],[32.778284,38.249022],[32.777469,38.249432],[32.776476,38.249975],[32.776014,38.250173],[32.774471,38.250974],[32.773641,38.251399],[32.773605,38.25147],[32.773636,38.251579],[32.774459,38.252493],[32.7751,38.253301],[32.775049,38.253323],[32.774257,38.253776],[32.773415,38.254163],[32.772581,38.254532],[32.772209,38.254656],[32.772005,38.254288],[32.771392,38.254567],[32.770771,38.254859],[32.770665,38.254687],[32.770531,38.254541],[32.77006,38.254714],[32.769503,38.254947],[32.768981,38.255188],[32.768788,38.255004],[32.768674,38.25483],[32.768496,38.254917],[32.768172,38.255044],[32.767875,38.255177],[32.767749,38.255208],[32.76769,38.255096],[32.767524,38.255211]]]]}},{"type":"Feature","properties":{"id":"TR-Y-42-004-M-0018","level":"yerlesim","type":"mahalle","parent_id":"TR-D-42-004","province_id":"TR-P-42","district_id":"TR-D-42-004","name":"Yenice","source_raw_name":"YENİCE","source":"Kamuya açık veri ve kent rehberi servisleri","source_label":"Kamuya açık veri ve kent rehberi servisleri","source_name":"Konya Büyükşehir Belediyesi Açık Veri Platformu - Mahalleler"},"geometry":{"type":"MultiPolygon","coordinates":[[[[32.891023,38.344531],[32.891006,38.345466],[32.891031,38.345913],[32.891026,38.346078],[32.89101,38.346175],[32.890719,38.346102],[32.889762,38.346069],[32.889501,38.346174],[32.889337,38.346355],[32.889183,38.346588],[32.889121,38.346754],[32.888967,38.347704],[32.889002,38.347918],[32.889063,38.348103],[32.889104,38.348422],[32.888975,38.348897],[32.888956,38.34918],[32.888924,38.349607],[32.888928,38.349928],[32.888941,38.350155],[32.888976,38.350404],[32.889054,38.350749],[32.889128,38.350914],[32.889185,38.350962],[32.889246,38.351059],[32.88925,38.351125],[32.889355,38.351142],[32.88943,38.351177],[32.889548,38.351246],[32.889705,38.351366],[32.889758,38.351397],[32.889845,38.351425],[32.890077,38.351453],[32.890331,38.351474],[32.890537,38.351533],[32.890406,38.351584],[32.890265,38.351608],[32.89016,38.351722],[32.890094,38.351843],[32.890072,38.351967],[32.890103,38.352094],[32.890229,38.352215],[32.890251,38.352284],[32.890256,38.35235],[32.890207,38.352405],[32.890098,38.352443],[32.889962,38.352522],[32.889957,38.352584],[32.890014,38.35266],[32.890089,38.352732],[32.890176,38.35287],[32.890342,38.353119],[32.890552,38.35335],[32.890814,38.353502],[32.891024,38.353588],[32.891309,38.353664],[32.891729,38.35373],[32.893108,38.354019],[32.893089,38.354189],[32.893147,38.354357],[32.89313,38.354446],[32.892978,38.354779],[32.892894,38.355155],[32.892883,38.355918],[32.892836,38.356434],[32.892867,38.357105],[32.892981,38.357591],[32.893009,38.357924],[32.892978,38.358749],[32.892937,38.359404],[32.892805,38.359984],[32.892751,38.360678],[32.892705,38.361112],[32.892661,38.361326],[32.892654,38.361548],[32.892791,38.362775],[32.89278,38.363069],[32.892639,38.363981],[32.892583,38.365102],[32.892596,38.36569],[32.892574,38.365956],[32.892462,38.366496],[32.892439,38.366925],[32.892462,38.367338],[32.892532,38.3677],[32.892605,38.368419],[32.892617,38.368906],[32.892546,38.369501],[32.892597,38.36969],[32.892664,38.36981],[32.892704,38.370016],[32.892685,38.370283],[32.892698,38.370588],[32.893215,38.370496],[32.893723,38.370396],[32.894074,38.370366],[32.894485,38.370349],[32.895147,38.370343],[32.895366,38.370377],[32.895861,38.370419],[32.896154,38.370402],[32.89668,38.37033],[32.896978,38.370317],[32.897376,38.370331],[32.897932,38.370407],[32.8983,38.370438],[32.898769,38.370508],[32.899001,38.370556],[32.899294,38.370619],[32.899653,38.37066],[32.900148,38.370699],[32.90077,38.370703],[32.901872,38.370686],[32.902809,38.370572],[32.903858,38.370219],[32.903986,38.370753],[32.904115,38.371015],[32.904027,38.371064],[32.90359,38.371126],[32.903361,38.371191],[32.903336,38.371263],[32.903332,38.371486],[32.90351,38.371827],[32.903718,38.372089],[32.903847,38.372292],[32.903809,38.372427],[32.903717,38.372649],[32.903438,38.373082],[32.903617,38.373098],[32.903837,38.373229],[32.90402,38.373423],[32.904178,38.37361],[32.904415,38.373747],[32.904694,38.373816],[32.90501,38.373807],[32.905455,38.373676],[32.905801,38.373617],[32.906408,38.373598],[32.906654,38.373494],[32.906787,38.373386],[32.906987,38.373202],[32.907079,38.373009],[32.907237,38.372865],[32.907749,38.372597],[32.907991,38.372443],[32.908145,38.372319],[32.908661,38.371828],[32.90867,38.371766],[32.908633,38.371654],[32.908629,38.371576],[32.908662,38.371471],[32.908513,38.371215],[32.908513,38.371156],[32.908559,38.371078],[32.909137,38.370662],[32.9092,38.370649],[32.909283,38.370666],[32.909441,38.37079],[32.909578,38.370862],[32.909753,38.370905],[32.909928,38.370931],[32.910098,38.370958],[32.910294,38.370994],[32.910606,38.370978],[32.910785,38.370945],[32.91093,38.370886],[32.911021,38.37165],[32.911008,38.371807],[32.911,38.371849],[32.910954,38.371879],[32.910567,38.372023],[32.91055,38.372091],[32.910558,38.372321],[32.910716,38.37273],[32.91082,38.372986],[32.910915,38.373238],[32.91106,38.373481],[32.911388,38.374054],[32.91148,38.37428],[32.91155,38.374641],[32.911537,38.374739],[32.911541,38.374821],[32.911562,38.374893],[32.911824,38.374896],[32.912511,38.374861],[32.912644,38.374782],[32.91274,38.374648],[32.912774,38.374504],[32.912836,38.374412],[32.913028,38.374262],[32.913178,38.374151],[32.913573,38.373669],[32.913953,38.373201],[32.914286,38.372772],[32.914532,38.372618],[32.914715,38.372475],[32.915115,38.372124],[32.915561,38.371751],[32.91581,38.371591],[32.915881,38.371496],[32.91589,38.37144],[32.916002,38.37145],[32.916588,38.371667],[32.916522,38.371945],[32.916526,38.372056],[32.916579,38.372191],[32.916725,38.372361],[32.916845,38.372453],[32.916895,38.372463],[32.917099,38.372571],[32.917216,38.372594],[32.91744,38.372608],[32.917619,38.372594],[32.917861,38.372552],[32.917969,38.372811],[32.918031,38.372896],[32.918222,38.372965],[32.918314,38.373027],[32.918422,38.373204],[32.918517,38.37346],[32.91865,38.373853],[32.918824,38.374237],[32.919565,38.374024],[32.919706,38.374175],[32.919889,38.374827],[32.92043,38.374785],[32.921616,38.374638],[32.922078,38.374602],[32.922631,38.374518],[32.923447,38.374439],[32.923725,38.375134],[32.923845,38.375383],[32.923916,38.375629],[32.924024,38.375662],[32.92412,38.375619],[32.924157,38.37557],[32.924324,38.375347],[32.924482,38.375256],[32.924807,38.375187],[32.925818,38.375037],[32.925814,38.37526],[32.925868,38.375339],[32.926001,38.375427],[32.926737,38.375785],[32.92719,38.375965],[32.927249,38.376045],[32.927267,38.376093],[32.927688,38.376348],[32.928212,38.376737],[32.92842,38.376852],[32.929048,38.377122],[32.929146,38.377175],[32.929414,38.376872],[32.929451,38.376709],[32.929928,38.375619],[32.930093,38.375312],[32.930947,38.375528],[32.931209,38.375629],[32.93149,38.375764],[32.931502,38.375822],[32.931892,38.375908],[32.931929,38.375956],[32.931788,38.376345],[32.932606,38.376072],[32.933479,38.375731],[32.933589,38.375813],[32.933704,38.375972],[32.933851,38.37614],[32.93418,38.376596],[32.938712,38.377646],[32.939188,38.377665],[32.939743,38.377637],[32.940274,38.377536],[32.94039,38.377493],[32.940817,38.377325],[32.940958,38.377239],[32.941208,38.376941],[32.941275,38.376884],[32.94518,38.376957],[32.945308,38.376934],[32.945516,38.376938],[32.945784,38.376972],[32.94615,38.376991],[32.947163,38.376963],[32.947274,38.37696],[32.947265,38.3769],[32.947206,38.376288],[32.947216,38.374869],[32.94717,38.373781],[32.947023,38.373134],[32.94681,38.372555],[32.946776,38.372497],[32.947679,38.372324],[32.948521,38.372119],[32.949229,38.371893],[32.950088,38.37171],[32.950548,38.371579],[32.951224,38.37141],[32.952183,38.371266],[32.952263,38.371261],[32.953086,38.371087],[32.953246,38.371039],[32.953394,38.370908],[32.953689,38.370546],[32.954144,38.369999],[32.954672,38.36955],[32.955029,38.369274],[32.95533,38.369076],[32.956104,38.368462],[32.956098,38.36838],[32.954348,38.36731],[32.953205,38.368277],[32.952854,38.368552],[32.952639,38.368794],[32.951477,38.369631],[32.951305,38.369684],[32.950531,38.370017],[32.950353,38.370075],[32.950285,38.370056],[32.949764,38.36904],[32.950151,38.368842],[32.95422,38.366444],[32.954447,38.366265],[32.954404,38.366222],[32.954306,38.366183],[32.953827,38.365975],[32.953237,38.365752],[32.952832,38.365563],[32.955106,38.364413],[32.955935,38.363959],[32.95512,38.363127],[32.954431,38.362294],[32.954376,38.362251],[32.953872,38.361632],[32.9541,38.36154],[32.954935,38.361366],[32.956275,38.361207],[32.957067,38.361115],[32.958191,38.360951],[32.958228,38.361145],[32.958388,38.361633],[32.95848,38.361735],[32.95875,38.361754],[32.958904,38.361716],[32.959174,38.361692],[32.95926,38.361793],[32.959585,38.362557],[32.95988,38.363119],[32.962214,38.363439],[32.962318,38.363405],[32.962546,38.361901],[32.964881,38.361988],[32.964838,38.361572],[32.965587,38.36164],[32.965501,38.362303],[32.965402,38.363067],[32.965328,38.363541],[32.965241,38.365157],[32.965266,38.365273],[32.965272,38.365365],[32.965192,38.365452],[32.964897,38.36551],[32.96467,38.365519],[32.964534,38.366917],[32.964116,38.366941],[32.964073,38.367018],[32.964055,38.367352],[32.96395,38.368663],[32.963956,38.369084],[32.963532,38.36918],[32.963851,38.370046],[32.967116,38.368774],[32.967144,38.368872],[32.967703,38.369675],[32.968471,38.369336],[32.969626,38.368926],[32.970271,38.368679],[32.971162,38.36837],[32.971629,38.368206],[32.971691,38.368181],[32.972059,38.368046],[32.972741,38.367746],[32.974167,38.366997],[32.974536,38.366808],[32.974868,38.366576],[32.975089,38.366455],[32.975433,38.366267],[32.9759,38.366093],[32.976886,38.365611],[32.978076,38.365037],[32.978326,38.365072],[32.979021,38.364951],[32.980229,38.364752],[32.980662,38.364645],[32.981156,38.364587],[32.981608,38.364548],[32.982352,38.364613],[32.982462,38.3643],[32.982498,38.363947],[32.983138,38.363879],[32.983841,38.363843],[32.984887,38.363808],[32.986871,38.363678],[32.987529,38.363608],[32.987625,38.363618],[32.988264,38.363583],[32.988584,38.363573],[32.988642,38.363427],[32.988654,38.363241],[32.988578,38.362903],[32.988073,38.361262],[32.988035,38.361177],[32.987881,38.36088],[32.987696,38.360477],[32.987606,38.360175],[32.987459,38.359536],[32.987351,38.358871],[32.9873,38.358383],[32.9873,38.35799],[32.987338,38.357744],[32.987274,38.357623],[32.986674,38.357406],[32.985766,38.357074],[32.985216,38.356847],[32.982819,38.356067],[32.983062,38.355327],[32.98319,38.354934],[32.983318,38.354703],[32.983465,38.354285],[32.983631,38.353792],[32.983798,38.353404],[32.98374,38.353339],[32.98422,38.351944],[32.984968,38.349715],[32.985205,38.34975],[32.985448,38.349846],[32.985473,38.349896],[32.985198,38.350515],[32.985192,38.350661],[32.985275,38.350711],[32.986016,38.350802],[32.987908,38.351114],[32.988043,38.351134],[32.988247,38.35047],[32.988375,38.349816],[32.988561,38.349272],[32.988813,38.348375],[32.988903,38.34809],[32.988928,38.348037],[32.988143,38.347855],[32.987127,38.347595],[32.984941,38.347021],[32.983049,38.346493],[32.982142,38.346244],[32.98154,38.346095],[32.981241,38.346019],[32.980848,38.34589],[32.980622,38.345788],[32.980236,38.345668],[32.979814,38.345497],[32.979249,38.345233],[32.978267,38.344794],[32.97808,38.344709],[32.97778,38.344582],[32.977367,38.344452],[32.977215,38.34439],[32.977163,38.34438],[32.977033,38.344328],[32.976751,38.344266],[32.976376,38.344139],[32.976044,38.34399],[32.975944,38.343928],[32.975862,38.343889],[32.975523,38.343771],[32.975266,38.343667],[32.974873,38.343529],[32.974317,38.343267],[32.973938,38.343067],[32.973346,38.342862],[32.972818,38.342657],[32.972396,38.342522],[32.971954,38.342333],[32.971811,38.342263],[32.971351,38.342097],[32.970926,38.341979],[32.970476,38.341883],[32.969937,38.341754],[32.969398,38.341554],[32.968988,38.34141],[32.968795,38.34136],[32.968488,38.341334],[32.967514,38.341328],[32.967049,38.341286],[32.965957,38.341252],[32.965568,38.341238],[32.964761,38.341266],[32.964183,38.341308],[32.963922,38.341344],[32.963765,38.341395],[32.963751,38.341358],[32.962726,38.341397],[32.961698,38.341405],[32.961145,38.341439],[32.960624,38.341492],[32.959514,38.341506],[32.958179,38.341474],[32.957843,38.341412],[32.956052,38.340838],[32.955523,38.340647],[32.954364,38.340093],[32.954132,38.339932],[32.95319,38.339372],[32.952429,38.339125],[32.951883,38.338973],[32.950995,38.338835],[32.950623,38.338778],[32.950199,38.338668],[32.949878,38.338609],[32.949724,38.338584],[32.948925,38.33833],[32.947904,38.33806],[32.94658,38.337764],[32.945923,38.337635],[32.944392,38.337204],[32.942437,38.336626],[32.94087,38.336139],[32.939571,38.335981],[32.939007,38.335894],[32.938818,38.33586],[32.938514,38.335775],[32.938265,38.335685],[32.938083,38.335584],[32.937847,38.33539],[32.937419,38.335086],[32.937323,38.335035],[32.93733,38.334993],[32.936567,38.334535],[32.936506,38.334498],[32.935232,38.333609],[32.935033,38.333479],[32.934251,38.333043],[32.933691,38.332762],[32.93215,38.331993],[32.931601,38.331737],[32.931372,38.331591],[32.930837,38.331284],[32.930263,38.330972],[32.929885,38.330786],[32.929771,38.330727],[32.929176,38.330411],[32.928348,38.329927],[32.927509,38.329431],[32.926456,38.328661],[32.92641,38.328617],[32.926052,38.328407],[32.925071,38.328084],[32.924549,38.327922],[32.923869,38.327765],[32.923143,38.327531],[32.922591,38.327288],[32.922534,38.327264],[32.922314,38.327127],[32.922141,38.327038],[32.921982,38.32699],[32.921778,38.326953],[32.921645,38.326941],[32.921481,38.326877],[32.921415,38.326804],[32.921266,38.326683],[32.92098,38.326526],[32.920453,38.32628],[32.920044,38.32611],[32.919717,38.325989],[32.919185,38.325811],[32.918465,38.325545],[32.918306,38.3255],[32.918265,38.32546],[32.917544,38.325137],[32.916348,38.324689],[32.916015,38.324564],[32.915596,38.324443],[32.915264,38.324382],[32.914727,38.324257],[32.913024,38.32372],[32.91171,38.323304],[32.910739,38.323057],[32.910053,38.322936],[32.909583,38.322879],[32.908811,38.322774],[32.90834,38.32266],[32.908166,38.322636],[32.908063,38.323446],[32.907903,38.324328],[32.907764,38.324969],[32.907621,38.325355],[32.907477,38.325976],[32.907369,38.326302],[32.90702,38.327011],[32.90681,38.327152],[32.906662,38.327361],[32.906569,38.327506],[32.906241,38.328171],[32.905944,38.328731],[32.905492,38.329665],[32.905308,38.330092],[32.905282,38.330205],[32.905051,38.331108],[32.904958,38.331801],[32.904814,38.331873],[32.904825,38.331506],[32.904805,38.331103],[32.904638,38.329782],[32.904701,38.328786],[32.904696,38.328452],[32.90464,38.327968],[32.904093,38.32802],[32.903586,38.32802],[32.903239,38.328007],[32.903233,38.328096],[32.902921,38.328128],[32.902128,38.328276],[32.901668,38.328349],[32.901571,38.3283],[32.901489,38.32799],[32.90067,38.328192],[32.902524,38.335606],[32.902248,38.335714],[32.90187,38.335605],[32.901043,38.335876],[32.900649,38.335681],[32.9002,38.336227],[32.899563,38.336295],[32.898823,38.335779],[32.897964,38.334721],[32.896813,38.333202],[32.89604,38.332754],[32.895198,38.331709],[32.894512,38.330312],[32.893338,38.329204],[32.891416,38.327903],[32.889766,38.327076],[32.889617,38.327073],[32.889547,38.327084],[32.887931,38.32766],[32.887661,38.327793],[32.887045,38.328029],[32.886558,38.328149],[32.886468,38.328181],[32.883043,38.328444],[32.882405,38.328203],[32.882031,38.32812],[32.881681,38.327984],[32.881535,38.327875],[32.881176,38.327739],[32.881158,38.327894],[32.8812,38.328548],[32.881421,38.32931],[32.88152,38.330105],[32.881591,38.330471],[32.881713,38.330762],[32.881785,38.330907],[32.881907,38.331249],[32.881968,38.331543],[32.881998,38.331709],[32.882171,38.332051],[32.882227,38.332184],[32.882314,38.332511],[32.882446,38.332866],[32.882819,38.333587],[32.882941,38.333753],[32.883028,38.333821],[32.883022,38.334067],[32.883282,38.334756],[32.883558,38.335329],[32.883685,38.335559],[32.884547,38.337042],[32.884828,38.337457],[32.885053,38.337687],[32.885226,38.337869],[32.885354,38.338054],[32.885502,38.338437],[32.885593,38.339022],[32.885695,38.33934],[32.885853,38.33963],[32.886062,38.339913],[32.886272,38.340078],[32.886451,38.340183],[32.886635,38.340344],[32.88664,38.340409],[32.887288,38.341248],[32.888899,38.341688],[32.889963,38.341984],[32.890673,38.342187],[32.890924,38.342258],[32.890888,38.342379],[32.890826,38.342887],[32.89078,38.343024],[32.89081,38.343153],[32.890917,38.343806],[32.890947,38.343999],[32.891023,38.344531]]]]}},{"type":"Feature","properties":{"id":"TR-Y-42-004-M-0019","level":"yerlesim","type":"mahalle","parent_id":"TR-D-42-004","province_id":"TR-P-42","district_id":"TR-D-42-004","name":"Yenikuyu","source_raw_name":"YENİKUYU","source":"Kamuya açık veri ve kent rehberi servisleri","source_label":"Kamuya açık veri ve kent rehberi servisleri","source_name":"Konya Büyükşehir Belediyesi Açık Veri Platformu - Mahalleler"},"geometry":{"type":"MultiPolygon","coordinates":[[[[33.040087,38.2142],[33.039785,38.214422],[33.039357,38.214822],[33.039086,38.215106],[33.038512,38.215613],[33.038027,38.215983],[33.037276,38.216667],[33.036582,38.217392],[33.036253,38.217779],[33.036248,38.217829],[33.036994,38.217552],[33.0347,38.222239],[33.034601,38.2227],[33.034492,38.223161],[33.033866,38.225257],[33.03381,38.225291],[33.033573,38.225324],[33.033522,38.225336],[33.03325,38.225406],[33.033042,38.225472],[33.032347,38.225587],[33.031335,38.225645],[33.030599,38.225649],[33.030834,38.227251],[33.031017,38.227815],[33.031258,38.228882],[33.031357,38.229524],[33.031441,38.229792],[33.031567,38.230327],[33.031661,38.23129],[33.031703,38.231718],[33.031348,38.231743],[33.030904,38.231789],[33.030518,38.231785],[33.02986,38.231822],[33.029886,38.232011],[33.029897,38.232394],[33.028226,38.232419],[33.028174,38.23286],[33.028023,38.233556],[33.027841,38.234227],[33.027799,38.234441],[33.02781,38.23468],[33.027784,38.234767],[33.028468,38.2351],[33.028833,38.235149],[33.029434,38.235194],[33.029282,38.235964],[33.029079,38.237117],[33.030358,38.237249],[33.030145,38.23785],[33.029926,38.238542],[33.029905,38.238604],[33.029518,38.238558],[33.028375,38.238365],[33.027519,38.238176],[33.026615,38.240491],[33.026601,38.240556],[33.026496,38.240766],[33.026283,38.241491],[33.026064,38.24208],[33.025954,38.242253],[33.025917,38.242306],[33.026528,38.242672],[33.027218,38.243002],[33.027552,38.24322],[33.027281,38.243508],[33.026858,38.243858],[33.025865,38.244695],[33.025819,38.244744],[33.025318,38.244464],[33.024717,38.244061],[33.024365,38.243911],[33.024101,38.244032],[33.023736,38.24423],[33.023073,38.244576],[33.021757,38.245276],[33.021872,38.245473],[33.022033,38.245675],[33.022452,38.24615],[33.020474,38.247171],[33.020647,38.247387],[33.020839,38.247596],[33.021441,38.248494],[33.021915,38.249393],[33.021844,38.248518],[33.023165,38.248359],[33.023266,38.249343],[33.023367,38.250278],[33.02358,38.252074],[33.024716,38.252052],[33.027055,38.251857],[33.027201,38.252546],[33.02728,38.253349],[33.027342,38.254033],[33.028612,38.253878],[33.028808,38.254571],[33.028976,38.255696],[33.029156,38.256526],[33.029161,38.256588],[33.02891,38.256641],[33.02928,38.2583],[33.029767,38.258291],[33.030024,38.259394],[33.030344,38.260621],[33.030965,38.260554],[33.031519,38.260528],[33.032336,38.260435],[33.032818,38.260399],[33.033372,38.260329],[33.033764,38.260324],[33.034715,38.260377],[33.034749,38.261078],[33.034744,38.262332],[33.03489,38.262367],[33.03541,38.262402],[33.035796,38.262402],[33.036227,38.262446],[33.036653,38.262508],[33.037313,38.262578],[33.037918,38.262679],[33.038763,38.262776],[33.039574,38.262829],[33.040066,38.262899],[33.040461,38.263001],[33.040855,38.263214],[33.042036,38.263944],[33.047372,38.259718],[33.047442,38.259741],[33.048993,38.26031],[33.049497,38.260504],[33.049068,38.261823],[33.049501,38.261837],[33.050268,38.261947],[33.051322,38.26215],[33.051246,38.26173],[33.051246,38.261448],[33.051333,38.261259],[33.053288,38.260543],[33.053557,38.260446],[33.053587,38.260529],[33.054131,38.260348],[33.059773,38.25867],[33.059844,38.258661],[33.059955,38.25903],[33.062243,38.258378],[33.061681,38.257649],[33.061774,38.25758],[33.062781,38.256693],[33.063336,38.256134],[33.063839,38.255289],[33.064014,38.25492],[33.064207,38.254707],[33.065027,38.255048],[33.06741,38.25598],[33.068119,38.256279],[33.068693,38.256574],[33.071054,38.258156],[33.071475,38.258345],[33.071557,38.258317],[33.072072,38.258289],[33.072131,38.258275],[33.073009,38.257901],[33.073699,38.257577],[33.074343,38.257138],[33.074756,38.256824],[33.075149,38.256539],[33.075345,38.256429],[33.075687,38.256309],[33.076181,38.256069],[33.076453,38.256323],[33.076567,38.256473],[33.076701,38.256673],[33.077037,38.257067],[33.07717,38.257197],[33.077385,38.257471],[33.077753,38.257971],[33.077918,38.25813],[33.078057,38.25814],[33.078685,38.259024],[33.079161,38.259658],[33.080271,38.26124],[33.081692,38.263271],[33.081756,38.263371],[33.086414,38.265985],[33.087289,38.266483],[33.090547,38.268289],[33.092987,38.269685],[33.093,38.269635],[33.092777,38.269076],[33.092491,38.268367],[33.091862,38.266115],[33.092032,38.266095],[33.092406,38.26607],[33.09411,38.265914],[33.094484,38.265853],[33.09663,38.265587],[33.097327,38.265527],[33.098499,38.265381],[33.098891,38.265331],[33.100443,38.265164],[33.103158,38.265051],[33.10242,38.262773],[33.10176,38.260613],[33.101795,38.260529],[33.102335,38.257376],[33.102739,38.254663],[33.103092,38.252003],[33.103601,38.248431],[33.103513,38.248278],[33.103472,38.248205],[33.103422,38.247776],[33.103253,38.247246],[33.102806,38.245647],[33.102914,38.245437],[33.10397,38.243548],[33.106467,38.239093],[33.107709,38.23988],[33.108914,38.236744],[33.109249,38.235979],[33.109426,38.235371],[33.109683,38.235378],[33.109682,38.235082],[33.109672,38.234614],[33.109641,38.234162],[33.109621,38.233694],[33.109631,38.233546],[33.10954,38.232315],[33.109946,38.232249],[33.111263,38.231854],[33.112373,38.231526],[33.112284,38.231066],[33.111474,38.228059],[33.111247,38.227257],[33.113033,38.227005],[33.113308,38.226932],[33.115327,38.226451],[33.116642,38.226098],[33.116504,38.225801],[33.116078,38.22491],[33.115528,38.223649],[33.115201,38.222955],[33.115029,38.222585],[33.115017,38.222552],[33.115773,38.222336],[33.116131,38.222178],[33.116139,38.221659],[33.116074,38.220743],[33.116054,38.220358],[33.116048,38.220157],[33.116053,38.219552],[33.115913,38.219492],[33.115095,38.219212],[33.114663,38.219008],[33.114072,38.218698],[33.113653,38.218538],[33.113254,38.218363],[33.113285,38.218318],[33.11369,38.217417],[33.113747,38.217307],[33.113753,38.217237],[33.113727,38.217177],[33.112883,38.216677],[33.109982,38.215013],[33.10948,38.214899],[33.109461,38.214859],[33.110101,38.214418],[33.110253,38.214262],[33.11043,38.213812],[33.11062,38.213426],[33.110917,38.21276],[33.11098,38.2125],[33.110612,38.212315],[33.107128,38.211177],[33.107064,38.211143],[33.10709,38.211062],[33.107216,38.210622],[33.107374,38.210296],[33.10686,38.210202],[33.106619,38.210167],[33.105781,38.209938],[33.105083,38.209793],[33.104347,38.209614],[33.103757,38.209454],[33.103851,38.208598],[33.103982,38.207267],[33.103393,38.207267],[33.102689,38.207238],[33.100913,38.207269],[33.100676,38.205498],[33.100363,38.204092],[33.100356,38.204007],[33.100273,38.203631],[33.100216,38.203251],[33.100037,38.202336],[33.100525,38.20234],[33.100893,38.202325],[33.100918,38.202255],[33.100861,38.201739],[33.100822,38.201209],[33.100042,38.201189],[33.099046,38.20125],[33.09905,38.199374],[33.09911,38.196989],[33.099093,38.196313],[33.098944,38.196239],[33.098779,38.196189],[33.097718,38.195682],[33.097585,38.195651],[33.097365,38.195552],[33.097058,38.195478],[33.096713,38.19533],[33.096414,38.195194],[33.095691,38.19494],[33.094293,38.194315],[33.094198,38.194384],[33.093051,38.193715],[33.092069,38.193146],[33.090795,38.19236],[33.090709,38.192205],[33.090442,38.192056],[33.088556,38.191023],[33.087951,38.190657],[33.087008,38.190007],[33.085342,38.18898],[33.083904,38.188051],[33.083495,38.187797],[33.083141,38.187599],[33.082725,38.187389],[33.08256,38.18737],[33.082097,38.187259],[33.081688,38.187105],[33.081154,38.186845],[33.079638,38.186096],[33.080586,38.184552],[33.080013,38.184422],[33.079699,38.184311],[33.079377,38.18428],[33.077225,38.183804],[33.076691,38.183675],[33.076416,38.18365],[33.075952,38.183563],[33.075316,38.183465],[33.075214,38.183019],[33.074812,38.18212],[33.074631,38.181451],[33.074221,38.179914],[33.072298,38.179853],[33.071363,38.179798],[33.070947,38.179749],[33.071017,38.1789],[33.070954,38.178751],[33.069439,38.178938],[33.069313,38.178238],[33.069178,38.177258],[33.069091,38.176862],[33.069115,38.176812],[33.06891,38.175523],[33.068767,38.174234],[33.068567,38.170398],[33.066464,38.173955],[33.066417,38.174152],[33.066313,38.174284],[33.066282,38.174387],[33.066271,38.174581],[33.06623,38.1747],[33.066157,38.17484],[33.066053,38.174968],[33.066042,38.175079],[33.065975,38.175339],[33.065907,38.175487],[33.065923,38.17566],[33.066006,38.175845],[33.066012,38.175952],[33.065965,38.176059],[33.065652,38.176018],[33.065621,38.176488],[33.065585,38.177608],[33.06557,38.177698],[33.065461,38.177966],[33.065445,38.178048],[33.065577,38.17932],[33.06553,38.179428],[33.062776,38.179725],[33.060738,38.18009],[33.061536,38.182189],[33.059503,38.183087],[33.059665,38.183511],[33.059905,38.184145],[33.06014,38.184973],[33.060292,38.185487],[33.060669,38.186459],[33.061143,38.186343],[33.061769,38.186252],[33.061889,38.186429],[33.062067,38.186977],[33.062282,38.187767],[33.062454,38.188434],[33.062643,38.189571],[33.062242,38.189653],[33.061365,38.189777],[33.060181,38.189992],[33.061001,38.19142],[33.059609,38.191812],[33.060173,38.192887],[33.060393,38.193257],[33.060335,38.193364],[33.058562,38.193806],[33.058504,38.193756],[33.058447,38.193641],[33.057664,38.193847],[33.056804,38.194058],[33.056354,38.19358],[33.056224,38.193593],[33.053058,38.194368],[33.052807,38.193648],[33.052697,38.193211],[33.050975,38.193616],[33.050913,38.193373],[33.049874,38.193579],[33.049754,38.193666],[33.050006,38.194547],[33.049411,38.194629],[33.048706,38.194749],[33.047934,38.194865],[33.047194,38.194976],[33.047544,38.196104],[33.047779,38.196985],[33.047952,38.197866],[33.048114,38.198673],[33.047337,38.198674],[33.046669,38.19869],[33.045192,38.198728],[33.045161,38.199206],[33.045057,38.199482],[33.045052,38.19958],[33.045052,38.200248],[33.045304,38.201577],[33.04533,38.201693],[33.045356,38.202195],[33.045404,38.202953],[33.045535,38.203863],[33.045655,38.204723],[33.046105,38.206885],[33.046158,38.207239],[33.046158,38.207292],[33.046336,38.208128],[33.046524,38.208886],[33.046488,38.209001],[33.046645,38.209738],[33.045246,38.210006],[33.044897,38.210237],[33.044625,38.210484],[33.044015,38.21109],[33.043953,38.211221],[33.043885,38.211184],[33.043436,38.211563],[33.042106,38.212544],[33.041574,38.212898],[33.041136,38.213261],[33.040969,38.213462],[33.040087,38.2142]]]]}},{"type":"Feature","properties":{"id":"TR-Y-42-004-M-0020","level":"yerlesim","type":"mahalle","parent_id":"TR-D-42-004","province_id":"TR-P-42","district_id":"TR-D-42-004","name":"Yeniyayla","source_raw_name":"YENİYAYLA","source":"Kamuya açık veri ve kent rehberi servisleri","source_label":"Kamuya açık veri ve kent rehberi servisleri","source_name":"Konya Büyükşehir Belediyesi Açık Veri Platformu - Mahalleler"},"geometry":{"type":"MultiPolygon","coordinates":[[[[32.771675,38.354353],[32.771434,38.353702],[32.773627,38.353183],[32.773691,38.353176],[32.773094,38.351979],[32.772721,38.35104],[32.77239,38.350111],[32.772362,38.350039],[32.771746,38.349099],[32.771482,38.348542],[32.771171,38.348031],[32.770599,38.347007],[32.770253,38.346279],[32.770178,38.34604],[32.77005,38.345667],[32.769935,38.345161],[32.769924,38.344595],[32.769862,38.344303],[32.769845,38.344226],[32.769774,38.343821],[32.769727,38.343414],[32.769535,38.342064],[32.770865,38.341869],[32.77083,38.341634],[32.770654,38.340839],[32.77227,38.340554],[32.773869,38.340269],[32.773803,38.339893],[32.773582,38.339098],[32.773353,38.3381],[32.773318,38.338012],[32.773163,38.337477],[32.773137,38.337326],[32.773128,38.337273],[32.773071,38.337048],[32.773,38.336827],[32.772859,38.336415],[32.772775,38.336102],[32.772735,38.336028],[32.772669,38.335768],[32.772589,38.335554],[32.77179,38.335717],[32.771036,38.335888],[32.770943,38.335473],[32.770559,38.335483],[32.770418,38.334934],[32.770282,38.33433],[32.770106,38.33344],[32.769861,38.333485],[32.768736,38.33362],[32.768406,38.333644],[32.768269,38.332955],[32.768213,38.332438],[32.769811,38.332192],[32.770829,38.332007],[32.771289,38.331935],[32.770993,38.330964],[32.771016,38.330785],[32.771039,38.330609],[32.770921,38.329874],[32.77089,38.329698],[32.770855,38.329354],[32.768047,38.329992],[32.767898,38.329151],[32.767818,38.32912],[32.767608,38.329175],[32.767175,38.329283],[32.766581,38.329455],[32.765996,38.329594],[32.765755,38.329622],[32.764782,38.329637],[32.762466,38.329597],[32.762194,38.329593],[32.761101,38.329493],[32.759852,38.329427],[32.759451,38.329451],[32.75846,38.329649],[32.758214,38.329764],[32.757267,38.330019],[32.756803,38.330123],[32.755745,38.330199],[32.754661,38.330231],[32.754192,38.330231],[32.753599,38.330173],[32.753385,38.328693],[32.753395,38.328577],[32.75328,38.326848],[32.752673,38.326899],[32.751977,38.327003],[32.7517,38.32702],[32.751602,38.327016],[32.749995,38.327104],[32.74991,38.327139],[32.749359,38.3272],[32.748577,38.327266],[32.748487,38.327298],[32.74771,38.327325],[32.747723,38.327389],[32.747727,38.327649],[32.747833,38.32814],[32.747877,38.328642],[32.747875,38.329165],[32.747828,38.329788],[32.747822,38.330215],[32.747892,38.330706],[32.74786,38.330763],[32.746933,38.331156],[32.746539,38.331319],[32.746372,38.331393],[32.745978,38.331524],[32.745522,38.331637],[32.744631,38.33171],[32.744442,38.331681],[32.743402,38.3317],[32.743231,38.331725],[32.74314,38.331724],[32.742011,38.331765],[32.741762,38.331803],[32.741649,38.331814],[32.741527,38.33181],[32.74103,38.331887],[32.739936,38.332116],[32.739077,38.332292],[32.738448,38.332387],[32.737666,38.332524],[32.736523,38.332521],[32.735543,38.332455],[32.734965,38.332404],[32.734233,38.332409],[32.734179,38.332437],[32.734003,38.332377],[32.733628,38.332372],[32.732246,38.332358],[32.731012,38.332288],[32.730992,38.332967],[32.731055,38.334313],[32.731009,38.334359],[32.731004,38.334523],[32.730997,38.335295],[32.731,38.335633],[32.731,38.335711],[32.731012,38.336117],[32.731024,38.33643],[32.731041,38.336701],[32.731045,38.33706],[32.731038,38.337526],[32.731041,38.338096],[32.731061,38.338605],[32.731059,38.339163],[32.731086,38.339256],[32.731125,38.339729],[32.731115,38.33995],[32.731106,38.340042],[32.730899,38.341013],[32.730692,38.341885],[32.730532,38.342379],[32.730422,38.342802],[32.730349,38.342994],[32.730241,38.343054],[32.729869,38.343456],[32.729819,38.343502],[32.72926,38.344244],[32.729238,38.344269],[32.728856,38.34477],[32.728597,38.345104],[32.728556,38.345143],[32.728488,38.345307],[32.728248,38.345559],[32.72744,38.346521],[32.727194,38.346848],[32.727158,38.346894],[32.725248,38.349018],[32.725035,38.349181],[32.724631,38.349483],[32.724396,38.349635],[32.723676,38.349918],[32.723038,38.350141],[32.72207,38.350573],[32.721544,38.350906],[32.721135,38.351407],[32.720849,38.351762],[32.720582,38.351982],[32.720309,38.35249],[32.720059,38.352827],[32.719633,38.353108],[32.719524,38.353154],[32.719325,38.353384],[32.719107,38.353523],[32.718781,38.353686],[32.7185,38.353824],[32.718279,38.353958],[32.717847,38.354409],[32.717689,38.354551],[32.717327,38.354707],[32.717114,38.354817],[32.717037,38.354909],[32.717003,38.35551],[32.716961,38.355767],[32.716933,38.355944],[32.716851,38.356072],[32.716411,38.356605],[32.716174,38.356967],[32.715589,38.357603],[32.715426,38.357699],[32.715049,38.358025],[32.714995,38.358118],[32.714933,38.358929],[32.714956,38.359911],[32.714932,38.360224],[32.714845,38.360487],[32.714714,38.360686],[32.714572,38.361013],[32.714248,38.361781],[32.714111,38.362112],[32.714016,38.362336],[32.713425,38.363199],[32.712883,38.36418],[32.712615,38.364514],[32.712365,38.364723],[32.711871,38.365117],[32.711649,38.36533],[32.711445,38.365425],[32.710423,38.365647],[32.709911,38.365799],[32.709757,38.365855],[32.70968,38.365948],[32.709792,38.366226],[32.709837,38.366418],[32.709849,38.366624],[32.710069,38.367159],[32.710324,38.3677],[32.710432,38.367857],[32.710599,38.368014],[32.710842,38.368203],[32.710936,38.368321],[32.711004,38.368474],[32.711048,38.368766],[32.711096,38.36919],[32.711107,38.369727],[32.711092,38.370182],[32.711063,38.370467],[32.711017,38.37072],[32.710915,38.371424],[32.710919,38.371477],[32.710872,38.371886],[32.710884,38.372303],[32.711018,38.373872],[32.711085,38.374129],[32.711095,38.375001],[32.711135,38.375332],[32.711192,38.375535],[32.711335,38.376115],[32.711379,38.376375],[32.711715,38.37828],[32.711768,38.378582],[32.711763,38.37871],[32.711766,38.379184],[32.711768,38.379621],[32.711794,38.380031],[32.71181,38.380469],[32.711868,38.380867],[32.711925,38.381223],[32.711969,38.381583],[32.712021,38.381974],[32.712065,38.382352],[32.712135,38.382882],[32.712268,38.38364],[32.712281,38.383836],[32.712226,38.384021],[32.71203,38.384384],[32.711839,38.384661],[32.711719,38.385151],[32.711614,38.38561],[32.711325,38.386545],[32.711073,38.387292],[32.710849,38.387996],[32.710735,38.388345],[32.710693,38.388622],[32.710733,38.388861],[32.710763,38.389071],[32.710785,38.389345],[32.710843,38.389565],[32.710999,38.390085],[32.711057,38.390296],[32.711128,38.390684],[32.711144,38.391054],[32.711156,38.39152],[32.711223,38.391826],[32.711428,38.392538],[32.711544,38.392898],[32.711786,38.393365],[32.711916,38.393689],[32.712284,38.39432],[32.712625,38.395146],[32.712831,38.395666],[32.712987,38.396022],[32.713117,38.396379],[32.713274,38.396792],[32.713986,38.398409],[32.713968,38.398519],[32.713891,38.398594],[32.713587,38.398686],[32.710645,38.399436],[32.710523,38.399507],[32.710437,38.39945],[32.709296,38.39985],[32.708458,38.400132],[32.708259,38.400203],[32.707983,38.400298],[32.707802,38.40034],[32.707444,38.400411],[32.707087,38.40041],[32.706779,38.400423],[32.706512,38.400444],[32.7062,38.400457],[32.705011,38.400483],[32.704247,38.400531],[32.703229,38.400567],[32.703673,38.402462],[32.703985,38.403679],[32.704229,38.40489],[32.704317,38.40552],[32.704485,38.406407],[32.704831,38.408109],[32.705003,38.409038],[32.705115,38.409429],[32.705935,38.411339],[32.706249,38.411952],[32.70667,38.412931],[32.707014,38.413922],[32.707089,38.414359],[32.70711,38.414868],[32.707103,38.415459],[32.707022,38.416498],[32.7069,38.417498],[32.706817,38.417953],[32.706814,38.418579],[32.706813,38.418924],[32.706905,38.419775],[32.707044,38.421202],[32.707066,38.421366],[32.707163,38.423035],[32.707118,38.423986],[32.707085,38.425626],[32.707132,38.427235],[32.707149,38.427637],[32.707149,38.427704],[32.707116,38.428975],[32.707124,38.430515],[32.70713,38.431298],[32.707135,38.432234],[32.707122,38.434288],[32.707106,38.436017],[32.707104,38.437618],[32.707169,38.437665],[32.707975,38.438111],[32.708234,38.438195],[32.709712,38.437859],[32.709787,38.43777],[32.70983,38.437713],[32.710034,38.437368],[32.710226,38.43699],[32.711114,38.434954],[32.711241,38.434859],[32.712602,38.431676],[32.712591,38.43159],[32.714085,38.428362],[32.71412,38.428294],[32.715654,38.425126],[32.7157,38.425039],[32.717223,38.421794],[32.717602,38.420998],[32.717683,38.420871],[32.718109,38.420057],[32.718646,38.418894],[32.718914,38.418298],[32.719008,38.418039],[32.719159,38.417662],[32.719433,38.417102],[32.71955,38.416816],[32.719644,38.416425],[32.719668,38.416279],[32.719802,38.41592],[32.7201,38.415388],[32.720466,38.414884],[32.720577,38.414634],[32.720682,38.414302],[32.720805,38.414038],[32.72102,38.413643],[32.721236,38.413197],[32.721388,38.412847],[32.72151,38.412579],[32.721679,38.412238],[32.721913,38.411684],[32.721849,38.411679],[32.721907,38.411529],[32.721977,38.411383],[32.72238,38.41057],[32.722707,38.409747],[32.722992,38.409183],[32.723366,38.40831],[32.723769,38.407351],[32.723961,38.406823],[32.72416,38.406323],[32.724242,38.406119],[32.724277,38.405923],[32.72491,38.405729],[32.725374,38.405578],[32.729089,38.401529],[32.730798,38.39962],[32.731443,38.39891],[32.730383,38.398115],[32.730516,38.398024],[32.73062,38.397903],[32.73293,38.395628],[32.734143,38.392545],[32.738278,38.382166],[32.743325,38.37558],[32.743935,38.374116],[32.744047,38.37374],[32.744855,38.373341],[32.747274,38.371696],[32.74742,38.371733],[32.747951,38.372218],[32.751568,38.370088],[32.751193,38.369585],[32.750773,38.369017],[32.750696,38.368909],[32.751353,38.368632],[32.751963,38.368406],[32.753456,38.367893],[32.754282,38.367573],[32.753854,38.366879],[32.753215,38.365874],[32.752531,38.364839],[32.753164,38.364595],[32.753867,38.364304],[32.754726,38.363999],[32.75563,38.36364],[32.755727,38.363582],[32.756109,38.36324],[32.75734,38.362412],[32.757534,38.362257],[32.757369,38.362076],[32.758022,38.361605],[32.758702,38.361122],[32.76054,38.362802],[32.762456,38.361719],[32.762535,38.361657],[32.762434,38.361578],[32.762201,38.361422],[32.76172,38.361031],[32.761675,38.360948],[32.7623,38.360541],[32.763044,38.360095],[32.763145,38.36003],[32.763972,38.359519],[32.764326,38.359303],[32.76473,38.359065],[32.765029,38.358896],[32.765778,38.358465],[32.766085,38.358675],[32.766755,38.358315],[32.767522,38.357937],[32.767995,38.357761],[32.768487,38.357549],[32.769221,38.357305],[32.770566,38.356925],[32.770952,38.356796],[32.771259,38.35671],[32.772099,38.356419],[32.771584,38.355526],[32.772112,38.35535],[32.77264,38.35521],[32.77275,38.355142],[32.772563,38.354733],[32.77223,38.354155],[32.771881,38.354255],[32.771675,38.354353]]]]}}]}