{"type":"FeatureCollection","name":"turkiye_map.dist.mahalle_geometrileri_by_district.TR-D-77-002","features":[{"type":"Feature","properties":{"id":"TR-Y-77-002-K-0001","level":"yerlesim","type":"mahalle","parent_id":"TR-D-77-002","province_id":"TR-P-77","district_id":"TR-D-77-002","name":"Fıstıklı","source_raw_name":"Fıstıklı","source":"Kullanıcı tarafından sağlanan KML","source_label":"Kullanıcı tarafından sağlanan KML","source_name":"Yalova Mahalle KML - kullanici tarafindan saglandi"},"geometry":{"type":"Polygon","coordinates":[[[28.924927,40.518466],[28.925423,40.518288],[28.925606,40.518205],[28.925687,40.518134],[28.925714,40.518069],[28.925742,40.517941],[28.925792,40.517874],[28.925905,40.517801],[28.926217,40.517649],[28.926563,40.517503],[28.927147,40.517313],[28.927361,40.51723],[28.927608,40.517098],[28.927915,40.516875],[28.928253,40.516605],[28.928917,40.516049],[28.929174,40.515818],[28.929313,40.515665],[28.92945,40.515461],[28.929527,40.51537],[28.929667,40.515273],[28.929926,40.515163],[28.930248,40.515046],[28.930911,40.514823],[28.931177,40.51474],[28.931332,40.514703],[28.931426,40.514693],[28.931499,40.514694],[28.931568,40.514704],[28.931646,40.514732],[28.931743,40.514792],[28.931963,40.51495],[28.932165,40.515111],[28.932404,40.515376],[28.932487,40.515434],[28.932613,40.515486],[28.932918,40.515575],[28.933077,40.515604],[28.933235,40.515601],[28.93339,40.515539],[28.933542,40.515445],[28.933836,40.515246],[28.933966,40.515171],[28.934069,40.515138],[28.93432,40.515112],[28.934393,40.515074],[28.934454,40.514986],[28.934689,40.514472],[28.934773,40.514324],[28.934967,40.514019],[28.935069,40.513873],[28.935176,40.513748],[28.935292,40.513659],[28.935414,40.51359],[28.935869,40.513378],[28.937023,40.512895],[28.937299,40.512787],[28.93753,40.512708],[28.938095,40.512531],[28.938228,40.512473],[28.938291,40.512411],[28.938357,40.512233],[28.938416,40.512201],[28.938539,40.512211],[28.939027,40.512305],[28.939162,40.512308],[28.939248,40.512263],[28.939306,40.512191],[28.939405,40.512036],[28.939465,40.511975],[28.939545,40.511944],[28.93983,40.511905],[28.939932,40.511877],[28.940041,40.511824],[28.940412,40.511599],[28.940586,40.511508],[28.94083,40.511398],[28.941686,40.511035],[28.941937,40.510919],[28.942128,40.510812],[28.942285,40.510711],[28.942556,40.510508],[28.942665,40.510399],[28.942737,40.510277],[28.942843,40.51002],[28.942904,40.509898],[28.943,40.509796],[28.943158,40.509733],[28.943351,40.509691],[28.943556,40.509656],[28.943718,40.509592],[28.944207,40.509474],[28.944541,40.509411],[28.944368,40.50936],[28.944148,40.509282],[28.943721,40.509038],[28.942987,40.508551],[28.942087,40.507931],[28.939157,40.505886],[28.938932,40.505494],[28.938792,40.505226],[28.938734,40.505083],[28.938636,40.504787],[28.938594,40.504634],[28.938567,40.504473],[28.938565,40.504298],[28.938607,40.503706],[28.938613,40.503444],[28.938604,40.503093],[28.938531,40.501486],[28.938543,40.500257],[28.938539,40.499992],[28.938496,40.499558],[28.938408,40.498966],[28.938291,40.498082],[28.938005,40.496734],[28.937955,40.496484],[28.937934,40.496351],[28.93793,40.496281],[28.938013,40.494713],[28.938046,40.494332],[28.938091,40.493992],[28.938131,40.493799],[28.9382,40.493565],[28.938456,40.492791],[28.93853,40.492548],[28.938582,40.492334],[28.938721,40.491632],[28.938746,40.491537],[28.938809,40.491356],[28.93882,40.491299],[28.938804,40.491107],[28.938809,40.491046],[28.938847,40.490994],[28.938947,40.49096],[28.939496,40.490873],[28.939607,40.490847],[28.939898,40.49076],[28.940354,40.490596],[28.940679,40.490466],[28.94248,40.489674],[28.943056,40.489431],[28.94333,40.489326],[28.94351,40.489275],[28.942953,40.488409],[28.942779,40.488198],[28.942388,40.4878],[28.942252,40.487661],[28.941762,40.487182],[28.941426,40.48688],[28.941302,40.48678],[28.941153,40.486674],[28.940274,40.486075],[28.9402,40.486028],[28.94012,40.485992],[28.940028,40.485975],[28.93993,40.485967],[28.93964,40.485962],[28.939422,40.485968],[28.939348,40.485965],[28.939262,40.485949],[28.939153,40.485908],[28.938778,40.485739],[28.93865,40.48569],[28.938523,40.485654],[28.938144,40.485567],[28.938016,40.485527],[28.937883,40.485469],[28.937351,40.485192],[28.936994,40.485032],[28.936878,40.484973],[28.936763,40.484894],[28.936649,40.48478],[28.935998,40.483986],[28.93594,40.483908],[28.935901,40.483832],[28.935896,40.483756],[28.935922,40.483597],[28.935929,40.483502],[28.935913,40.48337],[28.935852,40.483169],[28.935581,40.482429],[28.935501,40.482184],[28.935445,40.481953],[28.935321,40.481292],[28.935268,40.481072],[28.935194,40.48085],[28.935021,40.480409],[28.934803,40.479895],[28.934711,40.479707],[28.934661,40.47962],[28.934593,40.479526],[28.934494,40.479419],[28.933964,40.478916],[28.933926,40.47887],[28.933919,40.478844],[28.933947,40.478776],[28.933999,40.478702],[28.93404,40.478669],[28.934104,40.478644],[28.934641,40.478509],[28.93474,40.478484],[28.934853,40.478485],[28.934986,40.478486],[28.935042,40.478479],[28.935133,40.478435],[28.935211,40.478375],[28.93524,40.478341],[28.935253,40.478302],[28.935259,40.478217],[28.935254,40.478173],[28.935233,40.47813],[28.935187,40.478086],[28.934992,40.477946],[28.934924,40.477885],[28.934646,40.477518],[28.934558,40.477429],[28.934445,40.477354],[28.934316,40.477286],[28.933036,40.47666],[28.932462,40.476368],[28.931919,40.476063],[28.930544,40.475266],[28.930302,40.475136],[28.929954,40.474967],[28.929411,40.474727],[28.926817,40.473616],[28.924904,40.472782],[28.92461,40.47266],[28.924108,40.472237],[28.923974,40.471951],[28.923367,40.469114],[28.923336,40.469019],[28.923282,40.46889],[28.922899,40.468048],[28.922787,40.467818],[28.922719,40.467702],[28.922538,40.46746],[28.922249,40.467113],[28.922089,40.466947],[28.92186,40.466735],[28.921598,40.46663],[28.921443,40.466605],[28.921378,40.466671],[28.921328,40.466758],[28.92131,40.46686],[28.921255,40.46695],[28.921181,40.467066],[28.921057,40.467181],[28.920975,40.467279],[28.920897,40.46732],[28.920874,40.467366],[28.920777,40.467429],[28.920704,40.467506],[28.920589,40.467572],[28.920479,40.46767],[28.920424,40.467736],[28.920332,40.467767],[28.920245,40.467851],[28.920116,40.468022],[28.919983,40.468124],[28.919937,40.468124],[28.919924,40.468141],[28.919951,40.468155],[28.919814,40.46827],[28.919768,40.468295],[28.919676,40.468329],[28.919584,40.468389],[28.919497,40.468441],[28.919433,40.468473],[28.919341,40.468501],[28.919309,40.468535],[28.919231,40.468535],[28.919162,40.46857],[28.919056,40.468602],[28.918932,40.468644],[28.918792,40.468719],[28.918639,40.468734],[28.918551,40.468748],[28.918524,40.46878],[28.918373,40.468815],[28.918308,40.468797],[28.918216,40.468804],[28.918161,40.46879],[28.918097,40.46878],[28.918042,40.468776],[28.917895,40.468731],[28.917753,40.468665],[28.917643,40.468626],[28.917542,40.46863],[28.917418,40.468686],[28.917367,40.468686],[28.917312,40.468728],[28.917289,40.468748],[28.917234,40.468773],[28.917175,40.468829],[28.917129,40.46885],[28.917065,40.468843],[28.917088,40.468874],[28.917092,40.468885],[28.917042,40.468899],[28.917065,40.46892],[28.917074,40.468927],[28.917023,40.468993],[28.916959,40.469021],[28.916863,40.469126],[28.916808,40.469188],[28.916766,40.469251],[28.916711,40.469272],[28.916638,40.469297],[28.916615,40.469328],[28.916532,40.469349],[28.916463,40.469342],[28.916395,40.469311],[28.916362,40.469335],[28.916288,40.469349],[28.916235,40.469409],[28.916188,40.469474],[28.916112,40.469622],[28.916043,40.469754],[28.915986,40.469857],[28.915913,40.469992],[28.915841,40.470102],[28.915689,40.470239],[28.915582,40.47033],[28.915459,40.47044],[28.915308,40.470522],[28.915131,40.470623],[28.914933,40.470723],[28.914835,40.47075],[28.914756,40.470777],[28.914697,40.470784],[28.914623,40.470798],[28.914522,40.470801],[28.914462,40.470815],[28.914302,40.470822],[28.914137,40.470819],[28.913701,40.470826],[28.913545,40.470826],[28.913384,40.470787],[28.913256,40.470742],[28.91309,40.470686],[28.913026,40.470683],[28.912989,40.470711],[28.912966,40.4707],[28.912879,40.47069],[28.912801,40.470714],[28.912691,40.470784],[28.912585,40.470871],[28.912462,40.470986],[28.91237,40.471053],[28.912191,40.471185],[28.912122,40.471213],[28.912012,40.471301],[28.911865,40.471398],[28.911778,40.471475],[28.911704,40.471507],[28.911475,40.471636],[28.911397,40.471629],[28.911323,40.471643],[28.911218,40.47166],[28.911122,40.471643],[28.911048,40.471664],[28.910979,40.471632],[28.910777,40.471643],[28.910695,40.471618],[28.910644,40.471622],[28.910644,40.471667],[28.910456,40.47181],[28.910373,40.471866],[28.910263,40.471931],[28.910057,40.472034],[28.909869,40.472131],[28.909699,40.472229],[28.909584,40.472275],[28.909249,40.472407],[28.909079,40.472442],[28.908923,40.472463],[28.908749,40.472498],[28.908639,40.472481],[28.908533,40.47246],[28.908483,40.472407],[28.908437,40.472376],[28.908418,40.472358],[28.908327,40.472344],[28.908276,40.472358],[28.908244,40.472383],[28.908148,40.472372],[28.908097,40.472376],[28.908038,40.47239],[28.908005,40.472428],[28.907932,40.472446],[28.907758,40.472488],[28.907592,40.472505],[28.907473,40.472502],[28.907312,40.47247],[28.907175,40.472425],[28.907019,40.472369],[28.906803,40.472219],[28.906707,40.472166],[28.906583,40.472149],[28.906473,40.472138],[28.906362,40.472104],[28.906206,40.472062],[28.905968,40.472086],[28.905555,40.472145],[28.905449,40.472117],[28.905367,40.4721],[28.905298,40.472051],[28.90522,40.472069],[28.905128,40.472083],[28.905055,40.472065],[28.904954,40.472069],[28.90488,40.472065],[28.904816,40.472111],[28.904742,40.472163],[28.904632,40.47218],[28.904536,40.472191],[28.904513,40.472233],[28.90443,40.472289],[28.904242,40.472379],[28.904128,40.472404],[28.903962,40.472128],[28.903926,40.472152],[28.904086,40.472421],[28.903861,40.472515],[28.903696,40.472547],[28.903471,40.472585],[28.903265,40.47262],[28.903159,40.47261],[28.903077,40.472624],[28.903031,40.472634],[28.902976,40.47261],[28.902902,40.472655],[28.902517,40.472648],[28.902324,40.47269],[28.902035,40.472725],[28.901865,40.472725],[28.9017,40.47269],[28.901603,40.472669],[28.901388,40.472641],[28.901172,40.472641],[28.901163,40.47262],[28.901181,40.472589],[28.901108,40.472589],[28.901071,40.47261],[28.901067,40.472652],[28.901021,40.472631],[28.900984,40.472617],[28.900947,40.472634],[28.900915,40.472627],[28.900874,40.472582],[28.9008,40.472547],[28.900741,40.47255],[28.900699,40.472585],[28.900686,40.472557],[28.900631,40.472571],[28.90053,40.472599],[28.900392,40.47261],[28.900323,40.472641],[28.900291,40.472725],[28.900208,40.472763],[28.900181,40.472756],[28.900126,40.472763],[28.900066,40.472781],[28.900016,40.472826],[28.900002,40.472861],[28.899965,40.47283],[28.899951,40.472854],[28.89991,40.472868],[28.899896,40.472899],[28.899896,40.472948],[28.89986,40.472969],[28.899892,40.473015],[28.899882,40.473046],[28.899837,40.473088],[28.899759,40.473189],[28.899589,40.473483],[28.899277,40.473901],[28.899056,40.474139],[28.898887,40.474422],[28.898854,40.474558],[28.898804,40.474676],[28.898643,40.474858],[28.898552,40.474945],[28.89851,40.474963],[28.898455,40.474994],[28.898354,40.475102],[28.898175,40.475249],[28.897983,40.47535],[28.897849,40.475371],[28.897771,40.475347],[28.897767,40.475333],[28.89773,40.475319],[28.897698,40.475343],[28.897684,40.475322],[28.897638,40.475308],[28.897606,40.475273],[28.897574,40.475298],[28.89756,40.47534],[28.897501,40.475357],[28.897418,40.475347],[28.897372,40.475382],[28.897313,40.475392],[28.897267,40.475424],[28.897202,40.475518],[28.897152,40.475577],[28.897101,40.475616],[28.896904,40.475794],[28.896624,40.476027],[28.896372,40.47624],[28.896138,40.476436],[28.895986,40.476502],[28.895734,40.476631],[28.895367,40.476823],[28.895192,40.476939],[28.895105,40.47696],[28.895,40.476946],[28.894922,40.476956],[28.894889,40.476928],[28.894853,40.476935],[28.894839,40.476949],[28.894788,40.476935],[28.894729,40.476956],[28.894637,40.476973],[28.894619,40.476956],[28.894554,40.476973],[28.894527,40.476991],[28.894458,40.476987],[28.89444,40.476998],[28.894417,40.47697],[28.894371,40.476963],[28.894348,40.47698],[28.894311,40.47696],[28.894274,40.476963],[28.894261,40.476994],[28.89421,40.477015],[28.894151,40.477015],[28.8941,40.477054],[28.894068,40.477078],[28.894013,40.477075],[28.893912,40.47705],[28.893857,40.477054],[28.893783,40.477082],[28.893673,40.477089],[28.893531,40.47711],[28.893485,40.476984],[28.893448,40.476991],[28.893494,40.477106],[28.893435,40.477117],[28.893334,40.47711],[28.893214,40.477068],[28.893035,40.47698],[28.893017,40.476935],[28.893022,40.476792],[28.893031,40.476757],[28.893113,40.476726],[28.893182,40.47667],[28.893182,40.476603],[28.893145,40.476551],[28.893086,40.476509],[28.893008,40.476488],[28.892953,40.476488],[28.892911,40.47645],[28.892884,40.47646],[28.892866,40.476499],[28.892866,40.476534],[28.892847,40.476572],[28.892788,40.476582],[28.892755,40.476617],[28.892742,40.476666],[28.892755,40.476726],[28.892664,40.476785],[28.892503,40.476893],[28.892255,40.477033],[28.891961,40.477138],[28.891805,40.477162],[28.891764,40.477138],[28.891709,40.477134],[28.891447,40.477183],[28.891138,40.477251],[28.891076,40.477295],[28.890709,40.477427],[28.890424,40.477525],[28.890378,40.477546],[28.890181,40.477619],[28.890103,40.477518],[28.890066,40.477535],[28.890126,40.477612],[28.89008,40.477623],[28.889772,40.477808],[28.889552,40.477888],[28.889474,40.477741],[28.889451,40.477752],[28.889511,40.477888],[28.889437,40.477926],[28.889217,40.478035],[28.889098,40.478077],[28.888896,40.478122],[28.888827,40.478028],[28.888799,40.478049],[28.888845,40.478118],[28.888689,40.478146],[28.888483,40.478192],[28.888253,40.478251],[28.888051,40.478283],[28.887969,40.478272],[28.887905,40.478279],[28.887804,40.478328],[28.887739,40.478328],[28.887657,40.478303],[28.887593,40.478314],[28.887533,40.478345],[28.887487,40.478345],[28.887423,40.478342],[28.887363,40.478349],[28.887294,40.478349],[28.887225,40.478363],[28.887157,40.478366],[28.887088,40.478345],[28.887023,40.47837],[28.886968,40.47837],[28.886895,40.478384],[28.886844,40.478419],[28.886789,40.478457],[28.886647,40.47853],[28.886537,40.478579],[28.886523,40.478621],[28.886445,40.47866],[28.886303,40.478733],[28.886243,40.478778],[28.886179,40.478817],[28.886142,40.478806],[28.886078,40.478747],[28.885876,40.478569],[28.885821,40.478516],[28.885761,40.478464],[28.885706,40.478373],[28.885711,40.478352],[28.885683,40.478314],[28.885624,40.478331],[28.885555,40.478269],[28.885491,40.478248],[28.885422,40.478255],[28.885328,40.478295],[28.885334,40.478378],[28.885346,40.478443],[28.885916,40.478945],[28.884995,40.479756],[28.884825,40.479913],[28.884665,40.479993],[28.884637,40.479986],[28.88444,40.479825],[28.88438,40.479791],[28.884348,40.479791],[28.884307,40.479822],[28.884307,40.479857],[28.884348,40.479895],[28.884541,40.480035],[28.884178,40.480314],[28.884036,40.480199],[28.883995,40.480223],[28.8841,40.480328],[28.883017,40.481037],[28.882402,40.480489],[28.883637,40.479644],[28.883563,40.479585],[28.884141,40.479166],[28.884187,40.479166],[28.884233,40.479155],[28.884343,40.479096],[28.88438,40.47903],[28.884371,40.478977],[28.884334,40.478932],[28.884261,40.478914],[28.884151,40.478918],[28.884059,40.478988],[28.883889,40.479082],[28.88388,40.47911],[28.883839,40.47912],[28.883224,40.479536],[28.882755,40.479867],[28.882558,40.480035],[28.882076,40.48036],[28.881962,40.480468],[28.881925,40.480593],[28.881948,40.480663],[28.881989,40.480716],[28.882026,40.480768],[28.882035,40.48082],[28.882021,40.480855],[28.882095,40.480897],[28.882122,40.480883],[28.882154,40.48089],[28.882196,40.480936],[28.882168,40.481047],[28.882076,40.481257],[28.881934,40.481595],[28.881672,40.482143],[28.881369,40.482446],[28.881187,40.48275],[28.881035,40.482983],[28.8809,40.483122],[28.880896,40.483127],[28.880821,40.483095],[28.880704,40.483255],[28.880558,40.483485],[28.880385,40.483704],[28.880155,40.48399],[28.880035,40.484183],[28.879919,40.484236],[28.879751,40.484295],[28.879534,40.484423],[28.879506,40.484464],[28.879479,40.484541],[28.87941,40.484618],[28.879332,40.484761],[28.879268,40.484789],[28.879217,40.484775],[28.879185,40.484786],[28.879033,40.484885],[28.878882,40.485116],[28.878769,40.485288],[28.878658,40.485458],[28.878579,40.485552],[28.878516,40.485681],[28.878431,40.485758],[28.878349,40.485849],[28.878217,40.48591],[28.878212,40.485927],[28.877767,40.485787],[28.877749,40.485829],[28.878327,40.486018],[28.877975,40.486451],[28.877694,40.486964],[28.877629,40.487033],[28.877565,40.487044],[28.877519,40.487089],[28.877547,40.487114],[28.877528,40.487145],[28.877469,40.487152],[28.877432,40.487131],[28.877409,40.487156],[28.877372,40.487211],[28.877322,40.487274],[28.87723,40.487403],[28.877166,40.48754],[28.877106,40.487609],[28.87706,40.487588],[28.876996,40.48763],[28.876991,40.48769],[28.876968,40.487693],[28.876904,40.48769],[28.876845,40.487752],[28.876807,40.487819],[28.876749,40.487803],[28.876633,40.487892],[28.876546,40.487976],[28.876386,40.488112],[28.876312,40.488154],[28.876253,40.488192],[28.876207,40.488231],[28.876165,40.488269],[28.876129,40.488311],[28.876074,40.488349],[28.876009,40.488398],[28.875963,40.488471],[28.875908,40.488531],[28.875849,40.488545],[28.875858,40.488587],[28.875752,40.488684],[28.875674,40.488705],[28.875555,40.488848],[28.875353,40.489148],[28.875358,40.489176],[28.875293,40.489288],[28.875243,40.489358],[28.87505,40.489662],[28.874981,40.489735],[28.874908,40.48985],[28.874862,40.489868],[28.87483,40.489875],[28.874795,40.489955],[28.874779,40.490014],[28.874706,40.490129],[28.874619,40.490199],[28.87449,40.490363],[28.874348,40.490517],[28.874238,40.490642],[28.874114,40.490775],[28.874059,40.490866],[28.873953,40.490967],[28.873627,40.491278],[28.873458,40.491396],[28.873334,40.49147],[28.873187,40.491595],[28.873113,40.491654],[28.873026,40.491728],[28.872948,40.491756],[28.872838,40.491668],[28.872806,40.491686],[28.872916,40.491766],[28.872728,40.491804],[28.872552,40.491931],[28.872278,40.492173],[28.87212,40.492302],[28.871893,40.492468],[28.871789,40.492564],[28.871682,40.492628],[28.871677,40.492635],[28.871718,40.492688],[28.871654,40.49274],[28.871581,40.492785],[28.871471,40.492677],[28.871452,40.492702],[28.871562,40.492796],[28.871484,40.492831],[28.871393,40.492904],[28.871278,40.492764],[28.871241,40.492778],[28.87136,40.492907],[28.871314,40.492935],[28.871259,40.492956],[28.871172,40.492956],[28.871058,40.492949],[28.870897,40.492967],[28.870782,40.493012],[28.870649,40.493054],[28.870562,40.493092],[28.870447,40.493124],[28.870374,40.493134],[28.870277,40.493141],[28.870126,40.49318],[28.870025,40.493218],[28.869956,40.493236],[28.869892,40.493215],[28.869832,40.493232],[28.869731,40.493263],[28.869681,40.493281],[28.869612,40.493302],[28.869594,40.493344],[28.86952,40.493386],[28.869465,40.493462],[28.869392,40.493494],[28.869277,40.493532],[28.869203,40.493588],[28.869139,40.493735],[28.869089,40.493846],[28.868992,40.493993],[28.868933,40.494059],[28.868891,40.494073],[28.868878,40.494118],[28.868873,40.494164],[28.8688,40.49423],[28.868777,40.4943],[28.868735,40.494345],[28.868662,40.494394],[28.868598,40.494436],[28.868561,40.494471],[28.868524,40.494548],[28.868451,40.494618],[28.868377,40.494701],[28.868318,40.494722],[28.868295,40.494764],[28.868253,40.494778],[28.868217,40.494834],[28.868198,40.494879],[28.868143,40.494904],[28.86813,40.494942],[28.868107,40.494994],[28.868006,40.49505],[28.868803,40.495432],[28.869035,40.495651],[28.869182,40.496005],[28.869109,40.496498],[28.868867,40.496817],[28.870062,40.497622],[28.869341,40.498404],[28.869891,40.499115],[28.870789,40.499178],[28.870912,40.499807],[28.871665,40.500593],[28.873626,40.501133],[28.875365,40.5017],[28.876308,40.502668],[28.877381,40.502733],[28.876973,40.50247],[28.87873,40.502066],[28.878984,40.502337],[28.879037,40.502935],[28.880352,40.503893],[28.880635,40.504103],[28.880817,40.504264],[28.881159,40.50447],[28.881326,40.50454],[28.881318,40.504567],[28.880905,40.504559],[28.880851,40.50469],[28.880603,40.504832],[28.88062,40.504902],[28.880566,40.505157],[28.880484,40.50524],[28.880374,40.505298],[28.880081,40.505559],[28.879761,40.505217],[28.879689,40.504937],[28.87921,40.505095],[28.878934,40.505308],[28.878628,40.505597],[28.878059,40.505414],[28.877957,40.505502],[28.87794,40.505572],[28.877716,40.505507],[28.877598,40.505742],[28.877114,40.505777],[28.877234,40.505259],[28.876989,40.50429],[28.876916,40.504301],[28.876886,40.504583],[28.876399,40.50544],[28.876067,40.505856],[28.875183,40.506513],[28.87518,40.506593],[28.875207,40.506718],[28.875252,40.506842],[28.875366,40.507071],[28.875398,40.507155],[28.875412,40.50725],[28.875391,40.507363],[28.875351,40.507487],[28.875255,40.507731],[28.875205,40.507833],[28.875153,40.507903],[28.875008,40.508044],[28.874973,40.508088],[28.87496,40.508132],[28.874957,40.508178],[28.874965,40.508315],[28.875079,40.508395],[28.875175,40.508444],[28.875412,40.5085],[28.875496,40.508526],[28.87558,40.508569],[28.87566,40.508644],[28.875891,40.508926],[28.875965,40.509],[28.876033,40.509042],[28.876229,40.509108],[28.876298,40.509148],[28.876373,40.509219],[28.876598,40.509486],[28.876654,40.509558],[28.876708,40.509651],[28.876735,40.509675],[28.876801,40.509709],[28.878063,40.510151],[28.878399,40.510283],[28.878568,40.510358],[28.87874,40.510448],[28.879398,40.510826],[28.879619,40.510944],[28.87981,40.511028],[28.879906,40.511048],[28.880006,40.511033],[28.880475,40.510874],[28.880868,40.510774],[28.881087,40.510703],[28.881294,40.51068],[28.881486,40.51065],[28.881644,40.510646],[28.882052,40.510674],[28.882203,40.51066],[28.882381,40.510608],[28.882975,40.510387],[28.883183,40.510338],[28.883399,40.510331],[28.883837,40.510373],[28.884232,40.51043],[28.884794,40.510552],[28.884971,40.510556],[28.885158,40.510534],[28.88528,40.5105],[28.885449,40.510432],[28.8862,40.510092],[28.886325,40.51005],[28.886427,40.510025],[28.886635,40.509989],[28.886785,40.509973],[28.887562,40.509919],[28.88787,40.509891],[28.88822,40.509842],[28.888648,40.509754],[28.889436,40.509504],[28.890695,40.50936],[28.891514,40.509278],[28.891716,40.509254],[28.891904,40.509249],[28.892119,40.509225],[28.892307,40.50923],[28.892497,40.509288],[28.892723,40.509477],[28.892829,40.509575],[28.892907,40.509673],[28.892935,40.509773],[28.892935,40.509874],[28.892919,40.510072],[28.894575,40.510533],[28.89653,40.511376],[28.897235,40.511614],[28.898407,40.511522],[28.898555,40.512219],[28.898213,40.512824],[28.898004,40.513552],[28.898047,40.51362],[28.898053,40.513676],[28.898024,40.513778],[28.89802,40.513837],[28.898056,40.51392],[28.898163,40.514048],[28.89875,40.514638],[28.898958,40.514865],[28.899019,40.514923],[28.899097,40.514975],[28.899207,40.515019],[28.899468,40.515092],[28.8996,40.515121],[28.899719,40.515137],[28.899818,40.515128],[28.90028,40.515106],[28.900557,40.515203],[28.901234,40.515487],[28.901565,40.51564],[28.901839,40.515794],[28.902006,40.515947],[28.902113,40.516097],[28.902281,40.516375],[28.902367,40.516471],[28.902465,40.516503],[28.902571,40.516498],[28.902681,40.516481],[28.903324,40.516347],[28.903467,40.516328],[28.903614,40.516332],[28.903769,40.516376],[28.904246,40.516588],[28.904405,40.516647],[28.904563,40.516682],[28.904719,40.516705],[28.905252,40.51677],[28.905536,40.51684],[28.905978,40.516991],[28.907283,40.517465],[28.907622,40.517705],[28.908063,40.517791],[28.908434,40.517724],[28.908919,40.517547],[28.90946,40.51747],[28.910071,40.517518],[28.91058,40.517585],[28.911292,40.517633],[28.911833,40.517681],[28.912305,40.517835],[28.913054,40.518329],[28.913557,40.518517],[28.914124,40.518526],[28.91469,40.518421],[28.915238,40.51844],[28.915471,40.518353],[28.915804,40.518205],[28.916553,40.518152],[28.916747,40.518147],[28.91697,40.51817],[28.917282,40.518234],[28.917592,40.518287],[28.917971,40.518357],[28.918211,40.518393],[28.918468,40.518372],[28.918753,40.518338],[28.919221,40.518336],[28.919592,40.518326],[28.92001,40.518383],[28.92032,40.518453],[28.920507,40.518534],[28.920655,40.518639],[28.920811,40.518765],[28.920916,40.518852],[28.921058,40.518917],[28.921197,40.518988],[28.921352,40.519041],[28.921487,40.519123],[28.921649,40.519218],[28.921772,40.519288],[28.922093,40.519448],[28.922288,40.519516],[28.922304,40.519487],[28.922397,40.519482],[28.922534,40.519425],[28.923051,40.519145],[28.923245,40.51905],[28.923461,40.518965],[28.924927,40.518466]]]}},{"type":"Feature","properties":{"id":"TR-Y-77-002-K-0002","level":"yerlesim","type":"mahalle","parent_id":"TR-D-77-002","province_id":"TR-P-77","district_id":"TR-D-77-002","name":"Hayriye","source_raw_name":"Hayriye","source":"Kullanıcı tarafından sağlanan KML","source_label":"Kullanıcı tarafından sağlanan KML","source_name":"Yalova Mahalle KML - kullanici tarafindan saglandi"},"geometry":{"type":"Polygon","coordinates":[[[28.993213,40.493785],[28.988173,40.48975],[28.987276,40.490385],[28.986679,40.490735],[28.986383,40.49082],[28.986089,40.490868],[28.98444,40.491098],[28.982946,40.491155],[28.98248,40.491185],[28.982094,40.4912],[28.981857,40.491188],[28.981701,40.491159],[28.981433,40.491088],[28.981256,40.491049],[28.980702,40.490959],[28.979765,40.490826],[28.978928,40.490724],[28.978665,40.490698],[28.978421,40.490683],[28.978211,40.490688],[28.977656,40.490732],[28.977481,40.490726],[28.977311,40.490688],[28.977145,40.490631],[28.976639,40.490437],[28.975896,40.490185],[28.975725,40.490121],[28.975577,40.490054],[28.975315,40.489916],[28.975197,40.489845],[28.975099,40.489772],[28.975035,40.489693],[28.974902,40.489447],[28.974833,40.489362],[28.97472,40.489272],[28.974276,40.488979],[28.974094,40.488849],[28.97315,40.488085],[28.972944,40.487928],[28.972796,40.487838],[28.972677,40.487784],[28.972443,40.487704],[28.972285,40.487663],[28.972056,40.487615],[28.9709,40.487383],[28.969487,40.487062],[28.969115,40.486998],[28.968728,40.486962],[28.968333,40.48694],[28.967156,40.486894],[28.965723,40.486822],[28.965379,40.486813],[28.96505,40.486819],[28.964096,40.486861],[28.963788,40.486868],[28.963492,40.486863],[28.962918,40.486834],[28.962639,40.486813],[28.962373,40.486781],[28.962132,40.48673],[28.961905,40.486668],[28.961473,40.486535],[28.961277,40.486468],[28.960696,40.48623],[28.960582,40.486203],[28.960495,40.486222],[28.960449,40.486249],[28.957305,40.487896],[28.956883,40.488053],[28.956114,40.487966],[28.956034,40.487967],[28.955977,40.487985],[28.955523,40.488162],[28.954849,40.488545],[28.954373,40.48884],[28.953506,40.489412],[28.952339,40.490211],[28.952067,40.490392],[28.951825,40.490519],[28.951781,40.490529],[28.951734,40.490526],[28.951461,40.490472],[28.95129,40.490453],[28.951059,40.490454],[28.95025,40.490486],[28.949987,40.490475],[28.949743,40.49043],[28.949063,40.490236],[28.948856,40.49019],[28.94867,40.490176],[28.948318,40.490184],[28.948123,40.490181],[28.947877,40.490151],[28.947534,40.490069],[28.946325,40.489728],[28.945942,40.489631],[28.94561,40.489567],[28.944487,40.489406],[28.943948,40.489278],[28.943776,40.48925],[28.94351,40.489275],[28.94333,40.489326],[28.943056,40.489431],[28.94248,40.489674],[28.940679,40.490466],[28.940354,40.490596],[28.939898,40.49076],[28.939607,40.490847],[28.939496,40.490873],[28.938947,40.49096],[28.938847,40.490994],[28.938809,40.491046],[28.938804,40.491107],[28.93882,40.491299],[28.938809,40.491356],[28.938746,40.491537],[28.938721,40.491632],[28.938582,40.492334],[28.93853,40.492548],[28.938456,40.492791],[28.9382,40.493565],[28.938131,40.493799],[28.938091,40.493992],[28.938046,40.494332],[28.938013,40.494713],[28.93793,40.496281],[28.937934,40.496351],[28.937955,40.496484],[28.938005,40.496734],[28.938291,40.498082],[28.938408,40.498966],[28.938496,40.499558],[28.938539,40.499992],[28.938543,40.500257],[28.938531,40.501486],[28.938604,40.503093],[28.938613,40.503444],[28.938607,40.503706],[28.938565,40.504298],[28.938567,40.504473],[28.938594,40.504634],[28.938636,40.504787],[28.938734,40.505083],[28.938792,40.505226],[28.938932,40.505494],[28.939157,40.505886],[28.942087,40.507931],[28.942987,40.508551],[28.943721,40.509038],[28.944148,40.509282],[28.944368,40.50936],[28.944541,40.509411],[28.946809,40.509744],[28.948409,40.510083],[28.950455,40.510624],[28.952594,40.511206],[28.953187,40.511605],[28.953325,40.511683],[28.953465,40.511738],[28.95375,40.511819],[28.954048,40.511885],[28.954381,40.511932],[28.954748,40.511971],[28.95526,40.511999],[28.956613,40.512037],[28.95698,40.512054],[28.957725,40.512093],[28.958434,40.512143],[28.959016,40.51222],[28.959525,40.512302],[28.959828,40.512361],[28.959889,40.512381],[28.95993,40.512403],[28.959962,40.512438],[28.959982,40.512508],[28.959981,40.512643],[28.959952,40.513182],[28.959955,40.513369],[28.959981,40.513552],[28.960094,40.514124],[28.960112,40.514363],[28.960101,40.514669],[28.95998,40.515968],[28.959962,40.516359],[28.959972,40.516574],[28.960057,40.517241],[28.960073,40.517412],[28.960081,40.518024],[28.960094,40.518135],[28.960129,40.518193],[28.960181,40.518225],[28.960364,40.518299],[28.960589,40.518401],[28.962125,40.519144],[28.963109,40.519628],[28.963361,40.519757],[28.963615,40.519902],[28.963706,40.519967],[28.963787,40.520047],[28.963852,40.520157],[28.964035,40.520547],[28.964112,40.520667],[28.964215,40.520765],[28.964452,40.520932],[28.9652,40.52143],[28.965746,40.521694],[28.966093,40.521194],[28.966285,40.520899],[28.966334,40.5208],[28.966423,40.52057],[28.966483,40.520484],[28.966593,40.520378],[28.96704,40.520002],[28.967412,40.519678],[28.96949,40.517781],[28.969977,40.517382],[28.970045,40.517314],[28.970063,40.517266],[28.970031,40.517155],[28.970039,40.517108],[28.970084,40.517044],[28.970272,40.516823],[28.970299,40.516761],[28.970267,40.516718],[28.970077,40.516625],[28.970054,40.516582],[28.970097,40.516517],[28.970178,40.516441],[28.970462,40.516209],[28.970718,40.51602],[28.970812,40.515939],[28.97093,40.515812],[28.971094,40.515601],[28.97187,40.514535],[28.971969,40.514445],[28.974426,40.51246],[28.975175,40.511857],[28.975803,40.511362],[28.9762,40.511071],[28.976886,40.51062],[28.977065,40.510471],[28.977215,40.510288],[28.977607,40.509684],[28.977726,40.509522],[28.977832,40.509426],[28.97793,40.509363],[28.978125,40.50926],[28.978226,40.509194],[28.978334,40.509101],[28.978566,40.508871],[28.978836,40.508566],[28.979216,40.508065],[28.979606,40.507531],[28.979758,40.507315],[28.979928,40.507034],[28.979987,40.506975],[28.980106,40.506921],[28.980339,40.506874],[28.981304,40.506733],[28.981686,40.506665],[28.982136,40.506566],[28.983977,40.506123],[28.984888,40.505936],[28.985108,40.505875],[28.985366,40.505779],[28.98593,40.505543],[28.98621,40.505415],[28.986469,40.50528],[28.986689,40.505129],[28.986886,40.50497],[28.987073,40.504806],[28.987249,40.504633],[28.987402,40.50444],[28.987514,40.504211],[28.987602,40.503964],[28.987818,40.50329],[28.987929,40.503028],[28.987957,40.502901],[28.987978,40.502624],[28.98799,40.501364],[28.987992,40.499034],[28.990007,40.498243],[28.992546,40.495852],[28.993213,40.493785]]]}},{"type":"Feature","properties":{"id":"TR-Y-77-002-K-0003","level":"yerlesim","type":"mahalle","parent_id":"TR-D-77-002","province_id":"TR-P-77","district_id":"TR-D-77-002","name":"Kapaklı","source_raw_name":"Kapaklı","source":"Kullanıcı tarafından sağlanan KML","source_label":"Kullanıcı tarafından sağlanan KML","source_name":"Yalova Mahalle KML - kullanici tarafindan saglandi"},"geometry":{"type":"Polygon","coordinates":[[[28.986383,40.49082],[28.986679,40.490735],[28.987276,40.490385],[28.988173,40.48975],[28.988348,40.4891],[28.988388,40.488909],[28.988411,40.488876],[28.988456,40.488851],[28.988898,40.488685],[28.990979,40.486431],[28.99246,40.484178],[28.993677,40.482149],[28.996013,40.480572],[28.999735,40.479169],[29.003255,40.478067],[29.005492,40.477641],[29.006841,40.47689],[29.009429,40.475143],[29.009648,40.474891],[29.009837,40.474566],[29.010014,40.474131],[29.010041,40.47396],[29.010095,40.473735],[29.010486,40.472147],[29.010738,40.471172],[29.010745,40.471117],[29.010739,40.471007],[29.010662,40.470019],[29.010197,40.470099],[29.010072,40.470219],[29.009891,40.470335],[29.009655,40.470467],[29.009455,40.470597],[29.009164,40.470757],[29.008871,40.470833],[29.00852,40.470853],[29.008167,40.470803],[29.007758,40.470711],[29.007458,40.470547],[29.007266,40.470339],[29.007076,40.470159],[29.007015,40.469948],[29.00701,40.469807],[29.00697,40.46968],[29.006838,40.469612],[29.006672,40.469615],[29.006507,40.469674],[29.00638,40.469747],[29.00587,40.47001],[29.005395,40.470202],[29.005011,40.470321],[29.004699,40.470397],[29.004349,40.470432],[29.004072,40.470437],[29.003497,40.47039],[29.003125,40.470298],[29.002697,40.470206],[29.002343,40.470114],[29.001946,40.469824],[29.001719,40.469645],[29.001585,40.469477],[29.00145,40.469282],[29.001311,40.468974],[29.000927,40.468521],[29.000725,40.46827],[29.000195,40.468118],[28.999627,40.468283],[28.998981,40.46834],[28.998229,40.468437],[28.997898,40.468409],[28.997201,40.468353],[28.99676,40.468367],[28.996485,40.468395],[28.996209,40.468326],[28.995879,40.468172],[28.995659,40.46806],[28.995567,40.467907],[28.995457,40.467795],[28.995328,40.467739],[28.995255,40.467599],[28.995071,40.467306],[28.995016,40.467139],[28.994888,40.466971],[28.994667,40.466734],[28.994631,40.466608],[28.994557,40.466524],[28.99441,40.466426],[28.993888,40.466632],[28.99365,40.466781],[28.993377,40.466908],[28.993122,40.466966],[28.99266,40.467014],[28.992006,40.467013],[28.9914,40.466887],[28.991051,40.466789],[28.990354,40.466636],[28.990115,40.466524],[28.989729,40.466315],[28.989234,40.465868],[28.98905,40.465644],[28.989069,40.465435],[28.988977,40.465309],[28.988977,40.465169],[28.988867,40.465058],[28.988812,40.464932],[28.988775,40.464848],[28.988637,40.464705],[28.988683,40.464569],[28.988591,40.464429],[28.988481,40.464331],[28.988298,40.464387],[28.988096,40.464457],[28.9876,40.464485],[28.987323,40.464563],[28.98648,40.464583],[28.98637,40.464457],[28.986186,40.464457],[28.985948,40.464443],[28.985526,40.464359],[28.985269,40.464345],[28.984993,40.464192],[28.984755,40.46408],[28.984479,40.464122],[28.984131,40.464248],[28.983601,40.464345],[28.982755,40.464296],[28.982449,40.464244],[28.982295,40.464192],[28.981964,40.464038],[28.982019,40.463801],[28.981836,40.463787],[28.981762,40.463968],[28.981469,40.463801],[28.981359,40.463689],[28.981175,40.463633],[28.981065,40.463507],[28.98079,40.463396],[28.980679,40.46327],[28.980551,40.46306],[28.980202,40.46253],[28.980092,40.46225],[28.980074,40.462013],[28.980019,40.461803],[28.980074,40.461622],[28.980019,40.461301],[28.979908,40.460938],[28.979927,40.46077],[28.979945,40.460519],[28.979927,40.460295],[28.979872,40.460141],[28.979817,40.460016],[28.979706,40.459834],[28.979633,40.459708],[28.979431,40.459513],[28.979046,40.459247],[28.978568,40.458815],[28.978477,40.458801],[28.97833,40.458591],[28.978091,40.458409],[28.977963,40.458312],[28.977797,40.458172],[28.977816,40.458102],[28.977742,40.458004],[28.977485,40.457823],[28.977449,40.457655],[28.977338,40.457585],[28.977247,40.456789],[28.977228,40.456608],[28.976898,40.456524],[28.976567,40.45665],[28.976329,40.456594],[28.975888,40.456356],[28.975576,40.4563],[28.975136,40.456189],[28.974934,40.456258],[28.974365,40.456356],[28.9741,40.45648],[28.973704,40.456622],[28.973392,40.456817],[28.973263,40.457027],[28.973098,40.457194],[28.972823,40.45718],[28.972529,40.457613],[28.972364,40.457851],[28.972217,40.458158],[28.972015,40.458465],[28.971538,40.459108],[28.971171,40.459387],[28.970932,40.459708],[28.970491,40.460169],[28.970289,40.460281],[28.969961,40.460449],[28.969458,40.460657],[28.969096,40.460672],[28.968747,40.460686],[28.968619,40.460602],[28.968417,40.46063],[28.968087,40.460672],[28.967811,40.46077],[28.967536,40.460784],[28.967297,40.460714],[28.96704,40.460742],[28.966783,40.461007],[28.966746,40.461231],[28.966802,40.461524],[28.96682,40.461972],[28.966983,40.462498],[28.967129,40.462664],[28.96704,40.462683],[28.966875,40.462544],[28.966684,40.462264],[28.966532,40.461839],[28.966365,40.461104],[28.966268,40.460977],[28.966214,40.461063],[28.966086,40.461245],[28.965645,40.46165],[28.965406,40.461803],[28.96526,40.461817],[28.964837,40.461762],[28.964562,40.461343],[28.964103,40.461231],[28.964066,40.461301],[28.964489,40.461398],[28.964654,40.46165],[28.964177,40.461748],[28.963387,40.461803],[28.963057,40.461827],[28.962763,40.461706],[28.962543,40.461762],[28.962341,40.461762],[28.961992,40.461999],[28.961625,40.462125],[28.961011,40.462253],[28.960579,40.462348],[28.960028,40.462334],[28.959661,40.462306],[28.959396,40.462329],[28.958944,40.462597],[28.958651,40.462669],[28.958192,40.462781],[28.957697,40.462795],[28.957421,40.462669],[28.956926,40.462627],[28.956375,40.462572],[28.955879,40.462572],[28.955475,40.462544],[28.955251,40.462583],[28.954925,40.462809],[28.954544,40.462917],[28.954321,40.462967],[28.954123,40.462966],[28.953982,40.462996],[28.95375,40.463074],[28.953438,40.463172],[28.953126,40.463005],[28.952795,40.462879],[28.952557,40.462865],[28.9523,40.462837],[28.952226,40.462767],[28.951969,40.462921],[28.951675,40.4632],[28.95129,40.46334],[28.95096,40.463479],[28.950611,40.463549],[28.950354,40.463507],[28.950023,40.463535],[28.949675,40.463535],[28.949307,40.463689],[28.948738,40.463829],[28.948411,40.463907],[28.947836,40.464025],[28.947181,40.464041],[28.946793,40.46394],[28.946365,40.46368],[28.946153,40.46349],[28.945618,40.463088],[28.945265,40.46302],[28.944975,40.463046],[28.944737,40.463116],[28.944406,40.46327],[28.94401,40.463342],[28.943598,40.463284],[28.943378,40.463199],[28.943204,40.463174],[28.943028,40.463167],[28.942791,40.463172],[28.942644,40.462998],[28.942644,40.462893],[28.942515,40.462795],[28.942405,40.462879],[28.942238,40.462998],[28.942038,40.4632],[28.941597,40.463368],[28.94134,40.463354],[28.940753,40.463396],[28.940239,40.46341],[28.939817,40.463396],[28.93967,40.46327],[28.939431,40.463284],[28.939054,40.463325],[28.938538,40.463404],[28.938183,40.463284],[28.937687,40.46327],[28.93743,40.463312],[28.93721,40.463242],[28.936972,40.4632],[28.93677,40.463284],[28.936311,40.463368],[28.936164,40.463326],[28.935962,40.463354],[28.935723,40.46341],[28.935411,40.46341],[28.934989,40.463535],[28.93464,40.463535],[28.934365,40.463577],[28.934034,40.463675],[28.933686,40.463801],[28.933447,40.463898],[28.93319,40.463898],[28.932878,40.46387],[28.93286,40.463759],[28.932492,40.463759],[28.932291,40.463815],[28.932235,40.463912],[28.931997,40.46394],[28.931795,40.464038],[28.931575,40.464024],[28.931501,40.464289],[28.931281,40.464639],[28.930987,40.465016],[28.930712,40.465154],[28.930521,40.465301],[28.930447,40.465312],[28.930177,40.46546],[28.929892,40.465554],[28.929372,40.465593],[28.928821,40.46563],[28.928564,40.465546],[28.928344,40.465505],[28.92806,40.465582],[28.927665,40.46556],[28.927316,40.46556],[28.927022,40.465574],[28.926673,40.465686],[28.926086,40.465728],[28.925223,40.465658],[28.924911,40.4657],[28.924709,40.465784],[28.924415,40.465854],[28.924156,40.465959],[28.923896,40.466076],[28.923663,40.466091],[28.923479,40.466063],[28.92313,40.465979],[28.922873,40.466007],[28.922488,40.466245],[28.922194,40.466342],[28.921845,40.466328],[28.921588,40.466315],[28.921359,40.466277],[28.921322,40.466472],[28.92129,40.466507],[28.921443,40.466605],[28.921598,40.46663],[28.92186,40.466735],[28.922089,40.466947],[28.922249,40.467113],[28.922538,40.46746],[28.922719,40.467702],[28.922787,40.467818],[28.922899,40.468048],[28.923282,40.46889],[28.923336,40.469019],[28.923367,40.469114],[28.923974,40.471951],[28.924108,40.472237],[28.92461,40.47266],[28.924904,40.472782],[28.926817,40.473616],[28.929411,40.474727],[28.929954,40.474967],[28.930302,40.475136],[28.930544,40.475266],[28.931919,40.476063],[28.932462,40.476368],[28.933036,40.47666],[28.934316,40.477286],[28.934445,40.477354],[28.934558,40.477429],[28.934646,40.477518],[28.934924,40.477885],[28.934992,40.477946],[28.935187,40.478086],[28.935233,40.47813],[28.935254,40.478173],[28.935259,40.478217],[28.935253,40.478302],[28.93524,40.478341],[28.935211,40.478375],[28.935133,40.478435],[28.935042,40.478479],[28.934986,40.478486],[28.934853,40.478485],[28.93474,40.478484],[28.934641,40.478509],[28.934104,40.478644],[28.93404,40.478669],[28.933999,40.478702],[28.933947,40.478776],[28.933919,40.478844],[28.933926,40.47887],[28.933964,40.478916],[28.934494,40.479419],[28.934593,40.479526],[28.934661,40.47962],[28.934711,40.479707],[28.934803,40.479895],[28.935021,40.480409],[28.935194,40.48085],[28.935268,40.481072],[28.935321,40.481292],[28.935445,40.481953],[28.935501,40.482184],[28.935581,40.482429],[28.935852,40.483169],[28.935913,40.48337],[28.935929,40.483502],[28.935922,40.483597],[28.935896,40.483756],[28.935901,40.483832],[28.93594,40.483908],[28.935998,40.483986],[28.936649,40.48478],[28.936763,40.484894],[28.936878,40.484973],[28.936994,40.485032],[28.937351,40.485192],[28.937883,40.485469],[28.938016,40.485527],[28.938144,40.485567],[28.938523,40.485654],[28.93865,40.48569],[28.938778,40.485739],[28.939153,40.485908],[28.939262,40.485949],[28.939348,40.485965],[28.939422,40.485968],[28.93964,40.485962],[28.93993,40.485967],[28.940028,40.485975],[28.94012,40.485992],[28.9402,40.486028],[28.940274,40.486075],[28.941153,40.486674],[28.941302,40.48678],[28.941426,40.48688],[28.941762,40.487182],[28.942252,40.487661],[28.942388,40.4878],[28.942779,40.488198],[28.942953,40.488409],[28.94351,40.489275],[28.943776,40.48925],[28.943948,40.489278],[28.944487,40.489406],[28.94561,40.489567],[28.945942,40.489631],[28.946325,40.489728],[28.947534,40.490069],[28.947877,40.490151],[28.948123,40.490181],[28.948318,40.490184],[28.94867,40.490176],[28.948856,40.49019],[28.949063,40.490236],[28.949743,40.49043],[28.949987,40.490475],[28.95025,40.490486],[28.951059,40.490454],[28.95129,40.490453],[28.951461,40.490472],[28.951734,40.490526],[28.951781,40.490529],[28.951825,40.490519],[28.952067,40.490392],[28.952339,40.490211],[28.953506,40.489412],[28.954373,40.48884],[28.954849,40.488545],[28.955523,40.488162],[28.955977,40.487985],[28.956034,40.487967],[28.956114,40.487966],[28.956883,40.488053],[28.957305,40.487896],[28.960449,40.486249],[28.960495,40.486222],[28.960582,40.486203],[28.960696,40.48623],[28.961277,40.486468],[28.961473,40.486535],[28.961905,40.486668],[28.962132,40.48673],[28.962373,40.486781],[28.962639,40.486813],[28.962918,40.486834],[28.963492,40.486863],[28.963788,40.486868],[28.964096,40.486861],[28.96505,40.486819],[28.965379,40.486813],[28.965723,40.486822],[28.967156,40.486894],[28.968333,40.48694],[28.968728,40.486962],[28.969115,40.486998],[28.969487,40.487062],[28.9709,40.487383],[28.972056,40.487615],[28.972285,40.487663],[28.972443,40.487704],[28.972677,40.487784],[28.972796,40.487838],[28.972944,40.487928],[28.97315,40.488085],[28.974094,40.488849],[28.974276,40.488979],[28.97472,40.489272],[28.974833,40.489362],[28.974902,40.489447],[28.975035,40.489693],[28.975099,40.489772],[28.975197,40.489845],[28.975315,40.489916],[28.975577,40.490054],[28.975725,40.490121],[28.975896,40.490185],[28.976639,40.490437],[28.977145,40.490631],[28.977311,40.490688],[28.977481,40.490726],[28.977656,40.490732],[28.978211,40.490688],[28.978421,40.490683],[28.978665,40.490698],[28.978928,40.490724],[28.979765,40.490826],[28.980702,40.490959],[28.981256,40.491049],[28.981433,40.491088],[28.981701,40.491159],[28.981857,40.491188],[28.982094,40.4912],[28.98248,40.491185],[28.982946,40.491155],[28.98444,40.491098],[28.986089,40.490868],[28.986383,40.49082]]]}},{"type":"Feature","properties":{"id":"TR-Y-77-002-K-0004","level":"yerlesim","type":"mahalle","parent_id":"TR-D-77-002","province_id":"TR-P-77","district_id":"TR-D-77-002","name":"Mecidiye","source_raw_name":"Mecidiye","source":"Kullanıcı tarafından sağlanan KML","source_label":"Kullanıcı tarafından sağlanan KML","source_name":"Yalova Mahalle KML - kullanici tarafindan saglandi"},"geometry":{"type":"Polygon","coordinates":[[[28.913905,40.582925],[28.914378,40.582895],[28.914821,40.582933],[28.915204,40.58301],[28.915438,40.583097],[28.91545,40.583068],[28.915626,40.582577],[28.915688,40.582461],[28.915776,40.582354],[28.915878,40.582253],[28.916112,40.58205],[28.916261,40.581943],[28.916457,40.581827],[28.91712,40.581462],[28.917303,40.581343],[28.917422,40.581234],[28.917505,40.581129],[28.917574,40.581025],[28.917634,40.580916],[28.917679,40.5808],[28.9177,40.580663],[28.917707,40.580518],[28.917707,40.580227],[28.917699,40.580097],[28.917679,40.579989],[28.917621,40.579808],[28.917578,40.579725],[28.917509,40.579651],[28.917392,40.579591],[28.916796,40.579393],[28.916546,40.579297],[28.91632,40.579195],[28.91622,40.579134],[28.916141,40.579057],[28.916014,40.578884],[28.915963,40.578795],[28.915934,40.578705],[28.915945,40.578617],[28.915978,40.578527],[28.916066,40.578356],[28.916118,40.578285],[28.916179,40.578232],[28.916245,40.578192],[28.916385,40.578129],[28.916466,40.578113],[28.91656,40.578121],[28.916959,40.57821],[28.917035,40.57822],[28.917168,40.578225],[28.917235,40.578221],[28.917311,40.578204],[28.917403,40.578164],[28.917606,40.578054],[28.917705,40.577993],[28.917793,40.577927],[28.917862,40.577852],[28.91803,40.577616],[28.918091,40.577548],[28.918164,40.577497],[28.918243,40.577455],[28.918416,40.577382],[28.918519,40.577349],[28.918645,40.577321],[28.919174,40.577231],[28.919337,40.577189],[28.919408,40.577161],[28.91947,40.577127],[28.919778,40.576905],[28.919864,40.576867],[28.919954,40.576865],[28.920047,40.576882],[28.920236,40.576934],[28.920329,40.576966],[28.920717,40.57714],[28.920853,40.577194],[28.920987,40.577235],[28.920987,40.577235],[28.92065,40.578366],[28.920324,40.579462],[28.92092,40.578846],[28.921249,40.578506],[28.9213,40.57946],[28.922358,40.577741],[28.922503,40.577815],[28.922665,40.577889],[28.923084,40.57804],[28.92374,40.578255],[28.924261,40.578389],[28.924421,40.578423],[28.924572,40.578445],[28.924707,40.578443],[28.92507,40.578401],[28.925173,40.578391],[28.925253,40.578396],[28.925384,40.578425],[28.925511,40.578471],[28.925853,40.57869],[28.925968,40.578722],[28.926081,40.578729],[28.926148,40.578717],[28.926231,40.57868],[28.926604,40.578485],[28.926686,40.578458],[28.926917,40.578408],[28.926993,40.578382],[28.927068,40.578343],[28.927271,40.578214],[28.927364,40.578163],[28.927435,40.578138],[28.927648,40.57808],[28.927725,40.57804],[28.927813,40.577967],[28.928096,40.577698],[28.928189,40.577626],[28.92828,40.577586],[28.92846,40.57755],[28.928552,40.577542],[28.928649,40.577544],[28.928757,40.577561],[28.92911,40.57764],[28.92924,40.577651],[28.929386,40.577636],[28.929539,40.577609],[28.929964,40.577511],[28.930165,40.57744],[28.930547,40.577273],[28.930649,40.577239],[28.930768,40.577219],[28.930917,40.577231],[28.931423,40.577319],[28.931584,40.577334],[28.931728,40.577322],[28.931863,40.577296],[28.932116,40.57723],[28.932224,40.577195],[28.932372,40.577123],[28.933044,40.57672],[28.933146,40.576647],[28.933219,40.576574],[28.933382,40.576368],[28.933445,40.576322],[28.933526,40.576304],[28.933802,40.576303],[28.933892,40.576292],[28.933975,40.576259],[28.934132,40.576165],[28.934277,40.576051],[28.934338,40.575977],[28.934445,40.575814],[28.934493,40.575726],[28.934531,40.575631],[28.934541,40.575575],[28.934562,40.575395],[28.934567,40.575149],[28.934556,40.575031],[28.934526,40.574927],[28.934407,40.574647],[28.934389,40.574564],[28.934405,40.574495],[28.934487,40.574375],[28.934543,40.574316],[28.934618,40.574263],[28.934728,40.57421],[28.935269,40.574005],[28.935472,40.573899],[28.935651,40.573796],[28.935875,40.573654],[28.936202,40.573359],[28.936266,40.573323],[28.936397,40.57327],[28.936521,40.573237],[28.936571,40.573239],[28.936617,40.573252],[28.936713,40.57329],[28.936861,40.573394],[28.937172,40.573642],[28.937291,40.573715],[28.937427,40.573768],[28.937572,40.573809],[28.937872,40.573875],[28.938024,40.573895],[28.938176,40.573895],[28.938619,40.573863],[28.938737,40.573862],[28.938813,40.573876],[28.938865,40.5739],[28.938951,40.573959],[28.938993,40.573996],[28.939364,40.574432],[28.939421,40.574486],[28.939499,40.574544],[28.939617,40.574603],[28.939903,40.574728],[28.940179,40.57483],[28.940286,40.574853],[28.940545,40.574883],[28.940616,40.574908],[28.940668,40.574961],[28.94086,40.575292],[28.940954,40.575421],[28.94109,40.575581],[28.941169,40.575647],[28.941266,40.575689],[28.941373,40.57572],[28.941599,40.575768],[28.941719,40.575787],[28.941985,40.575808],[28.942254,40.575817],[28.942378,40.575808],[28.942484,40.575783],[28.942877,40.575628],[28.942995,40.575593],[28.943316,40.575515],[28.943489,40.575491],[28.943584,40.575503],[28.943899,40.575623],[28.944073,40.575662],[28.944237,40.57568],[28.944299,40.575673],[28.944419,40.575641],[28.944476,40.575614],[28.944527,40.575569],[28.94457,40.575488],[28.944723,40.575074],[28.944836,40.574892],[28.944972,40.574724],[28.945061,40.574652],[28.945183,40.574601],[28.945609,40.574476],[28.945741,40.574427],[28.945851,40.574364],[28.946045,40.574217],[28.946135,40.574137],[28.94622,40.574045],[28.946293,40.573936],[28.946426,40.573696],[28.946539,40.573463],[28.946647,40.573174],[28.946672,40.573121],[28.946723,40.573065],[28.946806,40.573044],[28.946906,40.573041],[28.947124,40.573054],[28.947242,40.573067],[28.947765,40.573161],[28.947875,40.573174],[28.94795,40.573171],[28.948007,40.573158],[28.948101,40.573121],[28.948138,40.573095],[28.948165,40.573057],[28.948257,40.572847],[28.948362,40.572676],[28.94849,40.572486],[28.948566,40.572393],[28.948661,40.572307],[28.949218,40.571875],[28.949647,40.571521],[28.949683,40.571475],[28.949691,40.571375],[28.949624,40.570831],[28.949624,40.570721],[28.949645,40.570645],[28.949678,40.570588],[28.949737,40.570512],[28.950089,40.57014],[28.950137,40.570071],[28.95015,40.570015],[28.950097,40.569737],[28.950079,40.569535],[28.950055,40.569161],[28.950049,40.56896],[28.95006,40.568792],[28.950102,40.568688],[28.95016,40.568617],[28.950292,40.568509],[28.95036,40.568466],[28.950572,40.568379],[28.951195,40.568168],[28.95129,40.568115],[28.951349,40.568044],[28.951387,40.567965],[28.951416,40.567882],[28.951436,40.567796],[28.951439,40.567709],[28.951409,40.567616],[28.951274,40.567342],[28.951256,40.567269],[28.951282,40.567222],[28.951332,40.567186],[28.951452,40.567123],[28.95151,40.567081],[28.951562,40.567021],[28.951655,40.566877],[28.951695,40.566804],[28.95172,40.566736],[28.95172,40.566673],[28.951705,40.566617],[28.951661,40.566507],[28.951594,40.566402],[28.951472,40.566249],[28.951445,40.566198],[28.951438,40.566146],[28.951442,40.566095],[28.95147,40.56594],[28.951905,40.565437],[28.951954,40.565363],[28.95202,40.565233],[28.952043,40.565169],[28.95205,40.565104],[28.952028,40.565033],[28.951992,40.564958],[28.951869,40.564729],[28.951731,40.564394],[28.95167,40.564296],[28.95157,40.564178],[28.951447,40.56405],[28.951184,40.563795],[28.951049,40.563681],[28.950912,40.563592],[28.950513,40.563388],[28.950331,40.563308],[28.950168,40.563253],[28.950091,40.563213],[28.949835,40.563054],[28.949413,40.562776],[28.948891,40.562395],[28.948413,40.562078],[28.948323,40.562003],[28.948278,40.561939],[28.948259,40.561879],[28.948247,40.561764],[28.948252,40.56171],[28.948272,40.561659],[28.94833,40.56156],[28.948381,40.56149],[28.948646,40.561196],[28.948721,40.5611],[28.948773,40.560993],[28.948784,40.560863],[28.948741,40.560438],[28.948738,40.560309],[28.948759,40.5602],[28.948868,40.559922],[28.948894,40.559834],[28.948903,40.559749],[28.948894,40.559509],[28.948898,40.559444],[28.948917,40.559401],[28.948942,40.55937],[28.949034,40.559301],[28.949233,40.559238],[28.949426,40.559165],[28.949485,40.559136],[28.949523,40.559103],[28.949522,40.559064],[28.949499,40.559021],[28.949409,40.558893],[28.949352,40.55878],[28.949325,40.55867],[28.949317,40.558569],[28.949308,40.558321],[28.94931,40.558196],[28.949323,40.55808],[28.949358,40.557983],[28.949455,40.557817],[28.949507,40.557745],[28.949559,40.557686],[28.94961,40.557657],[28.949709,40.557637],[28.949805,40.557635],[28.949897,40.557661],[28.950432,40.557874],[28.950609,40.557927],[28.950766,40.557955],[28.950929,40.55797],[28.95112,40.557959],[28.951316,40.557932],[28.951407,40.557903],[28.951487,40.557851],[28.951711,40.557649],[28.9518,40.557578],[28.951911,40.557506],[28.952286,40.557298],[28.952409,40.557237],[28.952526,40.557192],[28.952752,40.557121],[28.952977,40.557062],[28.953476,40.55698],[28.953654,40.556944],[28.955037,40.556614],[28.955693,40.556492],[28.955807,40.556459],[28.955877,40.556416],[28.955925,40.556368],[28.956137,40.556088],[28.956314,40.555871],[28.95648,40.555681],[28.95654,40.555632],[28.956591,40.555599],[28.9567,40.555551],[28.957394,40.555345],[28.957521,40.555286],[28.957594,40.555213],[28.957639,40.555133],[28.95771,40.554973],[28.957757,40.554904],[28.957828,40.554852],[28.957911,40.554811],[28.95809,40.554742],[28.958185,40.554719],[28.958287,40.554715],[28.958501,40.554728],[28.958611,40.554741],[28.958728,40.554769],[28.958857,40.55482],[28.959277,40.555013],[28.959433,40.555064],[28.95961,40.555091],[28.960333,40.555132],[28.96074,40.554649],[28.961054,40.554297],[28.961941,40.553417],[28.962135,40.553212],[28.962272,40.553042],[28.962379,40.552891],[28.962623,40.552501],[28.962805,40.552127],[28.963006,40.55178],[28.963531,40.550933],[28.966057,40.546956],[28.968967,40.542405],[28.97007,40.540707],[28.970572,40.539988],[28.970723,40.53938],[28.970589,40.538606],[28.970495,40.538171],[28.97035,40.537616],[28.970176,40.536996],[28.969795,40.535692],[28.969586,40.535017],[28.96911,40.533613],[28.968442,40.531718],[28.968107,40.530824],[28.968052,40.530658],[28.967873,40.529901],[28.967808,40.529677],[28.967713,40.529412],[28.967381,40.528558],[28.967302,40.528317],[28.967275,40.528148],[28.967278,40.528017],[28.967298,40.527897],[28.967338,40.527774],[28.967425,40.527631],[28.967596,40.527448],[28.968032,40.52703],[28.968233,40.526815],[28.968364,40.526603],[28.968362,40.526396],[28.96829,40.526192],[28.968105,40.525791],[28.968047,40.525596],[28.968055,40.525408],[28.9681,40.525225],[28.968272,40.524689],[28.968317,40.52452],[28.968388,40.524192],[28.968407,40.524036],[28.968392,40.523893],[28.968314,40.523776],[28.968201,40.523672],[28.967932,40.523469],[28.967767,40.523356],[28.966871,40.522784],[28.96667,40.522636],[28.966517,40.522491],[28.966076,40.521962],[28.965942,40.521833],[28.96582,40.52174],[28.965746,40.521694],[28.9652,40.52143],[28.964452,40.520932],[28.964215,40.520765],[28.964112,40.520667],[28.964035,40.520547],[28.963852,40.520157],[28.963787,40.520047],[28.963706,40.519967],[28.963615,40.519902],[28.963361,40.519757],[28.963109,40.519628],[28.962125,40.519144],[28.960589,40.518401],[28.960364,40.518299],[28.960181,40.518225],[28.960129,40.518193],[28.960094,40.518135],[28.960081,40.518024],[28.960073,40.517412],[28.960057,40.517241],[28.959972,40.516574],[28.959962,40.516359],[28.95998,40.515968],[28.960101,40.514669],[28.960112,40.514363],[28.960094,40.514124],[28.959981,40.513552],[28.959955,40.513369],[28.959952,40.513182],[28.959981,40.512643],[28.959982,40.512508],[28.959962,40.512438],[28.95993,40.512403],[28.959889,40.512381],[28.959828,40.512361],[28.959525,40.512302],[28.959016,40.51222],[28.958434,40.512143],[28.957725,40.512093],[28.95698,40.512054],[28.956613,40.512037],[28.95526,40.511999],[28.954748,40.511971],[28.954381,40.511932],[28.954048,40.511885],[28.95375,40.511819],[28.953465,40.511738],[28.953325,40.511683],[28.953187,40.511605],[28.952594,40.511206],[28.950455,40.510624],[28.948409,40.510083],[28.946809,40.509744],[28.944541,40.509411],[28.944207,40.509474],[28.943718,40.509592],[28.943556,40.509656],[28.943351,40.509691],[28.943158,40.509733],[28.943,40.509796],[28.942904,40.509898],[28.942843,40.51002],[28.942737,40.510277],[28.942665,40.510399],[28.942556,40.510508],[28.942285,40.510711],[28.942128,40.510812],[28.941937,40.510919],[28.941686,40.511035],[28.94083,40.511398],[28.940586,40.511508],[28.940412,40.511599],[28.940041,40.511824],[28.939932,40.511877],[28.93983,40.511905],[28.939545,40.511944],[28.939465,40.511975],[28.939405,40.512036],[28.939306,40.512191],[28.939248,40.512263],[28.939162,40.512308],[28.939027,40.512305],[28.938539,40.512211],[28.938416,40.512201],[28.938357,40.512233],[28.938291,40.512411],[28.938228,40.512473],[28.938095,40.512531],[28.93753,40.512708],[28.937299,40.512787],[28.937023,40.512895],[28.935869,40.513378],[28.935414,40.51359],[28.935292,40.513659],[28.935176,40.513748],[28.935069,40.513873],[28.934967,40.514019],[28.934773,40.514324],[28.934689,40.514472],[28.934454,40.514986],[28.934393,40.515074],[28.93432,40.515112],[28.934069,40.515138],[28.933966,40.515171],[28.933836,40.515246],[28.933542,40.515445],[28.93339,40.515539],[28.933235,40.515601],[28.933077,40.515604],[28.932918,40.515575],[28.932613,40.515486],[28.932487,40.515434],[28.932404,40.515376],[28.932165,40.515111],[28.931963,40.51495],[28.931743,40.514792],[28.931646,40.514732],[28.931568,40.514704],[28.931499,40.514694],[28.931426,40.514693],[28.931332,40.514703],[28.931177,40.51474],[28.930911,40.514823],[28.930248,40.515046],[28.929926,40.515163],[28.929667,40.515273],[28.929527,40.51537],[28.92945,40.515461],[28.929313,40.515665],[28.929174,40.515818],[28.928917,40.516049],[28.928253,40.516605],[28.927915,40.516875],[28.927608,40.517098],[28.927361,40.51723],[28.927147,40.517313],[28.926563,40.517503],[28.926217,40.517649],[28.925905,40.517801],[28.925792,40.517874],[28.925742,40.517941],[28.925714,40.518069],[28.925687,40.518134],[28.925606,40.518205],[28.925423,40.518288],[28.924927,40.518466],[28.923461,40.518965],[28.923245,40.51905],[28.923051,40.519145],[28.922534,40.519425],[28.922397,40.519482],[28.922304,40.519487],[28.922288,40.519516],[28.922093,40.519448],[28.921772,40.519288],[28.921649,40.519218],[28.921487,40.519123],[28.921352,40.519041],[28.921197,40.518988],[28.921058,40.518917],[28.920916,40.518852],[28.920811,40.518765],[28.920655,40.518639],[28.920507,40.518534],[28.92032,40.518453],[28.92001,40.518383],[28.919592,40.518326],[28.919221,40.518336],[28.918753,40.518338],[28.918468,40.518372],[28.918211,40.518393],[28.917971,40.518357],[28.917592,40.518287],[28.917282,40.518234],[28.91697,40.51817],[28.916747,40.518147],[28.916553,40.518152],[28.915804,40.518205],[28.915471,40.518353],[28.915238,40.51844],[28.91469,40.518421],[28.914124,40.518526],[28.913557,40.518517],[28.913054,40.518329],[28.912305,40.517835],[28.911833,40.517681],[28.911292,40.517633],[28.91058,40.517585],[28.910071,40.517518],[28.90946,40.51747],[28.908919,40.517547],[28.908434,40.517724],[28.908063,40.517791],[28.907622,40.517705],[28.907283,40.517465],[28.905978,40.516991],[28.905536,40.51684],[28.905252,40.51677],[28.904719,40.516705],[28.904563,40.516682],[28.904405,40.516647],[28.904246,40.516588],[28.903769,40.516376],[28.903614,40.516332],[28.903467,40.516328],[28.903324,40.516347],[28.902681,40.516481],[28.902571,40.516498],[28.902465,40.516503],[28.902367,40.516471],[28.902281,40.516375],[28.902113,40.516097],[28.902006,40.515947],[28.901839,40.515794],[28.901565,40.51564],[28.901234,40.515487],[28.900557,40.515203],[28.90028,40.515106],[28.899818,40.515128],[28.899719,40.515137],[28.8996,40.515121],[28.899468,40.515092],[28.899207,40.515019],[28.899097,40.514975],[28.899019,40.514923],[28.898958,40.514865],[28.89875,40.514638],[28.898163,40.514048],[28.898056,40.51392],[28.89802,40.513837],[28.898024,40.513778],[28.898053,40.513676],[28.898047,40.51362],[28.898004,40.513552],[28.898213,40.512824],[28.898555,40.512219],[28.898407,40.511522],[28.897235,40.511614],[28.89653,40.511376],[28.894575,40.510533],[28.892919,40.510072],[28.892935,40.509874],[28.892935,40.509773],[28.892907,40.509673],[28.892829,40.509575],[28.892723,40.509477],[28.892497,40.509288],[28.892307,40.50923],[28.892119,40.509225],[28.891904,40.509249],[28.891716,40.509254],[28.891514,40.509278],[28.890695,40.50936],[28.889436,40.509504],[28.888648,40.509754],[28.88822,40.509842],[28.88787,40.509891],[28.887562,40.509919],[28.886785,40.509973],[28.886635,40.509989],[28.886427,40.510025],[28.886325,40.51005],[28.8862,40.510092],[28.885449,40.510432],[28.88528,40.5105],[28.885158,40.510534],[28.884971,40.510556],[28.884794,40.510552],[28.884232,40.51043],[28.883837,40.510373],[28.883399,40.510331],[28.883183,40.510338],[28.882975,40.510387],[28.882381,40.510608],[28.882203,40.51066],[28.882052,40.510674],[28.881644,40.510646],[28.881486,40.51065],[28.881294,40.51068],[28.881087,40.510703],[28.880868,40.510774],[28.880475,40.510874],[28.880006,40.511033],[28.879906,40.511048],[28.87981,40.511028],[28.879619,40.510944],[28.879398,40.510826],[28.87874,40.510448],[28.878568,40.510358],[28.878399,40.510283],[28.878063,40.510151],[28.876801,40.509709],[28.876735,40.509675],[28.876708,40.509651],[28.876654,40.509558],[28.876598,40.509486],[28.876373,40.509219],[28.876298,40.509148],[28.876229,40.509108],[28.876033,40.509042],[28.875965,40.509],[28.875891,40.508926],[28.87566,40.508644],[28.87558,40.508569],[28.875496,40.508526],[28.875412,40.5085],[28.875175,40.508444],[28.875079,40.508395],[28.874965,40.508315],[28.873819,40.506792],[28.871333,40.507259],[28.87188,40.507934],[28.871659,40.508069],[28.871705,40.508123],[28.871462,40.50815],[28.871313,40.508185],[28.871172,40.508261],[28.871012,40.508021],[28.87061,40.508261],[28.87102,40.508932],[28.870552,40.50896],[28.869648,40.508237],[28.86903,40.508789],[28.868561,40.50912],[28.868413,40.509283],[28.86845,40.509598],[28.868489,40.509804],[28.869623,40.510755],[28.869366,40.510996],[28.869025,40.511207],[28.868676,40.511375],[28.868364,40.511551],[28.868258,40.5117],[28.868084,40.511908],[28.867624,40.51263],[28.867307,40.513106],[28.866808,40.513265],[28.86667,40.514264],[28.867731,40.514068],[28.868914,40.513929],[28.869617,40.513684],[28.869859,40.513908],[28.870101,40.514915],[28.870061,40.515987],[28.869778,40.517183],[28.869577,40.518256],[28.868851,40.519298],[28.868327,40.520156],[28.869657,40.521229],[28.870746,40.521995],[28.87127,40.522853],[28.871633,40.52368],[28.872641,40.524263],[28.874052,40.52506],[28.874979,40.525826],[28.876189,40.526531],[28.877842,40.527113],[28.879253,40.526776],[28.879632,40.526406],[28.88039,40.527195],[28.880736,40.527544],[28.880982,40.527772],[28.881327,40.528073],[28.881456,40.528216],[28.881521,40.52839],[28.881473,40.528623],[28.881365,40.52889],[28.88111,40.529468],[28.880998,40.529787],[28.880918,40.530151],[28.880785,40.530939],[28.880684,40.531352],[28.880491,40.53179],[28.880129,40.532275],[28.879678,40.532783],[28.878341,40.534198],[28.87786,40.53473],[28.87749,40.535158],[28.874977,40.538167],[28.874562,40.538703],[28.874443,40.538835],[28.874406,40.538896],[28.874375,40.538992],[28.874354,40.539153],[28.874308,40.539776],[28.874288,40.539994],[28.874257,40.540213],[28.87418,40.540651],[28.874132,40.540865],[28.874065,40.541069],[28.873964,40.541252],[28.873845,40.541424],[28.873348,40.542082],[28.872935,40.542667],[28.872892,40.54275],[28.872855,40.542867],[28.872831,40.543038],[28.872805,40.543413],[28.872786,40.543843],[28.87279,40.544039],[28.872813,40.5442],[28.872911,40.544607],[28.872924,40.54474],[28.872907,40.544875],[28.872801,40.545292],[28.872783,40.545444],[28.872793,40.545616],[28.872873,40.546169],[28.872877,40.546356],[28.872843,40.546543],[28.872788,40.54673],[28.872656,40.54711],[28.872496,40.547522],[28.872211,40.548175],[28.872105,40.54837],[28.871983,40.548529],[28.871853,40.548668],[28.871717,40.548799],[28.871573,40.548922],[28.871409,40.549031],[28.871213,40.549117],[28.870793,40.549258],[28.870615,40.549326],[28.870522,40.549397],[28.870588,40.549474],[28.87074,40.549555],[28.871105,40.549726],[28.87127,40.549823],[28.871396,40.54994],[28.871499,40.550068],[28.871684,40.550342],[28.871773,40.5505],[28.871856,40.55069],[28.871937,40.5509],[28.872013,40.551122],[28.872082,40.551368],[28.872127,40.551671],[28.872132,40.552075],[28.872049,40.553797],[28.87205,40.553993],[28.872074,40.554182],[28.872189,40.554723],[28.872245,40.555075],[28.872374,40.556495],[28.87244,40.556896],[28.872447,40.556996],[28.872418,40.557636],[28.872434,40.557793],[28.872485,40.557927],[28.872755,40.55837],[28.87278,40.558447],[28.872802,40.558644],[28.872824,40.558727],[28.873071,40.559269],[28.873126,40.559457],[28.873161,40.559703],[28.873245,40.560738],[28.873265,40.560854],[28.873319,40.560998],[28.873319,40.561029],[28.873293,40.561056],[28.873165,40.561128],[28.873125,40.561156],[28.873093,40.56119],[28.873042,40.561268],[28.873023,40.561313],[28.873017,40.561368],[28.873033,40.561442],[28.873095,40.561617],[28.873191,40.561826],[28.873368,40.562121],[28.873581,40.562445],[28.873706,40.562612],[28.873858,40.562785],[28.874346,40.563303],[28.874468,40.563456],[28.874529,40.563579],[28.874555,40.563686],[28.87457,40.563787],[28.874588,40.563984],[28.874926,40.565942],[28.875035,40.566546],[28.875136,40.567049],[28.875224,40.567361],[28.875303,40.567569],[28.875381,40.567735],[28.87546,40.567874],[28.875544,40.567973],[28.875637,40.568007],[28.875735,40.568005],[28.87602,40.567965],[28.876095,40.567969],[28.876542,40.568057],[28.876869,40.568109],[28.877034,40.568126],[28.877188,40.568121],[28.87732,40.568074],[28.877439,40.568005],[28.877554,40.567927],[28.87777,40.567762],[28.878145,40.567419],[28.878254,40.567347],[28.87839,40.567295],[28.87854,40.567254],[28.878864,40.567181],[28.87905,40.567145],[28.87951,40.567074],[28.880228,40.56698],[28.880435,40.566965],[28.880817,40.566952],[28.880997,40.566956],[28.881163,40.56698],[28.881301,40.56704],[28.881424,40.567121],[28.881757,40.567367],[28.881927,40.567466],[28.882082,40.567538],[28.882157,40.567558],[28.882232,40.567557],[28.882385,40.567531],[28.882471,40.567525],[28.882579,40.567541],[28.882728,40.567599],[28.883394,40.567922],[28.883504,40.567963],[28.883677,40.568007],[28.883874,40.568029],[28.884356,40.568004],[28.88469,40.567974],[28.885256,40.567889],[28.885423,40.567879],[28.885861,40.567902],[28.886321,40.567946],[28.886516,40.567975],[28.886655,40.568014],[28.88699,40.568156],[28.887163,40.568214],[28.887434,40.568283],[28.8881,40.568433],[28.888445,40.568499],[28.88878,40.568541],[28.889094,40.568537],[28.889395,40.568508],[28.890248,40.568403],[28.890486,40.568387],[28.891118,40.568362],[28.891295,40.568344],[28.891431,40.568308],[28.891834,40.568127],[28.891985,40.568081],[28.892126,40.568053],[28.8922,40.568049],[28.892282,40.568057],[28.892536,40.568116],[28.892612,40.568146],[28.892674,40.568186],[28.892905,40.56839],[28.893272,40.568671],[28.893449,40.568825],[28.893606,40.568985],[28.893729,40.569125],[28.893753,40.569169],[28.893772,40.569273],[28.893829,40.569428],[28.893994,40.569779],[28.89405,40.569868],[28.894103,40.569909],[28.894254,40.569942],[28.894298,40.569968],[28.894333,40.570023],[28.894363,40.570095],[28.894415,40.570252],[28.894431,40.570329],[28.894434,40.570402],[28.894426,40.57063],[28.894443,40.570734],[28.89449,40.57088],[28.894624,40.571222],[28.894699,40.571388],[28.894778,40.571529],[28.894866,40.571621],[28.895051,40.571741],[28.895291,40.571867],[28.895357,40.571895],[28.895357,40.571896],[28.895372,40.572054],[28.895435,40.571926],[28.895485,40.57194],[28.895581,40.571952],[28.895722,40.571947],[28.896061,40.571914],[28.896369,40.571867],[28.896464,40.571831],[28.896534,40.571791],[28.896786,40.571619],[28.896934,40.571532],[28.897079,40.57146],[28.897211,40.571433],[28.897331,40.571427],[28.897378,40.571434],[28.897408,40.571456],[28.897492,40.571588],[28.897679,40.571737],[28.897715,40.571772],[28.89773,40.571801],[28.897747,40.571927],[28.897879,40.572257],[28.897929,40.572538],[28.897956,40.572589],[28.898008,40.572611],[28.898257,40.572625],[28.898288,40.572637],[28.898322,40.572678],[28.898357,40.57279],[28.898484,40.573473],[28.898517,40.573629],[28.898549,40.573737],[28.898613,40.573891],[28.898678,40.574021],[28.898793,40.574183],[28.89884,40.57423],[28.898903,40.574267],[28.898995,40.574285],[28.899218,40.574298],[28.899334,40.574298],[28.899449,40.574289],[28.899561,40.574266],[28.899963,40.574156],[28.900013,40.574155],[28.900046,40.574164],[28.900095,40.574197],[28.900115,40.574226],[28.900131,40.574273],[28.900172,40.574444],[28.900191,40.574495],[28.900216,40.574534],[28.900331,40.574659],[28.900378,40.574735],[28.900418,40.574821],[28.900442,40.574946],[28.900458,40.575195],[28.900472,40.57528],[28.900498,40.575367],[28.900568,40.575539],[28.900647,40.575703],[28.900694,40.575774],[28.900793,40.575905],[28.900902,40.576032],[28.901102,40.576217],[28.901251,40.576327],[28.901338,40.576367],[28.901705,40.576496],[28.901933,40.576616],[28.902038,40.576688],[28.902042,40.57671],[28.901945,40.576783],[28.901919,40.576824],[28.901872,40.576926],[28.901856,40.576977],[28.901857,40.577024],[28.90189,40.577063],[28.902121,40.577217],[28.902336,40.577422],[28.902413,40.577487],[28.902498,40.577533],[28.902597,40.577542],[28.902922,40.577499],[28.903028,40.577493],[28.903129,40.577506],[28.903318,40.577556],[28.903403,40.577586],[28.903468,40.577621],[28.903496,40.577663],[28.903516,40.577859],[28.90354,40.577916],[28.90361,40.57804],[28.903983,40.578639],[28.904031,40.578744],[28.904045,40.578828],[28.904016,40.579036],[28.904014,40.579098],[28.90403,40.579154],[28.904085,40.579259],[28.904158,40.579355],[28.904379,40.579509],[28.904422,40.579559],[28.904444,40.579627],[28.904452,40.579705],[28.904453,40.579787],[28.904443,40.579873],[28.904407,40.579964],[28.904325,40.580065],[28.904004,40.580389],[28.903931,40.580502],[28.903915,40.58062],[28.903972,40.580973],[28.903971,40.581074],[28.903931,40.58115],[28.903868,40.581213],[28.903639,40.581399],[28.903353,40.581663],[28.903265,40.581754],[28.9032,40.581841],[28.90318,40.58192],[28.903184,40.581994],[28.903199,40.582069],[28.903224,40.582148],[28.903267,40.582243],[28.903703,40.582914],[28.903809,40.583128],[28.903883,40.583319],[28.903905,40.583404],[28.903907,40.583476],[28.903892,40.583604],[28.903898,40.583668],[28.903942,40.583737],[28.90406,40.583819],[28.904773,40.584209],[28.906181,40.58512],[28.909429,40.58711],[28.909494,40.587064],[28.909708,40.586962],[28.909795,40.586909],[28.909906,40.586822],[28.910408,40.586375],[28.910769,40.586016],[28.911054,40.585498],[28.911538,40.585314],[28.912273,40.585152],[28.912676,40.585045],[28.912988,40.58493],[28.913149,40.584814],[28.91324,40.584484],[28.9132,40.584338],[28.912907,40.584246],[28.912464,40.583916],[28.912585,40.58364],[28.912807,40.583371],[28.913411,40.583071],[28.913905,40.582925]]]}},{"type":"Feature","properties":{"id":"TR-Y-77-002-K-0005","level":"yerlesim","type":"mahalle","parent_id":"TR-D-77-002","province_id":"TR-P-77","district_id":"TR-D-77-002","name":"Selimiye","source_raw_name":"Selimiye","source":"Kullanıcı tarafından sağlanan KML","source_label":"Kullanıcı tarafından sağlanan KML","source_name":"Yalova Mahalle KML - kullanici tarafindan saglandi"},"geometry":{"type":"Polygon","coordinates":[[[28.968179,40.558048],[28.96834,40.558005],[28.968439,40.557955],[28.968462,40.557938],[28.968505,40.557902],[28.968642,40.557764],[28.968671,40.557751],[28.968751,40.557751],[28.968812,40.557738],[28.969058,40.557645],[28.969348,40.557521],[28.969484,40.557443],[28.9696,40.557343],[28.969705,40.557232],[28.969893,40.557003],[28.969963,40.556892],[28.969998,40.556787],[28.970046,40.556457],[28.970085,40.556299],[28.970272,40.555809],[28.970394,40.555534],[28.970539,40.555269],[28.970744,40.555037],[28.971057,40.554872],[28.971428,40.554743],[28.971819,40.554633],[28.972218,40.55454],[28.972616,40.554486],[28.973009,40.554499],[28.973398,40.554548],[28.974164,40.554667],[28.974526,40.554713],[28.974855,40.554731],[28.975165,40.554731],[28.975462,40.554722],[28.975742,40.554701],[28.975979,40.554652],[28.976139,40.554552],[28.976258,40.554423],[28.976479,40.554134],[28.976624,40.55397],[28.976829,40.553779],[28.977312,40.553375],[28.977557,40.553185],[28.977788,40.553028],[28.977996,40.552938],[28.978192,40.552883],[28.978399,40.552842],[28.978644,40.552805],[28.979003,40.552771],[28.979571,40.552741],[28.980254,40.552715],[28.980982,40.552694],[28.981734,40.552691],[28.982514,40.552736],[28.983337,40.552863],[28.984178,40.553037],[28.985017,40.553228],[28.985822,40.553421],[28.986533,40.55361],[28.987063,40.553784],[28.987493,40.55395],[28.98852,40.554373],[28.988694,40.554433],[28.988959,40.554509],[28.988998,40.554549],[28.988988,40.55462],[28.988904,40.5548],[28.988806,40.554962],[28.98876,40.555006],[28.98862,40.555096],[28.988556,40.555152],[28.988466,40.555247],[28.9878,40.556032],[28.987667,40.556211],[28.987628,40.556287],[28.987583,40.556431],[28.987571,40.556506],[28.987576,40.556591],[28.987609,40.556698],[28.987708,40.556944],[28.987756,40.557082],[28.987787,40.557251],[28.987786,40.557557],[28.987772,40.557966],[28.98779,40.558188],[28.987883,40.558333],[28.988119,40.558328],[28.988433,40.558244],[28.989167,40.558004],[28.989616,40.557869],[28.990194,40.557717],[28.993557,40.556889],[28.99727,40.555937],[29.007647,40.553258],[29.011888,40.552205],[29.011308,40.551492],[29.010811,40.550947],[29.009943,40.550034],[29.009623,40.549668],[29.009459,40.549381],[29.009376,40.549116],[29.008843,40.546582],[29.008176,40.543519],[29.004689,40.527633],[29.004669,40.527329],[29.004628,40.526397],[29.004428,40.521333],[29.004387,40.520562],[29.004391,40.520415],[29.004412,40.520365],[29.004575,40.520162],[29.005006,40.519542],[29.005898,40.51818],[29.00608,40.517914],[29.006657,40.517185],[29.006761,40.51701],[29.006821,40.51682],[29.006857,40.516624],[29.006905,40.516232],[29.006961,40.515597],[29.006985,40.515451],[29.007037,40.5153],[29.007141,40.515138],[29.007693,40.514457],[29.008059,40.513943],[29.008195,40.513765],[29.008374,40.513573],[29.008628,40.513355],[29.009219,40.512895],[29.00949,40.512675],[29.009676,40.51249],[29.009688,40.512348],[29.009596,40.512218],[29.009421,40.512029],[29.009092,40.511647],[29.008371,40.510726],[29.006951,40.50883],[29.005163,40.50642],[28.999614,40.498911],[28.999595,40.498909],[28.999525,40.498855],[28.995319,40.495472],[28.993213,40.493785],[28.992546,40.495852],[28.990007,40.498243],[28.987992,40.499034],[28.98799,40.501364],[28.987978,40.502624],[28.987957,40.502901],[28.987929,40.503028],[28.987818,40.50329],[28.987602,40.503964],[28.987514,40.504211],[28.987402,40.50444],[28.987249,40.504633],[28.987073,40.504806],[28.986886,40.50497],[28.986689,40.505129],[28.986469,40.50528],[28.98621,40.505415],[28.98593,40.505543],[28.985366,40.505779],[28.985108,40.505875],[28.984888,40.505936],[28.983977,40.506123],[28.982136,40.506566],[28.981686,40.506665],[28.981304,40.506733],[28.980339,40.506874],[28.980106,40.506921],[28.979987,40.506975],[28.979928,40.507034],[28.979758,40.507315],[28.979606,40.507531],[28.979216,40.508065],[28.978836,40.508566],[28.978566,40.508871],[28.978334,40.509101],[28.978226,40.509194],[28.978125,40.50926],[28.97793,40.509363],[28.977832,40.509426],[28.977726,40.509522],[28.977607,40.509684],[28.977215,40.510288],[28.977065,40.510471],[28.976886,40.51062],[28.9762,40.511071],[28.975803,40.511362],[28.975175,40.511857],[28.974426,40.51246],[28.971969,40.514445],[28.97187,40.514535],[28.971094,40.515601],[28.97093,40.515812],[28.970812,40.515939],[28.970718,40.51602],[28.970462,40.516209],[28.970178,40.516441],[28.970097,40.516517],[28.970054,40.516582],[28.970077,40.516625],[28.970267,40.516718],[28.970299,40.516761],[28.970272,40.516823],[28.970084,40.517044],[28.970039,40.517108],[28.970031,40.517155],[28.970063,40.517266],[28.970045,40.517314],[28.969977,40.517382],[28.96949,40.517781],[28.967412,40.519678],[28.96704,40.520002],[28.966593,40.520378],[28.966483,40.520484],[28.966423,40.52057],[28.966334,40.5208],[28.966285,40.520899],[28.966093,40.521194],[28.965746,40.521694],[28.96582,40.52174],[28.965942,40.521833],[28.966076,40.521962],[28.966517,40.522491],[28.96667,40.522636],[28.966871,40.522784],[28.967767,40.523356],[28.967932,40.523469],[28.968201,40.523672],[28.968314,40.523776],[28.968392,40.523893],[28.968407,40.524036],[28.968388,40.524192],[28.968317,40.52452],[28.968272,40.524689],[28.9681,40.525225],[28.968055,40.525408],[28.968047,40.525596],[28.968105,40.525791],[28.96829,40.526192],[28.968362,40.526396],[28.968364,40.526603],[28.968233,40.526815],[28.968032,40.52703],[28.967596,40.527448],[28.967425,40.527631],[28.967338,40.527774],[28.967298,40.527897],[28.967278,40.528017],[28.967275,40.528148],[28.967302,40.528317],[28.967381,40.528558],[28.967713,40.529412],[28.967808,40.529677],[28.967873,40.529901],[28.968052,40.530658],[28.968107,40.530824],[28.968442,40.531718],[28.96911,40.533613],[28.969586,40.535017],[28.969795,40.535692],[28.970176,40.536996],[28.97035,40.537616],[28.970495,40.538171],[28.970589,40.538606],[28.970723,40.53938],[28.970572,40.539988],[28.97007,40.540707],[28.968967,40.542405],[28.966057,40.546956],[28.963531,40.550933],[28.963006,40.55178],[28.962805,40.552127],[28.962623,40.552501],[28.962379,40.552891],[28.962272,40.553042],[28.962135,40.553212],[28.961941,40.553417],[28.961054,40.554297],[28.96074,40.554649],[28.960333,40.555132],[28.960572,40.555156],[28.960892,40.555205],[28.961281,40.555297],[28.961408,40.555335],[28.961516,40.555383],[28.961591,40.555448],[28.961647,40.555524],[28.96179,40.555744],[28.961835,40.555798],[28.962013,40.555963],[28.962242,40.55613],[28.962321,40.556182],[28.962448,40.556247],[28.962955,40.556433],[28.963202,40.556538],[28.96346,40.556668],[28.963599,40.556764],[28.963753,40.556907],[28.964381,40.557577],[28.964642,40.557822],[28.964799,40.557952],[28.964889,40.558006],[28.964972,40.55802],[28.965234,40.557986],[28.965368,40.557985],[28.965571,40.558006],[28.966533,40.558142],[28.966889,40.558172],[28.967212,40.558182],[28.967385,40.558175],[28.967783,40.558121],[28.968179,40.558048]]]}},{"type":"Feature","properties":{"id":"TR-Y-77-002-M-0001","level":"yerlesim","type":"mahalle","parent_id":"TR-D-77-002","province_id":"TR-P-77","district_id":"TR-D-77-002","name":"50. Yıl","source_raw_name":"50. yıl","source":"Kullanıcı tarafından sağlanan KML","source_label":"Kullanıcı tarafından sağlanan KML","source_name":"Yalova Mahalle KML - kullanici tarafindan saglandi"},"geometry":{"type":"Polygon","coordinates":[[[28.908755,40.58834],[28.90891,40.58818],[28.908936,40.588126],[28.908935,40.588007],[28.908943,40.587954],[28.909009,40.587793],[28.909071,40.587663],[28.909146,40.587517],[28.909254,40.587342],[28.909368,40.587177],[28.909429,40.58711],[28.906181,40.58512],[28.904773,40.584209],[28.90406,40.583819],[28.903942,40.583737],[28.903898,40.583668],[28.903892,40.583604],[28.903907,40.583476],[28.903905,40.583404],[28.903883,40.583319],[28.903809,40.583128],[28.903703,40.582914],[28.903267,40.582243],[28.903224,40.582148],[28.903199,40.582069],[28.903184,40.581994],[28.90318,40.58192],[28.9032,40.581841],[28.903265,40.581754],[28.903353,40.581663],[28.903639,40.581399],[28.903868,40.581213],[28.903931,40.58115],[28.903971,40.581074],[28.903972,40.580973],[28.903915,40.58062],[28.903931,40.580502],[28.904004,40.580389],[28.904325,40.580065],[28.904407,40.579964],[28.904443,40.579873],[28.904453,40.579787],[28.904452,40.579705],[28.904444,40.579627],[28.904422,40.579559],[28.904379,40.579509],[28.904158,40.579355],[28.904085,40.579259],[28.90403,40.579154],[28.904014,40.579098],[28.904016,40.579036],[28.904045,40.578828],[28.904031,40.578744],[28.903983,40.578639],[28.90361,40.57804],[28.90354,40.577916],[28.903516,40.577859],[28.903496,40.577663],[28.903468,40.577621],[28.903403,40.577586],[28.903318,40.577556],[28.903129,40.577506],[28.903028,40.577493],[28.902922,40.577499],[28.902597,40.577542],[28.902498,40.577533],[28.902413,40.577487],[28.902336,40.577422],[28.902121,40.577217],[28.90189,40.577063],[28.901857,40.577024],[28.901856,40.576977],[28.901872,40.576926],[28.901919,40.576824],[28.901945,40.576783],[28.902042,40.57671],[28.902038,40.576688],[28.901933,40.576616],[28.901705,40.576496],[28.901338,40.576367],[28.901251,40.576327],[28.901102,40.576217],[28.900902,40.576032],[28.900793,40.575905],[28.900694,40.575774],[28.900647,40.575703],[28.900568,40.575539],[28.900498,40.575367],[28.900472,40.57528],[28.900458,40.575195],[28.900442,40.574946],[28.900418,40.574821],[28.900378,40.574735],[28.900331,40.574659],[28.900216,40.574534],[28.900191,40.574495],[28.900172,40.574444],[28.900131,40.574273],[28.900115,40.574226],[28.900095,40.574197],[28.900046,40.574164],[28.900013,40.574155],[28.899963,40.574156],[28.899561,40.574266],[28.899449,40.574289],[28.899334,40.574298],[28.899218,40.574298],[28.898995,40.574285],[28.898903,40.574267],[28.89884,40.57423],[28.898793,40.574183],[28.898678,40.574021],[28.898613,40.573891],[28.898549,40.573737],[28.898517,40.573629],[28.898484,40.573473],[28.898357,40.57279],[28.898322,40.572678],[28.898288,40.572637],[28.898257,40.572625],[28.898008,40.572611],[28.897956,40.572589],[28.897929,40.572538],[28.897879,40.572257],[28.897747,40.571927],[28.89773,40.571801],[28.897715,40.571772],[28.897679,40.571737],[28.897492,40.571588],[28.897408,40.571456],[28.897378,40.571434],[28.897331,40.571427],[28.897211,40.571433],[28.897079,40.57146],[28.896934,40.571532],[28.896786,40.571619],[28.896534,40.571791],[28.896464,40.571831],[28.896369,40.571867],[28.896061,40.571914],[28.895722,40.571947],[28.895581,40.571952],[28.895485,40.57194],[28.895435,40.571926],[28.895372,40.572054],[28.895357,40.571896],[28.895357,40.571895],[28.895291,40.571867],[28.895051,40.571741],[28.894866,40.571621],[28.894778,40.571529],[28.894699,40.571388],[28.894624,40.571222],[28.89449,40.57088],[28.894443,40.570734],[28.894426,40.57063],[28.894434,40.570402],[28.894431,40.570329],[28.894415,40.570252],[28.894363,40.570095],[28.894333,40.570023],[28.894298,40.569968],[28.894254,40.569942],[28.894103,40.569909],[28.89405,40.569868],[28.893994,40.569779],[28.893829,40.569428],[28.893772,40.569273],[28.893753,40.569169],[28.893729,40.569125],[28.893606,40.568985],[28.893449,40.568825],[28.893272,40.568671],[28.892905,40.56839],[28.892674,40.568186],[28.892612,40.568146],[28.892536,40.568116],[28.892282,40.568057],[28.8922,40.568049],[28.892126,40.568053],[28.891985,40.568081],[28.891834,40.568127],[28.891431,40.568308],[28.891295,40.568344],[28.891118,40.568362],[28.890486,40.568387],[28.890248,40.568403],[28.889395,40.568508],[28.889094,40.568537],[28.88878,40.568541],[28.888445,40.568499],[28.8881,40.568433],[28.887434,40.568283],[28.887163,40.568214],[28.88699,40.568156],[28.886655,40.568014],[28.886516,40.567975],[28.886321,40.567946],[28.885861,40.567902],[28.885423,40.567879],[28.885256,40.567889],[28.88469,40.567974],[28.884356,40.568004],[28.883874,40.568029],[28.883677,40.568007],[28.883504,40.567963],[28.883394,40.567922],[28.882728,40.567599],[28.882579,40.567541],[28.882471,40.567525],[28.882385,40.567531],[28.882232,40.567557],[28.882157,40.567558],[28.882082,40.567538],[28.881927,40.567466],[28.881757,40.567367],[28.881424,40.567121],[28.881301,40.56704],[28.881163,40.56698],[28.880997,40.566956],[28.880817,40.566952],[28.880435,40.566965],[28.880228,40.56698],[28.87951,40.567074],[28.87905,40.567145],[28.878864,40.567181],[28.87854,40.567254],[28.87839,40.567295],[28.878254,40.567347],[28.878145,40.567419],[28.87777,40.567762],[28.877554,40.567927],[28.877439,40.568005],[28.87732,40.568074],[28.877188,40.568121],[28.877034,40.568126],[28.876869,40.568109],[28.876542,40.568057],[28.876095,40.567969],[28.87602,40.567965],[28.875735,40.568005],[28.875637,40.568007],[28.875544,40.567973],[28.87546,40.567874],[28.875381,40.567735],[28.875303,40.567569],[28.875224,40.567361],[28.875136,40.567049],[28.875035,40.566546],[28.874926,40.565942],[28.874588,40.563984],[28.87457,40.563787],[28.874555,40.563686],[28.874529,40.563579],[28.874468,40.563456],[28.874346,40.563303],[28.873858,40.562785],[28.873706,40.562612],[28.873581,40.562445],[28.873368,40.562121],[28.873191,40.561826],[28.873095,40.561617],[28.873033,40.561442],[28.873017,40.561368],[28.873023,40.561313],[28.873042,40.561268],[28.873093,40.56119],[28.873125,40.561156],[28.873165,40.561128],[28.873293,40.561056],[28.873319,40.561029],[28.873319,40.560998],[28.873265,40.560854],[28.873245,40.560738],[28.873161,40.559703],[28.873126,40.559457],[28.873071,40.559269],[28.872824,40.558727],[28.872802,40.558644],[28.87278,40.558447],[28.872755,40.55837],[28.872485,40.557927],[28.872434,40.557793],[28.872418,40.557636],[28.872447,40.556996],[28.87244,40.556896],[28.872374,40.556495],[28.872245,40.555075],[28.872189,40.554723],[28.872074,40.554182],[28.87205,40.553993],[28.872049,40.553797],[28.872132,40.552075],[28.872127,40.551671],[28.872082,40.551368],[28.872013,40.551122],[28.871937,40.5509],[28.871856,40.55069],[28.871773,40.5505],[28.871684,40.550342],[28.871499,40.550068],[28.871396,40.54994],[28.87127,40.549823],[28.871105,40.549726],[28.87074,40.549555],[28.870588,40.549474],[28.868239,40.548869],[28.863953,40.548733],[28.859577,40.548598],[28.853616,40.548296],[28.847713,40.548296],[28.843202,40.548266],[28.842479,40.547282],[28.841603,40.546385],[28.840658,40.546153],[28.840268,40.546024],[28.840445,40.546379],[28.840272,40.546537],[28.840512,40.547088],[28.840531,40.547378],[28.840279,40.54801],[28.840035,40.54841],[28.838584,40.54727],[28.837205,40.546155],[28.836714,40.546011],[28.835961,40.54534],[28.835737,40.542151],[28.835871,40.540081],[28.83471,40.536857],[28.833862,40.534719],[28.832567,40.532988],[28.831118,40.533574],[28.829577,40.533743],[28.826764,40.533658],[28.824978,40.533438],[28.823192,40.533591],[28.82125,40.533828],[28.819926,40.533804],[28.818452,40.535103],[28.816271,40.536607],[28.814724,40.536973],[28.811639,40.537239],[28.810603,40.537457],[28.80894,40.538793],[28.807932,40.539283],[28.804824,40.540892],[28.80327,40.541627],[28.802425,40.542282],[28.80158,40.543536],[28.800326,40.544762],[28.798445,40.546098],[28.797437,40.547079],[28.796428,40.548579],[28.794683,40.550405],[28.793867,40.551776],[28.793958,40.551822],[28.794013,40.55186],[28.794128,40.551905],[28.794234,40.551944],[28.794353,40.551992],[28.794417,40.552045],[28.794477,40.552062],[28.794495,40.552041],[28.794509,40.55202],[28.794555,40.552031],[28.794633,40.552041],[28.794697,40.552076],[28.794761,40.552076],[28.794826,40.552097],[28.794895,40.552121],[28.795009,40.552146],[28.795101,40.552188],[28.795197,40.552223],[28.795331,40.552282],[28.795459,40.552327],[28.795555,40.552376],[28.795707,40.552428],[28.795716,40.552449],[28.795762,40.552484],[28.795858,40.552481],[28.795987,40.552505],[28.796106,40.552582],[28.79617,40.552637],[28.796216,40.552728],[28.796258,40.552819],[28.796248,40.552854],[28.796212,40.552895],[28.796189,40.552934],[28.796143,40.552979],[28.796106,40.553045],[28.796102,40.553133],[28.79612,40.553223],[28.796147,40.553293],[28.796193,40.553373],[28.796253,40.553432],[28.796303,40.553478],[28.796368,40.553506],[28.796386,40.553551],[28.79646,40.553551],[28.796533,40.553558],[28.796574,40.553582],[28.796602,40.553621],[28.796671,40.553624],[28.796707,40.553649],[28.796767,40.553677],[28.796868,40.553729],[28.796955,40.553788],[28.79701,40.553823],[28.797079,40.553854],[28.797166,40.553882],[28.797253,40.553921],[28.797322,40.553945],[28.797377,40.553945],[28.797474,40.553935],[28.797538,40.553949],[28.797598,40.553983],[28.797644,40.554043],[28.797703,40.554112],[28.797795,40.554182],[28.797868,40.554241],[28.797901,40.554269],[28.797901,40.554315],[28.797914,40.55435],[28.797901,40.554367],[28.797845,40.554374],[28.797767,40.554377],[28.797731,40.554419],[28.797804,40.55444],[28.797956,40.554412],[28.797979,40.554381],[28.798057,40.554377],[28.79813,40.554391],[28.798194,40.554398],[28.798249,40.554402],[28.798286,40.55443],[28.798369,40.554475],[28.798424,40.554503],[28.798428,40.554541],[28.798428,40.554594],[28.798465,40.554601],[28.798502,40.554576],[28.798525,40.55459],[28.798552,40.554618],[28.798534,40.554618],[28.798493,40.554663],[28.798538,40.554688],[28.798603,40.554688],[28.798667,40.554705],[28.798713,40.55473],[28.79875,40.554723],[28.798809,40.554744],[28.798896,40.554782],[28.798951,40.554827],[28.799002,40.55488],[28.799098,40.554925],[28.799222,40.554956],[28.799268,40.554963],[28.799355,40.55497],[28.799387,40.555019],[28.799438,40.555061],[28.799507,40.555092],[28.799608,40.555124],[28.799681,40.55511],[28.799778,40.555141],[28.79986,40.555169],[28.799915,40.555207],[28.799975,40.555204],[28.800016,40.555228],[28.800071,40.555235],[28.800113,40.555207],[28.8002,40.555204],[28.800314,40.555228],[28.800567,40.555246],[28.800709,40.55526],[28.800897,40.555284],[28.801049,40.555315],[28.801113,40.555329],[28.801214,40.555347],[28.801301,40.555371],[28.801375,40.555403],[28.801443,40.55543],[28.801526,40.555462],[28.801664,40.555535],[28.801769,40.555587],[28.801939,40.555668],[28.802164,40.555821],[28.802416,40.555999],[28.802462,40.55602],[28.802723,40.556272],[28.802788,40.556361],[28.802866,40.556469],[28.802917,40.556567],[28.802949,40.556762],[28.802958,40.556846],[28.802949,40.556926],[28.802843,40.55693],[28.802742,40.55693],[28.802683,40.556954],[28.802719,40.556993],[28.802751,40.557024],[28.802742,40.557055],[28.802747,40.557087],[28.802788,40.557125],[28.802765,40.55716],[28.802793,40.557205],[28.802857,40.55724],[28.802958,40.557261],[28.80305,40.557268],[28.803141,40.557233],[28.803229,40.557195],[28.80327,40.557181],[28.803302,40.557223],[28.803385,40.557257],[28.803486,40.557278],[28.803518,40.557334],[28.803564,40.557404],[28.803642,40.557453],[28.803729,40.557519],[28.803779,40.557568],[28.803834,40.557575],[28.80388,40.55755],[28.803958,40.557557],[28.804064,40.55754],[28.804137,40.557516],[28.804229,40.557516],[28.804307,40.557533],[28.804371,40.557564],[28.804445,40.557599],[28.804532,40.557624],[28.804628,40.557631],[28.804697,40.557634],[28.804789,40.557651],[28.804858,40.557672],[28.804922,40.557718],[28.804977,40.55776],[28.805119,40.557805],[28.805239,40.557815],[28.805436,40.55785],[28.805532,40.557875],[28.805629,40.557889],[28.805716,40.557916],[28.805698,40.557955],[28.805753,40.557976],[28.805867,40.558028],[28.805973,40.55808],[28.806074,40.558129],[28.806106,40.558174],[28.806138,40.558258],[28.806147,40.558331],[28.806129,40.558345],[28.806037,40.558387],[28.805968,40.558429],[28.805886,40.558534],[28.805932,40.558562],[28.805936,40.558579],[28.805968,40.558621],[28.806028,40.558638],[28.806088,40.558617],[28.806147,40.558593],[28.806208,40.558542],[28.806285,40.558488],[28.80656,40.558488],[28.80668,40.558488],[28.806758,40.558502],[28.806863,40.558509],[28.807056,40.558527],[28.80718,40.558527],[28.807464,40.558548],[28.807763,40.558593],[28.808185,40.558649],[28.808327,40.558684],[28.80885,40.558813],[28.80913,40.558886],[28.809369,40.558956],[28.809511,40.559004],[28.809663,40.559053],[28.809823,40.559116],[28.809938,40.559182],[28.809998,40.559248],[28.810002,40.559308],[28.810039,40.559329],[28.81008,40.559363],[28.810044,40.559398],[28.809989,40.559472],[28.809989,40.559552],[28.810062,40.559607],[28.810108,40.559621],[28.81014,40.55959],[28.810223,40.559573],[28.810333,40.559597],[28.81048,40.559656],[28.810622,40.559726],[28.810695,40.559778],[28.810879,40.559879],[28.810957,40.559932],[28.811044,40.559991],[28.811118,40.560085],[28.811168,40.560162],[28.811196,40.560228],[28.811255,40.560284],[28.811296,40.560322],[28.811352,40.560368],[28.81143,40.560413],[28.811521,40.560479],[28.811572,40.560552],[28.811645,40.560643],[28.811654,40.56073],[28.811746,40.560873],[28.811767,40.560931],[28.811769,40.561013],[28.811746,40.561061],[28.81181,40.561107],[28.811953,40.561201],[28.81198,40.561232],[28.812077,40.56126],[28.812113,40.561291],[28.812136,40.561358],[28.812187,40.561386],[28.812246,40.561427],[28.812315,40.561473],[28.812361,40.561553],[28.812393,40.561612],[28.812448,40.561651],[28.812462,40.561696],[28.812536,40.561717],[28.81254,40.561734],[28.812531,40.56178],[28.812572,40.561846],[28.812581,40.561902],[28.812655,40.56195],[28.812664,40.56201],[28.812659,40.562069],[28.812687,40.562139],[28.812802,40.562181],[28.812935,40.562219],[28.813086,40.562229],[28.813155,40.562261],[28.813219,40.562299],[28.813247,40.562341],[28.813412,40.562404],[28.813499,40.562449],[28.813628,40.562508],[28.813761,40.562568],[28.813793,40.562637],[28.81383,40.562707],[28.81388,40.562749],[28.813963,40.562763],[28.814045,40.562784],[28.814114,40.562805],[28.814151,40.562815],[28.814224,40.562846],[28.814261,40.562874],[28.814316,40.562909],[28.814358,40.56292],[28.814376,40.562906],[28.814458,40.56292],[28.814523,40.562948],[28.814633,40.562955],[28.814674,40.562996],[28.814715,40.563035],[28.814793,40.563066],[28.81483,40.563108],[28.814844,40.563167],[28.814872,40.563223],[28.814959,40.563265],[28.814972,40.563261],[28.815037,40.56324],[28.815092,40.563265],[28.815151,40.563342],[28.815225,40.563355],[28.815307,40.563404],[28.81533,40.563467],[28.815413,40.563505],[28.815436,40.563558],[28.815468,40.563589],[28.815477,40.563645],[28.815519,40.563659],[28.815528,40.563708],[28.815519,40.563763],[28.815546,40.563816],[28.81556,40.563854],[28.815587,40.563906],[28.815656,40.563924],[28.815652,40.563962],[28.815684,40.564],[28.815753,40.564077],[28.81578,40.564136],[28.815757,40.564213],[28.815665,40.564255],[28.815569,40.564265],[28.8155,40.564276],[28.815532,40.564321],[28.815652,40.56437],[28.815748,40.564387],[28.815808,40.564363],[28.815757,40.564286],[28.815808,40.564265],[28.81584,40.564286],[28.815909,40.564286],[28.816005,40.5643],[28.816152,40.564307],[28.816267,40.564321],[28.816404,40.56436],[28.816482,40.564384],[28.816565,40.56444],[28.816583,40.564485],[28.816652,40.56452],[28.816712,40.564534],[28.816739,40.564586],[28.816804,40.564593],[28.816895,40.564635],[28.81695,40.564684],[28.816969,40.56475],[28.817028,40.564785],[28.817088,40.56482],[28.817084,40.564858],[28.817111,40.564903],[28.817203,40.564896],[28.817258,40.564872],[28.817331,40.564848],[28.817363,40.564827],[28.8174,40.564858],[28.817469,40.564851],[28.817515,40.564865],[28.817552,40.564858],[28.817611,40.564865],[28.817643,40.564893],[28.817676,40.5649],[28.817726,40.564889],[28.817758,40.56491],[28.817809,40.564903],[28.817905,40.564917],[28.817988,40.564935],[28.818033,40.564998],[28.818079,40.565064],[28.818079,40.565127],[28.818144,40.565189],[28.818217,40.565179],[28.818258,40.565235],[28.818268,40.565301],[28.818332,40.565336],[28.818419,40.565353],[28.818451,40.565367],[28.818506,40.565378],[28.818584,40.565419],[28.81863,40.565479],[28.818653,40.565465],[28.818704,40.565409],[28.818795,40.565388],[28.818942,40.565371],[28.819048,40.565325],[28.819084,40.565346],[28.819107,40.565371],[28.819167,40.565388],[28.819204,40.565339],[28.819185,40.56528],[28.819323,40.565221],[28.819497,40.565158],[28.819644,40.565127],[28.81981,40.565088],[28.820085,40.56505],[28.820365,40.565008],[28.820654,40.564977],[28.820828,40.564959],[28.821432,40.564917],[28.821664,40.5649],[28.821994,40.564907],[28.822228,40.564935],[28.822402,40.564952],[28.822581,40.564977],[28.82271,40.565018],[28.82277,40.565064],[28.82282,40.565109],[28.822912,40.565144],[28.823004,40.565189],[28.822976,40.56521],[28.822962,40.565269],[28.823004,40.565308],[28.823072,40.565339],[28.823155,40.56536],[28.823229,40.565395],[28.823311,40.565409],[28.82338,40.565437],[28.823407,40.565482],[28.82343,40.56558],[28.823444,40.565625],[28.823513,40.56566],[28.823568,40.565695],[28.823651,40.565705],[28.823678,40.565744],[28.823756,40.56574],[28.823834,40.565684],[28.823912,40.565629],[28.823981,40.565601],[28.824059,40.56559],[28.824151,40.565587],[28.824247,40.56559],[28.824394,40.56559],[28.82455,40.565583],[28.824614,40.565618],[28.824683,40.56566],[28.824871,40.565639],[28.824986,40.565639],[28.825096,40.565622],[28.825202,40.565629],[28.825326,40.56567],[28.825422,40.565667],[28.825505,40.565688],[28.825615,40.565716],[28.825698,40.565758],[28.825766,40.565827],[28.825863,40.565824],[28.826,40.565831],[28.82606,40.565876],[28.826156,40.565904],[28.826225,40.565939],[28.82629,40.565918],[28.826276,40.565873],[28.826285,40.565834],[28.826335,40.565813],[28.826423,40.565806],[28.826505,40.565799],[28.826583,40.565796],[28.826666,40.56581],[28.826762,40.565827],[28.826849,40.565834],[28.826927,40.565845],[28.827019,40.565855],[28.82712,40.565831],[28.827203,40.565796],[28.827299,40.565803],[28.827414,40.565796],[28.827565,40.565761],[28.827731,40.565775],[28.827786,40.565782],[28.827845,40.565838],[28.827932,40.565841],[28.827974,40.565831],[28.828056,40.565831],[28.828125,40.565806],[28.828254,40.565789],[28.828341,40.565792],[28.828401,40.56581],[28.828401,40.565859],[28.828433,40.565904],[28.828483,40.565887],[28.828524,40.565859],[28.828575,40.565827],[28.828662,40.565813],[28.828745,40.565803],[28.828873,40.565813],[28.829098,40.565785],[28.829286,40.565782],[28.82958,40.565775],[28.829741,40.565778],[28.829924,40.565778],[28.830135,40.565775],[28.83031,40.565758],[28.830415,40.565761],[28.830502,40.565761],[28.830571,40.565761],[28.830677,40.565761],[28.830805,40.565765],[28.830837,40.565778],[28.830938,40.565758],[28.831085,40.565754],[28.831732,40.565785],[28.832223,40.565785],[28.832499,40.565817],[28.832737,40.565827],[28.832926,40.565845],[28.833105,40.565862],[28.833334,40.565904],[28.833545,40.565942],[28.833747,40.565998],[28.833949,40.566057],[28.834119,40.566096],[28.834266,40.56611],[28.83438,40.566127],[28.834504,40.566176],[28.834619,40.566197],[28.83472,40.56619],[28.834835,40.566207],[28.835055,40.566253],[28.835151,40.566305],[28.835243,40.566347],[28.835358,40.566392],[28.835445,40.56643],[28.835564,40.566462],[28.835647,40.566507],[28.835789,40.566542],[28.835899,40.566577],[28.835959,40.56664],[28.836014,40.566706],[28.836088,40.566782],[28.836184,40.566835],[28.836322,40.566901],[28.836459,40.566957],[28.836592,40.566999],[28.836721,40.567013],[28.836845,40.567037],[28.837005,40.567075],[28.837203,40.567156],[28.837327,40.567246],[28.837409,40.567291],[28.837533,40.567323],[28.837639,40.567372],[28.83773,40.567417],[28.837864,40.567469],[28.838029,40.567539],[28.838148,40.567598],[28.838267,40.567654],[28.838428,40.567717],[28.838579,40.567821],[28.838662,40.567909],[28.838752,40.568008],[28.838877,40.56818],[28.838916,40.568304],[28.838929,40.568469],[28.83898,40.568539],[28.83903,40.568608],[28.839053,40.568668],[28.839127,40.568727],[28.839159,40.568769],[28.839113,40.5688],[28.839063,40.56887],[28.839035,40.568943],[28.839063,40.568974],[28.839145,40.568985],[28.8392,40.569023],[28.839209,40.569051],[28.839191,40.569128],[28.839278,40.569152],[28.83932,40.569149],[28.839365,40.569086],[28.839407,40.569044],[28.83942,40.568992],[28.839471,40.568985],[28.839567,40.569002],[28.839668,40.569048],[28.839769,40.569117],[28.839939,40.569191],[28.840035,40.569201],[28.840077,40.569166],[28.840127,40.569117],[28.840155,40.569079],[28.840256,40.569075],[28.840421,40.569086],[28.840499,40.569142],[28.8406,40.569142],[28.840678,40.569142],[28.840742,40.56917],[28.840797,40.56918],[28.841073,40.569187],[28.841279,40.569201],[28.841476,40.569218],[28.841669,40.569271],[28.84183,40.569302],[28.841981,40.56933],[28.842114,40.569351],[28.842224,40.569361],[28.842463,40.569403],[28.84255,40.569428],[28.842647,40.569462],[28.842872,40.56948],[28.84311,40.569532],[28.843193,40.569567],[28.843271,40.569637],[28.843431,40.569693],[28.843537,40.569689],[28.843638,40.569703],[28.843744,40.569745],[28.843877,40.569762],[28.844079,40.569828],[28.844189,40.569902],[28.844303,40.569926],[28.844418,40.569975],[28.84456,40.570013],[28.844726,40.570024],[28.844813,40.570038],[28.844914,40.570062],[28.844983,40.570093],[28.845056,40.570121],[28.845139,40.570163],[28.845212,40.570208],[28.845295,40.570271],[28.845336,40.570344],[28.845382,40.570414],[28.845478,40.570484],[28.845533,40.570529],[28.845584,40.570571],[28.845607,40.570616],[28.845662,40.570627],[28.845699,40.57063],[28.845662,40.570707],[28.845689,40.570794],[28.84574,40.570864],[28.845827,40.570916],[28.8459,40.57092],[28.845974,40.570941],[28.846075,40.570961],[28.846231,40.570954],[28.846332,40.570965],[28.846428,40.570989],[28.846515,40.571017],[28.846616,40.571063],[28.846736,40.571073],[28.846864,40.57109],[28.846979,40.571097],[28.847107,40.571129],[28.847213,40.571153],[28.847319,40.571185],[28.847429,40.571226],[28.847488,40.571293],[28.847608,40.571327],[28.847677,40.571362],[28.84775,40.571373],[28.847915,40.571401],[28.848057,40.571456],[28.848108,40.571502],[28.848172,40.571554],[28.848273,40.57162],[28.848374,40.571697],[28.848447,40.571781],[28.848461,40.571826],[28.848484,40.571868],[28.848526,40.571944],[28.848571,40.571986],[28.848622,40.572035],[28.848677,40.572087],[28.84875,40.572066],[28.848805,40.57208],[28.848847,40.572115],[28.848906,40.572171],[28.848975,40.572178],[28.849081,40.572161],[28.849136,40.57215],[28.849173,40.572136],[28.849292,40.57214],[28.849388,40.572161],[28.849457,40.572185],[28.849544,40.572213],[28.849641,40.57223],[28.84971,40.572262],[28.849751,40.57229],[28.849806,40.572352],[28.849893,40.572405],[28.849971,40.572481],[28.850017,40.572523],[28.8501,40.57252],[28.850214,40.572478],[28.850288,40.572485],[28.850334,40.572509],[28.850416,40.572544],[28.850471,40.572593],[28.850499,40.572638],[28.850586,40.572677],[28.850696,40.572701],[28.850811,40.572694],[28.850967,40.57269],[28.8511,40.572677],[28.851224,40.572663],[28.851408,40.572642],[28.851609,40.572628],[28.851738,40.572621],[28.851876,40.572617],[28.851981,40.572631],[28.852091,40.572659],[28.852206,40.572683],[28.852321,40.572711],[28.852495,40.572715],[28.852697,40.572743],[28.852798,40.572764],[28.852945,40.572788],[28.853041,40.572812],[28.853115,40.57283],[28.853243,40.57283],[28.85333,40.572851],[28.853436,40.572865],[28.853546,40.572903],[28.853661,40.572928],[28.853826,40.572955],[28.85395,40.573008],[28.854106,40.573056],[28.854271,40.573098],[28.854588,40.573154],[28.854744,40.573199],[28.854923,40.573224],[28.855001,40.573262],[28.855125,40.573335],[28.855226,40.573405],[28.855295,40.573409],[28.855391,40.573412],[28.85546,40.573429],[28.855533,40.573461],[28.855611,40.573461],[28.855662,40.573478],[28.85574,40.573471],[28.855809,40.573464],[28.855905,40.573485],[28.856006,40.573496],[28.856112,40.573503],[28.856245,40.573524],[28.856405,40.573524],[28.856538,40.573541],[28.85663,40.573572],[28.856745,40.573604],[28.8568,40.573632],[28.856827,40.573667],[28.856928,40.573701],[28.857029,40.573719],[28.857126,40.573747],[28.857222,40.573754],[28.857332,40.573764],[28.857447,40.573785],[28.857543,40.573816],[28.857635,40.573844],[28.857695,40.573879],[28.857782,40.573921],[28.85786,40.573921],[28.857933,40.573949],[28.858057,40.574029],[28.858108,40.574071],[28.858163,40.574116],[28.858264,40.574151],[28.85831,40.574193],[28.858369,40.574231],[28.858443,40.57427],[28.858498,40.574308],[28.858521,40.574353],[28.858521,40.574381],[28.858668,40.574419],[28.858865,40.574489],[28.858971,40.574559],[28.859159,40.574618],[28.859278,40.574632],[28.859407,40.574663],[28.859452,40.574719],[28.859549,40.574765],[28.859654,40.57482],[28.859787,40.574859],[28.859888,40.574859],[28.859966,40.574876],[28.860044,40.574873],[28.860191,40.574855],[28.860288,40.574866],[28.860379,40.574887],[28.86049,40.574897],[28.860581,40.574914],[28.860673,40.574935],[28.860765,40.574974],[28.860871,40.574988],[28.860972,40.575009],[28.861082,40.575026],[28.861201,40.575057],[28.861311,40.575092],[28.861421,40.57511],[28.861513,40.57511],[28.861614,40.575124],[28.861687,40.575148],[28.86177,40.575165],[28.861876,40.575179],[28.86199,40.575179],[28.862142,40.5752],[28.862215,40.575207],[28.862284,40.575242],[28.86238,40.57526],[28.86244,40.575284],[28.862523,40.575294],[28.86267,40.575294],[28.862789,40.575312],[28.862982,40.57534],[28.863046,40.575368],[28.863106,40.575444],[28.863216,40.575469],[28.863372,40.575458],[28.863459,40.575483],[28.863537,40.575521],[28.863642,40.575584],[28.863735,40.5756],[28.863876,40.575591],[28.863968,40.575615],[28.864003,40.575654],[28.864101,40.575674],[28.864225,40.575657],[28.864358,40.575636],[28.864482,40.575594],[28.864588,40.575598],[28.864721,40.575598],[28.864822,40.575601],[28.864978,40.575615],[28.865423,40.575633],[28.865767,40.575657],[28.865988,40.575667],[28.866428,40.575685],[28.866671,40.57573],[28.866809,40.575741],[28.867016,40.575761],[28.867162,40.575796],[28.867318,40.575821],[28.86741,40.575863],[28.867539,40.575908],[28.867672,40.575946],[28.867759,40.575995],[28.867837,40.576023],[28.867947,40.576065],[28.86803,40.576114],[28.868066,40.576159],[28.868112,40.576256],[28.868177,40.576277],[28.868227,40.576249],[28.868314,40.576267],[28.868374,40.576256],[28.868415,40.576295],[28.868466,40.576323],[28.868484,40.576281],[28.868525,40.576236],[28.868594,40.576236],[28.868663,40.576295],[28.868649,40.576337],[28.868672,40.576375],[28.868714,40.576378],[28.868759,40.576403],[28.868819,40.576424],[28.868888,40.576438],[28.868943,40.576476],[28.868984,40.576493],[28.86903,40.576518],[28.86909,40.576532],[28.869122,40.57656],[28.869186,40.576609],[28.869264,40.576643],[28.869283,40.576696],[28.869329,40.57671],[28.869411,40.576734],[28.86942,40.576797],[28.869374,40.576873],[28.869384,40.576912],[28.869429,40.576936],[28.869489,40.576954],[28.869521,40.576975],[28.869549,40.577006],[28.869595,40.577013],[28.869641,40.576992],[28.869728,40.577006],[28.869806,40.577002],[28.869898,40.577023],[28.870031,40.577027],[28.87021,40.577023],[28.870306,40.577041],[28.870361,40.577083],[28.870412,40.577131],[28.870471,40.577187],[28.87054,40.577208],[28.870604,40.577201],[28.870724,40.577198],[28.870866,40.577194],[28.870964,40.577177],[28.871022,40.577191],[28.87099,40.577271],[28.871054,40.577306],[28.871137,40.57733],[28.871329,40.577372],[28.871596,40.577403],[28.871692,40.577386],[28.871786,40.577376],[28.871876,40.57741],[28.87194,40.5774],[28.872087,40.577382],[28.872174,40.577414],[28.872279,40.57748],[28.872344,40.57748],[28.872445,40.577483],[28.87249,40.577536],[28.872504,40.577651],[28.872523,40.577762],[28.872582,40.577846],[28.87266,40.577898],[28.872798,40.577853],[28.87305,40.577808],[28.873326,40.577842],[28.873532,40.577898],[28.873688,40.577957],[28.873734,40.57801],[28.873794,40.578055],[28.873876,40.578104],[28.873954,40.578146],[28.874037,40.578233],[28.87412,40.57832],[28.87411,40.578386],[28.874069,40.578445],[28.874133,40.578519],[28.874248,40.57855],[28.874464,40.578595],[28.874624,40.578574],[28.87477,40.578583],[28.875309,40.578613],[28.875898,40.578694],[28.876088,40.578689],[28.876263,40.578717],[28.876364,40.578742],[28.876607,40.57878],[28.876754,40.578811],[28.876878,40.578818],[28.876993,40.578839],[28.877135,40.578857],[28.87725,40.578888],[28.877378,40.578899],[28.87752,40.578916],[28.877635,40.578944],[28.877718,40.578972],[28.877809,40.579007],[28.877924,40.579062],[28.878076,40.579097],[28.878167,40.579118],[28.878291,40.579163],[28.878351,40.579209],[28.87842,40.579254],[28.878576,40.57931],[28.878663,40.579348],[28.87875,40.579362],[28.87881,40.579387],[28.878906,40.579397],[28.879035,40.579439],[28.879104,40.57947],[28.8792,40.579495],[28.879283,40.579505],[28.879347,40.579512],[28.879429,40.579533],[28.879462,40.579561],[28.879489,40.579592],[28.879484,40.579617],[28.879512,40.579658],[28.879544,40.579651],[28.879585,40.579631],[28.879696,40.579648],[28.879829,40.579672],[28.879833,40.579697],[28.879884,40.579714],[28.87993,40.5797],[28.880021,40.579728],[28.880095,40.579746],[28.880113,40.579777],[28.880214,40.579787],[28.880361,40.579822],[28.880402,40.579854],[28.880503,40.579888],[28.880691,40.579902],[28.880742,40.579909],[28.880802,40.579941],[28.880893,40.579969],[28.880948,40.579976],[28.881008,40.57999],[28.881095,40.580014],[28.881205,40.580038],[28.88127,40.58007],[28.881357,40.580084],[28.881389,40.580108],[28.881453,40.580136],[28.88155,40.580139],[28.881641,40.580153],[28.881857,40.580171],[28.882032,40.580192],[28.882165,40.580209],[28.882325,40.580258],[28.882435,40.580289],[28.882582,40.580321],[28.882729,40.580338],[28.882858,40.580362],[28.882936,40.580373],[28.883041,40.58039],[28.883183,40.580432],[28.883271,40.580446],[28.88344,40.580484],[28.883592,40.580526],[28.883762,40.580589],[28.883937,40.580628],[28.884046,40.580676],[28.884184,40.580687],[28.884312,40.580756],[28.884455,40.580802],[28.884528,40.580812],[28.884592,40.580847],[28.884712,40.580896],[28.884836,40.580927],[28.884918,40.580969],[28.884936,40.581011],[28.884955,40.581077],[28.885005,40.581098],[28.885037,40.581143],[28.885083,40.581178],[28.885125,40.581196],[28.885203,40.581199],[28.885267,40.581209],[28.885308,40.581244],[28.885386,40.581241],[28.885418,40.581255],[28.88545,40.581293],[28.885487,40.581318],[28.885551,40.581338],[28.885593,40.581345],[28.885625,40.581377],[28.885679,40.581357],[28.885712,40.581366],[28.885767,40.581412],[28.885831,40.581436],[28.885896,40.581408],[28.885946,40.581405],[28.885997,40.581419],[28.886088,40.581436],[28.886148,40.58146],[28.886221,40.58146],[28.886286,40.581481],[28.886368,40.581513],[28.886474,40.581568],[28.886575,40.581638],[28.886653,40.58167],[28.88674,40.58168],[28.886832,40.581701],[28.886905,40.581722],[28.887048,40.581729],[28.887149,40.581732],[28.887323,40.581771],[28.88758,40.581819],[28.887667,40.581854],[28.887773,40.581889],[28.887965,40.581941],[28.888108,40.581976],[28.888232,40.582008],[28.888392,40.58206],[28.888635,40.582137],[28.88875,40.582161],[28.888934,40.582199],[28.889269,40.582286],[28.889443,40.582321],[28.889544,40.582356],[28.889618,40.582391],[28.889728,40.582433],[28.889838,40.582468],[28.889916,40.58251],[28.890012,40.582551],[28.890099,40.582562],[28.890191,40.582586],[28.890338,40.582652],[28.890448,40.582698],[28.890531,40.582722],[28.890645,40.582778],[28.890852,40.582837],[28.890976,40.582914],[28.891054,40.582959],[28.891173,40.583018],[28.891316,40.583078],[28.891472,40.583147],[28.891545,40.583189],[28.891595,40.583231],[28.891651,40.583276],[28.891719,40.583315],[28.891779,40.583349],[28.891857,40.583388],[28.89193,40.583409],[28.891972,40.583444],[28.892045,40.583475],[28.892073,40.583524],[28.892151,40.583555],[28.89222,40.583566],[28.892247,40.5836],[28.892247,40.583632],[28.892288,40.583667],[28.892334,40.583649],[28.892399,40.583691],[28.892463,40.583736],[28.892545,40.583782],[28.892628,40.583813],[28.892701,40.583837],[28.892862,40.583876],[28.893018,40.583911],[28.893096,40.583942],[28.893179,40.583987],[28.89328,40.584008],[28.893362,40.584036],[28.89344,40.584071],[28.893528,40.584099],[28.893629,40.58412],[28.893766,40.584148],[28.893918,40.584231],[28.893977,40.58427],[28.894101,40.584298],[28.894193,40.584364],[28.894285,40.584392],[28.894418,40.584475],[28.894551,40.584534],[28.894624,40.584569],[28.894606,40.584615],[28.89462,40.584639],[28.894702,40.584632],[28.894803,40.584691],[28.894932,40.584758],[28.895152,40.584904],[28.895322,40.585012],[28.895386,40.585085],[28.895455,40.585158],[28.895528,40.585228],[28.895616,40.585284],[28.895726,40.58534],[28.895762,40.585385],[28.895808,40.585482],[28.895841,40.585521],[28.895891,40.585566],[28.8959,40.585601],[28.895983,40.58565],[28.89601,40.585688],[28.896088,40.585744],[28.896185,40.585803],[28.896235,40.585869],[28.896208,40.585904],[28.896198,40.585943],[28.896276,40.585998],[28.896318,40.586051],[28.896373,40.586054],[28.896451,40.586071],[28.896506,40.586089],[28.896524,40.586148],[28.896543,40.586228],[28.896584,40.586281],[28.896602,40.586312],[28.896662,40.586308],[28.896703,40.586295],[28.896777,40.586329],[28.896805,40.586353],[28.896868,40.586423],[28.896951,40.586476],[28.89702,40.586514],[28.897066,40.586542],[28.89713,40.586535],[28.897181,40.58657],[28.897268,40.586605],[28.89735,40.58664],[28.897415,40.58664],[28.89747,40.586667],[28.897548,40.586692],[28.897644,40.586723],[28.897754,40.586748],[28.897832,40.586765],[28.897924,40.5868],[28.897997,40.586824],[28.898085,40.586835],[28.898181,40.586863],[28.898365,40.586929],[28.898507,40.586967],[28.898585,40.587002],[28.89869,40.587026],[28.898801,40.587082],[28.898915,40.587124],[28.899012,40.587173],[28.899067,40.587208],[28.899103,40.587246],[28.899214,40.58726],[28.899338,40.587309],[28.899443,40.58734],[28.899539,40.587364],[28.899627,40.587389],[28.899718,40.587417],[28.89992,40.587473],[28.899985,40.587507],[28.900044,40.587539],[28.900141,40.587577],[28.900205,40.587605],[28.900251,40.587626],[28.90031,40.587654],[28.900361,40.587661],[28.900393,40.587685],[28.900535,40.587727],[28.90065,40.587776],[28.900737,40.587814],[28.900806,40.587852],[28.900875,40.587877],[28.901127,40.587985],[28.901169,40.588006],[28.901265,40.588037],[28.901293,40.588068],[28.901329,40.5881],[28.901393,40.588107],[28.901403,40.588149],[28.901462,40.58818],[28.901513,40.588166],[28.90154,40.58819],[28.901605,40.588215],[28.901669,40.588229],[28.901715,40.58825],[28.901761,40.588274],[28.901862,40.588309],[28.901953,40.588358],[28.902073,40.588417],[28.902261,40.588535],[28.902467,40.588689],[28.902536,40.588724],[28.902573,40.588752],[28.902605,40.588797],[28.902642,40.588839],[28.902706,40.588874],[28.902729,40.588922],[28.902807,40.588961],[28.902876,40.589041],[28.903023,40.589177],[28.903417,40.589546],[28.903661,40.589797],[28.903963,40.590118],[28.904432,40.590581],[28.904528,40.590682],[28.904638,40.590759],[28.904739,40.590832],[28.904978,40.591038],[28.905037,40.59108],[28.905125,40.591163],[28.90527,40.591261],[28.905372,40.591351],[28.905469,40.591425],[28.905551,40.591487],[28.905648,40.591543],[28.905799,40.591623],[28.905845,40.591665],[28.905937,40.591693],[28.906015,40.591728],[28.906218,40.591515],[28.906269,40.591467],[28.906335,40.59142],[28.906429,40.591377],[28.906761,40.59125],[28.906859,40.591203],[28.906933,40.591146],[28.907038,40.59103],[28.907094,40.59095],[28.907124,40.59087],[28.907124,40.590768],[28.907074,40.590422],[28.907068,40.590302],[28.907086,40.590179],[28.907154,40.58993],[28.9072,40.589803],[28.907266,40.589671],[28.907368,40.589532],[28.90749,40.58939],[28.907747,40.589109],[28.907874,40.588988],[28.907995,40.588897],[28.908452,40.588605],[28.908755,40.58834]]]}},{"type":"Feature","properties":{"id":"TR-Y-77-002-M-0002","level":"yerlesim","type":"mahalle","parent_id":"TR-D-77-002","province_id":"TR-P-77","district_id":"TR-D-77-002","name":"Bayır","source_raw_name":"Bayır","source":"Kullanıcı tarafından sağlanan KML","source_label":"Kullanıcı tarafından sağlanan KML","source_name":"Yalova Mahalle KML - kullanici tarafindan saglandi"},"geometry":{"type":"Polygon","coordinates":[[[28.871983,40.548529],[28.872105,40.54837],[28.872211,40.548175],[28.872496,40.547522],[28.872656,40.54711],[28.872788,40.54673],[28.872843,40.546543],[28.872877,40.546356],[28.872873,40.546169],[28.872793,40.545616],[28.872783,40.545444],[28.872801,40.545292],[28.872907,40.544875],[28.872924,40.54474],[28.872911,40.544607],[28.872813,40.5442],[28.87279,40.544039],[28.872786,40.543843],[28.872805,40.543413],[28.872831,40.543038],[28.872855,40.542867],[28.872892,40.54275],[28.872935,40.542667],[28.873348,40.542082],[28.873845,40.541424],[28.873964,40.541252],[28.874065,40.541069],[28.874132,40.540865],[28.87418,40.540651],[28.874257,40.540213],[28.874288,40.539994],[28.874308,40.539776],[28.874354,40.539153],[28.874375,40.538992],[28.874406,40.538896],[28.874443,40.538835],[28.874562,40.538703],[28.874977,40.538167],[28.87749,40.535158],[28.87786,40.53473],[28.878341,40.534198],[28.879678,40.532783],[28.880129,40.532275],[28.880491,40.53179],[28.880684,40.531352],[28.880785,40.530939],[28.880918,40.530151],[28.880998,40.529787],[28.88111,40.529468],[28.881365,40.52889],[28.881473,40.528623],[28.881521,40.52839],[28.881456,40.528216],[28.881327,40.528073],[28.880982,40.527772],[28.880736,40.527544],[28.88039,40.527195],[28.879632,40.526406],[28.879253,40.526776],[28.877842,40.527113],[28.876189,40.526531],[28.874979,40.525826],[28.874052,40.52506],[28.872641,40.524263],[28.871633,40.52368],[28.87127,40.522853],[28.870746,40.521995],[28.869657,40.521229],[28.868327,40.520156],[28.868851,40.519298],[28.869577,40.518256],[28.869778,40.517183],[28.870061,40.515987],[28.870101,40.514915],[28.869859,40.513908],[28.869617,40.513684],[28.868914,40.513929],[28.867731,40.514068],[28.86667,40.514264],[28.866808,40.513265],[28.867307,40.513106],[28.867624,40.51263],[28.868084,40.511908],[28.868258,40.5117],[28.868364,40.511551],[28.868676,40.511375],[28.869025,40.511207],[28.869366,40.510996],[28.869623,40.510755],[28.868489,40.509804],[28.86845,40.509598],[28.868413,40.509283],[28.868561,40.50912],[28.86903,40.508789],[28.869648,40.508237],[28.870552,40.50896],[28.87102,40.508932],[28.87061,40.508261],[28.871012,40.508021],[28.871172,40.508261],[28.871313,40.508185],[28.871462,40.50815],[28.871705,40.508123],[28.871659,40.508069],[28.87188,40.507934],[28.871333,40.507259],[28.873819,40.506792],[28.874965,40.508315],[28.874957,40.508178],[28.87496,40.508132],[28.874973,40.508088],[28.875008,40.508044],[28.875153,40.507903],[28.875205,40.507833],[28.875255,40.507731],[28.875351,40.507487],[28.875391,40.507363],[28.875412,40.50725],[28.875398,40.507155],[28.875366,40.507071],[28.875252,40.506842],[28.875207,40.506718],[28.87518,40.506593],[28.875183,40.506513],[28.876067,40.505856],[28.876399,40.50544],[28.876886,40.504583],[28.876916,40.504301],[28.876989,40.50429],[28.877234,40.505259],[28.877114,40.505777],[28.877598,40.505742],[28.877716,40.505507],[28.87794,40.505572],[28.877957,40.505502],[28.878059,40.505414],[28.878628,40.505597],[28.878934,40.505308],[28.87921,40.505095],[28.879689,40.504937],[28.879761,40.505217],[28.880081,40.505559],[28.880374,40.505298],[28.880484,40.50524],[28.880566,40.505157],[28.88062,40.504902],[28.880603,40.504832],[28.880851,40.50469],[28.880905,40.504559],[28.881318,40.504567],[28.881326,40.50454],[28.881159,40.50447],[28.880817,40.504264],[28.880635,40.504103],[28.880352,40.503893],[28.879037,40.502935],[28.878984,40.502337],[28.87873,40.502066],[28.876973,40.50247],[28.877381,40.502733],[28.876308,40.502668],[28.875365,40.5017],[28.873626,40.501133],[28.871665,40.500593],[28.870912,40.499807],[28.870789,40.499178],[28.869891,40.499115],[28.869341,40.498404],[28.870062,40.497622],[28.868867,40.496817],[28.869109,40.496498],[28.869182,40.496005],[28.869035,40.495651],[28.868803,40.495432],[28.868006,40.49505],[28.867909,40.495186],[28.867785,40.495309],[28.867684,40.495347],[28.867643,40.495385],[28.867625,40.495375],[28.867496,40.495274],[28.86746,40.495291],[28.867579,40.495413],[28.867501,40.495455],[28.867437,40.49548],[28.867372,40.495546],[28.86723,40.495619],[28.867143,40.495678],[28.867056,40.495745],[28.866955,40.495825],[28.866785,40.49601],[28.866578,40.496185],[28.866436,40.496254],[28.866358,40.496261],[28.86628,40.496303],[28.866202,40.496345],[28.866138,40.496376],[28.866106,40.496404],[28.86606,40.496464],[28.866041,40.496506],[28.865973,40.496516],[28.865941,40.496572],[28.865899,40.496628],[28.865844,40.496666],[28.865817,40.496715],[28.865766,40.496701],[28.86572,40.496771],[28.865596,40.496949],[28.865532,40.497019],[28.865449,40.497053],[28.86539,40.497102],[28.865316,40.497151],[28.865248,40.497204],[28.865225,40.49719],[28.865202,40.4972],[28.865243,40.497235],[28.864968,40.497469],[28.864444,40.497839],[28.86422,40.497975],[28.864151,40.49802],[28.864064,40.497933],[28.86405,40.49794],[28.864077,40.497964],[28.863926,40.498013],[28.863843,40.498045],[28.863784,40.498059],[28.863678,40.4981],[28.863536,40.498174],[28.863517,40.498216],[28.863462,40.498237],[28.863293,40.498341],[28.863242,40.498303],[28.863215,40.498313],[28.86327,40.498355],[28.863237,40.49839],[28.863164,40.498421],[28.863058,40.498449],[28.862958,40.498477],[28.86282,40.498523],[28.862723,40.49853],[28.862659,40.498516],[28.862627,40.498345],[28.862609,40.498345],[28.862613,40.498435],[28.862549,40.498439],[28.862471,40.498439],[28.86231,40.498463],[28.862191,40.498502],[28.862118,40.498498],[28.862081,40.498484],[28.861998,40.498296],[28.861975,40.49831],[28.862049,40.498481],[28.862008,40.498477],[28.86187,40.498596],[28.861718,40.498739],[28.861631,40.498784],[28.861544,40.498791],[28.861516,40.498823],[28.861475,40.498861],[28.861452,40.498907],[28.861411,40.498959],[28.861356,40.499036],[28.861292,40.499112],[28.861259,40.499133],[28.861131,40.49906],[28.861117,40.499074],[28.861223,40.499144],[28.861136,40.4992],[28.861071,40.499221],[28.861002,40.49921],[28.860929,40.499172],[28.860833,40.499105],[28.860796,40.49906],[28.860741,40.499046],[28.86064,40.499099],[28.860553,40.499207],[28.860576,40.499242],[28.860635,40.499252],[28.860695,40.499214],[28.860718,40.499207],[28.860773,40.499242],[28.860768,40.499308],[28.860759,40.499388],[28.860663,40.499615],[28.860557,40.499866],[28.860328,40.500282],[28.859988,40.50084],[28.859414,40.501636],[28.85891,40.502309],[28.858807,40.502327],[28.858783,40.502364],[28.858807,40.502397],[28.858856,40.502438],[28.858807,40.502507],[28.85845,40.502927],[28.858201,40.503222],[28.858075,40.50331],[28.857978,40.503307],[28.858015,40.503276],[28.858006,40.503213],[28.857946,40.503185],[28.857896,40.503195],[28.857652,40.503447],[28.85768,40.503488],[28.857753,40.503495],[28.857795,40.503461],[28.857836,40.503443],[28.857863,40.503454],[28.857896,40.503513],[28.857368,40.50412],[28.857267,40.504113],[28.857207,40.504078],[28.857253,40.503994],[28.857235,40.503966],[28.857184,40.503946],[28.857129,40.503946],[28.856913,40.504155],[28.856895,40.504211],[28.856918,40.504242],[28.856973,40.50427],[28.857024,40.50426],[28.857065,40.504249],[28.857083,40.504274],[28.857097,40.504357],[28.856799,40.504567],[28.856757,40.504549],[28.856712,40.504507],[28.856757,40.504434],[28.85673,40.504399],[28.856679,40.504385],[28.856629,40.504385],[28.856496,40.504521],[28.856427,40.504629],[28.856441,40.504671],[28.8565,40.504685],[28.856537,40.504657],[28.856615,40.504675],[28.856629,40.504724],[28.856165,40.504992],[28.856101,40.504933],[28.856138,40.504888],[28.85617,40.504839],[28.856138,40.504811],[28.856074,40.504787],[28.855826,40.504957],[28.855798,40.504999],[28.855812,40.505038],[28.85589,40.505055],[28.855941,40.505055],[28.855945,40.505097],[28.855931,40.505153],[28.855872,40.505258],[28.85578,40.505324],[28.855394,40.505498],[28.855316,40.50547],[28.855413,40.505408],[28.855367,40.505359],[28.855316,40.50532],[28.854977,40.50553],[28.854991,40.505565],[28.855046,40.505603],[28.855179,40.505558],[28.855215,40.505645],[28.854793,40.50596],[28.854458,40.506137],[28.854389,40.506154],[28.854344,40.506106],[28.854307,40.50605],[28.854389,40.505997],[28.854408,40.505966],[28.854376,40.505924],[28.854311,40.505917],[28.853981,40.50606],[28.854045,40.50614],[28.854096,40.506112],[28.854119,40.506165],[28.854091,40.506224],[28.854036,40.506263],[28.853885,40.506332],[28.853784,40.506353],[28.853554,40.506364],[28.853302,40.506374],[28.853095,40.506371],[28.852875,40.506378],[28.852627,40.506364],[28.852572,40.506336],[28.852522,40.506301],[28.852567,40.506224],[28.852545,40.506217],[28.852489,40.50629],[28.852476,40.50629],[28.852237,40.506193],[28.852288,40.50606],[28.852255,40.506057],[28.852228,40.506137],[28.852136,40.506116],[28.852026,40.506099],[28.851966,40.506046],[28.851879,40.505952],[28.85187,40.505907],[28.851884,40.505865],[28.852012,40.505851],[28.852035,40.505809],[28.852031,40.505771],[28.85164,40.505781],[28.851604,40.505791],[28.851604,40.50583],[28.851622,40.505858],[28.851673,40.505865],[28.851737,40.505875],[28.851755,40.505955],[28.851746,40.506008],[28.8517,40.506039],[28.851434,40.506137],[28.851058,40.506221],[28.850966,40.506217],[28.850869,40.506154],[28.850869,40.506095],[28.850874,40.506067],[28.850915,40.506071],[28.850947,40.506039],[28.850934,40.506015],[28.850915,40.50599],[28.850879,40.505969],[28.850663,40.506001],[28.850502,40.506032],[28.850498,40.506081],[28.850521,40.506112],[28.850553,40.506144],[28.850534,40.506179],[28.850489,40.506221],[28.850424,40.506238],[28.850355,40.506224],[28.850227,40.506182],[28.849998,40.506092],[28.849828,40.506067],[28.849731,40.506001],[28.849658,40.505931],[28.849621,40.505743],[28.849667,40.505725],[28.849731,40.505701],[28.849722,40.505641],[28.849672,40.505614],[28.849603,40.505624],[28.849341,40.505708],[28.849309,40.505746],[28.849337,40.505791],[28.849383,40.505802],[28.849474,40.505774],[28.849502,40.505865],[28.84947,40.505931],[28.84897,40.506099],[28.848763,40.506161],[28.848699,40.506133],[28.848644,40.506088],[28.848644,40.506064],[28.848694,40.506046],[28.848735,40.506001],[28.848685,40.505959],[28.848584,40.505948],[28.848345,40.506015],[28.848295,40.506046],[28.848318,40.506112],[28.848345,40.506109],[28.848456,40.506088],[28.848524,40.506196],[28.848133,40.506511],[28.847992,40.506563],[28.847951,40.506514],[28.847992,40.506489],[28.84801,40.506434],[28.847951,40.50642],[28.847836,40.506444],[28.847721,40.506521],[28.847671,40.50657],[28.847685,40.506591],[28.847726,40.506615],[28.847767,40.506608],[28.847864,40.50657],[28.847946,40.506678],[28.847878,40.5067],[28.847721,40.506758],[28.847657,40.506772],[28.847629,40.506807],[28.847597,40.506856],[28.847565,40.506905],[28.847428,40.507055],[28.847262,40.507173],[28.847138,40.507194],[28.847079,40.50718],[28.847033,40.507142],[28.847074,40.507114],[28.847088,40.507069],[28.847005,40.507083],[28.846959,40.5071],[28.846858,40.507156],[28.846813,40.507198],[28.846817,40.507257],[28.846836,40.507292],[28.846918,40.507281],[28.846927,40.507306],[28.846918,40.507344],[28.846881,40.507411],[28.846822,40.507491],[28.846753,40.507561],[28.846629,40.507648],[28.84651,40.507721],[28.846427,40.507735],[28.846285,40.507735],[28.846225,40.507704],[28.846221,40.507669],[28.846248,40.507634],[28.846244,40.507602],[28.846207,40.507592],[28.846106,40.50763],[28.845918,40.507739],[28.845881,40.50778],[28.845941,40.507801],[28.846009,40.50778],[28.846046,40.507805],[28.846042,40.50785],[28.846005,40.507934],[28.845931,40.508014],[28.84584,40.508084],[28.845544,40.508125],[28.845207,40.508102],[28.844938,40.508102],[28.844898,40.508079],[28.844853,40.507979],[28.844926,40.507951],[28.844954,40.50792],[28.844903,40.507899],[28.844853,40.507903],[28.844812,40.507909],[28.84461,40.507969],[28.844582,40.508025],[28.844605,40.508049],[28.844711,40.508025],[28.844715,40.508091],[28.844697,40.508168],[28.844637,40.508217],[28.844501,40.508261],[28.844321,40.508283],[28.844289,40.508237],[28.844339,40.508213],[28.844376,40.508175],[28.844344,40.50815],[28.844284,40.508136],[28.843944,40.508272],[28.843958,40.508321],[28.844018,40.508328],[28.844059,40.508332],[28.844068,40.508374],[28.844036,40.508436],[28.84368,40.50853],[28.843591,40.508492],[28.843563,40.50844],[28.843531,40.508436],[28.843499,40.508461],[28.843508,40.50851],[28.843462,40.508552],[28.843371,40.5086],[28.84331,40.508611],[28.843225,40.508627],[28.843114,40.508604],[28.842888,40.508648],[28.842706,40.508738],[28.842197,40.508867],[28.842145,40.508813],[28.842122,40.508729],[28.84204,40.508712],[28.842017,40.508754],[28.84204,40.508862],[28.841906,40.50886],[28.841662,40.508831],[28.841585,40.508803],[28.84153,40.508757],[28.841498,40.508677],[28.841526,40.508663],[28.841627,40.508604],[28.841608,40.508569],[28.841544,40.508558],[28.841448,40.508576],[28.841292,40.508632],[28.841241,40.50866],[28.841246,40.508702],[28.841301,40.508736],[28.84137,40.508726],[28.841397,40.508757],[28.841384,40.508789],[28.841338,40.508848],[28.841278,40.508921],[28.841145,40.508953],[28.841081,40.508942],[28.841044,40.508904],[28.841076,40.508883],[28.841104,40.508848],[28.841071,40.508817],[28.841026,40.50882],[28.84092,40.508838],[28.840755,40.508893],[28.840741,40.508925],[28.840782,40.508963],[28.840828,40.50903],[28.840819,40.509068],[28.840769,40.509131],[28.840668,40.50919],[28.840466,40.509274],[28.840397,40.509298],[28.840392,40.509284],[28.840337,40.509141],[28.840273,40.509155],[28.840236,40.509183],[28.840278,40.50933],[28.840208,40.509381],[28.840017,40.509422],[28.839906,40.509413],[28.839855,40.509263],[28.839782,40.509263],[28.839764,40.509319],[28.839387,40.509305],[28.839305,40.509291],[28.839268,40.509295],[28.839199,40.509281],[28.839048,40.509267],[28.838901,40.509246],[28.838763,40.509225],[28.838722,40.509204],[28.83869,40.509218],[28.838543,40.509204],[28.838194,40.509169],[28.838015,40.509124],[28.838024,40.508988],[28.83813,40.508077],[28.83802,40.508087],[28.837923,40.50889],[28.837703,40.508893],[28.837703,40.508977],[28.836597,40.508817],[28.835849,40.508698],[28.835358,40.508625],[28.834504,40.508607],[28.834527,40.508478],[28.834715,40.508475],[28.834706,40.508349],[28.834454,40.508349],[28.834449,40.508527],[28.834252,40.508558],[28.834229,40.508499],[28.834165,40.508506],[28.834178,40.508579],[28.833931,40.508642],[28.83394,40.508681],[28.833889,40.508719],[28.833908,40.50874],[28.833678,40.508799],[28.833362,40.508869],[28.833155,40.5089],[28.832953,40.508932],[28.83265,40.508974],[28.832522,40.508981],[28.832421,40.508998],[28.832159,40.509043],[28.831975,40.509073],[28.831535,40.509187],[28.83077,40.509299],[28.829323,40.50959],[28.828508,40.509679],[28.828342,40.509565],[28.828242,40.508983],[28.828075,40.508768],[28.827942,40.508983],[28.827992,40.509388],[28.826479,40.509249],[28.826396,40.509375],[28.82578,40.509299],[28.826096,40.5083],[28.827493,40.508275],[28.827527,40.508161],[28.828641,40.508174],[28.828857,40.508098],[28.828757,40.507971],[28.826013,40.507832],[28.825581,40.508047],[28.825005,40.50933],[28.824982,40.509438],[28.824959,40.509574],[28.824945,40.509626],[28.824922,40.509651],[28.824862,40.509691],[28.824738,40.509715],[28.824903,40.510072],[28.824725,40.510324],[28.824859,40.510788],[28.825767,40.512057],[28.826206,40.51263],[28.826699,40.513918],[28.827444,40.51497],[28.827836,40.515266],[28.827979,40.515582],[28.827783,40.516519],[28.827804,40.516819],[28.827933,40.517228],[28.828039,40.517428],[28.828062,40.517668],[28.828034,40.517818],[28.828075,40.518108],[28.827871,40.51851],[28.827813,40.518771],[28.827878,40.518994],[28.827967,40.519223],[28.828101,40.519601],[28.828107,40.519656],[28.828537,40.519716],[28.828775,40.519784],[28.828968,40.519828],[28.828937,40.519881],[28.829099,40.520764],[28.829115,40.5212],[28.828983,40.521758],[28.829104,40.522249],[28.82915,40.522675],[28.829248,40.522904],[28.829567,40.523174],[28.829798,40.523387],[28.829965,40.523653],[28.83018,40.524342],[28.830412,40.525299],[28.831462,40.52569],[28.831334,40.526573],[28.831088,40.527023],[28.830627,40.527448],[28.830716,40.527991],[28.830987,40.529203],[28.831133,40.529233],[28.831734,40.529807],[28.832109,40.530164],[28.833896,40.531029],[28.835015,40.532231],[28.835293,40.534052],[28.836517,40.534898],[28.836888,40.535214],[28.837755,40.535954],[28.837797,40.536499],[28.837163,40.53734],[28.836616,40.538148],[28.83669,40.538575],[28.836788,40.539135],[28.835871,40.540081],[28.835737,40.542151],[28.835961,40.54534],[28.836714,40.546011],[28.837205,40.546155],[28.838584,40.54727],[28.840035,40.54841],[28.840279,40.54801],[28.840531,40.547378],[28.840512,40.547088],[28.840272,40.546537],[28.840445,40.546379],[28.840268,40.546024],[28.840658,40.546153],[28.841603,40.546385],[28.842479,40.547282],[28.843202,40.548266],[28.847713,40.548296],[28.853616,40.548296],[28.859577,40.548598],[28.863953,40.548733],[28.868239,40.548869],[28.870588,40.549474],[28.870522,40.549397],[28.870615,40.549326],[28.870793,40.549258],[28.871213,40.549117],[28.871409,40.549031],[28.871573,40.548922],[28.871717,40.548799],[28.871853,40.548668],[28.871983,40.548529]]]}},{"type":"Feature","properties":{"id":"TR-Y-77-002-M-0003","level":"yerlesim","type":"mahalle","parent_id":"TR-D-77-002","province_id":"TR-P-77","district_id":"TR-D-77-002","name":"Karşıyaka","source_raw_name":"Karşıyaka","source":"Kullanıcı tarafından sağlanan KML","source_label":"Kullanıcı tarafından sağlanan KML","source_name":"Yalova Mahalle KML - kullanici tarafindan saglandi"},"geometry":{"type":"Polygon","coordinates":[[[28.793867,40.551776],[28.794683,40.550405],[28.796428,40.548579],[28.797437,40.547079],[28.798445,40.546098],[28.800326,40.544762],[28.80158,40.543536],[28.802425,40.542282],[28.80327,40.541627],[28.804824,40.540892],[28.807932,40.539283],[28.80894,40.538793],[28.810603,40.537457],[28.811639,40.537239],[28.814724,40.536973],[28.816271,40.536607],[28.818452,40.535103],[28.819926,40.533804],[28.82125,40.533828],[28.823192,40.533591],[28.824978,40.533438],[28.826764,40.533658],[28.829577,40.533743],[28.831118,40.533574],[28.832567,40.532988],[28.833862,40.534719],[28.83471,40.536857],[28.835871,40.540081],[28.836788,40.539135],[28.83669,40.538575],[28.836616,40.538148],[28.837163,40.53734],[28.837797,40.536499],[28.837755,40.535954],[28.836888,40.535214],[28.836517,40.534898],[28.835293,40.534052],[28.835015,40.532231],[28.833896,40.531029],[28.832109,40.530164],[28.831734,40.529807],[28.831133,40.529233],[28.830987,40.529203],[28.830716,40.527991],[28.830627,40.527448],[28.831088,40.527023],[28.831334,40.526573],[28.831462,40.52569],[28.830412,40.525299],[28.83018,40.524342],[28.829965,40.523653],[28.829798,40.523387],[28.829567,40.523174],[28.829248,40.522904],[28.82915,40.522675],[28.829104,40.522249],[28.828983,40.521758],[28.829115,40.5212],[28.829099,40.520764],[28.828937,40.519881],[28.828968,40.519828],[28.828775,40.519784],[28.828537,40.519716],[28.828107,40.519656],[28.828101,40.519601],[28.827967,40.519223],[28.827878,40.518994],[28.827813,40.518771],[28.827871,40.51851],[28.828075,40.518108],[28.828034,40.517818],[28.828062,40.517668],[28.828039,40.517428],[28.827933,40.517228],[28.827804,40.516819],[28.827783,40.516519],[28.827979,40.515582],[28.827836,40.515266],[28.827444,40.51497],[28.826699,40.513918],[28.826206,40.51263],[28.825767,40.512057],[28.824859,40.510788],[28.824725,40.510324],[28.824903,40.510072],[28.824738,40.509715],[28.824592,40.509704],[28.824422,40.509633],[28.824273,40.509627],[28.824252,40.50964],[28.823889,40.509891],[28.823467,40.510226],[28.823178,40.510474],[28.822756,40.510785],[28.822407,40.511022],[28.821994,40.511311],[28.821572,40.511577],[28.821223,40.511748],[28.82087,40.51188],[28.820691,40.511943],[28.820356,40.512027],[28.820255,40.512062],[28.820112,40.512072],[28.820025,40.512089],[28.819819,40.512107],[28.819631,40.5121],[28.819534,40.5121],[28.819452,40.512093],[28.819378,40.512086],[28.819305,40.512086],[28.819204,40.512065],[28.819144,40.512065],[28.819107,40.512048],[28.819052,40.512048],[28.818997,40.512041],[28.818965,40.512027],[28.818905,40.512023],[28.818873,40.512009],[28.818841,40.512002],[28.818795,40.511992],[28.818676,40.511964],[28.818171,40.51187],[28.817694,40.511775],[28.81718,40.511702],[28.816905,40.511671],[28.816638,40.511639],[28.816349,40.511615],[28.815886,40.511618],[28.81562,40.511632],[28.815422,40.51166],[28.815188,40.511692],[28.814931,40.511744],[28.81467,40.511838],[28.814371,40.51196],[28.814096,40.512096],[28.813908,40.512194],[28.813683,40.512295],[28.813352,40.512438],[28.813229,40.512477],[28.813206,40.512463],[28.813169,40.512463],[28.813169,40.512487],[28.812898,40.512561],[28.812696,40.512609],[28.812595,40.51262],[28.812453,40.512637],[28.81215,40.512669],[28.811967,40.512665],[28.81193,40.512637],[28.811866,40.512623],[28.811627,40.512634],[28.811384,40.512634],[28.811251,40.512634],[28.811099,40.512648],[28.810723,40.512794],[28.810576,40.512836],[28.810347,40.512875],[28.810158,40.512934],[28.809378,40.513234],[28.809213,40.513304],[28.809075,40.513328],[28.808993,40.513185],[28.808956,40.513196],[28.809043,40.513356],[28.808878,40.513415],[28.808736,40.513454],[28.808346,40.513558],[28.808171,40.513607],[28.807891,40.51368],[28.807804,40.513684],[28.807611,40.513677],[28.807506,40.51368],[28.807354,40.513701],[28.807221,40.513698],[28.806996,40.513722],[28.806868,40.513736],[28.806693,40.51375],[28.806446,40.513771],[28.80628,40.513796],[28.806166,40.513785],[28.805991,40.513785],[28.805835,40.513785],[28.805826,40.513736],[28.80578,40.513736],[28.80578,40.513782],[28.80562,40.513778],[28.805468,40.513757],[28.80533,40.513754],[28.805326,40.51353],[28.80534,40.51353],[28.805349,40.513499],[28.805275,40.513496],[28.805275,40.513523],[28.805298,40.513523],[28.805289,40.513764],[28.805243,40.513747],[28.805174,40.513747],[28.805073,40.513722],[28.804936,40.513719],[28.804812,40.513712],[28.804674,40.513687],[28.80461,40.51366],[28.804495,40.513607],[28.804376,40.513565],[28.804087,40.513583],[28.803995,40.513607],[28.803917,40.513618],[28.803775,40.513646],[28.803646,40.513674],[28.803169,40.513778],[28.802958,40.51382],[28.802806,40.513827],[28.802582,40.513858],[28.802187,40.513883],[28.801946,40.513916],[28.801792,40.513939],[28.80165,40.513946],[28.801469,40.513959],[28.801264,40.513984],[28.801223,40.513754],[28.801246,40.513743],[28.801251,40.513719],[28.801141,40.51374],[28.801141,40.513768],[28.801182,40.513775],[28.801219,40.513967],[28.801104,40.513974],[28.800913,40.514002],[28.800691,40.513982],[28.800571,40.513953],[28.800489,40.513921],[28.800397,40.513932],[28.800337,40.51396],[28.800259,40.513956],[28.800067,40.514022],[28.799534,40.514214],[28.799254,40.514291],[28.798873,40.514343],[28.79874,40.514323],[28.798475,40.51427],[28.798369,40.514218],[28.798268,40.514172],[28.798052,40.514103],[28.797901,40.514099],[28.797804,40.514057],[28.797671,40.514036],[28.797561,40.513994],[28.797474,40.513977],[28.797465,40.513946],[28.797423,40.513942],[28.7974,40.513977],[28.797125,40.513984],[28.79701,40.514026],[28.796951,40.514061],[28.796877,40.514064],[28.796804,40.514078],[28.796799,40.514124],[28.796707,40.5142],[28.796611,40.514291],[28.796446,40.514469],[28.796161,40.514713],[28.795886,40.514996],[28.795624,40.515184],[28.79551,40.515233],[28.795432,40.515254],[28.795321,40.515226],[28.795312,40.515271],[28.795308,40.515352],[28.795202,40.515432],[28.795005,40.515599],[28.794761,40.515753],[28.794509,40.515896],[28.794367,40.515917],[28.794312,40.515892],[28.794261,40.515844],[28.794238,40.515865],[28.794257,40.515931],[28.794257,40.515976],[28.794225,40.516018],[28.79399,40.516182],[28.793706,40.516405],[28.793307,40.51667],[28.793073,40.51682],[28.792972,40.51689],[28.792901,40.516904],[28.792733,40.516998],[28.79271,40.517012],[28.79266,40.516977],[28.792527,40.516946],[28.792504,40.516964],[28.792527,40.517016],[28.792522,40.517065],[28.792444,40.51711],[28.792228,40.517222],[28.792109,40.517271],[28.791898,40.517358],[28.791613,40.517469],[28.791421,40.517476],[28.791352,40.517435],[28.791306,40.517337],[28.791232,40.517337],[28.791242,40.517218],[28.791191,40.517225],[28.791182,40.517414],[28.790907,40.517567],[28.790829,40.51763],[28.790663,40.517651],[28.790471,40.517696],[28.790374,40.517696],[28.790264,40.517731],[28.790191,40.517721],[28.790035,40.517735],[28.789966,40.517703],[28.789755,40.517714],[28.789773,40.517312],[28.7897,40.517316],[28.7897,40.517633],[28.789695,40.517703],[28.789589,40.517717],[28.789264,40.517707],[28.78903,40.5177],[28.788635,40.517728],[28.788538,40.517696],[28.788428,40.517682],[28.78836,40.517658],[28.788148,40.517553],[28.787965,40.517438],[28.787832,40.517347],[28.787731,40.517291],[28.787676,40.517298],[28.787662,40.517337],[28.787662,40.517396],[28.787465,40.517494],[28.787212,40.517578],[28.786896,40.51763],[28.786666,40.517651],[28.786441,40.517654],[28.786161,40.517609],[28.785973,40.517564],[28.785812,40.517448],[28.785693,40.51734],[28.785647,40.517236],[28.785634,40.51718],[28.785551,40.51718],[28.785413,40.51718],[28.785262,40.517155],[28.785161,40.517128],[28.785032,40.517107],[28.784901,40.517157],[28.784863,40.517145],[28.78478,40.517138],[28.784734,40.51711],[28.784661,40.517047],[28.784624,40.517075],[28.784739,40.517176],[28.784729,40.517208],[28.78461,40.517305],[28.784463,40.51741],[28.784275,40.517525],[28.784023,40.517703],[28.783925,40.517777],[28.783715,40.517871],[28.783454,40.517966],[28.783348,40.517947],[28.783233,40.51793],[28.783132,40.517881],[28.78294,40.517776],[28.782889,40.517689],[28.78288,40.517571],[28.782857,40.517525],[28.782807,40.517553],[28.782797,40.517605],[28.782793,40.517679],[28.782788,40.517724],[28.782687,40.517797],[28.782595,40.517832],[28.782504,40.517857],[28.782361,40.517878],[28.782293,40.517839],[28.782233,40.517804],[28.782196,40.517825],[28.782205,40.517867],[28.78221,40.517919],[28.782159,40.517958],[28.78204,40.518007],[28.781852,40.518035],[28.78176,40.518035],[28.781733,40.517989],[28.781714,40.517965],[28.781609,40.517951],[28.781554,40.51794],[28.781522,40.517965],[28.781531,40.517996],[28.78154,40.518028],[28.78154,40.518062],[28.781563,40.51809],[28.781535,40.518139],[28.781476,40.518171],[28.781388,40.518213],[28.781255,40.518233],[28.781104,40.51823],[28.781053,40.518188],[28.780998,40.518129],[28.780911,40.518073],[28.780833,40.518049],[28.780783,40.518052],[28.780755,40.518083],[28.780764,40.518164],[28.780787,40.518202],[28.780847,40.51824],[28.780865,40.518279],[28.780888,40.518328],[28.780865,40.518373],[28.78087,40.518436],[28.780874,40.518471],[28.780897,40.518506],[28.78092,40.518506],[28.780916,40.518526],[28.78093,40.518544],[28.780971,40.518579],[28.780975,40.518631],[28.780975,40.518683],[28.780948,40.518753],[28.780966,40.518799],[28.780934,40.518879],[28.780886,40.518994],[28.780847,40.519011],[28.780806,40.519036],[28.780764,40.51912],[28.780778,40.519161],[28.780769,40.519186],[28.78076,40.519238],[28.780806,40.519297],[28.780801,40.519371],[28.780815,40.519427],[28.780856,40.519514],[28.780874,40.51958],[28.780888,40.519639],[28.780902,40.519685],[28.780994,40.519737],[28.780994,40.519793],[28.780994,40.519863],[28.780998,40.519877],[28.780962,40.519887],[28.780957,40.519915],[28.781008,40.519943],[28.781021,40.519967],[28.780989,40.519985],[28.780998,40.52003],[28.781003,40.520096],[28.781035,40.520128],[28.781044,40.52017],[28.781067,40.520229],[28.781076,40.52025],[28.781081,40.520306],[28.78109,40.520372],[28.781095,40.520442],[28.781099,40.520487],[28.781109,40.520539],[28.78115,40.520571],[28.781177,40.52062],[28.781177,40.520679],[28.781177,40.520752],[28.781131,40.520815],[28.781118,40.520864],[28.781104,40.520927],[28.781055,40.520949],[28.780971,40.520986],[28.78093,40.521003],[28.780934,40.521024],[28.780943,40.521087],[28.780934,40.52115],[28.780939,40.521209],[28.780975,40.521293],[28.780971,40.52138],[28.780943,40.521481],[28.780884,40.521558],[28.780829,40.521593],[28.78076,40.521583],[28.7807,40.52161],[28.780723,40.521663],[28.7807,40.521712],[28.780673,40.521729],[28.780622,40.521746],[28.780645,40.521781],[28.780613,40.521834],[28.780576,40.521862],[28.780507,40.521855],[28.780452,40.521834],[28.780393,40.521883],[28.78036,40.521935],[28.780383,40.522012],[28.780397,40.522043],[28.780416,40.522064],[28.780425,40.522092],[28.780429,40.52212],[28.780461,40.5222],[28.780457,40.52228],[28.780448,40.52236],[28.780406,40.522413],[28.780374,40.522486],[28.780324,40.522598],[28.780273,40.522636],[28.780246,40.522685],[28.780223,40.522716],[28.780181,40.522741],[28.780177,40.522793],[28.780168,40.5228],[28.780094,40.522786],[28.780021,40.522772],[28.77998,40.522737],[28.779943,40.52273],[28.779947,40.522776],[28.779947,40.522821],[28.779961,40.522859],[28.780003,40.522831],[28.780012,40.522901],[28.780007,40.52294],[28.780012,40.522978],[28.780039,40.523009],[28.780025,40.523058],[28.78003,40.523138],[28.780035,40.523187],[28.780058,40.523198],[28.780094,40.523208],[28.780136,40.523247],[28.780149,40.523285],[28.780218,40.523351],[28.780273,40.523431],[28.780315,40.523526],[28.78037,40.523658],[28.780411,40.523791],[28.780438,40.523892],[28.780457,40.523993],[28.780452,40.524181],[28.780457,40.524265],[28.780402,40.524307],[28.780411,40.524405],[28.780393,40.524468],[28.780356,40.524516],[28.780315,40.52459],[28.780292,40.524649],[28.780209,40.524687],[28.780172,40.524726],[28.780163,40.524795],[28.780113,40.524874],[28.780035,40.524935],[28.77992,40.524959],[28.779847,40.525014],[28.77982,40.525137],[28.779869,40.525197],[28.779892,40.525263],[28.779851,40.525301],[28.779837,40.525347],[28.779879,40.525368],[28.77981,40.525392],[28.779842,40.525444],[28.779842,40.525479],[28.779796,40.525524],[28.779746,40.52557],[28.779695,40.525608],[28.779626,40.525664],[28.779576,40.525713],[28.779608,40.525737],[28.779649,40.525765],[28.779635,40.525762],[28.779571,40.525769],[28.779553,40.5258],[28.779585,40.525859],[28.779617,40.52587],[28.779585,40.525905],[28.779594,40.525943],[28.779647,40.525951],[28.779667,40.525964],[28.779617,40.52602],[28.779658,40.526041],[28.779787,40.526065],[28.779856,40.526069],[28.77992,40.526163],[28.779966,40.526247],[28.779993,40.526334],[28.780016,40.526421],[28.780016,40.526508],[28.780062,40.526588],[28.780131,40.526676],[28.780149,40.5267],[28.780218,40.526805],[28.780292,40.526913],[28.780351,40.527049],[28.780351,40.527133],[28.78037,40.527248],[28.780383,40.527394],[28.78038,40.527495],[28.780342,40.527607],[28.780288,40.527711],[28.780241,40.527743],[28.780214,40.52782],[28.780172,40.527883],[28.7802,40.527949],[28.780214,40.528054],[28.780159,40.528183],[28.78014,40.528252],[28.780136,40.528347],[28.780154,40.528409],[28.780131,40.528493],[28.780085,40.528531],[28.780071,40.52858],[28.780076,40.528615],[28.780003,40.528615],[28.780003,40.528678],[28.780007,40.528786],[28.77998,40.528873],[28.779938,40.528943],[28.779865,40.52896],[28.779778,40.52895],[28.779713,40.528995],[28.779768,40.529037],[28.779851,40.529055],[28.779825,40.529092],[28.779764,40.529124],[28.779709,40.529177],[28.779651,40.529243],[28.779612,40.529302],[28.779567,40.52932],[28.779544,40.529355],[28.779557,40.529386],[28.779594,40.529407],[28.779562,40.529435],[28.779589,40.529449],[28.779599,40.529491],[28.779599,40.52955],[28.779548,40.529557],[28.779548,40.529581],[28.779557,40.529634],[28.779576,40.529669],[28.779626,40.529717],[28.779617,40.529731],[28.77958,40.529773],[28.779599,40.529798],[28.779663,40.529812],[28.77964,40.529836],[28.779649,40.529909],[28.779686,40.529982],[28.779727,40.530007],[28.779796,40.530049],[28.779773,40.530122],[28.779723,40.530216],[28.779727,40.530272],[28.779768,40.530321],[28.779837,40.530352],[28.779842,40.530373],[28.779791,40.530394],[28.779787,40.530436],[28.77981,40.53046],[28.779943,40.53045],[28.779906,40.530485],[28.779865,40.530534],[28.779888,40.530586],[28.779966,40.530579],[28.780012,40.530555],[28.780117,40.530561],[28.780177,40.530628],[28.78026,40.530736],[28.780324,40.53083],[28.780379,40.530917],[28.780402,40.530991],[28.78048,40.531134],[28.78053,40.531207],[28.780567,40.531273],[28.780631,40.531364],[28.780659,40.531461],[28.7807,40.531552],[28.780709,40.53165],[28.780714,40.531751],[28.780705,40.531793],[28.7807,40.53187],[28.780659,40.532026],[28.780576,40.532047],[28.780457,40.532047],[28.780379,40.532107],[28.780351,40.532169],[28.780347,40.532229],[28.780379,40.532246],[28.780429,40.532264],[28.780494,40.532295],[28.780443,40.532358],[28.78048,40.532393],[28.780544,40.532347],[28.780617,40.532326],[28.780608,40.5324],[28.780576,40.53248],[28.780581,40.532532],[28.780622,40.532609],[28.780595,40.532679],[28.780544,40.532783],[28.780562,40.532891],[28.780595,40.532968],[28.780562,40.532996],[28.780507,40.533055],[28.780539,40.53308],[28.780617,40.533083],[28.780627,40.533125],[28.780695,40.533205],[28.780728,40.53331],[28.780691,40.533387],[28.780622,40.533495],[28.780581,40.533568],[28.780558,40.533634],[28.780536,40.53373],[28.780466,40.533823],[28.780429,40.533931],[28.78042,40.533997],[28.780434,40.534119],[28.780429,40.534189],[28.780429,40.534252],[28.780411,40.534287],[28.780374,40.534332],[28.780393,40.534374],[28.780416,40.534426],[28.780411,40.534468],[28.780388,40.53452],[28.780365,40.53459],[28.780379,40.534628],[28.780416,40.534625],[28.780489,40.534632],[28.780521,40.534674],[28.780576,40.534705],[28.780599,40.534754],[28.780695,40.534792],[28.780736,40.534815],[28.780751,40.534866],[28.780792,40.534887],[28.780833,40.534921],[28.78087,40.534988],[28.78093,40.535078],[28.780985,40.535138],[28.781035,40.535152],[28.781076,40.535246],[28.781086,40.53533],[28.781072,40.535368],[28.780994,40.535368],[28.780952,40.535389],[28.780985,40.535431],[28.780994,40.53548],[28.781035,40.535514],[28.781035,40.535581],[28.781086,40.535616],[28.781182,40.535664],[28.781228,40.535724],[28.781269,40.535807],[28.781306,40.535856],[28.781379,40.535902],[28.781379,40.535961],[28.781425,40.536055],[28.781416,40.536111],[28.781416,40.536181],[28.781421,40.536282],[28.781462,40.536383],[28.781494,40.536453],[28.78154,40.536519],[28.781581,40.536582],[28.781632,40.536617],[28.781691,40.53669],[28.781742,40.536753],[28.781801,40.53677],[28.781884,40.53678],[28.781893,40.536836],[28.781907,40.536875],[28.781939,40.536923],[28.78188,40.536937],[28.781889,40.536969],[28.781916,40.536979],[28.781967,40.536974],[28.782036,40.537018],[28.782026,40.537035],[28.782054,40.537056],[28.782104,40.53707],[28.782123,40.537094],[28.782164,40.537129],[28.782196,40.537182],[28.782233,40.537241],[28.782315,40.537318],[28.782361,40.537366],[28.782426,40.537426],[28.782499,40.537478],[28.782572,40.537523],[28.782595,40.537576],[28.782646,40.53759],[28.782678,40.537569],[28.782701,40.537576],[28.782765,40.53759],[28.782917,40.537572],[28.782958,40.537597],[28.783004,40.537604],[28.783073,40.537569],[28.783073,40.537541],[28.783155,40.537541],[28.783265,40.537555],[28.783339,40.537579],[28.783472,40.537628],[28.78366,40.537684],[28.783766,40.537698],[28.783848,40.537726],[28.783908,40.537774],[28.783926,40.537799],[28.783986,40.537823],[28.784009,40.537851],[28.784041,40.53791],[28.784041,40.537931],[28.784041,40.537949],[28.784087,40.537956],[28.784017,40.538026],[28.784018,40.538095],[28.784041,40.538137],[28.784073,40.53813],[28.78417,40.538012],[28.784243,40.538033],[28.784293,40.538015],[28.784312,40.53805],[28.784358,40.538067],[28.784399,40.538067],[28.784445,40.538085],[28.78467,40.538106],[28.78489,40.538165],[28.785037,40.5382],[28.785147,40.538235],[28.785455,40.538346],[28.785652,40.538434],[28.785936,40.538559],[28.786051,40.538622],[28.786069,40.538653],[28.786166,40.538671],[28.78623,40.538702],[28.786359,40.538744],[28.786455,40.538793],[28.786675,40.538887],[28.78673,40.538915],[28.786845,40.538978],[28.786964,40.539034],[28.787166,40.539156],[28.787235,40.539194],[28.787309,40.539243],[28.7874,40.539292],[28.78757,40.539386],[28.787667,40.539435],[28.787745,40.539487],[28.787841,40.539567],[28.787859,40.539616],[28.787878,40.539654],[28.787914,40.539721],[28.787965,40.53979],[28.787992,40.539857],[28.788052,40.539926],[28.788093,40.539944],[28.788112,40.539972],[28.788199,40.540007],[28.788281,40.540041],[28.788392,40.540111],[28.788451,40.540195],[28.788483,40.540293],[28.788516,40.540362],[28.78863,40.540512],[28.788695,40.540631],[28.788754,40.540833],[28.788841,40.541217],[28.788864,40.541297],[28.788892,40.54137],[28.788933,40.541457],[28.789025,40.541489],[28.789098,40.541548],[28.789204,40.541597],[28.78919,40.541646],[28.789241,40.541712],[28.789273,40.541747],[28.789282,40.541799],[28.789291,40.541858],[28.789342,40.541935],[28.789378,40.541974],[28.789401,40.541998],[28.78942,40.542078],[28.789475,40.542169],[28.789557,40.542287],[28.789608,40.542354],[28.789644,40.542455],[28.789672,40.542528],[28.789759,40.542657],[28.789819,40.542758],[28.789805,40.542866],[28.789833,40.542933],[28.789869,40.543034],[28.78998,40.543215],[28.790085,40.543382],[28.790163,40.543564],[28.790181,40.543648],[28.79014,40.543756],[28.790099,40.543832],[28.790122,40.543885],[28.790044,40.544038],[28.789901,40.54416],[28.789823,40.544181],[28.7897,40.544286],[28.789603,40.544383],[28.78964,40.544446],[28.789704,40.544453],[28.789713,40.544509],[28.789686,40.54454],[28.789644,40.54461],[28.789672,40.544645],[28.789695,40.54468],[28.789658,40.544743],[28.789672,40.544802],[28.789718,40.54484],[28.789778,40.544871],[28.789686,40.544913],[28.78969,40.544973],[28.789764,40.545022],[28.789821,40.545074],[28.789814,40.545137],[28.789782,40.545213],[28.789837,40.545269],[28.789897,40.545266],[28.78992,40.545297],[28.789966,40.545356],[28.789943,40.545412],[28.789883,40.545482],[28.78981,40.545583],[28.789814,40.545632],[28.789837,40.545716],[28.789851,40.545771],[28.789938,40.545817],[28.78992,40.545883],[28.789924,40.545942],[28.789998,40.545995],[28.790035,40.545984],[28.790044,40.546047],[28.790099,40.546134],[28.790154,40.546204],[28.790273,40.546246],[28.790301,40.54628],[28.79037,40.546343],[28.79036,40.546458],[28.790296,40.546619],[28.790319,40.546699],[28.790347,40.546783],[28.790402,40.546769],[28.790444,40.546747],[28.790498,40.546758],[28.790498,40.546818],[28.790558,40.546856],[28.790549,40.546908],[28.79059,40.54696],[28.790659,40.546964],[28.790709,40.546978],[28.790783,40.547023],[28.790847,40.547048],[28.790884,40.547048],[28.790934,40.547072],[28.790998,40.547083],[28.791081,40.547128],[28.791122,40.547205],[28.791159,40.547243],[28.79132,40.547334],[28.791457,40.547421],[28.791618,40.547613],[28.791645,40.54771],[28.791563,40.547773],[28.791544,40.547815],[28.791609,40.547804],[28.791687,40.547801],[28.791751,40.547832],[28.791843,40.547916],[28.791944,40.548066],[28.792013,40.548202],[28.792058,40.548345],[28.792035,40.548429],[28.791967,40.548488],[28.791857,40.548547],[28.791797,40.548606],[28.791756,40.548683],[28.791815,40.548715],[28.791898,40.548659],[28.791994,40.548655],[28.79199,40.548708],[28.791935,40.548791],[28.791957,40.548844],[28.792031,40.548892],[28.792063,40.548927],[28.79204,40.549116],[28.792003,40.54913],[28.791948,40.549175],[28.791976,40.549238],[28.792026,40.549307],[28.792031,40.549374],[28.792049,40.549464],[28.792026,40.549579],[28.79204,40.54967],[28.79204,40.54974],[28.792077,40.549799],[28.792169,40.549862],[28.792242,40.549911],[28.792283,40.549963],[28.792338,40.550075],[28.792384,40.550169],[28.792389,40.550224],[28.792453,40.550277],[28.792453,40.550336],[28.792449,40.550392],[28.792467,40.550444],[28.792582,40.55053],[28.792619,40.550606],[28.792669,40.550713],[28.79265,40.550772],[28.792577,40.550824],[28.792549,40.550866],[28.792536,40.550922],[28.792508,40.550978],[28.792521,40.551],[28.792545,40.551013],[28.792637,40.55103],[28.792669,40.551075],[28.792738,40.551075],[28.792779,40.55111],[28.792811,40.551169],[28.792875,40.551215],[28.792944,40.551215],[28.792985,40.551166],[28.793027,40.551145],[28.793086,40.551152],[28.793151,40.55119],[28.79321,40.551239],[28.793279,40.551288],[28.793334,40.55133],[28.793385,40.551421],[28.793412,40.551476],[28.793463,40.551515],[28.793527,40.551577],[28.793587,40.551633],[28.793688,40.551686],[28.793761,40.551724],[28.793867,40.551776]]]}}]}