{"type":"FeatureCollection","name":"turkiye_map.dist.mahalle_geometrileri_by_district.TR-D-34-015","features":[{"type":"Feature","properties":{"id":"TR-Y-34-015-M-0001","level":"yerlesim","type":"mahalle","parent_id":"TR-D-34-015","province_id":"TR-P-34","district_id":"TR-D-34-015","name":"Akalan","source_raw_name":"AKALAN","source":"Kullanıcı tarafından sağlanan KML","source_label":"Kullanıcı tarafından sağlanan KML","source_name":"Istanbul Mahalle KML"},"geometry":{"type":"Polygon","coordinates":[[[28.399342,41.285561],[28.399528,41.285444],[28.399679,41.285351],[28.399824,41.285182],[28.399884,41.284965],[28.399913,41.284753],[28.399903,41.284493],[28.399916,41.28431],[28.399946,41.28401],[28.400021,41.283834],[28.400136,41.283617],[28.400337,41.283378],[28.400578,41.283116],[28.400725,41.282893],[28.400792,41.282694],[28.400799,41.282422],[28.400834,41.282252],[28.400856,41.282004],[28.400853,41.281798],[28.400818,41.281626],[28.400745,41.281401],[28.400726,41.281253],[28.400748,41.280994],[28.400775,41.280823],[28.400841,41.280687],[28.400969,41.279495],[28.401187,41.278697],[28.401526,41.277974],[28.401778,41.277754],[28.401938,41.277271],[28.402214,41.277107],[28.402617,41.276796],[28.402975,41.276316],[28.403628,41.275896],[28.404248,41.275073],[28.404574,41.274877],[28.404861,41.274639],[28.405102,41.274383],[28.405222,41.274284],[28.405484,41.274111],[28.405795,41.273873],[28.406002,41.273723],[28.406075,41.273606],[28.406102,41.273488],[28.406091,41.273264],[28.406096,41.273098],[28.406147,41.272922],[28.406205,41.272787],[28.406317,41.272665],[28.406538,41.272603],[28.406922,41.272567],[28.407095,41.272528],[28.407363,41.272455],[28.407566,41.27247],[28.407814,41.272532],[28.408015,41.272659],[28.408138,41.272749],[28.408386,41.272806],[28.408669,41.272768],[28.408937,41.272683],[28.409214,41.272534],[28.409511,41.272249],[28.40972,41.272004],[28.409881,41.271829],[28.410213,41.271674],[28.410616,41.271497],[28.410876,41.271406],[28.41101,41.271361],[28.411285,41.271341],[28.411482,41.271279],[28.411654,41.271258],[28.411834,41.271278],[28.411996,41.271339],[28.412158,41.271453],[28.412387,41.271669],[28.412586,41.271843],[28.412777,41.272028],[28.412969,41.272208],[28.413153,41.272352],[28.413323,41.272431],[28.413531,41.27254],[28.413779,41.272662],[28.413926,41.272734],[28.414091,41.272858],[28.414243,41.273006],[28.414386,41.273125],[28.414542,41.273206],[28.414765,41.273276],[28.415042,41.27329],[28.415275,41.273296],[28.415476,41.273325],[28.415691,41.273352],[28.415872,41.273351],[28.416022,41.2733],[28.416329,41.273175],[28.416484,41.273153],[28.416608,41.273105],[28.416711,41.273044],[28.416832,41.272933],[28.41691,41.272811],[28.417,41.272702],[28.417095,41.272617],[28.417193,41.272572],[28.417299,41.272561],[28.417461,41.272579],[28.417605,41.272618],[28.41781,41.272687],[28.41802,41.27276],[28.418274,41.27279],[28.418503,41.272796],[28.418684,41.272772],[28.418857,41.272718],[28.418933,41.272656],[28.418966,41.27255],[28.41897,41.272378],[28.418916,41.272248],[28.418865,41.272177],[28.418715,41.272036],[28.418633,41.271948],[28.418601,41.271828],[28.418619,41.271606],[28.418634,41.271371],[28.418673,41.271215],[28.418756,41.271067],[28.418838,41.270955],[28.41895,41.270871],[28.41918,41.270781],[28.419438,41.270668],[28.419679,41.270545],[28.419863,41.270399],[28.420083,41.270212],[28.42024,41.270068],[28.420465,41.269869],[28.42055,41.269814],[28.420684,41.269746],[28.42083,41.269715],[28.421006,41.269691],[28.421165,41.269653],[28.4214,41.269577],[28.421597,41.269463],[28.421726,41.269375],[28.421855,41.269311],[28.422002,41.26926],[28.422335,41.269135],[28.422552,41.269061],[28.422646,41.269009],[28.422732,41.268914],[28.422806,41.268766],[28.422842,41.268544],[28.422847,41.268309],[28.422828,41.268209],[28.422778,41.268072],[28.422747,41.267892],[28.422697,41.267775],[28.422626,41.267645],[28.422523,41.267534],[28.422486,41.267441],[28.42249,41.267265],[28.422519,41.267139],[28.422587,41.267064],[28.422744,41.266936],[28.422818,41.266778],[28.422875,41.266596],[28.422892,41.266442],[28.422903,41.266123],[28.422928,41.26592],[28.422968,41.265763],[28.422984,41.265606],[28.423015,41.265418],[28.423049,41.26535],[28.423118,41.265175],[28.423161,41.265006],[28.423217,41.264852],[28.423282,41.264727],[28.423353,41.264633],[28.423505,41.264396],[28.423636,41.264209],[28.423707,41.264029],[28.423753,41.263871],[28.423802,41.263698],[28.42383,41.26356],[28.423859,41.263456],[28.42393,41.263302],[28.423987,41.263171],[28.424024,41.262983],[28.424064,41.262851],[28.424099,41.262754],[28.424136,41.26265],[28.424197,41.262591],[28.424262,41.262547],[28.424385,41.262476],[28.424483,41.262419],[28.424552,41.262349],[28.424609,41.262205],[28.424652,41.262063],[28.424715,41.26193],[28.424777,41.261839],[28.424885,41.26167],[28.424971,41.261486],[28.425015,41.261403],[28.425049,41.261301],[28.425071,41.261206],[28.425103,41.261132],[28.425163,41.261002],[28.425217,41.260915],[28.425257,41.260882],[28.425315,41.26086],[28.425395,41.260835],[28.425504,41.260827],[28.42564,41.260822],[28.425764,41.26082],[28.425897,41.260838],[28.426075,41.26094],[28.426184,41.261021],[28.426325,41.261161],[28.426414,41.261235],[28.426551,41.261308],[28.426723,41.261382],[28.426865,41.261413],[28.427043,41.261442],[28.427278,41.261426],[28.427523,41.26132],[28.427713,41.261229],[28.427845,41.261108],[28.427914,41.261011],[28.427994,41.260882],[28.428041,41.260772],[28.428096,41.260667],[28.428136,41.260535],[28.428159,41.260399],[28.428158,41.260227],[28.428187,41.26016],[28.428272,41.260008],[28.428357,41.259864],[28.428423,41.259717],[28.428494,41.259548],[28.42856,41.259452],[28.428679,41.25936],[28.428817,41.259278],[28.429003,41.259141],[28.4292,41.258983],[28.4294,41.258793],[28.429589,41.258628],[28.429854,41.258426],[28.43007,41.258276],[28.430244,41.258151],[28.430403,41.258032],[28.430482,41.257945],[28.430566,41.257804],[28.430869,41.257349],[28.431298,41.257265],[28.431771,41.257172],[28.432248,41.257089],[28.4325,41.257036],[28.432663,41.257008],[28.432866,41.256981],[28.433046,41.257013],[28.433177,41.257045],[28.433357,41.257064],[28.433563,41.257106],[28.433872,41.257217],[28.434082,41.257269],[28.43431,41.257289],[28.434662,41.257314],[28.434925,41.257337],[28.435111,41.257389],[28.43532,41.257458],[28.435506,41.257541],[28.435795,41.257699],[28.436022,41.257804],[28.436208,41.257864],[28.436425,41.257858],[28.43669,41.257813],[28.436966,41.257808],[28.437264,41.25783],[28.437522,41.257864],[28.437662,41.257888],[28.437891,41.257865],[28.438274,41.257782],[28.438604,41.257702],[28.438769,41.257695],[28.439004,41.257685],[28.439261,41.257715],[28.439624,41.25776],[28.439863,41.257808],[28.440066,41.257886],[28.440146,41.257984],[28.440277,41.258145],[28.440415,41.25828],[28.440564,41.258397],[28.44082,41.258515],[28.441005,41.25862],[28.441109,41.258665],[28.44158,41.258637],[28.442379,41.258344],[28.443375,41.25798],[28.443897,41.257662],[28.44429,41.257499],[28.445353,41.25722],[28.44604,41.256977],[28.446043,41.256976],[28.446488,41.256281],[28.446586,41.25522],[28.446842,41.254547],[28.445205,41.254965],[28.443349,41.254122],[28.441357,41.253253],[28.44112,41.252707],[28.440832,41.250374],[28.440983,41.249708],[28.440984,41.249244],[28.441123,41.249057],[28.441281,41.248939],[28.441155,41.248662],[28.440954,41.248085],[28.440898,41.247636],[28.440802,41.247263],[28.440776,41.246689],[28.440803,41.246264],[28.440526,41.246115],[28.440478,41.246071],[28.440385,41.245904],[28.440252,41.245799],[28.440135,41.245714],[28.44004,41.245637],[28.439962,41.245592],[28.439853,41.245561],[28.439713,41.245529],[28.439547,41.245471],[28.439337,41.245418],[28.439188,41.245386],[28.439013,41.245377],[28.438859,41.245348],[28.438711,41.245307],[28.438519,41.245228],[28.43835,41.245119],[28.438182,41.244991],[28.437988,41.244845],[28.43784,41.24477],[28.437767,41.2447],[28.437539,41.244468],[28.437312,41.244229],[28.43718,41.244054],[28.43725,41.243847],[28.43744,41.242866],[28.437341,41.241887],[28.437225,41.241036],[28.436635,41.240178],[28.43483,41.237312],[28.434393,41.236944],[28.434028,41.236471],[28.433565,41.235871],[28.433272,41.235493],[28.433021,41.235161],[28.432821,41.235041],[28.432462,41.234831],[28.432174,41.234672],[28.431732,41.234421],[28.431284,41.234129],[28.430822,41.233824],[28.430664,41.233169],[28.430667,41.232723],[28.430675,41.232204],[28.43067,41.231705],[28.430638,41.231165],[28.430595,41.230485],[28.430915,41.230037],[28.431109,41.229473],[28.431273,41.229206],[28.431561,41.228743],[28.43185,41.228273],[28.43164,41.227928],[28.431517,41.227395],[28.431513,41.226831],[28.43138,41.226511],[28.431447,41.225889],[28.431519,41.225229],[28.431589,41.224707],[28.431627,41.224467],[28.43162,41.224022],[28.431522,41.223773],[28.431438,41.223443],[28.431333,41.223006],[28.431225,41.222755],[28.431078,41.222398],[28.431115,41.222165],[28.431151,41.221919],[28.431174,41.221766],[28.43116,41.221749],[28.430356,41.220813],[28.428958,41.220914],[28.427749,41.220994],[28.427688,41.22087],[28.426692,41.221312],[28.426378,41.221521],[28.426233,41.221608],[28.426022,41.22173],[28.425465,41.22205],[28.425027,41.222297],[28.425203,41.222586],[28.425147,41.222758],[28.424425,41.222556],[28.424201,41.222716],[28.423846,41.222952],[28.423856,41.223047],[28.423888,41.223286],[28.423913,41.223569],[28.424174,41.223857],[28.423724,41.224045],[28.422926,41.224083],[28.421717,41.22416],[28.420302,41.224242],[28.418905,41.224325],[28.418089,41.224366],[28.417709,41.224344],[28.417105,41.224326],[28.416651,41.224352],[28.416651,41.224352],[28.416651,41.224352],[28.416626,41.224388],[28.416512,41.224546],[28.41639,41.224723],[28.416205,41.224887],[28.416071,41.225035],[28.415933,41.225201],[28.415885,41.225245],[28.415272,41.227316],[28.41523,41.228338],[28.415029,41.229132],[28.414988,41.230326],[28.414492,41.230218],[28.412878,41.229841],[28.41142,41.229511],[28.410752,41.229732],[28.409305,41.230212],[28.407762,41.230735],[28.405959,41.23137],[28.404728,41.231822],[28.404151,41.231839],[28.403909,41.231846],[28.403614,41.231975],[28.403299,41.232111],[28.402929,41.232275],[28.402429,41.232377],[28.401862,41.232498],[28.401263,41.232626],[28.400505,41.232781],[28.399797,41.232926],[28.399066,41.233079],[28.398409,41.233148],[28.397976,41.233231],[28.397536,41.233315],[28.396889,41.233567],[28.396897,41.233592],[28.397048,41.233883],[28.397241,41.234261],[28.397299,41.234391],[28.397307,41.234624],[28.397372,41.23482],[28.397395,41.23497],[28.397489,41.23525],[28.397674,41.235628],[28.397754,41.235768],[28.397907,41.23598],[28.398089,41.236248],[28.39814,41.236348],[28.398242,41.236655],[28.398243,41.236997],[28.398268,41.237405],[28.398228,41.237574],[28.398052,41.237777],[28.397987,41.237902],[28.39802,41.237989],[28.398118,41.238143],[28.398186,41.238234],[28.398242,41.238282],[28.398253,41.238605],[28.398079,41.239243],[28.396929,41.24018],[28.397271,41.240862],[28.397396,41.241411],[28.39756,41.241867],[28.396934,41.242513],[28.396738,41.242716],[28.396409,41.243471],[28.396171,41.244576],[28.395321,41.245355],[28.395248,41.245779],[28.395019,41.246161],[28.395457,41.246584],[28.395262,41.246889],[28.395387,41.247764],[28.395673,41.248405],[28.395355,41.249061],[28.395309,41.249249],[28.395762,41.249901],[28.395731,41.25031],[28.395841,41.250508],[28.395801,41.250869],[28.396036,41.251046],[28.396359,41.251475],[28.396872,41.252237],[28.397027,41.252735],[28.396712,41.252841],[28.396447,41.253002],[28.396127,41.253289],[28.395663,41.253495],[28.395324,41.253726],[28.395119,41.25403],[28.395044,41.254509],[28.394854,41.255057],[28.394765,41.255276],[28.394325,41.255372],[28.393593,41.255457],[28.392892,41.256816],[28.392888,41.257854],[28.392877,41.258727],[28.392567,41.259024],[28.392361,41.259367],[28.391965,41.259779],[28.392018,41.260157],[28.392434,41.260611],[28.392868,41.261616],[28.393145,41.262242],[28.393062,41.262658],[28.393047,41.263263],[28.392898,41.263796],[28.392853,41.264378],[28.392833,41.264771],[28.39296,41.265095],[28.39359,41.265765],[28.393655,41.266112],[28.3937,41.266388],[28.393821,41.266571],[28.393761,41.266892],[28.393754,41.267175],[28.393686,41.26741],[28.393534,41.267652],[28.393362,41.267854],[28.393417,41.268146],[28.393473,41.26843],[28.393448,41.268587],[28.393267,41.268758],[28.392954,41.269163],[28.392842,41.269491],[28.392729,41.269844],[28.39277,41.270309],[28.392939,41.270634],[28.393049,41.270816],[28.393245,41.270921],[28.393285,41.271008],[28.393146,41.271116],[28.393048,41.271312],[28.393032,41.27154],[28.393014,41.271838],[28.392913,41.272128],[28.392897,41.272364],[28.392941,41.272687],[28.392918,41.27319],[28.392869,41.273489],[28.392875,41.273662],[28.392956,41.273781],[28.39289,41.273922],[28.392845,41.274055],[28.392851,41.274236],[28.392878,41.274386],[28.392995,41.274718],[28.393212,41.275232],[28.393238,41.275468],[28.39336,41.275604],[28.393546,41.275646],[28.394296,41.275688],[28.394587,41.275723],[28.394585,41.275802],[28.39429,41.275924],[28.393786,41.276066],[28.393533,41.276181],[28.393427,41.276242],[28.393404,41.27636],[28.393471,41.276581],[28.393489,41.276715],[28.393432,41.276887],[28.393406,41.277131],[28.393419,41.27743],[28.393533,41.27788],[28.393559,41.278093],[28.393648,41.278283],[28.393895,41.278428],[28.393767,41.278536],[28.393682,41.278629],[28.393678,41.278763],[28.393918,41.279215],[28.394155,41.279745],[28.394265,41.279928],[28.394634,41.280185],[28.395006,41.280355],[28.395224,41.280398],[28.395494,41.280417],[28.395829,41.280375],[28.396079,41.280386],[28.396088,41.280465],[28.395829,41.280784],[28.395827,41.28087],[28.396052,41.28107],[28.396367,41.281413],[28.396551,41.281549],[28.396718,41.281551],[28.396939,41.281491],[28.397179,41.281463],[28.39724,41.281543],[28.39707,41.281659],[28.396911,41.281774],[28.396906,41.281947],[28.397128,41.282281],[28.397267,41.282558],[28.397329,41.283015],[28.398006,41.283465],[28.398195,41.28383],[28.398624,41.284221],[28.398687,41.284623],[28.399095,41.284991],[28.399342,41.285561]]]}},{"type":"Feature","properties":{"id":"TR-Y-34-015-M-0002","level":"yerlesim","type":"mahalle","parent_id":"TR-D-34-015","province_id":"TR-P-34","district_id":"TR-D-34-015","name":"Atatürk","source_raw_name":"ATATÜRK","source":"Kullanıcı tarafından sağlanan KML","source_label":"Kullanıcı tarafından sağlanan KML","source_name":"Istanbul Mahalle KML"},"geometry":{"type":"Polygon","coordinates":[[[28.15711,41.358805],[28.156725,41.358837],[28.154258,41.359015],[28.153459,41.359037],[28.152857,41.358985],[28.151912,41.358816],[28.148489,41.35816],[28.148363,41.3583],[28.148049,41.358406],[28.147222,41.358442],[28.146961,41.358394],[28.146067,41.35791],[28.145864,41.357851],[28.145098,41.358024],[28.14469,41.357993],[28.143644,41.358217],[28.143235,41.358242],[28.142707,41.358457],[28.142339,41.358789],[28.142047,41.358861],[28.141697,41.358998],[28.141477,41.359163],[28.141285,41.359212],[28.141035,41.359331],[28.140553,41.359422],[28.140198,41.359553],[28.139819,41.359596],[28.139343,41.359752],[28.139188,41.359829],[28.139091,41.359898],[28.138883,41.359952],[28.138424,41.359965],[28.13817,41.360032],[28.137669,41.360287],[28.137389,41.360495],[28.13729,41.360552],[28.137101,41.36062],[28.136992,41.360619],[28.136588,41.360561],[28.136496,41.36057],[28.136217,41.360683],[28.136064,41.360695],[28.135932,41.360731],[28.135625,41.360913],[28.135247,41.361447],[28.135138,41.361531],[28.134407,41.362212],[28.133868,41.362746],[28.133084,41.363247],[28.132401,41.363675],[28.132409,41.363679],[28.132369,41.36377],[28.132326,41.363879],[28.132292,41.36403],[28.132207,41.364126],[28.131965,41.364505],[28.131809,41.364637],[28.131509,41.364856],[28.131271,41.365061],[28.131153,41.365286],[28.130982,41.365477],[28.130722,41.365772],[28.130481,41.365994],[28.130018,41.366266],[28.12953,41.366569],[28.129414,41.366684],[28.129161,41.366764],[28.12856,41.366874],[28.128165,41.366935],[28.127938,41.367018],[28.127513,41.367318],[28.127329,41.367399],[28.127041,41.367417],[28.126805,41.367455],[28.126642,41.367505],[28.126509,41.367535],[28.126188,41.367543],[28.125837,41.367547],[28.1256,41.36764],[28.125312,41.36766],[28.125067,41.367684],[28.124895,41.367691],[28.124684,41.367792],[28.124416,41.368019],[28.124246,41.368208],[28.124181,41.368374],[28.124103,41.368561],[28.124007,41.368697],[28.123872,41.368802],[28.123667,41.368925],[28.123467,41.369086],[28.12336,41.369144],[28.123201,41.369152],[28.123095,41.369162],[28.122971,41.369195],[28.122684,41.369322],[28.122532,41.369408],[28.122371,41.369512],[28.122174,41.369696],[28.122004,41.369852],[28.12182,41.370119],[28.121384,41.370577],[28.121162,41.370754],[28.120906,41.371065],[28.120848,41.371435],[28.120937,41.371631],[28.120891,41.371803],[28.120408,41.372649],[28.120169,41.373004],[28.120017,41.373364],[28.119932,41.373465],[28.119747,41.373581],[28.119471,41.373975],[28.119212,41.374183],[28.118899,41.374851],[28.118819,41.375593],[28.11872,41.375976],[28.118668,41.376352],[28.11855,41.376566],[28.118413,41.376852],[28.118352,41.377116],[28.11826,41.377473],[28.118214,41.377632],[28.118086,41.377811],[28.117781,41.378191],[28.117455,41.378491],[28.117221,41.378855],[28.116948,41.379151],[28.116753,41.3794],[28.116681,41.379656],[28.116532,41.379919],[28.11631,41.380097],[28.116087,41.380292],[28.115922,41.380497],[28.115674,41.380754],[28.11516,41.381255],[28.115058,41.381346],[28.114856,41.381409],[28.114638,41.381419],[28.11439,41.381464],[28.114189,41.381522],[28.113911,41.381566],[28.113569,41.381636],[28.112586,41.381868],[28.112105,41.382046],[28.111695,41.382203],[28.111465,41.382261],[28.111086,41.382352],[28.110799,41.38233],[28.110574,41.382379],[28.110436,41.382461],[28.110184,41.382457],[28.10969,41.382484],[28.10936,41.382501],[28.109005,41.382583],[28.108511,41.382805],[28.10835,41.382891],[28.10779,41.38336],[28.107164,41.38408],[28.106654,41.384642],[28.106387,41.384912],[28.106278,41.38503],[28.106234,41.385135],[28.106179,41.385413],[28.106086,41.385584],[28.105995,41.385667],[28.105811,41.385757],[28.105625,41.386086],[28.104911,41.386392],[28.104697,41.386473],[28.104391,41.386486],[28.103343,41.386553],[28.103102,41.386549],[28.102658,41.386462],[28.102062,41.386346],[28.101158,41.386317],[28.1006,41.386304],[28.100333,41.386184],[28.100225,41.38609],[28.099906,41.385929],[28.099842,41.385897],[28.099522,41.38579],[28.099284,41.385516],[28.099033,41.385256],[28.099012,41.385167],[28.098427,41.384657],[28.098102,41.384306],[28.097989,41.384353],[28.097989,41.384353],[28.097993,41.384357],[28.098141,41.384744],[28.098648,41.385641],[28.098809,41.386017],[28.098988,41.386669],[28.099031,41.387016],[28.099119,41.387317],[28.099186,41.387757],[28.099331,41.388199],[28.099324,41.388459],[28.099206,41.388869],[28.099011,41.389232],[28.099064,41.389506],[28.099093,41.389713],[28.099041,41.390311],[28.099065,41.390678],[28.098918,41.390895],[28.098885,41.391128],[28.098841,41.392032],[28.09855,41.392321],[28.098741,41.392717],[28.098926,41.393652],[28.099025,41.394166],[28.099232,41.394649],[28.099534,41.395786],[28.100066,41.399061],[28.100363,41.399782],[28.1005,41.400276],[28.100516,41.400476],[28.100558,41.400708],[28.100989,41.401663],[28.101214,41.402077],[28.101407,41.402503],[28.10154,41.402929],[28.101648,41.404228],[28.102576,41.404243],[28.107938,41.404425],[28.108445,41.404445],[28.109108,41.404298],[28.109618,41.404009],[28.109879,41.403952],[28.110762,41.404402],[28.111026,41.404597],[28.111237,41.404772],[28.111707,41.404966],[28.111819,41.4052],[28.112007,41.405394],[28.112451,41.405723],[28.112481,41.406016],[28.112544,41.406253],[28.112729,41.406589],[28.112938,41.406825],[28.113425,41.407142],[28.113661,41.407223],[28.114069,41.407486],[28.114533,41.40766],[28.115925,41.407711],[28.116291,41.407766],[28.116461,41.407858],[28.117251,41.40816],[28.117525,41.408193],[28.117922,41.408094],[28.1183,41.407905],[28.118462,41.407932],[28.118755,41.408254],[28.118956,41.408379],[28.119349,41.408442],[28.119689,41.408639],[28.119924,41.409098],[28.120334,41.409276],[28.120993,41.409287],[28.121592,41.409475],[28.122027,41.409556],[28.122286,41.409564],[28.12241,41.40957],[28.122006,41.410084],[28.121797,41.41043],[28.121776,41.410576],[28.121892,41.410684],[28.121916,41.410774],[28.121562,41.411077],[28.121404,41.411319],[28.121368,41.411448],[28.121552,41.411809],[28.121559,41.411919],[28.121474,41.41206],[28.12123,41.412105],[28.120973,41.412222],[28.120865,41.4124],[28.120931,41.412563],[28.120709,41.412954],[28.120549,41.413236],[28.120272,41.413313],[28.120053,41.413411],[28.119988,41.413605],[28.119988,41.413784],[28.119645,41.414067],[28.119581,41.414225],[28.119461,41.414479],[28.119012,41.415041],[28.118434,41.415829],[28.118189,41.416052],[28.117975,41.416374],[28.117399,41.416877],[28.117031,41.417095],[28.116654,41.417251],[28.116483,41.417366],[28.116087,41.417783],[28.11573,41.418387],[28.115538,41.418872],[28.115488,41.419294],[28.115163,41.420061],[28.114978,41.420286],[28.114802,41.420397],[28.114646,41.420585],[28.114595,41.420837],[28.114453,41.421074],[28.114186,41.421155],[28.114127,41.421337],[28.114025,41.421503],[28.113754,41.421718],[28.113198,41.42227],[28.113013,41.422523],[28.11286,41.422927],[28.112838,41.423154],[28.112721,41.423636],[28.112567,41.423736],[28.112488,41.423848],[28.112488,41.424066],[28.112286,41.424865],[28.112189,41.425029],[28.111944,41.425148],[28.111857,41.425328],[28.111904,41.425471],[28.111843,41.425644],[28.111811,41.425855],[28.111705,41.426008],[28.111411,41.426254],[28.111245,41.42649],[28.111202,41.426736],[28.111335,41.427459],[28.111176,41.427823],[28.11126,41.428102],[28.111045,41.428433],[28.111073,41.428727],[28.11148,41.428984],[28.111415,41.429091],[28.111255,41.429138],[28.111077,41.429286],[28.111049,41.429544],[28.111229,41.430044],[28.111261,41.430176],[28.111266,41.430172],[28.112114,41.429763],[28.112797,41.429414],[28.113443,41.429107],[28.114281,41.428705],[28.114893,41.428407],[28.115694,41.428011],[28.116373,41.427687],[28.117145,41.427322],[28.11818,41.426838],[28.119068,41.426399],[28.119661,41.426135],[28.120482,41.425726],[28.121477,41.425243],[28.121958,41.425],[28.122651,41.424636],[28.123058,41.424417],[28.123835,41.423982],[28.124489,41.423639],[28.125237,41.423228],[28.125681,41.422978],[28.126177,41.422709],[28.12692,41.4223],[28.127409,41.422033],[28.127719,41.421859],[28.12812,41.421643],[28.128547,41.421414],[28.12899,41.421177],[28.129348,41.420987],[28.12981,41.420725],[28.130171,41.420534],[28.130548,41.420328],[28.130914,41.420133],[28.131142,41.420019],[28.131378,41.419881],[28.131726,41.419694],[28.131976,41.419547],[28.132424,41.419306],[28.132835,41.419085],[28.133198,41.418894],[28.133578,41.418686],[28.13388,41.418544],[28.134078,41.418466],[28.13435,41.418376],[28.134883,41.418251],[28.13576,41.418116],[28.136358,41.418031],[28.136872,41.417945],[28.137362,41.417878],[28.137711,41.417831],[28.138057,41.417781],[28.138592,41.417712],[28.139022,41.41765],[28.139628,41.417563],[28.140522,41.417434],[28.14126,41.417325],[28.141816,41.417248],[28.142593,41.417132],[28.143232,41.417045],[28.144047,41.416932],[28.144554,41.416851],[28.145226,41.416762],[28.14569,41.416702],[28.146309,41.41661],[28.146764,41.416543],[28.147338,41.416461],[28.147813,41.416387],[28.148761,41.416237],[28.149363,41.416137],[28.150168,41.41599],[28.150648,41.415906],[28.151316,41.415788],[28.152157,41.415637],[28.1528,41.415529],[28.15307,41.415481],[28.153651,41.41538],[28.154596,41.415209],[28.155349,41.415077],[28.156101,41.414942],[28.156644,41.414849],[28.157561,41.414683],[28.158278,41.414547],[28.158818,41.414448],[28.159511,41.414323],[28.160106,41.414223],[28.160477,41.414155],[28.160893,41.414083],[28.161131,41.41405],[28.161501,41.413998],[28.161884,41.413952],[28.162053,41.41394],[28.162376,41.413932],[28.16276,41.413944],[28.163035,41.413961],[28.163209,41.413974],[28.163348,41.413982],[28.163813,41.414052],[28.164124,41.414107],[28.16453,41.414163],[28.165005,41.414236],[28.16556,41.414324],[28.165941,41.414388],[28.166195,41.414421],[28.166333,41.414438],[28.166525,41.414452],[28.166702,41.414457],[28.166904,41.414453],[28.167104,41.414422],[28.167349,41.414366],[28.167486,41.414326],[28.167711,41.414253],[28.168066,41.414131],[28.168411,41.414005],[28.16917,41.41375],[28.169881,41.413478],[28.170433,41.413303],[28.170742,41.413211],[28.17171,41.412969],[28.172222,41.412844],[28.172846,41.412699],[28.173297,41.412615],[28.173711,41.412521],[28.173914,41.412493],[28.174092,41.412472],[28.174308,41.412465],[28.174468,41.412489],[28.174616,41.412531],[28.174744,41.412572],[28.174991,41.412683],[28.1754,41.412879],[28.175662,41.412998],[28.175895,41.413122],[28.176222,41.413261],[28.176467,41.413331],[28.176679,41.41336],[28.17685,41.41336],[28.176986,41.413347],[28.177154,41.413315],[28.177428,41.413241],[28.177646,41.41314],[28.17784,41.413059],[28.17808,41.412955],[28.178387,41.412805],[28.178814,41.412605],[28.17904,41.412498],[28.179333,41.412364],[28.179611,41.412238],[28.18006,41.412019],[28.18037,41.411888],[28.18049,41.411945],[28.180947,41.412183],[28.181219,41.412279],[28.181491,41.41238],[28.181753,41.412481],[28.181978,41.412537],[28.182408,41.412591],[28.182759,41.412641],[28.183115,41.412704],[28.183396,41.412774],[28.183535,41.412809],[28.183635,41.41286],[28.183761,41.412914],[28.183915,41.412985],[28.184086,41.413051],[28.184234,41.413123],[28.184413,41.413198],[28.184579,41.413244],[28.184707,41.413272],[28.184859,41.413312],[28.184998,41.413327],[28.185182,41.413325],[28.185335,41.413322],[28.185475,41.41332],[28.185623,41.413325],[28.185893,41.413267],[28.186416,41.413119],[28.186794,41.412891],[28.186843,41.412836],[28.186911,41.412795],[28.187082,41.412682],[28.187213,41.412621],[28.187648,41.412409],[28.187821,41.412294],[28.188038,41.41211],[28.188305,41.411981],[28.188587,41.411879],[28.188837,41.411824],[28.189082,41.411747],[28.189306,41.411684],[28.189302,41.411426],[28.189273,41.41117],[28.189293,41.411113],[28.189473,41.411012],[28.189694,41.410947],[28.189911,41.410862],[28.190059,41.410783],[28.190093,41.410214],[28.190159,41.409529],[28.190195,41.409197],[28.190234,41.408822],[28.190223,41.408576],[28.190185,41.408507],[28.189844,41.408208],[28.189679,41.408029],[28.189519,41.407843],[28.189444,41.407746],[28.18927,41.407525],[28.189091,41.407287],[28.188973,41.407132],[28.188909,41.407038],[28.188833,41.406956],[28.188761,41.406917],[28.188749,41.40686],[28.188859,41.406679],[28.189075,41.406371],[28.189255,41.406103],[28.189434,41.405851],[28.189646,41.405544],[28.189881,41.405212],[28.190046,41.404974],[28.190242,41.404685],[28.190427,41.404443],[28.190619,41.404141],[28.190751,41.403925],[28.190923,41.403646],[28.191032,41.403456],[28.191206,41.403192],[28.191346,41.402953],[28.191543,41.402628],[28.191736,41.402315],[28.191879,41.402018],[28.191985,41.401794],[28.192111,41.4015],[28.192243,41.401186],[28.192375,41.400855],[28.192478,41.400615],[28.192587,41.400341],[28.192703,41.400051],[28.192779,41.399875],[28.192856,41.399684],[28.192919,41.399544],[28.192977,41.399432],[28.193037,41.399315],[28.193117,41.399191],[28.193217,41.399049],[28.19331,41.398915],[28.193415,41.398792],[28.193594,41.398546],[28.193886,41.398196],[28.194281,41.397687],[28.1945,41.397419],[28.194725,41.397128],[28.194931,41.396866],[28.195198,41.396547],[28.195379,41.396318],[28.19559,41.396056],[28.195769,41.395831],[28.195915,41.395639],[28.196137,41.395365],[28.196333,41.395154],[28.196487,41.394971],[28.196647,41.394767],[28.196804,41.394559],[28.196806,41.394557],[28.196798,41.394551],[28.196522,41.394352],[28.196477,41.393706],[28.19602,41.393628],[28.196005,41.393392],[28.195916,41.393225],[28.19582,41.392893],[28.195546,41.392606],[28.195377,41.392312],[28.19526,41.391987],[28.194876,41.391549],[28.194737,41.391263],[28.194334,41.3911],[28.194447,41.39081],[28.19385,41.390478],[28.193703,41.39013],[28.192793,41.389408],[28.192265,41.388872],[28.191712,41.388454],[28.191352,41.38826],[28.190666,41.387376],[28.19027,41.387338],[28.189639,41.387486],[28.189054,41.386753],[28.188848,41.386277],[28.188457,41.386051],[28.1879,41.385814],[28.187656,41.385558],[28.187645,41.385188],[28.187004,41.384588],[28.186854,41.383956],[28.186218,41.383241],[28.185469,41.382946],[28.18494,41.38211],[28.185,41.381186],[28.18473,41.380761],[28.184376,41.380415],[28.183695,41.379762],[28.183549,41.379707],[28.183441,41.379595],[28.1831,41.379178],[28.18306,41.378704],[28.182719,41.378295],[28.182734,41.378181],[28.183013,41.378092],[28.183076,41.377912],[28.18302,41.377623],[28.182822,41.37735],[28.182595,41.37728],[28.182515,41.377376],[28.182481,41.37757],[28.182347,41.377621],[28.182148,41.37744],[28.181965,41.377261],[28.181442,41.376588],[28.181259,41.376343],[28.181158,41.376206],[28.180992,41.375912],[28.180899,41.375748],[28.180963,41.37559],[28.181059,41.375496],[28.181256,41.375302],[28.181207,41.375117],[28.180912,41.374783],[28.180909,41.374594],[28.181011,41.374329],[28.180839,41.374022],[28.180865,41.373885],[28.180512,41.373464],[28.180311,41.373273],[28.179951,41.372929],[28.179668,41.372536],[28.179442,41.372531],[28.179407,41.372508],[28.179457,41.372435],[28.179451,41.372407],[28.179406,41.372151],[28.179282,41.372128],[28.179272,41.371903],[28.178927,41.371652],[28.178915,41.371432],[28.17884,41.371382],[28.178617,41.371514],[28.178332,41.371749],[28.178132,41.37198],[28.177953,41.372182],[28.177876,41.372276],[28.177268,41.372692],[28.177142,41.372935],[28.176644,41.373269],[28.176354,41.373384],[28.176249,41.373522],[28.175808,41.373667],[28.175346,41.373593],[28.174915,41.373675],[28.174601,41.373754],[28.174171,41.373801],[28.173653,41.37404],[28.173267,41.374406],[28.173199,41.374502],[28.172858,41.374957],[28.172559,41.375134],[28.172223,41.375389],[28.171176,41.376669],[28.171041,41.376884],[28.170868,41.376762],[28.17046,41.376339],[28.169404,41.375461],[28.169146,41.374866],[28.168593,41.374468],[28.168548,41.374414],[28.168428,41.374206],[28.167909,41.373171],[28.167541,41.372599],[28.167063,41.371783],[28.166486,41.370582],[28.166415,41.370309],[28.166168,41.369886],[28.165967,41.369541],[28.165363,41.368717],[28.164792,41.36787],[28.164529,41.367453],[28.164324,41.367219],[28.164121,41.366939],[28.16371,41.366501],[28.163456,41.366073],[28.163374,41.365918],[28.16311,41.365294],[28.162956,41.36518],[28.162862,41.364901],[28.162756,41.364486],[28.162553,41.363916],[28.162406,41.363578],[28.162278,41.363393],[28.162096,41.363189],[28.161764,41.363013],[28.161697,41.362882],[28.16147,41.362607],[28.161133,41.362348],[28.160723,41.362164],[28.160445,41.362012],[28.160042,41.361876],[28.159872,41.361773],[28.159689,41.361599],[28.159569,41.36142],[28.15926,41.360713],[28.159104,41.360421],[28.158877,41.36014],[28.1583,41.359753],[28.158195,41.359604],[28.157917,41.359446],[28.157654,41.359348],[28.157275,41.359176],[28.157042,41.35909],[28.157006,41.359013],[28.15711,41.358805]]]}},{"type":"Feature","properties":{"id":"TR-Y-34-015-M-0003","level":"yerlesim","type":"mahalle","parent_id":"TR-D-34-015","province_id":"TR-P-34","district_id":"TR-D-34-015","name":"Aydınlar","source_raw_name":"AYDINLAR","source":"Kullanıcı tarafından sağlanan KML","source_label":"Kullanıcı tarafından sağlanan KML","source_name":"Istanbul Mahalle KML"},"geometry":{"type":"Polygon","coordinates":[[[28.205022,41.396972],[28.205213,41.396741],[28.20538,41.396804],[28.205704,41.396938],[28.206328,41.396592],[28.206713,41.396528],[28.207105,41.396955],[28.207705,41.396763],[28.207548,41.396222],[28.207885,41.395984],[28.208443,41.396483],[28.208661,41.396377],[28.208456,41.396152],[28.208074,41.395723],[28.207881,41.395172],[28.20781,41.394972],[28.208686,41.394764],[28.210228,41.394576],[28.210415,41.394373],[28.210616,41.394164],[28.210961,41.393864],[28.211333,41.393352],[28.21158,41.393009],[28.211714,41.392581],[28.211774,41.392076],[28.211846,41.391498],[28.211892,41.39114],[28.212196,41.390811],[28.212354,41.390641],[28.212427,41.390689],[28.212776,41.390726],[28.213712,41.390754],[28.215022,41.3908],[28.215652,41.39082],[28.215943,41.391126],[28.216189,41.391388],[28.21638,41.391551],[28.216376,41.391813],[28.216371,41.392434],[28.216368,41.392735],[28.216575,41.393141],[28.216917,41.393417],[28.217366,41.393665],[28.217796,41.393915],[28.218278,41.393993],[28.218681,41.394052],[28.21889,41.394548],[28.219026,41.395169],[28.219105,41.395359],[28.219647,41.395389],[28.220238,41.395178],[28.22098,41.394549],[28.222024,41.393044],[28.22276,41.392584],[28.223697,41.392451],[28.226003,41.393714],[28.229314,41.394909],[28.230922,41.396245],[28.232116,41.396892],[28.232821,41.397092],[28.233478,41.397018],[28.233704,41.396885],[28.234248,41.396369],[28.234701,41.395044],[28.234848,41.391668],[28.234777,41.390692],[28.235006,41.389961],[28.235533,41.389518],[28.236406,41.389175],[28.237289,41.388999],[28.238216,41.389203],[28.23907,41.389572],[28.23969,41.389823],[28.241882,41.390161],[28.242758,41.390227],[28.243111,41.390568],[28.243285,41.393392],[28.243387,41.395292],[28.244125,41.396342],[28.245959,41.396517],[28.247167,41.395654],[28.247829,41.394856],[28.24842,41.393575],[28.248302,41.392283],[28.24614,41.39031],[28.245747,41.389381],[28.24557,41.387154],[28.245942,41.386279],[28.246812,41.385526],[28.247965,41.385638],[28.248557,41.386413],[28.248584,41.387473],[28.24921,41.388563],[28.250063,41.388943],[28.251748,41.388979],[28.254142,41.389047],[28.256664,41.390553],[28.258845,41.391824],[28.259672,41.392141],[28.260045,41.392797],[28.259627,41.393315],[28.260193,41.394562],[28.261005,41.395455],[28.261628,41.395601],[28.262938,41.395065],[28.263579,41.395032],[28.263935,41.395258],[28.264499,41.396053],[28.264735,41.396623],[28.265612,41.397171],[28.26617,41.397159],[28.267831,41.396481],[28.269845,41.395651],[28.270387,41.395187],[28.270218,41.394755],[28.269584,41.394483],[28.26944,41.394135],[28.2704,41.393656],[28.270984,41.393592],[28.270987,41.393591],[28.271212,41.392912],[28.270966,41.392391],[28.270636,41.390819],[28.270833,41.390416],[28.270801,41.389521],[28.270718,41.389128],[28.270621,41.388609],[28.270501,41.386817],[28.27029,41.386366],[28.269362,41.385653],[28.269005,41.385102],[28.269125,41.384083],[28.268466,41.38301],[28.267667,41.380942],[28.268376,41.380127],[28.269513,41.37925],[28.270677,41.378078],[28.271448,41.376999],[28.273707,41.375159],[28.273714,41.372795],[28.272899,41.3713],[28.271809,41.371088],[28.270536,41.370104],[28.268347,41.369302],[28.265872,41.368817],[28.264848,41.368941],[28.264547,41.368405],[28.264369,41.366749],[28.264533,41.365328],[28.2646,41.364377],[28.264727,41.363136],[28.264207,41.36227],[28.263945,41.36111],[28.263631,41.360373],[28.262918,41.359678],[28.262703,41.358747],[28.262144,41.357778],[28.262353,41.35738],[28.262946,41.356957],[28.263587,41.356458],[28.264045,41.356261],[28.264406,41.354829],[28.264742,41.353448],[28.265357,41.351041],[28.26492,41.350293],[28.264202,41.348995],[28.263469,41.3477],[28.263339,41.347536],[28.26312,41.347368],[28.262948,41.347288],[28.262655,41.347207],[28.262053,41.347136],[28.261638,41.347088],[28.259546,41.346912],[28.257204,41.346704],[28.252913,41.346313],[28.252537,41.346246],[28.252085,41.346087],[28.251802,41.346168],[28.251617,41.346174],[28.250886,41.346062],[28.250355,41.345933],[28.250112,41.345862],[28.250026,41.345777],[28.249409,41.345374],[28.248899,41.344931],[28.248661,41.344777],[28.248317,41.344619],[28.247781,41.344473],[28.247486,41.344358],[28.247421,41.344265],[28.246996,41.34427],[28.246843,41.344284],[28.246761,41.344318],[28.246236,41.344639],[28.245902,41.345024],[28.245796,41.345095],[28.245591,41.34513],[28.245389,41.345137],[28.245176,41.345117],[28.244932,41.345073],[28.244721,41.345017],[28.244575,41.345016],[28.244513,41.34503],[28.244142,41.345208],[28.243236,41.345507],[28.243082,41.345522],[28.24288,41.345508],[28.242545,41.345513],[28.242439,41.34553],[28.24231,41.345617],[28.242252,41.345703],[28.242136,41.345767],[28.242035,41.345787],[28.241808,41.34579],[28.241694,41.345765],[28.241585,41.345716],[28.241515,41.345649],[28.241273,41.345185],[28.241048,41.344922],[28.240867,41.344792],[28.240613,41.344657],[28.240521,41.344591],[28.240342,41.344531],[28.239961,41.34449],[28.239785,41.344423],[28.239563,41.34442],[28.23932,41.344434],[28.238936,41.344419],[28.238546,41.344432],[28.238231,41.344412],[28.237998,41.344371],[28.237173,41.344003],[28.236141,41.34366],[28.236141,41.34366],[28.236141,41.34366],[28.236013,41.343787],[28.23532,41.344508],[28.234851,41.344772],[28.234727,41.346169],[28.234666,41.346693],[28.23536,41.347087],[28.236077,41.348083],[28.236236,41.349732],[28.237045,41.350234],[28.237421,41.350806],[28.237857,41.352648],[28.237907,41.354572],[28.238577,41.355574],[28.238353,41.356609],[28.238566,41.357143],[28.238386,41.358279],[28.236549,41.358174],[28.236299,41.358413],[28.235268,41.358633],[28.234299,41.358541],[28.233591,41.358648],[28.233124,41.35883],[28.232587,41.358727],[28.231307,41.357976],[28.231157,41.357997],[28.231061,41.358373],[28.229449,41.358903],[28.229199,41.358604],[28.228922,41.358411],[28.228687,41.358125],[28.228629,41.357663],[28.228004,41.357317],[28.227373,41.357786],[28.22659,41.358358],[28.225671,41.359034],[28.224584,41.359843],[28.223504,41.360659],[28.222273,41.361584],[28.221474,41.362173],[28.220635,41.362797],[28.219523,41.36363],[28.218651,41.364295],[28.216791,41.364154],[28.216416,41.364113],[28.214697,41.364263],[28.214111,41.364484],[28.213342,41.364567],[28.21289,41.364748],[28.211436,41.364944],[28.210479,41.364988],[28.209311,41.365035],[28.208805,41.364909],[28.206875,41.365052],[28.20689,41.364964],[28.206963,41.364868],[28.20703,41.364758],[28.207175,41.364429],[28.207213,41.364305],[28.207246,41.364178],[28.20728,41.364019],[28.207369,41.36375],[28.207481,41.363531],[28.207612,41.363267],[28.207826,41.36297],[28.208105,41.362642],[28.208142,41.362364],[28.208223,41.361958],[28.208296,41.361676],[28.208524,41.361485],[28.208847,41.361277],[28.208979,41.361173],[28.209253,41.361036],[28.209461,41.36095],[28.209664,41.360825],[28.209733,41.360671],[28.209792,41.360433],[28.209853,41.360151],[28.209887,41.359762],[28.209962,41.359613],[28.209994,41.359507],[28.210008,41.359193],[28.210036,41.359065],[28.210295,41.35872],[28.210433,41.358503],[28.210613,41.358218],[28.210621,41.358072],[28.21059,41.357938],[28.210515,41.357765],[28.210483,41.357651],[28.210506,41.357479],[28.210552,41.35737],[28.210689,41.35721],[28.210953,41.356918],[28.211317,41.356463],[28.211377,41.356377],[28.211595,41.355976],[28.21167,41.355824],[28.211916,41.355533],[28.212081,41.355293],[28.21211,41.355015],[28.212158,41.354733],[28.212245,41.354273],[28.212264,41.354071],[28.212219,41.353944],[28.211958,41.353818],[28.211591,41.353716],[28.211491,41.35357],[28.210619,41.353391],[28.210026,41.352926],[28.20955,41.352383],[28.209271,41.352292],[28.207621,41.350795],[28.206965,41.349959],[28.206648,41.349703],[28.206126,41.348577],[28.205434,41.346781],[28.205109,41.346445],[28.205266,41.345677],[28.204815,41.345363],[28.204796,41.34535],[28.20479,41.345348],[28.201504,41.346401],[28.194719,41.348573],[28.174526,41.355035],[28.172614,41.355488],[28.171169,41.355844],[28.168187,41.356573],[28.165981,41.357123],[28.163939,41.357594],[28.160512,41.358415],[28.158965,41.35863],[28.157811,41.358754],[28.15712,41.358805],[28.15711,41.358805],[28.157006,41.359013],[28.157042,41.35909],[28.157275,41.359176],[28.157654,41.359348],[28.157917,41.359446],[28.158195,41.359604],[28.1583,41.359753],[28.158877,41.36014],[28.159104,41.360421],[28.15926,41.360713],[28.159569,41.36142],[28.159689,41.361599],[28.159872,41.361773],[28.160042,41.361876],[28.160445,41.362012],[28.160723,41.362164],[28.161133,41.362348],[28.16147,41.362607],[28.161697,41.362882],[28.161764,41.363013],[28.162096,41.363189],[28.162278,41.363393],[28.162406,41.363578],[28.162553,41.363916],[28.162756,41.364486],[28.162862,41.364901],[28.162956,41.36518],[28.16311,41.365294],[28.163374,41.365918],[28.163456,41.366073],[28.16371,41.366501],[28.164121,41.366939],[28.164324,41.367219],[28.164529,41.367453],[28.164792,41.36787],[28.165363,41.368717],[28.165967,41.369541],[28.166168,41.369886],[28.166415,41.370309],[28.166486,41.370582],[28.167063,41.371783],[28.167541,41.372599],[28.167909,41.373171],[28.168428,41.374206],[28.168548,41.374414],[28.168593,41.374468],[28.169146,41.374866],[28.169404,41.375461],[28.17046,41.376339],[28.170868,41.376762],[28.171041,41.376884],[28.171176,41.376669],[28.172223,41.375389],[28.172559,41.375134],[28.172858,41.374957],[28.173199,41.374502],[28.173267,41.374406],[28.173653,41.37404],[28.174171,41.373801],[28.174601,41.373754],[28.174915,41.373675],[28.175346,41.373593],[28.175808,41.373667],[28.176249,41.373522],[28.176354,41.373384],[28.176644,41.373269],[28.177142,41.372935],[28.177268,41.372692],[28.177876,41.372276],[28.177953,41.372182],[28.178132,41.37198],[28.178332,41.371749],[28.178617,41.371514],[28.17884,41.371382],[28.178915,41.371432],[28.178927,41.371652],[28.179272,41.371903],[28.179282,41.372128],[28.179406,41.372151],[28.179451,41.372407],[28.179457,41.372435],[28.179407,41.372508],[28.179442,41.372531],[28.179668,41.372536],[28.179951,41.372929],[28.180311,41.373273],[28.180512,41.373464],[28.180865,41.373885],[28.180839,41.374022],[28.181011,41.374329],[28.180909,41.374594],[28.180912,41.374783],[28.181207,41.375117],[28.181256,41.375302],[28.181059,41.375496],[28.180963,41.37559],[28.180899,41.375748],[28.180992,41.375912],[28.181158,41.376206],[28.181259,41.376343],[28.181442,41.376588],[28.181965,41.377261],[28.182148,41.37744],[28.182347,41.377621],[28.182481,41.37757],[28.182515,41.377376],[28.182595,41.37728],[28.182822,41.37735],[28.18302,41.377623],[28.183076,41.377912],[28.183013,41.378092],[28.182734,41.378181],[28.182719,41.378295],[28.18306,41.378704],[28.1831,41.379178],[28.183441,41.379595],[28.183549,41.379707],[28.183695,41.379762],[28.184376,41.380415],[28.18473,41.380761],[28.185,41.381186],[28.18494,41.38211],[28.185469,41.382946],[28.186218,41.383241],[28.186854,41.383956],[28.187004,41.384588],[28.187645,41.385188],[28.187656,41.385558],[28.1879,41.385814],[28.188457,41.386051],[28.188848,41.386277],[28.189054,41.386753],[28.189639,41.387486],[28.19027,41.387338],[28.190666,41.387376],[28.191352,41.38826],[28.191712,41.388454],[28.192265,41.388872],[28.192793,41.389408],[28.193703,41.39013],[28.19385,41.390478],[28.194447,41.39081],[28.194334,41.3911],[28.194737,41.391263],[28.194876,41.391549],[28.19526,41.391987],[28.195377,41.392312],[28.195546,41.392606],[28.19582,41.392893],[28.195916,41.393225],[28.196005,41.393392],[28.19602,41.393628],[28.196477,41.393706],[28.196522,41.394352],[28.196798,41.394551],[28.196806,41.394557],[28.197157,41.39481],[28.197469,41.394846],[28.1977,41.395204],[28.197971,41.395216],[28.198173,41.395487],[28.198693,41.39555],[28.198841,41.395489],[28.199433,41.395617],[28.201187,41.395668],[28.201807,41.395824],[28.202263,41.395933],[28.202752,41.39618],[28.203623,41.396617],[28.203738,41.396895],[28.204124,41.397279],[28.204966,41.397327],[28.205022,41.396972]]]}},{"type":"Feature","properties":{"id":"TR-Y-34-015-M-0004","level":"yerlesim","type":"mahalle","parent_id":"TR-D-34-015","province_id":"TR-P-34","district_id":"TR-D-34-015","name":"Bahşayiş","source_raw_name":"BAHŞAYİŞ","source":"Kullanıcı tarafından sağlanan KML","source_label":"Kullanıcı tarafından sağlanan KML","source_name":"Istanbul Mahalle KML"},"geometry":{"type":"Polygon","coordinates":[[[28.570663,41.136853],[28.571264,41.135303],[28.571379,41.135486],[28.571662,41.134282],[28.571897,41.13359],[28.572368,41.132551],[28.572665,41.132379],[28.572852,41.129771],[28.573174,41.129914],[28.574133,41.128859],[28.574238,41.128237],[28.573919,41.127733],[28.573916,41.127434],[28.572937,41.126994],[28.572556,41.12684],[28.572185,41.126628],[28.571592,41.126114],[28.570859,41.1253],[28.570157,41.124726],[28.569587,41.124024],[28.565984,41.121729],[28.565716,41.121471],[28.565376,41.121201],[28.565266,41.120975],[28.565228,41.120719],[28.56506,41.120493],[28.564523,41.120047],[28.563768,41.11966],[28.5637,41.119485],[28.563531,41.11934],[28.563537,41.119034],[28.563461,41.118869],[28.563052,41.118375],[28.562505,41.117889],[28.562378,41.117665],[28.56242,41.117177],[28.562373,41.117025],[28.562323,41.116753],[28.562214,41.116574],[28.561975,41.116066],[28.561542,41.115197],[28.561152,41.114153],[28.560828,41.113612],[28.560134,41.112626],[28.559513,41.111909],[28.559356,41.111602],[28.559244,41.111185],[28.559291,41.110618],[28.559178,41.110268],[28.558829,41.109714],[28.558531,41.109148],[28.558022,41.108384],[28.557793,41.10785],[28.555785,41.10465],[28.555292,41.104693],[28.555007,41.104165],[28.55476,41.103795],[28.55461,41.103653],[28.554619,41.103539],[28.55417,41.103319],[28.55409,41.103159],[28.554156,41.102512],[28.554041,41.102226],[28.554036,41.101849],[28.55384,41.10146],[28.553621,41.100984],[28.553227,41.100313],[28.552738,41.099811],[28.550443,41.097752],[28.549927,41.097374],[28.549465,41.097209],[28.549183,41.097263],[28.548467,41.097587],[28.548059,41.097867],[28.547634,41.09833],[28.54713,41.099169],[28.546643,41.099544],[28.546413,41.099822],[28.54639,41.09999],[28.546229,41.100341],[28.545824,41.100481],[28.545252,41.100878],[28.544901,41.101222],[28.544552,41.10143],[28.544185,41.101561],[28.543916,41.101596],[28.543876,41.101575],[28.543656,41.101638],[28.543653,41.101646],[28.543702,41.101725],[28.543862,41.101726],[28.543861,41.101886],[28.543561,41.10234],[28.542983,41.10292],[28.542843,41.103039],[28.54273,41.102962],[28.542646,41.103034],[28.542636,41.103198],[28.542524,41.103356],[28.542449,41.103582],[28.542528,41.103733],[28.542724,41.103817],[28.542915,41.103858],[28.543084,41.103843],[28.543241,41.104109],[28.543157,41.104759],[28.54322,41.105007],[28.543361,41.105286],[28.542744,41.105822],[28.542469,41.105901],[28.541724,41.106296],[28.541784,41.10636],[28.54023,41.10626],[28.53954,41.106195],[28.538702,41.106099],[28.538703,41.106102],[28.538703,41.106105],[28.538703,41.106107],[28.538822,41.107141],[28.538649,41.107266],[28.538228,41.107566],[28.538052,41.107717],[28.537549,41.108129],[28.536917,41.10862],[28.535817,41.109242],[28.5361,41.110479],[28.535057,41.113028],[28.534605,41.11333],[28.533989,41.113962],[28.533424,41.114594],[28.533186,41.115165],[28.533227,41.115776],[28.533455,41.116572],[28.533389,41.117156],[28.534273,41.117382],[28.534759,41.118315],[28.53487,41.119386],[28.534767,41.120494],[28.534457,41.12077],[28.534477,41.121054],[28.535907,41.121475],[28.535805,41.121816],[28.542194,41.123682],[28.543743,41.124238],[28.543585,41.127216],[28.544836,41.127825],[28.544744,41.128323],[28.544639,41.128849],[28.544648,41.128859],[28.549563,41.134902],[28.550598,41.136305],[28.552705,41.138703],[28.554404,41.140403],[28.559678,41.144228],[28.564575,41.146444],[28.566608,41.14856],[28.567939,41.149447],[28.569165,41.148696],[28.570628,41.147506],[28.572025,41.146017],[28.572356,41.145554],[28.572128,41.144857],[28.570703,41.143028],[28.570814,41.142945],[28.568354,41.140707],[28.56781,41.140018],[28.568803,41.13944],[28.568623,41.139262],[28.569437,41.138071],[28.569819,41.137784],[28.570298,41.137212],[28.570663,41.136853]]]}},{"type":"Feature","properties":{"id":"TR-Y-34-015-M-0005","level":"yerlesim","type":"mahalle","parent_id":"TR-D-34-015","province_id":"TR-P-34","district_id":"TR-D-34-015","name":"Başak","source_raw_name":"BAŞAK","source":"Kullanıcı tarafından sağlanan KML","source_label":"Kullanıcı tarafından sağlanan KML","source_name":"Istanbul Mahalle KML"},"geometry":{"type":"Polygon","coordinates":[[[28.469054,41.335008],[28.469061,41.334828],[28.469054,41.334492],[28.469005,41.33422],[28.468958,41.333912],[28.469037,41.333548],[28.469095,41.333371],[28.469548,41.332752],[28.469619,41.332428],[28.469582,41.331973],[28.469446,41.331771],[28.469193,41.331213],[28.46899,41.330514],[28.469144,41.330312],[28.469605,41.329632],[28.470216,41.328933],[28.470347,41.328698],[28.470527,41.328606],[28.470767,41.328161],[28.471113,41.328063],[28.471201,41.327883],[28.471765,41.327435],[28.471937,41.327209],[28.472183,41.326504],[28.472732,41.326244],[28.472887,41.32586],[28.472832,41.325503],[28.473233,41.324418],[28.473007,41.323397],[28.473052,41.322643],[28.472508,41.3221],[28.471314,41.321413],[28.468525,41.319866],[28.465846,41.318424],[28.46523,41.317954],[28.464643,41.316406],[28.463779,41.314538],[28.463418,41.313479],[28.462656,41.310849],[28.462455,41.310075],[28.462296,41.309743],[28.461965,41.308715],[28.461634,41.30816],[28.460167,41.305308],[28.459726,41.304524],[28.459442,41.304189],[28.459365,41.30304],[28.459415,41.302628],[28.459322,41.302669],[28.459226,41.30273],[28.459137,41.302796],[28.459074,41.30287],[28.459025,41.302935],[28.458982,41.303043],[28.458955,41.303131],[28.458946,41.303216],[28.458927,41.303272],[28.458497,41.303137],[28.45802,41.302963],[28.456633,41.303068],[28.455751,41.303136],[28.455767,41.303459],[28.455336,41.303568],[28.455178,41.30377],[28.454959,41.304873],[28.454805,41.305646],[28.45325,41.305761],[28.450782,41.305923],[28.449426,41.306011],[28.44749,41.306132],[28.446401,41.306194],[28.446841,41.306454],[28.447101,41.307042],[28.447143,41.307539],[28.447468,41.308196],[28.447717,41.308702],[28.44783,41.308955],[28.447867,41.308983],[28.448409,41.309887],[28.449153,41.310652],[28.449836,41.31133],[28.45003,41.311946],[28.44989,41.31255],[28.449428,41.313567],[28.449024,41.31434],[28.448485,41.315073],[28.448354,41.315681],[28.448661,41.315875],[28.448801,41.316395],[28.448854,41.316635],[28.44893,41.316892],[28.448824,41.317284],[28.448802,41.31821],[28.448796,41.318487],[28.449198,41.319006],[28.449258,41.319438],[28.449223,41.319933],[28.448225,41.319585],[28.448027,41.319583],[28.447771,41.320356],[28.447879,41.320593],[28.447912,41.320902],[28.448205,41.321699],[28.448462,41.322383],[28.448543,41.322859],[28.448715,41.323784],[28.448889,41.324802],[28.449018,41.325514],[28.449091,41.325963],[28.44923,41.326204],[28.449485,41.32643],[28.44967,41.326791],[28.449329,41.327586],[28.449164,41.327335],[28.448737,41.327674],[28.448078,41.328193],[28.447198,41.328161],[28.44646,41.328623],[28.446077,41.329026],[28.445249,41.329207],[28.445071,41.32945],[28.443571,41.329566],[28.443153,41.329209],[28.442249,41.328908],[28.441894,41.3288],[28.441221,41.328774],[28.440189,41.32886],[28.439974,41.328966],[28.439857,41.329092],[28.439995,41.329329],[28.439706,41.329416],[28.439237,41.329871],[28.439304,41.330066],[28.4388,41.33044],[28.438466,41.331156],[28.438209,41.331351],[28.437719,41.331735],[28.436925,41.332366],[28.437707,41.33247],[28.438632,41.332818],[28.439181,41.333034],[28.439583,41.333002],[28.439875,41.33299],[28.439873,41.333318],[28.439673,41.333489],[28.439704,41.333725],[28.439789,41.334232],[28.439763,41.335202],[28.439897,41.335492],[28.440157,41.335392],[28.44067,41.335201],[28.440947,41.335405],[28.44148,41.335806],[28.441604,41.335905],[28.44249,41.336557],[28.44323,41.336287],[28.443597,41.336148],[28.444245,41.335914],[28.444376,41.335909],[28.4445,41.335901],[28.444785,41.335884],[28.444924,41.335883],[28.445149,41.335886],[28.445241,41.335885],[28.445479,41.335978],[28.445636,41.335954],[28.445763,41.335903],[28.44589,41.335845],[28.446112,41.335744],[28.446375,41.335627],[28.44657,41.335549],[28.446786,41.335459],[28.447034,41.335358],[28.447149,41.335312],[28.447429,41.335193],[28.447408,41.335133],[28.447298,41.33487],[28.44725,41.33476],[28.447195,41.334622],[28.44754,41.334647],[28.447696,41.33466],[28.448163,41.334707],[28.448433,41.334725],[28.448793,41.334754],[28.44899,41.334769],[28.449252,41.334902],[28.449402,41.335041],[28.449455,41.335096],[28.449619,41.335214],[28.449851,41.335379],[28.450151,41.335598],[28.450299,41.335696],[28.450556,41.335877],[28.450772,41.336005],[28.451135,41.336218],[28.451327,41.336298],[28.451597,41.336412],[28.451619,41.336415],[28.451609,41.336599],[28.451594,41.336717],[28.451661,41.337116],[28.451795,41.337689],[28.451838,41.337831],[28.452248,41.338624],[28.451749,41.339343],[28.451629,41.340222],[28.451447,41.340477],[28.451144,41.340862],[28.450892,41.341177],[28.450827,41.341701],[28.450783,41.341994],[28.450888,41.342573],[28.450923,41.342783],[28.450817,41.343075],[28.450606,41.343637],[28.450516,41.34448],[28.44984,41.344874],[28.449925,41.345739],[28.450027,41.346602],[28.449785,41.346887],[28.449541,41.347163],[28.448911,41.347408],[28.448314,41.347631],[28.448064,41.347801],[28.447665,41.348092],[28.447211,41.348444],[28.446922,41.348666],[28.446934,41.348789],[28.446817,41.349001],[28.446637,41.349319],[28.446491,41.349576],[28.446446,41.349658],[28.446483,41.349938],[28.446509,41.350238],[28.446557,41.350712],[28.446586,41.351049],[28.446314,41.351258],[28.445914,41.351556],[28.445394,41.351698],[28.445149,41.352115],[28.444855,41.35236],[28.444832,41.352621],[28.444808,41.352854],[28.44463,41.352991],[28.444342,41.353196],[28.444004,41.353432],[28.443766,41.353598],[28.443702,41.353775],[28.442865,41.354527],[28.442392,41.355175],[28.443055,41.355704],[28.443542,41.356071],[28.44361,41.35623],[28.443681,41.356381],[28.443715,41.356801],[28.443597,41.357175],[28.44375,41.357343],[28.443919,41.357941],[28.443934,41.358578],[28.443959,41.358906],[28.444077,41.359222],[28.44414,41.359357],[28.444277,41.359543],[28.444555,41.359801],[28.444646,41.359867],[28.444771,41.359906],[28.444886,41.360067],[28.445096,41.360403],[28.445376,41.360842],[28.445553,41.361041],[28.445628,41.361239],[28.445717,41.36138],[28.445573,41.361482],[28.445566,41.3615],[28.445694,41.361678],[28.445754,41.361776],[28.445644,41.361949],[28.44562,41.36225],[28.445656,41.362581],[28.445802,41.362815],[28.446005,41.363049],[28.44623,41.363291],[28.446417,41.363505],[28.44659,41.363714],[28.446678,41.363787],[28.446791,41.363871],[28.447003,41.363993],[28.4472,41.364068],[28.447363,41.364133],[28.447555,41.364257],[28.447817,41.364375],[28.447895,41.364409],[28.448084,41.364513],[28.448247,41.364603],[28.448456,41.364725],[28.448583,41.364806],[28.448787,41.364976],[28.449081,41.365188],[28.449258,41.365718],[28.449443,41.365896],[28.449726,41.366056],[28.450211,41.366222],[28.450542,41.36693],[28.450743,41.367762],[28.450063,41.367992],[28.44941,41.368219],[28.448718,41.36824],[28.448985,41.368482],[28.449574,41.368928],[28.449867,41.369214],[28.450176,41.369358],[28.450376,41.369646],[28.45095,41.370165],[28.451514,41.370425],[28.451457,41.371042],[28.451404,41.371622],[28.45137,41.37218],[28.452747,41.373602],[28.454248,41.375189],[28.454512,41.375484],[28.45566,41.376254],[28.456421,41.376764],[28.457349,41.377389],[28.457628,41.37758],[28.457627,41.377568],[28.457632,41.377568],[28.457491,41.376568],[28.457169,41.374275],[28.457762,41.372064],[28.458181,41.370895],[28.458826,41.369116],[28.45957,41.367126],[28.460116,41.366584],[28.460444,41.365963],[28.461168,41.364828],[28.461765,41.363745],[28.46184,41.363197],[28.462361,41.362697],[28.464058,41.360141],[28.465579,41.357748],[28.467437,41.355666],[28.467489,41.354463],[28.468329,41.353713],[28.469331,41.352027],[28.469425,41.349379],[28.469838,41.348428],[28.468775,41.346691],[28.467432,41.346118],[28.467418,41.346113],[28.468002,41.345105],[28.468302,41.344794],[28.468512,41.344269],[28.4688,41.343999],[28.469229,41.343252],[28.469501,41.342654],[28.469362,41.341838],[28.469701,41.341516],[28.469545,41.341103],[28.469333,41.34017],[28.469219,41.339688],[28.46908,41.339113],[28.469073,41.338869],[28.468852,41.33857],[28.46876,41.337981],[28.469025,41.337537],[28.469023,41.337335],[28.4692,41.337096],[28.469455,41.336791],[28.469504,41.336672],[28.469402,41.33621],[28.469229,41.336009],[28.469069,41.335775],[28.468941,41.335479],[28.468969,41.335126],[28.469054,41.335008]]]}},{"type":"Feature","properties":{"id":"TR-Y-34-015-M-0006","level":"yerlesim","type":"mahalle","parent_id":"TR-D-34-015","province_id":"TR-P-34","district_id":"TR-D-34-015","name":"Belgrat","source_raw_name":"BELGRAT","source":"Kullanıcı tarafından sağlanan KML","source_label":"Kullanıcı tarafından sağlanan KML","source_name":"Istanbul Mahalle KML"},"geometry":{"type":"Polygon","coordinates":[[[28.347897,41.342253],[28.347941,41.34236],[28.348127,41.342415],[28.348393,41.342455],[28.348564,41.34248],[28.348718,41.342544],[28.348877,41.342641],[28.348957,41.342735],[28.349074,41.342948],[28.349145,41.343021],[28.349359,41.343183],[28.349501,41.343305],[28.349744,41.343542],[28.350342,41.345565],[28.35069,41.346507],[28.350663,41.347555],[28.350376,41.348656],[28.348861,41.350592],[28.346363,41.353941],[28.345021,41.354873],[28.344213,41.355281],[28.343136,41.356035],[28.342796,41.356254],[28.341953,41.35729],[28.341316,41.35826],[28.340279,41.359602],[28.339672,41.360824],[28.339848,41.36196],[28.340802,41.363134],[28.341196,41.363685],[28.3418,41.365498],[28.342203,41.366455],[28.342449,41.36699],[28.343464,41.367984],[28.344715,41.368421],[28.345439,41.369173],[28.345647,41.36975],[28.34551,41.371496],[28.345895,41.372397],[28.347334,41.373508],[28.347449,41.374083],[28.348132,41.374974],[28.34879,41.375417],[28.348813,41.376704],[28.348792,41.377543],[28.348567,41.378351],[28.348769,41.379151],[28.348177,41.379828],[28.347873,41.380803],[28.34814,41.381995],[28.348516,41.383316],[28.348327,41.384152],[28.347927,41.385293],[28.347868,41.385404],[28.348142,41.386331],[28.348942,41.387741],[28.348954,41.387744],[28.349588,41.387545],[28.350657,41.387556],[28.351749,41.387576],[28.352894,41.387159],[28.353748,41.386857],[28.354292,41.386498],[28.355561,41.385645],[28.356061,41.384975],[28.356854,41.3842],[28.357571,41.383685],[28.358497,41.383404],[28.359018,41.383429],[28.359322,41.383443],[28.360673,41.383602],[28.361872,41.383636],[28.362703,41.383842],[28.363655,41.38409],[28.364292,41.384266],[28.365736,41.383759],[28.366425,41.383714],[28.366958,41.383674],[28.367081,41.383636],[28.367515,41.383465],[28.367869,41.383465],[28.368586,41.383448],[28.369247,41.38344],[28.369988,41.383431],[28.370937,41.383412],[28.371367,41.383017],[28.371625,41.382981],[28.372468,41.382863],[28.372835,41.38311],[28.373001,41.383224],[28.373252,41.383365],[28.373591,41.383564],[28.373904,41.383742],[28.374483,41.383574],[28.374845,41.383609],[28.375017,41.383623],[28.375045,41.383714],[28.375154,41.384032],[28.375233,41.384267],[28.375308,41.384478],[28.375504,41.384692],[28.375737,41.384943],[28.375866,41.385084],[28.37612,41.385286],[28.376461,41.385544],[28.376641,41.385681],[28.376869,41.385864],[28.377207,41.386132],[28.377309,41.386301],[28.377445,41.38655],[28.377637,41.386886],[28.377662,41.386965],[28.377645,41.387258],[28.377635,41.387456],[28.377615,41.387769],[28.377604,41.387913],[28.377578,41.388166],[28.377557,41.388418],[28.377562,41.388622],[28.377548,41.388976],[28.377734,41.389162],[28.377843,41.389266],[28.377975,41.389346],[28.378263,41.38953],[28.378546,41.389709],[28.37869,41.389989],[28.378865,41.390337],[28.379374,41.390621],[28.379711,41.39082],[28.380183,41.391091],[28.380448,41.391271],[28.38094,41.391529],[28.381559,41.391883],[28.381876,41.392027],[28.382383,41.392258],[28.382556,41.39249],[28.382802,41.392842],[28.38314,41.39306],[28.383599,41.393358],[28.383925,41.393811],[28.384461,41.394022],[28.385217,41.393826],[28.385739,41.39354],[28.385977,41.393409],[28.386557,41.393096],[28.386973,41.39287],[28.387267,41.392715],[28.387736,41.392468],[28.388259,41.39192],[28.388528,41.391735],[28.388931,41.391466],[28.389089,41.391374],[28.389244,41.391239],[28.389687,41.390847],[28.390614,41.390252],[28.391152,41.389911],[28.39161,41.389393],[28.392161,41.389195],[28.392522,41.389779],[28.392833,41.390292],[28.394601,41.390312],[28.395536,41.390162],[28.395974,41.390385],[28.396604,41.390382],[28.397311,41.390374],[28.397702,41.390373],[28.398228,41.390075],[28.398695,41.389814],[28.399231,41.389514],[28.399545,41.389333],[28.399935,41.38921],[28.400187,41.389137],[28.400754,41.389352],[28.401054,41.389457],[28.401391,41.389389],[28.402158,41.389237],[28.40255,41.388832],[28.403025,41.388345],[28.403248,41.387829],[28.403188,41.387565],[28.403112,41.387223],[28.403471,41.386927],[28.40377,41.386679],[28.403981,41.386462],[28.404277,41.386153],[28.4053,41.385324],[28.405426,41.385264],[28.405667,41.38514],[28.405781,41.385062],[28.40612,41.38484],[28.406335,41.384704],[28.406831,41.384427],[28.40722,41.384198],[28.407658,41.383988],[28.408354,41.383651],[28.408601,41.383281],[28.409558,41.382673],[28.410537,41.382037],[28.411295,41.381139],[28.412592,41.380655],[28.413525,41.380615],[28.414515,41.380812],[28.415767,41.380552],[28.416822,41.380342],[28.418617,41.380945],[28.41962,41.380947],[28.420133,41.381101],[28.421403,41.381408],[28.422095,41.381931],[28.423143,41.382677],[28.423789,41.383158],[28.424741,41.383631],[28.426176,41.384358],[28.427961,41.384846],[28.428636,41.385454],[28.429501,41.385536],[28.430595,41.386094],[28.431533,41.386538],[28.431143,41.386046],[28.430655,41.385459],[28.429969,41.384858],[28.429176,41.38416],[28.428942,41.383975],[28.428316,41.383498],[28.427507,41.383462],[28.426707,41.383317],[28.425822,41.383153],[28.424828,41.382694],[28.424368,41.382172],[28.424058,41.381882],[28.423787,41.38134],[28.423319,41.381003],[28.423431,41.3802],[28.423316,41.379641],[28.423365,41.37884],[28.423383,41.378211],[28.423389,41.377967],[28.423495,41.377403],[28.423227,41.377001],[28.423341,41.376667],[28.423498,41.376206],[28.423476,41.375753],[28.423681,41.375185],[28.4237,41.374529],[28.423804,41.37406],[28.424356,41.373654],[28.424161,41.373382],[28.423668,41.372992],[28.423141,41.372898],[28.422529,41.373069],[28.422136,41.373185],[28.421767,41.373302],[28.42085,41.372931],[28.420208,41.372452],[28.418699,41.372785],[28.417689,41.373005],[28.417621,41.372538],[28.417582,41.372515],[28.416193,41.372442],[28.415628,41.372175],[28.41471,41.372396],[28.413856,41.372616],[28.413099,41.372083],[28.412509,41.372154],[28.411743,41.371954],[28.410754,41.37041],[28.410219,41.369573],[28.409625,41.368652],[28.408662,41.367129],[28.408107,41.367101],[28.407328,41.367087],[28.407001,41.367106],[28.405955,41.367194],[28.405235,41.367254],[28.404773,41.367078],[28.40338,41.366593],[28.403187,41.366109],[28.403654,41.365785],[28.40397,41.365548],[28.40354,41.365166],[28.403178,41.364857],[28.402909,41.364622],[28.401459,41.363358],[28.399724,41.361856],[28.398901,41.361144],[28.398035,41.360391],[28.397482,41.359915],[28.396582,41.360134],[28.396173,41.360229],[28.395028,41.359826],[28.394994,41.359221],[28.395089,41.358582],[28.395144,41.358133],[28.395209,41.357932],[28.395505,41.356771],[28.395111,41.356458],[28.394698,41.356515],[28.394217,41.356863],[28.393668,41.356281],[28.394097,41.355975],[28.394201,41.355896],[28.393689,41.355351],[28.393527,41.355162],[28.394103,41.355247],[28.394414,41.3553],[28.394526,41.355148],[28.39481,41.354889],[28.395067,41.354713],[28.39541,41.354668],[28.395773,41.354717],[28.396009,41.354794],[28.396682,41.354983],[28.398274,41.352252],[28.399296,41.350598],[28.399479,41.350357],[28.400114,41.349602],[28.401582,41.347617],[28.401311,41.345],[28.401347,41.344717],[28.401315,41.344571],[28.401242,41.344424],[28.401107,41.344218],[28.40102,41.343929],[28.400709,41.343204],[28.399765,41.34266],[28.399637,41.342583],[28.398211,41.341967],[28.397736,41.340974],[28.397736,41.340972],[28.397722,41.340977],[28.39685,41.340139],[28.396138,41.339961],[28.395564,41.340139],[28.395132,41.340309],[28.394942,41.340389],[28.394775,41.340499],[28.39459,41.340697],[28.394371,41.341012],[28.39405,41.341019],[28.393784,41.34101],[28.393505,41.340876],[28.39332,41.340767],[28.393293,41.340578],[28.393084,41.340156],[28.393014,41.339952],[28.392931,41.339846],[28.392872,41.339659],[28.392807,41.339496],[28.392798,41.339314],[28.392703,41.339039],[28.39265,41.338767],[28.392501,41.338491],[28.392316,41.338239],[28.392069,41.338078],[28.391719,41.337973],[28.391553,41.337965],[28.391193,41.33797],[28.391016,41.338055],[28.390913,41.338105],[28.390663,41.338194],[28.390344,41.338269],[28.390066,41.338306],[28.389734,41.338437],[28.389552,41.338433],[28.389328,41.33841],[28.389202,41.338355],[28.388942,41.338159],[28.388774,41.337994],[28.388684,41.33791],[28.38851,41.337824],[28.388423,41.33777],[28.388162,41.337667],[28.388004,41.337608],[28.387896,41.337553],[28.387664,41.337467],[28.387482,41.337382],[28.387285,41.337312],[28.387103,41.337207],[28.386828,41.337107],[28.3865,41.336993],[28.386165,41.337001],[28.385977,41.336979],[28.385651,41.336964],[28.385435,41.336974],[28.385214,41.337024],[28.384941,41.337001],[28.384822,41.336999],[28.384757,41.336958],[28.38459,41.336956],[28.384396,41.33697],[28.384087,41.337015],[28.383937,41.336997],[28.383756,41.337021],[28.38355,41.336998],[28.383373,41.337002],[28.383206,41.337006],[28.383096,41.337015],[28.382962,41.337079],[28.382759,41.337259],[28.382463,41.337497],[28.382217,41.337663],[28.382064,41.337764],[28.381792,41.338072],[28.381641,41.338136],[28.381453,41.3381],[28.3813,41.338045],[28.381123,41.337906],[28.380967,41.337801],[28.380862,41.33775],[28.380748,41.337732],[28.380546,41.337706],[28.380353,41.337676],[28.380129,41.337653],[28.379795,41.337629],[28.379607,41.3376],[28.379471,41.337571],[28.379345,41.337506],[28.379253,41.337462],[28.379124,41.337354],[28.378961,41.337176],[28.378885,41.337052],[28.378855,41.336836],[28.378763,41.336638],[28.378683,41.336504],[28.378571,41.33639],[28.378481,41.336306],[28.378355,41.336224],[28.378198,41.336143],[28.378097,41.336128],[28.377992,41.336126],[28.377854,41.336164],[28.377619,41.336244],[28.377436,41.336328],[28.377192,41.336414],[28.377046,41.336455],[28.3769,41.336486],[28.376761,41.33657],[28.376565,41.336641],[28.376397,41.336701],[28.376113,41.336767],[28.375918,41.336811],[28.375763,41.336835],[28.375574,41.336852],[28.375375,41.336859],[28.375222,41.336847],[28.374948,41.336853],[28.37475,41.336854],[28.374535,41.336831],[28.374325,41.336792],[28.374083,41.336775],[28.373646,41.336789],[28.373202,41.336782],[28.372955,41.336785],[28.372749,41.336769],[28.372574,41.336724],[28.372394,41.336678],[28.37221,41.336639],[28.371955,41.336615],[28.371538,41.336563],[28.371195,41.336535],[28.370769,41.336519],[28.370496,41.336525],[28.370023,41.336744],[28.369895,41.336779],[28.369758,41.33679],[28.369529,41.336783],[28.3693,41.33678],[28.369027,41.336793],[28.368775,41.336826],[28.368584,41.336873],[28.368346,41.336906],[28.368103,41.336942],[28.367771,41.336997],[28.367523,41.33706],[28.367257,41.337133],[28.367098,41.337164],[28.366921,41.337194],[28.366674,41.337194],[28.36646,41.337141],[28.366306,41.337106],[28.366152,41.337097],[28.3659,41.337147],[28.365562,41.337275],[28.365175,41.337425],[28.364892,41.337498],[28.364621,41.337533],[28.364372,41.337466],[28.364186,41.337401],[28.363982,41.337201],[28.363912,41.33709],[28.363817,41.336719],[28.363719,41.336466],[28.363605,41.336016],[28.363507,41.335755],[28.363428,41.335665],[28.363282,41.335619],[28.363146,41.335643],[28.363015,41.335726],[28.362904,41.335941],[28.362813,41.336077],[28.362644,41.336243],[28.362506,41.336351],[28.362335,41.336411],[28.361941,41.336649],[28.361379,41.337052],[28.361068,41.337273],[28.360919,41.337377],[28.360694,41.337463],[28.360249,41.337616],[28.359953,41.337709],[28.359286,41.337629],[28.359133,41.337626],[28.358979,41.337682],[28.358732,41.337948],[28.358422,41.338143],[28.357844,41.338458],[28.357417,41.338637],[28.357164,41.338643],[28.356748,41.338623],[28.356513,41.338642],[28.356115,41.338818],[28.355679,41.339095],[28.355267,41.339386],[28.354997,41.339585],[28.354272,41.339708],[28.354094,41.339794],[28.353771,41.340037],[28.353431,41.340231],[28.353052,41.340345],[28.352752,41.340394],[28.352297,41.340706],[28.351898,41.340944],[28.351713,41.341052],[28.351471,41.341119],[28.351046,41.341197],[28.350827,41.341265],[28.350416,41.341516],[28.350042,41.341643],[28.349589,41.341703],[28.349283,41.341707],[28.348988,41.341761],[28.347897,41.342253]]]}},{"type":"Feature","properties":{"id":"TR-Y-34-015-M-0007","level":"yerlesim","type":"mahalle","parent_id":"TR-D-34-015","province_id":"TR-P-34","district_id":"TR-D-34-015","name":"Çakıl","source_raw_name":"ÇAKIL","source":"Kullanıcı tarafından sağlanan KML","source_label":"Kullanıcı tarafından sağlanan KML","source_name":"Istanbul Mahalle KML"},"geometry":{"type":"Polygon","coordinates":[[[28.423128,41.115521],[28.423112,41.115551],[28.423109,41.115581],[28.423136,41.115676],[28.42312,41.115725],[28.423074,41.11575],[28.422935,41.115743],[28.422892,41.115766],[28.422881,41.11581],[28.422897,41.115851],[28.422919,41.115886],[28.422906,41.11593],[28.42287,41.116009],[28.422788,41.116073],[28.422809,41.116082],[28.422898,41.116094],[28.423019,41.11608],[28.423106,41.116056],[28.423146,41.116052],[28.423197,41.116055],[28.423245,41.116061],[28.423353,41.116085],[28.423444,41.116112],[28.423552,41.116171],[28.42363,41.116246],[28.423713,41.116343],[28.423782,41.116438],[28.42381,41.116484],[28.423841,41.116523],[28.423872,41.11657],[28.423914,41.116627],[28.423954,41.116681],[28.423993,41.116725],[28.424062,41.116802],[28.424228,41.11698],[28.424428,41.117134],[28.424573,41.11723],[28.424691,41.117326],[28.424769,41.117386],[28.424861,41.11749],[28.424977,41.117604],[28.425145,41.117772],[28.425286,41.117972],[28.425385,41.118104],[28.425482,41.118313],[28.425591,41.118584],[28.425808,41.119005],[28.425919,41.11919],[28.425987,41.119305],[28.426047,41.119472],[28.426104,41.119607],[28.426186,41.119764],[28.426219,41.119825],[28.426345,41.119976],[28.426468,41.120076],[28.426609,41.120133],[28.426537,41.120271],[28.426435,41.120448],[28.426332,41.120632],[28.426245,41.120787],[28.426149,41.120937],[28.426081,41.121052],[28.426012,41.121153],[28.425856,41.121347],[28.425735,41.121499],[28.425611,41.121653],[28.42544,41.121852],[28.425245,41.122084],[28.425106,41.12225],[28.42496,41.122424],[28.424784,41.122642],[28.42462,41.122833],[28.424799,41.123269],[28.424959,41.12375],[28.424911,41.124052],[28.424818,41.124771],[28.424873,41.124801],[28.42496,41.12489],[28.424947,41.124988],[28.42502,41.124985],[28.425181,41.12498],[28.425459,41.125043],[28.425457,41.125113],[28.425458,41.12532],[28.425454,41.125558],[28.425446,41.12582],[28.425442,41.126081],[28.425434,41.12631],[28.425428,41.126511],[28.425412,41.126703],[28.425364,41.127094],[28.425778,41.127111],[28.425788,41.127409],[28.425793,41.127715],[28.425819,41.12804],[28.42585,41.128306],[28.425889,41.128506],[28.425936,41.128784],[28.42596,41.128867],[28.425991,41.129032],[28.426001,41.129248],[28.426023,41.129439],[28.426058,41.129738],[28.42615,41.130065],[28.426237,41.130367],[28.426459,41.130613],[28.426685,41.130869],[28.426807,41.131011],[28.426897,41.131127],[28.427045,41.131518],[28.427156,41.131682],[28.427303,41.131798],[28.427579,41.132042],[28.427613,41.132071],[28.427507,41.132169],[28.427424,41.132243],[28.427292,41.132367],[28.427417,41.132544],[28.427702,41.132951],[28.427895,41.133233],[28.428097,41.133534],[28.428219,41.133722],[28.428356,41.133952],[28.428527,41.13424],[28.428689,41.134504],[28.428842,41.134758],[28.428961,41.134982],[28.429132,41.135315],[28.42917,41.135388],[28.429312,41.135648],[28.429509,41.136002],[28.429639,41.136295],[28.429692,41.136483],[28.429715,41.136581],[28.429765,41.136658],[28.429881,41.136682],[28.429998,41.136596],[28.430178,41.136448],[28.430197,41.136636],[28.430233,41.136903],[28.430265,41.136923],[28.430502,41.137001],[28.430712,41.137069],[28.430792,41.137096],[28.430897,41.137247],[28.430997,41.1374],[28.431099,41.137562],[28.431169,41.137668],[28.431301,41.137867],[28.431429,41.138065],[28.431549,41.138247],[28.431693,41.138437],[28.431848,41.138637],[28.43197,41.138795],[28.432072,41.138895],[28.432297,41.1391],[28.432556,41.139336],[28.432808,41.139568],[28.432977,41.139723],[28.433261,41.139983],[28.433283,41.140002],[28.433645,41.139618],[28.434073,41.139131],[28.434295,41.138964],[28.434945,41.138632],[28.435411,41.138434],[28.435992,41.138179],[28.436219,41.13812],[28.436515,41.138061],[28.437015,41.138052],[28.437421,41.138039],[28.437863,41.137972],[28.438297,41.137941],[28.438777,41.13789],[28.439083,41.137875],[28.439534,41.137863],[28.439885,41.137839],[28.440313,41.137779],[28.440598,41.137732],[28.441044,41.137645],[28.441448,41.1376],[28.441983,41.137583],[28.442312,41.137581],[28.442704,41.137655],[28.44297,41.13685],[28.443285,41.136031],[28.443411,41.135702],[28.443532,41.135568],[28.444184,41.134845],[28.444275,41.134781],[28.444702,41.134477],[28.445196,41.133814],[28.446002,41.132613],[28.446959,41.131242],[28.447904,41.130085],[28.448539,41.129329],[28.44885,41.129184],[28.449872,41.128732],[28.450594,41.128434],[28.450828,41.128428],[28.451595,41.128592],[28.452816,41.128827],[28.45346,41.128976],[28.453516,41.128962],[28.453799,41.128696],[28.454581,41.127942],[28.455136,41.127409],[28.455909,41.126524],[28.456842,41.125381],[28.457787,41.124252],[28.458518,41.123819],[28.459666,41.123512],[28.460515,41.123305],[28.460897,41.122769],[28.461242,41.122555],[28.461691,41.122295],[28.461899,41.122121],[28.462516,41.121579],[28.462572,41.121565],[28.462953,41.121471],[28.46345,41.121297],[28.464243,41.121127],[28.465157,41.12104],[28.465997,41.120952],[28.466131,41.120127],[28.466334,41.118837],[28.466387,41.117638],[28.46761,41.116629],[28.468745,41.115538],[28.469387,41.115478],[28.470839,41.115591],[28.471678,41.115534],[28.472058,41.114408],[28.473471,41.113693],[28.474612,41.113404],[28.475155,41.112671],[28.473941,41.111854],[28.475415,41.111022],[28.475975,41.1106],[28.475979,41.110599],[28.475982,41.110606],[28.476333,41.110243],[28.477118,41.109782],[28.478456,41.108752],[28.478674,41.108118],[28.479181,41.105972],[28.479166,41.105208],[28.479377,41.104546],[28.479445,41.103372],[28.478549,41.103296],[28.477876,41.103449],[28.477452,41.102738],[28.477407,41.102222],[28.477453,41.10165],[28.477601,41.101247],[28.477836,41.100972],[28.477821,41.100561],[28.47787,41.100192],[28.477815,41.099739],[28.477641,41.099164],[28.477537,41.098729],[28.47733,41.098292],[28.478371,41.096573],[28.478865,41.095649],[28.480493,41.093931],[28.47929,41.093112],[28.479584,41.092822],[28.48156,41.091408],[28.482374,41.09137],[28.482792,41.08938],[28.482379,41.089282],[28.478871,41.087179],[28.479514,41.085922],[28.476878,41.08092],[28.476606,41.0773],[28.475487,41.075197],[28.475237,41.074015],[28.474946,41.070829],[28.475673,41.067374],[28.475941,41.066643],[28.476262,41.065209],[28.47624,41.063364],[28.476148,41.062463],[28.47586,41.06274],[28.475849,41.063347],[28.475221,41.063828],[28.474254,41.064759],[28.47326,41.066212],[28.472865,41.067571],[28.471147,41.068549],[28.469896,41.068537],[28.468958,41.068037],[28.468159,41.068085],[28.466914,41.067827],[28.464841,41.068005],[28.462473,41.06847],[28.461079,41.068782],[28.459648,41.069169],[28.458184,41.06861],[28.457447,41.068638],[28.457059,41.068672],[28.456602,41.068924],[28.455473,41.069942],[28.454927,41.070138],[28.453802,41.070209],[28.45217,41.070552],[28.450606,41.072248],[28.448342,41.074028],[28.447177,41.074554],[28.446149,41.075012],[28.444133,41.076448],[28.444504,41.07648],[28.444779,41.076546],[28.445128,41.076663],[28.44538,41.076733],[28.445614,41.076799],[28.445901,41.076991],[28.446193,41.077125],[28.446426,41.077226],[28.446807,41.077549],[28.446978,41.077733],[28.447445,41.078117],[28.448087,41.078695],[28.44899,41.079389],[28.449695,41.079266],[28.451018,41.079007],[28.452035,41.078783],[28.452866,41.07941],[28.453537,41.079194],[28.454457,41.079871],[28.454738,41.080521],[28.455131,41.081272],[28.456002,41.082663],[28.456482,41.082844],[28.456815,41.083333],[28.456928,41.083428],[28.457577,41.083543],[28.457866,41.08384],[28.457517,41.085337],[28.457312,41.086201],[28.45745,41.087125],[28.457756,41.087773],[28.458409,41.088033],[28.458354,41.08827],[28.458239,41.088273],[28.457971,41.088289],[28.457466,41.088338],[28.456718,41.088414],[28.456106,41.088477],[28.455465,41.088553],[28.455157,41.088586],[28.454746,41.088628],[28.454311,41.088671],[28.453677,41.088737],[28.452909,41.088821],[28.452096,41.088899],[28.451223,41.088999],[28.450551,41.089067],[28.449751,41.089148],[28.449339,41.089192],[28.448917,41.089241],[28.448638,41.089271],[28.448186,41.089295],[28.44817,41.089518],[28.448147,41.089817],[28.44815,41.089937],[28.44823,41.090162],[28.44825,41.090212],[28.448311,41.090472],[28.448421,41.090888],[28.448516,41.091279],[28.448527,41.091352],[28.448531,41.091527],[28.448509,41.091657],[28.448464,41.091841],[28.448449,41.091921],[28.448455,41.092212],[28.448463,41.092293],[28.448494,41.092518],[28.448517,41.092646],[28.448526,41.092933],[28.448527,41.09311],[28.448516,41.093367],[28.44849,41.093473],[28.448446,41.093593],[28.4484,41.093709],[28.448297,41.093924],[28.44815,41.094186],[28.447963,41.094504],[28.447809,41.094777],[28.447578,41.095169],[28.447389,41.095497],[28.447252,41.095697],[28.447193,41.095769],[28.447132,41.0958],[28.447072,41.095809],[28.446921,41.095831],[28.446801,41.095843],[28.446686,41.095871],[28.446534,41.09593],[28.446312,41.096062],[28.446057,41.096214],[28.445777,41.096387],[28.445571,41.096516],[28.44531,41.096696],[28.444988,41.096908],[28.444697,41.097096],[28.444488,41.097147],[28.444376,41.097238],[28.44417,41.097347],[28.443816,41.097444],[28.443414,41.097514],[28.443087,41.097551],[28.442796,41.097589],[28.442401,41.097626],[28.442018,41.097663],[28.441759,41.097668],[28.441462,41.097725],[28.441258,41.097745],[28.44092,41.097746],[28.440759,41.097743],[28.440599,41.097769],[28.440425,41.097832],[28.440293,41.097919],[28.440119,41.097977],[28.439927,41.098021],[28.439753,41.098089],[28.439585,41.098147],[28.439429,41.098233],[28.439126,41.098309],[28.438866,41.098352],[28.43865,41.098367],[28.43836,41.098391],[28.438175,41.098394],[28.437959,41.098395],[28.437836,41.098394],[28.437602,41.098376],[28.437393,41.09835],[28.437166,41.098338],[28.436759,41.098337],[28.4365,41.098338],[28.436107,41.098296],[28.435805,41.098273],[28.435331,41.098271],[28.434801,41.098292],[28.434477,41.098304],[28.434072,41.098306],[28.433833,41.098292],[28.433584,41.098278],[28.433155,41.098249],[28.432767,41.098223],[28.432574,41.098196],[28.432163,41.098133],[28.43198,41.098115],[28.431724,41.098062],[28.431359,41.09797],[28.430881,41.097817],[28.430733,41.097789],[28.430821,41.098026],[28.430846,41.098123],[28.430921,41.098344],[28.430948,41.098505],[28.431036,41.0986],[28.431153,41.098641],[28.431241,41.098711],[28.43126,41.098782],[28.431248,41.098871],[28.431208,41.098943],[28.431132,41.099066],[28.431101,41.099188],[28.431103,41.099288],[28.431145,41.099409],[28.431222,41.099499],[28.431245,41.099586],[28.431221,41.099714],[28.43129,41.099873],[28.431285,41.099941],[28.431178,41.100065],[28.431063,41.100239],[28.430831,41.100357],[28.430846,41.10047],[28.430957,41.100615],[28.430957,41.100736],[28.430919,41.100872],[28.43083,41.100981],[28.430736,41.10115],[28.430678,41.101403],[28.43069,41.101608],[28.430665,41.101731],[28.430673,41.101806],[28.430742,41.101858],[28.430811,41.101889],[28.430858,41.101972],[28.430898,41.102079],[28.430949,41.102248],[28.430963,41.102373],[28.431003,41.102439],[28.431113,41.102495],[28.431135,41.102532],[28.431173,41.102639],[28.431174,41.102743],[28.431137,41.102818],[28.431146,41.102845],[28.431231,41.102888],[28.431278,41.102921],[28.431317,41.103055],[28.431343,41.103188],[28.431262,41.103308],[28.43125,41.103419],[28.431225,41.103465],[28.431129,41.103575],[28.431068,41.103656],[28.431112,41.1038],[28.431132,41.103875],[28.431137,41.103954],[28.431172,41.104091],[28.431199,41.104185],[28.431259,41.104307],[28.431253,41.104335],[28.4312,41.104437],[28.431143,41.104526],[28.431108,41.10453],[28.431058,41.104515],[28.431006,41.104479],[28.430959,41.104449],[28.430918,41.104442],[28.430801,41.104455],[28.430727,41.104482],[28.430638,41.104545],[28.430453,41.104778],[28.430341,41.105109],[28.430292,41.105224],[28.430233,41.105278],[28.430114,41.105361],[28.430055,41.105467],[28.43005,41.105648],[28.430063,41.105785],[28.429986,41.105942],[28.429942,41.106026],[28.429977,41.106111],[28.430007,41.10616],[28.429982,41.106219],[28.429957,41.106274],[28.429856,41.106284],[28.429804,41.106269],[28.429699,41.106225],[28.429576,41.106115],[28.429369,41.106085],[28.429301,41.106125],[28.429176,41.106347],[28.429149,41.106583],[28.429163,41.106672],[28.429303,41.106878],[28.429388,41.106938],[28.429569,41.106982],[28.429616,41.107051],[28.429634,41.107209],[28.429664,41.107331],[28.429701,41.107442],[28.429644,41.107543],[28.429546,41.107629],[28.42935,41.107771],[28.429167,41.107901],[28.429001,41.108011],[28.428891,41.108143],[28.428824,41.108246],[28.428722,41.108349],[28.428623,41.108499],[28.428568,41.108624],[28.428547,41.108726],[28.428599,41.108825],[28.428707,41.108905],[28.428741,41.108998],[28.428735,41.109148],[28.428638,41.109315],[28.428531,41.109413],[28.428439,41.109517],[28.428278,41.109569],[28.428145,41.109644],[28.42803,41.10981],[28.427945,41.110013],[28.427845,41.110125],[28.427579,41.110234],[28.427461,41.110395],[28.427297,41.110592],[28.427315,41.110702],[28.427355,41.110768],[28.427406,41.110832],[28.427468,41.110851],[28.427565,41.110821],[28.427607,41.110837],[28.427633,41.110874],[28.427635,41.110945],[28.427651,41.111011],[28.427601,41.111086],[28.427533,41.11114],[28.427453,41.111168],[28.427409,41.111168],[28.427309,41.111156],[28.427221,41.111167],[28.427117,41.111237],[28.427076,41.111276],[28.427051,41.111416],[28.427056,41.111563],[28.427003,41.111648],[28.426932,41.11167],[28.426856,41.111661],[28.426753,41.11164],[28.426678,41.11165],[28.426606,41.111692],[28.426515,41.111828],[28.426444,41.11189],[28.426329,41.111925],[28.426126,41.111931],[28.425919,41.112019],[28.425812,41.112039],[28.425726,41.112021],[28.425678,41.112006],[28.425617,41.112061],[28.425567,41.112169],[28.42557,41.112297],[28.425598,41.112375],[28.425647,41.112464],[28.425671,41.112563],[28.425684,41.112614],[28.425684,41.112686],[28.425665,41.112756],[28.425636,41.112782],[28.425581,41.112813],[28.425479,41.11282],[28.425404,41.112849],[28.425378,41.112865],[28.425356,41.112858],[28.425341,41.112842],[28.425317,41.112818],[28.425289,41.112812],[28.42526,41.112811],[28.425221,41.112831],[28.425166,41.112878],[28.425103,41.112937],[28.425069,41.112975],[28.425021,41.113007],[28.424966,41.113098],[28.42492,41.113113],[28.42486,41.113113],[28.424819,41.113129],[28.424738,41.113168],[28.424725,41.113223],[28.42471,41.113334],[28.424664,41.113436],[28.424561,41.113486],[28.424432,41.113563],[28.42439,41.11362],[28.424375,41.113731],[28.424325,41.113825],[28.42436,41.113869],[28.424361,41.113893],[28.424311,41.113933],[28.424284,41.113976],[28.424254,41.113989],[28.424141,41.114013],[28.424027,41.114007],[28.42397,41.114042],[28.423935,41.114081],[28.423867,41.114161],[28.423769,41.114274],[28.423696,41.114366],[28.423569,41.114464],[28.423565,41.114513],[28.423604,41.114551],[28.423668,41.114537],[28.423701,41.114517],[28.423722,41.114514],[28.423745,41.114525],[28.423756,41.114551],[28.423751,41.114576],[28.42374,41.114631],[28.42374,41.11468],[28.423726,41.114699],[28.423692,41.11471],[28.423653,41.114711],[28.423624,41.114726],[28.423608,41.114746],[28.423611,41.114772],[28.423615,41.114801],[28.423604,41.114833],[28.423582,41.114865],[28.423542,41.114906],[28.423446,41.114981],[28.423376,41.114998],[28.423315,41.115039],[28.423267,41.11508],[28.42326,41.115101],[28.423258,41.115209],[28.423252,41.115255],[28.423243,41.115273],[28.42322,41.115281],[28.42317,41.115279],[28.423116,41.115285],[28.423085,41.115317],[28.423079,41.115339],[28.423086,41.11536],[28.423095,41.115375],[28.423127,41.115398],[28.423205,41.115438],[28.423223,41.115452],[28.423231,41.115466],[28.423225,41.115483],[28.423211,41.115497],[28.423195,41.115503],[28.423155,41.115515],[28.423129,41.115521],[28.423128,41.115521]]]}},{"type":"Feature","properties":{"id":"TR-Y-34-015-M-0008","level":"yerlesim","type":"mahalle","parent_id":"TR-D-34-015","province_id":"TR-P-34","district_id":"TR-D-34-015","name":"Çanakça","source_raw_name":"ÇANAKÇA","source":"Kullanıcı tarafından sağlanan KML","source_label":"Kullanıcı tarafından sağlanan KML","source_name":"Istanbul Mahalle KML"},"geometry":{"type":"Polygon","coordinates":[[[28.488445,41.242037],[28.488409,41.242093],[28.488229,41.242259],[28.48809,41.242371],[28.487914,41.242505],[28.48771,41.24264],[28.487542,41.242757],[28.487311,41.242906],[28.487112,41.243051],[28.486981,41.243165],[28.486855,41.243281],[28.486791,41.243358],[28.486727,41.24346],[28.486674,41.243547],[28.486589,41.243712],[28.486502,41.243837],[28.486421,41.243936],[28.486336,41.24401],[28.486172,41.244129],[28.486026,41.244233],[28.485937,41.244307],[28.485827,41.24436],[28.485716,41.244418],[28.485522,41.2445],[28.485359,41.244552],[28.485223,41.244597],[28.484989,41.244668],[28.48487,41.244698],[28.484777,41.24472],[28.484652,41.244752],[28.484477,41.244776],[28.484365,41.244803],[28.484288,41.244833],[28.484194,41.244896],[28.484075,41.244978],[28.483937,41.24508],[28.483825,41.245139],[28.483725,41.245189],[28.483201,41.246289],[28.483415,41.247699],[28.483539,41.2484],[28.483693,41.248606],[28.483912,41.248863],[28.484133,41.249159],[28.484418,41.249526],[28.4847,41.249881],[28.484804,41.250258],[28.484935,41.250698],[28.484961,41.251015],[28.485004,41.251578],[28.485031,41.252006],[28.485579,41.252399],[28.485972,41.252676],[28.486578,41.253112],[28.486625,41.25381],[28.486662,41.254485],[28.487182,41.254952],[28.487625,41.255344],[28.4878,41.255642],[28.48806,41.256086],[28.488349,41.256568],[28.488486,41.257073],[28.489312,41.257313],[28.490065,41.257534],[28.490442,41.257654],[28.490456,41.257631],[28.490646,41.257094],[28.490794,41.256675],[28.490943,41.256261],[28.491074,41.25628],[28.491777,41.256412],[28.49227,41.256493],[28.492129,41.25695],[28.492448,41.257],[28.492614,41.257045],[28.492692,41.257068],[28.492799,41.25711],[28.492909,41.257148],[28.493013,41.257189],[28.493098,41.257228],[28.493247,41.257291],[28.493323,41.257321],[28.493494,41.257387],[28.49361,41.257419],[28.493779,41.257464],[28.493981,41.257513],[28.494117,41.257552],[28.494251,41.257598],[28.494445,41.257667],[28.494629,41.257732],[28.494803,41.257789],[28.494959,41.25784],[28.495132,41.2579],[28.495223,41.257927],[28.495362,41.25792],[28.4955,41.257918],[28.495591,41.257922],[28.495671,41.257961],[28.495838,41.258058],[28.495941,41.258123],[28.496026,41.25817],[28.496158,41.25821],[28.496303,41.258247],[28.49638,41.25825],[28.49662,41.258252],[28.496869,41.258254],[28.497008,41.258256],[28.49712,41.258281],[28.497231,41.258312],[28.497364,41.258349],[28.497495,41.258393],[28.497647,41.258443],[28.497768,41.258482],[28.497882,41.258501],[28.497972,41.258515],[28.498063,41.258534],[28.498093,41.258542],[28.498126,41.258554],[28.498149,41.258563],[28.498267,41.258622],[28.498379,41.258696],[28.498523,41.258831],[28.498498,41.258876],[28.498411,41.258993],[28.498349,41.259096],[28.498323,41.259169],[28.498941,41.259397],[28.499088,41.25947],[28.499418,41.259627],[28.499604,41.259725],[28.499752,41.259843],[28.499844,41.259928],[28.499916,41.260063],[28.500021,41.260222],[28.5001,41.260325],[28.500166,41.26038],[28.500224,41.260422],[28.500313,41.260451],[28.500396,41.260462],[28.500503,41.260473],[28.500642,41.260496],[28.50078,41.260534],[28.501114,41.260654],[28.501267,41.260689],[28.501389,41.260747],[28.501494,41.260759],[28.501797,41.260786],[28.502074,41.260816],[28.502222,41.260858],[28.502399,41.260911],[28.502519,41.26095],[28.502653,41.261004],[28.502817,41.261076],[28.502947,41.261128],[28.503063,41.261178],[28.503309,41.261287],[28.503739,41.261473],[28.503908,41.261548],[28.504143,41.261655],[28.504358,41.261754],[28.504533,41.261832],[28.504416,41.261905],[28.504303,41.262073],[28.504326,41.26222],[28.504516,41.262427],[28.504544,41.262519],[28.504342,41.262559],[28.504231,41.262635],[28.504151,41.262962],[28.504143,41.263457],[28.504042,41.263558],[28.50383,41.263573],[28.503667,41.263501],[28.503447,41.263453],[28.503273,41.263419],[28.503054,41.263466],[28.502794,41.263572],[28.502601,41.263542],[28.502394,41.263492],[28.502287,41.263543],[28.502143,41.26365],[28.502024,41.263793],[28.501606,41.264186],[28.501385,41.264323],[28.501276,41.264331],[28.501033,41.264286],[28.500883,41.264202],[28.500798,41.264041],[28.500797,41.26377],[28.500908,41.263405],[28.501058,41.263183],[28.50117,41.263035],[28.501135,41.262856],[28.501076,41.262823],[28.500433,41.262464],[28.49985,41.262275],[28.499743,41.26261],[28.499516,41.263324],[28.499213,41.264223],[28.499272,41.264222],[28.499343,41.264235],[28.499544,41.264323],[28.499598,41.264322],[28.499752,41.264423],[28.49981,41.264502],[28.499811,41.264567],[28.49957,41.264652],[28.499412,41.264642],[28.499336,41.26465],[28.499223,41.26473],[28.499266,41.264806],[28.499496,41.264938],[28.499515,41.265042],[28.49944,41.265056],[28.499276,41.265061],[28.499149,41.265077],[28.49909,41.265107],[28.49901,41.265311],[28.498938,41.265437],[28.498858,41.265634],[28.498826,41.265794],[28.498827,41.26592],[28.498863,41.266039],[28.498856,41.266098],[28.498967,41.266148],[28.499119,41.266178],[28.499351,41.266239],[28.499751,41.266368],[28.500112,41.266587],[28.50023,41.266723],[28.500227,41.266857],[28.50017,41.266989],[28.500111,41.26705],[28.499889,41.267023],[28.499798,41.267007],[28.499683,41.26697],[28.499509,41.267003],[28.499445,41.267082],[28.499385,41.267229],[28.499387,41.267358],[28.499453,41.267488],[28.499473,41.267598],[28.499862,41.267876],[28.500186,41.268106],[28.500369,41.268237],[28.500514,41.268368],[28.500873,41.268699],[28.501011,41.268815],[28.501129,41.268874],[28.501256,41.268928],[28.501839,41.269313],[28.502257,41.269623],[28.502943,41.27008],[28.503057,41.270168],[28.503466,41.27047],[28.50351,41.270812],[28.503835,41.271093],[28.503945,41.271174],[28.504174,41.271338],[28.504707,41.271618],[28.504998,41.271767],[28.505205,41.27193],[28.505664,41.27228],[28.505871,41.272645],[28.506049,41.272763],[28.506507,41.273067],[28.506564,41.273731],[28.506819,41.27407],[28.507051,41.274288],[28.507255,41.274492],[28.507356,41.274486],[28.507713,41.27447],[28.507854,41.274453],[28.508098,41.274419],[28.508309,41.27437],[28.508545,41.274317],[28.508798,41.274219],[28.508988,41.274115],[28.509359,41.273905],[28.509723,41.273695],[28.510026,41.273518],[28.510314,41.273378],[28.510694,41.273219],[28.511078,41.273082],[28.51121,41.273054],[28.511483,41.27301],[28.511847,41.272987],[28.512147,41.272991],[28.512258,41.273],[28.512382,41.273032],[28.512393,41.273035],[28.512516,41.273076],[28.512648,41.273154],[28.512783,41.273281],[28.512931,41.273417],[28.513082,41.273537],[28.513209,41.273632],[28.513365,41.273735],[28.513487,41.273787],[28.51375,41.273773],[28.514043,41.27374],[28.514234,41.273714],[28.514569,41.273661],[28.514867,41.273596],[28.514989,41.273565],[28.515191,41.273503],[28.515577,41.273321],[28.516051,41.273019],[28.516423,41.272788],[28.516734,41.2726],[28.516947,41.272465],[28.517165,41.272348],[28.517317,41.272303],[28.517518,41.272265],[28.517655,41.272261],[28.517793,41.272267],[28.517953,41.272306],[28.518093,41.272352],[28.518233,41.272401],[28.518384,41.27246],[28.518501,41.272511],[28.518619,41.272575],[28.518729,41.272649],[28.518875,41.27275],[28.518999,41.272839],[28.519082,41.272898],[28.519376,41.27313],[28.519634,41.273327],[28.519785,41.273436],[28.519989,41.273588],[28.520187,41.273729],[28.520435,41.2739],[28.520584,41.274001],[28.520767,41.274106],[28.521002,41.274224],[28.521318,41.274357],[28.521755,41.27454],[28.5221,41.274679],[28.522417,41.274788],[28.52268,41.274884],[28.522977,41.274961],[28.523192,41.275003],[28.523419,41.275032],[28.523599,41.275062],[28.523853,41.275107],[28.524178,41.275159],[28.524407,41.275211],[28.524777,41.275289],[28.525095,41.275238],[28.525319,41.275157],[28.525452,41.27509],[28.525712,41.274949],[28.526094,41.274717],[28.52639,41.274547],[28.526585,41.274438],[28.52679,41.274368],[28.527101,41.274275],[28.527504,41.274185],[28.527862,41.274126],[28.528185,41.274066],[28.528407,41.274065],[28.528536,41.274078],[28.528654,41.274108],[28.528873,41.274155],[28.529071,41.274179],[28.529534,41.274194],[28.529986,41.274173],[28.530253,41.274057],[28.530396,41.273953],[28.531255,41.273866],[28.532375,41.273881],[28.532849,41.273926],[28.532948,41.274001],[28.53302,41.274157],[28.533066,41.27427],[28.5331,41.274353],[28.533185,41.27452],[28.533253,41.274621],[28.533344,41.274727],[28.533428,41.274788],[28.533584,41.274868],[28.533789,41.274976],[28.533947,41.275051],[28.534053,41.27511],[28.534191,41.275173],[28.534392,41.275234],[28.534511,41.275247],[28.534642,41.275264],[28.534779,41.275297],[28.534905,41.275357],[28.534972,41.275404],[28.535297,41.275641],[28.535522,41.275796],[28.535696,41.275898],[28.535823,41.275923],[28.535986,41.275915],[28.536217,41.275825],[28.536394,41.275754],[28.536575,41.275724],[28.536712,41.275725],[28.536848,41.27575],[28.536983,41.275808],[28.537217,41.275947],[28.53747,41.27607],[28.537683,41.276162],[28.537946,41.276222],[28.538112,41.276261],[28.538256,41.276303],[28.53844,41.276368],[28.538774,41.276548],[28.539028,41.276641],[28.539268,41.27671],[28.539466,41.276723],[28.539778,41.27673],[28.539962,41.276746],[28.540133,41.276784],[28.540396,41.276841],[28.540593,41.276863],[28.540821,41.276893],[28.54136,41.277019],[28.541824,41.277115],[28.542105,41.277158],[28.542338,41.277171],[28.542548,41.277187],[28.542816,41.27721],[28.543001,41.277236],[28.543211,41.277271],[28.54339,41.27731],[28.543815,41.277392],[28.544302,41.277451],[28.544811,41.277514],[28.545154,41.277535],[28.546031,41.277692],[28.546382,41.277744],[28.546527,41.277339],[28.546183,41.277143],[28.546185,41.277143],[28.546088,41.277087],[28.54509,41.276829],[28.544268,41.276603],[28.543673,41.276565],[28.54331,41.276416],[28.543417,41.275874],[28.543386,41.275433],[28.543314,41.274991],[28.54337,41.274051],[28.543496,41.273613],[28.543912,41.273154],[28.544136,41.272799],[28.544128,41.2724],[28.544034,41.27176],[28.543979,41.271272],[28.544039,41.270809],[28.543586,41.270928],[28.543879,41.27042],[28.544448,41.269841],[28.544673,41.269633],[28.545172,41.269087],[28.545492,41.268111],[28.545568,41.267291],[28.545556,41.266716],[28.545596,41.266097],[28.545446,41.265335],[28.5456,41.264923],[28.545929,41.264598],[28.545931,41.264589],[28.545832,41.26458],[28.545481,41.264535],[28.545214,41.264482],[28.545041,41.26443],[28.544499,41.264182],[28.543836,41.263784],[28.543188,41.263363],[28.543012,41.263183],[28.542791,41.262921],[28.542479,41.262557],[28.542158,41.262217],[28.54189,41.261977],[28.541823,41.261823],[28.541786,41.261032],[28.541769,41.260742],[28.541661,41.260652],[28.541178,41.26057],[28.540915,41.260448],[28.540338,41.260022],[28.539684,41.259518],[28.539324,41.259207],[28.539149,41.259004],[28.539026,41.25853],[28.538936,41.257992],[28.53888,41.257714],[28.538691,41.257428],[28.538388,41.256982],[28.538281,41.256757],[28.537892,41.256113],[28.537748,41.255691],[28.537769,41.255408],[28.536701,41.254671],[28.536145,41.254348],[28.535073,41.25401],[28.534236,41.25375],[28.533833,41.25367],[28.533635,41.25363],[28.533381,41.253543],[28.532538,41.25327],[28.531862,41.252969],[28.531053,41.252618],[28.530758,41.252456],[28.530229,41.252141],[28.529641,41.251737],[28.528801,41.251144],[28.528469,41.250925],[28.528111,41.250704],[28.527915,41.250575],[28.52753,41.250305],[28.527215,41.250091],[28.526949,41.249932],[28.526648,41.249736],[28.526365,41.249528],[28.526021,41.249312],[28.525719,41.249155],[28.52549,41.249101],[28.525281,41.249061],[28.525083,41.249034],[28.524863,41.24901],[28.524596,41.249004],[28.52448,41.248973],[28.524289,41.24892],[28.524165,41.248905],[28.52403,41.248924],[28.523808,41.249007],[28.523564,41.249095],[28.523363,41.249168],[28.523128,41.249221],[28.522878,41.24925],[28.522679,41.249245],[28.522513,41.249224],[28.522276,41.249165],[28.521998,41.249074],[28.521723,41.248982],[28.521461,41.248922],[28.521352,41.24888],[28.521038,41.248801],[28.52084,41.248745],[28.520731,41.248701],[28.52053,41.248612],[28.520364,41.248565],[28.520208,41.248552],[28.520007,41.248517],[28.519656,41.248451],[28.519076,41.248334],[28.518584,41.248287],[28.518169,41.248252],[28.518027,41.248208],[28.517825,41.248071],[28.517551,41.247917],[28.517181,41.24777],[28.516863,41.247686],[28.516552,41.247642],[28.516186,41.247642],[28.515944,41.247611],[28.515771,41.247589],[28.515702,41.247554],[28.515628,41.247533],[28.515457,41.247496],[28.515212,41.247472],[28.515036,41.24745],[28.514939,41.247435],[28.514809,41.247413],[28.514634,41.247379],[28.514487,41.247342],[28.51435,41.247309],[28.51416,41.247246],[28.513969,41.247189],[28.513729,41.2471],[28.513612,41.247059],[28.513557,41.247015],[28.513439,41.246849],[28.513294,41.246627],[28.513233,41.24651],[28.513033,41.246159],[28.512917,41.245907],[28.51281,41.245694],[28.512735,41.245574],[28.512576,41.245368],[28.512317,41.245068],[28.512091,41.244792],[28.511808,41.244482],[28.511615,41.244258],[28.51141,41.244047],[28.511319,41.243942],[28.511165,41.243757],[28.51098,41.243553],[28.510816,41.243362],[28.510643,41.243162],[28.510446,41.242937],[28.510287,41.242763],[28.510154,41.242604],[28.50993,41.24234],[28.509781,41.242163],[28.509584,41.241936],[28.509517,41.241876],[28.509395,41.241807],[28.509214,41.241694],[28.509018,41.241564],[28.508843,41.241459],[28.508622,41.241314],[28.508448,41.241216],[28.508329,41.241137],[28.508129,41.24101],[28.507936,41.240886],[28.507761,41.240779],[28.507661,41.240719],[28.50755,41.24064],[28.507507,41.240577],[28.507356,41.240326],[28.507315,41.240604],[28.507275,41.240848],[28.507133,41.240769],[28.506955,41.240656],[28.506776,41.240542],[28.506663,41.240473],[28.506543,41.240396],[28.506454,41.24034],[28.506396,41.240284],[28.506312,41.240206],[28.506172,41.240072],[28.506014,41.239918],[28.505872,41.239782],[28.505771,41.239685],[28.505704,41.239622],[28.505601,41.239524],[28.505508,41.239435],[28.505395,41.239329],[28.505281,41.239205],[28.505083,41.238995],[28.504886,41.238782],[28.504784,41.238916],[28.504709,41.239015],[28.50463,41.239126],[28.50453,41.239263],[28.504444,41.239379],[28.504348,41.239509],[28.504277,41.2396],[28.504221,41.239814],[28.504189,41.240025],[28.504134,41.240093],[28.503969,41.240237],[28.503923,41.240226],[28.503636,41.240155],[28.503473,41.240127],[28.503339,41.240148],[28.503208,41.240199],[28.503127,41.240248],[28.503026,41.240321],[28.502953,41.240384],[28.502887,41.24043],[28.502847,41.240434],[28.50275,41.240394],[28.502698,41.240398],[28.502605,41.240463],[28.502516,41.24054],[28.50241,41.240646],[28.502318,41.240739],[28.502241,41.240836],[28.502169,41.240933],[28.502053,41.2411],[28.501927,41.241044],[28.501838,41.241007],[28.501778,41.240984],[28.501636,41.240917],[28.501526,41.240857],[28.501467,41.240841],[28.501314,41.240778],[28.501182,41.240724],[28.501041,41.240677],[28.500974,41.240651],[28.500812,41.240596],[28.500753,41.240584],[28.500618,41.240553],[28.50043,41.240512],[28.500354,41.240497],[28.500268,41.240482],[28.500185,41.240471],[28.500105,41.240461],[28.500019,41.240452],[28.499866,41.240437],[28.499765,41.240426],[28.499709,41.240419],[28.499566,41.240541],[28.499452,41.24053],[28.499328,41.240449],[28.499217,41.240375],[28.499128,41.240443],[28.499067,41.240477],[28.49894,41.240534],[28.498871,41.24056],[28.498787,41.240602],[28.498684,41.24061],[28.498587,41.240617],[28.498494,41.240623],[28.498369,41.240628],[28.498265,41.240632],[28.498192,41.240615],[28.498047,41.240576],[28.497911,41.240548],[28.497779,41.240521],[28.497689,41.240501],[28.497594,41.24048],[28.497519,41.240462],[28.497467,41.240447],[28.497268,41.240387],[28.497119,41.240334],[28.496979,41.240271],[28.496845,41.240215],[28.496747,41.240173],[28.496694,41.240152],[28.496609,41.24012],[28.496531,41.240091],[28.496467,41.24007],[28.496351,41.240033],[28.49621,41.240001],[28.496049,41.239954],[28.495855,41.239899],[28.495706,41.239854],[28.495554,41.239812],[28.495484,41.239791],[28.495313,41.239741],[28.49516,41.239694],[28.495042,41.239658],[28.494942,41.239626],[28.494859,41.239599],[28.494731,41.239557],[28.494609,41.239517],[28.494531,41.239486],[28.494496,41.239476],[28.494378,41.239449],[28.494272,41.239426],[28.494136,41.239397],[28.49396,41.239384],[28.493828,41.239372],[28.493632,41.239356],[28.493486,41.239344],[28.493344,41.239333],[28.493279,41.239327],[28.49324,41.239409],[28.493227,41.239411],[28.493215,41.239412],[28.493096,41.239375],[28.493014,41.239348],[28.492936,41.239394],[28.492768,41.239492],[28.492745,41.239496],[28.49259,41.239462],[28.492357,41.239413],[28.49194,41.239325],[28.491578,41.239359],[28.491528,41.239369],[28.491369,41.239453],[28.49104,41.239604],[28.490742,41.239724],[28.490506,41.239636],[28.490461,41.239624],[28.490253,41.239763],[28.490251,41.239957],[28.490249,41.240107],[28.490258,41.240178],[28.490277,41.240376],[28.490286,41.240535],[28.490279,41.240587],[28.490175,41.240678],[28.489999,41.24083],[28.489858,41.24093],[28.489663,41.241081],[28.489595,41.241129],[28.489521,41.241141],[28.489476,41.241154],[28.489407,41.241185],[28.489395,41.241219],[28.489389,41.241257],[28.489379,41.241394],[28.489357,41.241475],[28.489283,41.241509],[28.489118,41.24157],[28.488959,41.241609],[28.488891,41.241605],[28.488727,41.241589],[28.488675,41.241688],[28.488588,41.24185],[28.488513,41.24197],[28.488445,41.242037]]]}},{"type":"Feature","properties":{"id":"TR-Y-34-015-M-0009","level":"yerlesim","type":"mahalle","parent_id":"TR-D-34-015","province_id":"TR-P-34","district_id":"TR-D-34-015","name":"Celepköy","source_raw_name":"CELEPKÖY","source":"Kullanıcı tarafından sağlanan KML","source_label":"Kullanıcı tarafından sağlanan KML","source_name":"Istanbul Mahalle KML"},"geometry":{"type":"Polygon","coordinates":[[[28.528254,41.33852],[28.528037,41.338668],[28.527608,41.338954],[28.527092,41.339296],[28.526609,41.339618],[28.526052,41.339989],[28.525509,41.340351],[28.524392,41.341101],[28.523618,41.341613],[28.52305,41.342014],[28.52257,41.342359],[28.52207,41.342716],[28.52154,41.343093],[28.520751,41.343658],[28.520209,41.344388],[28.519786,41.34495],[28.519323,41.345564],[28.518795,41.346266],[28.518772,41.346298],[28.518401,41.346635],[28.518147,41.34687],[28.5178,41.347197],[28.51751,41.347467],[28.517088,41.347857],[28.516914,41.348018],[28.516631,41.348281],[28.516272,41.348618],[28.515945,41.34892],[28.515793,41.349051],[28.515576,41.349231],[28.51523,41.349512],[28.514877,41.349806],[28.51446,41.350148],[28.514061,41.350475],[28.513766,41.350716],[28.513382,41.351034],[28.512847,41.351473],[28.512518,41.351673],[28.512141,41.351897],[28.511578,41.352232],[28.511131,41.3525],[28.510847,41.352672],[28.510224,41.35264],[28.509677,41.352612],[28.5091,41.352582],[28.508632,41.352558],[28.508306,41.352527],[28.507967,41.352489],[28.507636,41.352457],[28.507172,41.352404],[28.506776,41.352362],[28.506452,41.352328],[28.506015,41.352285],[28.50572,41.352259],[28.505476,41.352237],[28.505196,41.35221],[28.504922,41.352185],[28.50463,41.35216],[28.504281,41.352128],[28.503948,41.352099],[28.503381,41.352048],[28.503002,41.352013],[28.502642,41.351982],[28.502336,41.351954],[28.502079,41.351876],[28.501374,41.351662],[28.500883,41.351513],[28.500548,41.351411],[28.500177,41.351299],[28.499643,41.351135],[28.499446,41.351077],[28.49919,41.350888],[28.498858,41.350641],[28.498499,41.350375],[28.497988,41.349994],[28.497547,41.349666],[28.497109,41.349682],[28.496639,41.3497],[28.496275,41.349831],[28.495894,41.349967],[28.495578,41.35008],[28.495217,41.35021],[28.494912,41.350318],[28.494387,41.350342],[28.493871,41.350367],[28.493298,41.350394],[28.492971,41.35041],[28.492669,41.350347],[28.492244,41.350259],[28.491765,41.350161],[28.491071,41.350018],[28.490641,41.34993],[28.490306,41.349769],[28.489684,41.349471],[28.489136,41.349208],[28.489016,41.34915],[28.489002,41.349143],[28.488933,41.349268],[28.48889,41.349397],[28.488878,41.34957],[28.488896,41.349749],[28.488932,41.349899],[28.489005,41.350152],[28.489134,41.350489],[28.489273,41.350763],[28.489421,41.351007],[28.489637,41.351229],[28.489939,41.351462],[28.490091,41.351597],[28.489986,41.351735],[28.489787,41.351938],[28.489635,41.352076],[28.489473,41.352183],[28.489238,41.35227],[28.489052,41.352307],[28.488871,41.352331],[28.488557,41.352373],[28.488134,41.352408],[28.488005,41.352411],[28.487847,41.352422],[28.487694,41.35245],[28.487442,41.352511],[28.487249,41.352553],[28.487106,41.352584],[28.486898,41.352603],[28.486722,41.352628],[28.486503,41.352688],[28.486379,41.352728],[28.486279,41.352792],[28.486173,41.352915],[28.486127,41.353054],[28.486085,41.353173],[28.486021,41.353373],[28.485969,41.353492],[28.485904,41.353696],[28.485841,41.353849],[28.485759,41.353997],[28.485625,41.35422],[28.485481,41.354407],[28.485426,41.354513],[28.485324,41.354771],[28.485239,41.355031],[28.485121,41.35542],[28.48505,41.355638],[28.484961,41.355889],[28.484849,41.356166],[28.48469,41.356475],[28.484559,41.356707],[28.48449,41.356856],[28.484461,41.357099],[28.484442,41.35736],[28.484431,41.357532],[28.48439,41.357756],[28.484334,41.357996],[28.484311,41.35814],[28.484237,41.358331],[28.484144,41.358502],[28.484021,41.358672],[28.483889,41.358839],[28.483715,41.359056],[28.483612,41.359219],[28.483464,41.359486],[28.483378,41.359609],[28.48337,41.359674],[28.483253,41.359889],[28.483198,41.359995],[28.483165,41.360259],[28.48316,41.3605],[28.48313,41.360766],[28.483093,41.36094],[28.483009,41.361143],[28.482922,41.361341],[28.48288,41.361445],[28.482872,41.361661],[28.482889,41.361905],[28.482918,41.362087],[28.482897,41.362291],[28.482833,41.362472],[28.482764,41.362581],[28.482688,41.362737],[28.482531,41.362961],[28.482406,41.363098],[28.482277,41.363241],[28.482128,41.363391],[28.482016,41.363521],[28.48191,41.363684],[28.481776,41.363907],[28.481696,41.364085],[28.481658,41.364171],[28.481614,41.36436],[28.48157,41.364511],[28.481548,41.364752],[28.481546,41.364845],[28.48158,41.365074],[28.481682,41.365377],[28.481793,41.365727],[28.48192,41.366084],[28.482005,41.366269],[28.482237,41.366524],[28.483964,41.367037],[28.484463,41.367191],[28.485041,41.367384],[28.485403,41.367502],[28.485899,41.367794],[28.486088,41.368101],[28.486262,41.368372],[28.486714,41.368668],[28.487012,41.368864],[28.487739,41.369155],[28.48801,41.36942],[28.48867,41.370045],[28.48916,41.370498],[28.48944,41.3708],[28.48967,41.371048],[28.489457,41.371473],[28.489303,41.371797],[28.489036,41.371979],[28.488802,41.372263],[28.488348,41.372802],[28.488103,41.373318],[28.488047,41.37362],[28.488377,41.374005],[28.488564,41.3743],[28.488812,41.374703],[28.489013,41.375023],[28.489065,41.375351],[28.48915,41.375854],[28.489233,41.376348],[28.48932,41.376866],[28.489502,41.377134],[28.489847,41.377639],[28.490341,41.378368],[28.49047,41.378564],[28.490819,41.37882],[28.491094,41.379025],[28.491577,41.379383],[28.492013,41.379713],[28.492393,41.379989],[28.492434,41.380027],[28.492437,41.380028],[28.492439,41.380027],[28.492892,41.379818],[28.49323,41.379059],[28.49356,41.378316],[28.493775,41.377833],[28.495337,41.378228],[28.495949,41.378382],[28.495745,41.37884],[28.494546,41.378748],[28.493847,41.379068],[28.493582,41.379557],[28.494456,41.379827],[28.495211,41.380059],[28.49504,41.380973],[28.495624,41.38223],[28.49721,41.383203],[28.497268,41.383248],[28.498249,41.383698],[28.49927,41.383738],[28.499303,41.383739],[28.500056,41.383769],[28.501049,41.383807],[28.502263,41.383066],[28.50357,41.383165],[28.504871,41.38351],[28.505645,41.383055],[28.506814,41.382367],[28.508363,41.381858],[28.509895,41.381631],[28.51131,41.381759],[28.512735,41.381449],[28.514247,41.38051],[28.515714,41.378338],[28.516712,41.377639],[28.517483,41.377098],[28.518341,41.376497],[28.520056,41.376039],[28.521143,41.375749],[28.521206,41.375708],[28.521215,41.375702],[28.521479,41.37553],[28.521281,41.374576],[28.521181,41.374093],[28.520626,41.37363],[28.52066,41.372783],[28.520887,41.3722],[28.521295,41.371852],[28.522057,41.37164],[28.522708,41.371295],[28.523092,41.370775],[28.523178,41.370099],[28.52323,41.369706],[28.523447,41.369611],[28.523476,41.369598],[28.523535,41.36958],[28.523538,41.369579],[28.523598,41.369561],[28.524008,41.369434],[28.524631,41.369367],[28.525315,41.369391],[28.525963,41.369262],[28.526391,41.369055],[28.526637,41.368846],[28.527264,41.368763],[28.527507,41.36869],[28.527993,41.368575],[28.528702,41.368432],[28.529109,41.368225],[28.529351,41.368228],[28.529657,41.368034],[28.530208,41.367738],[28.530896,41.367625],[28.53191,41.367304],[28.532097,41.367048],[28.532106,41.366669],[28.531872,41.366332],[28.531767,41.366184],[28.531676,41.366056],[28.531669,41.365976],[28.531668,41.365973],[28.531644,41.365721],[28.531416,41.365464],[28.531251,41.365276],[28.531415,41.365126],[28.531901,41.365042],[28.532167,41.364847],[28.532617,41.364888],[28.53264,41.36489],[28.53275,41.3649],[28.534017,41.364977],[28.535202,41.365175],[28.536046,41.36549],[28.536144,41.365527],[28.53642,41.36563],[28.536692,41.365715],[28.537181,41.365868],[28.537505,41.365781],[28.537786,41.365475],[28.537835,41.365421],[28.537894,41.365375],[28.537918,41.365355],[28.538348,41.365017],[28.539223,41.364618],[28.540192,41.364524],[28.541177,41.364643],[28.542253,41.365158],[28.542976,41.365258],[28.543963,41.365286],[28.545033,41.365178],[28.545922,41.365273],[28.546458,41.36533],[28.54648,41.365333],[28.547083,41.365508],[28.547084,41.365508],[28.547263,41.36556],[28.547681,41.365682],[28.548254,41.365819],[28.548483,41.365874],[28.549087,41.365867],[28.54955,41.365689],[28.549737,41.3655],[28.549763,41.365473],[28.550109,41.365409],[28.55059,41.365381],[28.551306,41.365418],[28.552023,41.365358],[28.552587,41.365263],[28.554622,41.364653],[28.554891,41.364397],[28.555042,41.364139],[28.555411,41.36385],[28.555985,41.363727],[28.556706,41.363497],[28.556991,41.36333],[28.557364,41.362856],[28.557786,41.362199],[28.557989,41.362051],[28.558231,41.361781],[28.558671,41.361533],[28.558876,41.361276],[28.559143,41.361123],[28.559911,41.360818],[28.560506,41.360538],[28.560801,41.360337],[28.560998,41.360032],[28.56114,41.359767],[28.561523,41.359232],[28.56181,41.358871],[28.561878,41.358786],[28.562171,41.358653],[28.56225,41.358581],[28.562298,41.358538],[28.562522,41.358336],[28.562749,41.358014],[28.562793,41.35795],[28.562835,41.357698],[28.562714,41.35743],[28.562514,41.357221],[28.562475,41.357181],[28.562088,41.357039],[28.561732,41.357006],[28.561337,41.356968],[28.56096,41.356975],[28.560204,41.356988],[28.559179,41.357037],[28.558662,41.357038],[28.558272,41.357039],[28.558191,41.357042],[28.557528,41.357064],[28.557061,41.356947],[28.556924,41.356913],[28.556375,41.356722],[28.556136,41.356486],[28.556088,41.356238],[28.556063,41.356103],[28.556045,41.355969],[28.556043,41.355953],[28.556001,41.355624],[28.555924,41.355471],[28.555853,41.355328],[28.555362,41.35476],[28.55519,41.354562],[28.55514,41.354356],[28.554873,41.354148],[28.554657,41.353864],[28.55438,41.353499],[28.554054,41.353058],[28.552735,41.351244],[28.552092,41.350799],[28.55183,41.350734],[28.551097,41.350704],[28.55031,41.350633],[28.549841,41.350531],[28.549527,41.350391],[28.549436,41.350007],[28.54956,41.349701],[28.549965,41.349412],[28.550497,41.349146],[28.551202,41.349062],[28.551671,41.348802],[28.552106,41.348444],[28.55245,41.347987],[28.552686,41.34736],[28.553053,41.346736],[28.55319,41.346465],[28.553441,41.345971],[28.55376,41.345779],[28.553896,41.345501],[28.553776,41.345094],[28.553402,41.344348],[28.553317,41.344012],[28.553754,41.34357],[28.55494,41.342787],[28.55577,41.342154],[28.556022,41.341654],[28.55659,41.341158],[28.55718,41.340452],[28.557368,41.340328],[28.557558,41.340135],[28.557508,41.339869],[28.5574,41.339741],[28.557328,41.339656],[28.557232,41.339515],[28.557184,41.339445],[28.557189,41.339221],[28.557054,41.339127],[28.557006,41.339093],[28.556927,41.33905],[28.556768,41.338964],[28.556512,41.338874],[28.5564,41.338834],[28.556224,41.338704],[28.556071,41.338592],[28.555867,41.338603],[28.555462,41.338444],[28.555005,41.338159],[28.554966,41.338125],[28.55496,41.33812],[28.554714,41.337903],[28.55433,41.337633],[28.5542,41.337511],[28.554184,41.337496],[28.553876,41.337208],[28.55364,41.336967],[28.553233,41.336892],[28.552865,41.336775],[28.552574,41.33652],[28.552501,41.336428],[28.552339,41.336223],[28.552274,41.336046],[28.552269,41.336033],[28.552112,41.335605],[28.552084,41.335213],[28.552054,41.334891],[28.551599,41.334494],[28.551422,41.334114],[28.551429,41.333764],[28.55138,41.333498],[28.54954,41.332831],[28.548949,41.332794],[28.54812,41.332941],[28.547027,41.332989],[28.545014,41.33313],[28.544353,41.333051],[28.543022,41.33335],[28.542186,41.333839],[28.541544,41.333988],[28.541127,41.333396],[28.540522,41.333423],[28.538966,41.333929],[28.537616,41.334516],[28.537163,41.335028],[28.536782,41.335443],[28.53611,41.335356],[28.535617,41.335578],[28.535315,41.335935],[28.535199,41.336072],[28.534268,41.336139],[28.533168,41.336493],[28.532853,41.336541],[28.532272,41.337059],[28.531925,41.337138],[28.531057,41.337333],[28.529792,41.33779],[28.528778,41.337943],[28.528515,41.338264],[28.528416,41.338552],[28.528254,41.33852]]]}},{"type":"Feature","properties":{"id":"TR-Y-34-015-M-0010","level":"yerlesim","type":"mahalle","parent_id":"TR-D-34-015","province_id":"TR-P-34","district_id":"TR-D-34-015","name":"Çiftlikköy","source_raw_name":"ÇİFTLİKKÖY","source":"Kullanıcı tarafından sağlanan KML","source_label":"Kullanıcı tarafından sağlanan KML","source_name":"Istanbul Mahalle KML"},"geometry":{"type":"Polygon","coordinates":[[[28.445164,41.386336],[28.445322,41.386229],[28.445492,41.386057],[28.44553,41.385829],[28.445816,41.385613],[28.446028,41.385479],[28.446185,41.385399],[28.446497,41.385321],[28.446761,41.385235],[28.446956,41.385069],[28.447138,41.384912],[28.447388,41.384696],[28.447583,41.384584],[28.447779,41.384525],[28.447939,41.384446],[28.448066,41.384306],[28.448129,41.384121],[28.44828,41.38396],[28.448531,41.383795],[28.448744,41.383696],[28.4488,41.383573],[28.448728,41.383421],[28.448595,41.383296],[28.448565,41.383105],[28.448744,41.382966],[28.449046,41.382877],[28.449401,41.382771],[28.449621,41.382681],[28.449815,41.38267],[28.450081,41.382666],[28.450304,41.382772],[28.450566,41.382807],[28.450973,41.382856],[28.451119,41.382891],[28.451269,41.382936],[28.451445,41.383045],[28.451594,41.383148],[28.45178,41.383214],[28.451946,41.38325],[28.452139,41.383239],[28.452297,41.383178],[28.452495,41.383102],[28.452657,41.383024],[28.452838,41.382927],[28.453,41.382803],[28.453119,41.382692],[28.453196,41.382458],[28.45332,41.382363],[28.453479,41.382256],[28.453697,41.38216],[28.453999,41.382081],[28.454527,41.381929],[28.454892,41.381758],[28.455276,41.381571],[28.455618,41.381456],[28.455482,41.381238],[28.455614,41.380781],[28.455886,41.380285],[28.455715,41.38024],[28.455772,41.379758],[28.455952,41.379563],[28.455947,41.379235],[28.455892,41.378871],[28.456128,41.378423],[28.456277,41.378246],[28.456471,41.378017],[28.456859,41.377948],[28.456992,41.377922],[28.457046,41.377888],[28.457404,41.377699],[28.457628,41.37758],[28.457349,41.377389],[28.456421,41.376764],[28.45566,41.376254],[28.454512,41.375484],[28.454248,41.375189],[28.452747,41.373602],[28.45137,41.37218],[28.451404,41.371622],[28.451457,41.371042],[28.451514,41.370425],[28.45095,41.370165],[28.450376,41.369646],[28.450176,41.369358],[28.449867,41.369214],[28.449574,41.368928],[28.448985,41.368482],[28.448718,41.36824],[28.44941,41.368219],[28.450063,41.367992],[28.450743,41.367762],[28.450542,41.36693],[28.450211,41.366222],[28.449726,41.366056],[28.449443,41.365896],[28.449258,41.365718],[28.449081,41.365188],[28.448787,41.364976],[28.448583,41.364806],[28.448456,41.364725],[28.448247,41.364603],[28.448084,41.364513],[28.447895,41.364409],[28.447817,41.364375],[28.447555,41.364257],[28.447363,41.364133],[28.4472,41.364068],[28.447003,41.363993],[28.446791,41.363871],[28.446678,41.363787],[28.44659,41.363714],[28.446417,41.363505],[28.44623,41.363291],[28.446005,41.363049],[28.445802,41.362815],[28.445656,41.362581],[28.44562,41.36225],[28.445644,41.361949],[28.445754,41.361776],[28.445694,41.361678],[28.445566,41.3615],[28.445573,41.361482],[28.445717,41.36138],[28.445628,41.361239],[28.445553,41.361041],[28.445376,41.360842],[28.445096,41.360403],[28.444886,41.360067],[28.444771,41.359906],[28.444646,41.359867],[28.444555,41.359801],[28.444277,41.359543],[28.44414,41.359357],[28.444077,41.359222],[28.443959,41.358906],[28.443934,41.358578],[28.443919,41.357941],[28.44375,41.357343],[28.443597,41.357175],[28.443715,41.356801],[28.443681,41.356381],[28.44361,41.35623],[28.443542,41.356071],[28.443055,41.355704],[28.442392,41.355175],[28.442865,41.354527],[28.443702,41.353775],[28.443766,41.353598],[28.444004,41.353432],[28.444342,41.353196],[28.44463,41.352991],[28.444808,41.352854],[28.444832,41.352621],[28.444855,41.35236],[28.445149,41.352115],[28.445394,41.351698],[28.445914,41.351556],[28.446314,41.351258],[28.446586,41.351049],[28.446557,41.350712],[28.446509,41.350238],[28.446483,41.349938],[28.446446,41.349658],[28.446491,41.349576],[28.446637,41.349319],[28.446817,41.349001],[28.446934,41.348789],[28.446922,41.348666],[28.447211,41.348444],[28.447665,41.348092],[28.448064,41.347801],[28.448314,41.347631],[28.448911,41.347408],[28.449541,41.347163],[28.449785,41.346887],[28.450027,41.346602],[28.449925,41.345739],[28.44984,41.344874],[28.450516,41.34448],[28.450606,41.343637],[28.450817,41.343075],[28.450923,41.342783],[28.450888,41.342573],[28.450783,41.341994],[28.450827,41.341701],[28.450892,41.341177],[28.451144,41.340862],[28.451447,41.340477],[28.451629,41.340222],[28.451749,41.339343],[28.452248,41.338624],[28.451838,41.337831],[28.451795,41.337689],[28.451661,41.337116],[28.451594,41.336717],[28.451609,41.336599],[28.451619,41.336415],[28.451597,41.336412],[28.451327,41.336298],[28.451135,41.336218],[28.450772,41.336005],[28.450556,41.335877],[28.450299,41.335696],[28.450151,41.335598],[28.449851,41.335379],[28.449619,41.335214],[28.449455,41.335096],[28.449402,41.335041],[28.449252,41.334902],[28.44899,41.334769],[28.448793,41.334754],[28.448433,41.334725],[28.448163,41.334707],[28.447696,41.33466],[28.44754,41.334647],[28.447195,41.334622],[28.44725,41.33476],[28.447298,41.33487],[28.447408,41.335133],[28.447429,41.335193],[28.447149,41.335312],[28.447034,41.335358],[28.446786,41.335459],[28.44657,41.335549],[28.446375,41.335627],[28.446112,41.335744],[28.44589,41.335845],[28.445763,41.335903],[28.445636,41.335954],[28.445479,41.335978],[28.445241,41.335885],[28.445149,41.335886],[28.444924,41.335883],[28.444785,41.335884],[28.4445,41.335901],[28.444376,41.335909],[28.444245,41.335914],[28.443597,41.336148],[28.44323,41.336287],[28.44249,41.336557],[28.441604,41.335905],[28.44148,41.335806],[28.440947,41.335405],[28.44067,41.335201],[28.440157,41.335392],[28.439897,41.335492],[28.439763,41.335202],[28.439789,41.334232],[28.439704,41.333725],[28.439673,41.333489],[28.439873,41.333318],[28.439875,41.33299],[28.439583,41.333002],[28.439181,41.333034],[28.438632,41.332818],[28.437707,41.33247],[28.436925,41.332366],[28.437719,41.331735],[28.438209,41.331351],[28.438466,41.331156],[28.4388,41.33044],[28.439304,41.330066],[28.439237,41.329871],[28.439706,41.329416],[28.439995,41.329329],[28.439857,41.329092],[28.439974,41.328966],[28.440189,41.32886],[28.441221,41.328774],[28.441894,41.3288],[28.442249,41.328908],[28.443153,41.329209],[28.443571,41.329566],[28.445071,41.32945],[28.445249,41.329207],[28.446077,41.329026],[28.44646,41.328623],[28.447198,41.328161],[28.448078,41.328193],[28.448737,41.327674],[28.449164,41.327335],[28.449329,41.327586],[28.44967,41.326791],[28.449485,41.32643],[28.44923,41.326204],[28.449091,41.325963],[28.449018,41.325514],[28.448889,41.324802],[28.448715,41.323784],[28.448543,41.322859],[28.448462,41.322383],[28.448205,41.321699],[28.447912,41.320902],[28.447879,41.320593],[28.447771,41.320356],[28.448027,41.319583],[28.448225,41.319585],[28.449223,41.319933],[28.449258,41.319438],[28.449198,41.319006],[28.448796,41.318487],[28.448802,41.31821],[28.448824,41.317284],[28.44893,41.316892],[28.448854,41.316635],[28.448801,41.316395],[28.448661,41.315875],[28.448354,41.315681],[28.448485,41.315073],[28.449024,41.31434],[28.449428,41.313567],[28.44989,41.31255],[28.45003,41.311946],[28.449836,41.31133],[28.449153,41.310652],[28.448409,41.309887],[28.447867,41.308983],[28.44783,41.308955],[28.447848,41.308997],[28.447839,41.309829],[28.447108,41.310429],[28.445974,41.310212],[28.445337,41.31048],[28.445062,41.310516],[28.444423,41.310599],[28.443779,41.310869],[28.442905,41.31084],[28.442278,41.310996],[28.441615,41.311378],[28.441789,41.311537],[28.441407,41.311937],[28.441035,41.312689],[28.440814,41.313124],[28.440439,41.313881],[28.440774,41.314637],[28.440263,41.315295],[28.440044,41.315777],[28.439878,41.316515],[28.439586,41.316814],[28.439122,41.317293],[28.438601,41.317836],[28.438083,41.31836],[28.438009,41.318836],[28.43796,41.319199],[28.437442,41.319486],[28.436963,41.319758],[28.436435,41.319908],[28.436029,41.319863],[28.435912,41.320224],[28.435652,41.320399],[28.435429,41.320546],[28.435047,41.320529],[28.434815,41.320253],[28.434605,41.320005],[28.434433,41.319795],[28.434227,41.319551],[28.434047,41.319332],[28.43392,41.319042],[28.433778,41.31871],[28.433655,41.318424],[28.433739,41.318134],[28.433783,41.317809],[28.433812,41.317581],[28.433704,41.317435],[28.433608,41.317301],[28.433312,41.317245],[28.433056,41.317195],[28.432876,41.317164],[28.432715,41.317034],[28.432496,41.31686],[28.432346,41.316733],[28.431988,41.316651],[28.431568,41.316822],[28.431287,41.316684],[28.430925,41.3165],[28.430695,41.316156],[28.430382,41.315992],[28.430079,41.315819],[28.429894,41.315587],[28.429929,41.315473],[28.430004,41.315268],[28.429562,41.315107],[28.42911,41.314853],[28.428845,41.314641],[28.428481,41.314672],[28.427962,41.314533],[28.426983,41.314456],[28.426164,41.314233],[28.425466,41.314223],[28.424531,41.314918],[28.42409,41.315419],[28.423989,41.315687],[28.423312,41.316262],[28.42318,41.315906],[28.422638,41.31523],[28.422645,41.314961],[28.422445,41.314745],[28.422311,41.314221],[28.421672,41.313677],[28.42124,41.313525],[28.421226,41.313619],[28.421198,41.313849],[28.421232,41.314053],[28.421102,41.314323],[28.421326,41.314678],[28.421381,41.315067],[28.421439,41.315443],[28.421465,41.315613],[28.421574,41.315822],[28.421746,41.316164],[28.421539,41.31642],[28.421475,41.316507],[28.410423,41.323672],[28.400662,41.329945],[28.400385,41.333514],[28.402682,41.334917],[28.402617,41.334906],[28.401764,41.334934],[28.401953,41.335422],[28.402068,41.335737],[28.401758,41.335972],[28.40121,41.336393],[28.401079,41.337426],[28.401054,41.33762],[28.401492,41.338361],[28.401565,41.339402],[28.401165,41.339551],[28.400905,41.339664],[28.400431,41.339862],[28.400193,41.339988],[28.39976,41.340149],[28.399176,41.340392],[28.398075,41.340847],[28.397736,41.340972],[28.397736,41.340974],[28.398211,41.341967],[28.399637,41.342583],[28.399765,41.34266],[28.400709,41.343204],[28.40102,41.343929],[28.401107,41.344218],[28.401242,41.344424],[28.401315,41.344571],[28.401347,41.344717],[28.401311,41.345],[28.401582,41.347617],[28.400114,41.349602],[28.399479,41.350357],[28.399296,41.350598],[28.398274,41.352252],[28.396682,41.354983],[28.396009,41.354794],[28.395773,41.354717],[28.39541,41.354668],[28.395067,41.354713],[28.39481,41.354889],[28.394526,41.355148],[28.394414,41.3553],[28.394103,41.355247],[28.393527,41.355162],[28.393689,41.355351],[28.394201,41.355896],[28.394097,41.355975],[28.393668,41.356281],[28.394217,41.356863],[28.394698,41.356515],[28.395111,41.356458],[28.395505,41.356771],[28.395209,41.357932],[28.395144,41.358133],[28.395089,41.358582],[28.394994,41.359221],[28.395028,41.359826],[28.396173,41.360229],[28.396582,41.360134],[28.397482,41.359915],[28.398035,41.360391],[28.398901,41.361144],[28.399724,41.361856],[28.401459,41.363358],[28.402909,41.364622],[28.403178,41.364857],[28.40354,41.365166],[28.40397,41.365548],[28.403654,41.365785],[28.403187,41.366109],[28.40338,41.366593],[28.404773,41.367078],[28.405235,41.367254],[28.405955,41.367194],[28.407001,41.367106],[28.407328,41.367087],[28.408107,41.367101],[28.408662,41.367129],[28.409625,41.368652],[28.410219,41.369573],[28.410754,41.37041],[28.411743,41.371954],[28.412509,41.372154],[28.413099,41.372083],[28.413856,41.372616],[28.41471,41.372396],[28.415628,41.372175],[28.416193,41.372442],[28.417582,41.372515],[28.417621,41.372538],[28.417689,41.373005],[28.418699,41.372785],[28.420208,41.372452],[28.42085,41.372931],[28.421767,41.373302],[28.422136,41.373185],[28.422529,41.373069],[28.423141,41.372898],[28.423668,41.372992],[28.424161,41.373382],[28.424356,41.373654],[28.423804,41.37406],[28.4237,41.374529],[28.423681,41.375185],[28.423476,41.375753],[28.423498,41.376206],[28.423341,41.376667],[28.423227,41.377001],[28.423495,41.377403],[28.423389,41.377967],[28.423383,41.378211],[28.423365,41.37884],[28.423316,41.379641],[28.423431,41.3802],[28.423319,41.381003],[28.423787,41.38134],[28.424058,41.381882],[28.424368,41.382172],[28.424828,41.382694],[28.425822,41.383153],[28.426707,41.383317],[28.427507,41.383462],[28.428316,41.383498],[28.428942,41.383975],[28.429176,41.38416],[28.429969,41.384858],[28.430655,41.385459],[28.431143,41.386046],[28.431533,41.386538],[28.431535,41.386539],[28.432797,41.386689],[28.433381,41.386747],[28.434842,41.386664],[28.43597,41.387247],[28.436738,41.387164],[28.438214,41.387028],[28.439319,41.386929],[28.440072,41.386835],[28.440236,41.386773],[28.440962,41.386533],[28.441584,41.386373],[28.442491,41.386158],[28.442932,41.386107],[28.443212,41.386153],[28.443593,41.386238],[28.444055,41.386294],[28.44452,41.386335],[28.444734,41.386358],[28.445045,41.386362],[28.445164,41.386336]]]}},{"type":"Feature","properties":{"id":"TR-Y-34-015-M-0011","level":"yerlesim","type":"mahalle","parent_id":"TR-D-34-015","province_id":"TR-P-34","district_id":"TR-D-34-015","name":"Dağyenice","source_raw_name":"DAĞYENİCE","source":"Kullanıcı tarafından sağlanan KML","source_label":"Kullanıcı tarafından sağlanan KML","source_name":"Istanbul Mahalle KML"},"geometry":{"type":"Polygon","coordinates":[[[28.487187,41.308165],[28.487575,41.308135],[28.487946,41.308095],[28.488335,41.30799],[28.488767,41.307832],[28.489295,41.307618],[28.489988,41.30733],[28.490427,41.307141],[28.490966,41.306905],[28.491447,41.30669],[28.492009,41.306472],[28.492607,41.306236],[28.492968,41.306121],[28.493293,41.306041],[28.493676,41.305962],[28.494129,41.305902],[28.494518,41.305849],[28.494765,41.305804],[28.495325,41.305714],[28.495814,41.305645],[28.496403,41.305538],[28.497033,41.305453],[28.497563,41.305363],[28.498071,41.305228],[28.498904,41.304977],[28.499614,41.304756],[28.500205,41.304561],[28.500949,41.304349],[28.501493,41.304201],[28.501935,41.304088],[28.502473,41.303957],[28.503098,41.303788],[28.50353,41.303661],[28.503843,41.303546],[28.504028,41.303433],[28.504256,41.303224],[28.504515,41.302917],[28.504726,41.302677],[28.504949,41.302401],[28.505089,41.302212],[28.505147,41.301996],[28.505189,41.301806],[28.505142,41.301566],[28.505071,41.301351],[28.504971,41.301081],[28.504906,41.300896],[28.504819,41.300529],[28.504781,41.300305],[28.50475,41.299931],[28.504765,41.29957],[28.505164,41.299167],[28.505681,41.299049],[28.506178,41.298988],[28.506457,41.298922],[28.506729,41.298826],[28.506959,41.29873],[28.507217,41.298599],[28.507513,41.298466],[28.50768,41.298383],[28.507871,41.298281],[28.507968,41.29822],[28.508125,41.298125],[28.50825,41.298039],[28.508443,41.297907],[28.508551,41.297766],[28.50856,41.297686],[28.508438,41.297593],[28.508342,41.29756],[28.508323,41.297526],[28.50831,41.29747],[28.508198,41.29737],[28.508099,41.297281],[28.508002,41.297188],[28.507882,41.297123],[28.507752,41.297048],[28.50764,41.297002],[28.507515,41.296943],[28.507385,41.29687],[28.507613,41.296667],[28.507795,41.296506],[28.508009,41.296309],[28.508211,41.296129],[28.508467,41.295902],[28.508608,41.295746],[28.508616,41.295733],[28.508698,41.295595],[28.508744,41.295457],[28.508748,41.295403],[28.508752,41.295347],[28.508754,41.295315],[28.508755,41.295293],[28.508756,41.295259],[28.50876,41.295036],[28.508763,41.294891],[28.508765,41.294807],[28.508769,41.294616],[28.508777,41.294447],[28.508778,41.294349],[28.508775,41.294242],[28.508772,41.294119],[28.508724,41.293956],[28.508692,41.29386],[28.508635,41.293731],[28.508494,41.293516],[28.50834,41.293122],[28.508335,41.292902],[28.508312,41.292687],[28.508248,41.292488],[28.508172,41.292343],[28.5081,41.292232],[28.507964,41.292021],[28.507844,41.291837],[28.507769,41.29167],[28.50775,41.291598],[28.507698,41.291303],[28.507663,41.291004],[28.507643,41.290791],[28.507613,41.290663],[28.507563,41.290496],[28.507485,41.290305],[28.507264,41.289908],[28.507974,41.29009],[28.507955,41.289964],[28.507897,41.289236],[28.507875,41.288635],[28.507794,41.288066],[28.507875,41.287697],[28.507845,41.28729],[28.507801,41.286879],[28.507766,41.286528],[28.507908,41.286539],[28.508165,41.286578],[28.508457,41.286644],[28.50866,41.286684],[28.508831,41.286713],[28.508997,41.286688],[28.509215,41.286673],[28.509488,41.286572],[28.509841,41.286457],[28.510075,41.286326],[28.509833,41.286049],[28.5097,41.285978],[28.509372,41.286023],[28.509167,41.286021],[28.509087,41.285783],[28.509085,41.285736],[28.509177,41.285453],[28.509262,41.285036],[28.5093,41.284549],[28.509668,41.284327],[28.50969,41.284088],[28.509766,41.283482],[28.509838,41.283214],[28.510165,41.282623],[28.510136,41.282526],[28.510138,41.282439],[28.510159,41.282384],[28.510223,41.282315],[28.510294,41.282219],[28.510414,41.282046],[28.510511,41.281833],[28.510666,41.281569],[28.51075,41.281336],[28.5108,41.281185],[28.510834,41.281118],[28.510939,41.281013],[28.511227,41.28082],[28.511319,41.280704],[28.511508,41.28053],[28.511786,41.280334],[28.512061,41.280143],[28.512156,41.280047],[28.512294,41.279892],[28.512386,41.27962],[28.51246,41.279442],[28.512481,41.27936],[28.512484,41.279245],[28.512459,41.279175],[28.512372,41.279082],[28.512232,41.278995],[28.512164,41.278932],[28.512174,41.278813],[28.512149,41.278721],[28.512142,41.278608],[28.512209,41.27842],[28.512243,41.278221],[28.512253,41.277803],[28.512235,41.277407],[28.512221,41.277181],[28.512178,41.277033],[28.51214,41.276824],[28.512077,41.276661],[28.511846,41.276324],[28.512209,41.27622],[28.512387,41.276146],[28.512371,41.276093],[28.512243,41.275912],[28.512193,41.275772],[28.5121,41.275605],[28.511751,41.275281],[28.511728,41.275152],[28.511787,41.274867],[28.511598,41.274463],[28.511611,41.274108],[28.511642,41.273863],[28.511726,41.273306],[28.512234,41.273112],[28.512377,41.273034],[28.512382,41.273032],[28.512258,41.273],[28.512147,41.272991],[28.511847,41.272987],[28.511483,41.27301],[28.51121,41.273054],[28.511078,41.273082],[28.510694,41.273219],[28.510314,41.273378],[28.510026,41.273518],[28.509723,41.273695],[28.509359,41.273905],[28.508988,41.274115],[28.508798,41.274219],[28.508545,41.274317],[28.508309,41.27437],[28.508098,41.274419],[28.507854,41.274453],[28.507713,41.27447],[28.507356,41.274486],[28.507255,41.274492],[28.507051,41.274288],[28.506819,41.27407],[28.506564,41.273731],[28.506507,41.273067],[28.506049,41.272763],[28.505871,41.272645],[28.505664,41.27228],[28.505205,41.27193],[28.504998,41.271767],[28.504707,41.271618],[28.504174,41.271338],[28.503945,41.271174],[28.503835,41.271093],[28.50351,41.270812],[28.503466,41.27047],[28.503057,41.270168],[28.502943,41.27008],[28.502257,41.269623],[28.501839,41.269313],[28.501256,41.268928],[28.501129,41.268874],[28.501011,41.268815],[28.500873,41.268699],[28.500514,41.268368],[28.500369,41.268237],[28.500186,41.268106],[28.499862,41.267876],[28.499473,41.267598],[28.499453,41.267488],[28.499387,41.267358],[28.499385,41.267229],[28.499445,41.267082],[28.499509,41.267003],[28.499683,41.26697],[28.499798,41.267007],[28.499889,41.267023],[28.500111,41.26705],[28.50017,41.266989],[28.500227,41.266857],[28.50023,41.266723],[28.500112,41.266587],[28.499751,41.266368],[28.499351,41.266239],[28.499119,41.266178],[28.498967,41.266148],[28.498856,41.266098],[28.498863,41.266039],[28.498827,41.26592],[28.498826,41.265794],[28.498858,41.265634],[28.498938,41.265437],[28.49901,41.265311],[28.49909,41.265107],[28.499149,41.265077],[28.499276,41.265061],[28.49944,41.265056],[28.499515,41.265042],[28.499496,41.264938],[28.499266,41.264806],[28.499223,41.26473],[28.499336,41.26465],[28.499412,41.264642],[28.49957,41.264652],[28.499811,41.264567],[28.49981,41.264502],[28.499752,41.264423],[28.499598,41.264322],[28.499544,41.264323],[28.499343,41.264235],[28.499272,41.264222],[28.499213,41.264223],[28.499516,41.263324],[28.499743,41.26261],[28.49985,41.262275],[28.500433,41.262464],[28.501076,41.262823],[28.501135,41.262856],[28.50117,41.263035],[28.501058,41.263183],[28.500908,41.263405],[28.500797,41.26377],[28.500798,41.264041],[28.500883,41.264202],[28.501033,41.264286],[28.501276,41.264331],[28.501385,41.264323],[28.501606,41.264186],[28.502024,41.263793],[28.502143,41.26365],[28.502287,41.263543],[28.502394,41.263492],[28.502601,41.263542],[28.502794,41.263572],[28.503054,41.263466],[28.503273,41.263419],[28.503447,41.263453],[28.503667,41.263501],[28.50383,41.263573],[28.504042,41.263558],[28.504143,41.263457],[28.504151,41.262962],[28.504231,41.262635],[28.504342,41.262559],[28.504544,41.262519],[28.504516,41.262427],[28.504326,41.26222],[28.504303,41.262073],[28.504416,41.261905],[28.504533,41.261832],[28.504358,41.261754],[28.504143,41.261655],[28.503908,41.261548],[28.503739,41.261473],[28.503309,41.261287],[28.503063,41.261178],[28.502947,41.261128],[28.502817,41.261076],[28.502653,41.261004],[28.502519,41.26095],[28.502399,41.260911],[28.502222,41.260858],[28.502074,41.260816],[28.501797,41.260786],[28.501494,41.260759],[28.501389,41.260747],[28.501267,41.260689],[28.501114,41.260654],[28.50078,41.260534],[28.500642,41.260496],[28.500503,41.260473],[28.500396,41.260462],[28.500313,41.260451],[28.500224,41.260422],[28.500166,41.26038],[28.5001,41.260325],[28.500021,41.260222],[28.499916,41.260063],[28.499844,41.259928],[28.499752,41.259843],[28.499604,41.259725],[28.499418,41.259627],[28.499088,41.25947],[28.498941,41.259397],[28.498323,41.259169],[28.498349,41.259096],[28.498411,41.258993],[28.498498,41.258876],[28.498523,41.258831],[28.498379,41.258696],[28.498267,41.258622],[28.498149,41.258563],[28.498126,41.258554],[28.498093,41.258542],[28.498063,41.258534],[28.497972,41.258515],[28.497882,41.258501],[28.497768,41.258482],[28.497647,41.258443],[28.497495,41.258393],[28.497364,41.258349],[28.497231,41.258312],[28.49712,41.258281],[28.497008,41.258256],[28.496869,41.258254],[28.49662,41.258252],[28.49638,41.25825],[28.496303,41.258247],[28.496158,41.25821],[28.496026,41.25817],[28.495941,41.258123],[28.495838,41.258058],[28.495671,41.257961],[28.495591,41.257922],[28.4955,41.257918],[28.495362,41.25792],[28.495223,41.257927],[28.495132,41.2579],[28.494959,41.25784],[28.494803,41.257789],[28.494629,41.257732],[28.494445,41.257667],[28.494251,41.257598],[28.494117,41.257552],[28.493981,41.257513],[28.493779,41.257464],[28.49361,41.257419],[28.493494,41.257387],[28.493323,41.257321],[28.493247,41.257291],[28.493098,41.257228],[28.493013,41.257189],[28.492909,41.257148],[28.492799,41.25711],[28.492692,41.257068],[28.492614,41.257045],[28.492448,41.257],[28.492129,41.25695],[28.49227,41.256493],[28.491777,41.256412],[28.491074,41.25628],[28.490943,41.256261],[28.490794,41.256675],[28.490646,41.257094],[28.490456,41.257631],[28.490442,41.257654],[28.490065,41.257534],[28.489312,41.257313],[28.488486,41.257073],[28.488349,41.256568],[28.48806,41.256086],[28.4878,41.255642],[28.487625,41.255344],[28.487182,41.254952],[28.486662,41.254485],[28.486625,41.25381],[28.486578,41.253112],[28.485972,41.252676],[28.485579,41.252399],[28.485031,41.252006],[28.485004,41.251578],[28.484961,41.251015],[28.484935,41.250698],[28.484804,41.250258],[28.4847,41.249881],[28.484418,41.249526],[28.484133,41.249159],[28.483912,41.248863],[28.483693,41.248606],[28.483539,41.2484],[28.483415,41.247699],[28.483201,41.246289],[28.483725,41.245189],[28.483825,41.245139],[28.483937,41.24508],[28.484075,41.244978],[28.484194,41.244896],[28.484288,41.244833],[28.484365,41.244803],[28.484477,41.244776],[28.484652,41.244752],[28.484777,41.24472],[28.48487,41.244698],[28.484989,41.244668],[28.485223,41.244597],[28.485359,41.244552],[28.485522,41.2445],[28.485716,41.244418],[28.485827,41.24436],[28.485937,41.244307],[28.486026,41.244233],[28.486172,41.244129],[28.486336,41.24401],[28.486421,41.243936],[28.486502,41.243837],[28.486589,41.243712],[28.486674,41.243547],[28.486727,41.24346],[28.486791,41.243358],[28.486855,41.243281],[28.486981,41.243165],[28.487112,41.243051],[28.487311,41.242906],[28.487542,41.242757],[28.48771,41.24264],[28.487914,41.242505],[28.48809,41.242371],[28.488229,41.242259],[28.488409,41.242093],[28.488445,41.242037],[28.488401,41.241939],[28.488258,41.241564],[28.488163,41.241426],[28.488011,41.241257],[28.487869,41.241109],[28.487264,41.24141],[28.486686,41.241694],[28.486214,41.241934],[28.485109,41.242178],[28.484018,41.242014],[28.482517,41.242446],[28.481227,41.242741],[28.479591,41.243685],[28.478572,41.244379],[28.477149,41.245073],[28.475414,41.24593],[28.47587,41.246942],[28.476379,41.247735],[28.477175,41.249034],[28.476614,41.249162],[28.476145,41.249465],[28.475931,41.249779],[28.475804,41.249948],[28.475494,41.250233],[28.475187,41.250557],[28.47451,41.250933],[28.473604,41.251486],[28.473,41.251584],[28.472253,41.251524],[28.472094,41.251578],[28.471448,41.251716],[28.470651,41.251765],[28.470512,41.251707],[28.470364,41.251443],[28.470102,41.251379],[28.469707,41.251517],[28.469504,41.251341],[28.469364,41.25134],[28.469214,41.251158],[28.468961,41.251065],[28.46856,41.251126],[28.467994,41.251404],[28.467247,41.25159],[28.466771,41.251607],[28.465524,41.251554],[28.465112,41.251847],[28.464772,41.252274],[28.464189,41.252774],[28.463999,41.252981],[28.463756,41.253432],[28.463511,41.253539],[28.463313,41.253908],[28.463051,41.25403],[28.462529,41.253987],[28.461984,41.253787],[28.461796,41.253711],[28.461577,41.253665],[28.460933,41.253766],[28.460742,41.253857],[28.46055,41.254146],[28.460095,41.254226],[28.460037,41.254106],[28.459558,41.25409],[28.459268,41.253681],[28.459051,41.253688],[28.458925,41.253671],[28.458729,41.253643],[28.458492,41.25372],[28.458098,41.253639],[28.457881,41.253652],[28.457671,41.253661],[28.457313,41.253799],[28.456726,41.253748],[28.456358,41.253714],[28.456036,41.253739],[28.456036,41.253739],[28.455984,41.253975],[28.455824,41.254365],[28.455414,41.255065],[28.455083,41.255652],[28.455025,41.255805],[28.454998,41.255903],[28.454742,41.25607],[28.454295,41.25636],[28.454155,41.256514],[28.453853,41.256844],[28.453647,41.257078],[28.453493,41.257205],[28.453117,41.257513],[28.452832,41.257741],[28.452726,41.257829],[28.452598,41.257885],[28.452523,41.257942],[28.452103,41.258245],[28.451886,41.258507],[28.451459,41.259005],[28.451172,41.259311],[28.451039,41.259605],[28.45095,41.25981],[28.450744,41.25995],[28.451043,41.260521],[28.451469,41.260733],[28.45149,41.261151],[28.451349,41.261511],[28.451022,41.261941],[28.450625,41.262188],[28.450188,41.262458],[28.449882,41.262743],[28.449718,41.262979],[28.44979,41.263253],[28.450133,41.263466],[28.450228,41.263557],[28.450421,41.263766],[28.450605,41.263961],[28.450718,41.264201],[28.450742,41.264318],[28.450811,41.264574],[28.45094,41.264692],[28.451002,41.264835],[28.450941,41.265213],[28.45087,41.265607],[28.450776,41.265858],[28.450632,41.266002],[28.450443,41.266146],[28.449956,41.266504],[28.44964,41.266815],[28.449623,41.267734],[28.449438,41.268114],[28.449078,41.268842],[28.449111,41.269125],[28.449319,41.269513],[28.449474,41.269644],[28.449843,41.269923],[28.450171,41.27018],[28.450425,41.27036],[28.450692,41.270483],[28.451191,41.270698],[28.451462,41.270823],[28.451716,41.270948],[28.451892,41.271033],[28.452058,41.271127],[28.452332,41.271295],[28.452585,41.271445],[28.452829,41.271613],[28.453014,41.271745],[28.453202,41.271899],[28.45338,41.272029],[28.453477,41.272125],[28.453574,41.272176],[28.453744,41.272275],[28.453877,41.272346],[28.454108,41.272489],[28.454325,41.272686],[28.454414,41.272792],[28.454478,41.272887],[28.454526,41.272953],[28.454599,41.273091],[28.45469,41.273264],[28.454808,41.273472],[28.454874,41.273605],[28.454895,41.273687],[28.454948,41.273795],[28.455077,41.273951],[28.455228,41.274112],[28.455372,41.274283],[28.455471,41.274434],[28.455563,41.274612],[28.455622,41.274762],[28.455674,41.274932],[28.455707,41.275072],[28.455755,41.275279],[28.455778,41.275421],[28.4558,41.275594],[28.455839,41.275756],[28.455941,41.275917],[28.456094,41.276148],[28.456181,41.276261],[28.456379,41.27654],[28.456516,41.276743],[28.456669,41.276959],[28.456762,41.27706],[28.456907,41.277229],[28.457013,41.27733],[28.457159,41.277444],[28.457308,41.277558],[28.457469,41.277714],[28.457661,41.277866],[28.457783,41.277977],[28.457997,41.27817],[28.458055,41.278223],[28.458307,41.27845],[28.458523,41.278645],[28.458711,41.278801],[28.458876,41.27896],[28.459019,41.27905],[28.459284,41.27915],[28.459467,41.27921],[28.459558,41.279268],[28.459675,41.27933],[28.459828,41.279426],[28.46004,41.279541],[28.460223,41.279611],[28.460361,41.279633],[28.46049,41.279647],[28.460724,41.279657],[28.460858,41.279677],[28.460964,41.279688],[28.461191,41.279708],[28.461306,41.279735],[28.461401,41.279763],[28.461509,41.279802],[28.461581,41.279843],[28.461668,41.280041],[28.461748,41.280146],[28.46197,41.280284],[28.462145,41.280388],[28.462438,41.280554],[28.46249,41.280611],[28.46251,41.280987],[28.463774,41.28197],[28.464019,41.282262],[28.464257,41.282557],[28.464359,41.282691],[28.464473,41.282827],[28.464703,41.283119],[28.464941,41.28343],[28.465018,41.283544],[28.465133,41.283711],[28.465289,41.284009],[28.465403,41.284206],[28.465478,41.28438],[28.46561,41.284743],[28.465706,41.284977],[28.465845,41.285238],[28.466053,41.285582],[28.466278,41.285904],[28.466496,41.286179],[28.466715,41.286435],[28.466912,41.286655],[28.467157,41.286949],[28.467419,41.287269],[28.467558,41.287431],[28.467693,41.287614],[28.467776,41.287715],[28.467937,41.287919],[28.46811,41.28811],[28.468213,41.288246],[28.468323,41.288368],[28.468412,41.288473],[28.468506,41.288582],[28.468574,41.288675],[28.46871,41.288848],[28.468794,41.288975],[28.468931,41.289156],[28.469037,41.289306],[28.469146,41.289454],[28.469289,41.289638],[28.469388,41.289768],[28.469492,41.289933],[28.469578,41.290048],[28.469671,41.290133],[28.469771,41.290204],[28.46989,41.290288],[28.469881,41.290402],[28.469849,41.29076],[28.469823,41.291013],[28.469791,41.291249],[28.469756,41.29148],[28.469728,41.291717],[28.469699,41.291953],[28.469664,41.292196],[28.469638,41.292332],[28.469617,41.292485],[28.469539,41.292683],[28.469487,41.292813],[28.469395,41.293037],[28.469362,41.293255],[28.469369,41.293338],[28.469393,41.293524],[28.469474,41.293766],[28.469574,41.293943],[28.469668,41.29415],[28.46978,41.294405],[28.469991,41.294816],[28.470067,41.294984],[28.470129,41.295129],[28.470152,41.295332],[28.470167,41.295496],[28.47016,41.295689],[28.470157,41.295842],[28.470476,41.296226],[28.471368,41.296968],[28.472346,41.297583],[28.473174,41.298271],[28.474637,41.299054],[28.474945,41.299278],[28.475558,41.299388],[28.476665,41.299773],[28.477541,41.300264],[28.47801,41.300727],[28.478733,41.301909],[28.478679,41.302883],[28.478913,41.303595],[28.479744,41.304668],[28.480079,41.305058],[28.480322,41.30584],[28.480576,41.306559],[28.480879,41.306988],[28.481525,41.307508],[28.48181,41.307795],[28.48247,41.308582],[28.483517,41.308879],[28.483595,41.308895],[28.483701,41.308765],[28.483843,41.308597],[28.483981,41.30849],[28.484115,41.308409],[28.484281,41.308363],[28.484493,41.308319],[28.484784,41.308286],[28.48519,41.308258],[28.485428,41.308242],[28.485807,41.308227],[28.48627,41.308196],[28.486649,41.308181],[28.486987,41.308166],[28.487187,41.308165]]]}},{"type":"Feature","properties":{"id":"TR-Y-34-015-M-0012","level":"yerlesim","type":"mahalle","parent_id":"TR-D-34-015","province_id":"TR-P-34","district_id":"TR-D-34-015","name":"Elbasan","source_raw_name":"ELBASAN","source":"Kullanıcı tarafından sağlanan KML","source_label":"Kullanıcı tarafından sağlanan KML","source_name":"Istanbul Mahalle KML"},"geometry":{"type":"Polygon","coordinates":[[[28.408445,41.167305],[28.408909,41.166909],[28.4101,41.165886],[28.409594,41.164988],[28.409323,41.164155],[28.408756,41.162234],[28.408444,41.16125],[28.409018,41.161081],[28.40958,41.160133],[28.409219,41.159231],[28.40939,41.157676],[28.410259,41.156602],[28.410887,41.156764],[28.413512,41.156074],[28.414328,41.155555],[28.415438,41.154862],[28.415608,41.153625],[28.415418,41.152436],[28.415307,41.151561],[28.415219,41.15097],[28.415382,41.149745],[28.415522,41.148773],[28.41615,41.148003],[28.416715,41.147846],[28.416954,41.147672],[28.417463,41.147278],[28.418013,41.146795],[28.419208,41.145815],[28.420024,41.145944],[28.420729,41.147169],[28.422747,41.147622],[28.424265,41.14717],[28.4259,41.146679],[28.426556,41.146346],[28.427837,41.145679],[28.428319,41.14542],[28.428989,41.145134],[28.430156,41.144678],[28.430732,41.144072],[28.431078,41.143673],[28.43145,41.142994],[28.431719,41.142543],[28.431973,41.142045],[28.432219,41.141643],[28.432422,41.141238],[28.432613,41.140802],[28.432781,41.140572],[28.433047,41.140277],[28.433282,41.140005],[28.433283,41.140002],[28.433261,41.139983],[28.432977,41.139723],[28.432808,41.139568],[28.432556,41.139336],[28.432297,41.1391],[28.432072,41.138895],[28.43197,41.138795],[28.431848,41.138637],[28.431693,41.138437],[28.431549,41.138247],[28.431429,41.138065],[28.431301,41.137867],[28.431169,41.137668],[28.431099,41.137562],[28.430997,41.1374],[28.430897,41.137247],[28.430792,41.137096],[28.430712,41.137069],[28.430502,41.137001],[28.430265,41.136923],[28.430233,41.136903],[28.430197,41.136636],[28.430178,41.136448],[28.429998,41.136596],[28.429881,41.136682],[28.429765,41.136658],[28.429715,41.136581],[28.429692,41.136483],[28.429639,41.136295],[28.429509,41.136002],[28.429312,41.135648],[28.42917,41.135388],[28.429132,41.135315],[28.428961,41.134982],[28.428842,41.134758],[28.428689,41.134504],[28.428527,41.13424],[28.428356,41.133952],[28.428219,41.133722],[28.428097,41.133534],[28.427895,41.133233],[28.427702,41.132951],[28.427417,41.132544],[28.427292,41.132367],[28.427424,41.132243],[28.427507,41.132169],[28.427613,41.132071],[28.427579,41.132042],[28.427303,41.131798],[28.427156,41.131682],[28.427045,41.131518],[28.426897,41.131127],[28.426807,41.131011],[28.426685,41.130869],[28.426459,41.130613],[28.426237,41.130367],[28.42615,41.130065],[28.426058,41.129738],[28.426023,41.129439],[28.426001,41.129248],[28.425991,41.129032],[28.42596,41.128867],[28.425936,41.128784],[28.425889,41.128506],[28.42585,41.128306],[28.425819,41.12804],[28.425793,41.127715],[28.425788,41.127409],[28.425778,41.127111],[28.425364,41.127094],[28.425412,41.126703],[28.425428,41.126511],[28.425434,41.12631],[28.425442,41.126081],[28.425446,41.12582],[28.425454,41.125558],[28.425458,41.12532],[28.425457,41.125113],[28.425459,41.125043],[28.425181,41.12498],[28.42502,41.124985],[28.424947,41.124988],[28.42496,41.12489],[28.424873,41.124801],[28.424818,41.124771],[28.424911,41.124052],[28.424959,41.12375],[28.424799,41.123269],[28.42462,41.122833],[28.424784,41.122642],[28.42496,41.122424],[28.425106,41.12225],[28.425245,41.122084],[28.42544,41.121852],[28.425611,41.121653],[28.425735,41.121499],[28.425856,41.121347],[28.426012,41.121153],[28.426081,41.121052],[28.426149,41.120937],[28.426245,41.120787],[28.426332,41.120632],[28.426435,41.120448],[28.426537,41.120271],[28.426609,41.120133],[28.426468,41.120076],[28.426345,41.119976],[28.426219,41.119825],[28.426186,41.119764],[28.426104,41.119607],[28.426047,41.119472],[28.425987,41.119305],[28.425919,41.11919],[28.425808,41.119005],[28.425591,41.118584],[28.425482,41.118313],[28.425385,41.118104],[28.425286,41.117972],[28.425145,41.117772],[28.424977,41.117604],[28.424861,41.11749],[28.424769,41.117386],[28.424691,41.117326],[28.424573,41.11723],[28.424428,41.117134],[28.424228,41.11698],[28.424062,41.116802],[28.423993,41.116725],[28.423954,41.116681],[28.423914,41.116627],[28.423872,41.11657],[28.423841,41.116523],[28.42381,41.116484],[28.423782,41.116438],[28.423713,41.116343],[28.42363,41.116246],[28.423552,41.116171],[28.423444,41.116112],[28.423353,41.116085],[28.423245,41.116061],[28.423197,41.116055],[28.423146,41.116052],[28.423106,41.116056],[28.423019,41.11608],[28.422898,41.116094],[28.422809,41.116082],[28.422788,41.116073],[28.42287,41.116009],[28.422906,41.11593],[28.422919,41.115886],[28.422897,41.115851],[28.422881,41.11581],[28.422892,41.115766],[28.422935,41.115743],[28.423074,41.11575],[28.42312,41.115725],[28.423136,41.115676],[28.423109,41.115581],[28.423112,41.115551],[28.423128,41.115521],[28.422823,41.11552],[28.422723,41.115514],[28.422593,41.115507],[28.422447,41.115498],[28.422306,41.11549],[28.422213,41.115492],[28.422116,41.115495],[28.422023,41.11547],[28.421838,41.115421],[28.421663,41.115367],[28.421525,41.115324],[28.421385,41.11525],[28.421285,41.11514],[28.421223,41.115074],[28.421208,41.115062],[28.421181,41.115043],[28.421137,41.115011],[28.421065,41.11496],[28.420991,41.114908],[28.420979,41.114901],[28.420917,41.114866],[28.420881,41.114847],[28.420814,41.114812],[28.420739,41.114772],[28.420693,41.11474],[28.420659,41.114711],[28.420634,41.114688],[28.420609,41.114668],[28.420585,41.114649],[28.42054,41.114609],[28.420474,41.114553],[28.420362,41.114456],[28.420263,41.11437],[28.420204,41.11432],[28.420111,41.114239],[28.42004,41.114175],[28.419933,41.11408],[28.419793,41.113953],[28.419634,41.11381],[28.419348,41.113551],[28.419176,41.113622],[28.419069,41.113653],[28.418967,41.113685],[28.418855,41.113717],[28.418783,41.11373],[28.418597,41.113764],[28.418521,41.113767],[28.418393,41.113777],[28.418367,41.113777],[28.418176,41.113775],[28.418139,41.11378],[28.418086,41.113787],[28.417951,41.113803],[28.417777,41.113849],[28.417672,41.113908],[28.417252,41.114127],[28.416933,41.114301],[28.416718,41.114464],[28.41648,41.114626],[28.416378,41.114694],[28.416115,41.114844],[28.415985,41.114909],[28.415748,41.115009],[28.415606,41.11507],[28.415487,41.115126],[28.415371,41.115179],[28.415244,41.115254],[28.414988,41.115404],[28.414718,41.115648],[28.414635,41.115726],[28.414439,41.115885],[28.414268,41.116012],[28.414107,41.116127],[28.413969,41.116226],[28.413783,41.116341],[28.413638,41.116419],[28.413513,41.116481],[28.413366,41.116548],[28.413284,41.116589],[28.413123,41.116674],[28.412952,41.116767],[28.412849,41.116819],[28.41253,41.116988],[28.412309,41.117097],[28.412064,41.117196],[28.411766,41.117323],[28.411541,41.117436],[28.411352,41.117523],[28.411194,41.117584],[28.411094,41.117644],[28.410966,41.117725],[28.410812,41.1178],[28.41055,41.117935],[28.410347,41.11804],[28.410184,41.118125],[28.409961,41.118234],[28.409776,41.118326],[28.409676,41.118384],[28.409566,41.118437],[28.409365,41.118539],[28.409226,41.118604],[28.408903,41.11874],[28.408708,41.118824],[28.408465,41.118936],[28.408248,41.119035],[28.408008,41.119138],[28.407707,41.119258],[28.407408,41.119376],[28.407198,41.119466],[28.407002,41.119543],[28.406812,41.119614],[28.406717,41.11964],[28.406523,41.119696],[28.406256,41.119769],[28.406072,41.11981],[28.405778,41.119876],[28.405504,41.119934],[28.405314,41.119979],[28.405196,41.120025],[28.405105,41.12005],[28.404982,41.120078],[28.404973,41.120112],[28.404938,41.120725],[28.404914,41.12112],[28.404916,41.121319],[28.40491,41.121493],[28.404926,41.12169],[28.404942,41.121931],[28.404673,41.121972],[28.404679,41.122344],[28.403982,41.122429],[28.40354,41.122478],[28.403763,41.123195],[28.403805,41.123364],[28.403561,41.123368],[28.403275,41.123345],[28.40313,41.123387],[28.402627,41.123348],[28.402055,41.12344],[28.401369,41.123482],[28.400615,41.123492],[28.400043,41.123601],[28.399772,41.123649],[28.400042,41.123927],[28.400111,41.124033],[28.400307,41.124244],[28.400377,41.124352],[28.400679,41.12481],[28.400864,41.125178],[28.40103,41.125641],[28.401261,41.126294],[28.401444,41.126792],[28.401554,41.127416],[28.401617,41.127773],[28.401686,41.128219],[28.401622,41.128224],[28.400893,41.128223],[28.39916,41.12822],[28.398871,41.12822],[28.398902,41.12844],[28.398935,41.12884],[28.398954,41.12904],[28.398982,41.129239],[28.399155,41.129742],[28.39939,41.130297],[28.399382,41.130556],[28.39938,41.130791],[28.399377,41.131131],[28.399372,41.131403],[28.399362,41.131444],[28.399348,41.131554],[28.39933,41.131616],[28.399307,41.131725],[28.399269,41.131908],[28.399175,41.132127],[28.399012,41.132409],[28.398872,41.132634],[28.398834,41.132738],[28.398778,41.132991],[28.398691,41.133342],[28.398644,41.133529],[28.398597,41.133727],[28.398536,41.133817],[28.398406,41.13401],[28.398261,41.13426],[28.398126,41.134443],[28.398096,41.134437],[28.397359,41.134107],[28.397327,41.134168],[28.39708,41.134683],[28.397017,41.134805],[28.397051,41.13508],[28.397134,41.135276],[28.397134,41.135489],[28.39713,41.135588],[28.397145,41.135654],[28.397231,41.135898],[28.397274,41.135991],[28.397254,41.136195],[28.397235,41.136455],[28.397191,41.136659],[28.397198,41.136954],[28.397263,41.137206],[28.397281,41.137299],[28.39734,41.137598],[28.397319,41.137946],[28.397304,41.138012],[28.397295,41.138086],[28.397283,41.138201],[28.397255,41.138283],[28.397156,41.138554],[28.397042,41.138972],[28.397024,41.139062],[28.397012,41.139344],[28.396949,41.139785],[28.396751,41.139981],[28.396381,41.140388],[28.396367,41.14061],[28.396248,41.140967],[28.396227,41.141116],[28.39599,41.141491],[28.395957,41.141573],[28.3957,41.142021],[28.395247,41.141895],[28.394922,41.141891],[28.394721,41.141649],[28.39446,41.14137],[28.394041,41.140913],[28.393815,41.140657],[28.393532,41.140358],[28.393349,41.140136],[28.392794,41.139471],[28.392741,41.139331],[28.392458,41.139218],[28.391453,41.138839],[28.391012,41.138723],[28.389605,41.138479],[28.38963,41.138084],[28.389568,41.138066],[28.388985,41.137993],[28.387072,41.137706],[28.385913,41.137519],[28.385892,41.137514],[28.385888,41.137523],[28.385884,41.137522],[28.385882,41.137526],[28.385725,41.137827],[28.384807,41.138831],[28.384366,41.13971],[28.38436,41.139967],[28.384186,41.140196],[28.383766,41.140626],[28.383503,41.140715],[28.383188,41.14104],[28.383272,41.141411],[28.383126,41.141647],[28.382642,41.142016],[28.382874,41.142449],[28.382669,41.142816],[28.382211,41.143621],[28.382174,41.144004],[28.38196,41.144384],[28.382438,41.145038],[28.382575,41.145139],[28.382898,41.145255],[28.382736,41.145412],[28.382931,41.145804],[28.38288,41.145995],[28.383022,41.146631],[28.383315,41.146872],[28.38333,41.147401],[28.38367,41.147551],[28.383766,41.147843],[28.384937,41.148685],[28.385114,41.149045],[28.385276,41.14948],[28.385097,41.149852],[28.384796,41.1502],[28.384738,41.150424],[28.384312,41.150698],[28.382897,41.151318],[28.382889,41.151643],[28.382318,41.153364],[28.38146,41.154436],[28.381534,41.154587],[28.381738,41.154895],[28.381203,41.155137],[28.381803,41.15626],[28.381448,41.156365],[28.381577,41.156851],[28.382708,41.158156],[28.382804,41.158562],[28.383509,41.159966],[28.383939,41.160552],[28.3834,41.160959],[28.38048,41.162173],[28.380338,41.161901],[28.379663,41.162136],[28.379153,41.162234],[28.378843,41.162215],[28.379021,41.162422],[28.37907,41.163007],[28.37851,41.163424],[28.377752,41.163838],[28.376308,41.162364],[28.374639,41.16313],[28.373361,41.163106],[28.372293,41.16314],[28.371615,41.162711],[28.371292,41.162379],[28.371158,41.162463],[28.37097,41.162579],[28.370757,41.162586],[28.370838,41.163769],[28.370506,41.165736],[28.370173,41.166405],[28.370418,41.166531],[28.370463,41.166937],[28.370832,41.167044],[28.37051,41.167523],[28.370584,41.167886],[28.370522,41.168163],[28.370356,41.16819],[28.370392,41.168386],[28.370325,41.16859],[28.370505,41.169398],[28.37052,41.169642],[28.369972,41.170054],[28.370058,41.170192],[28.370325,41.170543],[28.37032,41.170733],[28.369987,41.171685],[28.369876,41.172264],[28.369549,41.172689],[28.369315,41.17294],[28.369044,41.173039],[28.368685,41.173063],[28.368578,41.173193],[28.368313,41.173331],[28.36796,41.173394],[28.367527,41.173339],[28.366577,41.173599],[28.365865,41.173697],[28.365361,41.174063],[28.365277,41.174125],[28.365457,41.174805],[28.365402,41.174942],[28.365732,41.175251],[28.365889,41.175319],[28.366214,41.175371],[28.36645,41.175628],[28.366605,41.175575],[28.366764,41.17554],[28.367631,41.17598],[28.367818,41.176263],[28.368205,41.17719],[28.369107,41.177743],[28.369248,41.177652],[28.369485,41.177985],[28.369955,41.179289],[28.370196,41.179483],[28.370688,41.180257],[28.371188,41.180721],[28.37241,41.183088],[28.372951,41.182776],[28.373443,41.182494],[28.373635,41.182447],[28.374019,41.182363],[28.374591,41.182286],[28.37469,41.182009],[28.374532,41.18176],[28.374575,41.181624],[28.374702,41.181463],[28.374959,41.18125],[28.375229,41.180762],[28.375569,41.180271],[28.375689,41.179924],[28.376001,41.179931],[28.376362,41.180155],[28.376547,41.180238],[28.376768,41.180358],[28.376993,41.180463],[28.377262,41.180504],[28.377532,41.18054],[28.377875,41.180513],[28.378221,41.180627],[28.378496,41.180647],[28.378957,41.180656],[28.379144,41.18043],[28.379259,41.180275],[28.379479,41.180054],[28.379789,41.180062],[28.380019,41.180055],[28.380155,41.180011],[28.38026,41.179963],[28.380362,41.179899],[28.380433,41.179821],[28.381132,41.179247],[28.382423,41.178231],[28.382805,41.177972],[28.383104,41.177638],[28.383189,41.177508],[28.383315,41.176993],[28.383358,41.176676],[28.383383,41.176418],[28.383438,41.17621],[28.383542,41.176084],[28.38365,41.17603],[28.383696,41.176171],[28.383745,41.176257],[28.383886,41.176489],[28.383914,41.176442],[28.383878,41.176097],[28.383969,41.175995],[28.383592,41.175872],[28.383615,41.17532],[28.383351,41.175236],[28.383359,41.175004],[28.383402,41.174759],[28.383449,41.174636],[28.383607,41.174353],[28.383497,41.174301],[28.383508,41.174166],[28.383585,41.174059],[28.383703,41.173882],[28.383769,41.173735],[28.383893,41.173339],[28.383889,41.17314],[28.383773,41.17265],[28.383605,41.172255],[28.383612,41.171975],[28.383635,41.171846],[28.383671,41.17173],[28.383747,41.171519],[28.383778,41.171413],[28.383851,41.171134],[28.383881,41.171041],[28.38393,41.170845],[28.383998,41.170471],[28.38411,41.17015],[28.384137,41.169866],[28.384179,41.169553],[28.384209,41.169346],[28.3843,41.169161],[28.384415,41.168894],[28.384446,41.168846],[28.38456,41.168629],[28.384775,41.168432],[28.384961,41.168298],[28.384972,41.168071],[28.384994,41.167554],[28.385286,41.167224],[28.38549,41.166991],[28.385833,41.166785],[28.386285,41.166607],[28.386599,41.166395],[28.387189,41.166011],[28.387568,41.165768],[28.388264,41.165317],[28.388418,41.165482],[28.388522,41.165604],[28.388663,41.165769],[28.388823,41.165965],[28.389,41.166169],[28.389112,41.166292],[28.389225,41.166418],[28.389616,41.166123],[28.389747,41.166045],[28.390191,41.165881],[28.390577,41.16574],[28.390696,41.165694],[28.390905,41.165618],[28.391121,41.165533],[28.39127,41.165488],[28.391424,41.165439],[28.391641,41.165373],[28.391862,41.165303],[28.392051,41.165234],[28.392251,41.165166],[28.392531,41.165244],[28.392819,41.165328],[28.392848,41.165339],[28.393008,41.165403],[28.393235,41.165493],[28.393305,41.165445],[28.393652,41.165324],[28.394063,41.165163],[28.39419,41.165119],[28.394155,41.165052],[28.394076,41.164914],[28.393973,41.164676],[28.393922,41.164481],[28.393886,41.164296],[28.393879,41.164055],[28.393902,41.163881],[28.393927,41.163707],[28.393953,41.163556],[28.39398,41.163434],[28.393997,41.16337],[28.394024,41.163281],[28.394059,41.163182],[28.394118,41.163026],[28.394168,41.162907],[28.394215,41.162797],[28.394317,41.162587],[28.394447,41.162324],[28.394595,41.162031],[28.394755,41.161747],[28.394897,41.161496],[28.395049,41.161218],[28.395225,41.160891],[28.395389,41.160573],[28.395547,41.160261],[28.395648,41.160046],[28.395768,41.159799],[28.395864,41.159607],[28.395966,41.159403],[28.396088,41.159128],[28.396175,41.158922],[28.396259,41.158708],[28.396388,41.158383],[28.396488,41.158176],[28.396962,41.159001],[28.397114,41.159116],[28.397365,41.159243],[28.397677,41.159384],[28.398139,41.159647],[28.398329,41.159801],[28.398626,41.160123],[28.398861,41.160304],[28.399074,41.160461],[28.399125,41.160555],[28.399122,41.160666],[28.399195,41.160777],[28.399329,41.160837],[28.399619,41.160947],[28.399881,41.160995],[28.40007,41.160944],[28.400215,41.160973],[28.400354,41.161041],[28.40051,41.161123],[28.400619,41.161235],[28.400767,41.161423],[28.400926,41.161598],[28.40121,41.161713],[28.401548,41.161801],[28.401756,41.161919],[28.401921,41.162116],[28.402096,41.162398],[28.40229,41.162595],[28.402504,41.162713],[28.402754,41.162778],[28.403047,41.162774],[28.403398,41.162774],[28.403707,41.162827],[28.404249,41.162893],[28.405102,41.163064],[28.405645,41.163138],[28.405863,41.163198],[28.405989,41.163256],[28.406132,41.163331],[28.406252,41.163445],[28.406363,41.16358],[28.40642,41.163776],[28.406432,41.164025],[28.406411,41.164327],[28.406352,41.164791],[28.406301,41.165252],[28.406297,41.165574],[28.406312,41.165697],[28.406383,41.16587],[28.406476,41.166001],[28.4066,41.166142],[28.406712,41.166233],[28.406859,41.166308],[28.407143,41.166405],[28.407491,41.166516],[28.407778,41.166649],[28.408042,41.166793],[28.408324,41.166959],[28.408445,41.167305]]]}},{"type":"Feature","properties":{"id":"TR-Y-34-015-M-0013","level":"yerlesim","type":"mahalle","parent_id":"TR-D-34-015","province_id":"TR-P-34","district_id":"TR-D-34-015","name":"Fatih","source_raw_name":"FATİH","source":"Kullanıcı tarafından sağlanan KML","source_label":"Kullanıcı tarafından sağlanan KML","source_name":"Istanbul Mahalle KML"},"geometry":{"type":"Polygon","coordinates":[[[28.146372,41.583405],[28.147278,41.58294],[28.148114,41.582273],[28.149542,41.581415],[28.150955,41.580623],[28.151595,41.580097],[28.15219,41.579809],[28.153356,41.579608],[28.154037,41.579658],[28.154049,41.579625],[28.154196,41.579594],[28.154508,41.579529],[28.154586,41.579523],[28.154723,41.57952],[28.154846,41.579518],[28.154986,41.579525],[28.155138,41.57955],[28.155208,41.579575],[28.155271,41.579604],[28.155322,41.579659],[28.155333,41.579696],[28.15532,41.579761],[28.155313,41.579853],[28.155304,41.579941],[28.15532,41.580008],[28.155347,41.580086],[28.155424,41.580096],[28.155474,41.58008],[28.155525,41.58013],[28.155592,41.580164],[28.155674,41.580168],[28.155726,41.580139],[28.155772,41.580128],[28.155832,41.580161],[28.155895,41.580183],[28.155954,41.580218],[28.156019,41.580224],[28.156054,41.580211],[28.156122,41.580212],[28.156205,41.580218],[28.156258,41.580149],[28.156291,41.580071],[28.156335,41.580011],[28.156237,41.579939],[28.156086,41.579887],[28.156097,41.579864],[28.156151,41.579849],[28.156229,41.579834],[28.156265,41.579844],[28.156322,41.579877],[28.156365,41.57992],[28.15638,41.579949],[28.156419,41.57995],[28.156466,41.57996],[28.156519,41.579923],[28.156526,41.579896],[28.156506,41.579865],[28.156481,41.579839],[28.156452,41.579818],[28.156419,41.579799],[28.156414,41.57977],[28.156394,41.579726],[28.156411,41.579712],[28.15644,41.579734],[28.156457,41.579752],[28.156486,41.579778],[28.156513,41.579798],[28.156547,41.579796],[28.156573,41.579781],[28.156579,41.579756],[28.156564,41.57973],[28.156547,41.5797],[28.15653,41.579682],[28.156541,41.579655],[28.156552,41.579637],[28.15654,41.579614],[28.156526,41.579588],[28.156542,41.579564],[28.156569,41.579568],[28.156583,41.579584],[28.156626,41.579599],[28.156654,41.579586],[28.156635,41.579547],[28.156662,41.579522],[28.156706,41.579496],[28.156732,41.57948],[28.15679,41.579476],[28.156817,41.579512],[28.15683,41.579547],[28.156846,41.57957],[28.15688,41.579578],[28.156933,41.57958],[28.156959,41.579575],[28.156976,41.579533],[28.156988,41.579507],[28.157012,41.579482],[28.157052,41.579495],[28.15706,41.579515],[28.15706,41.579575],[28.157077,41.579614],[28.157093,41.579637],[28.15715,41.57965],[28.157185,41.579643],[28.157207,41.579627],[28.157215,41.579663],[28.157231,41.5797],[28.157266,41.579725],[28.157307,41.579729],[28.157329,41.579732],[28.157422,41.57974],[28.157489,41.579738],[28.157504,41.579759],[28.157501,41.579788],[28.157509,41.579817],[28.157532,41.579822],[28.157542,41.579848],[28.157562,41.579873],[28.157612,41.579864],[28.157622,41.579844],[28.157638,41.579812],[28.157687,41.579812],[28.157712,41.579818],[28.157726,41.579836],[28.157726,41.579864],[28.157746,41.579894],[28.157768,41.579904],[28.157753,41.57993],[28.157767,41.579951],[28.157808,41.579947],[28.157854,41.579932],[28.157877,41.579937],[28.157908,41.579939],[28.157921,41.57992],[28.157944,41.579891],[28.157957,41.579869],[28.157978,41.579857],[28.158008,41.579858],[28.158023,41.57987],[28.158043,41.579882],[28.158068,41.579879],[28.15809,41.579867],[28.158129,41.579843],[28.158164,41.579819],[28.158184,41.579794],[28.158215,41.579771],[28.158228,41.579751],[28.158246,41.579735],[28.158248,41.579702],[28.15825,41.579681],[28.158272,41.579671],[28.15833,41.579671],[28.158414,41.579665],[28.158496,41.579649],[28.158529,41.579634],[28.158573,41.579628],[28.158561,41.579653],[28.158537,41.579667],[28.158532,41.57969],[28.158553,41.579705],[28.158603,41.579696],[28.158669,41.579681],[28.158708,41.579667],[28.158735,41.579648],[28.158784,41.579613],[28.158797,41.579584],[28.158818,41.579568],[28.158873,41.579547],[28.15893,41.579526],[28.158993,41.579508],[28.159055,41.579477],[28.159097,41.579456],[28.159124,41.579429],[28.159132,41.579405],[28.159145,41.579377],[28.159188,41.57934],[28.159205,41.579311],[28.15924,41.579309],[28.15926,41.579354],[28.159264,41.579379],[28.159283,41.57941],[28.159316,41.579431],[28.159355,41.579446],[28.159422,41.579442],[28.159467,41.579432],[28.159514,41.57941],[28.159552,41.579398],[28.15962,41.579395],[28.159671,41.579407],[28.159673,41.579443],[28.15965,41.579479],[28.159693,41.579549],[28.159711,41.579573],[28.159751,41.579574],[28.159778,41.579547],[28.159813,41.579527],[28.159877,41.579497],[28.159917,41.579462],[28.159962,41.579412],[28.159991,41.579426],[28.160034,41.579419],[28.160098,41.579373],[28.160127,41.579337],[28.160152,41.579344],[28.160168,41.57936],[28.160202,41.579357],[28.160224,41.579345],[28.160203,41.579333],[28.160185,41.579327],[28.160185,41.579309],[28.160266,41.579265],[28.160336,41.579221],[28.160406,41.579209],[28.160456,41.579211],[28.160461,41.579202],[28.160453,41.57919],[28.160452,41.579181],[28.160493,41.579163],[28.160558,41.579167],[28.160552,41.57919],[28.160546,41.579221],[28.160565,41.579259],[28.160641,41.579293],[28.160691,41.579296],[28.16071,41.579311],[28.160742,41.57931],[28.160765,41.579305],[28.160779,41.579321],[28.160804,41.579324],[28.160832,41.579311],[28.160844,41.579302],[28.160877,41.579295],[28.160897,41.57928],[28.160939,41.579231],[28.160921,41.579222],[28.160812,41.579208],[28.160806,41.579183],[28.160889,41.57917],[28.160948,41.579155],[28.160956,41.579137],[28.160918,41.579114],[28.16089,41.57911],[28.1609,41.579099],[28.161032,41.579079],[28.161052,41.579064],[28.161037,41.579049],[28.160895,41.579034],[28.160879,41.579024],[28.160915,41.579015],[28.160923,41.579003],[28.161023,41.578989],[28.161047,41.578967],[28.160985,41.578908],[28.160969,41.578886],[28.16099,41.578885],[28.161093,41.578924],[28.161138,41.578922],[28.161162,41.578892],[28.161201,41.578907],[28.161215,41.578947],[28.161262,41.578952],[28.161297,41.57894],[28.161329,41.578936],[28.16136,41.578927],[28.161375,41.578915],[28.161383,41.578901],[28.161422,41.578899],[28.161484,41.578905],[28.16152,41.578897],[28.161559,41.578883],[28.161602,41.578886],[28.161657,41.57887],[28.161674,41.578837],[28.161719,41.578806],[28.161755,41.578823],[28.161779,41.578832],[28.161809,41.578822],[28.161811,41.578806],[28.161836,41.578797],[28.161902,41.578799],[28.161923,41.578796],[28.161955,41.5788],[28.161981,41.578823],[28.16198,41.578864],[28.161993,41.578871],[28.162027,41.578875],[28.162028,41.578915],[28.16204,41.578924],[28.162069,41.578925],[28.162106,41.578913],[28.162149,41.57888],[28.162234,41.578836],[28.162285,41.57884],[28.16235,41.578855],[28.162397,41.578871],[28.162442,41.578871],[28.162493,41.57886],[28.162544,41.578826],[28.162569,41.57883],[28.162603,41.578816],[28.162662,41.578743],[28.162695,41.578747],[28.16264,41.578812],[28.162649,41.578828],[28.162663,41.578838],[28.162689,41.578857],[28.162705,41.57887],[28.162676,41.578902],[28.162692,41.578918],[28.162734,41.578929],[28.162772,41.578923],[28.162772,41.578895],[28.16281,41.578862],[28.16285,41.578814],[28.162856,41.578775],[28.162849,41.578684],[28.16285,41.578662],[28.16288,41.578652],[28.162979,41.5786],[28.162988,41.578588],[28.163026,41.578577],[28.163049,41.578568],[28.163113,41.578534],[28.16315,41.578512],[28.16318,41.578495],[28.163214,41.578467],[28.163253,41.578459],[28.163288,41.578475],[28.163329,41.578478],[28.163352,41.578459],[28.163374,41.578457],[28.163352,41.578508],[28.163366,41.578526],[28.163406,41.578527],[28.163447,41.578494],[28.163487,41.57846],[28.163515,41.57845],[28.163554,41.578468],[28.163577,41.578481],[28.16366,41.578499],[28.163693,41.578495],[28.163713,41.578478],[28.163745,41.578465],[28.163764,41.578487],[28.163798,41.578493],[28.163843,41.578469],[28.163872,41.578471],[28.163884,41.578573],[28.163894,41.578595],[28.163931,41.578552],[28.16396,41.578506],[28.163988,41.578502],[28.164,41.578515],[28.164027,41.578519],[28.164024,41.578574],[28.164042,41.578572],[28.164049,41.578555],[28.164068,41.578534],[28.164078,41.578548],[28.16411,41.578599],[28.164121,41.578638],[28.164148,41.578656],[28.164207,41.57866],[28.164227,41.578681],[28.164234,41.578698],[28.164253,41.578709],[28.164248,41.578723],[28.164216,41.578743],[28.164229,41.578764],[28.164266,41.578776],[28.164344,41.57879],[28.164413,41.578812],[28.16443,41.578805],[28.164429,41.578788],[28.164457,41.578773],[28.164486,41.578765],[28.16452,41.578737],[28.164535,41.578745],[28.164567,41.578742],[28.164576,41.578733],[28.164593,41.578738],[28.164617,41.578745],[28.164651,41.57874],[28.164723,41.578747],[28.16475,41.578755],[28.164777,41.578751],[28.164803,41.578752],[28.164808,41.578785],[28.164823,41.57882],[28.164848,41.578845],[28.164878,41.578835],[28.164906,41.578807],[28.164944,41.578819],[28.164964,41.578806],[28.164977,41.578782],[28.165013,41.578767],[28.165035,41.578743],[28.165069,41.578737],[28.165085,41.578756],[28.16508,41.578791],[28.165026,41.578857],[28.165046,41.578855],[28.165098,41.578825],[28.165119,41.578831],[28.165138,41.578822],[28.165171,41.578814],[28.165222,41.578806],[28.16525,41.578784],[28.165256,41.578752],[28.165263,41.578732],[28.165203,41.578681],[28.165202,41.578662],[28.165213,41.578635],[28.16525,41.578579],[28.165254,41.578545],[28.165281,41.578459],[28.165318,41.578449],[28.165347,41.578427],[28.165386,41.578404],[28.165447,41.578386],[28.165487,41.578379],[28.165551,41.578382],[28.165611,41.578382],[28.165632,41.578417],[28.165657,41.578467],[28.165694,41.578479],[28.165765,41.578497],[28.165786,41.578482],[28.165724,41.578457],[28.165717,41.578436],[28.165735,41.578441],[28.165796,41.578459],[28.165837,41.578453],[28.165858,41.578437],[28.165898,41.578435],[28.165935,41.578465],[28.165962,41.578479],[28.166017,41.578463],[28.166046,41.578435],[28.166066,41.57841],[28.166075,41.578396],[28.166051,41.578376],[28.166042,41.578363],[28.166059,41.578359],[28.166139,41.578377],[28.166228,41.578377],[28.16627,41.578355],[28.166266,41.57833],[28.166258,41.578304],[28.166236,41.578276],[28.166168,41.578249],[28.165997,41.578192],[28.165901,41.578181],[28.165894,41.578158],[28.165899,41.578112],[28.165933,41.57809],[28.166002,41.57803],[28.166125,41.577937],[28.166155,41.577913],[28.166164,41.577878],[28.166183,41.577827],[28.166243,41.577809],[28.166271,41.577803],[28.166283,41.577774],[28.166286,41.577725],[28.166311,41.577685],[28.166333,41.577683],[28.16634,41.577654],[28.166375,41.577646],[28.166401,41.577626],[28.166461,41.577567],[28.166482,41.577562],[28.166493,41.577586],[28.166506,41.577604],[28.166484,41.577631],[28.166503,41.577639],[28.166512,41.577628],[28.166526,41.577636],[28.166553,41.577645],[28.166597,41.577618],[28.166629,41.577627],[28.166647,41.577612],[28.16668,41.577607],[28.166716,41.577593],[28.166733,41.577563],[28.166758,41.577536],[28.16682,41.577529],[28.166833,41.577556],[28.166834,41.577603],[28.166843,41.577613],[28.166876,41.577617],[28.166929,41.577621],[28.166933,41.577628],[28.166879,41.577645],[28.166879,41.577661],[28.166889,41.577719],[28.166914,41.577719],[28.166929,41.577714],[28.166925,41.577704],[28.166933,41.577699],[28.166954,41.577711],[28.166969,41.577708],[28.166975,41.577695],[28.166972,41.577678],[28.166968,41.577634],[28.166985,41.577625],[28.166989,41.577601],[28.167006,41.577603],[28.167004,41.577622],[28.166991,41.577666],[28.166998,41.577704],[28.167018,41.577709],[28.167059,41.577696],[28.16708,41.577677],[28.167085,41.577661],[28.167064,41.577631],[28.167048,41.577607],[28.167055,41.577593],[28.16707,41.577591],[28.167086,41.5776],[28.167092,41.577588],[28.167094,41.577556],[28.16709,41.577511],[28.167084,41.577502],[28.167073,41.577509],[28.167057,41.577519],[28.167045,41.577514],[28.167052,41.5775],[28.167029,41.577466],[28.167003,41.577472],[28.166995,41.57746],[28.166991,41.577433],[28.167017,41.577412],[28.167043,41.577408],[28.16703,41.577393],[28.167029,41.577387],[28.167047,41.577392],[28.1671,41.577413],[28.167122,41.577409],[28.167108,41.57739],[28.167119,41.577383],[28.167155,41.577384],[28.167169,41.577376],[28.167176,41.577351],[28.167167,41.577338],[28.167181,41.577335],[28.167213,41.577341],[28.167237,41.577348],[28.167244,41.577337],[28.167236,41.577324],[28.167215,41.577313],[28.167152,41.577316],[28.167103,41.577308],[28.167112,41.5773],[28.167162,41.57728],[28.16717,41.57727],[28.167161,41.577255],[28.167174,41.577247],[28.167222,41.577272],[28.167237,41.577268],[28.167241,41.57725],[28.167255,41.577242],[28.167261,41.577229],[28.167254,41.577208],[28.167252,41.577189],[28.167266,41.577191],[28.167289,41.577193],[28.16729,41.57718],[28.167283,41.577098],[28.167271,41.577084],[28.167247,41.577087],[28.167236,41.57708],[28.167252,41.577044],[28.167257,41.577024],[28.1672,41.576966],[28.167155,41.576936],[28.167133,41.576942],[28.167056,41.576989],[28.167005,41.577015],[28.166992,41.576996],[28.166981,41.576964],[28.166973,41.576954],[28.166894,41.576942],[28.166891,41.576932],[28.166926,41.576907],[28.166944,41.576914],[28.166967,41.576912],[28.166977,41.576883],[28.166991,41.576879],[28.166992,41.576881],[28.166993,41.576887],[28.166998,41.576915],[28.167011,41.57691],[28.167052,41.576905],[28.16708,41.576881],[28.167109,41.576833],[28.167094,41.576829],[28.167065,41.576852],[28.167058,41.576838],[28.167066,41.576814],[28.167064,41.576795],[28.167051,41.576735],[28.167046,41.576719],[28.167075,41.576712],[28.167074,41.576697],[28.167066,41.576673],[28.167052,41.576661],[28.167006,41.576668],[28.166992,41.576681],[28.166999,41.576694],[28.167006,41.576705],[28.166998,41.576709],[28.166981,41.576707],[28.166961,41.576702],[28.166949,41.576683],[28.166926,41.576674],[28.166931,41.576656],[28.166928,41.576632],[28.166917,41.576611],[28.166922,41.57659],[28.166937,41.576594],[28.166943,41.576618],[28.166951,41.576634],[28.166971,41.576637],[28.166972,41.576619],[28.166986,41.576597],[28.166958,41.576566],[28.166936,41.576571],[28.166928,41.576577],[28.166913,41.576574],[28.166891,41.576535],[28.166894,41.576522],[28.166902,41.576496],[28.16688,41.576487],[28.16686,41.576494],[28.166845,41.576526],[28.166847,41.576557],[28.166821,41.576586],[28.16681,41.576582],[28.166819,41.576521],[28.166828,41.576492],[28.166828,41.57648],[28.166812,41.576476],[28.166794,41.576483],[28.166785,41.576491],[28.166765,41.576503],[28.16676,41.576519],[28.166738,41.57656],[28.166726,41.576563],[28.166713,41.576552],[28.166717,41.57651],[28.16671,41.576468],[28.166691,41.576465],[28.16664,41.57648],[28.166649,41.576487],[28.166659,41.576497],[28.166644,41.576506],[28.16661,41.576516],[28.166594,41.576512],[28.166573,41.576477],[28.16657,41.576464],[28.166581,41.576444],[28.166648,41.576416],[28.166666,41.576396],[28.166654,41.576382],[28.166622,41.576354],[28.166614,41.576344],[28.166614,41.576317],[28.166603,41.576304],[28.166587,41.576316],[28.166559,41.576353],[28.166539,41.576356],[28.166517,41.576344],[28.166511,41.576315],[28.166525,41.576301],[28.166552,41.576277],[28.166562,41.576259],[28.166558,41.576226],[28.16654,41.576209],[28.166503,41.57618],[28.1665,41.576166],[28.166504,41.576149],[28.166501,41.576113],[28.166473,41.576077],[28.166443,41.576062],[28.166434,41.576051],[28.166402,41.576045],[28.166378,41.576055],[28.166384,41.576066],[28.166387,41.576087],[28.16637,41.576108],[28.166349,41.576111],[28.166323,41.576098],[28.166321,41.576095],[28.166301,41.576065],[28.166278,41.576048],[28.166257,41.576033],[28.166238,41.576016],[28.166228,41.575994],[28.166212,41.57596],[28.166173,41.575942],[28.166144,41.575939],[28.166132,41.575924],[28.16615,41.575885],[28.166125,41.57588],[28.166112,41.575885],[28.166083,41.575881],[28.166069,41.575846],[28.166081,41.575774],[28.166078,41.575735],[28.166079,41.575683],[28.166055,41.575661],[28.166044,41.575627],[28.166067,41.575601],[28.166063,41.575585],[28.166086,41.575574],[28.166148,41.575565],[28.166151,41.57555],[28.166119,41.575542],[28.166085,41.575532],[28.166076,41.575524],[28.166074,41.575514],[28.166089,41.575512],[28.166128,41.575512],[28.16617,41.575507],[28.166185,41.575492],[28.166192,41.575462],[28.166177,41.575438],[28.16616,41.575422],[28.166122,41.575372],[28.166095,41.575347],[28.166033,41.575313],[28.165996,41.575307],[28.165971,41.575298],[28.165925,41.575259],[28.165895,41.575253],[28.165868,41.575265],[28.165849,41.575271],[28.16583,41.575268],[28.165789,41.575238],[28.16576,41.575194],[28.165731,41.575166],[28.165705,41.57517],[28.165678,41.575184],[28.165642,41.575192],[28.165617,41.57519],[28.165609,41.575181],[28.165604,41.575154],[28.165584,41.575139],[28.165581,41.575101],[28.165637,41.575002],[28.165638,41.575],[28.165743,41.574862],[28.165801,41.574816],[28.1659,41.574762],[28.165988,41.574718],[28.166022,41.574712],[28.166046,41.574716],[28.166078,41.574715],[28.166098,41.574712],[28.166135,41.574709],[28.166162,41.57471],[28.16617,41.574693],[28.166179,41.574677],[28.166203,41.574676],[28.166216,41.574693],[28.166239,41.574704],[28.166243,41.574717],[28.166248,41.574728],[28.166255,41.574744],[28.166258,41.574753],[28.166274,41.574772],[28.166257,41.574786],[28.166257,41.574801],[28.166276,41.57483],[28.166295,41.574836],[28.166303,41.574827],[28.166297,41.574811],[28.166279,41.574796],[28.166287,41.574781],[28.166311,41.574783],[28.166331,41.574796],[28.166358,41.574799],[28.166376,41.574784],[28.166396,41.574785],[28.166404,41.574805],[28.16642,41.574807],[28.166436,41.574803],[28.166469,41.574788],[28.166474,41.57478],[28.166478,41.574755],[28.166495,41.574749],[28.166496,41.574732],[28.166475,41.574727],[28.166459,41.57472],[28.166467,41.574707],[28.166498,41.574679],[28.166588,41.574641],[28.166625,41.574628],[28.166643,41.574639],[28.166653,41.574631],[28.166677,41.574624],[28.166704,41.574626],[28.166718,41.574634],[28.166732,41.574624],[28.166733,41.574605],[28.166737,41.574585],[28.166761,41.574545],[28.166784,41.574526],[28.166829,41.574514],[28.166915,41.574507],[28.166984,41.574524],[28.167012,41.574537],[28.167029,41.574531],[28.167051,41.574536],[28.167079,41.574539],[28.167112,41.574552],[28.167116,41.574569],[28.167104,41.574593],[28.167096,41.574611],[28.167077,41.574633],[28.167056,41.574664],[28.167054,41.574678],[28.167086,41.574689],[28.167127,41.574708],[28.167141,41.574701],[28.167154,41.57471],[28.167168,41.574726],[28.167184,41.574738],[28.167204,41.574742],[28.16722,41.574724],[28.167235,41.574705],[28.167235,41.574661],[28.167253,41.57464],[28.167274,41.574629],[28.1673,41.574632],[28.16736,41.574655],[28.16741,41.574679],[28.167428,41.574677],[28.167437,41.574664],[28.16745,41.574672],[28.167449,41.574694],[28.167478,41.574709],[28.167492,41.574699],[28.167516,41.574708],[28.167546,41.57473],[28.167563,41.574728],[28.167572,41.574718],[28.167608,41.574736],[28.167615,41.574749],[28.167632,41.574743],[28.16763,41.574727],[28.167631,41.574709],[28.167624,41.574691],[28.167608,41.57468],[28.167581,41.574678],[28.167561,41.574676],[28.167546,41.574659],[28.167524,41.574642],[28.167501,41.574642],[28.167472,41.574623],[28.167474,41.574601],[28.16748,41.574572],[28.167492,41.574519],[28.16747,41.574504],[28.167421,41.574494],[28.167402,41.574494],[28.167348,41.574473],[28.167356,41.574451],[28.167403,41.574442],[28.167422,41.574438],[28.167435,41.574421],[28.167424,41.574411],[28.167394,41.574411],[28.167385,41.574397],[28.167391,41.574374],[28.167412,41.574377],[28.167437,41.574382],[28.167452,41.574374],[28.16745,41.574349],[28.16745,41.574331],[28.167432,41.574325],[28.167428,41.574313],[28.167426,41.574289],[28.16741,41.574272],[28.1674,41.574284],[28.167368,41.574285],[28.167354,41.574271],[28.167347,41.574243],[28.167373,41.574207],[28.167443,41.574145],[28.16749,41.574098],[28.167541,41.574025],[28.167596,41.573972],[28.167642,41.573949],[28.167665,41.573927],[28.167694,41.573886],[28.167768,41.573858],[28.167844,41.573839],[28.167931,41.57385],[28.167976,41.57386],[28.167988,41.573871],[28.167979,41.573884],[28.167947,41.5739],[28.167947,41.573924],[28.167962,41.573953],[28.167959,41.573965],[28.167977,41.573974],[28.167996,41.57398],[28.168008,41.573973],[28.168016,41.573961],[28.168034,41.573962],[28.168048,41.573963],[28.168071,41.573965],[28.168113,41.573973],[28.168133,41.573974],[28.168144,41.573963],[28.168157,41.573952],[28.168178,41.573954],[28.1682,41.573951],[28.168201,41.573968],[28.168208,41.57401],[28.16822,41.574022],[28.168241,41.574022],[28.168272,41.574012],[28.168289,41.573989],[28.168286,41.573964],[28.168298,41.573945],[28.168318,41.573929],[28.168344,41.573936],[28.168352,41.573938],[28.168361,41.573935],[28.168372,41.573925],[28.168378,41.573936],[28.168307,41.574019],[28.168316,41.574036],[28.168353,41.574059],[28.168399,41.574065],[28.168446,41.57406],[28.168501,41.574072],[28.168507,41.574087],[28.168488,41.574092],[28.168499,41.574107],[28.168542,41.574125],[28.168544,41.574142],[28.16856,41.574144],[28.168667,41.574184],[28.168779,41.574209],[28.168863,41.574238],[28.168917,41.574247],[28.169013,41.574227],[28.16906,41.574232],[28.169038,41.574255],[28.169035,41.574275],[28.16905,41.574285],[28.169068,41.574281],[28.169077,41.57427],[28.169092,41.574274],[28.169097,41.574286],[28.16912,41.574296],[28.169192,41.574292],[28.169265,41.574287],[28.1693,41.574301],[28.169335,41.57429],[28.169361,41.574261],[28.169383,41.574229],[28.169411,41.57423],[28.169435,41.574217],[28.169436,41.574203],[28.169455,41.574191],[28.169466,41.574197],[28.169497,41.57421],[28.169518,41.574207],[28.169532,41.574191],[28.169555,41.57418],[28.169579,41.574181],[28.169598,41.574174],[28.169606,41.574154],[28.169624,41.574135],[28.169642,41.574128],[28.169655,41.574122],[28.169657,41.574105],[28.169673,41.574104],[28.169711,41.574092],[28.169759,41.57406],[28.169776,41.574067],[28.169791,41.574061],[28.169813,41.574044],[28.169806,41.574029],[28.169801,41.574021],[28.169807,41.57401],[28.169826,41.574],[28.169856,41.573982],[28.169868,41.573955],[28.169885,41.573934],[28.1699,41.573928],[28.169918,41.573892],[28.169901,41.573879],[28.169897,41.573864],[28.169874,41.573843],[28.16988,41.573824],[28.169904,41.573829],[28.169914,41.573813],[28.169916,41.573797],[28.16996,41.573769],[28.17002,41.573734],[28.170055,41.573723],[28.170092,41.573731],[28.170116,41.573749],[28.170135,41.573752],[28.170154,41.573743],[28.170181,41.573738],[28.1702,41.573731],[28.170207,41.573712],[28.170234,41.573703],[28.170265,41.573699],[28.170285,41.573709],[28.170345,41.573761],[28.170369,41.573782],[28.1704,41.573803],[28.170397,41.573811],[28.170376,41.573833],[28.170383,41.573845],[28.170396,41.573855],[28.170403,41.573886],[28.170419,41.573909],[28.170433,41.573919],[28.170452,41.573917],[28.170509,41.573923],[28.170547,41.573937],[28.170553,41.573976],[28.170568,41.573993],[28.170606,41.573996],[28.170631,41.574004],[28.170654,41.574024],[28.170673,41.574034],[28.170677,41.574052],[28.170663,41.57407],[28.170674,41.574084],[28.170692,41.574095],[28.170704,41.574099],[28.170714,41.574092],[28.170728,41.57408],[28.170742,41.574088],[28.170761,41.574076],[28.170776,41.57407],[28.170795,41.574053],[28.170799,41.574041],[28.170792,41.574025],[28.170805,41.574007],[28.170812,41.574014],[28.170822,41.574026],[28.170815,41.574048],[28.170822,41.574054],[28.170844,41.574054],[28.170892,41.574065],[28.170962,41.574064],[28.171028,41.574055],[28.171067,41.57405],[28.17112,41.574042],[28.171137,41.574041],[28.171125,41.574059],[28.17113,41.574089],[28.17115,41.574122],[28.171201,41.574122],[28.171255,41.574113],[28.17133,41.574092],[28.171392,41.57409],[28.171446,41.574107],[28.171479,41.574131],[28.171538,41.574142],[28.171606,41.574134],[28.17168,41.574091],[28.17174,41.574044],[28.171759,41.573996],[28.171738,41.573966],[28.171699,41.573945],[28.17165,41.573952],[28.171591,41.573955],[28.171551,41.573932],[28.171528,41.573899],[28.171538,41.573871],[28.17163,41.573775],[28.171704,41.573717],[28.17176,41.573674],[28.171787,41.573621],[28.171799,41.573559],[28.171766,41.573527],[28.171755,41.5735],[28.171776,41.573468],[28.171824,41.573418],[28.171846,41.573375],[28.171816,41.573333],[28.171795,41.573301],[28.171795,41.573273],[28.171838,41.573243],[28.171881,41.573223],[28.1719,41.573202],[28.171892,41.573168],[28.171884,41.573149],[28.171905,41.573126],[28.171945,41.573126],[28.171999,41.573123],[28.172021,41.573112],[28.172042,41.573085],[28.172114,41.573049],[28.172145,41.573045],[28.172162,41.573068],[28.172176,41.573095],[28.172204,41.573101],[28.172314,41.573071],[28.17241,41.573026],[28.17249,41.572992],[28.172565,41.572991],[28.172621,41.573015],[28.172686,41.573042],[28.172767,41.573052],[28.172839,41.573046],[28.172897,41.573014],[28.172948,41.572999],[28.172986,41.573013],[28.172997,41.573037],[28.172997,41.573067],[28.172998,41.573099],[28.173008,41.573115],[28.17306,41.573116],[28.173116,41.573098],[28.17321,41.573036],[28.173256,41.572994],[28.173302,41.572949],[28.173327,41.57293],[28.173356,41.572938],[28.173381,41.572973],[28.173421,41.573005],[28.173452,41.573006],[28.173479,41.572998],[28.173506,41.572999],[28.173566,41.57302],[28.173627,41.573016],[28.173689,41.573002],[28.173726,41.573007],[28.17375,41.573033],[28.17374,41.573062],[28.173772,41.573075],[28.173791,41.573057],[28.173808,41.57302],[28.173845,41.573016],[28.173941,41.573006],[28.17401,41.573006],[28.174071,41.573006],[28.174063,41.573028],[28.174028,41.573092],[28.174003,41.573148],[28.173968,41.573205],[28.173967,41.573229],[28.173987,41.573239],[28.174076,41.573259],[28.174128,41.573268],[28.174173,41.573254],[28.174221,41.57321],[28.174253,41.573207],[28.174299,41.573191],[28.174321,41.573151],[28.174336,41.573121],[28.174369,41.573112],[28.17438,41.573132],[28.174404,41.57313],[28.174418,41.573096],[28.174422,41.57306],[28.174451,41.573051],[28.174481,41.573049],[28.174494,41.573019],[28.174521,41.573015],[28.174557,41.573008],[28.174587,41.573],[28.174595,41.572987],[28.174627,41.572993],[28.174668,41.573025],[28.174691,41.57306],[28.17469,41.573093],[28.174678,41.573142],[28.174644,41.573199],[28.174644,41.573216],[28.17467,41.573221],[28.174681,41.573205],[28.174705,41.573175],[28.174724,41.573145],[28.174738,41.573132],[28.174756,41.573149],[28.174766,41.573176],[28.174784,41.573203],[28.174817,41.573211],[28.174886,41.573214],[28.174943,41.573202],[28.174988,41.573159],[28.174996,41.57315],[28.175041,41.573098],[28.175062,41.573081],[28.175089,41.573082],[28.175111,41.5731],[28.175103,41.573123],[28.175031,41.573204],[28.175017,41.573242],[28.175034,41.573256],[28.175079,41.57326],[28.175137,41.573224],[28.175179,41.573188],[28.17521,41.573183],[28.17527,41.57315],[28.175371,41.573035],[28.175417,41.572949],[28.175441,41.572905],[28.175507,41.572843],[28.175566,41.572772],[28.175599,41.572703],[28.175627,41.57266],[28.175604,41.572647],[28.175556,41.572618],[28.17544,41.572576],[28.175337,41.572556],[28.175272,41.572548],[28.175226,41.57255],[28.17519,41.572547],[28.175152,41.572522],[28.175126,41.572458],[28.175107,41.572373],[28.175062,41.572293],[28.175016,41.572212],[28.175008,41.572191],[28.174996,41.57216],[28.174989,41.57214],[28.174951,41.572047],[28.174931,41.571996],[28.174904,41.571969],[28.174883,41.571962],[28.174867,41.571963],[28.17484,41.571942],[28.17483,41.571903],[28.17483,41.571868],[28.174863,41.571859],[28.174874,41.571844],[28.174901,41.571834],[28.174928,41.571836],[28.17496,41.571851],[28.174996,41.571852],[28.175009,41.571852],[28.17507,41.571849],[28.175113,41.571843],[28.175166,41.571834],[28.175219,41.571825],[28.17527,41.571823],[28.175304,41.571829],[28.175348,41.571852],[28.175369,41.571846],[28.175399,41.571839],[28.175429,41.571857],[28.175464,41.571874],[28.175498,41.57187],[28.175536,41.571848],[28.175553,41.571826],[28.175551,41.571807],[28.175572,41.571809],[28.175615,41.571823],[28.17565,41.571829],[28.175674,41.571821],[28.175687,41.571806],[28.175718,41.571761],[28.17571,41.571742],[28.175678,41.571734],[28.175652,41.571731],[28.17563,41.571719],[28.175657,41.571706],[28.175693,41.571706],[28.175718,41.571708],[28.175758,41.571679],[28.175782,41.571661],[28.175819,41.571656],[28.175829,41.571673],[28.175813,41.571686],[28.175796,41.571708],[28.175821,41.571724],[28.175849,41.57171],[28.175908,41.57166],[28.175918,41.571637],[28.175901,41.571616],[28.17591,41.571597],[28.175916,41.571587],[28.175956,41.57158],[28.175993,41.571533],[28.175997,41.571502],[28.175987,41.571483],[28.176025,41.571477],[28.176061,41.571471],[28.176104,41.571466],[28.17613,41.571446],[28.176149,41.571413],[28.176184,41.571403],[28.176225,41.571404],[28.176251,41.571429],[28.176262,41.571464],[28.176261,41.571493],[28.176272,41.571509],[28.176307,41.571508],[28.176342,41.571495],[28.176399,41.57146],[28.176436,41.57143],[28.176471,41.571423],[28.176529,41.571444],[28.176545,41.571467],[28.176519,41.571505],[28.176508,41.571533],[28.176512,41.571555],[28.176505,41.571576],[28.176506,41.571593],[28.176519,41.571601],[28.176545,41.571598],[28.176564,41.571577],[28.176576,41.571549],[28.176603,41.571558],[28.176632,41.571555],[28.176656,41.571531],[28.176688,41.571476],[28.176704,41.571451],[28.176733,41.571451],[28.176776,41.571465],[28.176797,41.571474],[28.176805,41.571492],[28.1768,41.571539],[28.176798,41.571568],[28.176802,41.571596],[28.17682,41.571607],[28.176846,41.571605],[28.176876,41.571597],[28.176915,41.571541],[28.176971,41.571463],[28.176993,41.571457],[28.177008,41.571432],[28.177023,41.571409],[28.177048,41.571406],[28.177067,41.57142],[28.177067,41.571436],[28.17707,41.571462],[28.177068,41.57149],[28.177044,41.571524],[28.177008,41.571583],[28.177001,41.571606],[28.177015,41.571617],[28.177085,41.571635],[28.177131,41.57165],[28.177145,41.571661],[28.177167,41.571663],[28.177185,41.571643],[28.177205,41.571621],[28.177226,41.571617],[28.177246,41.571638],[28.177287,41.571648],[28.177308,41.571671],[28.177329,41.571677],[28.177367,41.571674],[28.17738,41.571656],[28.177372,41.571638],[28.177369,41.571607],[28.177391,41.571599],[28.177443,41.571608],[28.177479,41.571618],[28.177499,41.571649],[28.17755,41.571691],[28.1776,41.571736],[28.17765,41.571755],[28.177696,41.571764],[28.17774,41.571778],[28.177772,41.571802],[28.177789,41.571833],[28.177794,41.571869],[28.177816,41.571904],[28.177843,41.57193],[28.177829,41.571964],[28.177799,41.572003],[28.177761,41.572037],[28.177773,41.572055],[28.177832,41.572021],[28.177873,41.572004],[28.177899,41.57197],[28.177919,41.571945],[28.177939,41.571933],[28.177948,41.571943],[28.177938,41.571978],[28.177917,41.572015],[28.177892,41.572047],[28.177872,41.572072],[28.177871,41.572089],[28.17789,41.572099],[28.177915,41.572089],[28.177993,41.572001],[28.17805,41.571952],[28.1781,41.571901],[28.178156,41.57187],[28.178206,41.571868],[28.178246,41.571885],[28.178282,41.57192],[28.178295,41.571966],[28.178292,41.572005],[28.178264,41.572043],[28.178286,41.572061],[28.178315,41.572086],[28.17833,41.57211],[28.178349,41.572138],[28.178325,41.572146],[28.178291,41.572149],[28.178221,41.572218],[28.1782,41.572253],[28.178208,41.572289],[28.178213,41.572349],[28.178225,41.572403],[28.178225,41.572436],[28.178242,41.572447],[28.178279,41.572441],[28.17833,41.572438],[28.178373,41.572427],[28.178411,41.572373],[28.178428,41.572362],[28.178468,41.572362],[28.178511,41.572377],[28.178553,41.572376],[28.178573,41.57236],[28.178583,41.572332],[28.178577,41.57232],[28.178578,41.572301],[28.178603,41.572293],[28.17866,41.572285],[28.178711,41.57227],[28.178772,41.572216],[28.178887,41.57212],[28.178909,41.572074],[28.178937,41.572032],[28.178952,41.572033],[28.17899,41.572058],[28.179,41.572088],[28.178977,41.572121],[28.178882,41.572237],[28.178866,41.572271],[28.178884,41.572285],[28.178924,41.57229],[28.178905,41.57232],[28.178876,41.572364],[28.178884,41.572377],[28.178928,41.572409],[28.179004,41.572449],[28.179022,41.572456],[28.179069,41.57244],[28.179112,41.572414],[28.17916,41.572399],[28.179227,41.572381],[28.179261,41.572391],[28.179289,41.572394],[28.179316,41.572368],[28.179356,41.572298],[28.179342,41.572274],[28.179292,41.57226],[28.179251,41.572238],[28.179251,41.572196],[28.179231,41.572149],[28.179217,41.572121],[28.179244,41.572113],[28.17927,41.572094],[28.179292,41.572055],[28.179314,41.57203],[28.179364,41.572019],[28.179414,41.57203],[28.179438,41.572056],[28.179448,41.572102],[28.179448,41.572133],[28.179437,41.57217],[28.179473,41.572196],[28.179529,41.572224],[28.179573,41.572233],[28.179617,41.572208],[28.179698,41.572131],[28.179758,41.572082],[28.179807,41.572013],[28.179866,41.571975],[28.179915,41.571938],[28.179963,41.571848],[28.179978,41.571806],[28.180004,41.571806],[28.180045,41.571797],[28.18006,41.571813],[28.180075,41.57184],[28.180099,41.571859],[28.180127,41.571859],[28.18017,41.571834],[28.180222,41.571766],[28.180248,41.57173],[28.180216,41.571714],[28.180166,41.571717],[28.180056,41.571698],[28.180044,41.571678],[28.180055,41.571651],[28.180106,41.571638],[28.180189,41.571649],[28.180297,41.571655],[28.18033,41.571655],[28.180465,41.571634],[28.180529,41.571605],[28.180607,41.571555],[28.180699,41.571491],[28.180735,41.571485],[28.180771,41.571505],[28.180808,41.571506],[28.180847,41.571495],[28.180864,41.571512],[28.180883,41.571555],[28.180903,41.571579],[28.180932,41.571576],[28.180986,41.57155],[28.180988,41.57153],[28.181006,41.571518],[28.181033,41.571525],[28.181061,41.571534],[28.181096,41.571528],[28.181158,41.571492],[28.181196,41.571455],[28.18118,41.571433],[28.181145,41.571416],[28.181135,41.571398],[28.181171,41.571361],[28.181196,41.571328],[28.181223,41.571315],[28.181251,41.571325],[28.181245,41.571341],[28.18124,41.571368],[28.181252,41.571384],[28.181269,41.571408],[28.18128,41.571421],[28.181303,41.571419],[28.18141,41.571314],[28.181471,41.571279],[28.18151,41.571255],[28.181523,41.571257],[28.181608,41.571305],[28.181649,41.571305],[28.181728,41.571251],[28.181757,41.571226],[28.181785,41.571232],[28.181821,41.571222],[28.181844,41.57119],[28.181883,41.571185],[28.181937,41.571217],[28.181956,41.571244],[28.181924,41.571378],[28.181919,41.571413],[28.181998,41.571466],[28.182024,41.571464],[28.182079,41.571425],[28.182118,41.571412],[28.182171,41.571411],[28.182205,41.57141],[28.182238,41.571396],[28.182382,41.571283],[28.18248,41.571234],[28.182547,41.571184],[28.182565,41.571159],[28.182523,41.571128],[28.18247,41.571103],[28.182449,41.57106],[28.182441,41.571023],[28.182383,41.571009],[28.182283,41.571023],[28.182281,41.571009],[28.182335,41.570912],[28.182322,41.570891],[28.182283,41.57088],[28.182207,41.570925],[28.182195,41.570927],[28.182194,41.570909],[28.182187,41.57089],[28.182098,41.570851],[28.182,41.570795],[28.181934,41.57072],[28.181874,41.570702],[28.181859,41.570674],[28.181937,41.570604],[28.181929,41.570578],[28.181876,41.570526],[28.181885,41.570502],[28.181934,41.570465],[28.182008,41.570458],[28.182035,41.570426],[28.182036,41.5704],[28.182002,41.570358],[28.18199,41.570315],[28.182013,41.570253],[28.182043,41.570259],[28.182074,41.570298],[28.182086,41.570323],[28.182083,41.570346],[28.1821,41.570367],[28.182173,41.570373],[28.182212,41.570384],[28.18224,41.570372],[28.182265,41.570362],[28.182315,41.570336],[28.182315,41.570306],[28.182225,41.570263],[28.182196,41.570255],[28.182165,41.570275],[28.182134,41.570277],[28.182126,41.570277],[28.182113,41.570277],[28.182108,41.570265],[28.182205,41.570169],[28.18224,41.570126],[28.182235,41.570109],[28.182173,41.570086],[28.182162,41.570066],[28.18217,41.570052],[28.18224,41.569991],[28.182299,41.569991],[28.182337,41.569981],[28.182357,41.569972],[28.182375,41.56998],[28.182409,41.569974],[28.182443,41.569952],[28.182421,41.569937],[28.182391,41.569926],[28.182378,41.569907],[28.182435,41.569864],[28.182544,41.569806],[28.182549,41.569803],[28.182549,41.569803],[28.182614,41.569733],[28.182659,41.569677],[28.182656,41.569651],[28.182569,41.569657],[28.182555,41.56965],[28.182599,41.569627],[28.182575,41.569612],[28.18251,41.569596],[28.182496,41.569586],[28.182492,41.569556],[28.182336,41.569488],[28.182283,41.569473],[28.182277,41.569451],[28.182213,41.569409],[28.182228,41.569394],[28.182366,41.569326],[28.18243,41.56929],[28.182428,41.569253],[28.182414,41.569227],[28.182418,41.569217],[28.182463,41.569228],[28.182493,41.569232],[28.182592,41.569146],[28.182645,41.569083],[28.182634,41.569053],[28.182579,41.569011],[28.182515,41.569038],[28.18243,41.569114],[28.182392,41.56911],[28.182379,41.56909],[28.182429,41.569078],[28.18244,41.569055],[28.182433,41.569032],[28.182459,41.56897],[28.182429,41.568956],[28.182346,41.568975],[28.182318,41.56898],[28.182309,41.568964],[28.182349,41.568916],[28.182344,41.568898],[28.18231,41.568906],[28.182263,41.568921],[28.182239,41.568914],[28.182255,41.568675],[28.182278,41.568644],[28.182322,41.568641],[28.182352,41.568605],[28.182317,41.568574],[28.182294,41.568537],[28.182301,41.568521],[28.18234,41.56849],[28.18238,41.568494],[28.18245,41.568544],[28.182478,41.568547],[28.182528,41.568551],[28.182575,41.56854],[28.182622,41.568502],[28.18261,41.568472],[28.182654,41.568434],[28.182679,41.568451],[28.182715,41.568451],[28.182885,41.568344],[28.182981,41.568324],[28.183053,41.568315],[28.18313,41.568358],[28.183187,41.568407],[28.183173,41.568434],[28.183166,41.568471],[28.183198,41.56852],[28.183229,41.568519],[28.183298,41.568499],[28.183355,41.568479],[28.1834,41.568464],[28.183497,41.56842],[28.183541,41.568386],[28.183527,41.568358],[28.183487,41.568319],[28.183417,41.568304],[28.183374,41.568277],[28.183352,41.568239],[28.183368,41.568217],[28.183459,41.56823],[28.183519,41.568221],[28.183575,41.568218],[28.18359,41.568254],[28.183611,41.568262],[28.183675,41.568225],[28.183711,41.568203],[28.183752,41.5682],[28.183787,41.568222],[28.183771,41.568264],[28.18378,41.568297],[28.183797,41.568319],[28.183822,41.568317],[28.183881,41.568286],[28.183924,41.568266],[28.183959,41.568258],[28.184003,41.568282],[28.184036,41.568285],[28.184064,41.568286],[28.184081,41.568307],[28.184115,41.568308],[28.184203,41.568281],[28.184196,41.568255],[28.18428,41.568228],[28.18432,41.568227],[28.184323,41.568239],[28.184284,41.568294],[28.184288,41.568318],[28.18431,41.568346],[28.184308,41.568369],[28.184294,41.5684],[28.1843,41.568407],[28.184329,41.568408],[28.184344,41.568399],[28.184347,41.568369],[28.18437,41.568367],[28.184406,41.568365],[28.184427,41.56837],[28.184431,41.568383],[28.184445,41.568391],[28.184473,41.568385],[28.184503,41.568375],[28.184545,41.568356],[28.184575,41.568344],[28.184604,41.568357],[28.184645,41.568407],[28.184698,41.568446],[28.184727,41.568461],[28.184751,41.568455],[28.184834,41.568384],[28.184828,41.568362],[28.184756,41.568295],[28.184718,41.568298],[28.184708,41.568276],[28.184692,41.568266],[28.184651,41.568275],[28.184614,41.568284],[28.184585,41.568292],[28.184558,41.568306],[28.184535,41.568322],[28.184527,41.568319],[28.18462,41.568205],[28.184672,41.568173],[28.184685,41.568118],[28.184678,41.568088],[28.184634,41.568055],[28.184539,41.568024],[28.184475,41.568016],[28.184464,41.567994],[28.184445,41.567972],[28.184452,41.567952],[28.18446,41.567939],[28.184445,41.567921],[28.184408,41.567902],[28.184424,41.567883],[28.184437,41.567883],[28.184528,41.56783],[28.184563,41.567832],[28.184596,41.567833],[28.184631,41.567834],[28.184664,41.567843],[28.184693,41.56785],[28.184725,41.567851],[28.184747,41.567849],[28.18477,41.567843],[28.184771,41.567857],[28.184751,41.567877],[28.184736,41.567907],[28.184746,41.567921],[28.184772,41.567919],[28.1848,41.567903],[28.184817,41.567884],[28.184869,41.567835],[28.184886,41.567799],[28.184904,41.567777],[28.184926,41.567781],[28.184923,41.567802],[28.184924,41.567817],[28.184947,41.567807],[28.184966,41.567787],[28.184973,41.567762],[28.184983,41.567736],[28.184997,41.567699],[28.185006,41.567686],[28.185016,41.567668],[28.185032,41.567664],[28.185067,41.567674],[28.185079,41.567673],[28.185101,41.56766],[28.185143,41.567652],[28.185186,41.567663],[28.18519,41.567693],[28.185198,41.567702],[28.185219,41.567703],[28.185247,41.567677],[28.185265,41.56766],[28.185262,41.567636],[28.185268,41.567602],[28.185301,41.567561],[28.185339,41.567547],[28.185375,41.567544],[28.185495,41.567544],[28.185514,41.567549],[28.185526,41.567568],[28.185506,41.567597],[28.185494,41.567615],[28.185484,41.567648],[28.185495,41.567661],[28.185556,41.567663],[28.185605,41.567655],[28.185632,41.567651],[28.185634,41.567667],[28.185629,41.567683],[28.18563,41.56769],[28.185653,41.567702],[28.185723,41.567691],[28.185814,41.567654],[28.185851,41.567659],[28.185873,41.567674],[28.185911,41.567666],[28.185927,41.567643],[28.185928,41.567609],[28.185945,41.567552],[28.185951,41.567507],[28.185934,41.567462],[28.186027,41.567388],[28.186046,41.567357],[28.186059,41.567309],[28.186082,41.567284],[28.186116,41.567288],[28.186124,41.567327],[28.186143,41.567353],[28.186184,41.567367],[28.186275,41.567341],[28.18634,41.56732],[28.18641,41.567298],[28.186463,41.56729],[28.186499,41.567299],[28.186598,41.567296],[28.186621,41.567304],[28.186657,41.567309],[28.186684,41.567302],[28.186695,41.567275],[28.186733,41.567242],[28.186755,41.567219],[28.186755,41.567186],[28.186724,41.567173],[28.1867,41.567163],[28.18666,41.567166],[28.186642,41.56716],[28.186702,41.567085],[28.186784,41.567026],[28.18681,41.567003],[28.186811,41.566984],[28.186787,41.566984],[28.186698,41.566986],[28.186622,41.566976],[28.18656,41.566975],[28.186549,41.566959],[28.186551,41.566937],[28.186546,41.566912],[28.186533,41.566892],[28.18652,41.566879],[28.186487,41.566873],[28.186471,41.566859],[28.186459,41.566831],[28.186432,41.566823],[28.186399,41.566817],[28.186385,41.566804],[28.186377,41.566784],[28.186332,41.566776],[28.186291,41.56679],[28.18627,41.566796],[28.186205,41.566799],[28.186105,41.566807],[28.186044,41.566827],[28.185991,41.566826],[28.185955,41.566818],[28.18595,41.566802],[28.185988,41.566774],[28.186011,41.566744],[28.186001,41.566726],[28.185943,41.566723],[28.185881,41.566747],[28.185813,41.566807],[28.185816,41.56682],[28.18583,41.566836],[28.185802,41.566851],[28.185755,41.56686],[28.185733,41.566856],[28.185715,41.566835],[28.185713,41.566799],[28.185714,41.566776],[28.185688,41.566769],[28.185664,41.566793],[28.185661,41.566809],[28.185673,41.566825],[28.185664,41.566843],[28.185598,41.566844],[28.185546,41.566874],[28.185495,41.56692],[28.185446,41.566967],[28.185419,41.56695],[28.185446,41.566905],[28.18543,41.566898],[28.185395,41.566945],[28.185366,41.566949],[28.185333,41.566934],[28.185308,41.56693],[28.185253,41.566946],[28.185205,41.566937],[28.185172,41.566947],[28.185156,41.566965],[28.18512,41.56698],[28.185089,41.567022],[28.185067,41.56703],[28.184975,41.567014],[28.184978,41.566995],[28.184999,41.56696],[28.184975,41.566958],[28.184937,41.566979],[28.184887,41.566993],[28.184852,41.566993],[28.184768,41.566985],[28.184631,41.566919],[28.184566,41.566857],[28.184548,41.566829],[28.184557,41.566798],[28.184608,41.566738],[28.184614,41.566688],[28.184622,41.566673],[28.184652,41.566667],[28.184703,41.566629],[28.184709,41.566606],[28.1847,41.566588],[28.184643,41.566528],[28.184545,41.566483],[28.184496,41.566465],[28.184458,41.566458],[28.184437,41.566474],[28.184412,41.566493],[28.184379,41.566506],[28.18436,41.566498],[28.184366,41.566469],[28.184369,41.566446],[28.184332,41.566433],[28.184278,41.566465],[28.184211,41.566497],[28.184186,41.566528],[28.184162,41.56655],[28.184136,41.566554],[28.184102,41.566579],[28.184083,41.566581],[28.184057,41.566571],[28.184045,41.566554],[28.184108,41.566482],[28.184109,41.566448],[28.184103,41.566419],[28.184114,41.566372],[28.184137,41.566348],[28.184137,41.566317],[28.184149,41.566288],[28.184137,41.566271],[28.184063,41.566233],[28.18401,41.566229],[28.183986,41.566238],[28.183973,41.566252],[28.183937,41.566263],[28.183905,41.566265],[28.183894,41.566257],[28.183876,41.566199],[28.183836,41.566181],[28.183754,41.566144],[28.183688,41.566137],[28.183644,41.566132],[28.183593,41.566123],[28.183534,41.566121],[28.183513,41.566138],[28.183468,41.566194],[28.183444,41.566204],[28.183424,41.566199],[28.183436,41.566179],[28.183461,41.566159],[28.183464,41.566146],[28.183451,41.56614],[28.183421,41.566147],[28.183393,41.566164],[28.183384,41.56618],[28.183347,41.566182],[28.183318,41.566171],[28.183309,41.56616],[28.18333,41.56614],[28.18335,41.566123],[28.183369,41.566089],[28.183362,41.566058],[28.183319,41.566045],[28.183275,41.566065],[28.183257,41.566096],[28.183258,41.566119],[28.18324,41.566133],[28.183185,41.566173],[28.183154,41.566179],[28.18312,41.566175],[28.183101,41.566157],[28.183106,41.566132],[28.18309,41.5661],[28.182989,41.56603],[28.182894,41.565999],[28.182883,41.565975],[28.182847,41.565936],[28.182799,41.565921],[28.182769,41.565929],[28.182721,41.565943],[28.182692,41.565956],[28.182674,41.565951],[28.182684,41.565919],[28.182696,41.565897],[28.182671,41.565871],[28.182644,41.565871],[28.182617,41.565862],[28.182573,41.565853],[28.182546,41.56586],[28.182544,41.565884],[28.182515,41.565931],[28.182486,41.56596],[28.182433,41.565976],[28.182342,41.566011],[28.182319,41.566022],[28.182282,41.566016],[28.182275,41.565995],[28.182364,41.565876],[28.182415,41.565818],[28.182421,41.565801],[28.182415,41.565778],[28.182411,41.565733],[28.182397,41.565703],[28.182383,41.565675],[28.182339,41.56565],[28.182291,41.565669],[28.182202,41.565686],[28.182111,41.56569],[28.182057,41.565702],[28.182027,41.565726],[28.182041,41.565739],[28.182063,41.565749],[28.18207,41.565772],[28.182021,41.565811],[28.181976,41.565824],[28.181934,41.565832],[28.181847,41.565831],[28.181793,41.565821],[28.181692,41.565759],[28.181619,41.56572],[28.181555,41.565677],[28.18151,41.565629],[28.181434,41.56557],[28.181374,41.565531],[28.181325,41.565485],[28.181256,41.565404],[28.181232,41.565375],[28.181151,41.565186],[28.181154,41.565166],[28.181165,41.565137],[28.18117,41.565106],[28.181152,41.565093],[28.181114,41.565085],[28.18108,41.565063],[28.181081,41.565027],[28.18111,41.564953],[28.181136,41.564926],[28.181189,41.564907],[28.181225,41.564914],[28.181248,41.564926],[28.181263,41.564919],[28.181285,41.564878],[28.181327,41.564824],[28.181313,41.564804],[28.181289,41.564809],[28.181259,41.564841],[28.181232,41.564864],[28.181182,41.564865],[28.181116,41.564833],[28.181074,41.564796],[28.181024,41.564706],[28.181013,41.564671],[28.180991,41.564618],[28.180969,41.564584],[28.180945,41.564506],[28.180928,41.564182],[28.18091,41.56388],[28.180905,41.563675],[28.180913,41.563634],[28.180975,41.563497],[28.18102,41.56342],[28.181123,41.563327],[28.181271,41.563241],[28.181338,41.563193],[28.181374,41.56317],[28.181417,41.56316],[28.181525,41.563165],[28.181549,41.56316],[28.181578,41.563133],[28.181611,41.563105],[28.181634,41.563095],[28.181688,41.563084],[28.181745,41.563073],[28.18178,41.563069],[28.181802,41.563078],[28.181809,41.563096],[28.18179,41.563128],[28.181794,41.563156],[28.181824,41.56315],[28.181853,41.563132],[28.181904,41.563103],[28.181954,41.563089],[28.181978,41.563087],[28.18198,41.563102],[28.181988,41.56311],[28.18202,41.563097],[28.182035,41.563071],[28.182042,41.563049],[28.182035,41.563018],[28.182007,41.563013],[28.181966,41.563018],[28.181913,41.563012],[28.181898,41.562985],[28.181907,41.562949],[28.181936,41.562822],[28.181928,41.562718],[28.181899,41.562661],[28.18189,41.562635],[28.181902,41.562585],[28.18192,41.56254],[28.181956,41.562509],[28.181992,41.562486],[28.182025,41.56247],[28.182057,41.562448],[28.182139,41.562413],[28.182165,41.562412],[28.182183,41.562419],[28.182186,41.56244],[28.182194,41.562467],[28.182214,41.562477],[28.182253,41.562458],[28.182261,41.562441],[28.182297,41.562395],[28.182291,41.562372],[28.182277,41.56234],[28.182262,41.562311],[28.18223,41.562267],[28.182245,41.562232],[28.182281,41.562207],[28.182425,41.562171],[28.182478,41.56214],[28.182529,41.562109],[28.182531,41.562082],[28.182498,41.562071],[28.182469,41.56205],[28.182487,41.562023],[28.182705,41.561917],[28.182769,41.561876],[28.182772,41.561854],[28.182744,41.561832],[28.182636,41.561846],[28.182572,41.56184],[28.182537,41.561823],[28.182534,41.561788],[28.182595,41.561681],[28.182679,41.561651],[28.182863,41.561605],[28.182914,41.561588],[28.182922,41.561556],[28.182893,41.561537],[28.182823,41.561534],[28.182806,41.561524],[28.182834,41.561503],[28.182844,41.561482],[28.18286,41.561432],[28.182885,41.56139],[28.182896,41.561361],[28.182872,41.561341],[28.182804,41.561359],[28.182784,41.561345],[28.182779,41.561305],[28.182789,41.561262],[28.18278,41.561241],[28.182784,41.561211],[28.182833,41.561177],[28.182857,41.561152],[28.182904,41.561143],[28.183146,41.561152],[28.183252,41.561159],[28.183299,41.561182],[28.183337,41.561199],[28.183364,41.56119],[28.183399,41.561167],[28.183454,41.561154],[28.183513,41.561149],[28.183572,41.561146],[28.183614,41.561146],[28.183739,41.561176],[28.183765,41.56119],[28.183803,41.561208],[28.183855,41.561209],[28.183924,41.561213],[28.183971,41.561216],[28.184026,41.561205],[28.18408,41.561196],[28.184101,41.561175],[28.184112,41.561145],[28.184112,41.561126],[28.18413,41.561108],[28.184189,41.561086],[28.18423,41.561082],[28.184378,41.561103],[28.184487,41.561126],[28.184539,41.561145],[28.184587,41.561149],[28.18465,41.561123],[28.184668,41.561085],[28.184736,41.561045],[28.184801,41.560991],[28.184899,41.560901],[28.184985,41.560839],[28.185063,41.56081],[28.185097,41.560813],[28.185123,41.560827],[28.185136,41.560848],[28.18516,41.560851],[28.185188,41.560857],[28.185209,41.560872],[28.185251,41.560879],[28.185289,41.560863],[28.185341,41.560825],[28.185361,41.560795],[28.185386,41.560793],[28.185402,41.560799],[28.185446,41.560796],[28.185476,41.560786],[28.185516,41.56076],[28.185551,41.560727],[28.185605,41.560699],[28.18569,41.560654],[28.185886,41.560533],[28.185908,41.560528],[28.185944,41.560541],[28.185969,41.560549],[28.18603,41.56053],[28.18608,41.560506],[28.186096,41.560485],[28.18608,41.560464],[28.186063,41.560451],[28.186018,41.56042],[28.186033,41.56038],[28.186077,41.560352],[28.186207,41.560288],[28.186289,41.560247],[28.186403,41.560164],[28.186516,41.560044],[28.186621,41.559945],[28.186668,41.559903],[28.186732,41.55988],[28.18676,41.55985],[28.186806,41.559813],[28.186793,41.559781],[28.186759,41.559761],[28.186764,41.559733],[28.186781,41.559734],[28.186821,41.559742],[28.186848,41.559738],[28.186881,41.559718],[28.186903,41.559684],[28.186904,41.55966],[28.186864,41.559647],[28.186825,41.559665],[28.186802,41.559662],[28.186815,41.559628],[28.1868,41.559602],[28.186751,41.559553],[28.186722,41.559508],[28.186708,41.559481],[28.186652,41.559442],[28.186557,41.55941],[28.186536,41.559394],[28.186547,41.559384],[28.186708,41.559408],[28.186859,41.559421],[28.186888,41.559423],[28.186921,41.559415],[28.186948,41.559412],[28.186967,41.559422],[28.186992,41.559432],[28.187045,41.559425],[28.187073,41.559409],[28.187115,41.559385],[28.187111,41.559365],[28.18704,41.559289],[28.187021,41.559265],[28.187009,41.559238],[28.187032,41.559216],[28.18708,41.559211],[28.187131,41.559222],[28.187149,41.559226],[28.187225,41.559203],[28.187282,41.559183],[28.187286,41.559144],[28.187259,41.559129],[28.187253,41.559099],[28.187248,41.559068],[28.187217,41.559052],[28.187211,41.559026],[28.187202,41.558998],[28.187189,41.558978],[28.187185,41.558947],[28.187202,41.558935],[28.187223,41.558937],[28.187252,41.558965],[28.187299,41.559018],[28.187344,41.559049],[28.187394,41.559078],[28.187414,41.559085],[28.187434,41.559077],[28.187437,41.55905],[28.187404,41.558991],[28.187406,41.558964],[28.187439,41.558935],[28.187487,41.558892],[28.187483,41.55887],[28.187472,41.558856],[28.187484,41.558848],[28.187513,41.558858],[28.187543,41.558846],[28.18759,41.55881],[28.187559,41.558785],[28.187546,41.558779],[28.187542,41.558764],[28.187563,41.558749],[28.187583,41.558742],[28.187595,41.558722],[28.187619,41.558712],[28.187633,41.558727],[28.187636,41.558756],[28.187622,41.558785],[28.187624,41.558808],[28.187646,41.558842],[28.187648,41.558869],[28.187657,41.558887],[28.187756,41.558933],[28.187778,41.558938],[28.187811,41.558916],[28.18786,41.558863],[28.187874,41.558855],[28.187887,41.558872],[28.187908,41.558905],[28.187926,41.55891],[28.18801,41.558857],[28.18804,41.558843],[28.188065,41.558849],[28.188085,41.558834],[28.188099,41.558781],[28.188119,41.558777],[28.188148,41.558785],[28.188201,41.558773],[28.188253,41.558716],[28.188284,41.558694],[28.188289,41.558668],[28.188278,41.558646],[28.188278,41.558579],[28.188285,41.558515],[28.188269,41.558488],[28.188224,41.558489],[28.188169,41.558477],[28.188082,41.558465],[28.188067,41.558463],[28.188068,41.55844],[28.18811,41.558432],[28.188189,41.558424],[28.188236,41.558401],[28.188253,41.558368],[28.188263,41.558323],[28.188225,41.558326],[28.188212,41.558316],[28.188228,41.558286],[28.188213,41.558272],[28.188144,41.558262],[28.188109,41.558251],[28.188041,41.558197],[28.187961,41.558141],[28.187861,41.558076],[28.18786,41.558058],[28.187964,41.558102],[28.188011,41.558116],[28.188084,41.558129],[28.188141,41.558107],[28.188181,41.558086],[28.188234,41.558074],[28.1883,41.558057],[28.188326,41.558035],[28.188339,41.55801],[28.188332,41.557991],[28.188283,41.557981],[28.188251,41.557992],[28.188232,41.558007],[28.18822,41.558001],[28.188246,41.557945],[28.188291,41.557919],[28.1883,41.557892],[28.188294,41.55784],[28.188259,41.557812],[28.188214,41.557807],[28.188165,41.557797],[28.188116,41.557805],[28.188016,41.557843],[28.187994,41.557844],[28.188002,41.557825],[28.188002,41.5578],[28.187989,41.557772],[28.187998,41.557716],[28.188065,41.557664],[28.188072,41.557641],[28.188068,41.557618],[28.188029,41.557605],[28.187989,41.557628],[28.187924,41.557649],[28.187854,41.557673],[28.18778,41.557702],[28.187762,41.55769],[28.187791,41.557649],[28.187846,41.557641],[28.187883,41.557631],[28.18789,41.557616],[28.187867,41.55761],[28.187849,41.55761],[28.18786,41.557598],[28.187892,41.557588],[28.187897,41.557568],[28.187869,41.557564],[28.187823,41.55758],[28.187785,41.557596],[28.187754,41.557613],[28.187711,41.557618],[28.18771,41.557595],[28.187729,41.557528],[28.18772,41.557514],[28.18768,41.557516],[28.187644,41.557538],[28.18761,41.557572],[28.187607,41.557606],[28.187599,41.557624],[28.187555,41.557628],[28.18753,41.557617],[28.18753,41.557587],[28.187531,41.557554],[28.187522,41.557524],[28.187428,41.55749],[28.187324,41.557486],[28.187263,41.557491],[28.187227,41.557533],[28.187173,41.557566],[28.187132,41.557568],[28.187121,41.557554],[28.187146,41.557524],[28.187143,41.557505],[28.187187,41.557467],[28.187202,41.557455],[28.187182,41.557444],[28.187031,41.557436],[28.187011,41.55745],[28.187014,41.557469],[28.187011,41.557489],[28.18699,41.557523],[28.186956,41.557566],[28.186911,41.557574],[28.186873,41.557561],[28.186831,41.557539],[28.186815,41.557524],[28.18681,41.557505],[28.186771,41.557483],[28.186716,41.557479],[28.186683,41.557493],[28.186622,41.557503],[28.186568,41.557517],[28.1865,41.557605],[28.186446,41.557634],[28.186395,41.557639],[28.186344,41.557638],[28.186178,41.557597],[28.186034,41.557531],[28.185899,41.557444],[28.185703,41.557256],[28.185577,41.557129],[28.185557,41.557108],[28.185526,41.557064],[28.185444,41.556845],[28.185387,41.556564],[28.185351,41.556373],[28.185352,41.556271],[28.185361,41.556176],[28.185347,41.556049],[28.185299,41.555802],[28.185288,41.555648],[28.185306,41.555546],[28.185339,41.555465],[28.185373,41.555436],[28.185424,41.555431],[28.185472,41.555449],[28.185523,41.55546],[28.185547,41.555444],[28.18562,41.555363],[28.185616,41.55534],[28.185633,41.555334],[28.185658,41.555339],[28.185666,41.555325],[28.185668,41.555299],[28.18567,41.555274],[28.185689,41.555273],[28.185721,41.555269],[28.185723,41.555243],[28.185716,41.555226],[28.185744,41.555215],[28.185801,41.555185],[28.185813,41.555173],[28.185817,41.555143],[28.185778,41.555127],[28.185747,41.555131],[28.185727,41.555145],[28.185694,41.555132],[28.185679,41.555106],[28.185625,41.555074],[28.185597,41.555045],[28.185614,41.555022],[28.185636,41.55501],[28.185689,41.555027],[28.185713,41.555028],[28.185739,41.555016],[28.185809,41.554947],[28.185873,41.554913],[28.185913,41.554894],[28.185944,41.554882],[28.185969,41.554882],[28.186056,41.554893],[28.186102,41.554905],[28.186117,41.554915],[28.186164,41.554916],[28.186187,41.554915],[28.186191,41.554926],[28.186182,41.554952],[28.186182,41.554977],[28.186237,41.55501],[28.186273,41.555011],[28.186342,41.554994],[28.186357,41.554987],[28.186351,41.554971],[28.186348,41.554959],[28.186366,41.554947],[28.18637,41.554922],[28.186407,41.554835],[28.186394,41.554813],[28.186369,41.554814],[28.186358,41.554799],[28.186381,41.554781],[28.186411,41.554761],[28.186455,41.554722],[28.186491,41.55472],[28.186497,41.554712],[28.186479,41.554697],[28.186473,41.55467],[28.186446,41.554659],[28.186398,41.554676],[28.186354,41.554686],[28.18634,41.554654],[28.186406,41.554609],[28.186456,41.55457],[28.186476,41.554542],[28.186474,41.554499],[28.186428,41.554448],[28.186396,41.554443],[28.186359,41.55445],[28.186335,41.55446],[28.186245,41.554428],[28.186197,41.554424],[28.18614,41.554415],[28.186094,41.55439],[28.186098,41.55436],[28.186116,41.554335],[28.186131,41.554267],[28.186132,41.55422],[28.18619,41.554077],[28.186246,41.554006],[28.186272,41.553994],[28.186269,41.553972],[28.186233,41.553936],[28.186143,41.553879],[28.186138,41.553863],[28.18622,41.553884],[28.186253,41.553894],[28.186306,41.553885],[28.186344,41.553873],[28.186359,41.553854],[28.186364,41.553831],[28.186346,41.553789],[28.186295,41.553763],[28.186243,41.55371],[28.186228,41.553685],[28.186236,41.553669],[28.18627,41.553645],[28.186297,41.553651],[28.186331,41.553659],[28.186342,41.553673],[28.186344,41.553698],[28.186372,41.553739],[28.186451,41.553778],[28.186478,41.553793],[28.186502,41.553786],[28.186538,41.553787],[28.186593,41.553824],[28.186619,41.553828],[28.186667,41.553839],[28.186705,41.553829],[28.186735,41.553804],[28.186741,41.553779],[28.1867,41.553752],[28.186703,41.55373],[28.186736,41.553714],[28.186798,41.553767],[28.186822,41.553769],[28.186842,41.55375],[28.186799,41.553714],[28.186819,41.553703],[28.186859,41.553715],[28.18689,41.553713],[28.186904,41.553696],[28.186908,41.55368],[28.186932,41.553659],[28.186961,41.553655],[28.186987,41.553664],[28.18701,41.553663],[28.187029,41.553647],[28.187096,41.553619],[28.187129,41.553607],[28.187147,41.553586],[28.187142,41.553559],[28.187087,41.553499],[28.187087,41.55345],[28.187135,41.553363],[28.187171,41.553353],[28.187206,41.553363],[28.187377,41.553439],[28.187417,41.553456],[28.187457,41.55346],[28.187486,41.553509],[28.187532,41.553548],[28.187584,41.55359],[28.187638,41.553599],[28.187661,41.553623],[28.187691,41.553639],[28.187858,41.553528],[28.187885,41.553533],[28.187898,41.553551],[28.187856,41.553586],[28.187817,41.553619],[28.1878,41.553642],[28.187825,41.553703],[28.187872,41.553736],[28.187909,41.553745],[28.187932,41.553744],[28.187918,41.553768],[28.18793,41.553782],[28.188003,41.553771],[28.188041,41.553738],[28.188054,41.553724],[28.188144,41.553692],[28.188154,41.553669],[28.188178,41.553659],[28.188204,41.55369],[28.188203,41.553722],[28.188228,41.553726],[28.188286,41.553679],[28.18829,41.553655],[28.188275,41.553644],[28.188286,41.55362],[28.188306,41.553593],[28.18831,41.553572],[28.188304,41.553551],[28.188339,41.553536],[28.188368,41.553508],[28.188412,41.553525],[28.188417,41.55354],[28.188399,41.553566],[28.188406,41.553581],[28.188477,41.553581],[28.188532,41.553562],[28.188549,41.553545],[28.188572,41.553545],[28.188572,41.553568],[28.188604,41.553583],[28.18864,41.553571],[28.188653,41.553555],[28.188642,41.553538],[28.188648,41.553529],[28.188641,41.553494],[28.188629,41.553482],[28.188625,41.553467],[28.188641,41.553457],[28.188661,41.553463],[28.188693,41.553467],[28.188685,41.55345],[28.188686,41.553425],[28.188672,41.553414],[28.18865,41.55342],[28.18863,41.553425],[28.188618,41.553417],[28.188589,41.553423],[28.188549,41.553462],[28.188519,41.553487],[28.188496,41.553481],[28.188473,41.553458],[28.188448,41.553436],[28.188441,41.553408],[28.188471,41.553393],[28.188465,41.553383],[28.18847,41.553368],[28.188461,41.553349],[28.188425,41.55336],[28.1884,41.55335],[28.18836,41.553349],[28.188338,41.55336],[28.188303,41.553367],[28.188295,41.553357],[28.188318,41.55334],[28.188321,41.553323],[28.188331,41.553295],[28.188328,41.553275],[28.188284,41.553272],[28.188235,41.553293],[28.1882,41.553297],[28.188185,41.553272],[28.188201,41.553226],[28.188196,41.553213],[28.188175,41.553196],[28.188128,41.553188],[28.188,41.553191],[28.18798,41.553187],[28.187966,41.553168],[28.187971,41.553015],[28.187982,41.553001],[28.188027,41.552983],[28.188072,41.552968],[28.188129,41.552936],[28.188161,41.55293],[28.188232,41.552962],[28.188235,41.552987],[28.188268,41.553007],[28.188399,41.553048],[28.18845,41.553054],[28.188556,41.553019],[28.188567,41.553008],[28.188596,41.553006],[28.188661,41.552995],[28.188715,41.552953],[28.188743,41.552914],[28.188785,41.552897],[28.188893,41.552857],[28.188908,41.552863],[28.188905,41.552881],[28.188922,41.552883],[28.188992,41.552858],[28.188999,41.552844],[28.189048,41.552832],[28.189174,41.552781],[28.189203,41.55278],[28.189227,41.552796],[28.189292,41.552823],[28.189335,41.552835],[28.189391,41.552853],[28.189397,41.552871],[28.189389,41.552928],[28.189409,41.552937],[28.189435,41.552944],[28.189438,41.552974],[28.189542,41.553021],[28.189565,41.553021],[28.189594,41.553025],[28.189605,41.553054],[28.189634,41.553067],[28.189691,41.553086],[28.189737,41.553088],[28.189755,41.553101],[28.189736,41.553107],[28.189703,41.55312],[28.189704,41.553135],[28.18977,41.553164],[28.189797,41.553162],[28.189839,41.553134],[28.189857,41.553131],[28.189883,41.553124],[28.189912,41.55308],[28.18996,41.553037],[28.190034,41.553024],[28.190056,41.553026],[28.190058,41.553043],[28.190023,41.553088],[28.189978,41.553113],[28.189954,41.553136],[28.189957,41.553155],[28.189929,41.553182],[28.189899,41.553197],[28.189904,41.553209],[28.189965,41.553205],[28.189986,41.553204],[28.190027,41.553187],[28.190037,41.553157],[28.190033,41.553143],[28.190045,41.553124],[28.190068,41.553132],[28.190077,41.553146],[28.190097,41.553144],[28.190103,41.553117],[28.190129,41.553096],[28.190136,41.553061],[28.190133,41.553037],[28.190176,41.553022],[28.190204,41.553008],[28.190232,41.553018],[28.190212,41.553039],[28.190218,41.553058],[28.19025,41.553054],[28.190273,41.553039],[28.190306,41.553048],[28.190301,41.553086],[28.190294,41.553135],[28.19031,41.553172],[28.190343,41.55319],[28.190369,41.553198],[28.190384,41.553202],[28.190394,41.553193],[28.190412,41.553159],[28.190432,41.553155],[28.190458,41.553137],[28.190469,41.553111],[28.190459,41.553092],[28.190473,41.55308],[28.19049,41.553079],[28.190494,41.553084],[28.190496,41.553109],[28.190515,41.553107],[28.190548,41.553084],[28.19055,41.553065],[28.190561,41.553043],[28.190596,41.553],[28.190603,41.552973],[28.190644,41.552945],[28.190669,41.552921],[28.190686,41.552925],[28.1907,41.552961],[28.190729,41.55297],[28.190768,41.552968],[28.190779,41.552955],[28.190828,41.552932],[28.190875,41.552911],[28.190888,41.55289],[28.190904,41.552894],[28.190937,41.552923],[28.190959,41.552921],[28.190976,41.552901],[28.190974,41.552885],[28.19099,41.552864],[28.191025,41.552807],[28.19104,41.552767],[28.191035,41.552728],[28.191056,41.55272],[28.191109,41.552737],[28.191104,41.552762],[28.191126,41.552777],[28.191158,41.552756],[28.191197,41.552739],[28.191215,41.552709],[28.191196,41.552659],[28.191212,41.552651],[28.191232,41.552662],[28.191257,41.552646],[28.19127,41.552622],[28.191309,41.55261],[28.191363,41.552581],[28.191369,41.552529],[28.19136,41.55248],[28.191384,41.552453],[28.191409,41.552466],[28.191508,41.552469],[28.191672,41.552483],[28.191683,41.552496],[28.191681,41.552539],[28.191656,41.552593],[28.191664,41.552597],[28.191732,41.552569],[28.191753,41.552584],[28.191751,41.552603],[28.191763,41.552609],[28.19185,41.55257],[28.19187,41.552569],[28.191873,41.552583],[28.19183,41.552621],[28.191805,41.552663],[28.191809,41.552672],[28.191822,41.552654],[28.191876,41.552618],[28.191909,41.552585],[28.191928,41.552568],[28.191954,41.552566],[28.191944,41.55259],[28.191927,41.552627],[28.191937,41.552636],[28.191943,41.552646],[28.191903,41.552669],[28.191895,41.552691],[28.191931,41.552711],[28.191984,41.552712],[28.19202,41.552703],[28.192046,41.552691],[28.192095,41.552683],[28.192151,41.552643],[28.19218,41.552631],[28.192213,41.552617],[28.192226,41.552623],[28.19218,41.552659],[28.192105,41.552716],[28.192076,41.552749],[28.192105,41.552734],[28.192142,41.552718],[28.192186,41.552697],[28.192223,41.552699],[28.192251,41.55271],[28.192297,41.552714],[28.192343,41.552706],[28.192372,41.552715],[28.192382,41.552753],[28.192374,41.552788],[28.192404,41.55279],[28.192494,41.552742],[28.192541,41.552739],[28.192555,41.552722],[28.192567,41.552702],[28.192596,41.552696],[28.192602,41.552711],[28.192578,41.552739],[28.192555,41.552778],[28.192556,41.552806],[28.192528,41.552835],[28.192544,41.552844],[28.192573,41.55283],[28.192591,41.55282],[28.192616,41.552825],[28.192636,41.552833],[28.19266,41.552812],[28.192687,41.552765],[28.192741,41.552715],[28.192761,41.552679],[28.192727,41.552666],[28.192663,41.552659],[28.192631,41.552669],[28.192597,41.552663],[28.192585,41.552639],[28.192612,41.552618],[28.192642,41.552612],[28.19265,41.552625],[28.192675,41.552633],[28.19269,41.552636],[28.192707,41.55263],[28.192713,41.552607],[28.192721,41.552577],[28.192732,41.552567],[28.192733,41.552558],[28.192757,41.552561],[28.192774,41.55257],[28.192788,41.552594],[28.192799,41.552613],[28.192827,41.552614],[28.192865,41.552589],[28.192906,41.552577],[28.192935,41.552565],[28.193001,41.552536],[28.193035,41.552514],[28.193051,41.552458],[28.193061,41.552382],[28.193072,41.552354],[28.19309,41.552337],[28.193103,41.552305],[28.193125,41.552269],[28.193143,41.552254],[28.193155,41.552238],[28.193159,41.552206],[28.193136,41.55219],[28.193133,41.552171],[28.193125,41.552135],[28.193106,41.552117],[28.193068,41.552114],[28.193024,41.55212],[28.192986,41.552117],[28.192984,41.552083],[28.193025,41.552067],[28.193024,41.552034],[28.193026,41.552007],[28.193054,41.552],[28.193083,41.552007],[28.193126,41.551989],[28.19312,41.55197],[28.193107,41.551942],[28.193135,41.551933],[28.193156,41.551939],[28.193171,41.551917],[28.193185,41.551895],[28.193182,41.55186],[28.193156,41.551854],[28.193123,41.551873],[28.193105,41.551881],[28.193095,41.551866],[28.193105,41.551793],[28.193113,41.551761],[28.19308,41.551728],[28.193052,41.551704],[28.193051,41.551683],[28.193041,41.551647],[28.193052,41.551611],[28.193053,41.551593],[28.19305,41.551574],[28.193021,41.551548],[28.192998,41.551537],[28.192964,41.551547],[28.192968,41.551559],[28.192953,41.551559],[28.192886,41.551532],[28.192867,41.551518],[28.192823,41.551497],[28.192788,41.551496],[28.192721,41.551495],[28.192682,41.551487],[28.192715,41.551466],[28.192768,41.55146],[28.192789,41.55144],[28.192752,41.551423],[28.192739,41.551422],[28.192754,41.551392],[28.192751,41.551371],[28.192775,41.551352],[28.192817,41.551373],[28.192856,41.551392],[28.192874,41.551378],[28.192874,41.551349],[28.192878,41.551313],[28.192868,41.551294],[28.192851,41.551296],[28.192851,41.551277],[28.192826,41.551263],[28.192767,41.55128],[28.192738,41.551264],[28.192728,41.55116],[28.192711,41.551138],[28.192723,41.551118],[28.192755,41.55112],[28.192794,41.551132],[28.19282,41.551129],[28.1929,41.551022],[28.1929,41.551008],[28.192865,41.550996],[28.192793,41.550985],[28.192791,41.550968],[28.192813,41.550952],[28.192798,41.550931],[28.192822,41.550919],[28.192845,41.550899],[28.192857,41.550871],[28.192858,41.550836],[28.192856,41.55081],[28.192832,41.550779],[28.192802,41.550753],[28.192815,41.550737],[28.192838,41.550734],[28.192855,41.550744],[28.19288,41.55075],[28.19289,41.550735],[28.192894,41.550711],[28.192873,41.550689],[28.192843,41.550662],[28.192852,41.550635],[28.192871,41.550625],[28.192897,41.550623],[28.192913,41.550633],[28.192913,41.550656],[28.192918,41.550675],[28.192962,41.550694],[28.19299,41.550706],[28.193,41.550701],[28.193017,41.550685],[28.193037,41.550674],[28.193053,41.55065],[28.193047,41.550625],[28.193018,41.550609],[28.192993,41.550591],[28.192989,41.550567],[28.193016,41.550557],[28.19303,41.550552],[28.193034,41.55053],[28.193023,41.550498],[28.193012,41.550478],[28.19301,41.55045],[28.193031,41.550443],[28.193053,41.550447],[28.193076,41.550442],[28.193078,41.55044],[28.193062,41.550432],[28.193033,41.550423],[28.193023,41.550415],[28.193027,41.550403],[28.193035,41.550401],[28.193058,41.550401],[28.19308,41.550406],[28.193105,41.550404],[28.193143,41.550363],[28.19315,41.550323],[28.193115,41.550283],[28.193105,41.550248],[28.193114,41.550227],[28.193125,41.550219],[28.193147,41.550222],[28.193175,41.550235],[28.193196,41.550247],[28.193227,41.550269],[28.193254,41.550285],[28.193284,41.550297],[28.193306,41.550288],[28.193357,41.550249],[28.193379,41.550236],[28.193428,41.55021],[28.193458,41.550196],[28.193484,41.550178],[28.193493,41.550162],[28.193479,41.550146],[28.193462,41.550136],[28.193433,41.550128],[28.193354,41.550112],[28.193286,41.550101],[28.193234,41.550094],[28.193209,41.550094],[28.193181,41.550094],[28.193152,41.550087],[28.193131,41.550086],[28.193112,41.550089],[28.193109,41.550085],[28.193108,41.550077],[28.193093,41.550064],[28.193069,41.550062],[28.193054,41.550067],[28.193032,41.55008],[28.193015,41.550081],[28.193004,41.550076],[28.192991,41.550077],[28.192983,41.550086],[28.192986,41.550097],[28.192986,41.550103],[28.192982,41.550105],[28.19296,41.5501],[28.192929,41.550082],[28.192924,41.550081],[28.192834,41.550101],[28.192801,41.550123],[28.192772,41.550134],[28.192747,41.550125],[28.192736,41.550115],[28.192684,41.550046],[28.192662,41.550017],[28.192666,41.55],[28.192668,41.55],[28.192687,41.549994],[28.192724,41.549989],[28.19275,41.549987],[28.192763,41.549971],[28.192757,41.549953],[28.192736,41.549925],[28.192707,41.54991],[28.192697,41.549903],[28.192689,41.549885],[28.192546,41.549765],[28.192498,41.549718],[28.192492,41.549703],[28.192494,41.54968],[28.192502,41.549667],[28.192532,41.549624],[28.192532,41.549583],[28.192516,41.549515],[28.192493,41.549466],[28.19241,41.549414],[28.192366,41.549383],[28.192337,41.549363],[28.192268,41.549253],[28.192251,41.549221],[28.192272,41.5492],[28.19231,41.549189],[28.19233,41.549167],[28.192319,41.549141],[28.1923,41.549138],[28.19229,41.549135],[28.192292,41.549128],[28.192327,41.549104],[28.192342,41.549096],[28.192352,41.549083],[28.192333,41.549068],[28.192288,41.549045],[28.192258,41.549031],[28.19226,41.549026],[28.19227,41.549026],[28.192292,41.549029],[28.19231,41.549026],[28.192349,41.549016],[28.192371,41.549007],[28.192392,41.54899],[28.192398,41.548977],[28.192403,41.548955],[28.192405,41.548947],[28.192413,41.548947],[28.192397,41.548943],[28.192368,41.548936],[28.192344,41.548928],[28.192287,41.54892],[28.192258,41.548914],[28.192233,41.54891],[28.192226,41.548904],[28.192215,41.548878],[28.192217,41.548843],[28.192215,41.548824],[28.192205,41.548801],[28.192191,41.548786],[28.192189,41.548773],[28.192197,41.548765],[28.192206,41.548754],[28.1922,41.548741],[28.192196,41.548735],[28.192184,41.54873],[28.192171,41.548729],[28.192146,41.548729],[28.192127,41.548723],[28.192114,41.548716],[28.192111,41.548697],[28.192119,41.548679],[28.192145,41.548645],[28.192191,41.548583],[28.192229,41.548502],[28.192277,41.54844],[28.192442,41.548284],[28.192445,41.548281],[28.192472,41.548251],[28.192523,41.548219],[28.192615,41.548163],[28.192672,41.548157],[28.192687,41.548164],[28.192715,41.548177],[28.192733,41.54818],[28.192758,41.548177],[28.192778,41.548161],[28.192796,41.548142],[28.192806,41.548116],[28.192815,41.548093],[28.192823,41.548088],[28.192862,41.548081],[28.192932,41.548073],[28.193,41.548057],[28.193037,41.548034],[28.193049,41.548027],[28.193071,41.548026],[28.193086,41.548032],[28.193106,41.54806],[28.193116,41.548073],[28.193133,41.548102],[28.193165,41.548136],[28.193193,41.548154],[28.193229,41.548171],[28.193269,41.548173],[28.193312,41.54817],[28.193337,41.548157],[28.193339,41.548147],[28.193341,41.548134],[28.19335,41.548126],[28.193367,41.548118],[28.193395,41.548119],[28.193514,41.548128],[28.193558,41.548128],[28.193611,41.548155],[28.193662,41.548166],[28.193695,41.548176],[28.193703,41.548179],[28.193704,41.548191],[28.193691,41.548217],[28.19368,41.548239],[28.19365,41.548283],[28.193649,41.54831],[28.193662,41.548335],[28.193696,41.548369],[28.193756,41.548417],[28.193937,41.548548],[28.194024,41.5486],[28.194044,41.548604],[28.194078,41.548585],[28.194115,41.548548],[28.194124,41.548527],[28.194118,41.548511],[28.194153,41.548468],[28.194155,41.54843],[28.194137,41.548408],[28.19413,41.548401],[28.194105,41.548388],[28.19407,41.548373],[28.194044,41.548357],[28.194033,41.548347],[28.194034,41.548339],[28.194051,41.548307],[28.194036,41.54829],[28.194007,41.548277],[28.19399,41.548267],[28.193971,41.548255],[28.193939,41.548233],[28.193932,41.548219],[28.193934,41.548204],[28.193949,41.54819],[28.193976,41.548169],[28.194023,41.548153],[28.194109,41.548135],[28.19417,41.548129],[28.194214,41.548124],[28.194287,41.548141],[28.194332,41.548165],[28.194388,41.54821],[28.194461,41.548259],[28.19451,41.548303],[28.194579,41.548343],[28.194624,41.548366],[28.19471,41.548392],[28.194752,41.548405],[28.194788,41.548426],[28.194965,41.548543],[28.194994,41.548588],[28.194994,41.548632],[28.195064,41.548666],[28.195194,41.548698],[28.19533,41.548711],[28.195409,41.548747],[28.195477,41.548749],[28.195619,41.548719],[28.195795,41.548668],[28.196002,41.548623],[28.196174,41.548579],[28.196284,41.54858],[28.196331,41.548603],[28.19633,41.548658],[28.196377,41.548703],[28.196442,41.548699],[28.196512,41.548729],[28.196556,41.548776],[28.196663,41.548754],[28.196809,41.548696],[28.196966,41.548643],[28.196993,41.548593],[28.197023,41.54858],[28.197111,41.548607],[28.197274,41.548584],[28.197488,41.548528],[28.197651,41.548487],[28.197731,41.548492],[28.19773,41.548534],[28.197777,41.548556],[28.198041,41.548527],[28.198305,41.548492],[28.198652,41.548421],[28.198817,41.548427],[28.199051,41.548371],[28.199253,41.54833],[28.19942,41.548267],[28.199468,41.548203],[28.199427,41.548138],[28.199295,41.548089],[28.199242,41.548037],[28.199241,41.547939],[28.199269,41.547804],[28.199353,41.547745],[28.199381,41.547654],[28.199403,41.547572],[28.199354,41.54748],[28.199196,41.54735],[28.199061,41.547251],[28.198985,41.547171],[28.198951,41.547106],[28.198949,41.547042],[28.198961,41.546995],[28.199053,41.546958],[28.199125,41.546883],[28.199235,41.546844],[28.199325,41.546789],[28.199355,41.546747],[28.199341,41.546678],[28.199277,41.546602],[28.199257,41.546571],[28.199296,41.546549],[28.199358,41.546507],[28.199353,41.546463],[28.199286,41.546378],[28.199216,41.546282],[28.199193,41.54624],[28.199192,41.546153],[28.199187,41.546055],[28.199136,41.545921],[28.199114,41.545764],[28.199111,41.545561],[28.199131,41.545446],[28.199156,41.545313],[28.199177,41.545275],[28.199243,41.545225],[28.199338,41.545199],[28.199445,41.545153],[28.199564,41.54509],[28.199627,41.54503],[28.199649,41.544966],[28.199664,41.544902],[28.199727,41.544855],[28.199936,41.544719],[28.199997,41.544706],[28.200069,41.544689],[28.200168,41.544639],[28.200278,41.54454],[28.200465,41.544328],[28.200668,41.544134],[28.200831,41.54394],[28.200904,41.543805],[28.200967,41.543737],[28.201033,41.543644],[28.201167,41.543554],[28.201415,41.54336],[28.201556,41.543233],[28.201735,41.543105],[28.20192,41.543015],[28.202086,41.542955],[28.202185,41.542855],[28.202207,41.542804],[28.202251,41.542796],[28.202328,41.54279],[28.202429,41.542766],[28.20253,41.54272],[28.202552,41.542672],[28.202473,41.542611],[28.202429,41.542562],[28.202465,41.542535],[28.202539,41.542494],[28.202534,41.542434],[28.202594,41.542414],[28.202595,41.542323],[28.202554,41.542258],[28.202552,41.542232],[28.202666,41.542093],[28.202843,41.541919],[28.202989,41.541811],[28.203195,41.541684],[28.203288,41.541598],[28.203328,41.541538],[28.203377,41.541518],[28.203422,41.541506],[28.203468,41.541506],[28.20349,41.541532],[28.203532,41.541542],[28.203566,41.541533],[28.20359,41.5415],[28.203566,41.541479],[28.203554,41.541453],[28.203582,41.54144],[28.203601,41.541409],[28.203586,41.541394],[28.203561,41.541379],[28.203547,41.541355],[28.203502,41.541349],[28.203492,41.54133],[28.203507,41.541281],[28.203543,41.541269],[28.203613,41.541295],[28.203638,41.541319],[28.203674,41.541332],[28.203735,41.541332],[28.203761,41.541304],[28.20376,41.541275],[28.203685,41.541225],[28.20369,41.541204],[28.203719,41.541194],[28.203756,41.541205],[28.203776,41.541218],[28.203792,41.541228],[28.203825,41.541223],[28.203858,41.541209],[28.20392,41.541149],[28.203992,41.54104],[28.204035,41.540975],[28.204076,41.540967],[28.2041,41.540963],[28.204121,41.540921],[28.204156,41.540902],[28.204194,41.540896],[28.204232,41.540898],[28.204271,41.540888],[28.204288,41.540874],[28.204311,41.540855],[28.204344,41.540818],[28.204354,41.540794],[28.204345,41.540707],[28.204349,41.540681],[28.204592,41.540404],[28.204692,41.5403],[28.204741,41.540253],[28.204807,41.540226],[28.204861,41.540221],[28.204931,41.540233],[28.204946,41.540254],[28.204979,41.540264],[28.205021,41.540252],[28.205036,41.540241],[28.205078,41.540234],[28.205105,41.540222],[28.205145,41.540171],[28.205172,41.54013],[28.205198,41.540107],[28.205176,41.540083],[28.2051,41.540032],[28.205069,41.540002],[28.205071,41.539978],[28.20513,41.539868],[28.205218,41.539799],[28.205307,41.539764],[28.205397,41.539748],[28.205484,41.53973],[28.205539,41.53973],[28.205581,41.539735],[28.205615,41.539743],[28.205644,41.539733],[28.205678,41.53971],[28.205721,41.539713],[28.205756,41.539736],[28.205794,41.539737],[28.205823,41.539726],[28.205847,41.539711],[28.205883,41.53969],[28.20589,41.539671],[28.205853,41.539645],[28.205773,41.539588],[28.20577,41.539569],[28.205764,41.539549],[28.205725,41.53953],[28.205688,41.539509],[28.205649,41.539486],[28.205652,41.5394],[28.205701,41.539273],[28.205801,41.539047],[28.205822,41.538952],[28.205832,41.538789],[28.205865,41.538729],[28.206004,41.538586],[28.206065,41.538522],[28.206182,41.538441],[28.206308,41.538361],[28.206364,41.53834],[28.206389,41.53834],[28.206418,41.538355],[28.206427,41.53839],[28.206445,41.538427],[28.206474,41.538449],[28.206528,41.538469],[28.20663,41.538472],[28.206733,41.538458],[28.20689,41.538425],[28.206933,41.538434],[28.207017,41.538443],[28.207099,41.538452],[28.207274,41.53846],[28.20731,41.538464],[28.207334,41.538481],[28.207353,41.538522],[28.207374,41.538536],[28.207503,41.538556],[28.207563,41.538581],[28.207616,41.538603],[28.207673,41.538634],[28.207736,41.538667],[28.207771,41.538677],[28.207792,41.538672],[28.207839,41.538631],[28.207926,41.538535],[28.207992,41.538441],[28.208009,41.538418],[28.207996,41.538392],[28.207991,41.538349],[28.2081,41.538236],[28.208301,41.538087],[28.208393,41.538052],[28.208477,41.537983],[28.208832,41.537712],[28.208878,41.53765],[28.208911,41.537562],[28.209172,41.537312],[28.209342,41.537174],[28.209502,41.537015],[28.209779,41.536729],[28.209893,41.53663],[28.210017,41.536507],[28.21017,41.536382],[28.210305,41.536297],[28.210423,41.536183],[28.210465,41.536147],[28.210507,41.536133],[28.210584,41.536116],[28.21063,41.5361],[28.210676,41.536096],[28.210734,41.536108],[28.21078,41.536122],[28.210804,41.536149],[28.210798,41.536182],[28.210752,41.53623],[28.210717,41.53626],[28.210766,41.536277],[28.210853,41.536245],[28.210926,41.53618],[28.210953,41.536142],[28.211013,41.53606],[28.211082,41.536021],[28.211118,41.535991],[28.211163,41.535974],[28.211188,41.535969],[28.21125,41.535982],[28.211309,41.535962],[28.211367,41.53592],[28.211423,41.535887],[28.211581,41.535769],[28.211611,41.535733],[28.211627,41.535705],[28.211622,41.535659],[28.21165,41.535597],[28.211646,41.535582],[28.211671,41.535549],[28.211731,41.535512],[28.211855,41.535475],[28.212051,41.53547],[28.212107,41.535466],[28.212276,41.535341],[28.212272,41.535314],[28.212135,41.535241],[28.212103,41.535202],[28.212088,41.535173],[28.212067,41.53511],[28.212067,41.535081],[28.21203,41.535029],[28.211973,41.534962],[28.211939,41.534928],[28.211915,41.534899],[28.211919,41.534848],[28.211952,41.534826],[28.211976,41.534795],[28.211954,41.534744],[28.211933,41.534716],[28.211906,41.534641],[28.211856,41.534584],[28.211761,41.534533],[28.211701,41.534501],[28.211715,41.534481],[28.21175,41.53446],[28.211782,41.534452],[28.211822,41.534475],[28.211827,41.534525],[28.21188,41.534579],[28.211912,41.534588],[28.211962,41.534582],[28.212012,41.534585],[28.212195,41.534642],[28.212253,41.534674],[28.212327,41.534664],[28.212364,41.534629],[28.212386,41.534609],[28.212389,41.53457],[28.21245,41.534542],[28.212621,41.534529],[28.212688,41.534533],[28.212739,41.534538],[28.212795,41.534542],[28.212827,41.534533],[28.212848,41.534523],[28.212859,41.534448],[28.212872,41.534401],[28.212889,41.534364],[28.212903,41.534265],[28.212897,41.53423],[28.212875,41.534211],[28.212868,41.534203],[28.212905,41.534157],[28.212928,41.534098],[28.212946,41.534047],[28.212998,41.533999],[28.213182,41.533846],[28.213239,41.533832],[28.213294,41.533823],[28.213338,41.533822],[28.213374,41.533806],[28.213593,41.533733],[28.213718,41.533707],[28.21376,41.533686],[28.213794,41.533656],[28.213796,41.533636],[28.213813,41.533608],[28.213878,41.533591],[28.213959,41.533547],[28.214001,41.533528],[28.214027,41.533524],[28.214054,41.533538],[28.214076,41.533556],[28.214089,41.533571],[28.214086,41.533586],[28.214052,41.533621],[28.214013,41.533648],[28.213973,41.533682],[28.213953,41.533703],[28.213948,41.533724],[28.213961,41.533745],[28.213984,41.53376],[28.214055,41.533762],[28.214144,41.533695],[28.214265,41.533599],[28.214452,41.533453],[28.214462,41.533443],[28.21447,41.533411],[28.214362,41.533338],[28.214307,41.533292],[28.214265,41.533239],[28.214116,41.53316],[28.213964,41.533139],[28.213914,41.533143],[28.213857,41.533144],[28.21383,41.533144],[28.213817,41.533134],[28.213822,41.533122],[28.213902,41.533111],[28.213929,41.533103],[28.213947,41.533096],[28.213991,41.533051],[28.214021,41.533036],[28.214102,41.533025],[28.214159,41.533033],[28.214214,41.533092],[28.214404,41.53319],[28.214481,41.533168],[28.214679,41.533179],[28.214753,41.53318],[28.21481,41.53316],[28.214894,41.5331],[28.214909,41.533073],[28.214879,41.533037],[28.214857,41.533023],[28.214837,41.533016],[28.214848,41.532972],[28.214871,41.532943],[28.214891,41.532918],[28.214901,41.532893],[28.214892,41.532874],[28.214898,41.532854],[28.214935,41.532827],[28.214993,41.532785],[28.215066,41.532748],[28.215105,41.532717],[28.215132,41.532697],[28.215157,41.532645],[28.215122,41.532624],[28.215144,41.532595],[28.215421,41.532441],[28.215537,41.532382],[28.215608,41.532357],[28.21567,41.532359],[28.215732,41.532366],[28.215817,41.532351],[28.215852,41.532339],[28.215923,41.532298],[28.215933,41.532264],[28.215935,41.532222],[28.215965,41.532153],[28.216001,41.532128],[28.216028,41.532115],[28.216081,41.532103],[28.216108,41.532102],[28.216155,41.532106],[28.216213,41.532113],[28.21625,41.532121],[28.216378,41.532097],[28.216431,41.532077],[28.216517,41.53202],[28.216655,41.53195],[28.216786,41.531878],[28.216861,41.531841],[28.216942,41.531805],[28.217101,41.531761],[28.217237,41.531729],[28.217533,41.531606],[28.217677,41.531513],[28.217712,41.531487],[28.217754,41.531441],[28.217791,41.531384],[28.21782,41.531358],[28.217818,41.531332],[28.217807,41.531317],[28.217745,41.531288],[28.217713,41.531283],[28.217705,41.531286],[28.217678,41.531304],[28.217532,41.531317],[28.217442,41.531319],[28.21738,41.531327],[28.217365,41.53131],[28.217429,41.531238],[28.217603,41.531142],[28.21764,41.531114],[28.217644,41.5311],[28.217644,41.531088],[28.217641,41.531075],[28.217627,41.531059],[28.217621,41.531022],[28.217612,41.530976],[28.217643,41.530954],[28.217668,41.530941],[28.217753,41.530955],[28.217805,41.530971],[28.217855,41.530988],[28.217927,41.530951],[28.218,41.53085],[28.218007,41.530822],[28.217994,41.530794],[28.217997,41.530763],[28.218014,41.530764],[28.218084,41.530784],[28.218129,41.530782],[28.218163,41.530773],[28.218186,41.530752],[28.218192,41.530707],[28.21818,41.530611],[28.218145,41.530558],[28.218136,41.530527],[28.218157,41.53051],[28.218188,41.530508],[28.218233,41.530534],[28.218253,41.530542],[28.218285,41.530542],[28.218289,41.530543],[28.218325,41.530558],[28.21834,41.530574],[28.218378,41.530588],[28.218403,41.530573],[28.218417,41.530539],[28.218424,41.530517],[28.218409,41.530486],[28.218387,41.530459],[28.218337,41.530452],[28.218325,41.530452],[28.218356,41.530416],[28.218364,41.530399],[28.218359,41.53038],[28.218359,41.530372],[28.218339,41.53037],[28.218312,41.530371],[28.218279,41.530371],[28.218191,41.53043],[28.218119,41.530472],[28.218091,41.530474],[28.218054,41.530457],[28.218069,41.530427],[28.218098,41.530402],[28.21816,41.530374],[28.218182,41.530357],[28.218195,41.530329],[28.218192,41.530294],[28.218179,41.530274],[28.218122,41.530269],[28.218137,41.53024],[28.218165,41.53024],[28.218236,41.530271],[28.218311,41.530293],[28.218393,41.530292],[28.218463,41.530275],[28.218517,41.530229],[28.218551,41.530178],[28.218563,41.530102],[28.21857,41.530076],[28.218597,41.530057],[28.218607,41.530047],[28.218632,41.530051],[28.218696,41.530068],[28.218807,41.530123],[28.218817,41.530135],[28.218762,41.530166],[28.2187,41.530234],[28.218691,41.530281],[28.218701,41.530341],[28.218681,41.530382],[28.218681,41.530395],[28.218655,41.530401],[28.218605,41.530393],[28.218578,41.530394],[28.218556,41.530412],[28.218526,41.530481],[28.218511,41.530509],[28.218477,41.530528],[28.21847,41.530535],[28.218455,41.530563],[28.218472,41.530575],[28.218499,41.530593],[28.21852,41.530609],[28.218545,41.530625],[28.218562,41.530629],[28.218597,41.530606],[28.218639,41.530603],[28.218675,41.530599],[28.218693,41.530565],[28.2187,41.530534],[28.218724,41.530501],[28.218754,41.530508],[28.21878,41.530513],[28.218802,41.530523],[28.218797,41.530629],[28.2188,41.530664],[28.218825,41.530676],[28.21884,41.530676],[28.21887,41.530646],[28.218904,41.530609],[28.218958,41.530582],[28.219021,41.530553],[28.219045,41.530501],[28.219042,41.53046],[28.219019,41.530425],[28.219007,41.530372],[28.219001,41.53031],[28.219021,41.530211],[28.219032,41.53015],[28.219029,41.530116],[28.219029,41.530085],[28.219061,41.530017],[28.21914,41.52994],[28.219216,41.529891],[28.219251,41.529882],[28.219266,41.529884],[28.219266,41.529912],[28.219276,41.529936],[28.219292,41.52994],[28.219323,41.529932],[28.21935,41.529911],[28.219387,41.529855],[28.219437,41.529835],[28.219487,41.529829],[28.219526,41.529805],[28.219553,41.52979],[28.219586,41.529794],[28.219586,41.529808],[28.219534,41.529875],[28.219487,41.52994],[28.219418,41.530025],[28.219384,41.530081],[28.219368,41.530175],[28.219381,41.530232],[28.219421,41.530299],[28.219476,41.530335],[28.219528,41.530338],[28.21956,41.530314],[28.219602,41.530273],[28.219626,41.530249],[28.219688,41.530212],[28.21973,41.530181],[28.21975,41.530148],[28.219779,41.530116],[28.219779,41.530099],[28.219762,41.530093],[28.219726,41.530074],[28.219719,41.530054],[28.219719,41.530046],[28.219739,41.530049],[28.219774,41.530044],[28.219791,41.530031],[28.219813,41.530018],[28.219798,41.529998],[28.219793,41.529979],[28.219815,41.529979],[28.219843,41.529989],[28.21986,41.529999],[28.219919,41.529992],[28.220013,41.529962],[28.220056,41.529943],[28.220091,41.529938],[28.22012,41.5299],[28.22012,41.529881],[28.220102,41.529841],[28.220137,41.529831],[28.220186,41.529795],[28.220238,41.529734],[28.220309,41.529699],[28.220372,41.529687],[28.220399,41.529671],[28.220426,41.529639],[28.220433,41.529632],[28.220443,41.529636],[28.220451,41.529649],[28.220441,41.529686],[28.220441,41.529732],[28.220471,41.529744],[28.220501,41.529744],[28.220558,41.529739],[28.220605,41.529725],[28.220607,41.529704],[28.220588,41.52967],[28.220595,41.529649],[28.220635,41.529632],[28.220681,41.529621],[28.220713,41.529599],[28.22082,41.529551],[28.220862,41.529523],[28.220934,41.529507],[28.22103,41.529516],[28.221095,41.52954],[28.221118,41.529571],[28.221126,41.529608],[28.221079,41.529666],[28.221007,41.529726],[28.220993,41.52975],[28.221015,41.529791],[28.221065,41.529821],[28.221149,41.529843],[28.221191,41.529828],[28.221241,41.529785],[28.221261,41.529732],[28.221285,41.529732],[28.221354,41.529667],[28.221364,41.529688],[28.221317,41.529742],[28.221259,41.529794],[28.221271,41.529822],[28.221301,41.529835],[28.221377,41.529807],[28.221432,41.529775],[28.221432,41.529762],[28.221405,41.529751],[28.221417,41.529741],[28.221434,41.529731],[28.221478,41.529679],[28.2215,41.529654],[28.221515,41.529617],[28.221537,41.529523],[28.221537,41.529494],[28.221527,41.529471],[28.221464,41.529443],[28.221454,41.529427],[28.221452,41.529383],[28.221483,41.52929],[28.221456,41.529267],[28.22142,41.529246],[28.221406,41.529222],[28.221418,41.529202],[28.221467,41.529204],[28.221497,41.529211],[28.221513,41.529237],[28.22153,41.529265],[28.22155,41.529271],[28.221602,41.529272],[28.221691,41.529269],[28.2218,41.52924],[28.221875,41.529207],[28.221912,41.52918],[28.221951,41.529159],[28.221964,41.529135],[28.222006,41.529109],[28.222006,41.529119],[28.222057,41.529106],[28.222073,41.529085],[28.222055,41.529062],[28.222018,41.529033],[28.221933,41.529028],[28.221799,41.529045],[28.221727,41.529065],[28.221713,41.529065],[28.221719,41.52904],[28.221824,41.528956],[28.221865,41.528904],[28.221857,41.528878],[28.221828,41.528878],[28.221765,41.528871],[28.221453,41.528814],[28.220824,41.528707],[28.2207,41.528685],[28.220464,41.528616],[28.2201,41.528545],[28.219866,41.528399],[28.219804,41.528353],[28.219747,41.528334],[28.219645,41.528335],[28.219463,41.528276],[28.219448,41.528275],[28.219386,41.52827],[28.219368,41.528268],[28.219306,41.528246],[28.219134,41.528161],[28.21903,41.528086],[28.219029,41.527934],[28.218978,41.527812],[28.218936,41.527557],[28.218967,41.527335],[28.219003,41.52717],[28.219099,41.527023],[28.219119,41.526984],[28.219155,41.52683],[28.219218,41.526725],[28.219228,41.526701],[28.21923,41.5266],[28.219232,41.526439],[28.219309,41.526197],[28.219441,41.525978],[28.219464,41.525893],[28.219482,41.525857],[28.219506,41.525805],[28.219547,41.525719],[28.219649,41.525561],[28.219853,41.525283],[28.220137,41.52504],[28.220181,41.524999],[28.220403,41.524798],[28.220692,41.524567],[28.22107,41.524354],[28.22136,41.524182],[28.221582,41.524023],[28.221908,41.523867],[28.221914,41.523864],[28.221991,41.523837],[28.222015,41.523828],[28.22223,41.523666],[28.222472,41.523532],[28.222816,41.523405],[28.223121,41.523331],[28.223351,41.523289],[28.223651,41.523193],[28.223786,41.523166],[28.223787,41.523166],[28.223285,41.52243],[28.223708,41.521952],[28.223897,41.521778],[28.224177,41.52162],[28.224241,41.521529],[28.224373,41.521216],[28.22454,41.521103],[28.224698,41.520944],[28.224919,41.520693],[28.225037,41.520518],[28.22504,41.520387],[28.224878,41.520346],[28.224673,41.520351],[28.224377,41.520323],[28.224029,41.520295],[28.223732,41.520321],[28.223444,41.520355],[28.223252,41.520275],[28.223198,41.519982],[28.223103,41.519726],[28.222929,41.519347],[28.222578,41.519072],[28.222297,41.518868],[28.222218,41.518759],[28.222172,41.518596],[28.222268,41.518436],[28.222407,41.518238],[28.222575,41.518072],[28.222682,41.517896],[28.222787,41.51779],[28.222942,41.517739],[28.223047,41.51764],[28.223196,41.517443],[28.223315,41.517221],[28.223412,41.517023],[28.223377,41.51683],[28.223299,41.51669],[28.222312,41.515721],[28.222106,41.515371],[28.221577,41.51564],[28.221502,41.515754],[28.220057,41.517694],[28.219063,41.518079],[28.218095,41.517925],[28.217574,41.517502],[28.215138,41.516356],[28.212942,41.516568],[28.212332,41.516405],[28.212151,41.516294],[28.212054,41.516093],[28.212073,41.515777],[28.212161,41.515548],[28.212405,41.515244],[28.212208,41.514972],[28.212151,41.514809],[28.212176,41.514617],[28.212042,41.514307],[28.211751,41.513695],[28.21142,41.51309],[28.211109,41.512862],[28.210979,41.512744],[28.210797,41.512664],[28.21046,41.512636],[28.21004,41.51263],[28.209619,41.512677],[28.209386,41.512604],[28.209025,41.512329],[28.20845,41.511658],[28.208064,41.51116],[28.207872,41.510718],[28.207799,41.510402],[28.207732,41.509831],[28.207673,41.5094],[28.207696,41.508938],[28.207786,41.508262],[28.207875,41.507987],[28.207936,41.507657],[28.207955,41.506972],[28.208103,41.506436],[28.208169,41.505899],[28.208256,41.505708],[28.208477,41.505103],[28.208576,41.504866],[28.208792,41.504462],[28.208931,41.503864],[28.209054,41.503112],[28.209364,41.50227],[28.209529,41.501857],[28.209731,41.501191],[28.210181,41.500082],[28.210218,41.499867],[28.210168,41.499474],[28.210124,41.499204],[28.21022,41.499052],[28.210387,41.498939],[28.210669,41.498743],[28.21084,41.498469],[28.210961,41.498148],[28.211122,41.497896],[28.211119,41.497635],[28.211046,41.49731],[28.210999,41.49714],[28.21068,41.496843],[28.210463,41.496532],[28.210176,41.496189],[28.209787,41.495813],[28.209556,41.495671],[28.20926,41.495628],[28.209035,41.495625],[28.208706,41.495689],[28.20854,41.495771],[28.208291,41.49589],[28.208104,41.496003],[28.207889,41.495992],[28.207718,41.495896],[28.207528,41.495717],[28.207444,41.495438],[28.207412,41.495099],[28.207217,41.494773],[28.206945,41.494615],[28.206607,41.49461],[28.206057,41.494516],[28.205631,41.494364],[28.205057,41.494047],[28.204847,41.493843],[28.204519,41.493515],[28.204116,41.493293],[28.203815,41.493066],[28.203119,41.492685],[28.202399,41.492089],[28.202172,41.491778],[28.201745,41.491302],[28.20166,41.49107],[28.201445,41.490312],[28.201473,41.490036],[28.20104,41.489414],[28.200784,41.489048],[28.200535,41.488821],[28.200193,41.488585],[28.19997,41.488504],[28.199608,41.488299],[28.199084,41.487998],[28.198771,41.487839],[28.198382,41.487833],[28.197994,41.487819],[28.197811,41.487793],[28.197597,41.487728],[28.197387,41.487571],[28.197006,41.487273],[28.196839,41.487039],[28.196813,41.48687],[28.196942,41.486649],[28.196794,41.486454],[28.196367,41.485978],[28.195922,41.485402],[28.195655,41.485066],[28.195426,41.484847],[28.195119,41.484504],[28.194737,41.484229],[28.194383,41.4841],[28.194069,41.483972],[28.193848,41.483815],[28.193508,41.48354],[28.193431,41.483362],[28.193247,41.483005],[28.19317,41.482819],[28.19296,41.482654],[28.192596,41.482472],[28.192345,41.482329],[28.192174,41.482219],[28.192066,41.482055],[28.192018,41.481916],[28.192022,41.481778],[28.192069,41.481578],[28.192101,41.481156],[28.192213,41.480819],[28.192414,41.480584],[28.192501,41.480393],[28.192634,41.48001],[28.192826,41.479751],[28.192819,41.47962],[28.192887,41.479398],[28.192943,41.479192],[28.193042,41.478947],[28.19317,41.47878],[28.193408,41.478668],[28.193946,41.478461],[28.194348,41.478336],[28.1946,41.478125],[28.194803,41.477813],[28.195095,41.477617],[28.195449,41.477407],[28.195771,41.477228],[28.196111,41.477118],[28.196545,41.476986],[28.196847,41.476767],[28.197215,41.476442],[28.197733,41.475843],[28.197925,41.47553],[28.198216,41.474996],[28.198397,41.474737],[28.199114,41.47471],[28.199769,41.47472],[28.200333,41.47466],[28.200819,41.474467],[28.200927,41.474261],[28.200855,41.473914],[28.200854,41.473214],[28.200863,41.472891],[28.200647,41.472549],[28.200525,41.472155],[28.20049,41.471592],[28.200461,41.471161],[28.20056,41.470901],[28.200887,41.470529],[28.201454,41.470038],[28.202128,41.469687],[28.202605,41.469448],[28.202959,41.469223],[28.203253,41.46895],[28.203755,41.46855],[28.204077,41.468394],[28.204269,41.468089],[28.204398,41.467868],[28.204519,41.467562],[28.204597,41.467325],[28.204592,41.467163],[28.204571,41.466793],[28.204588,41.466563],[28.204721,41.466172],[28.204859,41.465636],[28.204865,41.46542],[28.204748,41.465196],[28.20467,41.465079],[28.20448,41.464891],[28.204261,41.464695],[28.204184,41.464517],[28.204229,41.464356],[28.204316,41.464188],[28.204608,41.463985],[28.204788,41.46375],[28.205087,41.463293],[28.205669,41.462978],[28.205893,41.462628],[28.206047,41.4626],[28.206116,41.462693],[28.206085,41.463085],[28.206122,41.463224],[28.206269,41.463473],[28.206581,41.463654],[28.206726,41.463603],[28.206871,41.463528],[28.207127,41.463132],[28.207623,41.462201],[28.208077,41.461685],[28.208442,41.46069],[28.208599,41.459454],[28.208921,41.458928],[28.209037,41.458414],[28.209013,41.45816],[28.208759,41.457748],[28.208406,41.457173],[28.20818,41.456839],[28.208108,41.456492],[28.207968,41.455989],[28.207835,41.455633],[28.207827,41.455179],[28.207508,41.454874],[28.207132,41.454407],[28.206725,41.453969],[28.206529,41.453659],[28.206342,41.453409],[28.206114,41.453152],[28.20601,41.453204],[28.205822,41.45334],[28.205674,41.45353],[28.205365,41.453594],[28.20498,41.453103],[28.204615,41.45259],[28.204407,41.451986],[28.204241,41.451707],[28.203653,41.451144],[28.203377,41.450785],[28.203001,41.450326],[28.202742,41.450068],[28.202664,41.449905],[28.202562,41.449549],[28.202424,41.449339],[28.202148,41.448973],[28.20194,41.448732],[28.201746,41.448344],[28.201731,41.448159],[28.201675,41.447973],[28.201507,41.447755],[28.201712,41.447358],[28.201904,41.447084],[28.202288,41.44689],[28.20272,41.446789],[28.203316,41.446676],[28.203657,41.446542],[28.204018,41.446433],[28.204309,41.446276],[28.204587,41.446188],[28.204918,41.446054],[28.205049,41.445764],[28.205081,41.445334],[28.205063,41.444887],[28.204961,41.444524],[28.204996,41.444363],[28.205118,41.444365],[28.205322,41.444391],[28.205494,41.444471],[28.205664,41.444604],[28.205802,41.444783],[28.205941,41.444947],[28.206102,41.445049],[28.206355,41.445146],[28.206649,41.44522],[28.206792,41.445222],[28.207089,41.445211],[28.207386,41.4452],[28.207693,41.445205],[28.207928,41.445216],[28.208141,41.445266],[28.208282,41.445353],[28.208464,41.445402],[28.20868,41.445359],[28.208929,41.445224],[28.209017,41.44501],[28.209064,41.44478],[28.209235,41.444544],[28.209557,41.444357],[28.209908,41.444232],[28.210379,41.444208],[28.210708,41.444136],[28.21104,41.443949],[28.211208,41.443798],[28.211224,41.44359],[28.211386,41.443277],[28.211446,41.442947],[28.211565,41.442734],[28.21169,41.442636],[28.211877,41.442546],[28.212165,41.442466],[28.212392,41.4424],[28.212698,41.442413],[28.213167,41.442474],[28.213524,41.442495],[28.213832,41.442461],[28.214185,41.442282],[28.214788,41.441899],[28.215245,41.441644],[28.2157,41.441451],[28.215921,41.441255],[28.216079,41.441088],[28.216083,41.440919],[28.216019,41.440656],[28.215986,41.440363],[28.216053,41.440164],[28.216243,41.439921],[28.216389,41.439816],[28.216669,41.439674],[28.216949,41.439532],[28.217209,41.439397],[28.217378,41.439208],[28.217559,41.438941],[28.217824,41.438576],[28.218285,41.438183],[28.218661,41.437904],[28.218867,41.43783],[28.219154,41.437804],[28.219686,41.437789],[28.220034,41.437794],[28.220457,41.437647],[28.220932,41.43747],[28.22122,41.437405],[28.221735,41.437298],[28.221989,41.43734],[28.222264,41.437383],[28.222507,41.437456],[28.22277,41.437591],[28.22293,41.437693],[28.223203,41.437813],[28.223386,41.437846],[28.223623,41.437788],[28.223996,41.437594],[28.224566,41.437326],[28.224867,41.437169],[28.225081,41.436834],[28.225434,41.436608],[28.225653,41.436347],[28.225868,41.436069],[28.226092,41.435856],[28.226323,41.435635],[28.226597,41.435479],[28.226964,41.435328],[28.227387,41.435209],[28.227566,41.435169],[28.227768,41.435146],[28.227991,41.435197],[28.228339,41.435306],[28.228745,41.435386],[28.229014,41.435434],[28.229276,41.435511],[28.22951,41.435601],[28.229742,41.435743],[28.229981,41.435829],[28.230272,41.435916],[28.230489,41.435989],[28.23082,41.436085],[28.231127,41.436193],[28.231474,41.43635],[28.231801,41.436576],[28.23225,41.436773],[28.23265,41.43687],[28.233062,41.436963],[28.233319,41.437019],[28.233638,41.437154],[28.233979,41.437276],[28.234212,41.437388],[28.234564,41.437553],[28.234721,41.437707],[28.234936,41.437832],[28.235043,41.437915],[28.235227,41.438148],[28.235409,41.43844],[28.235553,41.438624],[28.235694,41.438739],[28.235915,41.438842],[28.236,41.438921],[28.236155,41.439118],[28.236282,41.439306],[28.236429,41.439413],[28.236577,41.439488],[28.236949,41.439546],[28.237092,41.439557],[28.23724,41.439637],[28.237426,41.439765],[28.237589,41.439893],[28.237742,41.439995],[28.237972,41.440016],[28.238249,41.439969],[28.238541,41.439809],[28.238687,41.439525],[28.238951,41.439092],[28.23896,41.439001],[28.23902,41.438877],[28.239214,41.438719],[28.239395,41.438623],[28.239767,41.438512],[28.240157,41.438331],[28.240403,41.438145],[28.240544,41.43803],[28.24076,41.437942],[28.241095,41.437878],[28.241425,41.437788],[28.241743,41.437754],[28.242129,41.43773],[28.242313,41.437711],[28.242565,41.437771],[28.242937,41.437841],[28.24328,41.437916],[28.243747,41.437854],[28.244254,41.437823],[28.244704,41.437778],[28.244941,41.437716],[28.245073,41.437762],[28.245226,41.43782],[28.245356,41.437917],[28.245563,41.437938],[28.245818,41.437988],[28.246012,41.437983],[28.246235,41.438063],[28.246465,41.438236],[28.246635,41.438385],[28.246816,41.438511],[28.247019,41.43856],[28.247244,41.438548],[28.247475,41.438328],[28.247894,41.437958],[28.248173,41.43787],[28.248581,41.437907],[28.249001,41.437867],[28.249423,41.437773],[28.250109,41.43773],[28.250376,41.437703],[28.250876,41.437718],[28.251328,41.437633],[28.251761,41.437524],[28.251965,41.437535],[28.252174,41.437754],[28.252304,41.437848],[28.252467,41.437873],[28.252723,41.437862],[28.253259,41.437716],[28.253498,41.437551],[28.253646,41.437376],[28.253653,41.43713],[28.253639,41.436883],[28.253913,41.436587],[28.254277,41.436347],[28.254548,41.436135],[28.254913,41.435872],[28.255379,41.435301],[28.255557,41.435112],[28.255685,41.434929],[28.255844,41.434724],[28.256125,41.434536],[28.256425,41.434402],[28.256634,41.434243],[28.256784,41.433999],[28.256894,41.433686],[28.256951,41.433456],[28.257049,41.433257],[28.257308,41.433107],[28.257671,41.432928],[28.257886,41.432923],[28.258171,41.432959],[28.258515,41.433087],[28.258843,41.433076],[28.259195,41.43292],[28.259311,41.432768],[28.259309,41.432476],[28.259172,41.432227],[28.259087,41.431972],[28.259144,41.431742],[28.259222,41.431512],[28.259259,41.431282],[28.259263,41.431113],[28.25932,41.430906],[28.259687,41.43055],[28.259879,41.430284],[28.25997,41.429931],[28.260164,41.429549],[28.260566,41.429032],[28.260871,41.428729],[28.261037,41.428239],[28.261145,41.427648],[28.261254,41.427388],[28.261319,41.427258],[28.261293,41.427073],[28.26127,41.426819],[28.261386,41.426659],[28.261676,41.426156],[28.261832,41.426058],[28.262149,41.426032],[28.262687,41.425817],[28.263212,41.425686],[28.263483,41.425475],[28.264163,41.424493],[28.264424,41.424304],[28.264439,41.424306],[28.264431,41.424272],[28.264327,41.424038],[28.264259,41.423706],[28.264632,41.423347],[28.265211,41.422684],[28.265647,41.422011],[28.266114,41.421426],[28.266065,41.421218],[28.265929,41.420942],[28.266055,41.420745],[28.266491,41.420072],[28.26662,41.419776],[28.266668,41.419644],[28.266662,41.419454],[28.26646,41.419194],[28.266352,41.419093],[28.266357,41.418919],[28.266507,41.418664],[28.267065,41.418374],[28.267277,41.418278],[28.267629,41.418258],[28.267929,41.418163],[28.268347,41.417747],[28.26852,41.41746],[28.268789,41.417282],[28.269144,41.417171],[28.269468,41.417002],[28.269815,41.416767],[28.270136,41.416299],[28.270475,41.415973],[28.270898,41.415772],[28.271545,41.415467],[28.271795,41.415181],[28.271649,41.414864],[28.271414,41.414579],[28.270881,41.414347],[28.270722,41.414121],[28.270723,41.413657],[28.270977,41.412799],[28.270924,41.411903],[28.27104,41.411673],[28.271401,41.41141],[28.271839,41.410992],[28.272153,41.410367],[28.272282,41.410071],[28.273029,41.409701],[28.273639,41.409511],[28.27416,41.409378],[28.274655,41.409386],[28.275434,41.409472],[28.275918,41.409471],[28.276351,41.409361],[28.276503,41.409016],[28.276366,41.408773],[28.2762,41.408415],[28.27592,41.408162],[28.275626,41.408041],[28.275231,41.408011],[28.274756,41.40807],[28.274307,41.407972],[28.273898,41.407634],[28.273559,41.407149],[28.273451,41.406658],[28.273603,41.406288],[28.273793,41.405785],[28.274076,41.405483],[28.274624,41.405151],[28.275122,41.404628],[28.275006,41.404436],[28.274081,41.404066],[28.273628,41.403703],[28.273612,41.403471],[28.273498,41.40322],[28.273421,41.402772],[28.273496,41.402458],[28.273636,41.402162],[28.273917,41.401918],[28.274489,41.40152],[28.274817,41.401202],[28.275,41.400915],[28.275301,41.400356],[28.275341,41.400108],[28.276009,41.399811],[28.276874,41.399534],[28.27753,41.399304],[28.278045,41.398963],[28.278425,41.398745],[28.278441,41.398735],[28.278121,41.398403],[28.276845,41.397629],[28.275964,41.397249],[28.274627,41.396725],[28.274063,41.396423],[28.273376,41.396087],[28.272023,41.394546],[28.271689,41.394017],[28.27099,41.393597],[28.270984,41.393592],[28.2704,41.393656],[28.26944,41.394135],[28.269584,41.394483],[28.270218,41.394755],[28.270387,41.395187],[28.269845,41.395651],[28.267831,41.396481],[28.26617,41.397159],[28.265612,41.397171],[28.264735,41.396623],[28.264499,41.396053],[28.263935,41.395258],[28.263579,41.395032],[28.262938,41.395065],[28.261628,41.395601],[28.261005,41.395455],[28.260193,41.394562],[28.259627,41.393315],[28.260045,41.392797],[28.259672,41.392141],[28.258845,41.391824],[28.256664,41.390553],[28.254142,41.389047],[28.251748,41.388979],[28.250063,41.388943],[28.24921,41.388563],[28.248584,41.387473],[28.248557,41.386413],[28.247965,41.385638],[28.246812,41.385526],[28.245942,41.386279],[28.24557,41.387154],[28.245747,41.389381],[28.24614,41.39031],[28.248302,41.392283],[28.24842,41.393575],[28.247829,41.394856],[28.247167,41.395654],[28.245959,41.396517],[28.244125,41.396342],[28.243387,41.395292],[28.243285,41.393392],[28.243111,41.390568],[28.242758,41.390227],[28.241882,41.390161],[28.23969,41.389823],[28.23907,41.389572],[28.238216,41.389203],[28.237289,41.388999],[28.236406,41.389175],[28.235533,41.389518],[28.235006,41.389961],[28.234777,41.390692],[28.234848,41.391668],[28.234701,41.395044],[28.234248,41.396369],[28.233704,41.396885],[28.233478,41.397018],[28.232821,41.397092],[28.232116,41.396892],[28.230922,41.396245],[28.229314,41.394909],[28.226003,41.393714],[28.223697,41.392451],[28.22276,41.392584],[28.222024,41.393044],[28.22098,41.394549],[28.220238,41.395178],[28.219647,41.395389],[28.219105,41.395359],[28.219026,41.395169],[28.21889,41.394548],[28.218681,41.394052],[28.218278,41.393993],[28.217796,41.393915],[28.217366,41.393665],[28.216917,41.393417],[28.216575,41.393141],[28.216368,41.392735],[28.216371,41.392434],[28.216376,41.391813],[28.21638,41.391551],[28.216189,41.391388],[28.215943,41.391126],[28.215652,41.39082],[28.215022,41.3908],[28.213712,41.390754],[28.212776,41.390726],[28.212427,41.390689],[28.212354,41.390641],[28.212196,41.390811],[28.211892,41.39114],[28.211846,41.391498],[28.211774,41.392076],[28.211714,41.392581],[28.21158,41.393009],[28.211333,41.393352],[28.210961,41.393864],[28.210616,41.394164],[28.210415,41.394373],[28.210228,41.394576],[28.208686,41.394764],[28.20781,41.394972],[28.207881,41.395172],[28.208074,41.395723],[28.208456,41.396152],[28.208661,41.396377],[28.208443,41.396483],[28.207885,41.395984],[28.207548,41.396222],[28.207705,41.396763],[28.207105,41.396955],[28.206713,41.396528],[28.206328,41.396592],[28.205704,41.396938],[28.20538,41.396804],[28.205213,41.396741],[28.205022,41.396972],[28.204966,41.397327],[28.204124,41.397279],[28.203738,41.396895],[28.203623,41.396617],[28.202752,41.39618],[28.202263,41.395933],[28.201807,41.395824],[28.201187,41.395668],[28.199433,41.395617],[28.198841,41.395489],[28.198693,41.39555],[28.198173,41.395487],[28.197971,41.395216],[28.1977,41.395204],[28.197469,41.394846],[28.197157,41.39481],[28.196806,41.394557],[28.196804,41.394559],[28.196647,41.394767],[28.196487,41.394971],[28.196333,41.395154],[28.196137,41.395365],[28.195915,41.395639],[28.195769,41.395831],[28.19559,41.396056],[28.195379,41.396318],[28.195198,41.396547],[28.194931,41.396866],[28.194725,41.397128],[28.1945,41.397419],[28.194281,41.397687],[28.193886,41.398196],[28.193594,41.398546],[28.193415,41.398792],[28.19331,41.398915],[28.193217,41.399049],[28.193117,41.399191],[28.193037,41.399315],[28.192977,41.399432],[28.192919,41.399544],[28.192856,41.399684],[28.192779,41.399875],[28.192703,41.400051],[28.192587,41.400341],[28.192478,41.400615],[28.192375,41.400855],[28.192243,41.401186],[28.192111,41.4015],[28.191985,41.401794],[28.191879,41.402018],[28.191736,41.402315],[28.191543,41.402628],[28.191346,41.402953],[28.191206,41.403192],[28.191032,41.403456],[28.190923,41.403646],[28.190751,41.403925],[28.190619,41.404141],[28.190427,41.404443],[28.190242,41.404685],[28.190046,41.404974],[28.189881,41.405212],[28.189646,41.405544],[28.189434,41.405851],[28.189255,41.406103],[28.189075,41.406371],[28.188859,41.406679],[28.188749,41.40686],[28.188761,41.406917],[28.188833,41.406956],[28.188909,41.407038],[28.188973,41.407132],[28.189091,41.407287],[28.18927,41.407525],[28.189444,41.407746],[28.189519,41.407843],[28.189679,41.408029],[28.189844,41.408208],[28.190185,41.408507],[28.190223,41.408576],[28.190234,41.408822],[28.190195,41.409197],[28.190159,41.409529],[28.190093,41.410214],[28.190059,41.410783],[28.189911,41.410862],[28.189694,41.410947],[28.189473,41.411012],[28.189293,41.411113],[28.189273,41.41117],[28.189302,41.411426],[28.189306,41.411684],[28.189082,41.411747],[28.188837,41.411824],[28.188587,41.411879],[28.188305,41.411981],[28.188038,41.41211],[28.187821,41.412294],[28.187648,41.412409],[28.187213,41.412621],[28.187082,41.412682],[28.186911,41.412795],[28.186843,41.412836],[28.186794,41.412891],[28.186416,41.413119],[28.185893,41.413267],[28.185623,41.413325],[28.185475,41.41332],[28.185335,41.413322],[28.185182,41.413325],[28.184998,41.413327],[28.184859,41.413312],[28.184707,41.413272],[28.184579,41.413244],[28.184413,41.413198],[28.184234,41.413123],[28.184086,41.413051],[28.183915,41.412985],[28.183761,41.412914],[28.183635,41.41286],[28.183535,41.412809],[28.183396,41.412774],[28.183115,41.412704],[28.182759,41.412641],[28.182408,41.412591],[28.181978,41.412537],[28.181753,41.412481],[28.181491,41.41238],[28.181219,41.412279],[28.180947,41.412183],[28.18049,41.411945],[28.18037,41.411888],[28.18006,41.412019],[28.179611,41.412238],[28.179333,41.412364],[28.17904,41.412498],[28.178814,41.412605],[28.178387,41.412805],[28.17808,41.412955],[28.17784,41.413059],[28.177646,41.41314],[28.177428,41.413241],[28.177154,41.413315],[28.176986,41.413347],[28.17685,41.41336],[28.176679,41.41336],[28.176467,41.413331],[28.176222,41.413261],[28.175895,41.413122],[28.175662,41.412998],[28.1754,41.412879],[28.174991,41.412683],[28.174744,41.412572],[28.174616,41.412531],[28.174468,41.412489],[28.174308,41.412465],[28.174092,41.412472],[28.173914,41.412493],[28.173711,41.412521],[28.173297,41.412615],[28.172846,41.412699],[28.172222,41.412844],[28.17171,41.412969],[28.170742,41.413211],[28.170433,41.413303],[28.169881,41.413478],[28.16917,41.41375],[28.168411,41.414005],[28.168066,41.414131],[28.167711,41.414253],[28.167486,41.414326],[28.167349,41.414366],[28.167104,41.414422],[28.166904,41.414453],[28.166702,41.414457],[28.166525,41.414452],[28.166333,41.414438],[28.166195,41.414421],[28.165941,41.414388],[28.16556,41.414324],[28.165005,41.414236],[28.16453,41.414163],[28.164124,41.414107],[28.163813,41.414052],[28.163348,41.413982],[28.163209,41.413974],[28.163035,41.413961],[28.16276,41.413944],[28.162376,41.413932],[28.162053,41.41394],[28.161884,41.413952],[28.161501,41.413998],[28.161131,41.41405],[28.160893,41.414083],[28.160477,41.414155],[28.160106,41.414223],[28.159511,41.414323],[28.158818,41.414448],[28.158278,41.414547],[28.157561,41.414683],[28.156644,41.414849],[28.156101,41.414942],[28.155349,41.415077],[28.154596,41.415209],[28.153651,41.41538],[28.15307,41.415481],[28.1528,41.415529],[28.152157,41.415637],[28.151316,41.415788],[28.150648,41.415906],[28.150168,41.41599],[28.149363,41.416137],[28.148761,41.416237],[28.147813,41.416387],[28.147338,41.416461],[28.146764,41.416543],[28.146309,41.41661],[28.14569,41.416702],[28.145226,41.416762],[28.144554,41.416851],[28.144047,41.416932],[28.143232,41.417045],[28.142593,41.417132],[28.141816,41.417248],[28.14126,41.417325],[28.140522,41.417434],[28.139628,41.417563],[28.139022,41.41765],[28.138592,41.417712],[28.138057,41.417781],[28.137711,41.417831],[28.137362,41.417878],[28.136872,41.417945],[28.136358,41.418031],[28.13576,41.418116],[28.134883,41.418251],[28.13435,41.418376],[28.134078,41.418466],[28.13388,41.418544],[28.133578,41.418686],[28.133198,41.418894],[28.132835,41.419085],[28.132424,41.419306],[28.131976,41.419547],[28.131726,41.419694],[28.131378,41.419881],[28.131142,41.420019],[28.130914,41.420133],[28.130548,41.420328],[28.130171,41.420534],[28.12981,41.420725],[28.129348,41.420987],[28.12899,41.421177],[28.128547,41.421414],[28.12812,41.421643],[28.127719,41.421859],[28.127409,41.422033],[28.12692,41.4223],[28.126177,41.422709],[28.125681,41.422978],[28.125237,41.423228],[28.124489,41.423639],[28.123835,41.423982],[28.123058,41.424417],[28.122651,41.424636],[28.121958,41.425],[28.121477,41.425243],[28.120482,41.425726],[28.119661,41.426135],[28.119068,41.426399],[28.11818,41.426838],[28.117145,41.427322],[28.116373,41.427687],[28.115694,41.428011],[28.114893,41.428407],[28.114281,41.428705],[28.113443,41.429107],[28.112797,41.429414],[28.112114,41.429763],[28.111266,41.430172],[28.111261,41.430176],[28.111263,41.430186],[28.11133,41.430438],[28.11117,41.430846],[28.111042,41.430972],[28.110935,41.431158],[28.111007,41.431382],[28.111029,41.431699],[28.111101,41.4319],[28.111141,41.432112],[28.111381,41.432444],[28.111607,41.432993],[28.111837,41.433091],[28.112118,41.433353],[28.112121,41.433506],[28.112271,41.433713],[28.112211,41.433906],[28.11226,41.434083],[28.112115,41.434526],[28.112108,41.434778],[28.112146,41.435066],[28.112281,41.43552],[28.112305,41.436048],[28.11238,41.436407],[28.112615,41.436729],[28.112957,41.437196],[28.113268,41.437746],[28.113268,41.437832],[28.113268,41.43801],[28.113497,41.438219],[28.113647,41.438357],[28.113858,41.438606],[28.113773,41.439414],[28.11382,41.439919],[28.113612,41.440654],[28.113596,41.441194],[28.113531,41.441849],[28.113645,41.442209],[28.113511,41.443057],[28.113836,41.44369],[28.114031,41.443933],[28.11397,41.444431],[28.113594,41.445029],[28.113502,41.445256],[28.113587,41.445568],[28.113552,41.44596],[28.113442,41.446779],[28.113567,41.447303],[28.113572,41.447702],[28.113213,41.448253],[28.11306,41.448403],[28.112459,41.449042],[28.11232,41.449386],[28.112394,41.450632],[28.112291,41.451018],[28.112266,41.451571],[28.112097,41.452337],[28.111982,41.453124],[28.111822,41.453571],[28.111764,41.454303],[28.111832,41.454802],[28.111935,41.455074],[28.112167,41.455611],[28.112118,41.456364],[28.112352,41.457482],[28.112329,41.458277],[28.112391,41.458686],[28.112608,41.459437],[28.112586,41.460177],[28.112428,41.460569],[28.112443,41.460998],[28.112475,41.461801],[28.112101,41.462342],[28.112026,41.4627],[28.111958,41.464104],[28.111862,41.464856],[28.111577,41.465495],[28.111189,41.465862],[28.109933,41.467025],[28.108614,41.468117],[28.10809,41.46842],[28.10754,41.46866],[28.106953,41.468637],[28.106691,41.468764],[28.106461,41.469106],[28.106238,41.470431],[28.1063,41.470847],[28.106446,41.471181],[28.106528,41.471854],[28.106382,41.47246],[28.10625,41.473489],[28.106005,41.473713],[28.105099,41.473946],[28.104898,41.474043],[28.104654,41.474325],[28.104497,41.474609],[28.10435,41.474718],[28.104554,41.475032],[28.104776,41.475524],[28.104914,41.475735],[28.104972,41.475966],[28.104738,41.476043],[28.104283,41.475971],[28.102452,41.475404],[28.102009,41.475232],[28.101384,41.475458],[28.100823,41.47575],[28.10025,41.475819],[28.09965,41.476131],[28.099522,41.476287],[28.099525,41.476502],[28.099644,41.476661],[28.099673,41.476977],[28.099537,41.477248],[28.098572,41.478106],[28.098339,41.478184],[28.097784,41.478232],[28.097492,41.478205],[28.097007,41.478147],[28.09676,41.47813],[28.09635,41.478385],[28.095886,41.47874],[28.095086,41.479144],[28.09425,41.479467],[28.09396,41.47962],[28.093662,41.479801],[28.093006,41.480273],[28.092627,41.480611],[28.09221,41.481226],[28.091857,41.4817],[28.091624,41.481929],[28.091007,41.482364],[28.09042,41.482919],[28.090017,41.483512],[28.089729,41.484731],[28.08949,41.485176],[28.08904,41.485935],[28.088672,41.486181],[28.088178,41.48641],[28.087557,41.486993],[28.086819,41.487712],[28.086575,41.488005],[28.086172,41.488592],[28.086047,41.488974],[28.085829,41.489403],[28.085333,41.489865],[28.08482,41.490204],[28.084398,41.490279],[28.084054,41.490289],[28.083781,41.490142],[28.083496,41.490128],[28.083111,41.490399],[28.08209,41.490868],[28.08159,41.49091],[28.081343,41.490992],[28.081047,41.491135],[28.080272,41.491576],[28.080214,41.491709],[28.080067,41.491997],[28.079689,41.492415],[28.078898,41.49306],[28.078659,41.493111],[28.078491,41.49296],[28.078464,41.492859],[28.07797,41.492334],[28.077406,41.492457],[28.076651,41.492458],[28.075953,41.492384],[28.074532,41.49244],[28.07391,41.492375],[28.073068,41.492406],[28.072681,41.492513],[28.072045,41.492913],[28.071266,41.493261],[28.070912,41.49368],[28.070833,41.494514],[28.070886,41.494763],[28.071071,41.495001],[28.071716,41.495513],[28.072083,41.496282],[28.072238,41.496912],[28.072492,41.497269],[28.073085,41.497726],[28.073572,41.4981],[28.073896,41.498507],[28.074042,41.499042],[28.074289,41.499408],[28.074363,41.499588],[28.074398,41.499936],[28.074425,41.500269],[28.074458,41.500511],[28.074531,41.500786],[28.074674,41.500955],[28.074801,41.501259],[28.074959,41.50149],[28.07534,41.501681],[28.075816,41.501809],[28.076171,41.50193],[28.076425,41.502109],[28.076666,41.502293],[28.076998,41.502649],[28.077278,41.503022],[28.077396,41.503238],[28.07752,41.503547],[28.077506,41.503763],[28.077412,41.503983],[28.077287,41.504198],[28.077285,41.504396],[28.077244,41.504633],[28.077217,41.50488],[28.076972,41.505032],[28.076708,41.505117],[28.076257,41.505201],[28.076046,41.505287],[28.075943,41.505464],[28.075788,41.505729],[28.075712,41.505946],[28.07558,41.506303],[28.075571,41.506553],[28.075629,41.506859],[28.075797,41.50709],[28.075996,41.507341],[28.076172,41.507526],[28.076409,41.507657],[28.076739,41.50781],[28.077006,41.507881],[28.077233,41.507972],[28.07743,41.50811],[28.077504,41.508299],[28.077836,41.508549],[28.078376,41.508757],[28.078709,41.508847],[28.078979,41.508848],[28.079265,41.508735],[28.079671,41.508625],[28.080063,41.508505],[28.080744,41.508425],[28.081241,41.508484],[28.081456,41.508608],[28.081913,41.508917],[28.082385,41.509106],[28.083105,41.509235],[28.083587,41.509201],[28.084121,41.509109],[28.084496,41.508996],[28.084916,41.508925],[28.085301,41.508932],[28.085726,41.508908],[28.08625,41.508753],[28.086643,41.508676],[28.087262,41.508633],[28.087827,41.508741],[28.088585,41.50901],[28.088945,41.509127],[28.089291,41.509204],[28.089656,41.509357],[28.089981,41.509438],[28.090326,41.509421],[28.090795,41.509411],[28.091038,41.509457],[28.091423,41.50956],[28.091746,41.509547],[28.091963,41.50937],[28.092206,41.509196],[28.092515,41.509355],[28.092787,41.509648],[28.092929,41.50986],[28.093207,41.510269],[28.093702,41.510721],[28.093912,41.510898],[28.09423,41.511099],[28.09464,41.51138],[28.095097,41.511619],[28.095534,41.511994],[28.095749,41.512206],[28.095952,41.51246],[28.095985,41.512667],[28.095916,41.512924],[28.095886,41.513177],[28.096019,41.513389],[28.096247,41.513633],[28.096446,41.51393],[28.096706,41.514229],[28.09687,41.514516],[28.097044,41.514867],[28.097237,41.515031],[28.097598,41.515238],[28.097962,41.515344],[28.09836,41.515422],[28.098792,41.515466],[28.099237,41.515475],[28.099599,41.51552],[28.099768,41.515567],[28.100093,41.515629],[28.100583,41.515783],[28.100752,41.515872],[28.100954,41.516071],[28.10109,41.516196],[28.101269,41.516356],[28.101578,41.516509],[28.101904,41.516636],[28.102375,41.516715],[28.102417,41.516375],[28.102465,41.516157],[28.102578,41.515984],[28.10273,41.515779],[28.102875,41.515703],[28.1032,41.515518],[28.103592,41.515261],[28.103811,41.515165],[28.104045,41.515257],[28.10428,41.515384],[28.104488,41.515434],[28.104686,41.515439],[28.10488,41.515651],[28.105108,41.516064],[28.105358,41.516462],[28.105461,41.516736],[28.106066,41.517587],[28.106104,41.5178],[28.106213,41.518047],[28.106403,41.51832],[28.10659,41.518431],[28.106906,41.518606],[28.107211,41.518852],[28.10731,41.518872],[28.107554,41.518927],[28.107875,41.519054],[28.108243,41.519233],[28.108674,41.519416],[28.108943,41.519575],[28.109302,41.519898],[28.109496,41.520048],[28.109645,41.520278],[28.109921,41.520527],[28.110074,41.52067],[28.110174,41.520786],[28.110322,41.52095],[28.110425,41.521202],[28.110655,41.521443],[28.110773,41.521599],[28.111003,41.521814],[28.110976,41.521962],[28.110829,41.522164],[28.110936,41.52228],[28.111265,41.522599],[28.111576,41.522818],[28.111851,41.522998],[28.112071,41.522996],[28.112228,41.523008],[28.112333,41.523085],[28.112313,41.523255],[28.11242,41.52338],[28.112636,41.52347],[28.112974,41.523592],[28.113317,41.523681],[28.113543,41.523683],[28.113763,41.523698],[28.113922,41.523853],[28.114104,41.523995],[28.114308,41.524071],[28.114629,41.524186],[28.114822,41.52431],[28.114935,41.524505],[28.115194,41.524737],[28.115436,41.525001],[28.115724,41.525233],[28.115994,41.525435],[28.116253,41.525685],[28.116465,41.525918],[28.116556,41.526161],[28.116538,41.526435],[28.11653,41.526653],[28.11675,41.526968],[28.117094,41.527135],[28.117427,41.52728],[28.117708,41.527473],[28.117938,41.527705],[28.117931,41.527967],[28.11789,41.528246],[28.117882,41.528446],[28.118086,41.528527],[28.118348,41.528607],[28.118761,41.528729],[28.119001,41.528866],[28.119242,41.529073],[28.119349,41.529206],[28.119502,41.529401],[28.119651,41.5296],[28.119743,41.529886],[28.119834,41.530142],[28.119978,41.530423],[28.120097,41.530622],[28.120357,41.530951],[28.120541,41.531184],[28.120695,41.531365],[28.120833,41.531634],[28.120774,41.53193],[28.120634,41.532201],[28.120598,41.532441],[28.120527,41.532699],[28.120347,41.533057],[28.120174,41.533425],[28.120103,41.533669],[28.120106,41.53383],[28.120324,41.534046],[28.120488,41.534175],[28.120716,41.53429],[28.121003,41.534453],[28.12107,41.53463],[28.121051,41.534866],[28.120828,41.535072],[28.120696,41.535104],[28.12031,41.53523],[28.120127,41.535362],[28.120089,41.535541],[28.120148,41.535614],[28.120358,41.535708],[28.120527,41.535772],[28.120628,41.535897],[28.120649,41.53611],[28.120733,41.536274],[28.12101,41.536568],[28.121147,41.536754],[28.121145,41.53698],[28.121055,41.537129],[28.120797,41.537297],[28.120377,41.53744],[28.120003,41.537627],[28.119786,41.537777],[28.119669,41.538052],[28.119306,41.538534],[28.119082,41.538637],[28.118754,41.538744],[28.118437,41.538852],[28.118226,41.539037],[28.118125,41.539238],[28.118018,41.539426],[28.117969,41.539592],[28.117815,41.539715],[28.117329,41.539755],[28.116704,41.5398],[28.11623,41.539866],[28.116007,41.540016],[28.115992,41.540181],[28.116088,41.540376],[28.116218,41.540536],[28.116366,41.540691],[28.116514,41.540864],[28.116552,41.541051],[28.116492,41.541265],[28.116291,41.541415],[28.116055,41.541491],[28.11586,41.541602],[28.11573,41.541764],[28.115761,41.54192],[28.11585,41.54205],[28.11605,41.542213],[28.116267,41.542355],[28.116605,41.54246],[28.116922,41.542375],[28.117261,41.542202],[28.117519,41.542034],[28.117828,41.541835],[28.118047,41.541746],[28.118296,41.541756],[28.118662,41.541801],[28.118941,41.541902],[28.119153,41.542053],[28.119279,41.542326],[28.119408,41.542433],[28.119675,41.542461],[28.120018,41.542506],[28.120436,41.54258],[28.12068,41.542621],[28.120966,41.542705],[28.121194,41.542851],[28.121202,41.542982],[28.121182,41.543147],[28.121046,41.54334],[28.120836,41.543581],[28.120619,41.543762],[28.120524,41.543937],[28.120517,41.544103],[28.120599,41.544225],[28.120717,41.544375],[28.120913,41.544504],[28.121158,41.544607],[28.121361,41.544731],[28.121531,41.54488],[28.121593,41.545026],[28.121547,41.545189],[28.121389,41.545414],[28.121371,41.545646],[28.121412,41.545804],[28.121495,41.545945],[28.12184,41.546149],[28.121934,41.546258],[28.122158,41.546411],[28.122334,41.546551],[28.122439,41.546701],[28.122469,41.546875],[28.122401,41.547014],[28.122306,41.547117],[28.122129,41.547257],[28.121851,41.54743],[28.121656,41.54744],[28.121353,41.547455],[28.12091,41.54748],[28.120684,41.547555],[28.1206,41.547678],[28.120574,41.547768],[28.12063,41.547897],[28.120762,41.547977],[28.120866,41.548066],[28.120949,41.548142],[28.121086,41.548275],[28.121191,41.548364],[28.121301,41.548484],[28.121367,41.548577],[28.121418,41.548703],[28.12142,41.548813],[28.121335,41.548907],[28.121168,41.548937],[28.120859,41.54892],[28.120583,41.548922],[28.120392,41.548839],[28.120125,41.548732],[28.119891,41.548632],[28.119674,41.548622],[28.119465,41.54873],[28.119499,41.548823],[28.119534,41.548965],[28.119451,41.549157],[28.119372,41.549292],[28.11924,41.549472],[28.119063,41.549604],[28.118903,41.549732],[28.118858,41.549939],[28.11888,41.549996],[28.118984,41.550044],[28.119115,41.550116],[28.119247,41.550228],[28.119315,41.550403],[28.119283,41.550724],[28.11943,41.550792],[28.119644,41.55094],[28.119883,41.551031],[28.120103,41.551204],[28.120246,41.551337],[28.12032,41.551527],[28.120371,41.55171],[28.120493,41.551875],[28.120734,41.552007],[28.12101,41.552025],[28.121453,41.551935],[28.121776,41.551879],[28.122155,41.551851],[28.12241,41.551917],[28.122737,41.552028],[28.12297,41.552075],[28.123226,41.552129],[28.12355,41.552106],[28.123811,41.552188],[28.124056,41.552271],[28.124253,41.552363],[28.124368,41.552451],[28.124516,41.55256],[28.124626,41.552672],[28.124538,41.552864],[28.124399,41.552971],[28.124222,41.553079],[28.123931,41.553179],[28.123577,41.553354],[28.123558,41.553508],[28.123598,41.553605],[28.123903,41.553737],[28.124138,41.553844],[28.124355,41.553911],[28.124503,41.553987],[28.124689,41.554087],[28.124772,41.554184],[28.124775,41.554354],[28.124703,41.554607],[28.124684,41.554745],[28.124639,41.554949],[28.124647,41.555144],[28.124674,41.555437],[28.124688,41.555591],[28.124697,41.55579],[28.124683,41.556282],[28.124686,41.556437],[28.124688,41.556571],[28.124643,41.556738],[28.124525,41.556841],[28.124326,41.556875],[28.124039,41.556911],[28.123742,41.55695],[28.123625,41.557077],[28.123644,41.557236],[28.123626,41.557431],[28.123552,41.557538],[28.123479,41.557705],[28.123433,41.557856],[28.12341,41.558104],[28.123403,41.558328],[28.123423,41.558523],[28.123523,41.558693],[28.123564,41.558855],[28.123556,41.558985],[28.123655,41.559114],[28.123484,41.559242],[28.123437,41.55936],[28.123409,41.559592],[28.123456,41.559803],[28.123411,41.560015],[28.123252,41.560244],[28.12299,41.560389],[28.122642,41.5606],[28.122266,41.560783],[28.122038,41.560765],[28.121625,41.560695],[28.121489,41.560676],[28.121218,41.560638],[28.120573,41.560555],[28.119981,41.560472],[28.119417,41.560408],[28.118967,41.560372],[28.118713,41.56039],[28.118585,41.560493],[28.11848,41.560698],[28.118377,41.560987],[28.118275,41.561362],[28.118193,41.561603],[28.118159,41.561839],[28.118114,41.562084],[28.118134,41.562287],[28.118231,41.562566],[28.118342,41.562728],[28.11843,41.562767],[28.118852,41.562886],[28.118957,41.562909],[28.119472,41.562953],[28.120008,41.562964],[28.120394,41.563033],[28.120758,41.563152],[28.120982,41.563227],[28.121342,41.563402],[28.121501,41.563539],[28.121743,41.563748],[28.121935,41.563872],[28.122165,41.564024],[28.122457,41.564314],[28.12253,41.564381],[28.122805,41.56457],[28.123079,41.564912],[28.123742,41.565737],[28.12387,41.56629],[28.123904,41.566438],[28.123374,41.566788],[28.123092,41.567291],[28.123867,41.568212],[28.12437,41.568326],[28.124781,41.568193],[28.125435,41.568079],[28.125858,41.568421],[28.12595,41.568602],[28.126136,41.568972],[28.126299,41.569275],[28.126584,41.569803],[28.127683,41.571038],[28.12833,41.571605],[28.128941,41.571662],[28.129012,41.571855],[28.128262,41.572198],[28.127931,41.572604],[28.128189,41.572953],[28.129492,41.572888],[28.130323,41.572815],[28.130626,41.572907],[28.130681,41.573224],[28.130453,41.573622],[28.130699,41.573914],[28.131243,41.574086],[28.131997,41.57404],[28.132527,41.574241],[28.132902,41.574506],[28.133157,41.574931],[28.132869,41.575205],[28.132678,41.575623],[28.133328,41.576965],[28.134351,41.577777],[28.134863,41.57815],[28.13526,41.578296],[28.136113,41.578611],[28.136297,41.578863],[28.136432,41.579047],[28.136611,41.580372],[28.136693,41.580589],[28.136765,41.580777],[28.136953,41.580886],[28.137091,41.580965],[28.137681,41.581215],[28.138452,41.581543],[28.1402,41.581983],[28.141078,41.582055],[28.14376,41.583296],[28.144046,41.583089],[28.144611,41.583434],[28.145163,41.58373],[28.145698,41.583777],[28.146372,41.583405]],[[28.187022,41.531968],[28.186973,41.531982],[28.186937,41.53199],[28.186897,41.531995],[28.186656,41.532062],[28.186473,41.532085],[28.186299,41.532093],[28.185827,41.532131],[28.185787,41.532127],[28.185754,41.532115],[28.185714,41.532089],[28.185749,41.532081],[28.185818,41.532074],[28.185949,41.532063],[28.186071,41.532048],[28.186161,41.532024],[28.186204,41.532009],[28.186235,41.531995],[28.186271,41.531975],[28.186287,41.531961],[28.186297,41.531944],[28.1863,41.531924],[28.186295,41.531893],[28.186233,41.531829],[28.186176,41.531773],[28.186159,41.531756],[28.18615,41.531748],[28.186123,41.53173],[28.186105,41.531716],[28.18609,41.531701],[28.186079,41.531685],[28.186071,41.531666],[28.186054,41.531602],[28.186048,41.531584],[28.186039,41.531572],[28.186028,41.531566],[28.186015,41.531562],[28.185969,41.531553],[28.185941,41.531549],[28.185922,41.531545],[28.185908,41.531541],[28.185885,41.531535],[28.185866,41.531527],[28.185852,41.531521],[28.185846,41.531517],[28.185845,41.531512],[28.185847,41.531506],[28.185856,41.5315],[28.185871,41.531493],[28.185893,41.531485],[28.185905,41.531482],[28.185934,41.531478],[28.185979,41.531474],[28.186033,41.531469],[28.186074,41.531463],[28.186088,41.53146],[28.186122,41.53145],[28.186183,41.531424],[28.186235,41.531422],[28.186242,41.531422],[28.186253,41.531421],[28.186259,41.53142],[28.186265,41.531419],[28.186273,41.531417],[28.186341,41.531367],[28.186353,41.531341],[28.186362,41.531319],[28.186368,41.531294],[28.186369,41.531276],[28.186368,41.531261],[28.186363,41.531249],[28.186357,41.53124],[28.186336,41.531217],[28.18629,41.531176],[28.186242,41.531134],[28.186208,41.531111],[28.186173,41.531094],[28.186014,41.531039],[28.185922,41.531012],[28.185834,41.53099],[28.185789,41.530981],[28.185745,41.530975],[28.185483,41.530974],[28.185372,41.531005],[28.185322,41.53105],[28.185162,41.531074],[28.185067,41.5311],[28.184981,41.531127],[28.184936,41.531151],[28.184917,41.531159],[28.184887,41.53117],[28.184869,41.531178],[28.18485,41.531189],[28.184831,41.5312],[28.18482,41.531206],[28.184802,41.531215],[28.184774,41.531229],[28.18475,41.531245],[28.184716,41.531264],[28.184686,41.531279],[28.184663,41.531291],[28.184634,41.531306],[28.184594,41.531333],[28.184554,41.53136],[28.184534,41.53137],[28.184494,41.531386],[28.184484,41.53139],[28.184478,41.531391],[28.184476,41.531387],[28.18448,41.531377],[28.184488,41.531363],[28.18465,41.531253],[28.184667,41.531241],[28.184687,41.531206],[28.18469,41.531201],[28.184771,41.531155],[28.184923,41.531076],[28.185093,41.530975],[28.185155,41.530936],[28.18521,41.530912],[28.185266,41.530893],[28.185362,41.530867],[28.185789,41.530819],[28.185891,41.53082],[28.185895,41.53082],[28.1859,41.530821],[28.185906,41.530824],[28.185917,41.530829],[28.185924,41.530833],[28.185929,41.530836],[28.185933,41.530838],[28.18594,41.53084],[28.185944,41.530841],[28.185955,41.530841],[28.185999,41.530845],[28.18607,41.53085],[28.1861,41.530853],[28.186115,41.530855],[28.18617,41.530862],[28.186226,41.530885],[28.186268,41.530906],[28.186304,41.530926],[28.18634,41.530951],[28.186408,41.530996],[28.186477,41.53105],[28.186499,41.531079],[28.186505,41.531106],[28.186508,41.531122],[28.186511,41.531158],[28.186501,41.531255],[28.1865,41.531272],[28.186502,41.531298],[28.186502,41.53132],[28.186493,41.531348],[28.186482,41.531376],[28.186457,41.531407],[28.186398,41.531445],[28.18633,41.531495],[28.186306,41.531516],[28.186296,41.531523],[28.186283,41.531529],[28.186269,41.531539],[28.186259,41.531553],[28.186254,41.531566],[28.186257,41.53158],[28.186263,41.531597],[28.186271,41.531614],[28.186283,41.531629],[28.186311,41.531651],[28.186373,41.531676],[28.186489,41.531704],[28.186536,41.531709],[28.186598,41.531709],[28.186685,41.531701],[28.186801,41.531683],[28.18708,41.531607],[28.187226,41.531569],[28.187472,41.531508],[28.18767,41.531438],[28.187717,41.531415],[28.187896,41.531295],[28.187978,41.531234],[28.188029,41.531195],[28.188187,41.530996],[28.188492,41.530491],[28.188502,41.530454],[28.188508,41.5304],[28.188484,41.530287],[28.188483,41.530261],[28.188483,41.530257],[28.18848,41.530178],[28.188562,41.529783],[28.188795,41.529322],[28.18885,41.529164],[28.18886,41.529097],[28.188877,41.529011],[28.188903,41.528939],[28.189096,41.528651],[28.189181,41.528504],[28.18922,41.528406],[28.189222,41.528377],[28.189214,41.528357],[28.189194,41.528339],[28.189175,41.52833],[28.18914,41.52832],[28.189093,41.52831],[28.189029,41.528298],[28.188986,41.528288],[28.188972,41.528282],[28.188967,41.528275],[28.188967,41.528264],[28.188973,41.528253],[28.188982,41.528243],[28.188989,41.528238],[28.189005,41.52823],[28.189024,41.528223],[28.189064,41.528212],[28.189176,41.528188],[28.189221,41.528175],[28.189268,41.528149],[28.189304,41.528119],[28.189356,41.528055],[28.189397,41.527995],[28.189509,41.52782],[28.189557,41.527746],[28.189611,41.527673],[28.189857,41.527411],[28.190116,41.527151],[28.190277,41.527033],[28.190316,41.526999],[28.190346,41.52696],[28.19036,41.526917],[28.190361,41.526896],[28.190348,41.526874],[28.190327,41.52686],[28.190298,41.526854],[28.190056,41.526892],[28.190013,41.526893],[28.189928,41.526886],[28.189823,41.526864],[28.189793,41.526848],[28.189737,41.526809],[28.189701,41.526782],[28.189678,41.526757],[28.189609,41.526664],[28.18958,41.526628],[28.189553,41.526604],[28.189528,41.52659],[28.189483,41.526568],[28.189419,41.526553],[28.189359,41.526539],[28.189355,41.526539],[28.189315,41.526525],[28.18931,41.526525],[28.189294,41.526507],[28.18928,41.526499],[28.189246,41.526366],[28.189236,41.526287],[28.189226,41.526224],[28.189221,41.526218],[28.189215,41.526214],[28.189205,41.52621],[28.189195,41.526208],[28.189185,41.526207],[28.189178,41.526206],[28.189171,41.526202],[28.189155,41.526189],[28.189126,41.526164],[28.189118,41.52615],[28.189111,41.526144],[28.189107,41.52614],[28.189105,41.526138],[28.189104,41.526135],[28.189103,41.526129],[28.189106,41.526125],[28.189111,41.526119],[28.18912,41.526112],[28.18913,41.526107],[28.189146,41.526103],[28.189169,41.526097],[28.189243,41.526079],[28.18926,41.526074],[28.189266,41.526072],[28.189271,41.526071],[28.189276,41.526068],[28.189315,41.52604],[28.189318,41.526039],[28.189319,41.526038],[28.189321,41.526037],[28.189324,41.526037],[28.189327,41.526037],[28.189336,41.52604],[28.189352,41.526044],[28.189388,41.526052],[28.189394,41.526053],[28.189397,41.526053],[28.189399,41.526054],[28.189406,41.526053],[28.189414,41.526053],[28.189474,41.526047],[28.1895,41.526043],[28.189503,41.526042],[28.18951,41.526039],[28.189519,41.526032],[28.189526,41.526025],[28.189536,41.526015],[28.189549,41.526001],[28.189557,41.525991],[28.189558,41.525987],[28.189557,41.525981],[28.189549,41.52597],[28.189533,41.525953],[28.189518,41.52594],[28.189512,41.525935],[28.189508,41.525933],[28.189504,41.525931],[28.189497,41.525928],[28.189477,41.525923],[28.189466,41.52592],[28.189461,41.525918],[28.189457,41.525917],[28.189454,41.525916],[28.18945,41.525914],[28.189448,41.525913],[28.189447,41.525912],[28.189446,41.525911],[28.189446,41.525911],[28.189446,41.52591],[28.189447,41.525909],[28.189447,41.525909],[28.189448,41.525908],[28.18945,41.525907],[28.18947,41.525902],[28.189492,41.525897],[28.189514,41.525892],[28.18952,41.525891],[28.189526,41.525891],[28.189593,41.525878],[28.189598,41.525878],[28.189607,41.525877],[28.189612,41.525876],[28.189637,41.525875],[28.189699,41.525871],[28.189738,41.525869],[28.189799,41.525868],[28.189824,41.525868],[28.189861,41.525871],[28.189876,41.525874],[28.190041,41.525933],[28.190121,41.526011],[28.190275,41.525957],[28.19037,41.525857],[28.190372,41.525833],[28.190373,41.52583],[28.190375,41.525827],[28.190381,41.525823],[28.190382,41.52582],[28.190383,41.525815],[28.190384,41.52581],[28.190384,41.525806],[28.190384,41.525801],[28.190383,41.525794],[28.190382,41.525784],[28.190381,41.52578],[28.190379,41.525776],[28.190378,41.525774],[28.190374,41.52577],[28.190367,41.525764],[28.190367,41.52576],[28.190369,41.525757],[28.190373,41.525751],[28.190419,41.525705],[28.190504,41.525626],[28.190548,41.525579],[28.190594,41.525531],[28.190618,41.525509],[28.190673,41.52545],[28.190732,41.525393],[28.190755,41.525357],[28.190773,41.525331],[28.190818,41.525277],[28.190822,41.525273],[28.190828,41.52527],[28.190831,41.525268],[28.190836,41.525263],[28.19084,41.525258],[28.190845,41.525252],[28.190848,41.525249],[28.190851,41.525245],[28.190855,41.52524],[28.190859,41.525235],[28.190864,41.52523],[28.190872,41.525225],[28.190882,41.525218],[28.190904,41.525204],[28.190908,41.525202],[28.190911,41.525201],[28.190913,41.5252],[28.190916,41.525199],[28.190929,41.525196],[28.19094,41.525194],[28.190961,41.525188],[28.190975,41.525184],[28.190991,41.525178],[28.191004,41.525173],[28.191019,41.525166],[28.191031,41.525159],[28.191088,41.525113],[28.191141,41.525066],[28.191155,41.525055],[28.191174,41.525043],[28.191183,41.525036],[28.191191,41.52503],[28.191197,41.525025],[28.191202,41.52502],[28.191206,41.525015],[28.191212,41.525008],[28.191219,41.524993],[28.191225,41.524954],[28.191229,41.524914],[28.191235,41.524861],[28.191234,41.524828],[28.191229,41.524785],[28.191224,41.524732],[28.191223,41.524719],[28.191224,41.524698],[28.191231,41.524651],[28.191239,41.524512],[28.191269,41.524434],[28.191284,41.524397],[28.191309,41.52435],[28.191375,41.524252],[28.191424,41.524203],[28.191512,41.524154],[28.191581,41.524105],[28.191712,41.524038],[28.191783,41.524004],[28.191835,41.523986],[28.191886,41.523974],[28.191933,41.523971],[28.19198,41.523982],[28.192012,41.523985],[28.192039,41.523989],[28.192095,41.523999],[28.192117,41.524002],[28.192131,41.524004],[28.192153,41.524006],[28.192168,41.524005],[28.192176,41.524002],[28.192186,41.523999],[28.192202,41.523988],[28.192211,41.523977],[28.19222,41.523964],[28.192233,41.523939],[28.192237,41.523932],[28.192245,41.523924],[28.192264,41.523911],[28.192281,41.5239],[28.192302,41.523889],[28.192321,41.523881],[28.192336,41.523878],[28.192358,41.523875],[28.192375,41.523873],[28.192388,41.523868],[28.192399,41.523864],[28.192417,41.523857],[28.192427,41.523853],[28.192447,41.523844],[28.192466,41.523833],[28.192488,41.52382],[28.192542,41.523769],[28.192563,41.523751],[28.192623,41.523705],[28.192683,41.523665],[28.193015,41.523432],[28.193154,41.523296],[28.193217,41.523223],[28.193229,41.523186],[28.19324,41.523094],[28.193338,41.522897],[28.193353,41.522872],[28.193386,41.522835],[28.193408,41.522799],[28.193457,41.522693],[28.193584,41.522316],[28.193608,41.522218],[28.193631,41.522151],[28.193678,41.522073],[28.193715,41.522024],[28.193754,41.521985],[28.193806,41.521936],[28.193828,41.521919],[28.19388,41.521885],[28.193916,41.521855],[28.193929,41.521838],[28.193947,41.521802],[28.193953,41.521783],[28.194005,41.521734],[28.194074,41.521651],[28.194121,41.521635],[28.194177,41.521617],[28.19421,41.521601],[28.194237,41.521584],[28.19427,41.521559],[28.194312,41.521516],[28.194328,41.521492],[28.194336,41.521473],[28.194394,41.521432],[28.194496,41.521389],[28.19452,41.521367],[28.194544,41.521339],[28.194564,41.521331],[28.194586,41.521321],[28.194623,41.521296],[28.194673,41.521257],[28.194701,41.521231],[28.194726,41.521201],[28.194737,41.521192],[28.194752,41.521182],[28.194769,41.521173],[28.194792,41.521162],[28.194806,41.521156],[28.194822,41.521147],[28.194856,41.521118],[28.194893,41.521085],[28.194923,41.521047],[28.194944,41.521015],[28.19498,41.520951],[28.194999,41.520901],[28.19501,41.520862],[28.195015,41.520845],[28.195023,41.520823],[28.195027,41.520806],[28.19503,41.520799],[28.195038,41.52078],[28.195053,41.520751],[28.195073,41.520715],[28.195078,41.520704],[28.195082,41.520688],[28.195087,41.520679],[28.195109,41.520649],[28.195117,41.520635],[28.195122,41.520626],[28.195126,41.520615],[28.19513,41.520608],[28.195134,41.520603],[28.195142,41.520594],[28.195168,41.520569],[28.195183,41.520552],[28.195189,41.520548],[28.195195,41.520545],[28.195203,41.520542],[28.195223,41.520534],[28.19525,41.520525],[28.195284,41.52051],[28.195309,41.520495],[28.195321,41.520486],[28.195328,41.520481],[28.195342,41.520473],[28.195368,41.520463],[28.195394,41.520456],[28.195427,41.520449],[28.195467,41.520442],[28.195477,41.52044],[28.195488,41.52044],[28.195514,41.520443],[28.195526,41.520445],[28.19554,41.520445],[28.195549,41.520445],[28.195556,41.520444],[28.195564,41.520443],[28.195572,41.52044],[28.195583,41.520436],[28.195595,41.52043],[28.195603,41.520425],[28.195609,41.520422],[28.195615,41.520418],[28.19562,41.520414],[28.195625,41.520408],[28.195628,41.520404],[28.195631,41.520396],[28.195632,41.520388],[28.195632,41.520383],[28.19563,41.520377],[28.195628,41.520374],[28.195621,41.520364],[28.195619,41.520359],[28.195618,41.520352],[28.195616,41.520347],[28.195612,41.520338],[28.19561,41.520333],[28.195609,41.520329],[28.19561,41.520325],[28.195613,41.520319],[28.195626,41.520308],[28.195645,41.520293],[28.195687,41.520263],[28.195699,41.520252],[28.195704,41.520245],[28.195706,41.520238],[28.195705,41.520229],[28.195701,41.52022],[28.195689,41.520204],[28.19568,41.520191],[28.195673,41.520177],[28.195659,41.520146],[28.195652,41.520139],[28.195642,41.520133],[28.195621,41.520123],[28.195564,41.520101],[28.195315,41.520007],[28.195291,41.519983],[28.195274,41.519961],[28.195248,41.519932],[28.195135,41.519838],[28.195092,41.519799],[28.19507,41.519773],[28.195045,41.519734],[28.195029,41.519704],[28.195024,41.519686],[28.195021,41.519663],[28.195026,41.519639],[28.195035,41.519612],[28.19504,41.519588],[28.195037,41.51955],[28.195025,41.519507],[28.19498,41.519429],[28.194949,41.519378],[28.194937,41.519356],[28.194926,41.519337],[28.194919,41.519331],[28.194908,41.519325],[28.194887,41.519317],[28.19487,41.519311],[28.194853,41.519307],[28.194807,41.519297],[28.194779,41.519292],[28.19475,41.51929],[28.194714,41.519288],[28.194674,41.519283],[28.194662,41.519281],[28.194651,41.519278],[28.194596,41.519258],[28.194508,41.519222],[28.19439,41.519177],[28.194352,41.519158],[28.194304,41.519131],[28.194214,41.519078],[28.194178,41.519057],[28.194168,41.51905],[28.194102,41.518993],[28.19408,41.518971],[28.193903,41.51881],[28.193902,41.518805],[28.193901,41.518798],[28.193904,41.518789],[28.193906,41.518782],[28.193907,41.518776],[28.193907,41.51877],[28.193908,41.518762],[28.193908,41.518756],[28.193905,41.518732],[28.193903,41.518717],[28.193899,41.518704],[28.193882,41.518682],[28.193863,41.518664],[28.193844,41.518643],[28.193787,41.518603],[28.193735,41.518563],[28.193723,41.518552],[28.193696,41.518526],[28.193652,41.51848],[28.193587,41.518418],[28.193582,41.518411],[28.193579,41.518403],[28.193577,41.518396],[28.193578,41.518388],[28.193579,41.518381],[28.193594,41.518345],[28.193606,41.518336],[28.193616,41.51833],[28.193625,41.518325],[28.193629,41.518324],[28.193636,41.518322],[28.193638,41.518322],[28.19364,41.518323],[28.193642,41.518324],[28.193645,41.518327],[28.19365,41.518332],[28.193653,41.518336],[28.193664,41.518345],[28.193673,41.51835],[28.193677,41.518353],[28.193682,41.518354],[28.193686,41.518356],[28.193691,41.518358],[28.19374,41.518389],[28.193801,41.518431],[28.193838,41.518455],[28.193878,41.518481],[28.193899,41.518493],[28.193907,41.518497],[28.193933,41.518514],[28.193966,41.518539],[28.193978,41.518549],[28.193989,41.518555],[28.193997,41.518561],[28.194002,41.518565],[28.194031,41.518589],[28.194034,41.518592],[28.194041,41.518595],[28.194046,41.518599],[28.194051,41.518602],[28.194073,41.518619],[28.194088,41.518632],[28.194091,41.518633],[28.194096,41.518635],[28.194103,41.51864],[28.194111,41.518647],[28.194117,41.518654],[28.194125,41.518665],[28.194134,41.518678],[28.194144,41.518698],[28.194148,41.518703],[28.194152,41.518706],[28.194156,41.518708],[28.194164,41.518712],[28.19417,41.518716],[28.19418,41.518723],[28.194187,41.51873],[28.194195,41.518738],[28.1942,41.518744],[28.194205,41.518752],[28.19421,41.518761],[28.194212,41.518769],[28.194214,41.518775],[28.194216,41.518781],[28.194217,41.518787],[28.194218,41.518794],[28.194219,41.518801],[28.19422,41.518812],[28.194222,41.518816],[28.194223,41.518819],[28.194227,41.518823],[28.194232,41.518827],[28.194239,41.518834],[28.194246,41.51884],[28.194259,41.518853],[28.19427,41.518863],[28.19429,41.518878],[28.19431,41.518891],[28.194355,41.518918],[28.194374,41.518928],[28.194393,41.518938],[28.194406,41.518944],[28.194418,41.51895],[28.19443,41.518954],[28.194438,41.518957],[28.194445,41.518958],[28.194452,41.51896],[28.19446,41.518961],[28.194468,41.518962],[28.194477,41.518963],[28.194499,41.518964],[28.194521,41.518968],[28.194532,41.51897],[28.194544,41.518973],[28.194553,41.518977],[28.194569,41.518983],[28.194583,41.51899],[28.194699,41.519056],[28.194711,41.519062],[28.194718,41.519066],[28.194725,41.519068],[28.194732,41.51907],[28.194734,41.519071],[28.194737,41.519071],[28.194739,41.519071],[28.194742,41.519071],[28.194744,41.51907],[28.194746,41.519069],[28.194748,41.519067],[28.19475,41.519066],[28.194752,41.519063],[28.194753,41.519059],[28.194754,41.519055],[28.194756,41.519047],[28.194756,41.51904],[28.194758,41.519013],[28.194762,41.518981],[28.194766,41.518945],[28.194766,41.518924],[28.194762,41.518857],[28.194761,41.518838],[28.194761,41.518822],[28.194761,41.518815],[28.194761,41.518813],[28.194761,41.518812],[28.194761,41.518812],[28.194761,41.518811],[28.194762,41.518811],[28.194762,41.51881],[28.194762,41.51881],[28.194762,41.51881],[28.194762,41.51881],[28.194762,41.51881],[28.194762,41.51881],[28.194762,41.51881],[28.194763,41.51881],[28.194763,41.51881],[28.194763,41.51881],[28.194763,41.51881],[28.194763,41.518811],[28.194764,41.518811],[28.194765,41.518812],[28.194765,41.518813],[28.194766,41.518814],[28.194767,41.518814],[28.194794,41.518829],[28.194803,41.518835],[28.194809,41.518837],[28.194819,41.518841],[28.194825,41.518843],[28.194833,41.518846],[28.194837,41.518847],[28.194839,41.518847],[28.19484,41.518847],[28.194841,41.518847],[28.194842,41.518847],[28.194843,41.518847],[28.194844,41.518846],[28.194844,41.518845],[28.194844,41.518844],[28.194846,41.51884],[28.194846,41.518837],[28.194847,41.518831],[28.194847,41.518828],[28.194847,41.518824],[28.194847,41.518821],[28.194847,41.518819],[28.194846,41.518817],[28.194846,41.518816],[28.194846,41.518816],[28.194845,41.518815],[28.194845,41.518815],[28.194845,41.518815],[28.194844,41.518815],[28.194843,41.518815],[28.194841,41.518815],[28.194839,41.518815],[28.194837,41.518814],[28.194835,41.518814],[28.194833,41.518813],[28.194828,41.518811],[28.194823,41.51881],[28.194819,41.518808],[28.194816,41.518808],[28.194814,41.518807],[28.194813,41.518807],[28.194812,41.518806],[28.19481,41.518805],[28.194807,41.518804],[28.194805,41.518802],[28.1948,41.518799],[28.194783,41.518785],[28.194777,41.51878],[28.19477,41.518774],[28.194768,41.518772],[28.194766,41.518771],[28.194766,41.518771],[28.194766,41.518771],[28.194766,41.518771],[28.194766,41.518771],[28.194765,41.518771],[28.194765,41.518771],[28.194765,41.518771],[28.194765,41.518771],[28.194765,41.518771],[28.194765,41.518771],[28.194765,41.518771],[28.194765,41.518766],[28.194765,41.518755],[28.194766,41.518749],[28.194767,41.518748],[28.194771,41.518743],[28.194772,41.518741],[28.194774,41.518739],[28.194775,41.518739],[28.194777,41.518737],[28.194778,41.518736],[28.19478,41.518735],[28.194782,41.518733],[28.194785,41.518732],[28.194787,41.518731],[28.19479,41.51873],[28.194795,41.518729],[28.194806,41.518726],[28.194814,41.518724],[28.194825,41.518722],[28.194836,41.51872],[28.194843,41.518719],[28.194848,41.518718],[28.194864,41.518717],[28.194873,41.518716],[28.194884,41.518715],[28.194904,41.518712],[28.194917,41.518709],[28.194923,41.518708],[28.19493,41.518707],[28.194931,41.518707],[28.194933,41.518707],[28.194935,41.518707],[28.194936,41.518707],[28.194937,41.518707],[28.19494,41.518707],[28.194953,41.518708],[28.195016,41.518714],[28.195085,41.518725],[28.195207,41.518722],[28.195235,41.518718],[28.195314,41.518701],[28.195343,41.518696],[28.195356,41.518694],[28.19536,41.518694],[28.195395,41.518699],[28.195457,41.518708],[28.195478,41.518711],[28.195483,41.518712],[28.195487,41.518712],[28.195491,41.518712],[28.195495,41.518713],[28.195502,41.518715],[28.195523,41.518721],[28.195539,41.518726],[28.195559,41.518729],[28.195567,41.518732],[28.195696,41.51878],[28.195758,41.518803],[28.195762,41.518805],[28.195766,41.518806],[28.195769,41.518808],[28.195771,41.518809],[28.195774,41.518812],[28.195777,41.518815],[28.195819,41.518857],[28.195837,41.518875],[28.195849,41.518889],[28.195851,41.518892],[28.195855,41.518896],[28.195859,41.5189],[28.195864,41.518904],[28.195871,41.51891],[28.195878,41.518917],[28.195893,41.518928],[28.195897,41.518932],[28.195902,41.518937],[28.195907,41.518943],[28.195913,41.518951],[28.195917,41.518957],[28.195919,41.518961],[28.195922,41.51897],[28.195929,41.518987],[28.195936,41.519003],[28.195946,41.519029],[28.195953,41.519052],[28.195954,41.519058],[28.195956,41.519068],[28.195957,41.519078],[28.195958,41.519084],[28.195961,41.519091],[28.195965,41.519097],[28.195967,41.519106],[28.195969,41.519123],[28.195969,41.519127],[28.195972,41.519134],[28.195973,41.519138],[28.195973,41.519141],[28.195973,41.519147],[28.195972,41.519153],[28.195971,41.519158],[28.195971,41.519163],[28.195973,41.519167],[28.195974,41.51917],[28.195977,41.519171],[28.19598,41.519172],[28.195983,41.519173],[28.19599,41.519175],[28.195999,41.519177],[28.196011,41.51918],[28.196017,41.519182],[28.196023,41.519184],[28.196028,41.519186],[28.196032,41.519188],[28.196035,41.519189],[28.196037,41.519191],[28.19604,41.519194],[28.196042,41.519197],[28.196043,41.519199],[28.196045,41.519203],[28.196048,41.519211],[28.196055,41.519243],[28.196058,41.519257],[28.196059,41.519265],[28.196059,41.519275],[28.196055,41.519291],[28.196032,41.519334],[28.196029,41.519349],[28.196034,41.519362],[28.196047,41.519377],[28.196065,41.519392],[28.196081,41.519401],[28.196095,41.519407],[28.196111,41.519413],[28.196142,41.519422],[28.19615,41.519424],[28.196166,41.519429],[28.196183,41.519435],[28.196196,41.519439],[28.19621,41.519443],[28.196229,41.519447],[28.196244,41.519451],[28.196253,41.519454],[28.196265,41.519458],[28.196317,41.519479],[28.196336,41.519485],[28.196369,41.519492],[28.196398,41.519497],[28.196454,41.519502],[28.19656,41.51951],[28.196579,41.519511],[28.196596,41.519513],[28.196613,41.519515],[28.196624,41.519518],[28.196629,41.519518],[28.196634,41.519518],[28.196643,41.519517],[28.196657,41.519514],[28.196661,41.519513],[28.196665,41.519512],[28.196669,41.519511],[28.196672,41.519511],[28.196674,41.519511],[28.196675,41.519511],[28.196678,41.519511],[28.196681,41.519511],[28.196689,41.519513],[28.196693,41.519514],[28.196698,41.519514],[28.196702,41.519514],[28.196708,41.519514],[28.196711,41.519514],[28.196727,41.519514],[28.196734,41.519514],[28.196742,41.519515],[28.19675,41.519515],[28.196758,41.519515],[28.196766,41.519516],[28.196772,41.519517],[28.196777,41.519518],[28.196823,41.519532],[28.196831,41.519536],[28.196837,41.519539],[28.196842,41.519542],[28.196855,41.519552],[28.196892,41.519581],[28.196915,41.519598],[28.196935,41.519614],[28.196946,41.519621],[28.196955,41.519627],[28.196964,41.519633],[28.196973,41.519638],[28.196981,41.519642],[28.196988,41.519645],[28.196993,41.519647],[28.197001,41.519649],[28.197009,41.51965],[28.197013,41.519651],[28.197017,41.519651],[28.197022,41.519651],[28.197025,41.519651],[28.19703,41.519651],[28.197036,41.51965],[28.197041,41.519648],[28.197046,41.519647],[28.197051,41.519645],[28.197057,41.519642],[28.197063,41.519638],[28.197067,41.519635],[28.197073,41.51963],[28.197078,41.519625],[28.197082,41.519619],[28.197087,41.519612],[28.197091,41.519605],[28.197105,41.51958],[28.19711,41.519571],[28.197115,41.519564],[28.197119,41.519558],[28.197122,41.519554],[28.197125,41.51955],[28.197128,41.519547],[28.197131,41.519544],[28.197136,41.51954],[28.19714,41.519537],[28.197143,41.519535],[28.197153,41.519528],[28.197155,41.519527],[28.197157,41.519525],[28.19716,41.519522],[28.197161,41.519521],[28.197162,41.51952],[28.197163,41.519518],[28.197163,41.519515],[28.197163,41.519512],[28.197162,41.519508],[28.197156,41.519488],[28.197151,41.519469],[28.197148,41.519456],[28.197145,41.519433],[28.197142,41.519415],[28.197138,41.519399],[28.197134,41.519383],[28.197132,41.519377],[28.197131,41.519371],[28.19713,41.519368],[28.197129,41.519367],[28.197129,41.519365],[28.19713,41.519364],[28.197131,41.519361],[28.197131,41.519358],[28.197131,41.519357],[28.197131,41.519356],[28.19713,41.519353],[28.197129,41.519352],[28.197129,41.519352],[28.197129,41.519351],[28.19713,41.51935],[28.19713,41.51935],[28.19713,41.519349],[28.197131,41.519349],[28.197131,41.519348],[28.197132,41.519347],[28.197134,41.519346],[28.197136,41.519345],[28.197166,41.519333],[28.19725,41.519297],[28.197252,41.519296],[28.197253,41.519296],[28.197253,41.519296],[28.197252,41.519295],[28.197252,41.519295],[28.197251,41.519293],[28.197251,41.519292],[28.197251,41.519292],[28.197251,41.519291],[28.197251,41.51929],[28.197251,41.51929],[28.197251,41.519289],[28.197251,41.519289],[28.197252,41.519288],[28.197252,41.519288],[28.197253,41.519288],[28.197254,41.519287],[28.197255,41.519287],[28.197257,41.519286],[28.197289,41.519276],[28.197312,41.519269],[28.197322,41.519265],[28.19733,41.519262],[28.197342,41.519256],[28.197351,41.519252],[28.197358,41.519247],[28.197367,41.519241],[28.197376,41.519231],[28.197381,41.519225],[28.197385,41.519215],[28.197387,41.519205],[28.197387,41.519188],[28.197382,41.519172],[28.197373,41.519155],[28.197354,41.519127],[28.197341,41.51911],[28.197314,41.51908],[28.197288,41.519054],[28.197241,41.519008],[28.197181,41.518951],[28.19717,41.51894],[28.197162,41.51893],[28.197158,41.518923],[28.197145,41.518893],[28.197138,41.518879],[28.197132,41.51887],[28.197126,41.518862],[28.197119,41.518855],[28.197101,41.518838],[28.197087,41.518828],[28.197073,41.518819],[28.197033,41.518793],[28.197014,41.518779],[28.197006,41.51877],[28.197001,41.518759],[28.196999,41.518749],[28.196996,41.518742],[28.196987,41.518734],[28.196936,41.518697],[28.196859,41.518642],[28.196848,41.518633],[28.196756,41.518534],[28.19675,41.518527],[28.196719,41.518492],[28.196674,41.518449],[28.196645,41.51842],[28.196633,41.518377],[28.19663,41.518374],[28.196551,41.518301],[28.196542,41.518293],[28.196537,41.518287],[28.196534,41.518283],[28.196533,41.518281],[28.196532,41.51828],[28.196531,41.518279],[28.196531,41.518278],[28.196531,41.518277],[28.19653,41.518277],[28.196531,41.518267],[28.19653,41.51826],[28.196527,41.518254],[28.196523,41.518248],[28.196508,41.518233],[28.196502,41.518226],[28.196496,41.51822],[28.196494,41.518216],[28.196493,41.518214],[28.196492,41.518211],[28.196492,41.518208],[28.196493,41.518205],[28.196494,41.518203],[28.196493,41.518201],[28.196493,41.5182],[28.196492,41.518197],[28.196489,41.518194],[28.196485,41.518188],[28.196477,41.518177],[28.19647,41.518165],[28.196462,41.518151],[28.196455,41.518134],[28.196447,41.518114],[28.196442,41.518102],[28.196443,41.518097],[28.196445,41.518086],[28.196452,41.518078],[28.196458,41.51807],[28.196466,41.518063],[28.196486,41.518047],[28.196525,41.518018],[28.196762,41.517866],[28.196963,41.517722],[28.196973,41.517714],[28.196991,41.517694],[28.197004,41.517678],[28.197017,41.517667],[28.197056,41.517641],[28.197074,41.517631],[28.197091,41.517622],[28.1971,41.517618],[28.197123,41.517613],[28.197151,41.517605],[28.197161,41.517604],[28.197174,41.517604],[28.19719,41.517604],[28.197199,41.517605],[28.197219,41.517611],[28.197233,41.517617],[28.197271,41.517634],[28.197289,41.51764],[28.197302,41.517642],[28.197319,41.517644],[28.197357,41.517647],[28.19743,41.517651],[28.197441,41.517652],[28.19745,41.517653],[28.197488,41.517661],[28.197508,41.517665],[28.197558,41.517672],[28.197663,41.517683],[28.197734,41.517705],[28.197816,41.517735],[28.197899,41.517771],[28.197921,41.517783],[28.197992,41.517837],[28.198129,41.517946],[28.198199,41.517994],[28.198265,41.518028],[28.198354,41.518063],[28.198598,41.518178],[28.198684,41.518228],[28.198873,41.518349],[28.199041,41.518538],[28.199162,41.518599],[28.199202,41.518638],[28.199242,41.51868],[28.199277,41.518723],[28.199343,41.518834],[28.199383,41.518892],[28.199386,41.5189],[28.199389,41.518911],[28.199391,41.518921],[28.199393,41.518938],[28.199393,41.518954],[28.199391,41.518977],[28.199393,41.518995],[28.199396,41.519002],[28.1994,41.519009],[28.199404,41.519016],[28.199422,41.519036],[28.199514,41.519124],[28.199542,41.519151],[28.199556,41.519167],[28.19957,41.519179],[28.199594,41.519191],[28.199604,41.519197],[28.199616,41.519207],[28.199625,41.519217],[28.199635,41.519227],[28.199643,41.519232],[28.199665,41.519247],[28.199677,41.519259],[28.199694,41.519275],[28.199717,41.519293],[28.199739,41.519309],[28.19976,41.519328],[28.19982,41.519388],[28.199887,41.519461],[28.199905,41.519482],[28.199927,41.519506],[28.199957,41.519529],[28.199999,41.519575],[28.200096,41.519657],[28.200216,41.519758],[28.200321,41.519848],[28.200363,41.519885],[28.200433,41.519948],[28.200442,41.519958],[28.200454,41.519973],[28.200462,41.519981],[28.200464,41.519984],[28.200466,41.519986],[28.200467,41.519988],[28.200469,41.519994],[28.200471,41.519999],[28.200472,41.520002],[28.200472,41.520003],[28.200471,41.520005],[28.200471,41.520009],[28.20047,41.520015],[28.200471,41.520019],[28.200474,41.520034],[28.200476,41.520037],[28.200479,41.520043],[28.200481,41.520045],[28.200488,41.520055],[28.200491,41.520061],[28.200493,41.520064],[28.200494,41.520067],[28.200496,41.520069],[28.200498,41.520072],[28.2005,41.520074],[28.200503,41.520077],[28.200511,41.520083],[28.200515,41.520087],[28.200524,41.520097],[28.200532,41.520103],[28.200553,41.520119],[28.200859,41.520018],[28.201102,41.519983],[28.201797,41.520167],[28.198935,41.525781],[28.198794,41.525765],[28.198551,41.525705],[28.19845,41.525711],[28.198332,41.525754],[28.198223,41.525873],[28.197982,41.526044],[28.197872,41.526091],[28.197743,41.526138],[28.197659,41.526161],[28.197548,41.526177],[28.197467,41.526172],[28.19741,41.526153],[28.19731,41.526083],[28.197138,41.525931],[28.197013,41.525875],[28.19689,41.525842],[28.196711,41.525852],[28.196545,41.525899],[28.196225,41.525886],[28.196038,41.525862],[28.195756,41.525874],[28.195639,41.525875],[28.19535,41.525864],[28.194633,41.52587],[28.194556,41.525882],[28.194518,41.525893],[28.194437,41.525928],[28.194371,41.52596],[28.194347,41.525969],[28.194286,41.525984],[28.193881,41.526106],[28.193766,41.526145],[28.193573,41.52622],[28.193438,41.526265],[28.19326,41.526334],[28.193225,41.526352],[28.193179,41.526383],[28.193168,41.52639],[28.193155,41.526396],[28.193114,41.526416],[28.193085,41.526431],[28.193081,41.526425],[28.193068,41.526419],[28.193057,41.526416],[28.193046,41.526415],[28.193013,41.526412],[28.192999,41.526409],[28.192982,41.526404],[28.192968,41.5264],[28.192932,41.526374],[28.19289,41.526342],[28.192826,41.52626],[28.192794,41.526225],[28.192778,41.526205],[28.192758,41.526179],[28.192733,41.526155],[28.192698,41.526124],[28.192686,41.526118],[28.192669,41.526111],[28.192656,41.526107],[28.192645,41.526105],[28.192634,41.526103],[28.192629,41.526103],[28.192617,41.526104],[28.19261,41.526106],[28.192601,41.52611],[28.192543,41.526152],[28.192509,41.526199],[28.192407,41.526358],[28.19206,41.52671],[28.191858,41.527067],[28.191684,41.527297],[28.191676,41.527315],[28.191676,41.527321],[28.191679,41.527325],[28.191697,41.527338],[28.191712,41.527347],[28.191719,41.527355],[28.191638,41.527517],[28.191608,41.527558],[28.1916,41.527566],[28.19158,41.527582],[28.191569,41.527598],[28.191548,41.527633],[28.191519,41.527684],[28.191464,41.527761],[28.191413,41.527838],[28.191409,41.527841],[28.191408,41.527842],[28.191402,41.527846],[28.191389,41.527854],[28.191377,41.527862],[28.191353,41.527881],[28.19133,41.5279],[28.191302,41.527924],[28.191287,41.527939],[28.191272,41.527956],[28.191262,41.527969],[28.191248,41.527991],[28.191237,41.528013],[28.19123,41.528031],[28.191221,41.528056],[28.191213,41.528084],[28.191207,41.528111],[28.191202,41.528129],[28.191196,41.528146],[28.191186,41.528166],[28.191169,41.528185],[28.191149,41.528208],[28.191098,41.528254],[28.191057,41.528285],[28.191047,41.528299],[28.19102,41.528329],[28.191008,41.528347],[28.191005,41.528352],[28.191003,41.528356],[28.191,41.528359],[28.190989,41.528364],[28.190973,41.528368],[28.190965,41.52837],[28.190933,41.528377],[28.190923,41.52838],[28.190881,41.528395],[28.190863,41.528402],[28.190845,41.52841],[28.190833,41.528417],[28.190828,41.52842],[28.19082,41.528428],[28.190812,41.528436],[28.190785,41.528476],[28.190735,41.528541],[28.190708,41.528585],[28.19061,41.528772],[28.190489,41.528922],[28.190347,41.529041],[28.190266,41.529096],[28.190241,41.529111],[28.190206,41.529129],[28.190023,41.529192],[28.189864,41.529239],[28.189839,41.529249],[28.189825,41.529262],[28.189813,41.529288],[28.189811,41.529311],[28.189816,41.529349],[28.189832,41.529415],[28.189834,41.52943],[28.189834,41.529445],[28.189831,41.529457],[28.189753,41.52962],[28.189713,41.529737],[28.189697,41.529777],[28.189679,41.529814],[28.189622,41.5299],[28.189574,41.529987],[28.189464,41.530231],[28.189448,41.530257],[28.18932,41.530381],[28.189194,41.530533],[28.189158,41.530581],[28.189063,41.530737],[28.189031,41.530778],[28.188983,41.530828],[28.188944,41.530861],[28.188886,41.530907],[28.188857,41.530928],[28.188815,41.530946],[28.188764,41.530971],[28.188741,41.530989],[28.188701,41.531028],[28.18868,41.531054],[28.18865,41.5311],[28.188628,41.531132],[28.188612,41.531151],[28.188568,41.531218],[28.188515,41.531256],[28.188458,41.531297],[28.188357,41.53136],[28.18832,41.531385],[28.188293,41.531404],[28.188238,41.531436],[28.188196,41.531455],[28.188133,41.53149],[28.188083,41.531533],[28.18803,41.531577],[28.18799,41.531604],[28.187924,41.531658],[28.187837,41.531751],[28.187805,41.531777],[28.187671,41.53185],[28.187606,41.531881],[28.187534,41.531914],[28.187417,41.53195],[28.187316,41.531949],[28.187246,41.531948],[28.187195,41.531955],[28.187148,41.531966],[28.187072,41.531964],[28.187022,41.531968]]]}},{"type":"Feature","properties":{"id":"TR-Y-34-015-M-0014","level":"yerlesim","type":"mahalle","parent_id":"TR-D-34-015","province_id":"TR-P-34","district_id":"TR-D-34-015","name":"Ferhatpaşa","source_raw_name":"FERHATPAŞA","source":"Kullanıcı tarafından sağlanan KML","source_label":"Kullanıcı tarafından sağlanan KML","source_name":"Istanbul Mahalle KML"},"geometry":{"type":"Polygon","coordinates":[[[28.45346,41.128976],[28.453457,41.128982],[28.453377,41.12924],[28.453187,41.130063],[28.453033,41.130747],[28.452889,41.131417],[28.452719,41.132159],[28.452573,41.132791],[28.452477,41.133221],[28.452479,41.133517],[28.452508,41.134377],[28.452539,41.135145],[28.452541,41.135443],[28.452577,41.136241],[28.452591,41.136941],[28.452626,41.137813],[28.452785,41.138037],[28.453218,41.138611],[28.453681,41.139227],[28.454039,41.139701],[28.45441,41.140189],[28.454647,41.140493],[28.45459,41.140709],[28.454498,41.14111],[28.454441,41.141345],[28.45476,41.141282],[28.455175,41.141186],[28.455389,41.141067],[28.455646,41.140906],[28.455802,41.140786],[28.455956,41.140859],[28.456349,41.14104],[28.456854,41.141273],[28.457127,41.141402],[28.457477,41.141559],[28.45762,41.141621],[28.4577,41.14159],[28.457784,41.141649],[28.457983,41.14191],[28.458025,41.141951],[28.457872,41.142054],[28.457549,41.142265],[28.45775,41.142407],[28.458131,41.142646],[28.458485,41.142845],[28.458783,41.143021],[28.459185,41.143233],[28.459576,41.143423],[28.459983,41.143632],[28.460366,41.143794],[28.460628,41.143927],[28.460886,41.144072],[28.461059,41.144164],[28.461236,41.144274],[28.461392,41.144393],[28.461563,41.144562],[28.461971,41.144913],[28.462224,41.145079],[28.462279,41.145135],[28.462511,41.145357],[28.462706,41.145545],[28.462791,41.145743],[28.462872,41.145929],[28.462943,41.146056],[28.463117,41.146287],[28.463313,41.146591],[28.463555,41.146878],[28.463746,41.147096],[28.464087,41.14731],[28.464531,41.147501],[28.465061,41.147696],[28.465445,41.147828],[28.465845,41.147962],[28.466104,41.148043],[28.466339,41.148117],[28.466589,41.148216],[28.466799,41.148314],[28.466965,41.148365],[28.467211,41.148455],[28.467421,41.148544],[28.467611,41.148648],[28.467751,41.148736],[28.467876,41.148806],[28.468032,41.148925],[28.468272,41.149107],[28.468489,41.149239],[28.468659,41.149318],[28.468785,41.149378],[28.469016,41.149455],[28.469356,41.149549],[28.46962,41.149638],[28.469863,41.149715],[28.470423,41.149809],[28.471067,41.149982],[28.472089,41.150312],[28.472791,41.150547],[28.4735,41.150769],[28.474097,41.150942],[28.474506,41.151078],[28.474858,41.15118],[28.475178,41.151276],[28.475777,41.151452],[28.476197,41.151586],[28.476593,41.151717],[28.476858,41.151809],[28.476965,41.151855],[28.477126,41.151931],[28.477345,41.152044],[28.477561,41.152167],[28.477748,41.152276],[28.477915,41.152357],[28.478058,41.152374],[28.478198,41.152378],[28.4783,41.152362],[28.478447,41.152313],[28.47859,41.152206],[28.47899,41.151887],[28.479311,41.151638],[28.479569,41.151472],[28.479661,41.15144],[28.479757,41.151443],[28.479884,41.151474],[28.48002,41.151566],[28.480383,41.151837],[28.480649,41.152047],[28.480894,41.152233],[28.481032,41.152345],[28.481393,41.152613],[28.481712,41.152851],[28.48193,41.153013],[28.48218,41.153203],[28.482433,41.153417],[28.482678,41.153607],[28.482878,41.153765],[28.483085,41.153933],[28.483307,41.154093],[28.483414,41.154184],[28.483496,41.154255],[28.483754,41.154443],[28.484053,41.154681],[28.484187,41.154771],[28.484429,41.154957],[28.484664,41.155141],[28.484879,41.155316],[28.485247,41.155594],[28.485557,41.155844],[28.485836,41.156068],[28.486037,41.156213],[28.486307,41.156423],[28.486501,41.15657],[28.486889,41.156882],[28.487151,41.157092],[28.487407,41.157295],[28.487619,41.157431],[28.487886,41.157579],[28.487942,41.157551],[28.488714,41.156885],[28.489256,41.156383],[28.489809,41.155866],[28.490414,41.155334],[28.490639,41.155083],[28.490893,41.154756],[28.49104,41.154548],[28.491408,41.15407],[28.491713,41.153613],[28.491953,41.153152],[28.492429,41.152345],[28.492708,41.15183],[28.492103,41.151888],[28.491387,41.151946],[28.491209,41.151996],[28.490626,41.152154],[28.490291,41.152239],[28.49064,41.151845],[28.49094,41.151482],[28.491109,41.151216],[28.491242,41.151022],[28.491619,41.150906],[28.492214,41.150675],[28.492947,41.150464],[28.492962,41.150284],[28.493483,41.150233],[28.493516,41.150315],[28.494018,41.150208],[28.494724,41.150105],[28.494909,41.150081],[28.494908,41.150097],[28.494891,41.150406],[28.494885,41.15082],[28.494872,41.15093],[28.494778,41.151243],[28.494686,41.151463],[28.494609,41.151653],[28.494522,41.15183],[28.494356,41.152101],[28.494122,41.152485],[28.49388,41.152886],[28.493729,41.153154],[28.493756,41.153152],[28.49453,41.153306],[28.495151,41.153427],[28.4956,41.153519],[28.495984,41.153593],[28.496336,41.153668],[28.496788,41.153761],[28.497278,41.153888],[28.497653,41.153124],[28.497807,41.152865],[28.497957,41.152499],[28.498069,41.151955],[28.49821,41.151691],[28.498447,41.151312],[28.498964,41.150541],[28.499496,41.149671],[28.499999,41.14896],[28.500593,41.148064],[28.500836,41.147494],[28.501211,41.146667],[28.501486,41.145797],[28.501737,41.14551],[28.502431,41.144889],[28.503037,41.144079],[28.503201,41.143987],[28.50355,41.143901],[28.504709,41.143528],[28.505336,41.143218],[28.506022,41.14293],[28.506195,41.142879],[28.507053,41.142747],[28.507484,41.142707],[28.507902,41.142636],[28.508662,41.142501],[28.508981,41.142411],[28.509329,41.142319],[28.509221,41.141681],[28.509123,41.141101],[28.509023,41.140551],[28.508926,41.140015],[28.508815,41.1394],[28.508733,41.139016],[28.509172,41.138921],[28.509789,41.138795],[28.509933,41.139568],[28.510012,41.140061],[28.510088,41.140504],[28.510116,41.14065],[28.510199,41.141111],[28.510277,41.14158],[28.510344,41.141955],[28.510872,41.141749],[28.510901,41.14148],[28.510966,41.140928],[28.511026,41.140449],[28.511074,41.140031],[28.511143,41.139513],[28.511182,41.139183],[28.511225,41.138773],[28.511239,41.138631],[28.511664,41.138623],[28.512145,41.13864],[28.512665,41.138642],[28.512974,41.138654],[28.513644,41.138631],[28.514235,41.138562],[28.514845,41.138544],[28.515127,41.138511],[28.515968,41.138419],[28.51633,41.138377],[28.516971,41.138383],[28.517564,41.138395],[28.517962,41.138419],[28.51843,41.138435],[28.519062,41.13843],[28.519588,41.138456],[28.520358,41.138452],[28.521045,41.138461],[28.52154,41.138468],[28.521762,41.138468],[28.522371,41.138449],[28.522606,41.138419],[28.523778,41.138387],[28.524328,41.138348],[28.525822,41.138227],[28.526544,41.138204],[28.52692,41.138232],[28.527252,41.138152],[28.527707,41.138018],[28.528457,41.137817],[28.529022,41.137678],[28.529452,41.137557],[28.529881,41.137435],[28.530258,41.137313],[28.530522,41.137312],[28.530717,41.137285],[28.530816,41.137331],[28.531108,41.137442],[28.531686,41.137646],[28.532237,41.13785],[28.532423,41.137897],[28.532705,41.138003],[28.532978,41.138101],[28.533053,41.138116],[28.533251,41.136923],[28.534438,41.136423],[28.535262,41.135638],[28.536879,41.134792],[28.537696,41.134582],[28.539732,41.133306],[28.540397,41.1328],[28.541423,41.132382],[28.542992,41.131348],[28.544296,41.130316],[28.544639,41.128849],[28.544744,41.128323],[28.544836,41.127825],[28.543585,41.127216],[28.543743,41.124238],[28.542194,41.123682],[28.535805,41.121816],[28.535907,41.121475],[28.534477,41.121054],[28.534457,41.12077],[28.534767,41.120494],[28.53487,41.119386],[28.534759,41.118315],[28.534273,41.117382],[28.533389,41.117156],[28.533455,41.116572],[28.533227,41.115776],[28.533186,41.115165],[28.533424,41.114594],[28.533989,41.113962],[28.534605,41.11333],[28.535057,41.113028],[28.5361,41.110479],[28.535817,41.109242],[28.536917,41.10862],[28.537549,41.108129],[28.538052,41.107717],[28.538228,41.107566],[28.538649,41.107266],[28.538822,41.107141],[28.538703,41.106107],[28.538703,41.106105],[28.538703,41.106102],[28.538702,41.106099],[28.538021,41.106086],[28.537156,41.105957],[28.536241,41.105807],[28.534968,41.105577],[28.533966,41.105364],[28.53252,41.105031],[28.531774,41.104835],[28.531784,41.104749],[28.531305,41.104619],[28.530914,41.104514],[28.530907,41.104505],[28.530899,41.104501],[28.530853,41.104478],[28.530816,41.104458],[28.53077,41.104431],[28.530711,41.104378],[28.530658,41.104321],[28.530654,41.104317],[28.530574,41.104252],[28.530572,41.104251],[28.530523,41.104215],[28.530469,41.104166],[28.530467,41.104165],[28.530409,41.104117],[28.530396,41.104105],[28.530396,41.104105],[28.530115,41.104153],[28.529738,41.104241],[28.529497,41.104576],[28.529244,41.105005],[28.528415,41.105382],[28.52795,41.105786],[28.527215,41.106014],[28.526197,41.106174],[28.525642,41.106526],[28.524537,41.106943],[28.524116,41.107208],[28.523609,41.107565],[28.523239,41.10778],[28.523241,41.107998],[28.523239,41.108001],[28.523239,41.108002],[28.52303,41.108382],[28.522724,41.108437],[28.522395,41.108301],[28.522173,41.108003],[28.522064,41.107604],[28.521966,41.107372],[28.521787,41.107296],[28.521578,41.107377],[28.521552,41.107407],[28.521323,41.107688],[28.521313,41.107685],[28.521312,41.107686],[28.520678,41.10746],[28.519304,41.106975],[28.518101,41.106572],[28.516745,41.106121],[28.514612,41.105549],[28.51374,41.105218],[28.512707,41.104701],[28.511909,41.104426],[28.509784,41.103398],[28.508005,41.102812],[28.505304,41.107151],[28.503824,41.10954],[28.503555,41.109976],[28.502519,41.111649],[28.502133,41.112215],[28.499541,41.114332],[28.497592,41.116051],[28.496238,41.117822],[28.493284,41.1214],[28.490123,41.120137],[28.489505,41.118937],[28.489252,41.11791],[28.488884,41.117139],[28.488909,41.115776],[28.48789,41.11468],[28.487608,41.114132],[28.486969,41.113916],[28.486311,41.114139],[28.485359,41.113652],[28.48625,41.112523],[28.487831,41.110814],[28.485998,41.110356],[28.485526,41.110303],[28.484106,41.109631],[28.483221,41.110834],[28.482868,41.111298],[28.482094,41.111936],[28.480561,41.112987],[28.479597,41.113755],[28.47927,41.113785],[28.478916,41.113902],[28.478415,41.113414],[28.477906,41.112917],[28.476323,41.111374],[28.475982,41.110606],[28.475979,41.110599],[28.475975,41.1106],[28.475415,41.111022],[28.473941,41.111854],[28.475155,41.112671],[28.474612,41.113404],[28.473471,41.113693],[28.472058,41.114408],[28.471678,41.115534],[28.470839,41.115591],[28.469387,41.115478],[28.468745,41.115538],[28.46761,41.116629],[28.466387,41.117638],[28.466334,41.118837],[28.466131,41.120127],[28.465997,41.120952],[28.465157,41.12104],[28.464243,41.121127],[28.46345,41.121297],[28.462953,41.121471],[28.462572,41.121565],[28.462516,41.121579],[28.461899,41.122121],[28.461691,41.122295],[28.461242,41.122555],[28.460897,41.122769],[28.460515,41.123305],[28.459666,41.123512],[28.458518,41.123819],[28.457787,41.124252],[28.456842,41.125381],[28.455909,41.126524],[28.455136,41.127409],[28.454581,41.127942],[28.453799,41.128696],[28.453516,41.128962],[28.45346,41.128976]],[[28.484225,41.132566],[28.483478,41.131363],[28.480631,41.132116],[28.480547,41.131967],[28.48339,41.131222],[28.483269,41.131027],[28.481947,41.131315],[28.480454,41.131739],[28.480117,41.131489],[28.479774,41.131184],[28.479517,41.130864],[28.479347,41.13062],[28.478903,41.129423],[28.478284,41.128859],[28.477828,41.128274],[28.477489,41.127823],[28.4782,41.127322],[28.478617,41.127028],[28.478666,41.127009],[28.478908,41.126979],[28.481938,41.126839],[28.482073,41.127113],[28.482154,41.127469],[28.482359,41.12795],[28.482506,41.128384],[28.482818,41.128465],[28.482653,41.128798],[28.48263,41.128966],[28.483434,41.12866],[28.483396,41.128609],[28.483709,41.12853],[28.484023,41.128599],[28.484675,41.128681],[28.48473,41.128631],[28.485034,41.128699],[28.485737,41.128638],[28.486417,41.128619],[28.486691,41.128567],[28.487027,41.129087],[28.487213,41.129575],[28.48741,41.130005],[28.490842,41.128703],[28.490985,41.128935],[28.491726,41.129644],[28.492341,41.13026],[28.49253,41.130513],[28.491995,41.130673],[28.491361,41.130792],[28.49042,41.131164],[28.488722,41.131623],[28.488317,41.131756],[28.487961,41.131241],[28.487864,41.131],[28.485778,41.131469],[28.485849,41.131614],[28.48597,41.132116],[28.484225,41.132566]]]}},{"type":"Feature","properties":{"id":"TR-Y-34-015-M-0015","level":"yerlesim","type":"mahalle","parent_id":"TR-D-34-015","province_id":"TR-P-34","district_id":"TR-D-34-015","name":"Gökçeali","source_raw_name":"GÖKÇEALİ","source":"Kullanıcı tarafından sağlanan KML","source_label":"Kullanıcı tarafından sağlanan KML","source_name":"Istanbul Mahalle KML"},"geometry":{"type":"Polygon","coordinates":[[[28.456503,41.189245],[28.456401,41.189313],[28.456208,41.18938],[28.45605,41.189409],[28.455915,41.189398],[28.455757,41.18936],[28.455277,41.189192],[28.454977,41.189088],[28.454854,41.189077],[28.454692,41.189093],[28.454493,41.189129],[28.454218,41.189202],[28.454043,41.189262],[28.45392,41.189328],[28.453846,41.189423],[28.453787,41.189554],[28.453702,41.189787],[28.453655,41.189917],[28.453545,41.190166],[28.453382,41.190443],[28.45325,41.190571],[28.452834,41.190891],[28.45256,41.191098],[28.45225,41.19124],[28.451607,41.191478],[28.450899,41.191692],[28.450462,41.191781],[28.45029,41.191798],[28.44992,41.191806],[28.449519,41.191829],[28.449011,41.19192],[28.448574,41.192009],[28.448183,41.192057],[28.447926,41.192027],[28.44775,41.191978],[28.447479,41.191855],[28.447256,41.191719],[28.447117,41.19161],[28.446806,41.191123],[28.446397,41.190587],[28.446318,41.19036],[28.446298,41.190116],[28.446331,41.189795],[28.446588,41.189443],[28.44673,41.189004],[28.446747,41.188853],[28.446672,41.18875],[28.446427,41.188623],[28.445716,41.18844],[28.445155,41.188279],[28.44473,41.18814],[28.444529,41.188039],[28.444078,41.187773],[28.443634,41.187609],[28.44347,41.187577],[28.44328,41.187587],[28.443076,41.18763],[28.442806,41.187724],[28.442586,41.187755],[28.442339,41.187732],[28.44213,41.187681],[28.441922,41.187619],[28.441736,41.187464],[28.441517,41.187195],[28.441292,41.186759],[28.441253,41.186505],[28.441166,41.186353],[28.441079,41.18623],[28.440889,41.186069],[28.440814,41.185993],[28.440804,41.185866],[28.440739,41.185738],[28.440597,41.185605],[28.440378,41.185471],[28.440275,41.185462],[28.440114,41.185467],[28.439906,41.185513],[28.439565,41.18563],[28.439149,41.185872],[28.438849,41.18594],[28.438637,41.185899],[28.438415,41.185784],[28.438182,41.185619],[28.438027,41.185447],[28.437952,41.185267],[28.437819,41.185035],[28.43766,41.184925],[28.43748,41.184855],[28.437177,41.184789],[28.436831,41.184724],[28.43663,41.184698],[28.436629,41.184696],[28.436409,41.184688],[28.436123,41.18468],[28.435859,41.184677],[28.435623,41.184668],[28.435461,41.184645],[28.435267,41.184652],[28.435041,41.184739],[28.434889,41.184694],[28.434745,41.184648],[28.434354,41.18462],[28.434175,41.184608],[28.433976,41.184645],[28.433664,41.184836],[28.433301,41.185127],[28.433015,41.185305],[28.432744,41.185627],[28.432561,41.185744],[28.432374,41.186033],[28.432016,41.186493],[28.431814,41.186693],[28.431709,41.186854],[28.431557,41.186955],[28.431354,41.187002],[28.430948,41.187046],[28.430645,41.187072],[28.43041,41.187139],[28.430211,41.187189],[28.430071,41.18716],[28.429906,41.187079],[28.429676,41.186986],[28.429444,41.186956],[28.429259,41.186973],[28.429008,41.187102],[28.428412,41.188078],[28.429254,41.189545],[28.428729,41.189683],[28.427287,41.189965],[28.426628,41.190075],[28.427071,41.191891],[28.427034,41.192962],[28.427111,41.193401],[28.426649,41.194094],[28.426709,41.194545],[28.426465,41.194979],[28.426156,41.195643],[28.426326,41.196137],[28.425947,41.196539],[28.426204,41.19706],[28.426165,41.197471],[28.426045,41.198071],[28.425982,41.198518],[28.425463,41.199143],[28.426138,41.199564],[28.425845,41.20006],[28.425698,41.200324],[28.42545,41.200648],[28.425151,41.200918],[28.424547,41.201427],[28.423801,41.201966],[28.42324,41.202405],[28.422977,41.202619],[28.422754,41.203098],[28.422539,41.20352],[28.422393,41.203987],[28.42208,41.20435],[28.422034,41.204566],[28.421897,41.204879],[28.421712,41.205035],[28.421575,41.205109],[28.421362,41.20546],[28.421072,41.205828],[28.420885,41.206051],[28.420143,41.206687],[28.419514,41.207231],[28.419042,41.207636],[28.418979,41.20779],[28.418962,41.208029],[28.418962,41.208255],[28.418894,41.208409],[28.418779,41.208549],[28.418606,41.20867],[28.418493,41.208775],[28.418413,41.208898],[28.418398,41.209048],[28.418336,41.20918],[28.418268,41.209334],[28.418231,41.209426],[28.418234,41.209546],[28.418276,41.209741],[28.418359,41.209924],[28.418413,41.210119],[28.418461,41.210315],[28.418626,41.210547],[28.418843,41.210771],[28.418962,41.210928],[28.418961,41.211233],[28.418962,41.211406],[28.419059,41.211779],[28.419106,41.212032],[28.419211,41.212259],[28.41922,41.212392],[28.419128,41.212559],[28.418982,41.212773],[28.418854,41.212984],[28.41881,41.213116],[28.418699,41.213349],[28.418668,41.213663],[28.418556,41.213909],[28.418399,41.214137],[28.418311,41.214362],[28.418147,41.21459],[28.418102,41.214753],[28.417998,41.214959],[28.41716,41.215935],[28.417051,41.216062],[28.41706,41.216181],[28.417232,41.216347],[28.41731,41.216499],[28.41737,41.216681],[28.417467,41.216802],[28.417509,41.21698],[28.417458,41.21716],[28.417409,41.217501],[28.417473,41.217749],[28.41753,41.218086],[28.417658,41.218579],[28.417676,41.218805],[28.417655,41.218973],[28.417575,41.219109],[28.417606,41.219282],[28.41775,41.219625],[28.417852,41.219772],[28.417871,41.220188],[28.417759,41.220727],[28.41773,41.220928],[28.417666,41.221183],[28.417637,41.221289],[28.41762,41.221461],[28.417642,41.221624],[28.417665,41.221764],[28.417664,41.22184],[28.417634,41.221962],[28.417609,41.222098],[28.417589,41.222217],[28.417546,41.222323],[28.417536,41.222392],[28.417566,41.222439],[28.417555,41.222532],[28.417517,41.222621],[28.417507,41.222697],[28.417468,41.222826],[28.417465,41.222982],[28.417454,41.223065],[28.417384,41.223243],[28.417215,41.223477],[28.417088,41.223641],[28.417001,41.223789],[28.416883,41.22393],[28.416811,41.224022],[28.416756,41.224108],[28.41671,41.224197],[28.41669,41.224293],[28.416651,41.224352],[28.416651,41.224352],[28.416651,41.224352],[28.417105,41.224326],[28.417709,41.224344],[28.418089,41.224366],[28.418905,41.224325],[28.420302,41.224242],[28.421717,41.22416],[28.422926,41.224083],[28.423724,41.224045],[28.424174,41.223857],[28.423913,41.223569],[28.423888,41.223286],[28.423856,41.223047],[28.423846,41.222952],[28.424201,41.222716],[28.424425,41.222556],[28.425147,41.222758],[28.425203,41.222586],[28.425027,41.222297],[28.425465,41.22205],[28.426022,41.22173],[28.426233,41.221608],[28.426378,41.221521],[28.426692,41.221312],[28.427688,41.22087],[28.427749,41.220994],[28.428958,41.220914],[28.430356,41.220813],[28.43116,41.221749],[28.431174,41.221766],[28.431151,41.221919],[28.431115,41.222165],[28.431078,41.222398],[28.431225,41.222755],[28.431333,41.223006],[28.431438,41.223443],[28.431522,41.223773],[28.43162,41.224022],[28.431627,41.224467],[28.431589,41.224707],[28.431519,41.225229],[28.431447,41.225889],[28.432133,41.225282],[28.432299,41.225187],[28.433142,41.224751],[28.433624,41.224714],[28.433905,41.224612],[28.43458,41.225302],[28.435427,41.224985],[28.435386,41.225191],[28.435285,41.225668],[28.435544,41.225859],[28.435798,41.226038],[28.436138,41.225884],[28.436476,41.225728],[28.436952,41.225712],[28.43698,41.225687],[28.437373,41.225316],[28.437496,41.225539],[28.437711,41.225933],[28.438044,41.226227],[28.43834,41.226439],[28.438716,41.226727],[28.439215,41.226334],[28.439215,41.225725],[28.439654,41.225307],[28.439822,41.224513],[28.440503,41.224581],[28.440709,41.22431],[28.441003,41.224136],[28.442814,41.224161],[28.443041,41.223753],[28.443035,41.223261],[28.44374,41.221793],[28.444309,41.2215],[28.444426,41.221132],[28.443997,41.220114],[28.443982,41.218472],[28.444432,41.217042],[28.444604,41.21517],[28.446027,41.212453],[28.446315,41.211746],[28.446273,41.210459],[28.447198,41.208048],[28.447424,41.207982],[28.44878,41.207061],[28.449549,41.207726],[28.451491,41.207906],[28.451768,41.203478],[28.451646,41.203009],[28.451474,41.202663],[28.451191,41.202084],[28.450886,41.201515],[28.450618,41.201041],[28.450256,41.200351],[28.449921,41.199795],[28.449751,41.199788],[28.448781,41.199636],[28.448589,41.199521],[28.448815,41.199173],[28.449092,41.198513],[28.449445,41.19802],[28.449536,41.197847],[28.449566,41.197707],[28.449651,41.197588],[28.449759,41.197416],[28.449753,41.197271],[28.449726,41.197156],[28.449741,41.197041],[28.449977,41.196997],[28.45027,41.196941],[28.450727,41.196846],[28.450985,41.196777],[28.451264,41.196753],[28.451561,41.196744],[28.451865,41.196768],[28.452083,41.196766],[28.452616,41.196695],[28.453012,41.196713],[28.453786,41.196827],[28.454005,41.19675],[28.454443,41.196546],[28.454583,41.196445],[28.45471,41.195996],[28.454762,41.195841],[28.45511,41.195295],[28.455302,41.195175],[28.455349,41.19511],[28.455326,41.194779],[28.455289,41.19428],[28.455229,41.194065],[28.455274,41.193699],[28.455326,41.193424],[28.455366,41.193192],[28.455514,41.192552],[28.45561,41.192121],[28.455714,41.191733],[28.455897,41.191076],[28.456033,41.190965],[28.456095,41.190884],[28.45616,41.190482],[28.456108,41.190352],[28.455985,41.190237],[28.455921,41.190163],[28.455902,41.190072],[28.455949,41.190017],[28.456057,41.189957],[28.456211,41.189893],[28.456398,41.189839],[28.456513,41.189773],[28.456576,41.189683],[28.45659,41.189571],[28.456565,41.189438],[28.456503,41.189245]]]}},{"type":"Feature","properties":{"id":"TR-Y-34-015-M-0016","level":"yerlesim","type":"mahalle","parent_id":"TR-D-34-015","province_id":"TR-P-34","district_id":"TR-D-34-015","name":"Gümüşpınar","source_raw_name":"GÜMÜŞPINAR","source":"Kullanıcı tarafından sağlanan KML","source_label":"Kullanıcı tarafından sağlanan KML","source_name":"Istanbul Mahalle KML"},"geometry":{"type":"Polygon","coordinates":[[[28.341682,41.341208],[28.341686,41.341206],[28.341863,41.339564],[28.342042,41.337924],[28.342083,41.337487],[28.342092,41.337097],[28.342144,41.336917],[28.342292,41.336423],[28.342355,41.336247],[28.342473,41.335744],[28.342586,41.335228],[28.342686,41.334756],[28.342734,41.334491],[28.342723,41.334234],[28.342669,41.33403],[28.342494,41.333758],[28.342347,41.333525],[28.342083,41.333061],[28.341847,41.33266],[28.341684,41.332347],[28.341552,41.332031],[28.341384,41.331791],[28.341271,41.331518],[28.341126,41.331237],[28.340978,41.331045],[28.340789,41.330839],[28.340544,41.330561],[28.340362,41.330324],[28.340105,41.330054],[28.339923,41.329817],[28.339828,41.329603],[28.339827,41.329422],[28.339896,41.329255],[28.339994,41.329088],[28.340133,41.328957],[28.340213,41.328799],[28.340257,41.328671],[28.340317,41.328411],[28.340373,41.328266],[28.340435,41.32817],[28.340613,41.327847],[28.340693,41.327653],[28.340714,41.32753],[28.340691,41.327384],[28.340565,41.32717],[28.340374,41.326891],[28.340234,41.326674],[28.340047,41.326389],[28.339881,41.326164],[28.339745,41.325999],[28.339437,41.325627],[28.339195,41.325291],[28.339017,41.324997],[28.338811,41.324615],[28.338669,41.324314],[28.338502,41.323944],[28.338429,41.323694],[28.338394,41.323341],[28.338335,41.323072],[28.338212,41.322701],[28.338125,41.322494],[28.338001,41.32235],[28.337802,41.322208],[28.337461,41.32196],[28.337008,41.321575],[28.336546,41.321234],[28.336014,41.320867],[28.335794,41.320692],[28.335616,41.32058],[28.335425,41.32049],[28.335215,41.320468],[28.335073,41.320469],[28.334869,41.320526],[28.334598,41.320631],[28.334336,41.32071],[28.334057,41.320763],[28.333767,41.320765],[28.333534,41.320732],[28.333333,41.320686],[28.333158,41.32063],[28.332897,41.32051],[28.332607,41.320307],[28.332414,41.320122],[28.33233,41.319958],[28.332163,41.3196],[28.332069,41.31933],[28.331988,41.319043],[28.331989,41.318811],[28.332036,41.318523],[28.33213,41.31797],[28.33215,41.317783],[28.332286,41.317521],[28.332474,41.317052],[28.33251,41.316854],[28.332525,41.316432],[28.332551,41.316127],[28.332652,41.315946],[28.332687,41.315781],[28.332642,41.315657],[28.332554,41.315487],[28.332406,41.315249],[28.332173,41.314894],[28.331953,41.314556],[28.331801,41.314294],[28.331556,41.313896],[28.331392,41.313591],[28.331231,41.31333],[28.330993,41.312995],[28.330821,41.312664],[28.33074,41.312377],[28.330661,41.312041],[28.330657,41.311845],[28.330653,41.311628],[28.33067,41.311207],[28.330704,41.310981],[28.330732,41.310691],[28.330727,41.310502],[28.330593,41.310028],[28.3305,41.309554],[28.330425,41.309247],[28.330296,41.308977],[28.330072,41.308769],[28.32964,41.308511],[28.329104,41.308252],[28.328701,41.308112],[28.32806,41.307859],[28.327316,41.307604],[28.326622,41.307382],[28.325861,41.307379],[28.324846,41.307452],[28.324306,41.307449],[28.323957,41.307389],[28.323645,41.307338],[28.323261,41.307341],[28.322959,41.307314],[28.322042,41.307308],[28.321752,41.307265],[28.321308,41.307054],[28.320295,41.306318],[28.31909,41.30558],[28.318781,41.305334],[28.318518,41.30493],[28.317207,41.302783],[28.316392,41.301242],[28.316042,41.300294],[28.315592,41.298318],[28.315268,41.297437],[28.313784,41.294215],[28.313343,41.293562],[28.313182,41.29321],[28.313121,41.292835],[28.313114,41.292494],[28.313317,41.29173],[28.313361,41.291396],[28.31077,41.290124],[28.31037,41.289882],[28.310104,41.289631],[28.30979,41.28922],[28.309597,41.288844],[28.309555,41.288372],[28.309841,41.287484],[28.30958,41.28698],[28.308603,41.286321],[28.308443,41.286264],[28.308274,41.286087],[28.307402,41.285899],[28.307207,41.285634],[28.306819,41.285009],[28.306611,41.284853],[28.305896,41.283443],[28.305883,41.283254],[28.305656,41.283087],[28.305252,41.282898],[28.304795,41.282496],[28.304412,41.282322],[28.303621,41.281807],[28.303325,41.281779],[28.303053,41.281696],[28.302543,41.28145],[28.302184,41.281354],[28.301824,41.281181],[28.301544,41.280945],[28.301013,41.280382],[28.300731,41.280039],[28.300636,41.279894],[28.30055,41.279684],[28.300266,41.279256],[28.299557,41.278457],[28.29934,41.27829],[28.299142,41.278092],[28.298902,41.277818],[28.298403,41.27735],[28.297789,41.276696],[28.297313,41.276355],[28.296708,41.275669],[28.296306,41.27542],[28.295358,41.275082],[28.29523,41.275003],[28.294866,41.274523],[28.294607,41.273972],[28.293896,41.273454],[28.293365,41.273207],[28.293236,41.273095],[28.280476,41.296409],[28.275076,41.312475],[28.27365,41.313093],[28.273204,41.313345],[28.272928,41.313587],[28.271383,41.315291],[28.271118,41.315506],[28.267478,41.317643],[28.267208,41.31794],[28.267098,41.318161],[28.266384,41.320487],[28.265454,41.323323],[28.265331,41.323881],[28.265247,41.324747],[28.265305,41.324747],[28.265502,41.32485],[28.274092,41.334021],[28.27457,41.33354],[28.274894,41.333364],[28.27519,41.333461],[28.275328,41.333995],[28.275487,41.334298],[28.275532,41.334808],[28.275321,41.335079],[28.274809,41.335499],[28.275084,41.336252],[28.275663,41.336684],[28.275981,41.336967],[28.276073,41.337084],[28.276099,41.337286],[28.27607,41.338086],[28.276161,41.338768],[28.276256,41.339011],[28.276426,41.3397],[28.276506,41.339826],[28.276665,41.339908],[28.276995,41.340233],[28.277319,41.340404],[28.277443,41.340553],[28.277561,41.34088],[28.277759,41.341257],[28.277885,41.341433],[28.277987,41.341491],[28.278279,41.341563],[28.278791,41.341506],[28.278982,41.341712],[28.279716,41.342265],[28.280392,41.343332],[28.280531,41.344139],[28.280836,41.344965],[28.2812,41.346039],[28.281222,41.346576],[28.28102,41.347136],[28.280715,41.347559],[28.280212,41.3482],[28.280008,41.348632],[28.279779,41.349053],[28.279438,41.349624],[28.279443,41.349622],[28.279601,41.35006],[28.279865,41.350757],[28.280374,41.351276],[28.280949,41.35123],[28.281662,41.350729],[28.281769,41.350211],[28.281895,41.349812],[28.282196,41.349069],[28.282204,41.34877],[28.283472,41.348569],[28.284944,41.348599],[28.285876,41.348864],[28.287435,41.349147],[28.287882,41.348831],[28.288116,41.34826],[28.288716,41.348081],[28.289271,41.348034],[28.28992,41.348342],[28.290668,41.34929],[28.291464,41.349608],[28.292939,41.349882],[28.293342,41.350848],[28.293056,41.352189],[28.293231,41.352679],[28.294251,41.35282],[28.295743,41.352441],[28.296688,41.351865],[28.297352,41.351222],[28.297846,41.35108],[28.299562,41.351734],[28.30091,41.351683],[28.301547,41.351276],[28.30186,41.350494],[28.301323,41.349864],[28.301588,41.34931],[28.302381,41.348928],[28.303371,41.34899],[28.30406,41.349409],[28.304847,41.350459],[28.305991,41.350649],[28.30776,41.350062],[28.307796,41.350282],[28.307228,41.351265],[28.305926,41.351931],[28.307398,41.352338],[28.308399,41.352392],[28.309039,41.352275],[28.309491,41.351763],[28.309683,41.351608],[28.310091,41.351438],[28.310455,41.351097],[28.310955,41.350726],[28.311472,41.350522],[28.312095,41.350449],[28.312288,41.350474],[28.312523,41.350455],[28.312941,41.350408],[28.313158,41.350207],[28.313388,41.349963],[28.313515,41.349801],[28.313534,41.349731],[28.313513,41.349651],[28.313434,41.349539],[28.313419,41.349441],[28.313422,41.349313],[28.313472,41.349212],[28.31361,41.349094],[28.313908,41.349139],[28.314085,41.349119],[28.31431,41.349047],[28.314594,41.348941],[28.314796,41.34886],[28.314927,41.348777],[28.315113,41.348652],[28.315209,41.348582],[28.315397,41.34855],[28.315589,41.348632],[28.31585,41.34876],[28.316106,41.348857],[28.316269,41.348908],[28.316426,41.348959],[28.31652,41.348951],[28.316692,41.348896],[28.316977,41.348768],[28.317186,41.348664],[28.31734,41.348591],[28.317493,41.348576],[28.31771,41.348588],[28.317856,41.348612],[28.317922,41.34856],[28.317955,41.348446],[28.318045,41.348372],[28.318117,41.348306],[28.318224,41.348233],[28.318298,41.348123],[28.318441,41.348037],[28.318607,41.347968],[28.318867,41.347897],[28.318962,41.34785],[28.31913,41.347724],[28.319208,41.347663],[28.319381,41.347555],[28.319483,41.347459],[28.319647,41.347298],[28.319727,41.347249],[28.3198,41.347204],[28.31991,41.347162],[28.319974,41.347186],[28.319951,41.347351],[28.319962,41.347497],[28.319977,41.347553],[28.320034,41.347669],[28.320088,41.347725],[28.320138,41.347774],[28.320199,41.34782],[28.320258,41.347841],[28.320376,41.347873],[28.32047,41.347878],[28.320539,41.347872],[28.320722,41.347827],[28.320835,41.347791],[28.320967,41.347736],[28.321123,41.347686],[28.321235,41.347677],[28.321366,41.347677],[28.321494,41.347645],[28.321701,41.347551],[28.321787,41.34752],[28.321846,41.347501],[28.321898,41.347467],[28.321954,41.347429],[28.322083,41.347374],[28.322167,41.347359],[28.322265,41.347334],[28.322388,41.347319],[28.322492,41.347234],[28.32263,41.347167],[28.32268,41.347104],[28.322779,41.347036],[28.32289,41.346991],[28.322965,41.346982],[28.323058,41.346984],[28.323181,41.346989],[28.323243,41.34697],[28.323328,41.346918],[28.323444,41.346857],[28.323546,41.346831],[28.323674,41.346817],[28.323766,41.346831],[28.323827,41.346862],[28.323843,41.346915],[28.323856,41.346961],[28.32386,41.347024],[28.323876,41.347068],[28.3239,41.347138],[28.323964,41.347197],[28.324028,41.347228],[28.324124,41.34724],[28.324249,41.347244],[28.324362,41.34725],[28.324385,41.347227],[28.324505,41.347052],[28.324628,41.346897],[28.324712,41.346734],[28.324802,41.346564],[28.324882,41.346426],[28.324973,41.346352],[28.325057,41.346296],[28.325243,41.346252],[28.325515,41.346201],[28.325867,41.346134],[28.326079,41.346105],[28.326307,41.346095],[28.326404,41.346067],[28.32656,41.346022],[28.326711,41.345944],[28.326878,41.345857],[28.327032,41.345785],[28.327125,41.345751],[28.32741,41.345743],[28.327585,41.345736],[28.327836,41.345729],[28.327995,41.345719],[28.328154,41.345699],[28.328277,41.345661],[28.328424,41.345593],[28.328609,41.345469],[28.328784,41.34533],[28.32898,41.345168],[28.329067,41.34514],[28.329223,41.345112],[28.329441,41.345081],[28.329771,41.344996],[28.329987,41.344944],[28.330193,41.344895],[28.330583,41.344866],[28.330845,41.344849],[28.331119,41.344839],[28.331347,41.344829],[28.331506,41.344812],[28.331685,41.344787],[28.331991,41.344709],[28.332174,41.344655],[28.332264,41.344616],[28.332381,41.344558],[28.332512,41.344475],[28.332639,41.34442],[28.332746,41.344377],[28.332875,41.344364],[28.333027,41.344361],[28.333275,41.344369],[28.333486,41.34438],[28.333578,41.344399],[28.334096,41.344424],[28.334344,41.34443],[28.334562,41.34443],[28.334915,41.344433],[28.335202,41.344455],[28.335566,41.344451],[28.335722,41.34444],[28.335874,41.344419],[28.335977,41.344406],[28.336117,41.344376],[28.336283,41.344323],[28.336468,41.344214],[28.336688,41.344105],[28.336851,41.344075],[28.33711,41.344019],[28.337389,41.343968],[28.337565,41.343914],[28.337705,41.343859],[28.337893,41.343759],[28.338174,41.343594],[28.338478,41.343357],[28.338544,41.343241],[28.33869,41.343059],[28.338826,41.342926],[28.338974,41.342826],[28.339229,41.342648],[28.339454,41.342515],[28.339685,41.342386],[28.33986,41.342244],[28.340134,41.342009],[28.340246,41.341904],[28.340377,41.341806],[28.340524,41.341726],[28.340704,41.341679],[28.341064,41.341552],[28.341284,41.341446],[28.341459,41.341346],[28.341682,41.341208]]]}},{"type":"Feature","properties":{"id":"TR-Y-34-015-M-0017","level":"yerlesim","type":"mahalle","parent_id":"TR-D-34-015","province_id":"TR-P-34","district_id":"TR-D-34-015","name":"Hallaçlı","source_raw_name":"HALLAÇLI","source":"Kullanıcı tarafından sağlanan KML","source_label":"Kullanıcı tarafından sağlanan KML","source_name":"Istanbul Mahalle KML"},"geometry":{"type":"Polygon","coordinates":[[[28.106654,41.384642],[28.107164,41.38408],[28.10779,41.38336],[28.10835,41.382891],[28.108511,41.382805],[28.109005,41.382583],[28.10936,41.382501],[28.10969,41.382484],[28.110184,41.382457],[28.110436,41.382461],[28.110574,41.382379],[28.110799,41.38233],[28.111086,41.382352],[28.111465,41.382261],[28.111695,41.382203],[28.112105,41.382046],[28.112586,41.381868],[28.113569,41.381636],[28.113911,41.381566],[28.114189,41.381522],[28.11439,41.381464],[28.114638,41.381419],[28.114856,41.381409],[28.115058,41.381346],[28.11516,41.381255],[28.115674,41.380754],[28.115922,41.380497],[28.116087,41.380292],[28.11631,41.380097],[28.116532,41.379919],[28.116681,41.379656],[28.116753,41.3794],[28.116948,41.379151],[28.117221,41.378855],[28.117455,41.378491],[28.117781,41.378191],[28.118086,41.377811],[28.118214,41.377632],[28.11826,41.377473],[28.118352,41.377116],[28.118413,41.376852],[28.11855,41.376566],[28.118668,41.376352],[28.11872,41.375976],[28.118819,41.375593],[28.118899,41.374851],[28.119212,41.374183],[28.119471,41.373975],[28.119747,41.373581],[28.119932,41.373465],[28.120017,41.373364],[28.120169,41.373004],[28.120408,41.372649],[28.120891,41.371803],[28.120937,41.371631],[28.120848,41.371435],[28.120906,41.371065],[28.121162,41.370754],[28.121384,41.370577],[28.12182,41.370119],[28.122004,41.369852],[28.122174,41.369696],[28.122371,41.369512],[28.122532,41.369408],[28.122684,41.369322],[28.122971,41.369195],[28.123095,41.369162],[28.123201,41.369152],[28.12336,41.369144],[28.123467,41.369086],[28.123667,41.368925],[28.123872,41.368802],[28.124007,41.368697],[28.124103,41.368561],[28.124181,41.368374],[28.124246,41.368208],[28.124416,41.368019],[28.124684,41.367792],[28.124895,41.367691],[28.125067,41.367684],[28.125312,41.36766],[28.1256,41.36764],[28.125837,41.367547],[28.126188,41.367543],[28.126509,41.367535],[28.126642,41.367505],[28.126805,41.367455],[28.127041,41.367417],[28.127329,41.367399],[28.127513,41.367318],[28.127938,41.367018],[28.128165,41.366935],[28.12856,41.366874],[28.129161,41.366764],[28.129414,41.366684],[28.12953,41.366569],[28.130018,41.366266],[28.130481,41.365994],[28.130722,41.365772],[28.130982,41.365477],[28.131153,41.365286],[28.131271,41.365061],[28.131509,41.364856],[28.131809,41.364637],[28.131965,41.364505],[28.132207,41.364126],[28.132292,41.36403],[28.132326,41.363879],[28.132369,41.36377],[28.132409,41.363679],[28.132401,41.363675],[28.132434,41.363088],[28.132311,41.362529],[28.132294,41.361985],[28.132527,41.36155],[28.133082,41.361021],[28.133663,41.360697],[28.133712,41.36048],[28.133715,41.36027],[28.133668,41.36009],[28.133728,41.359866],[28.133701,41.359661],[28.133657,41.3595],[28.133682,41.359339],[28.133744,41.359242],[28.133864,41.359127],[28.133916,41.359016],[28.134119,41.358298],[28.134266,41.357967],[28.134396,41.357749],[28.134251,41.357026],[28.134472,41.355963],[28.135019,41.355539],[28.135535,41.354827],[28.135812,41.354485],[28.135999,41.354152],[28.136049,41.353739],[28.135866,41.353486],[28.135657,41.353214],[28.135604,41.352857],[28.135693,41.352426],[28.135866,41.352151],[28.135822,41.35189],[28.135346,41.35121],[28.135302,41.35095],[28.134968,41.350627],[28.134982,41.350137],[28.135403,41.350086],[28.135532,41.350011],[28.13539,41.349653],[28.135638,41.349417],[28.135901,41.349314],[28.135342,41.348467],[28.134457,41.347107],[28.134203,41.346662],[28.132676,41.343899],[28.13226,41.343172],[28.132095,41.342902],[28.13192,41.342656],[28.131756,41.342469],[28.130157,41.340821],[28.127067,41.337695],[28.124271,41.334874],[28.124563,41.33441],[28.124594,41.334287],[28.124609,41.334253],[28.124784,41.334045],[28.124783,41.333816],[28.124814,41.333739],[28.124863,41.333684],[28.124966,41.33362],[28.1251,41.333575],[28.125247,41.333551],[28.12555,41.333551],[28.126036,41.333609],[28.126244,41.333654],[28.126618,41.333683],[28.127085,41.333843],[28.127228,41.333847],[28.127635,41.333755],[28.12778,41.333703],[28.127875,41.33362],[28.128006,41.333336],[28.128019,41.333235],[28.127999,41.333113],[28.127997,41.332636],[28.127949,41.332481],[28.127976,41.332177],[28.127942,41.33197],[28.12796,41.331771],[28.128015,41.331678],[28.128342,41.331301],[28.128444,41.331065],[28.128508,41.330983],[28.128747,41.330799],[28.128867,41.330678],[28.128932,41.330402],[28.12892,41.330146],[28.128787,41.32977],[28.128794,41.329655],[28.128881,41.329464],[28.129084,41.32915],[28.129118,41.328996],[28.129093,41.328804],[28.128936,41.328353],[28.128831,41.328201],[28.128814,41.328154],[28.128833,41.32799],[28.128824,41.327916],[28.128838,41.327869],[28.128909,41.327812],[28.129484,41.327512],[28.129548,41.327387],[28.129597,41.327276],[28.129766,41.327106],[28.129907,41.327009],[28.130056,41.326677],[28.130099,41.326437],[28.130261,41.326117],[28.130422,41.325919],[28.130467,41.325726],[28.130684,41.325395],[28.130711,41.325184],[28.130678,41.32512],[28.130673,41.325052],[28.130706,41.324898],[28.130692,41.324725],[28.130727,41.324675],[28.130734,41.324601],[28.130676,41.324371],[28.130671,41.324267],[28.130707,41.324113],[28.130825,41.323821],[28.130892,41.323483],[28.13099,41.3233],[28.13111,41.323231],[28.131462,41.323101],[28.131681,41.322994],[28.131803,41.322916],[28.131919,41.322774],[28.132128,41.322311],[28.132176,41.322228],[28.132558,41.321759],[28.132906,41.321584],[28.132942,41.321535],[28.133003,41.321359],[28.133015,41.321062],[28.133303,41.321045],[28.133487,41.321016],[28.133743,41.320917],[28.133898,41.320818],[28.13404,41.320752],[28.134785,41.320522],[28.135319,41.320454],[28.135472,41.320466],[28.135623,41.320502],[28.136129,41.320383],[28.136329,41.320367],[28.136811,41.320206],[28.136999,41.320209],[28.13731,41.320318],[28.137733,41.320288],[28.13831,41.3204],[28.13815,41.319911],[28.138248,41.31953],[28.138515,41.319147],[28.139263,41.31849],[28.139269,41.318494],[28.139246,41.318428],[28.139022,41.318386],[28.138863,41.318261],[28.138458,41.317806],[28.138044,41.317638],[28.137847,41.317625],[28.137664,41.317613],[28.137286,41.317739],[28.13695,41.317677],[28.136709,41.317602],[28.136102,41.317626],[28.136006,41.317709],[28.135983,41.317869],[28.136228,41.31802],[28.136377,41.318079],[28.136362,41.318145],[28.136158,41.318071],[28.135925,41.317939],[28.135665,41.317859],[28.135246,41.317876],[28.134888,41.317923],[28.134552,41.317662],[28.134512,41.317307],[28.134582,41.317053],[28.134495,41.31683],[28.13425,41.31667],[28.134079,41.316285],[28.133805,41.315827],[28.133752,41.315509],[28.133265,41.314396],[28.13289,41.313975],[28.132291,41.313533],[28.132156,41.313434],[28.131878,41.313339],[28.131429,41.313304],[28.13116,41.312903],[28.130819,41.312585],[28.130375,41.311511],[28.130156,41.311314],[28.129798,41.311166],[28.129397,41.310772],[28.129254,41.310543],[28.12916,41.310324],[28.128758,41.309765],[28.128616,41.309678],[28.128374,41.309641],[28.128294,41.309375],[28.128192,41.309241],[28.127821,41.309122],[28.126865,41.309135],[28.126511,41.309044],[28.126337,41.308828],[28.125792,41.307795],[28.12545,41.307298],[28.125299,41.307111],[28.124703,41.306684],[28.124537,41.306406],[28.124127,41.306241],[28.124157,41.305879],[28.123812,41.305681],[28.123129,41.305597],[28.122865,41.304537],[28.122087,41.304228],[28.121769,41.303503],[28.120564,41.302935],[28.119609,41.302324],[28.118806,41.301945],[28.118408,41.301609],[28.11815,41.300782],[28.117695,41.300195],[28.11699,41.300031],[28.116906,41.299849],[28.117042,41.299611],[28.117327,41.299371],[28.117348,41.299073],[28.117095,41.298944],[28.116791,41.298869],[28.116675,41.298675],[28.116685,41.298336],[28.116596,41.298219],[28.116596,41.298219],[28.116596,41.298219],[28.116393,41.298216],[28.116001,41.298394],[28.115595,41.298357],[28.114958,41.298169],[28.114328,41.297781],[28.114113,41.297816],[28.11385,41.298105],[28.113358,41.298243],[28.112555,41.298191],[28.112118,41.297799],[28.111813,41.297794],[28.111583,41.297636],[28.111613,41.297298],[28.111108,41.296827],[28.110774,41.29676],[28.11033,41.296969],[28.110086,41.296934],[28.110061,41.296749],[28.109737,41.296705],[28.109296,41.29679],[28.109035,41.297024],[28.109132,41.297203],[28.109205,41.297489],[28.109393,41.29767],[28.109357,41.297854],[28.109139,41.29802],[28.108757,41.298175],[28.108597,41.298458],[28.108237,41.29856],[28.107759,41.298921],[28.107147,41.29895],[28.106828,41.298873],[28.106456,41.298679],[28.106213,41.298481],[28.105879,41.298211],[28.1055,41.298154],[28.105055,41.298066],[28.104627,41.297846],[28.104489,41.297567],[28.104322,41.29734],[28.104312,41.296993],[28.103903,41.297032],[28.103633,41.297228],[28.103249,41.297461],[28.102858,41.297277],[28.10244,41.297301],[28.102243,41.297413],[28.101769,41.297937],[28.101382,41.297969],[28.100929,41.297761],[28.099529,41.298335],[28.098938,41.298648],[28.097555,41.298916],[28.09657,41.299265],[28.09618,41.299185],[28.095648,41.299163],[28.095012,41.29937],[28.094603,41.299623],[28.094441,41.299825],[28.094155,41.299826],[28.093839,41.299691],[28.093646,41.29931],[28.093328,41.299079],[28.093216,41.29899],[28.09298,41.298926],[28.092937,41.298585],[28.092828,41.29837],[28.09284,41.297983],[28.093191,41.297722],[28.093443,41.29724],[28.093431,41.297053],[28.09275,41.296841],[28.091557,41.295994],[28.091285,41.295943],[28.091173,41.295854],[28.090936,41.295837],[28.090554,41.295938],[28.090132,41.296191],[28.08947,41.296507],[28.089206,41.296502],[28.088952,41.296438],[28.088826,41.296222],[28.088795,41.296062],[28.08873,41.295887],[28.088541,41.295711],[28.088383,41.295688],[28.08796,41.295981],[28.087499,41.296647],[28.087106,41.296841],[28.086653,41.296947],[28.086366,41.297096],[28.086231,41.2972],[28.086203,41.297253],[28.086439,41.297344],[28.086429,41.297657],[28.086116,41.297825],[28.085858,41.297888],[28.083621,41.298704],[28.083332,41.298633],[28.082838,41.298938],[28.082702,41.299069],[28.082586,41.299182],[28.082447,41.299226],[28.082099,41.299359],[28.081793,41.299359],[28.081208,41.299211],[28.081208,41.29921],[28.080912,41.299059],[28.080707,41.298862],[28.080222,41.298534],[28.07996,41.298156],[28.07981,41.297567],[28.079583,41.297196],[28.079427,41.297073],[28.07926,41.297064],[28.078985,41.297133],[28.078722,41.297375],[28.078569,41.297759],[28.078333,41.297989],[28.078178,41.298473],[28.078206,41.298734],[28.077875,41.299044],[28.077674,41.29934],[28.077367,41.299528],[28.077401,41.299731],[28.077148,41.299854],[28.077276,41.300059],[28.078163,41.300328],[28.078396,41.300495],[28.078561,41.300805],[28.079037,41.300813],[28.079042,41.300857],[28.078274,41.30086],[28.078007,41.300973],[28.077414,41.301402],[28.076674,41.301753],[28.076596,41.301864],[28.076398,41.301952],[28.076314,41.302043],[28.076522,41.303002],[28.076451,41.303838],[28.076562,41.304187],[28.076848,41.30502],[28.077224,41.306022],[28.077332,41.306944],[28.07723,41.308551],[28.077264,41.309481],[28.077343,41.309769],[28.077586,41.310243],[28.077665,41.31076],[28.078176,41.31176],[28.078209,41.312026],[28.078142,41.312464],[28.078049,41.312631],[28.07797,41.312793],[28.077972,41.312982],[28.078021,41.313361],[28.077808,41.313725],[28.077586,41.313916],[28.07745,41.314184],[28.077728,41.314357],[28.077895,41.314447],[28.077797,41.314542],[28.077692,41.314679],[28.07766,41.314847],[28.07773,41.315236],[28.077713,41.315793],[28.077626,41.316455],[28.077835,41.317613],[28.077847,41.318604],[28.077689,41.320763],[28.077746,41.320886],[28.078326,41.320911],[28.07852,41.320971],[28.078835,41.321282],[28.079143,41.321865],[28.079379,41.322548],[28.079648,41.323288],[28.080068,41.323924],[28.080109,41.324031],[28.08007,41.324291],[28.08026,41.32463],[28.080272,41.324848],[28.080161,41.325031],[28.079854,41.325229],[28.079592,41.325442],[28.079435,41.325657],[28.079411,41.325827],[28.079626,41.326602],[28.079611,41.3269],[28.079699,41.327095],[28.079828,41.327183],[28.080315,41.32809],[28.080347,41.328275],[28.080611,41.328866],[28.080786,41.329077],[28.081115,41.3294],[28.081764,41.330541],[28.081964,41.330762],[28.081979,41.33086],[28.082034,41.331176],[28.081955,41.331692],[28.082059,41.332121],[28.081859,41.332393],[28.081879,41.332797],[28.081993,41.333291],[28.082168,41.333529],[28.082938,41.334228],[28.083039,41.334423],[28.083057,41.334908],[28.083216,41.335307],[28.083881,41.335956],[28.084045,41.336185],[28.084523,41.337356],[28.084786,41.337861],[28.084854,41.338112],[28.085122,41.338432],[28.085466,41.338728],[28.086347,41.3393],[28.08647,41.339464],[28.086617,41.33991],[28.08678,41.340204],[28.087267,41.340704],[28.087358,41.340876],[28.087302,41.341327],[28.087589,41.341768],[28.087628,41.341898],[28.08764,41.342205],[28.087729,41.342457],[28.088138,41.343077],[28.088176,41.343611],[28.088496,41.34398],[28.088618,41.344192],[28.088654,41.344443],[28.088684,41.344871],[28.088846,41.345189],[28.08902,41.345426],[28.089289,41.345746],[28.089584,41.346243],[28.089723,41.346609],[28.089832,41.347257],[28.08981,41.347644],[28.088955,41.348769],[28.088696,41.349044],[28.088551,41.349285],[28.088553,41.349451],[28.088732,41.349926],[28.088669,41.350433],[28.088296,41.351204],[28.087871,41.351654],[28.087658,41.352376],[28.087758,41.353668],[28.087867,41.353929],[28.08833,41.354492],[28.088635,41.355109],[28.088838,41.356823],[28.088529,41.358026],[28.088552,41.358659],[28.088426,41.358957],[28.088412,41.359222],[28.088495,41.359882],[28.088645,41.360397],[28.088853,41.360795],[28.088973,41.361367],[28.089061,41.36212],[28.088972,41.362342],[28.088868,41.363071],[28.088922,41.363341],[28.089011,41.36451],[28.089153,41.365305],[28.089265,41.365468],[28.089315,41.365857],[28.089359,41.366226],[28.08913,41.366559],[28.089143,41.366829],[28.089227,41.366997],[28.089213,41.36724],[28.089306,41.368268],[28.08912,41.36925],[28.089702,41.370686],[28.090007,41.371525],[28.090398,41.372226],[28.090614,41.372831],[28.090925,41.373464],[28.091177,41.373748],[28.09128,41.374049],[28.091546,41.374417],[28.09166,41.374518],[28.09191,41.374918],[28.092047,41.375229],[28.092376,41.375455],[28.092671,41.375592],[28.09294,41.37586],[28.093373,41.376276],[28.093524,41.376442],[28.09378,41.376728],[28.094051,41.376942],[28.094405,41.377175],[28.094628,41.377351],[28.094873,41.377628],[28.095058,41.377876],[28.095524,41.37922],[28.09567,41.379586],[28.095948,41.379954],[28.096072,41.380219],[28.096232,41.380522],[28.096248,41.380795],[28.096539,41.381536],[28.097051,41.382943],[28.097172,41.383327],[28.097426,41.383695],[28.097739,41.384118],[28.097989,41.384353],[28.097989,41.384353],[28.098102,41.384306],[28.098427,41.384657],[28.099012,41.385167],[28.099033,41.385256],[28.099284,41.385516],[28.099522,41.38579],[28.099842,41.385897],[28.099906,41.385929],[28.100225,41.38609],[28.100333,41.386184],[28.1006,41.386304],[28.101158,41.386317],[28.102062,41.386346],[28.102658,41.386462],[28.103102,41.386549],[28.103343,41.386553],[28.104391,41.386486],[28.104697,41.386473],[28.104911,41.386392],[28.105625,41.386086],[28.105811,41.385757],[28.105995,41.385667],[28.106086,41.385584],[28.106179,41.385413],[28.106234,41.385135],[28.106278,41.38503],[28.106387,41.384912],[28.106654,41.384642]]]}},{"type":"Feature","properties":{"id":"TR-Y-34-015-M-0018","level":"yerlesim","type":"mahalle","parent_id":"TR-D-34-015","province_id":"TR-P-34","district_id":"TR-D-34-015","name":"Hisarbeyli","source_raw_name":"HİSARBEYLİ","source":"Kullanıcı tarafından sağlanan KML","source_label":"Kullanıcı tarafından sağlanan KML","source_name":"Istanbul Mahalle KML"},"geometry":{"type":"Polygon","coordinates":[[[28.456983,41.381521],[28.457359,41.380508],[28.45743,41.380425],[28.457515,41.380343],[28.457684,41.38021],[28.457796,41.380132],[28.457962,41.380031],[28.458174,41.379901],[28.458431,41.379744],[28.458623,41.379618],[28.458797,41.379498],[28.459066,41.379303],[28.459067,41.379302],[28.459291,41.379127],[28.459292,41.379126],[28.459499,41.378951],[28.4595,41.37895],[28.459634,41.378822],[28.459635,41.378822],[28.459796,41.378646],[28.459961,41.378453],[28.460133,41.378248],[28.460299,41.378051],[28.460495,41.377818],[28.460608,41.377684],[28.460609,41.377682],[28.460678,41.377591],[28.460679,41.377589],[28.460698,41.377559],[28.4607,41.377554],[28.460715,41.377514],[28.460715,41.377511],[28.460716,41.377509],[28.460725,41.377442],[28.460725,41.37744],[28.460727,41.377365],[28.460727,41.377361],[28.460726,41.377354],[28.461422,41.377324],[28.463355,41.377242],[28.464306,41.377202],[28.465289,41.378334],[28.466593,41.378543],[28.467363,41.379786],[28.468249,41.380756],[28.469752,41.381789],[28.469839,41.382721],[28.470517,41.383305],[28.470745,41.384404],[28.47131,41.385151],[28.471964,41.386017],[28.472281,41.387135],[28.473491,41.388247],[28.474715,41.388783],[28.475299,41.388028],[28.475814,41.387362],[28.476219,41.38754],[28.476689,41.388344],[28.477097,41.389043],[28.477835,41.389098],[28.479075,41.388923],[28.480449,41.38927],[28.480963,41.389057],[28.481301,41.388596],[28.482918,41.387878],[28.485076,41.387332],[28.487239,41.386566],[28.488258,41.386497],[28.489109,41.385879],[28.489863,41.38533],[28.49098,41.384518],[28.491846,41.383888],[28.491321,41.382978],[28.490246,41.382306],[28.489901,41.38148],[28.490459,41.38094],[28.491268,41.380567],[28.492257,41.380111],[28.492437,41.380028],[28.492434,41.380027],[28.492393,41.379989],[28.492013,41.379713],[28.491577,41.379383],[28.491094,41.379025],[28.490819,41.37882],[28.49047,41.378564],[28.490341,41.378368],[28.489847,41.377639],[28.489502,41.377134],[28.48932,41.376866],[28.489233,41.376348],[28.48915,41.375854],[28.489065,41.375351],[28.489013,41.375023],[28.488812,41.374703],[28.488564,41.3743],[28.488377,41.374005],[28.488047,41.37362],[28.488103,41.373318],[28.488348,41.372802],[28.488802,41.372263],[28.489036,41.371979],[28.489303,41.371797],[28.489457,41.371473],[28.48967,41.371048],[28.48944,41.3708],[28.48916,41.370498],[28.48867,41.370045],[28.48801,41.36942],[28.487739,41.369155],[28.487012,41.368864],[28.486714,41.368668],[28.486262,41.368372],[28.486088,41.368101],[28.485899,41.367794],[28.485403,41.367502],[28.485041,41.367384],[28.484463,41.367191],[28.483964,41.367037],[28.482237,41.366524],[28.482005,41.366269],[28.48192,41.366084],[28.481793,41.365727],[28.481682,41.365377],[28.48158,41.365074],[28.481546,41.364845],[28.481548,41.364752],[28.48157,41.364511],[28.481614,41.36436],[28.481658,41.364171],[28.481696,41.364085],[28.481776,41.363907],[28.48191,41.363684],[28.482016,41.363521],[28.482128,41.363391],[28.482277,41.363241],[28.482406,41.363098],[28.482531,41.362961],[28.482688,41.362737],[28.482764,41.362581],[28.482833,41.362472],[28.482897,41.362291],[28.482918,41.362087],[28.482889,41.361905],[28.482872,41.361661],[28.48288,41.361445],[28.482922,41.361341],[28.483009,41.361143],[28.483093,41.36094],[28.48313,41.360766],[28.48316,41.3605],[28.483165,41.360259],[28.483198,41.359995],[28.483253,41.359889],[28.48337,41.359674],[28.483378,41.359609],[28.483464,41.359486],[28.483612,41.359219],[28.483715,41.359056],[28.483889,41.358839],[28.484021,41.358672],[28.484144,41.358502],[28.484237,41.358331],[28.484311,41.35814],[28.484334,41.357996],[28.48439,41.357756],[28.484431,41.357532],[28.484442,41.35736],[28.484461,41.357099],[28.48449,41.356856],[28.484559,41.356707],[28.48469,41.356475],[28.484849,41.356166],[28.484961,41.355889],[28.48505,41.355638],[28.485121,41.35542],[28.485239,41.355031],[28.485324,41.354771],[28.485426,41.354513],[28.485481,41.354407],[28.485625,41.35422],[28.485759,41.353997],[28.485841,41.353849],[28.485904,41.353696],[28.485969,41.353492],[28.486021,41.353373],[28.486085,41.353173],[28.486127,41.353054],[28.486173,41.352915],[28.486279,41.352792],[28.486379,41.352728],[28.486503,41.352688],[28.486722,41.352628],[28.486898,41.352603],[28.487106,41.352584],[28.487249,41.352553],[28.487442,41.352511],[28.487694,41.35245],[28.487847,41.352422],[28.488005,41.352411],[28.488134,41.352408],[28.488557,41.352373],[28.488871,41.352331],[28.489052,41.352307],[28.489238,41.35227],[28.489473,41.352183],[28.489635,41.352076],[28.489787,41.351938],[28.489986,41.351735],[28.490091,41.351597],[28.489939,41.351462],[28.489637,41.351229],[28.489421,41.351007],[28.489273,41.350763],[28.489134,41.350489],[28.489005,41.350152],[28.488932,41.349899],[28.488896,41.349749],[28.488878,41.34957],[28.48889,41.349397],[28.488933,41.349268],[28.489002,41.349143],[28.489016,41.34915],[28.489016,41.349145],[28.48922,41.348765],[28.489283,41.348626],[28.489357,41.348401],[28.489372,41.348182],[28.489336,41.347903],[28.48932,41.347716],[28.489259,41.347371],[28.489239,41.34708],[28.48922,41.346928],[28.489238,41.346585],[28.489256,41.346186],[28.489284,41.345712],[28.487602,41.345327],[28.484863,41.34469],[28.483157,41.344304],[28.48183,41.344048],[28.480515,41.344265],[28.479261,41.34416],[28.477485,41.344499],[28.475484,41.344437],[28.474616,41.344413],[28.474133,41.344464],[28.47335,41.344546],[28.472655,41.344639],[28.472325,41.344683],[28.471318,41.344798],[28.470193,41.344938],[28.46908,41.3451],[28.468862,41.345172],[28.467432,41.346118],[28.468775,41.346691],[28.469838,41.348428],[28.469425,41.349379],[28.469331,41.352027],[28.468329,41.353713],[28.467489,41.354463],[28.467437,41.355666],[28.465579,41.357748],[28.464058,41.360141],[28.462361,41.362697],[28.46184,41.363197],[28.461765,41.363745],[28.461168,41.364828],[28.460444,41.365963],[28.460116,41.366584],[28.45957,41.367126],[28.458826,41.369116],[28.458181,41.370895],[28.457762,41.372064],[28.457169,41.374275],[28.457491,41.376568],[28.457632,41.377568],[28.457627,41.377568],[28.457628,41.37758],[28.457404,41.377699],[28.457046,41.377888],[28.456992,41.377922],[28.456859,41.377948],[28.456471,41.378017],[28.456277,41.378246],[28.456128,41.378423],[28.455892,41.378871],[28.455947,41.379235],[28.455952,41.379563],[28.455772,41.379758],[28.455715,41.38024],[28.455886,41.380285],[28.455614,41.380781],[28.455482,41.381238],[28.455618,41.381456],[28.456983,41.381521]]]}},{"type":"Feature","properties":{"id":"TR-Y-34-015-M-0019","level":"yerlesim","type":"mahalle","parent_id":"TR-D-34-015","province_id":"TR-P-34","district_id":"TR-D-34-015","name":"İhsaniye","source_raw_name":"İHSANİYE","source":"Kullanıcı tarafından sağlanan KML","source_label":"Kullanıcı tarafından sağlanan KML","source_name":"Istanbul Mahalle KML"},"geometry":{"type":"Polygon","coordinates":[[[28.323645,41.307338],[28.323645,41.307338],[28.323957,41.307389],[28.324306,41.307449],[28.324846,41.307452],[28.325861,41.307379],[28.326622,41.307382],[28.327316,41.307604],[28.32806,41.307859],[28.328701,41.308112],[28.329104,41.308252],[28.32964,41.308511],[28.330072,41.308769],[28.330296,41.308977],[28.330425,41.309247],[28.3305,41.309554],[28.330593,41.310028],[28.330727,41.310502],[28.330732,41.310691],[28.330704,41.310981],[28.33067,41.311207],[28.330653,41.311628],[28.330657,41.311845],[28.330661,41.312041],[28.33074,41.312377],[28.330821,41.312664],[28.330993,41.312995],[28.331231,41.31333],[28.331392,41.313591],[28.331556,41.313896],[28.331801,41.314294],[28.331953,41.314556],[28.332173,41.314894],[28.332406,41.315249],[28.332554,41.315487],[28.332642,41.315657],[28.332687,41.315781],[28.332652,41.315946],[28.332551,41.316127],[28.332525,41.316432],[28.33251,41.316854],[28.332474,41.317052],[28.332286,41.317521],[28.33215,41.317783],[28.33213,41.31797],[28.332036,41.318523],[28.331989,41.318811],[28.331988,41.319043],[28.332069,41.31933],[28.332163,41.3196],[28.33233,41.319958],[28.332414,41.320122],[28.332607,41.320307],[28.332897,41.32051],[28.333158,41.32063],[28.333333,41.320686],[28.333534,41.320732],[28.333767,41.320765],[28.334057,41.320763],[28.334336,41.32071],[28.334598,41.320631],[28.334869,41.320526],[28.335073,41.320469],[28.335215,41.320468],[28.335425,41.32049],[28.335616,41.32058],[28.335794,41.320692],[28.336014,41.320867],[28.336546,41.321234],[28.337008,41.321575],[28.337461,41.32196],[28.337802,41.322208],[28.338001,41.32235],[28.338125,41.322494],[28.338212,41.322701],[28.338335,41.323072],[28.338394,41.323341],[28.338429,41.323694],[28.338502,41.323944],[28.338669,41.324314],[28.338811,41.324615],[28.339017,41.324997],[28.339195,41.325291],[28.339437,41.325627],[28.339745,41.325999],[28.339881,41.326164],[28.340047,41.326389],[28.340234,41.326674],[28.340374,41.326891],[28.340565,41.32717],[28.340691,41.327384],[28.340714,41.32753],[28.340693,41.327653],[28.340613,41.327847],[28.340435,41.32817],[28.340373,41.328266],[28.340317,41.328411],[28.340257,41.328671],[28.340213,41.328799],[28.340133,41.328957],[28.339994,41.329088],[28.339896,41.329255],[28.339827,41.329422],[28.339828,41.329603],[28.339923,41.329817],[28.340105,41.330054],[28.340362,41.330324],[28.340544,41.330561],[28.340789,41.330839],[28.340978,41.331045],[28.341126,41.331237],[28.341271,41.331518],[28.341384,41.331791],[28.341552,41.332031],[28.341684,41.332347],[28.341847,41.33266],[28.342083,41.333061],[28.342347,41.333525],[28.342494,41.333758],[28.342669,41.33403],[28.342723,41.334234],[28.342734,41.334491],[28.342686,41.334756],[28.342586,41.335228],[28.342473,41.335744],[28.342355,41.336247],[28.342292,41.336423],[28.342144,41.336917],[28.342092,41.337097],[28.342083,41.337487],[28.342042,41.337924],[28.341863,41.339564],[28.341686,41.341206],[28.342742,41.341445],[28.343085,41.341514],[28.343503,41.341703],[28.343964,41.341847],[28.34428,41.341945],[28.344663,41.341985],[28.345084,41.342045],[28.345482,41.342098],[28.345731,41.342137],[28.346005,41.342152],[28.346412,41.34214],[28.347024,41.342114],[28.347455,41.342108],[28.347634,41.342129],[28.347897,41.342253],[28.348988,41.341761],[28.349283,41.341707],[28.349589,41.341703],[28.350042,41.341643],[28.350416,41.341516],[28.350827,41.341265],[28.351046,41.341197],[28.351471,41.341119],[28.351713,41.341052],[28.351898,41.340944],[28.352297,41.340706],[28.352752,41.340394],[28.353052,41.340345],[28.353431,41.340231],[28.353771,41.340037],[28.354094,41.339794],[28.354272,41.339708],[28.354997,41.339585],[28.355267,41.339386],[28.355679,41.339095],[28.356115,41.338818],[28.356513,41.338642],[28.356748,41.338623],[28.35716,41.338665],[28.357413,41.338659],[28.357823,41.338446],[28.358422,41.338143],[28.358732,41.337948],[28.358979,41.337682],[28.359133,41.337626],[28.359286,41.337629],[28.359953,41.337709],[28.360249,41.337616],[28.360694,41.337463],[28.360919,41.337377],[28.361068,41.337273],[28.361379,41.337052],[28.361941,41.336649],[28.362335,41.336411],[28.362506,41.336351],[28.362644,41.336243],[28.362813,41.336077],[28.362904,41.335941],[28.363015,41.335726],[28.363146,41.335643],[28.363282,41.335619],[28.363428,41.335665],[28.363507,41.335755],[28.363605,41.336016],[28.363719,41.336466],[28.363817,41.336719],[28.363912,41.33709],[28.363982,41.337201],[28.364186,41.337401],[28.364372,41.337466],[28.364621,41.337533],[28.364892,41.337498],[28.365175,41.337425],[28.365562,41.337275],[28.3659,41.337147],[28.366152,41.337097],[28.366306,41.337106],[28.36646,41.337141],[28.366674,41.337194],[28.366921,41.337194],[28.367098,41.337164],[28.367257,41.337133],[28.367523,41.33706],[28.367771,41.336997],[28.368103,41.336942],[28.368346,41.336906],[28.368584,41.336873],[28.368775,41.336826],[28.369027,41.336793],[28.3693,41.33678],[28.369529,41.336783],[28.369758,41.33679],[28.369895,41.336779],[28.370023,41.336744],[28.370496,41.336525],[28.370769,41.336519],[28.371195,41.336535],[28.371538,41.336563],[28.371955,41.336615],[28.37221,41.336639],[28.372394,41.336678],[28.372574,41.336724],[28.372749,41.336769],[28.372955,41.336785],[28.373202,41.336782],[28.373646,41.336789],[28.374083,41.336775],[28.374325,41.336792],[28.374535,41.336831],[28.37475,41.336854],[28.374948,41.336853],[28.375222,41.336847],[28.375375,41.336859],[28.375574,41.336852],[28.375763,41.336835],[28.375918,41.336811],[28.376113,41.336767],[28.376397,41.336701],[28.376565,41.336641],[28.376761,41.33657],[28.3769,41.336486],[28.377046,41.336455],[28.377192,41.336414],[28.377436,41.336328],[28.377619,41.336244],[28.377854,41.336164],[28.377992,41.336126],[28.378097,41.336128],[28.378198,41.336143],[28.378355,41.336224],[28.378481,41.336306],[28.378571,41.33639],[28.378683,41.336504],[28.378763,41.336638],[28.378855,41.336836],[28.378885,41.337052],[28.378961,41.337176],[28.379124,41.337354],[28.379253,41.337462],[28.379345,41.337506],[28.379471,41.337571],[28.379607,41.3376],[28.379795,41.337629],[28.380129,41.337653],[28.380353,41.337676],[28.380546,41.337706],[28.380748,41.337732],[28.380862,41.33775],[28.380967,41.337801],[28.381123,41.337906],[28.3813,41.338045],[28.381453,41.3381],[28.381641,41.338136],[28.381792,41.338072],[28.382064,41.337764],[28.382217,41.337663],[28.382463,41.337497],[28.382759,41.337259],[28.382962,41.337079],[28.383096,41.337015],[28.383206,41.337006],[28.383373,41.337002],[28.38355,41.336998],[28.383756,41.337021],[28.383937,41.336997],[28.384087,41.337015],[28.384396,41.33697],[28.38459,41.336956],[28.384757,41.336958],[28.384822,41.336999],[28.384941,41.337001],[28.385214,41.337024],[28.385435,41.336974],[28.385651,41.336964],[28.385977,41.336979],[28.386165,41.337001],[28.3865,41.336993],[28.386828,41.337107],[28.387103,41.337207],[28.387285,41.337312],[28.387482,41.337382],[28.387664,41.337467],[28.387896,41.337553],[28.388004,41.337608],[28.388162,41.337667],[28.388423,41.33777],[28.38851,41.337824],[28.388684,41.33791],[28.388774,41.337994],[28.388942,41.338159],[28.389202,41.338355],[28.389328,41.33841],[28.389552,41.338433],[28.389734,41.338437],[28.390066,41.338306],[28.390344,41.338269],[28.390663,41.338194],[28.390913,41.338105],[28.391016,41.338055],[28.391193,41.33797],[28.391553,41.337965],[28.391719,41.337973],[28.392069,41.338078],[28.392316,41.338239],[28.392501,41.338491],[28.39265,41.338767],[28.392703,41.339039],[28.392798,41.339314],[28.392807,41.339496],[28.392872,41.339659],[28.392931,41.339846],[28.393014,41.339952],[28.393084,41.340156],[28.393293,41.340578],[28.39332,41.340767],[28.393505,41.340876],[28.393784,41.34101],[28.39405,41.341019],[28.394371,41.341012],[28.39459,41.340697],[28.394775,41.340499],[28.394942,41.340389],[28.395132,41.340309],[28.395564,41.340139],[28.396138,41.339961],[28.39685,41.340139],[28.397736,41.340974],[28.398075,41.340847],[28.399176,41.340392],[28.39976,41.340149],[28.400193,41.339988],[28.400431,41.339862],[28.400905,41.339664],[28.401165,41.339551],[28.401565,41.339402],[28.401492,41.338361],[28.401054,41.33762],[28.401079,41.337426],[28.40121,41.336393],[28.401758,41.335972],[28.402068,41.335737],[28.401953,41.335422],[28.401764,41.334934],[28.402617,41.334906],[28.402682,41.334917],[28.400385,41.333514],[28.400662,41.329945],[28.410423,41.323672],[28.421475,41.316507],[28.421539,41.31642],[28.421746,41.316164],[28.421574,41.315822],[28.421465,41.315613],[28.421439,41.315443],[28.421381,41.315067],[28.421326,41.314678],[28.421102,41.314323],[28.421232,41.314053],[28.421198,41.313849],[28.421226,41.313619],[28.421218,41.313527],[28.420758,41.313469],[28.42045,41.313445],[28.420166,41.313358],[28.419979,41.313259],[28.419646,41.313035],[28.419337,41.312689],[28.418778,41.312134],[28.418588,41.311826],[28.41818,41.311581],[28.417412,41.311279],[28.417067,41.311171],[28.416504,41.310792],[28.415997,41.310297],[28.415553,41.310065],[28.415033,41.309935],[28.414675,41.309784],[28.414219,41.309529],[28.414021,41.309559],[28.41381,41.30953],[28.413551,41.309503],[28.41329,41.309387],[28.412917,41.309126],[28.41261,41.308899],[28.412414,41.308833],[28.412073,41.308723],[28.411955,41.308678],[28.411891,41.308614],[28.411765,41.308437],[28.411617,41.308308],[28.411493,41.30814],[28.41146,41.308047],[28.411379,41.307946],[28.411288,41.307889],[28.411157,41.307857],[28.410845,41.307816],[28.410489,41.307798],[28.410123,41.307819],[28.409841,41.307826],[28.409507,41.307827],[28.409203,41.30783],[28.40896,41.307843],[28.408726,41.3079],[28.408465,41.307929],[28.408267,41.30793],[28.408015,41.307797],[28.407749,41.307694],[28.407571,41.307605],[28.407411,41.307477],[28.407284,41.307266],[28.407143,41.307091],[28.407003,41.306867],[28.406943,41.30662],[28.406954,41.306352],[28.406956,41.306113],[28.40684,41.306005],[28.406482,41.305701],[28.406418,41.305611],[28.406229,41.305412],[28.406008,41.30527],[28.405695,41.305086],[28.405277,41.304915],[28.404768,41.304665],[28.404655,41.304624],[28.404392,41.304567],[28.404279,41.304526],[28.403868,41.304218],[28.403759,41.304014],[28.403566,41.303802],[28.403374,41.303541],[28.403214,41.303435],[28.402933,41.303206],[28.402774,41.303048],[28.402742,41.302851],[28.402779,41.302656],[28.402838,41.302401],[28.403054,41.302046],[28.403111,41.301496],[28.403157,41.300152],[28.402991,41.299556],[28.402942,41.299256],[28.402863,41.299043],[28.402765,41.298726],[28.402761,41.29852],[28.402798,41.298279],[28.402822,41.298007],[28.402808,41.297854],[28.402708,41.29765],[28.402573,41.297409],[28.402541,41.297293],[28.402551,41.296895],[28.402174,41.296306],[28.401766,41.295728],[28.401529,41.295506],[28.401105,41.295234],[28.400923,41.295014],[28.400753,41.294598],[28.400726,41.294421],[28.400661,41.294202],[28.400368,41.293714],[28.400209,41.29347],[28.40019,41.293304],[28.400149,41.293044],[28.400037,41.292836],[28.399847,41.292597],[28.399781,41.292419],[28.399531,41.292097],[28.399296,41.291775],[28.398814,41.291344],[28.397495,41.289939],[28.396951,41.289158],[28.396604,41.287874],[28.396884,41.286731],[28.396777,41.286048],[28.396648,41.285095],[28.396627,41.284936],[28.396552,41.28494],[28.39629,41.284983],[28.396091,41.284989],[28.395707,41.284936],[28.395344,41.284852],[28.39493,41.284705],[28.394349,41.284505],[28.39403,41.284431],[28.39392,41.284416],[28.393727,41.284397],[28.393424,41.284383],[28.392979,41.284377],[28.392749,41.28443],[28.392491,41.284549],[28.392402,41.284574],[28.39216,41.284601],[28.391737,41.284598],[28.391409,41.284524],[28.391043,41.284366],[28.390965,41.284342],[28.390882,41.284324],[28.390701,41.284335],[28.390586,41.284357],[28.39036,41.28442],[28.390067,41.284545],[28.389772,41.284714],[28.389473,41.284865],[28.38897,41.285107],[28.388649,41.285285],[28.388496,41.285409],[28.38837,41.285547],[28.388233,41.285744],[28.388151,41.285836],[28.387843,41.286109],[28.38664,41.284687],[28.384567,41.283609],[28.383979,41.283212],[28.383433,41.282795],[28.383081,41.281825],[28.383034,41.281479],[28.382444,41.281166],[28.381906,41.280424],[28.381862,41.279941],[28.38174,41.279803],[28.381959,41.279407],[28.381659,41.279162],[28.381513,41.278877],[28.381631,41.278595],[28.381308,41.27815],[28.381697,41.277631],[28.381655,41.277085],[28.38149,41.276999],[28.381471,41.276652],[28.381158,41.276344],[28.381359,41.276105],[28.381335,41.275937],[28.381129,41.27584],[28.380925,41.275669],[28.380934,41.275302],[28.380984,41.274967],[28.381128,41.274759],[28.381227,41.274152],[28.381218,41.273942],[28.380933,41.273665],[28.3803,41.273384],[28.37978,41.273041],[28.378385,41.272675],[28.377761,41.272037],[28.377088,41.271692],[28.376646,41.271046],[28.376124,41.270776],[28.375359,41.270765],[28.374466,41.270899],[28.374286,41.270876],[28.373849,41.270576],[28.373336,41.27056],[28.372986,41.270798],[28.372528,41.270768],[28.371639,41.270449],[28.371379,41.270013],[28.371036,41.269142],[28.370935,41.268567],[28.371135,41.268097],[28.371034,41.26797],[28.370058,41.267654],[28.369791,41.266103],[28.370068,41.265337],[28.368721,41.264552],[28.36777,41.264127],[28.366952,41.26377],[28.36705,41.263062],[28.367434,41.262948],[28.367931,41.262778],[28.36825,41.262681],[28.368515,41.262645],[28.368848,41.262685],[28.369058,41.262737],[28.369264,41.262695],[28.369389,41.262622],[28.369531,41.26258],[28.369782,41.262636],[28.370026,41.262711],[28.370167,41.262704],[28.370345,41.262613],[28.370414,41.262473],[28.370505,41.262315],[28.370631,41.262215],[28.370737,41.262181],[28.370866,41.262218],[28.371014,41.262154],[28.371275,41.262025],[28.371583,41.261905],[28.371868,41.261763],[28.372067,41.261553],[28.372239,41.261215],[28.372422,41.26093],[28.372457,41.260736],[28.372614,41.260557],[28.372799,41.260395],[28.372892,41.260211],[28.373084,41.259811],[28.373273,41.259252],[28.373406,41.258864],[28.373516,41.258454],[28.373524,41.258127],[28.373436,41.257922],[28.37316,41.25767],[28.372937,41.257437],[28.372954,41.257012],[28.372774,41.256687],[28.372504,41.256484],[28.372163,41.256284],[28.371806,41.256018],[28.371583,41.255776],[28.371447,41.255597],[28.371469,41.255155],[28.371467,41.254765],[28.371278,41.254351],[28.371059,41.253737],[28.37096,41.25347],[28.370663,41.253125],[28.370237,41.252886],[28.369753,41.252603],[28.369339,41.252386],[28.368916,41.252153],[28.368456,41.25183],[28.367948,41.251427],[28.367563,41.250974],[28.367396,41.250717],[28.367188,41.250254],[28.367022,41.249726],[28.367171,41.249067],[28.367157,41.248695],[28.366968,41.248445],[28.36645,41.248201],[28.366109,41.248079],[28.365572,41.247977],[28.364786,41.247818],[28.364205,41.247928],[28.36358,41.247925],[28.363119,41.247883],[28.362457,41.247797],[28.36196,41.247654],[28.361156,41.2473],[28.361097,41.246863],[28.36169,41.246263],[28.361767,41.246011],[28.361343,41.245427],[28.361241,41.244954],[28.361525,41.244477],[28.360793,41.244196],[28.360056,41.243916],[28.359557,41.2444],[28.359223,41.244386],[28.358176,41.244535],[28.357808,41.244694],[28.357188,41.244871],[28.356422,41.245019],[28.355662,41.245871],[28.354979,41.245525],[28.354758,41.245208],[28.353884,41.244992],[28.353004,41.24501],[28.350834,41.245271],[28.350433,41.244199],[28.349444,41.2441],[28.348814,41.244003],[28.347667,41.244137],[28.347138,41.243704],[28.347276,41.243339],[28.347285,41.242999],[28.347167,41.242554],[28.346945,41.242316],[28.346992,41.242078],[28.346332,41.241489],[28.345874,41.24131],[28.345563,41.241341],[28.345084,41.241736],[28.344483,41.24201],[28.343793,41.241628],[28.343793,41.241628],[28.343442,41.241793],[28.34281,41.241503],[28.34229,41.241091],[28.342055,41.241026],[28.341517,41.241213],[28.340786,41.241079],[28.340517,41.241106],[28.339685,41.241549],[28.339102,41.241418],[28.338821,41.24092],[28.337437,41.240703],[28.337265,41.240232],[28.336398,41.240162],[28.335916,41.239909],[28.335374,41.239876],[28.334895,41.239524],[28.334365,41.239426],[28.333751,41.239664],[28.333481,41.240038],[28.333539,41.240326],[28.333369,41.240603],[28.332647,41.240815],[28.332053,41.240716],[28.331775,41.240531],[28.331902,41.240237],[28.331863,41.240064],[28.331174,41.239857],[28.330277,41.239671],[28.329018,41.239266],[28.327201,41.240695],[28.326627,41.241064],[28.325918,41.241194],[28.325021,41.241879],[28.32478,41.242394],[28.324547,41.242596],[28.324416,41.242767],[28.323889,41.243022],[28.322607,41.243061],[28.321294,41.243486],[28.319395,41.243507],[28.318501,41.244107],[28.318483,41.244119],[28.318482,41.244118],[28.316879,41.245193],[28.316848,41.246416],[28.316278,41.24663],[28.315916,41.247216],[28.317125,41.247036],[28.317434,41.247263],[28.317577,41.248029],[28.31793,41.248231],[28.318138,41.248571],[28.318333,41.248689],[28.318355,41.248705],[28.318533,41.248693],[28.318736,41.248753],[28.318858,41.248757],[28.318802,41.248822],[28.318703,41.249052],[28.318645,41.249296],[28.318662,41.249802],[28.318596,41.249957],[28.318584,41.250134],[28.318513,41.250261],[28.318503,41.250513],[28.31836,41.250898],[28.318317,41.250963],[28.318097,41.251223],[28.318004,41.251399],[28.317943,41.251719],[28.317738,41.252061],[28.317605,41.252111],[28.317452,41.252232],[28.317422,41.252321],[28.317479,41.252709],[28.317435,41.252809],[28.317346,41.252903],[28.317233,41.25297],[28.316823,41.253119],[28.316454,41.253192],[28.316337,41.253317],[28.316348,41.253563],[28.316189,41.253834],[28.315943,41.254027],[28.315621,41.254138],[28.314736,41.254559],[28.314832,41.254804],[28.314664,41.255105],[28.314124,41.255327],[28.313984,41.255592],[28.313893,41.25568],[28.313771,41.255737],[28.313604,41.255737],[28.313296,41.255784],[28.313038,41.255932],[28.312945,41.256447],[28.312751,41.256687],[28.31265,41.256989],[28.312177,41.257194],[28.311748,41.257735],[28.310796,41.258378],[28.310254,41.258138],[28.309727,41.258103],[28.308964,41.258261],[28.30877,41.25836],[28.308445,41.258564],[28.30807,41.258876],[28.307612,41.259475],[28.307395,41.260315],[28.307384,41.260673],[28.307073,41.261067],[28.306935,41.261514],[28.30682,41.262166],[28.306617,41.264091],[28.306487,41.264378],[28.306213,41.264738],[28.306245,41.2658],[28.305702,41.267169],[28.305825,41.267575],[28.30587,41.26788],[28.305368,41.268156],[28.304958,41.268514],[28.304135,41.268289],[28.303527,41.268523],[28.30262,41.268935],[28.302493,41.269276],[28.302265,41.270063],[28.302206,41.270993],[28.30249,41.271362],[28.302482,41.272708],[28.302727,41.273065],[28.302718,41.273399],[28.302073,41.274048],[28.302146,41.274232],[28.302136,41.274378],[28.302189,41.274546],[28.302336,41.274771],[28.302506,41.274917],[28.302622,41.275117],[28.302679,41.275344],[28.302815,41.275554],[28.302311,41.275663],[28.301751,41.276092],[28.301344,41.276196],[28.300521,41.275965],[28.29956,41.275528],[28.298986,41.275359],[28.297708,41.275216],[28.296306,41.27542],[28.296708,41.275669],[28.297313,41.276355],[28.297789,41.276696],[28.298403,41.27735],[28.298902,41.277818],[28.299142,41.278092],[28.29934,41.27829],[28.299557,41.278457],[28.300266,41.279256],[28.30055,41.279684],[28.300636,41.279894],[28.300731,41.280039],[28.301013,41.280382],[28.301544,41.280945],[28.301824,41.281181],[28.302184,41.281354],[28.302543,41.28145],[28.303053,41.281696],[28.303325,41.281779],[28.303621,41.281807],[28.304412,41.282322],[28.304795,41.282496],[28.305252,41.282898],[28.305656,41.283087],[28.305883,41.283254],[28.305896,41.283443],[28.306611,41.284853],[28.306819,41.285009],[28.307207,41.285634],[28.307402,41.285899],[28.308274,41.286087],[28.308443,41.286264],[28.308603,41.286321],[28.30958,41.28698],[28.309841,41.287484],[28.309555,41.288372],[28.309597,41.288844],[28.30979,41.28922],[28.310104,41.289631],[28.31037,41.289882],[28.31077,41.290124],[28.313361,41.291396],[28.313317,41.29173],[28.313114,41.292494],[28.313121,41.292835],[28.313182,41.29321],[28.313343,41.293562],[28.313784,41.294215],[28.315268,41.297437],[28.315592,41.298318],[28.316042,41.300294],[28.316392,41.301242],[28.317207,41.302783],[28.318518,41.30493],[28.318781,41.305334],[28.31909,41.30558],[28.320295,41.306318],[28.321308,41.307054],[28.321752,41.307265],[28.322042,41.307308],[28.322959,41.307314],[28.323261,41.307341],[28.323645,41.307338]]]}},{"type":"Feature","properties":{"id":"TR-Y-34-015-M-0020","level":"yerlesim","type":"mahalle","parent_id":"TR-D-34-015","province_id":"TR-P-34","district_id":"TR-D-34-015","name":"İnceğiz","source_raw_name":"İNCEĞİZ","source":"Kullanıcı tarafından sağlanan KML","source_label":"Kullanıcı tarafından sağlanan KML","source_name":"Istanbul Mahalle KML"},"geometry":{"type":"Polygon","coordinates":[[[28.43641,41.184688],[28.436629,41.184696],[28.436475,41.184067],[28.436593,41.183617],[28.436725,41.182999],[28.437207,41.182431],[28.43718,41.18182],[28.437139,41.181323],[28.437354,41.180693],[28.43728,41.180321],[28.437218,41.180245],[28.436861,41.178979],[28.436836,41.178584],[28.436724,41.178353],[28.436637,41.177325],[28.436351,41.177272],[28.436038,41.177234],[28.435918,41.177255],[28.43564,41.177326],[28.435301,41.177326],[28.434813,41.177322],[28.434388,41.177321],[28.434002,41.177326],[28.433528,41.17732],[28.43312,41.177324],[28.432809,41.17734],[28.43248,41.17735],[28.432232,41.177367],[28.431978,41.177383],[28.43178,41.177393],[28.43152,41.177382],[28.431066,41.177386],[28.430703,41.177438],[28.430399,41.177466],[28.430095,41.177487],[28.4299,41.177509],[28.42954,41.177569],[28.429226,41.177605],[28.428971,41.177651],[28.428773,41.17769],[28.428515,41.177707],[28.428172,41.177715],[28.42803,41.177725],[28.427875,41.177763],[28.427731,41.177846],[28.42757,41.177965],[28.42743,41.178048],[28.427293,41.178103],[28.427127,41.178146],[28.426949,41.178163],[28.426702,41.178163],[28.426468,41.178159],[28.42629,41.178152],[28.42604,41.178166],[28.425917,41.178179],[28.425686,41.178226],[28.425411,41.178267],[28.425243,41.178289],[28.424965,41.178321],[28.42481,41.178331],[28.424632,41.178333],[28.424493,41.178344],[28.424381,41.178362],[28.424103,41.178403],[28.423827,41.178455],[28.423435,41.178736],[28.423161,41.178911],[28.423003,41.178915],[28.422773,41.178908],[28.422346,41.178909],[28.422056,41.178907],[28.421772,41.178903],[28.421355,41.178905],[28.421039,41.178897],[28.420497,41.178897],[28.420085,41.178893],[28.420074,41.178817],[28.420076,41.178735],[28.420108,41.178647],[28.420163,41.178528],[28.420235,41.178389],[28.420284,41.1782],[28.420321,41.17812],[28.420373,41.178014],[28.420283,41.177837],[28.420179,41.177661],[28.420075,41.177551],[28.419902,41.17747],[28.41974,41.177423],[28.419577,41.177389],[28.419437,41.177357],[28.41929,41.177312],[28.419192,41.17727],[28.419139,41.177215],[28.41915,41.177081],[28.419187,41.176954],[28.419229,41.176779],[28.419314,41.176422],[28.419344,41.176183],[28.419356,41.176118],[28.419397,41.175962],[28.419498,41.175754],[28.419546,41.175619],[28.419563,41.175511],[28.419585,41.175121],[28.419575,41.174897],[28.419562,41.174741],[28.419538,41.174616],[28.419496,41.174498],[28.419438,41.174327],[28.419388,41.17425],[28.419352,41.174111],[28.419321,41.173686],[28.419115,41.173259],[28.418866,41.173131],[28.418445,41.17286],[28.418126,41.172736],[28.417895,41.173078],[28.417482,41.173705],[28.416952,41.17403],[28.41629,41.174295],[28.415475,41.174333],[28.415113,41.174518],[28.414078,41.174928],[28.413761,41.174747],[28.413336,41.174626],[28.412927,41.17432],[28.412225,41.174067],[28.411853,41.173964],[28.411501,41.173742],[28.411277,41.173553],[28.410971,41.173363],[28.410591,41.172862],[28.410539,41.172587],[28.410405,41.17232],[28.410273,41.172194],[28.410075,41.171913],[28.41009,41.171749],[28.410356,41.171408],[28.41071,41.171085],[28.410569,41.170614],[28.410275,41.170433],[28.410042,41.170376],[28.409464,41.17028],[28.408972,41.170269],[28.408602,41.17033],[28.407989,41.170494],[28.407691,41.170446],[28.407521,41.170244],[28.407502,41.170036],[28.407749,41.169517],[28.408036,41.169034],[28.408328,41.168587],[28.408435,41.167314],[28.408445,41.167305],[28.408324,41.166959],[28.408042,41.166793],[28.407778,41.166649],[28.407491,41.166516],[28.407143,41.166405],[28.406859,41.166308],[28.406712,41.166233],[28.4066,41.166142],[28.406476,41.166001],[28.406383,41.16587],[28.406312,41.165697],[28.406297,41.165574],[28.406301,41.165252],[28.406352,41.164791],[28.406411,41.164327],[28.406432,41.164025],[28.40642,41.163776],[28.406363,41.16358],[28.406252,41.163445],[28.406132,41.163331],[28.405989,41.163256],[28.405863,41.163198],[28.405645,41.163138],[28.405102,41.163064],[28.404249,41.162893],[28.403707,41.162827],[28.403398,41.162774],[28.403047,41.162774],[28.402754,41.162778],[28.402504,41.162713],[28.40229,41.162595],[28.402096,41.162398],[28.401921,41.162116],[28.401756,41.161919],[28.401548,41.161801],[28.40121,41.161713],[28.400926,41.161598],[28.400767,41.161423],[28.400619,41.161235],[28.40051,41.161123],[28.400354,41.161041],[28.400215,41.160973],[28.40007,41.160944],[28.399881,41.160995],[28.399619,41.160947],[28.399329,41.160837],[28.399195,41.160777],[28.399122,41.160666],[28.399125,41.160555],[28.399074,41.160461],[28.398861,41.160304],[28.398626,41.160123],[28.398329,41.159801],[28.398139,41.159647],[28.397677,41.159384],[28.397365,41.159243],[28.397114,41.159116],[28.396962,41.159001],[28.396488,41.158176],[28.396388,41.158383],[28.396259,41.158708],[28.396175,41.158922],[28.396088,41.159128],[28.395966,41.159403],[28.395864,41.159607],[28.395768,41.159799],[28.395648,41.160046],[28.395547,41.160261],[28.395389,41.160573],[28.395225,41.160891],[28.395049,41.161218],[28.394897,41.161496],[28.394755,41.161747],[28.394595,41.162031],[28.394447,41.162324],[28.394317,41.162587],[28.394215,41.162797],[28.394168,41.162907],[28.394118,41.163026],[28.394059,41.163182],[28.394024,41.163281],[28.393997,41.16337],[28.39398,41.163434],[28.393953,41.163556],[28.393927,41.163707],[28.393902,41.163881],[28.393879,41.164055],[28.393887,41.164296],[28.393922,41.164481],[28.393973,41.164676],[28.394076,41.164914],[28.394155,41.165052],[28.39419,41.165119],[28.394063,41.165163],[28.393652,41.165324],[28.393306,41.165445],[28.393235,41.165493],[28.393008,41.165403],[28.392848,41.165339],[28.392819,41.165328],[28.392531,41.165244],[28.392251,41.165166],[28.392051,41.165234],[28.391862,41.165303],[28.391641,41.165373],[28.391424,41.165439],[28.39127,41.165488],[28.391121,41.165533],[28.390905,41.165618],[28.390696,41.165694],[28.390577,41.16574],[28.390191,41.165881],[28.389747,41.166045],[28.389616,41.166123],[28.389225,41.166418],[28.389112,41.166292],[28.389,41.166169],[28.388823,41.165965],[28.388663,41.165769],[28.388522,41.165604],[28.388418,41.165482],[28.388264,41.165317],[28.387568,41.165768],[28.387189,41.166011],[28.386599,41.166395],[28.386285,41.166607],[28.385833,41.166785],[28.38549,41.166991],[28.385286,41.167224],[28.384994,41.167554],[28.384972,41.168071],[28.384961,41.168298],[28.384775,41.168432],[28.38456,41.168629],[28.384446,41.168846],[28.384415,41.168894],[28.3843,41.169161],[28.384209,41.169346],[28.384179,41.169553],[28.384137,41.169866],[28.38411,41.17015],[28.383998,41.170471],[28.38393,41.170845],[28.383881,41.171041],[28.383851,41.171134],[28.383778,41.171413],[28.383747,41.171519],[28.383671,41.17173],[28.383635,41.171846],[28.383612,41.171975],[28.383605,41.172255],[28.383773,41.17265],[28.383889,41.17314],[28.383893,41.173339],[28.383769,41.173735],[28.383703,41.173882],[28.383585,41.174059],[28.383508,41.174166],[28.383497,41.174301],[28.383607,41.174353],[28.383449,41.174636],[28.383402,41.174759],[28.383359,41.175004],[28.383351,41.175236],[28.383615,41.17532],[28.383592,41.175872],[28.383969,41.175995],[28.383878,41.176097],[28.383914,41.176442],[28.383886,41.176489],[28.383746,41.176257],[28.383696,41.176171],[28.38365,41.17603],[28.383542,41.176084],[28.383438,41.17621],[28.383383,41.176418],[28.383358,41.176676],[28.383315,41.176993],[28.383189,41.177508],[28.383104,41.177638],[28.382805,41.177972],[28.382423,41.178231],[28.381132,41.179247],[28.380433,41.179821],[28.380362,41.179899],[28.38026,41.179963],[28.380155,41.180011],[28.380019,41.180055],[28.379789,41.180062],[28.379479,41.180054],[28.379259,41.180275],[28.379144,41.18043],[28.378957,41.180656],[28.378496,41.180647],[28.378221,41.180627],[28.377875,41.180513],[28.377532,41.18054],[28.377262,41.180504],[28.376993,41.180463],[28.376768,41.180358],[28.376547,41.180238],[28.376362,41.180155],[28.376001,41.179931],[28.375689,41.179924],[28.375569,41.180271],[28.375229,41.180762],[28.374959,41.18125],[28.374702,41.181463],[28.374575,41.181624],[28.374532,41.18176],[28.37469,41.182009],[28.374591,41.182286],[28.374019,41.182363],[28.373635,41.182447],[28.373443,41.182494],[28.372951,41.182776],[28.37241,41.183088],[28.37226,41.183589],[28.37211,41.184283],[28.372331,41.184497],[28.372896,41.184788],[28.373306,41.184894],[28.373624,41.184949],[28.374131,41.184906],[28.374498,41.185103],[28.374373,41.186402],[28.374089,41.187134],[28.373563,41.187419],[28.373367,41.187789],[28.372974,41.188096],[28.372071,41.188537],[28.371659,41.189046],[28.371415,41.189254],[28.37076,41.189336],[28.370277,41.18949],[28.369359,41.189477],[28.36865,41.189124],[28.368583,41.189144],[28.368359,41.189211],[28.367876,41.18992],[28.367828,41.190232],[28.367477,41.190983],[28.36737,41.192071],[28.367223,41.192613],[28.367227,41.192976],[28.36811,41.193446],[28.368758,41.193794],[28.368958,41.193873],[28.369532,41.194352],[28.369774,41.194424],[28.370556,41.194526],[28.371249,41.194495],[28.372528,41.194453],[28.373339,41.194505],[28.373706,41.194701],[28.37429,41.195335],[28.374438,41.195781],[28.374392,41.196032],[28.373024,41.196446],[28.372996,41.196517],[28.373291,41.196964],[28.373011,41.197525],[28.373764,41.197748],[28.374536,41.198293],[28.37517,41.19905],[28.375075,41.199384],[28.375167,41.199776],[28.375785,41.20034],[28.377263,41.200752],[28.378208,41.201304],[28.378436,41.20178],[28.378529,41.202425],[28.378529,41.202425],[28.378608,41.202503],[28.378869,41.202613],[28.379334,41.20277],[28.379647,41.202929],[28.379913,41.20307],[28.379705,41.203196],[28.379602,41.203305],[28.379548,41.203379],[28.379441,41.203431],[28.37933,41.203429],[28.379255,41.203384],[28.379239,41.2033],[28.379193,41.203277],[28.379122,41.203303],[28.379072,41.203408],[28.378972,41.203451],[28.378907,41.203477],[28.378812,41.203528],[28.378735,41.203558],[28.378648,41.203508],[28.378567,41.203472],[28.378426,41.20347],[28.378326,41.203513],[28.378265,41.203591],[28.378251,41.203702],[28.378312,41.203805],[28.378282,41.203853],[28.378193,41.2039],[28.378249,41.203994],[28.378277,41.204074],[28.378204,41.204153],[28.378132,41.20424],[28.378136,41.204293],[28.378234,41.204361],[28.378417,41.204549],[28.378496,41.204675],[28.378567,41.204662],[28.378728,41.204554],[28.378841,41.204476],[28.378947,41.204464],[28.379034,41.204501],[28.379114,41.204559],[28.379271,41.204637],[28.37935,41.204753],[28.379396,41.204997],[28.37941,41.205148],[28.379408,41.205245],[28.379334,41.205377],[28.379239,41.205424],[28.378887,41.205472],[28.378704,41.205527],[28.378591,41.205596],[28.378516,41.205759],[28.378374,41.205837],[28.378232,41.205875],[28.378154,41.205962],[28.378185,41.206135],[28.378206,41.206215],[28.378138,41.206342],[28.378135,41.206475],[28.378092,41.20655],[28.37795,41.206618],[28.377842,41.206732],[28.377833,41.206834],[28.377949,41.206902],[28.378091,41.206846],[28.378185,41.206839],[28.378271,41.206915],[28.378395,41.207107],[28.378546,41.207171],[28.378512,41.207348],[28.378931,41.207455],[28.379943,41.208718],[28.380232,41.208886],[28.380621,41.209276],[28.381179,41.209709],[28.382231,41.21052],[28.383157,41.211241],[28.383365,41.211359],[28.384086,41.212299],[28.385555,41.211682],[28.386206,41.212607],[28.387371,41.214852],[28.388213,41.216634],[28.388892,41.217391],[28.389887,41.219309],[28.389456,41.219901],[28.389849,41.221708],[28.391197,41.222344],[28.391435,41.222527],[28.391607,41.222668],[28.391827,41.222837],[28.392129,41.223064],[28.39221,41.223171],[28.392267,41.223345],[28.392301,41.223581],[28.392323,41.22377],[28.392397,41.223981],[28.392507,41.224171],[28.392605,41.224295],[28.392714,41.224506],[28.392768,41.22464],[28.392828,41.224859],[28.392907,41.225056],[28.392915,41.225252],[28.392906,41.225445],[28.393059,41.225686],[28.393169,41.225857],[28.393223,41.225987],[28.393209,41.226176],[28.393191,41.226385],[28.393296,41.226585],[28.393477,41.226893],[28.393639,41.227108],[28.393826,41.227396],[28.394022,41.227641],[28.394188,41.227842],[28.394377,41.228047],[28.394504,41.228255],[28.394604,41.228472],[28.39473,41.22871],[28.394797,41.228843],[28.394982,41.229002],[28.395112,41.229097],[28.395284,41.229228],[28.395443,41.229383],[28.39554,41.229551],[28.395636,41.229788],[28.395764,41.230118],[28.395919,41.230416],[28.396064,41.230779],[28.396166,41.230917],[28.396272,41.231078],[28.396364,41.231262],[28.396431,41.231438],[28.396482,41.231661],[28.396488,41.231801],[28.396453,41.231973],[28.396408,41.232182],[28.396403,41.232397],[28.396468,41.232604],[28.396565,41.232765],[28.396683,41.232969],[28.396761,41.233212],[28.396848,41.233426],[28.396889,41.233567],[28.397536,41.233315],[28.397976,41.233231],[28.398409,41.233148],[28.399066,41.233079],[28.399797,41.232926],[28.400505,41.232781],[28.401263,41.232626],[28.401862,41.232498],[28.402429,41.232377],[28.402929,41.232275],[28.403299,41.232111],[28.403614,41.231975],[28.403909,41.231846],[28.404151,41.231839],[28.404728,41.231822],[28.405959,41.23137],[28.407762,41.230735],[28.409305,41.230212],[28.410752,41.229732],[28.41142,41.229511],[28.412878,41.229841],[28.414492,41.230218],[28.414988,41.230326],[28.415029,41.229132],[28.41523,41.228338],[28.415272,41.227316],[28.415885,41.225245],[28.415933,41.225201],[28.416071,41.225035],[28.416205,41.224887],[28.41639,41.224723],[28.416512,41.224546],[28.416626,41.224388],[28.416651,41.224352],[28.41669,41.224293],[28.41671,41.224197],[28.416756,41.224108],[28.416811,41.224022],[28.416883,41.22393],[28.417001,41.223789],[28.417088,41.223641],[28.417215,41.223477],[28.417384,41.223243],[28.417454,41.223065],[28.417465,41.222982],[28.417468,41.222826],[28.417507,41.222697],[28.417517,41.222621],[28.417555,41.222532],[28.417566,41.222439],[28.417536,41.222392],[28.417546,41.222323],[28.417589,41.222217],[28.417609,41.222098],[28.417634,41.221962],[28.417664,41.22184],[28.417665,41.221764],[28.417642,41.221624],[28.41762,41.221461],[28.417637,41.221289],[28.417666,41.221183],[28.41773,41.220928],[28.417759,41.220727],[28.417871,41.220188],[28.417852,41.219772],[28.41775,41.219625],[28.417606,41.219282],[28.417575,41.219109],[28.417655,41.218973],[28.417676,41.218805],[28.417658,41.218579],[28.41753,41.218086],[28.417473,41.217749],[28.417409,41.217501],[28.417458,41.21716],[28.417509,41.21698],[28.417467,41.216802],[28.41737,41.216681],[28.41731,41.216499],[28.417232,41.216347],[28.41706,41.216181],[28.417051,41.216062],[28.41716,41.215935],[28.417998,41.214959],[28.418102,41.214753],[28.418147,41.21459],[28.418311,41.214362],[28.418399,41.214137],[28.418556,41.213909],[28.418668,41.213663],[28.418699,41.213349],[28.41881,41.213116],[28.418854,41.212984],[28.418982,41.212773],[28.419128,41.212559],[28.41922,41.212392],[28.419212,41.212259],[28.419106,41.212032],[28.419059,41.211779],[28.418962,41.211406],[28.418961,41.211233],[28.418962,41.210928],[28.418843,41.210771],[28.418626,41.210547],[28.418461,41.210315],[28.418413,41.210119],[28.418359,41.209924],[28.418276,41.209741],[28.418234,41.209546],[28.418231,41.209426],[28.418268,41.209334],[28.418336,41.20918],[28.418398,41.209048],[28.418413,41.208898],[28.418493,41.208775],[28.418606,41.20867],[28.418779,41.208549],[28.418894,41.208409],[28.418962,41.208255],[28.418962,41.208029],[28.418979,41.20779],[28.419042,41.207636],[28.419514,41.207231],[28.420143,41.206687],[28.420885,41.206051],[28.421072,41.205828],[28.421362,41.20546],[28.421575,41.205109],[28.421712,41.205035],[28.421897,41.204879],[28.422034,41.204566],[28.42208,41.20435],[28.422393,41.203987],[28.422539,41.20352],[28.422754,41.203098],[28.422977,41.202619],[28.42324,41.202405],[28.423801,41.201966],[28.424547,41.201427],[28.425151,41.200918],[28.42545,41.200648],[28.425698,41.200324],[28.425845,41.20006],[28.426138,41.199564],[28.425463,41.199143],[28.425982,41.198518],[28.426045,41.198071],[28.426165,41.197471],[28.426204,41.19706],[28.425947,41.196539],[28.426326,41.196137],[28.426156,41.195643],[28.426465,41.194979],[28.426709,41.194545],[28.426649,41.194094],[28.427111,41.193401],[28.427034,41.192962],[28.427071,41.191891],[28.426628,41.190075],[28.427287,41.189965],[28.428729,41.189683],[28.429254,41.189545],[28.428412,41.188078],[28.429008,41.187102],[28.429259,41.186973],[28.429444,41.186956],[28.429676,41.186986],[28.429906,41.187079],[28.430071,41.18716],[28.430211,41.187189],[28.43041,41.187139],[28.430645,41.187072],[28.430948,41.187046],[28.431354,41.187002],[28.431557,41.186955],[28.431709,41.186854],[28.431814,41.186693],[28.432016,41.186493],[28.432374,41.186033],[28.432561,41.185744],[28.432744,41.185627],[28.433015,41.185305],[28.433301,41.185127],[28.433664,41.184836],[28.433976,41.184645],[28.434175,41.184608],[28.434354,41.18462],[28.434745,41.184648],[28.434889,41.184694],[28.435041,41.184739],[28.435267,41.184652],[28.435461,41.184645],[28.435623,41.184668],[28.435859,41.184677],[28.436123,41.18468],[28.43641,41.184688]]]}},{"type":"Feature","properties":{"id":"TR-Y-34-015-M-0021","level":"yerlesim","type":"mahalle","parent_id":"TR-D-34-015","province_id":"TR-P-34","district_id":"TR-D-34-015","name":"İzzettin","source_raw_name":"İZZETTİN","source":"Kullanıcı tarafından sağlanan KML","source_label":"Kullanıcı tarafından sağlanan KML","source_name":"Istanbul Mahalle KML"},"geometry":{"type":"Polygon","coordinates":[[[28.510344,41.202697],[28.510454,41.202667],[28.510615,41.202672],[28.51078,41.202682],[28.510946,41.202659],[28.510972,41.202573],[28.51104,41.202485],[28.511169,41.202443],[28.51135,41.202374],[28.511513,41.202323],[28.511702,41.202343],[28.512,41.202333],[28.512078,41.202216],[28.512139,41.202041],[28.512107,41.201794],[28.512152,41.201687],[28.512251,41.201481],[28.512469,41.201295],[28.51267,41.201169],[28.512729,41.201091],[28.512736,41.200958],[28.512701,41.20084],[28.512727,41.200755],[28.512907,41.200549],[28.512819,41.200448],[28.512755,41.200333],[28.512742,41.200296],[28.512689,41.200146],[28.512697,41.200003],[28.51276,41.199908],[28.513159,41.199637],[28.513474,41.19933],[28.513765,41.199023],[28.514004,41.198708],[28.514282,41.198544],[28.514403,41.19842],[28.514436,41.19822],[28.514346,41.198047],[28.5144,41.197937],[28.514698,41.197744],[28.515035,41.197502],[28.51519,41.197358],[28.515331,41.197156],[28.515349,41.197002],[28.515278,41.196804],[28.515421,41.196538],[28.515459,41.196346],[28.51544,41.196116],[28.515383,41.195905],[28.515294,41.195682],[28.515307,41.195496],[28.515464,41.195291],[28.515636,41.1952],[28.515809,41.195081],[28.515967,41.194815],[28.516234,41.194693],[28.516294,41.194579],[28.516393,41.19437],[28.516514,41.19425],[28.516734,41.194177],[28.516939,41.194076],[28.517084,41.19396],[28.517183,41.193768],[28.517378,41.193528],[28.517617,41.193232],[28.517618,41.193231],[28.517588,41.193221],[28.517995,41.193126],[28.518194,41.192897],[28.51839,41.192939],[28.518471,41.19279],[28.51876,41.192846],[28.519046,41.192673],[28.51907,41.192471],[28.519369,41.192567],[28.519445,41.192481],[28.519141,41.192293],[28.518952,41.192264],[28.518962,41.192132],[28.519153,41.192053],[28.519198,41.191893],[28.5191,41.1918],[28.519255,41.191675],[28.519508,41.19181],[28.519616,41.191667],[28.51955,41.191455],[28.519773,41.191292],[28.519917,41.191323],[28.52,41.191269],[28.519669,41.190643],[28.519868,41.190529],[28.520021,41.190202],[28.520318,41.189872],[28.520495,41.189105],[28.520324,41.188931],[28.520369,41.188255],[28.521098,41.187427],[28.521397,41.187178],[28.521633,41.187299],[28.521699,41.187158],[28.522279,41.186507],[28.5225,41.186573],[28.522665,41.186199],[28.522994,41.185087],[28.523385,41.184109],[28.523589,41.183974],[28.523647,41.183672],[28.524149,41.183363],[28.524399,41.182794],[28.52442,41.182192],[28.524492,41.181489],[28.524421,41.18132],[28.524556,41.180892],[28.525304,41.179743],[28.525286,41.179508],[28.525599,41.17926],[28.525706,41.179244],[28.526081,41.17893],[28.526085,41.178746],[28.526421,41.178532],[28.527042,41.178347],[28.527035,41.178112],[28.527252,41.177955],[28.527558,41.177514],[28.528296,41.17681],[28.528616,41.176294],[28.529292,41.175723],[28.529261,41.175504],[28.529306,41.175085],[28.529779,41.174051],[28.529979,41.173433],[28.530356,41.173279],[28.530463,41.172691],[28.530183,41.171833],[28.530774,41.169655],[28.530144,41.169415],[28.529823,41.169113],[28.529224,41.168318],[28.528413,41.166559],[28.528148,41.166271],[28.527807,41.164622],[28.527434,41.164387],[28.527727,41.160715],[28.527434,41.160202],[28.527494,41.157648],[28.528411,41.153274],[28.531418,41.14627],[28.531395,41.144959],[28.531269,41.143182],[28.53117,41.141111],[28.533053,41.138116],[28.532978,41.138101],[28.532705,41.138003],[28.532423,41.137897],[28.532237,41.13785],[28.531686,41.137646],[28.531108,41.137442],[28.530816,41.137331],[28.530717,41.137285],[28.530522,41.137312],[28.530258,41.137313],[28.529881,41.137435],[28.529452,41.137557],[28.529022,41.137678],[28.528457,41.137817],[28.527707,41.138018],[28.527252,41.138152],[28.52692,41.138232],[28.526544,41.138204],[28.525822,41.138227],[28.524328,41.138348],[28.523778,41.138387],[28.522606,41.138419],[28.522371,41.138449],[28.521762,41.138468],[28.52154,41.138468],[28.521045,41.138461],[28.520358,41.138452],[28.519588,41.138456],[28.519062,41.13843],[28.51843,41.138435],[28.517962,41.138419],[28.517564,41.138395],[28.516971,41.138383],[28.51633,41.138377],[28.515968,41.138419],[28.515127,41.138511],[28.514845,41.138544],[28.514235,41.138562],[28.513644,41.138631],[28.512974,41.138654],[28.512665,41.138642],[28.512145,41.13864],[28.511664,41.138623],[28.511239,41.138631],[28.511225,41.138773],[28.511182,41.139183],[28.511143,41.139513],[28.511074,41.140031],[28.511026,41.140449],[28.510966,41.140928],[28.510901,41.14148],[28.510872,41.141749],[28.510344,41.141955],[28.510277,41.14158],[28.510199,41.141111],[28.510116,41.14065],[28.510088,41.140504],[28.510012,41.140061],[28.509933,41.139568],[28.509789,41.138795],[28.509172,41.138921],[28.508733,41.139016],[28.508815,41.1394],[28.508926,41.140015],[28.509023,41.140551],[28.509123,41.141101],[28.509221,41.141681],[28.509329,41.142319],[28.508981,41.142411],[28.508662,41.142501],[28.507902,41.142636],[28.507484,41.142707],[28.507053,41.142747],[28.506195,41.142879],[28.506022,41.14293],[28.505336,41.143218],[28.504709,41.143528],[28.50355,41.143901],[28.503201,41.143987],[28.503037,41.144079],[28.502431,41.144889],[28.501737,41.14551],[28.501486,41.145797],[28.501211,41.146667],[28.500836,41.147494],[28.500593,41.148064],[28.499999,41.14896],[28.499496,41.149671],[28.498964,41.150541],[28.498447,41.151312],[28.49821,41.151691],[28.498069,41.151955],[28.497957,41.152499],[28.497807,41.152865],[28.497653,41.153124],[28.497278,41.153888],[28.496788,41.153761],[28.496336,41.153668],[28.495984,41.153593],[28.4956,41.153519],[28.495151,41.153427],[28.49453,41.153306],[28.493756,41.153152],[28.493729,41.153154],[28.49388,41.152886],[28.494122,41.152485],[28.494356,41.152101],[28.494522,41.15183],[28.494609,41.151653],[28.494686,41.151463],[28.494778,41.151243],[28.494872,41.15093],[28.494885,41.15082],[28.494891,41.150406],[28.494908,41.150097],[28.494909,41.150081],[28.494724,41.150105],[28.494018,41.150208],[28.493516,41.150315],[28.493483,41.150233],[28.492962,41.150284],[28.492947,41.150464],[28.492214,41.150675],[28.491619,41.150906],[28.491242,41.151022],[28.491109,41.151216],[28.49094,41.151482],[28.49064,41.151845],[28.490291,41.152239],[28.490626,41.152154],[28.491209,41.151996],[28.491387,41.151946],[28.492103,41.151888],[28.492708,41.15183],[28.492429,41.152345],[28.491953,41.153152],[28.491713,41.153613],[28.491408,41.15407],[28.49104,41.154548],[28.490893,41.154756],[28.490639,41.155083],[28.490414,41.155334],[28.489809,41.155866],[28.489256,41.156383],[28.488714,41.156885],[28.487942,41.157551],[28.487886,41.157579],[28.487619,41.157431],[28.487407,41.157295],[28.487151,41.157092],[28.486889,41.156882],[28.486501,41.15657],[28.486307,41.156423],[28.486037,41.156213],[28.485836,41.156068],[28.485557,41.155844],[28.485247,41.155594],[28.484879,41.155316],[28.484664,41.155141],[28.484429,41.154957],[28.484187,41.154771],[28.484053,41.154681],[28.483754,41.154443],[28.483496,41.154255],[28.483414,41.154184],[28.483411,41.154186],[28.483278,41.154295],[28.483143,41.154505],[28.483051,41.154703],[28.482956,41.154947],[28.482835,41.155218],[28.482744,41.155567],[28.482655,41.155864],[28.482589,41.156145],[28.482541,41.156351],[28.482386,41.156581],[28.482297,41.156694],[28.482166,41.157078],[28.481923,41.157397],[28.481617,41.157729],[28.481315,41.158072],[28.481077,41.158342],[28.48101,41.1586],[28.480935,41.158944],[28.480829,41.159418],[28.480751,41.160279],[28.480712,41.161111],[28.480841,41.161412],[28.480773,41.161835],[28.480748,41.16209],[28.480951,41.162693],[28.480988,41.163051],[28.481016,41.163221],[28.480946,41.163266],[28.48068,41.163472],[28.480435,41.163672],[28.480163,41.163977],[28.479968,41.164134],[28.479399,41.164592],[28.479104,41.164822],[28.47891,41.164925],[28.478548,41.165046],[28.478386,41.165552],[28.478309,41.165878],[28.478081,41.166199],[28.477839,41.166463],[28.477383,41.166938],[28.476803,41.166622],[28.476773,41.16672],[28.476698,41.16728],[28.47666,41.167529],[28.476629,41.167618],[28.476462,41.167977],[28.476188,41.168552],[28.475891,41.169238],[28.475766,41.16952],[28.475753,41.169539],[28.475566,41.169336],[28.475415,41.16901],[28.475342,41.168963],[28.47491,41.169503],[28.474588,41.169963],[28.474208,41.170494],[28.473873,41.170988],[28.473534,41.171606],[28.473374,41.171925],[28.473299,41.172377],[28.473365,41.172622],[28.473327,41.172959],[28.47329,41.173179],[28.473076,41.173998],[28.47288,41.174625],[28.47283,41.174898],[28.472709,41.17574],[28.472709,41.176047],[28.472737,41.176398],[28.472768,41.176866],[28.472819,41.177288],[28.472901,41.177826],[28.473179,41.178831],[28.47328,41.179236],[28.473357,41.179619],[28.473412,41.179878],[28.473422,41.179977],[28.473499,41.180175],[28.473713,41.180591],[28.473901,41.180954],[28.474017,41.181367],[28.473971,41.18144],[28.473969,41.181446],[28.473979,41.181459],[28.474177,41.181852],[28.474239,41.182096],[28.474459,41.182634],[28.474631,41.182975],[28.474759,41.183293],[28.474982,41.183688],[28.475188,41.184003],[28.475389,41.183915],[28.475628,41.183792],[28.475699,41.183761],[28.475943,41.183657],[28.476336,41.183521],[28.476548,41.183429],[28.476828,41.183321],[28.477094,41.183224],[28.477399,41.183126],[28.477565,41.183075],[28.477812,41.182978],[28.478128,41.182844],[28.478525,41.182671],[28.478902,41.182513],[28.479153,41.182397],[28.47934,41.182273],[28.479511,41.182127],[28.479679,41.18198],[28.479879,41.18181],[28.479889,41.181956],[28.479909,41.182059],[28.479948,41.182179],[28.480027,41.182367],[28.480113,41.182585],[28.480164,41.182739],[28.480227,41.18294],[28.480282,41.183196],[28.480332,41.183391],[28.480334,41.183606],[28.480329,41.183976],[28.480294,41.184516],[28.480308,41.184886],[28.480317,41.185051],[28.480319,41.185091],[28.480347,41.185249],[28.4804,41.185481],[28.480429,41.185638],[28.48047,41.18593],[28.48053,41.186425],[28.480597,41.18713],[28.480604,41.187673],[28.480597,41.188396],[28.480593,41.188727],[28.481171,41.188786],[28.481449,41.188784],[28.48182,41.188736],[28.482131,41.188674],[28.482502,41.18854],[28.482614,41.188524],[28.482737,41.189461],[28.482819,41.190253],[28.482868,41.190696],[28.482876,41.190902],[28.482893,41.191028],[28.483167,41.190965],[28.483504,41.190883],[28.483734,41.190828],[28.483894,41.190952],[28.483926,41.191145],[28.483971,41.191379],[28.484037,41.191738],[28.484117,41.192115],[28.484135,41.192211],[28.484148,41.192336],[28.484156,41.192624],[28.484196,41.192687],[28.484386,41.193108],[28.484659,41.193563],[28.48479,41.193769],[28.48489,41.19397],[28.485037,41.194369],[28.485162,41.194776],[28.485296,41.195164],[28.485364,41.195358],[28.485429,41.195607],[28.485465,41.195781],[28.485579,41.196029],[28.485607,41.196453],[28.485718,41.196676],[28.485763,41.19677],[28.485987,41.196909],[28.486261,41.197507],[28.486338,41.197786],[28.486425,41.19794],[28.486705,41.198237],[28.487009,41.198719],[28.48723,41.199055],[28.487251,41.199392],[28.487394,41.199892],[28.487441,41.199809],[28.487569,41.199577],[28.487755,41.199246],[28.487914,41.198958],[28.487994,41.198815],[28.488294,41.19828],[28.488514,41.197987],[28.488648,41.197826],[28.488734,41.19768],[28.488912,41.197351],[28.489353,41.197284],[28.489868,41.19721],[28.490026,41.197188],[28.490401,41.197105],[28.4909,41.197027],[28.490997,41.196996],[28.49145,41.196861],[28.492255,41.196377],[28.492432,41.196329],[28.492815,41.196221],[28.493367,41.196045],[28.493674,41.196011],[28.494311,41.195873],[28.494673,41.195773],[28.494885,41.195715],[28.494988,41.195616],[28.495274,41.195461],[28.495573,41.195304],[28.495951,41.19507],[28.496262,41.19488],[28.496503,41.194785],[28.496682,41.194755],[28.496965,41.194751],[28.497369,41.194769],[28.49756,41.194769],[28.49759,41.195008],[28.497629,41.195199],[28.497676,41.195457],[28.497721,41.195648],[28.497781,41.195905],[28.498302,41.195924],[28.498909,41.195934],[28.49925,41.19594],[28.499576,41.195982],[28.50011,41.196038],[28.50054,41.196084],[28.50096,41.196127],[28.501287,41.196166],[28.50135,41.196195],[28.501621,41.196319],[28.501782,41.196395],[28.502071,41.196566],[28.502205,41.196636],[28.502418,41.19675],[28.502639,41.196869],[28.502979,41.197042],[28.503095,41.197094],[28.503385,41.197207],[28.503448,41.19724],[28.503563,41.197332],[28.503869,41.197476],[28.50408,41.19757],[28.504465,41.197735],[28.50467,41.197823],[28.504883,41.197962],[28.504968,41.198074],[28.505051,41.198165],[28.505075,41.198178],[28.505244,41.19824],[28.505349,41.198316],[28.505542,41.198475],[28.505647,41.198549],[28.505985,41.198809],[28.506207,41.198985],[28.506584,41.199281],[28.506916,41.199535],[28.507201,41.199764],[28.507547,41.199998],[28.507938,41.20026],[28.508188,41.200416],[28.508424,41.20044],[28.508639,41.200456],[28.508902,41.200605],[28.509294,41.200831],[28.509622,41.201026],[28.509763,41.201157],[28.509899,41.201283],[28.510024,41.201401],[28.509901,41.201794],[28.509849,41.202001],[28.509767,41.202286],[28.509695,41.20251],[28.509604,41.202781],[28.509567,41.202927],[28.509959,41.202978],[28.510282,41.202954],[28.510314,41.202786],[28.510344,41.202697]]]}},{"type":"Feature","properties":{"id":"TR-Y-34-015-M-0022","level":"yerlesim","type":"mahalle","parent_id":"TR-D-34-015","province_id":"TR-P-34","district_id":"TR-D-34-015","name":"Kabakça","source_raw_name":"KABAKÇA","source":"Kullanıcı tarafından sağlanan KML","source_label":"Kullanıcı tarafından sağlanan KML","source_name":"Istanbul Mahalle KML"},"geometry":{"type":"Polygon","coordinates":[[[28.390701,41.284335],[28.390882,41.284324],[28.390965,41.284342],[28.391043,41.284366],[28.391409,41.284524],[28.391737,41.284598],[28.39216,41.284601],[28.392402,41.284574],[28.392491,41.284549],[28.392749,41.28443],[28.392979,41.284377],[28.393424,41.284383],[28.393727,41.284397],[28.39392,41.284416],[28.39403,41.284431],[28.394349,41.284505],[28.39493,41.284705],[28.395344,41.284852],[28.395707,41.284936],[28.396091,41.284989],[28.39629,41.284983],[28.396552,41.28494],[28.396627,41.284936],[28.396629,41.284936],[28.396948,41.284922],[28.39723,41.28491],[28.397376,41.284936],[28.39751,41.284985],[28.397654,41.285081],[28.397858,41.285249],[28.398023,41.285338],[28.398199,41.285403],[28.398478,41.285486],[28.398748,41.285529],[28.398945,41.285579],[28.399174,41.285598],[28.399342,41.285561],[28.399095,41.284991],[28.398687,41.284623],[28.398624,41.284221],[28.398195,41.28383],[28.398006,41.283465],[28.397329,41.283015],[28.397267,41.282558],[28.397128,41.282281],[28.396906,41.281947],[28.396911,41.281774],[28.39707,41.281659],[28.39724,41.281543],[28.397179,41.281463],[28.396939,41.281491],[28.396718,41.281551],[28.396551,41.281549],[28.396367,41.281413],[28.396052,41.28107],[28.395827,41.28087],[28.395829,41.280784],[28.396088,41.280465],[28.396079,41.280386],[28.395829,41.280375],[28.395494,41.280417],[28.395224,41.280398],[28.395006,41.280355],[28.394634,41.280185],[28.394265,41.279928],[28.394155,41.279745],[28.393918,41.279215],[28.393678,41.278763],[28.393682,41.278629],[28.393767,41.278536],[28.393895,41.278428],[28.393648,41.278283],[28.393559,41.278093],[28.393533,41.27788],[28.393419,41.27743],[28.393406,41.277131],[28.393432,41.276887],[28.393489,41.276715],[28.393471,41.276581],[28.393404,41.27636],[28.393427,41.276242],[28.393533,41.276181],[28.393786,41.276066],[28.39429,41.275924],[28.394585,41.275802],[28.394587,41.275723],[28.394296,41.275688],[28.393546,41.275646],[28.39336,41.275604],[28.393238,41.275468],[28.393212,41.275232],[28.392995,41.274718],[28.392878,41.274386],[28.392851,41.274236],[28.392845,41.274055],[28.39289,41.273922],[28.392956,41.273781],[28.392875,41.273662],[28.392869,41.273489],[28.392918,41.27319],[28.392941,41.272687],[28.392897,41.272364],[28.392913,41.272128],[28.393014,41.271838],[28.393032,41.27154],[28.393048,41.271312],[28.393146,41.271116],[28.393285,41.271008],[28.393245,41.270921],[28.393049,41.270816],[28.392939,41.270634],[28.39277,41.270309],[28.392729,41.269844],[28.392842,41.269491],[28.392954,41.269163],[28.393267,41.268758],[28.393448,41.268587],[28.393473,41.26843],[28.393417,41.268146],[28.393362,41.267854],[28.393534,41.267652],[28.393686,41.26741],[28.393754,41.267175],[28.393761,41.266892],[28.393821,41.266571],[28.3937,41.266388],[28.393655,41.266112],[28.39359,41.265765],[28.39296,41.265095],[28.392833,41.264771],[28.392853,41.264378],[28.392898,41.263796],[28.393047,41.263263],[28.393062,41.262658],[28.393145,41.262242],[28.392868,41.261616],[28.392434,41.260611],[28.392018,41.260157],[28.391965,41.259779],[28.392361,41.259367],[28.392567,41.259024],[28.392877,41.258727],[28.392888,41.257854],[28.392892,41.256816],[28.393593,41.255457],[28.394325,41.255372],[28.394765,41.255276],[28.394854,41.255057],[28.395044,41.254509],[28.395119,41.25403],[28.395324,41.253726],[28.395663,41.253495],[28.396127,41.253289],[28.396447,41.253002],[28.396712,41.252841],[28.397027,41.252735],[28.396872,41.252237],[28.396359,41.251475],[28.396036,41.251046],[28.395801,41.250869],[28.395841,41.250508],[28.395731,41.25031],[28.395762,41.249901],[28.395309,41.249249],[28.395355,41.249061],[28.395673,41.248405],[28.395387,41.247764],[28.395262,41.246889],[28.395457,41.246584],[28.395019,41.246161],[28.395248,41.245779],[28.395321,41.245355],[28.396171,41.244576],[28.396409,41.243471],[28.396738,41.242716],[28.396934,41.242513],[28.39756,41.241867],[28.397396,41.241411],[28.397271,41.240862],[28.396929,41.24018],[28.398079,41.239243],[28.398253,41.238605],[28.398242,41.238282],[28.398186,41.238234],[28.398118,41.238143],[28.39802,41.237989],[28.397987,41.237902],[28.398052,41.237777],[28.398228,41.237574],[28.398268,41.237405],[28.398243,41.236997],[28.398242,41.236655],[28.39814,41.236348],[28.398089,41.236248],[28.397907,41.23598],[28.397754,41.235768],[28.397674,41.235628],[28.397489,41.23525],[28.397395,41.23497],[28.397372,41.23482],[28.397307,41.234624],[28.397299,41.234391],[28.397241,41.234261],[28.397048,41.233883],[28.396897,41.233592],[28.396889,41.233567],[28.396848,41.233426],[28.396761,41.233212],[28.396683,41.232969],[28.396565,41.232765],[28.396468,41.232604],[28.396403,41.232397],[28.396408,41.232182],[28.396453,41.231973],[28.396488,41.231801],[28.396482,41.231661],[28.396431,41.231438],[28.396364,41.231262],[28.396272,41.231078],[28.396166,41.230917],[28.396064,41.230779],[28.395919,41.230416],[28.395764,41.230118],[28.395636,41.229788],[28.39554,41.229551],[28.395443,41.229383],[28.395284,41.229228],[28.395112,41.229097],[28.394982,41.229002],[28.394797,41.228843],[28.39473,41.22871],[28.394604,41.228472],[28.394504,41.228255],[28.394377,41.228047],[28.394188,41.227842],[28.394022,41.227641],[28.393826,41.227396],[28.393639,41.227108],[28.393477,41.226893],[28.393296,41.226585],[28.393191,41.226385],[28.393209,41.226176],[28.393223,41.225987],[28.393169,41.225857],[28.393059,41.225686],[28.392906,41.225445],[28.392915,41.225252],[28.392907,41.225056],[28.392828,41.224859],[28.392768,41.22464],[28.392714,41.224506],[28.392605,41.224295],[28.392507,41.224171],[28.392397,41.223981],[28.392323,41.22377],[28.392301,41.223581],[28.392267,41.223345],[28.39221,41.223171],[28.392129,41.223064],[28.391827,41.222837],[28.391607,41.222668],[28.391435,41.222527],[28.391197,41.222344],[28.389849,41.221708],[28.389456,41.219901],[28.389887,41.219309],[28.388892,41.217391],[28.388213,41.216634],[28.387371,41.214852],[28.386206,41.212607],[28.385555,41.211682],[28.384086,41.212299],[28.383365,41.211359],[28.383157,41.211241],[28.382231,41.21052],[28.381179,41.209709],[28.380621,41.209276],[28.380232,41.208886],[28.379943,41.208718],[28.378931,41.207455],[28.378512,41.207348],[28.378546,41.207171],[28.378395,41.207107],[28.378271,41.206915],[28.378185,41.206839],[28.378091,41.206846],[28.377949,41.206902],[28.377833,41.206834],[28.377842,41.206732],[28.37795,41.206618],[28.378092,41.20655],[28.378135,41.206475],[28.378138,41.206342],[28.378206,41.206215],[28.378185,41.206135],[28.378154,41.205962],[28.378232,41.205875],[28.378374,41.205837],[28.378516,41.205759],[28.378591,41.205596],[28.378704,41.205527],[28.378887,41.205472],[28.379239,41.205424],[28.379334,41.205377],[28.379408,41.205245],[28.37941,41.205148],[28.379396,41.204997],[28.37935,41.204753],[28.37927,41.204637],[28.379114,41.204559],[28.379034,41.204501],[28.378947,41.204464],[28.378841,41.204476],[28.378728,41.204554],[28.378567,41.204662],[28.378496,41.204675],[28.378417,41.204549],[28.378234,41.204361],[28.378136,41.204293],[28.378132,41.20424],[28.378204,41.204153],[28.378276,41.204074],[28.378249,41.203994],[28.378193,41.2039],[28.378282,41.203853],[28.378312,41.203805],[28.378251,41.203702],[28.378265,41.203591],[28.378326,41.203513],[28.378426,41.20347],[28.378567,41.203472],[28.378648,41.203508],[28.378735,41.203558],[28.378812,41.203528],[28.378907,41.203477],[28.378972,41.203451],[28.379072,41.203408],[28.379122,41.203303],[28.379193,41.203277],[28.379239,41.2033],[28.379255,41.203384],[28.37933,41.203429],[28.379441,41.203431],[28.379548,41.203379],[28.379602,41.203305],[28.379705,41.203196],[28.379913,41.20307],[28.379647,41.202929],[28.379334,41.20277],[28.378869,41.202613],[28.378608,41.202503],[28.378529,41.202425],[28.378529,41.202425],[28.378282,41.202411],[28.377887,41.202165],[28.377769,41.202038],[28.377442,41.202072],[28.376859,41.202307],[28.376501,41.202785],[28.376298,41.203287],[28.376111,41.203942],[28.375766,41.20512],[28.375498,41.205409],[28.375143,41.205567],[28.374851,41.205586],[28.374557,41.205498],[28.374256,41.205401],[28.373941,41.205511],[28.373807,41.205961],[28.373982,41.206903],[28.374158,41.207824],[28.373956,41.20833],[28.37273,41.208887],[28.37155,41.209157],[28.371087,41.209086],[28.37079,41.209261],[28.370022,41.209293],[28.369742,41.209117],[28.369757,41.208909],[28.369447,41.208403],[28.3689,41.207943],[28.368438,41.207858],[28.367364,41.208775],[28.366913,41.209787],[28.36687,41.210367],[28.367282,41.210968],[28.367515,41.211467],[28.367358,41.212067],[28.366743,41.212424],[28.365208,41.212861],[28.364584,41.212809],[28.36332,41.213372],[28.363115,41.213233],[28.362441,41.213324],[28.362288,41.213738],[28.361445,41.214135],[28.360743,41.214569],[28.360339,41.215195],[28.3597,41.215774],[28.359279,41.215947],[28.358931,41.216222],[28.358617,41.216676],[28.358458,41.217341],[28.357863,41.218423],[28.357479,41.218731],[28.354459,41.220517],[28.352175,41.221889],[28.351139,41.223453],[28.349706,41.225998],[28.349527,41.226589],[28.349452,41.226774],[28.349337,41.227123],[28.349313,41.227387],[28.349406,41.227862],[28.349429,41.228123],[28.349451,41.228622],[28.349263,41.229423],[28.348643,41.231267],[28.348032,41.232939],[28.347517,41.233748],[28.347128,41.234259],[28.346402,41.234996],[28.346351,41.23522],[28.34643,41.235474],[28.346617,41.235718],[28.346705,41.235906],[28.346921,41.237029],[28.347099,41.238503],[28.347087,41.238767],[28.347012,41.238886],[28.346893,41.23896],[28.346739,41.238998],[28.346138,41.239012],[28.345769,41.238994],[28.345552,41.238981],[28.345356,41.239001],[28.34486,41.239184],[28.344209,41.239498],[28.344078,41.23961],[28.344088,41.239689],[28.34416,41.239758],[28.344365,41.239878],[28.344474,41.239992],[28.344533,41.240147],[28.344383,41.240697],[28.344539,41.240873],[28.344556,41.240976],[28.344513,41.241058],[28.344328,41.241188],[28.344164,41.241192],[28.343948,41.241175],[28.343702,41.24113],[28.343505,41.241117],[28.343361,41.24116],[28.34329,41.241287],[28.343336,41.241405],[28.343473,41.241509],[28.343793,41.241628],[28.343793,41.241628],[28.344483,41.24201],[28.345084,41.241736],[28.345563,41.241341],[28.345874,41.24131],[28.346332,41.241489],[28.346992,41.242078],[28.346945,41.242316],[28.347167,41.242554],[28.347285,41.242999],[28.347276,41.243339],[28.347138,41.243704],[28.347667,41.244137],[28.348814,41.244003],[28.349444,41.2441],[28.350433,41.244199],[28.350834,41.245271],[28.353004,41.24501],[28.353884,41.244992],[28.354758,41.245208],[28.354979,41.245525],[28.355662,41.245871],[28.356422,41.245019],[28.357188,41.244871],[28.357808,41.244694],[28.358176,41.244535],[28.359223,41.244386],[28.359557,41.2444],[28.360056,41.243916],[28.360793,41.244196],[28.361525,41.244477],[28.361241,41.244954],[28.361343,41.245427],[28.361767,41.246011],[28.36169,41.246263],[28.361097,41.246863],[28.361156,41.2473],[28.36196,41.247654],[28.362457,41.247797],[28.363119,41.247883],[28.36358,41.247925],[28.364205,41.247928],[28.364786,41.247818],[28.365572,41.247977],[28.366109,41.248079],[28.36645,41.248201],[28.366968,41.248445],[28.367157,41.248695],[28.367171,41.249067],[28.367022,41.249726],[28.367188,41.250254],[28.367396,41.250717],[28.367563,41.250974],[28.367948,41.251427],[28.368456,41.25183],[28.368916,41.252153],[28.369339,41.252386],[28.369753,41.252603],[28.370237,41.252886],[28.370663,41.253125],[28.37096,41.25347],[28.371059,41.253737],[28.371278,41.254351],[28.371467,41.254765],[28.371469,41.255155],[28.371447,41.255597],[28.371583,41.255776],[28.371806,41.256018],[28.372163,41.256284],[28.372504,41.256484],[28.372774,41.256687],[28.372954,41.257012],[28.372937,41.257437],[28.37316,41.25767],[28.373436,41.257922],[28.373524,41.258127],[28.373516,41.258454],[28.373406,41.258864],[28.373273,41.259252],[28.373084,41.259811],[28.372892,41.260211],[28.372799,41.260395],[28.372614,41.260557],[28.372457,41.260736],[28.372422,41.26093],[28.372239,41.261215],[28.372067,41.261553],[28.371868,41.261763],[28.371583,41.261905],[28.371275,41.262025],[28.371014,41.262154],[28.370866,41.262218],[28.370737,41.262181],[28.370631,41.262215],[28.370505,41.262315],[28.370414,41.262473],[28.370345,41.262613],[28.370167,41.262704],[28.370026,41.262711],[28.369782,41.262636],[28.369531,41.26258],[28.369389,41.262622],[28.369264,41.262695],[28.369058,41.262737],[28.368848,41.262685],[28.368515,41.262645],[28.36825,41.262681],[28.367931,41.262778],[28.367434,41.262948],[28.36705,41.263062],[28.366952,41.26377],[28.36777,41.264127],[28.368721,41.264552],[28.370068,41.265337],[28.369791,41.266103],[28.370058,41.267654],[28.371034,41.26797],[28.371135,41.268097],[28.370935,41.268567],[28.371036,41.269142],[28.371379,41.270013],[28.371639,41.270449],[28.372528,41.270768],[28.372986,41.270798],[28.373336,41.27056],[28.373849,41.270576],[28.374286,41.270876],[28.374466,41.270899],[28.375359,41.270765],[28.376124,41.270776],[28.376646,41.271046],[28.377088,41.271692],[28.377761,41.272037],[28.378385,41.272675],[28.37978,41.273041],[28.3803,41.273384],[28.380933,41.273665],[28.381218,41.273942],[28.381227,41.274152],[28.381128,41.274759],[28.380984,41.274967],[28.380934,41.275302],[28.380925,41.275669],[28.381129,41.27584],[28.381335,41.275937],[28.381359,41.276105],[28.381158,41.276344],[28.381471,41.276652],[28.38149,41.276999],[28.381655,41.277085],[28.381697,41.277631],[28.381308,41.27815],[28.381631,41.278595],[28.381513,41.278877],[28.381659,41.279162],[28.381959,41.279407],[28.38174,41.279803],[28.381862,41.279941],[28.381906,41.280424],[28.382444,41.281166],[28.383034,41.281479],[28.383081,41.281825],[28.383433,41.282795],[28.383979,41.283212],[28.384567,41.283609],[28.38664,41.284687],[28.387843,41.286109],[28.388151,41.285836],[28.388233,41.285744],[28.38837,41.285547],[28.388496,41.285409],[28.388649,41.285285],[28.38897,41.285107],[28.389473,41.284865],[28.389772,41.284714],[28.390067,41.284545],[28.39036,41.28442],[28.390586,41.284357],[28.390701,41.284335]]]}},{"type":"Feature","properties":{"id":"TR-Y-34-015-M-0023","level":"yerlesim","type":"mahalle","parent_id":"TR-D-34-015","province_id":"TR-P-34","district_id":"TR-D-34-015","name":"Kaleiçi","source_raw_name":"KALEİÇİ","source":"Kullanıcı tarafından sağlanan KML","source_label":"Kullanıcı tarafından sağlanan KML","source_name":"Istanbul Mahalle KML"},"geometry":{"type":"Polygon","coordinates":[[[28.454692,41.189093],[28.454854,41.189077],[28.454977,41.189088],[28.455277,41.189192],[28.455757,41.18936],[28.455915,41.189398],[28.45605,41.189409],[28.456208,41.18938],[28.456401,41.189313],[28.456503,41.189245],[28.45656,41.189206],[28.456689,41.189082],[28.456726,41.188942],[28.456742,41.188798],[28.456721,41.188637],[28.456644,41.188442],[28.45661,41.188336],[28.456578,41.188171],[28.456497,41.188011],[28.456345,41.187793],[28.456296,41.187692],[28.456238,41.187509],[28.456124,41.187312],[28.456084,41.187178],[28.456109,41.187012],[28.456137,41.186865],[28.456202,41.186745],[28.456303,41.186582],[28.456346,41.186384],[28.456382,41.18622],[28.456392,41.185983],[28.456427,41.185817],[28.456463,41.185516],[28.456496,41.185372],[28.456562,41.185251],[28.456661,41.185135],[28.456855,41.185015],[28.457074,41.184923],[28.457366,41.184854],[28.457631,41.184792],[28.457758,41.184752],[28.457994,41.184567],[28.458097,41.184413],[28.458194,41.184199],[28.458288,41.183996],[28.458394,41.183782],[28.458557,41.183537],[28.458635,41.18342],[28.458681,41.183312],[28.458725,41.183165],[28.458709,41.182942],[28.458755,41.182281],[28.45871,41.181978],[28.458686,41.18186],[28.458535,41.181522],[28.458375,41.181105],[28.458286,41.180898],[28.458171,41.180651],[28.458562,41.180567],[28.458896,41.180636],[28.459435,41.180738],[28.459637,41.180775],[28.459905,41.180817],[28.4601,41.180834],[28.460568,41.180859],[28.460996,41.180877],[28.461423,41.180879],[28.461827,41.180883],[28.462437,41.180935],[28.463002,41.180981],[28.463549,41.181032],[28.463581,41.181032],[28.463728,41.180528],[28.464313,41.180633],[28.464679,41.1807],[28.465211,41.180773],[28.465369,41.180521],[28.465543,41.180229],[28.465691,41.179987],[28.465943,41.179866],[28.466143,41.179772],[28.466604,41.179612],[28.466831,41.179514],[28.466872,41.179502],[28.46707,41.179496],[28.467494,41.179483],[28.467927,41.179465],[28.468407,41.179512],[28.468735,41.179545],[28.469189,41.179645],[28.469294,41.179666],[28.469468,41.179703],[28.469718,41.179754],[28.47002,41.179818],[28.470389,41.179895],[28.470507,41.17992],[28.470634,41.179962],[28.470716,41.17999],[28.471053,41.180134],[28.471148,41.180171],[28.471351,41.180248],[28.47174,41.180399],[28.47238,41.180588],[28.472518,41.180619],[28.473159,41.180781],[28.473547,41.180993],[28.473968,41.181444],[28.473969,41.181446],[28.473971,41.18144],[28.474017,41.181367],[28.473901,41.180954],[28.473713,41.180591],[28.473499,41.180175],[28.473422,41.179977],[28.473412,41.179878],[28.473357,41.179619],[28.47328,41.179236],[28.473179,41.178831],[28.472901,41.177826],[28.472819,41.177288],[28.472768,41.176866],[28.472737,41.176398],[28.472709,41.176047],[28.472709,41.17574],[28.47283,41.174898],[28.47288,41.174625],[28.473076,41.173998],[28.47329,41.173179],[28.473327,41.172959],[28.473365,41.172622],[28.473299,41.172377],[28.473374,41.171925],[28.473534,41.171606],[28.473873,41.170988],[28.474208,41.170494],[28.474588,41.169963],[28.47491,41.169503],[28.475342,41.168963],[28.475415,41.16901],[28.475566,41.169336],[28.475753,41.169539],[28.475766,41.16952],[28.475891,41.169238],[28.476188,41.168552],[28.476462,41.167977],[28.476629,41.167618],[28.47666,41.167529],[28.476698,41.16728],[28.476773,41.16672],[28.476803,41.166622],[28.477383,41.166938],[28.477839,41.166463],[28.478081,41.166199],[28.478309,41.165878],[28.478386,41.165552],[28.478548,41.165046],[28.47891,41.164925],[28.479104,41.164822],[28.479399,41.164592],[28.479968,41.164134],[28.480163,41.163977],[28.480435,41.163672],[28.48068,41.163472],[28.480946,41.163266],[28.481016,41.163221],[28.480988,41.163051],[28.480951,41.162693],[28.480748,41.16209],[28.480773,41.161835],[28.480841,41.161412],[28.480712,41.161111],[28.480751,41.160279],[28.480829,41.159418],[28.480935,41.158944],[28.48101,41.1586],[28.481077,41.158342],[28.481315,41.158072],[28.481617,41.157729],[28.481923,41.157397],[28.482166,41.157078],[28.482297,41.156694],[28.482386,41.156581],[28.482541,41.156351],[28.482589,41.156145],[28.482655,41.155864],[28.482744,41.155567],[28.482835,41.155218],[28.482956,41.154947],[28.483051,41.154703],[28.483143,41.154505],[28.483278,41.154295],[28.483411,41.154186],[28.483414,41.154184],[28.483307,41.154093],[28.483085,41.153933],[28.482878,41.153765],[28.482678,41.153607],[28.482433,41.153417],[28.48218,41.153203],[28.48193,41.153013],[28.481712,41.152851],[28.481393,41.152613],[28.481032,41.152345],[28.480894,41.152233],[28.480649,41.152047],[28.480383,41.151837],[28.48002,41.151566],[28.479884,41.151474],[28.479757,41.151443],[28.479661,41.15144],[28.479569,41.151472],[28.479311,41.151638],[28.47899,41.151887],[28.47859,41.152206],[28.478447,41.152313],[28.4783,41.152362],[28.478198,41.152378],[28.478058,41.152374],[28.477915,41.152357],[28.477748,41.152276],[28.477561,41.152167],[28.477345,41.152044],[28.477126,41.151931],[28.476965,41.151855],[28.476858,41.151809],[28.476593,41.151717],[28.476197,41.151586],[28.475777,41.151452],[28.475178,41.151276],[28.474858,41.15118],[28.474506,41.151078],[28.474097,41.150942],[28.4735,41.150769],[28.472791,41.150547],[28.472089,41.150312],[28.471067,41.149982],[28.470423,41.149809],[28.469863,41.149715],[28.46962,41.149638],[28.469356,41.149549],[28.469016,41.149455],[28.468785,41.149378],[28.468659,41.149318],[28.468489,41.149239],[28.468272,41.149107],[28.468032,41.148925],[28.467876,41.148806],[28.467751,41.148736],[28.467611,41.148648],[28.467421,41.148544],[28.467211,41.148455],[28.466965,41.148365],[28.466799,41.148314],[28.466589,41.148216],[28.466339,41.148117],[28.466104,41.148043],[28.465845,41.147962],[28.465445,41.147828],[28.465061,41.147696],[28.464531,41.147501],[28.464087,41.14731],[28.463746,41.147096],[28.463555,41.146878],[28.463313,41.146591],[28.463117,41.146287],[28.462943,41.146056],[28.462872,41.145929],[28.462791,41.145743],[28.462706,41.145545],[28.462511,41.145357],[28.462279,41.145135],[28.462224,41.145079],[28.461971,41.144913],[28.461563,41.144562],[28.461392,41.144393],[28.461236,41.144274],[28.461059,41.144164],[28.460886,41.144072],[28.460628,41.143927],[28.460366,41.143794],[28.459983,41.143632],[28.459576,41.143423],[28.459185,41.143233],[28.458783,41.143021],[28.458485,41.142845],[28.458131,41.142646],[28.45775,41.142407],[28.457549,41.142265],[28.457872,41.142054],[28.458025,41.141951],[28.457983,41.14191],[28.457784,41.141649],[28.4577,41.14159],[28.45762,41.141621],[28.457477,41.141559],[28.457127,41.141402],[28.456854,41.141273],[28.456349,41.14104],[28.455956,41.140859],[28.455802,41.140786],[28.455646,41.140906],[28.455389,41.141067],[28.455175,41.141186],[28.45476,41.141282],[28.454441,41.141345],[28.454498,41.14111],[28.45459,41.140709],[28.454647,41.140493],[28.45441,41.140189],[28.454039,41.139701],[28.453681,41.139227],[28.453218,41.138611],[28.452785,41.138037],[28.452626,41.137813],[28.452591,41.136941],[28.452577,41.136241],[28.452541,41.135443],[28.452539,41.135145],[28.452508,41.134377],[28.452479,41.133517],[28.452477,41.133221],[28.452573,41.132791],[28.452719,41.132159],[28.452889,41.131417],[28.453033,41.130747],[28.453187,41.130063],[28.453377,41.12924],[28.453457,41.128982],[28.45346,41.128976],[28.452816,41.128827],[28.451595,41.128592],[28.450828,41.128428],[28.450594,41.128434],[28.449872,41.128732],[28.44885,41.129184],[28.448539,41.129329],[28.447904,41.130085],[28.446959,41.131242],[28.446002,41.132613],[28.445196,41.133814],[28.444702,41.134477],[28.444275,41.134781],[28.444184,41.134845],[28.443532,41.135568],[28.443411,41.135702],[28.443285,41.136031],[28.44297,41.13685],[28.442704,41.137655],[28.442312,41.137581],[28.441983,41.137583],[28.441448,41.1376],[28.441044,41.137645],[28.440598,41.137732],[28.440313,41.137779],[28.439885,41.137839],[28.439534,41.137863],[28.439083,41.137875],[28.438777,41.13789],[28.438297,41.137941],[28.437863,41.137972],[28.437421,41.138039],[28.437015,41.138052],[28.436515,41.138061],[28.436219,41.13812],[28.435992,41.138179],[28.435411,41.138434],[28.434945,41.138632],[28.434295,41.138964],[28.434073,41.139131],[28.433645,41.139618],[28.433283,41.140002],[28.433282,41.140005],[28.433047,41.140277],[28.432781,41.140572],[28.432613,41.140802],[28.432422,41.141238],[28.432219,41.141643],[28.431973,41.142045],[28.431719,41.142543],[28.43145,41.142994],[28.431078,41.143673],[28.430732,41.144072],[28.430156,41.144678],[28.428989,41.145134],[28.428319,41.14542],[28.427837,41.145679],[28.426556,41.146346],[28.4259,41.146679],[28.424265,41.14717],[28.422747,41.147622],[28.420729,41.147169],[28.420024,41.145944],[28.419208,41.145815],[28.418013,41.146795],[28.417463,41.147278],[28.416954,41.147672],[28.416715,41.147846],[28.41615,41.148003],[28.415522,41.148773],[28.415382,41.149745],[28.415219,41.15097],[28.415307,41.151561],[28.415418,41.152436],[28.415608,41.153625],[28.415438,41.154862],[28.414328,41.155555],[28.413512,41.156074],[28.410887,41.156764],[28.410259,41.156602],[28.40939,41.157676],[28.409219,41.159231],[28.40958,41.160133],[28.409018,41.161081],[28.408444,41.16125],[28.408756,41.162234],[28.409323,41.164155],[28.409594,41.164988],[28.4101,41.165886],[28.408909,41.166909],[28.408445,41.167305],[28.408435,41.167314],[28.408328,41.168587],[28.408036,41.169034],[28.407749,41.169517],[28.407502,41.170036],[28.407521,41.170244],[28.407691,41.170446],[28.407989,41.170494],[28.408602,41.17033],[28.408972,41.170269],[28.409464,41.17028],[28.410042,41.170376],[28.410274,41.170433],[28.410569,41.170614],[28.41071,41.171085],[28.410356,41.171408],[28.41009,41.171749],[28.410075,41.171913],[28.410273,41.172194],[28.410405,41.17232],[28.410539,41.172587],[28.410591,41.172862],[28.410971,41.173363],[28.411277,41.173553],[28.411501,41.173742],[28.411853,41.173964],[28.412225,41.174067],[28.412927,41.17432],[28.413336,41.174626],[28.413761,41.174747],[28.414078,41.174928],[28.415113,41.174518],[28.415475,41.174333],[28.41629,41.174295],[28.416952,41.17403],[28.417482,41.173705],[28.417895,41.173078],[28.418126,41.172736],[28.418445,41.17286],[28.418866,41.173131],[28.419115,41.173259],[28.419321,41.173686],[28.419352,41.174111],[28.419388,41.17425],[28.419438,41.174327],[28.419496,41.174498],[28.419538,41.174616],[28.419562,41.174741],[28.419575,41.174897],[28.419585,41.175121],[28.419563,41.175511],[28.419546,41.175619],[28.419498,41.175754],[28.419397,41.175962],[28.419356,41.176118],[28.419344,41.176183],[28.419314,41.176422],[28.419229,41.176779],[28.419187,41.176954],[28.41915,41.177081],[28.419139,41.177215],[28.419192,41.17727],[28.41929,41.177312],[28.419437,41.177357],[28.419577,41.177389],[28.41974,41.177423],[28.419902,41.17747],[28.420075,41.177551],[28.420179,41.177661],[28.420283,41.177837],[28.420373,41.178014],[28.420321,41.17812],[28.420284,41.1782],[28.420235,41.178389],[28.420163,41.178528],[28.420108,41.178647],[28.420076,41.178735],[28.420074,41.178817],[28.420085,41.178893],[28.420497,41.178897],[28.421039,41.178897],[28.421355,41.178905],[28.421772,41.178903],[28.422056,41.178907],[28.422346,41.178909],[28.422773,41.178908],[28.423003,41.178915],[28.423161,41.178911],[28.423435,41.178736],[28.423827,41.178455],[28.424103,41.178403],[28.424381,41.178362],[28.424493,41.178344],[28.424632,41.178333],[28.42481,41.178331],[28.424965,41.178321],[28.425243,41.178289],[28.425411,41.178267],[28.425686,41.178226],[28.425917,41.178179],[28.42604,41.178166],[28.42629,41.178152],[28.426468,41.178159],[28.426702,41.178163],[28.426949,41.178163],[28.427127,41.178146],[28.427293,41.178103],[28.42743,41.178048],[28.42757,41.177965],[28.427731,41.177846],[28.427875,41.177763],[28.42803,41.177725],[28.428172,41.177715],[28.428515,41.177707],[28.428773,41.17769],[28.428971,41.177651],[28.429226,41.177605],[28.42954,41.177569],[28.4299,41.177509],[28.430095,41.177487],[28.430399,41.177466],[28.430703,41.177438],[28.431066,41.177386],[28.43152,41.177382],[28.43178,41.177393],[28.431978,41.177383],[28.432232,41.177367],[28.43248,41.17735],[28.432809,41.17734],[28.43312,41.177324],[28.433528,41.17732],[28.434002,41.177326],[28.434388,41.177321],[28.434813,41.177322],[28.435301,41.177326],[28.43564,41.177326],[28.435918,41.177255],[28.436038,41.177234],[28.436351,41.177272],[28.436637,41.177325],[28.436724,41.178353],[28.436836,41.178584],[28.436861,41.178979],[28.437218,41.180245],[28.43728,41.180321],[28.437354,41.180693],[28.437139,41.181323],[28.43718,41.18182],[28.437207,41.182431],[28.436725,41.182999],[28.436593,41.183617],[28.436475,41.184067],[28.436629,41.184696],[28.43663,41.184698],[28.436831,41.184724],[28.437177,41.184789],[28.43748,41.184855],[28.43766,41.184925],[28.437819,41.185035],[28.437952,41.185267],[28.438027,41.185447],[28.438182,41.185619],[28.438415,41.185784],[28.438637,41.185899],[28.438849,41.18594],[28.439149,41.185872],[28.439565,41.18563],[28.439906,41.185513],[28.440114,41.185467],[28.440275,41.185462],[28.440378,41.185471],[28.440597,41.185605],[28.440739,41.185738],[28.440804,41.185866],[28.440814,41.185993],[28.440889,41.186069],[28.441079,41.18623],[28.441166,41.186353],[28.441253,41.186505],[28.441292,41.186759],[28.441517,41.187195],[28.441736,41.187464],[28.441922,41.187619],[28.44213,41.187681],[28.442339,41.187732],[28.442586,41.187755],[28.442806,41.187724],[28.443076,41.18763],[28.44328,41.187587],[28.44347,41.187577],[28.443634,41.187609],[28.444078,41.187773],[28.444529,41.188039],[28.44473,41.18814],[28.445155,41.188279],[28.445716,41.18844],[28.446427,41.188623],[28.446672,41.18875],[28.446747,41.188853],[28.44673,41.189004],[28.446588,41.189443],[28.446331,41.189795],[28.446298,41.190116],[28.446318,41.19036],[28.446397,41.190587],[28.446806,41.191123],[28.447117,41.19161],[28.447256,41.191719],[28.447479,41.191855],[28.44775,41.191978],[28.447926,41.192027],[28.448183,41.192057],[28.448574,41.192009],[28.449011,41.19192],[28.449519,41.191829],[28.44992,41.191806],[28.45029,41.191798],[28.450462,41.191781],[28.450899,41.191692],[28.451607,41.191478],[28.45225,41.19124],[28.45256,41.191098],[28.452834,41.190891],[28.45325,41.190571],[28.453382,41.190443],[28.453545,41.190166],[28.453655,41.189917],[28.453702,41.189787],[28.453787,41.189554],[28.453846,41.189423],[28.45392,41.189328],[28.454043,41.189262],[28.454218,41.189202],[28.454493,41.189129],[28.454692,41.189093]]]}},{"type":"Feature","properties":{"id":"TR-Y-34-015-M-0024","level":"yerlesim","type":"mahalle","parent_id":"TR-D-34-015","province_id":"TR-P-34","district_id":"TR-D-34-015","name":"Kalfa","source_raw_name":"KALFA","source":"Kullanıcı tarafından sağlanan KML","source_label":"Kullanıcı tarafından sağlanan KML","source_name":"Istanbul Mahalle KML"},"geometry":{"type":"Polygon","coordinates":[[[28.44783,41.308955],[28.447717,41.308702],[28.447468,41.308196],[28.447143,41.307539],[28.447101,41.307042],[28.446841,41.306454],[28.446401,41.306194],[28.44749,41.306132],[28.449426,41.306011],[28.450782,41.305923],[28.45325,41.305761],[28.454805,41.305646],[28.454959,41.304873],[28.455178,41.30377],[28.455336,41.303568],[28.455767,41.303459],[28.455751,41.303136],[28.456633,41.303068],[28.45802,41.302963],[28.458497,41.303137],[28.458927,41.303272],[28.458946,41.303216],[28.458955,41.303131],[28.458982,41.303043],[28.459025,41.302935],[28.459074,41.30287],[28.459137,41.302796],[28.459226,41.30273],[28.459322,41.302669],[28.459415,41.302628],[28.459416,41.302628],[28.459483,41.302599],[28.459688,41.302535],[28.459913,41.302469],[28.460073,41.302431],[28.460182,41.302401],[28.460312,41.302352],[28.460446,41.302308],[28.460548,41.302258],[28.460619,41.302214],[28.460711,41.302149],[28.460789,41.302082],[28.460876,41.301997],[28.460942,41.301925],[28.461021,41.301839],[28.461116,41.301736],[28.461356,41.301463],[28.4615,41.301308],[28.461681,41.301109],[28.461849,41.300933],[28.462093,41.300663],[28.462274,41.300472],[28.462478,41.300255],[28.462662,41.300066],[28.462834,41.299875],[28.46299,41.29971],[28.463188,41.299485],[28.463341,41.299315],[28.463495,41.299142],[28.463692,41.298919],[28.463865,41.298725],[28.463963,41.298617],[28.464084,41.29849],[28.464187,41.298402],[28.46432,41.298324],[28.464457,41.298271],[28.464726,41.298195],[28.464973,41.298143],[28.465323,41.298074],[28.465581,41.298016],[28.465781,41.297974],[28.466023,41.297921],[28.466324,41.297852],[28.466493,41.297818],[28.466904,41.297732],[28.467206,41.297668],[28.467462,41.297615],[28.467721,41.297558],[28.467912,41.297522],[28.468275,41.297451],[28.468572,41.297404],[28.468745,41.297365],[28.468945,41.297293],[28.469171,41.297194],[28.469362,41.297089],[28.469536,41.296971],[28.469727,41.296821],[28.46982,41.296727],[28.469937,41.296592],[28.470006,41.296495],[28.470072,41.296359],[28.47009,41.296307],[28.470128,41.296175],[28.470141,41.296038],[28.470156,41.295849],[28.470157,41.295842],[28.47016,41.295689],[28.470167,41.295496],[28.470152,41.295332],[28.470129,41.295129],[28.470067,41.294984],[28.469991,41.294816],[28.46978,41.294405],[28.469668,41.29415],[28.469574,41.293943],[28.469474,41.293766],[28.469393,41.293524],[28.469369,41.293338],[28.469362,41.293255],[28.469395,41.293037],[28.469487,41.292813],[28.469539,41.292683],[28.469617,41.292485],[28.469638,41.292332],[28.469664,41.292196],[28.469699,41.291953],[28.469728,41.291717],[28.469756,41.29148],[28.469791,41.291249],[28.469823,41.291013],[28.469849,41.29076],[28.469881,41.290402],[28.46989,41.290288],[28.469771,41.290204],[28.469671,41.290133],[28.469578,41.290048],[28.469492,41.289933],[28.469388,41.289768],[28.469289,41.289638],[28.469146,41.289454],[28.469037,41.289306],[28.468931,41.289156],[28.468794,41.288975],[28.46871,41.288848],[28.468574,41.288675],[28.468506,41.288582],[28.468412,41.288473],[28.468323,41.288368],[28.468213,41.288246],[28.46811,41.28811],[28.467937,41.287919],[28.467776,41.287715],[28.467693,41.287614],[28.467558,41.287431],[28.467419,41.287269],[28.467157,41.286949],[28.466912,41.286655],[28.466715,41.286435],[28.466496,41.286179],[28.466278,41.285904],[28.466053,41.285582],[28.465845,41.285238],[28.465706,41.284977],[28.46561,41.284743],[28.465478,41.28438],[28.465403,41.284206],[28.465289,41.284009],[28.465133,41.283711],[28.465018,41.283544],[28.464941,41.28343],[28.464703,41.283119],[28.464473,41.282827],[28.464359,41.282691],[28.464257,41.282557],[28.464019,41.282262],[28.463774,41.28197],[28.46251,41.280987],[28.46249,41.280611],[28.462438,41.280554],[28.462145,41.280388],[28.46197,41.280284],[28.461748,41.280146],[28.461668,41.280041],[28.461581,41.279843],[28.461509,41.279802],[28.461401,41.279763],[28.461306,41.279735],[28.461191,41.279708],[28.460964,41.279688],[28.460858,41.279677],[28.460724,41.279657],[28.46049,41.279647],[28.460361,41.279633],[28.460223,41.279611],[28.46004,41.279541],[28.459828,41.279426],[28.459675,41.27933],[28.459558,41.279268],[28.459467,41.27921],[28.459284,41.27915],[28.459019,41.27905],[28.458876,41.27896],[28.458711,41.278801],[28.458523,41.278645],[28.458307,41.27845],[28.458055,41.278223],[28.457997,41.27817],[28.457783,41.277977],[28.457661,41.277866],[28.457469,41.277714],[28.457308,41.277558],[28.457159,41.277444],[28.457013,41.27733],[28.456907,41.277229],[28.456762,41.27706],[28.456669,41.276959],[28.456516,41.276743],[28.456379,41.27654],[28.456181,41.276261],[28.456094,41.276148],[28.455941,41.275917],[28.455839,41.275756],[28.4558,41.275594],[28.455778,41.275421],[28.455755,41.275279],[28.455707,41.275072],[28.455674,41.274932],[28.455622,41.274762],[28.455563,41.274612],[28.455471,41.274434],[28.455372,41.274283],[28.455228,41.274112],[28.455077,41.273951],[28.454948,41.273795],[28.454895,41.273687],[28.454874,41.273605],[28.454808,41.273472],[28.45469,41.273264],[28.454599,41.273091],[28.454526,41.272953],[28.454478,41.272887],[28.454414,41.272792],[28.454325,41.272686],[28.454108,41.272489],[28.453877,41.272346],[28.453744,41.272275],[28.453574,41.272176],[28.453477,41.272125],[28.45338,41.272029],[28.453202,41.271899],[28.453014,41.271745],[28.452829,41.271613],[28.452585,41.271445],[28.452332,41.271295],[28.452058,41.271127],[28.451892,41.271033],[28.451716,41.270948],[28.451462,41.270823],[28.451191,41.270698],[28.450692,41.270483],[28.450425,41.27036],[28.450171,41.27018],[28.449843,41.269923],[28.449474,41.269644],[28.449319,41.269513],[28.449111,41.269125],[28.449078,41.268842],[28.449438,41.268114],[28.449623,41.267734],[28.44964,41.266815],[28.449956,41.266504],[28.450443,41.266146],[28.450632,41.266002],[28.450776,41.265858],[28.45087,41.265607],[28.450941,41.265213],[28.451002,41.264835],[28.45094,41.264692],[28.450811,41.264574],[28.450742,41.264318],[28.450718,41.264201],[28.450605,41.263961],[28.450421,41.263766],[28.450228,41.263557],[28.450133,41.263466],[28.44979,41.263253],[28.449718,41.262979],[28.449882,41.262743],[28.450188,41.262458],[28.450625,41.262188],[28.451022,41.261941],[28.451349,41.261511],[28.45149,41.261151],[28.451469,41.260733],[28.451043,41.260521],[28.450744,41.25995],[28.45095,41.25981],[28.451039,41.259605],[28.451172,41.259311],[28.451459,41.259005],[28.451886,41.258507],[28.452103,41.258245],[28.452523,41.257942],[28.452598,41.257885],[28.452726,41.257829],[28.452832,41.257741],[28.453117,41.257513],[28.453493,41.257205],[28.453647,41.257078],[28.453853,41.256844],[28.454155,41.256514],[28.454295,41.25636],[28.454742,41.25607],[28.454998,41.255903],[28.455025,41.255805],[28.455083,41.255652],[28.455414,41.255065],[28.455824,41.254365],[28.455984,41.253975],[28.456036,41.253739],[28.456036,41.253739],[28.456142,41.253598],[28.454958,41.253339],[28.453937,41.253365],[28.452593,41.253404],[28.452072,41.253127],[28.451414,41.253415],[28.450307,41.253595],[28.449853,41.25396],[28.449182,41.254327],[28.448798,41.254694],[28.448647,41.255121],[28.448082,41.255211],[28.447311,41.256033],[28.446904,41.256307],[28.446492,41.256669],[28.446043,41.256976],[28.44604,41.256977],[28.445353,41.25722],[28.44429,41.257499],[28.443897,41.257662],[28.443375,41.25798],[28.442379,41.258344],[28.44158,41.258637],[28.441109,41.258665],[28.441005,41.25862],[28.44082,41.258515],[28.440564,41.258397],[28.440415,41.25828],[28.440277,41.258145],[28.440146,41.257984],[28.440066,41.257886],[28.439863,41.257808],[28.439624,41.25776],[28.439261,41.257715],[28.439004,41.257685],[28.438769,41.257695],[28.438604,41.257702],[28.438274,41.257782],[28.437891,41.257865],[28.437662,41.257888],[28.437522,41.257864],[28.437264,41.25783],[28.436966,41.257808],[28.43669,41.257813],[28.436425,41.257858],[28.436208,41.257864],[28.436022,41.257804],[28.435795,41.257699],[28.435506,41.257541],[28.43532,41.257458],[28.435111,41.257389],[28.434925,41.257337],[28.434662,41.257314],[28.43431,41.257289],[28.434082,41.257269],[28.433872,41.257217],[28.433563,41.257106],[28.433357,41.257064],[28.433177,41.257045],[28.433046,41.257013],[28.432866,41.256981],[28.432663,41.257008],[28.4325,41.257036],[28.432248,41.257089],[28.431771,41.257172],[28.431298,41.257265],[28.430869,41.257349],[28.430566,41.257804],[28.430482,41.257945],[28.430403,41.258032],[28.430244,41.258151],[28.43007,41.258276],[28.429854,41.258426],[28.429589,41.258628],[28.4294,41.258793],[28.4292,41.258983],[28.429003,41.259141],[28.428817,41.259278],[28.428679,41.25936],[28.42856,41.259452],[28.428494,41.259548],[28.428423,41.259717],[28.428357,41.259864],[28.428272,41.260008],[28.428187,41.26016],[28.428158,41.260227],[28.428159,41.260399],[28.428136,41.260535],[28.428096,41.260667],[28.428041,41.260772],[28.427994,41.260882],[28.427914,41.261011],[28.427845,41.261108],[28.427713,41.261229],[28.427523,41.26132],[28.427278,41.261426],[28.427043,41.261442],[28.426865,41.261413],[28.426723,41.261382],[28.426551,41.261308],[28.426414,41.261235],[28.426325,41.261161],[28.426184,41.261021],[28.426075,41.26094],[28.425897,41.260838],[28.425764,41.26082],[28.42564,41.260822],[28.425504,41.260827],[28.425395,41.260835],[28.425315,41.26086],[28.425257,41.260882],[28.425217,41.260915],[28.425163,41.261002],[28.425103,41.261132],[28.425071,41.261206],[28.425049,41.261301],[28.425015,41.261403],[28.424971,41.261486],[28.424885,41.26167],[28.424777,41.261839],[28.424715,41.26193],[28.424652,41.262063],[28.424609,41.262205],[28.424552,41.262349],[28.424483,41.262419],[28.424385,41.262476],[28.424262,41.262547],[28.424197,41.262591],[28.424136,41.26265],[28.424099,41.262754],[28.424064,41.262851],[28.424024,41.262983],[28.423987,41.263171],[28.42393,41.263302],[28.423859,41.263456],[28.42383,41.26356],[28.423802,41.263698],[28.423753,41.263871],[28.423707,41.264029],[28.423636,41.264209],[28.423505,41.264396],[28.423353,41.264633],[28.423282,41.264727],[28.423217,41.264852],[28.423161,41.265006],[28.423118,41.265175],[28.423049,41.26535],[28.423015,41.265418],[28.422984,41.265606],[28.422968,41.265763],[28.422928,41.26592],[28.422903,41.266123],[28.422892,41.266442],[28.422875,41.266596],[28.422818,41.266778],[28.422744,41.266936],[28.422587,41.267064],[28.422519,41.267139],[28.42249,41.267265],[28.422486,41.267441],[28.422523,41.267534],[28.422626,41.267645],[28.422697,41.267775],[28.422747,41.267892],[28.422778,41.268072],[28.422828,41.268209],[28.422847,41.268309],[28.422842,41.268544],[28.422806,41.268766],[28.422732,41.268914],[28.422646,41.269009],[28.422552,41.269061],[28.422335,41.269135],[28.422002,41.26926],[28.421855,41.269311],[28.421726,41.269375],[28.421597,41.269463],[28.4214,41.269577],[28.421165,41.269653],[28.421006,41.269691],[28.42083,41.269715],[28.420684,41.269746],[28.42055,41.269814],[28.420465,41.269869],[28.42024,41.270068],[28.420083,41.270212],[28.419863,41.270399],[28.419679,41.270545],[28.419438,41.270668],[28.41918,41.270781],[28.41895,41.270871],[28.418838,41.270955],[28.418756,41.271067],[28.418673,41.271215],[28.418634,41.271371],[28.418619,41.271606],[28.418601,41.271828],[28.418633,41.271948],[28.418715,41.272036],[28.418865,41.272177],[28.418916,41.272248],[28.41897,41.272378],[28.418966,41.27255],[28.418933,41.272656],[28.418857,41.272718],[28.418684,41.272772],[28.418503,41.272796],[28.418274,41.27279],[28.41802,41.27276],[28.41781,41.272687],[28.417605,41.272618],[28.417461,41.272579],[28.417299,41.272561],[28.417193,41.272572],[28.417095,41.272617],[28.417,41.272702],[28.41691,41.272811],[28.416832,41.272933],[28.416711,41.273044],[28.416608,41.273105],[28.416484,41.273153],[28.416329,41.273175],[28.416022,41.2733],[28.415872,41.273351],[28.415691,41.273352],[28.415476,41.273325],[28.415275,41.273296],[28.415042,41.27329],[28.414765,41.273276],[28.414542,41.273206],[28.414386,41.273125],[28.414243,41.273006],[28.414091,41.272858],[28.413926,41.272734],[28.413779,41.272662],[28.413531,41.27254],[28.413323,41.272431],[28.413153,41.272352],[28.412969,41.272208],[28.412777,41.272028],[28.412586,41.271843],[28.412387,41.271669],[28.412158,41.271453],[28.411996,41.271339],[28.411834,41.271278],[28.411654,41.271258],[28.411482,41.271279],[28.411285,41.271341],[28.41101,41.271361],[28.410876,41.271406],[28.410616,41.271497],[28.410213,41.271674],[28.409881,41.271829],[28.40972,41.272004],[28.409511,41.272249],[28.409214,41.272534],[28.408937,41.272683],[28.408669,41.272768],[28.408386,41.272806],[28.408138,41.272749],[28.408015,41.272659],[28.407814,41.272532],[28.407566,41.27247],[28.407363,41.272455],[28.407095,41.272528],[28.406922,41.272567],[28.406538,41.272603],[28.406317,41.272665],[28.406205,41.272787],[28.406147,41.272922],[28.406096,41.273098],[28.406091,41.273264],[28.406102,41.273488],[28.406075,41.273606],[28.406002,41.273723],[28.405795,41.273873],[28.405484,41.274111],[28.405222,41.274284],[28.405102,41.274383],[28.404861,41.274639],[28.404574,41.274877],[28.404248,41.275073],[28.403628,41.275896],[28.402975,41.276316],[28.402617,41.276796],[28.402214,41.277107],[28.401938,41.277271],[28.401778,41.277754],[28.401526,41.277974],[28.401187,41.278697],[28.400969,41.279495],[28.400841,41.280687],[28.400775,41.280823],[28.400748,41.280994],[28.400726,41.281253],[28.400745,41.281401],[28.400818,41.281626],[28.400853,41.281798],[28.400856,41.282004],[28.400834,41.282252],[28.400799,41.282422],[28.400792,41.282694],[28.400725,41.282893],[28.400578,41.283116],[28.400337,41.283378],[28.400136,41.283617],[28.400021,41.283834],[28.399946,41.28401],[28.399916,41.28431],[28.399903,41.284493],[28.399913,41.284753],[28.399884,41.284965],[28.399824,41.285182],[28.399679,41.285351],[28.399528,41.285444],[28.399342,41.285561],[28.399174,41.285598],[28.398945,41.285579],[28.398748,41.285529],[28.398478,41.285486],[28.398199,41.285403],[28.398023,41.285338],[28.397858,41.285249],[28.397654,41.285081],[28.39751,41.284985],[28.397376,41.284936],[28.39723,41.28491],[28.396948,41.284922],[28.396629,41.284936],[28.396648,41.285095],[28.396777,41.286048],[28.396884,41.286731],[28.396604,41.287874],[28.396951,41.289158],[28.397495,41.289939],[28.398814,41.291344],[28.399296,41.291775],[28.399531,41.292097],[28.399781,41.292419],[28.399847,41.292597],[28.400037,41.292836],[28.400149,41.293044],[28.40019,41.293304],[28.400209,41.29347],[28.400368,41.293714],[28.400661,41.294202],[28.400726,41.294421],[28.400753,41.294598],[28.400923,41.295014],[28.401105,41.295234],[28.401529,41.295506],[28.401766,41.295728],[28.402174,41.296306],[28.402551,41.296895],[28.402541,41.297293],[28.402573,41.297409],[28.402708,41.29765],[28.402818,41.297834],[28.402822,41.298007],[28.402798,41.298279],[28.402761,41.29852],[28.402765,41.298726],[28.402863,41.299043],[28.402942,41.299256],[28.402991,41.299556],[28.403157,41.300152],[28.403111,41.301496],[28.403054,41.302046],[28.402838,41.302401],[28.402779,41.302656],[28.402753,41.302845],[28.402774,41.303048],[28.402933,41.303206],[28.403214,41.303435],[28.403374,41.303541],[28.403566,41.303802],[28.403759,41.304014],[28.403868,41.304218],[28.404279,41.304526],[28.404392,41.304567],[28.404655,41.304624],[28.404768,41.304665],[28.405277,41.304915],[28.405695,41.305086],[28.406008,41.30527],[28.406229,41.305412],[28.406418,41.305611],[28.406482,41.305701],[28.40684,41.306005],[28.406956,41.306113],[28.406954,41.306352],[28.406943,41.30662],[28.407003,41.306867],[28.407143,41.307091],[28.407284,41.307266],[28.407411,41.307477],[28.407571,41.307605],[28.407749,41.307694],[28.408015,41.307797],[28.408267,41.30793],[28.408465,41.307929],[28.408726,41.3079],[28.40896,41.307843],[28.409203,41.30783],[28.409507,41.307827],[28.409841,41.307826],[28.410123,41.307819],[28.410489,41.307798],[28.410845,41.307816],[28.411157,41.307857],[28.411288,41.307889],[28.411379,41.307946],[28.41146,41.308047],[28.411493,41.30814],[28.411617,41.308308],[28.411798,41.308447],[28.411891,41.308614],[28.411955,41.308678],[28.412073,41.308723],[28.412414,41.308833],[28.41261,41.308899],[28.412917,41.309126],[28.41329,41.309387],[28.413551,41.309503],[28.41381,41.30953],[28.414021,41.309559],[28.414219,41.309529],[28.414675,41.309784],[28.415033,41.309935],[28.415553,41.310065],[28.415997,41.310297],[28.416504,41.310792],[28.417067,41.311171],[28.417412,41.311279],[28.41818,41.311581],[28.418588,41.311826],[28.418778,41.312134],[28.419337,41.312689],[28.419646,41.313035],[28.419979,41.313259],[28.420166,41.313358],[28.42045,41.313445],[28.420758,41.313469],[28.42124,41.313525],[28.421672,41.313677],[28.422311,41.314221],[28.422445,41.314745],[28.422645,41.314961],[28.422638,41.31523],[28.42318,41.315906],[28.423312,41.316262],[28.423989,41.315687],[28.42409,41.315419],[28.424531,41.314918],[28.425466,41.314223],[28.426164,41.314233],[28.426983,41.314456],[28.427962,41.314533],[28.428481,41.314672],[28.428845,41.314641],[28.42911,41.314853],[28.429562,41.315107],[28.430004,41.315268],[28.429929,41.315473],[28.429894,41.315587],[28.430079,41.315819],[28.430382,41.315992],[28.430695,41.316156],[28.430925,41.3165],[28.431287,41.316684],[28.431568,41.316822],[28.431988,41.316651],[28.432346,41.316733],[28.432496,41.31686],[28.432715,41.317034],[28.432876,41.317164],[28.433056,41.317195],[28.433312,41.317245],[28.433608,41.317301],[28.433704,41.317435],[28.433812,41.317581],[28.433783,41.317809],[28.433739,41.318134],[28.433655,41.318424],[28.433778,41.31871],[28.43392,41.319042],[28.434047,41.319332],[28.434227,41.319551],[28.434433,41.319795],[28.434605,41.320005],[28.434815,41.320253],[28.435047,41.320529],[28.435429,41.320546],[28.435652,41.320399],[28.435912,41.320224],[28.436029,41.319863],[28.436435,41.319908],[28.436963,41.319758],[28.437442,41.319486],[28.43796,41.319199],[28.438009,41.318836],[28.438083,41.31836],[28.438601,41.317836],[28.439122,41.317293],[28.439586,41.316814],[28.439878,41.316515],[28.440044,41.315777],[28.440263,41.315295],[28.440774,41.314637],[28.440439,41.313881],[28.440814,41.313124],[28.441035,41.312689],[28.441407,41.311937],[28.441789,41.311537],[28.441615,41.311378],[28.442278,41.310996],[28.442905,41.31084],[28.443779,41.310869],[28.444423,41.310599],[28.445062,41.310516],[28.445337,41.31048],[28.445974,41.310212],[28.447108,41.310429],[28.447839,41.309829],[28.447848,41.308997],[28.44783,41.308955]]]}},{"type":"Feature","properties":{"id":"TR-Y-34-015-M-0025","level":"yerlesim","type":"mahalle","parent_id":"TR-D-34-015","province_id":"TR-P-34","district_id":"TR-D-34-015","name":"Karacaköy Merkez","source_raw_name":"KARACAKÖY MERKEZ","source":"Kullanıcı tarafından sağlanan KML","source_label":"Kullanıcı tarafından sağlanan KML","source_name":"Istanbul Mahalle KML"},"geometry":{"type":"Polygon","coordinates":[[[28.264439,41.424306],[28.264833,41.424341],[28.265274,41.424294],[28.265758,41.42377],[28.266051,41.423506],[28.266305,41.423202],[28.266547,41.422944],[28.266672,41.422838],[28.267084,41.422744],[28.267757,41.4224],[28.268401,41.422041],[28.269067,41.421974],[28.269304,41.4219],[28.269847,41.421454],[28.270024,41.421357],[28.270565,41.421373],[28.270721,41.421267],[28.271439,41.420655],[28.272165,41.420581],[28.273038,41.420589],[28.273219,41.420606],[28.273854,41.420677],[28.274422,41.420741],[28.274876,41.420804],[28.275426,41.420941],[28.276083,41.421034],[28.276174,41.421038],[28.276879,41.421043],[28.277854,41.420975],[28.278116,41.421203],[28.278257,41.421495],[28.278358,41.421974],[28.278352,41.422942],[28.27833,41.423648],[28.278524,41.423904],[28.279015,41.423802],[28.279459,41.423507],[28.279821,41.423147],[28.280108,41.422942],[28.280449,41.422757],[28.280888,41.422676],[28.281568,41.422676],[28.282308,41.422678],[28.283029,41.422679],[28.283976,41.422591],[28.284071,41.422553],[28.284388,41.422441],[28.284812,41.422316],[28.285096,41.422449],[28.285614,41.423029],[28.285812,41.423246],[28.285949,41.423479],[28.286014,41.423683],[28.286025,41.423882],[28.28601,41.42422],[28.285975,41.424437],[28.285935,41.424599],[28.286026,41.42472],[28.286269,41.424833],[28.286394,41.424881],[28.286865,41.425051],[28.287273,41.425269],[28.287804,41.425747],[28.288076,41.426216],[28.288112,41.426346],[28.28821,41.426797],[28.288204,41.427131],[28.288178,41.427252],[28.288124,41.427475],[28.287925,41.427891],[28.287786,41.428142],[28.287492,41.428508],[28.287163,41.429221],[28.286979,41.429684],[28.286942,41.430121],[28.287018,41.430548],[28.287186,41.430782],[28.287405,41.430961],[28.287821,41.431125],[28.288235,41.431144],[28.289639,41.431016],[28.289968,41.431022],[28.290413,41.431022],[28.290556,41.430985],[28.290752,41.4309],[28.290917,41.43088],[28.291302,41.43084],[28.291469,41.430875],[28.291643,41.430991],[28.291717,41.431106],[28.291728,41.431346],[28.291845,41.431488],[28.291907,41.431593],[28.291968,41.431736],[28.292033,41.431896],[28.292053,41.432114],[28.292107,41.432222],[28.292316,41.432478],[28.292406,41.432629],[28.292466,41.432831],[28.292537,41.43292],[28.292638,41.433009],[28.292775,41.433069],[28.293074,41.433181],[28.293378,41.433254],[28.293641,41.433258],[28.29387,41.433222],[28.294341,41.433114],[28.294634,41.43314],[28.294815,41.433238],[28.294956,41.433374],[28.295301,41.433595],[28.295614,41.433708],[28.296168,41.433868],[28.296676,41.434001],[28.297024,41.434123],[28.297188,41.434225],[28.297351,41.434379],[28.297515,41.434464],[28.297732,41.434523],[28.298013,41.434566],[28.298331,41.434502],[28.298807,41.434331],[28.299378,41.43405],[28.299615,41.434014],[28.299724,41.434024],[28.299798,41.434039],[28.299825,41.434091],[28.299785,41.434307],[28.29978,41.434506],[28.299851,41.43465],[28.300038,41.434752],[28.300222,41.43475],[28.300511,41.434716],[28.300674,41.434627],[28.301002,41.43439],[28.301319,41.434178],[28.3015,41.434042],[28.301543,41.433935],[28.301665,41.43369],[28.301832,41.433471],[28.302014,41.433277],[28.302328,41.432993],[28.302563,41.432824],[28.302889,41.432672],[28.303894,41.432452],[28.304227,41.432415],[28.304367,41.432355],[28.304387,41.432248],[28.304427,41.432197],[28.304636,41.431931],[28.304658,41.431746],[28.304704,41.431656],[28.304758,41.431569],[28.304866,41.431395],[28.304917,41.431412],[28.304932,41.431516],[28.304981,41.431627],[28.305026,41.431712],[28.305105,41.43184],[28.30523,41.431988],[28.305326,41.432103],[28.305363,41.432229],[28.305373,41.432361],[28.30541,41.432432],[28.305503,41.432467],[28.305626,41.432474],[28.305833,41.432465],[28.306055,41.432492],[28.306178,41.432521],[28.306251,41.432554],[28.306273,41.4326],[28.306258,41.432678],[28.306262,41.432746],[28.306297,41.43279],[28.306371,41.432811],[28.306506,41.432813],[28.306669,41.432801],[28.306845,41.432743],[28.307057,41.432682],[28.307222,41.432673],[28.307318,41.432708],[28.307517,41.432767],[28.307622,41.43282],[28.307738,41.432868],[28.307848,41.432862],[28.308111,41.432824],[28.308466,41.43273],[28.308726,41.432568],[28.309227,41.432322],[28.309419,41.432257],[28.309609,41.432199],[28.309826,41.432161],[28.310046,41.432166],[28.310262,41.432194],[28.310472,41.432231],[28.3106,41.432257],[28.310857,41.432346],[28.311085,41.432415],[28.311198,41.432429],[28.311375,41.432446],[28.31161,41.432486],[28.311991,41.432519],[28.31253,41.432551],[28.313158,41.432558],[28.31332,41.432538],[28.313663,41.432524],[28.313818,41.432543],[28.314062,41.432622],[28.314277,41.432679],[28.314464,41.432723],[28.314606,41.432742],[28.31486,41.432785],[28.315143,41.432845],[28.31544,41.432886],[28.315775,41.43293],[28.315981,41.432962],[28.316205,41.432996],[28.316475,41.433082],[28.316759,41.433118],[28.316908,41.433172],[28.317019,41.433223],[28.317155,41.433312],[28.317355,41.433406],[28.317692,41.433544],[28.318311,41.433819],[28.318617,41.433963],[28.318863,41.434142],[28.319099,41.434363],[28.319125,41.43451],[28.319338,41.434782],[28.319466,41.435005],[28.319549,41.435129],[28.319668,41.435371],[28.319764,41.43549],[28.320038,41.435737],[28.3202,41.435808],[28.320362,41.435891],[28.32054,41.435998],[28.321229,41.436079],[28.322159,41.436128],[28.322786,41.436241],[28.323407,41.436575],[28.323841,41.436818],[28.324196,41.43708],[28.324529,41.437224],[28.325479,41.43754],[28.325784,41.437733],[28.326053,41.438013],[28.326247,41.438528],[28.326415,41.439034],[28.326421,41.439469],[28.326299,41.439863],[28.325978,41.440271],[28.325771,41.440755],[28.325457,41.441244],[28.324984,41.441678],[28.324439,41.442086],[28.323887,41.442217],[28.323535,41.442332],[28.323343,41.442424],[28.323267,41.442504],[28.323182,41.442626],[28.323041,41.442932],[28.322884,41.443141],[28.322818,41.443361],[28.322675,41.443569],[28.322461,41.443836],[28.32229,41.444041],[28.322157,41.44418],[28.322021,41.444314],[28.32176,41.444525],[28.321544,41.444733],[28.321445,41.444924],[28.321348,41.445037],[28.321288,41.445134],[28.321189,41.445191],[28.321045,41.445249],[28.320894,41.445337],[28.320656,41.445536],[28.320411,41.445761],[28.320283,41.445966],[28.320271,41.446171],[28.320332,41.446408],[28.32038,41.446537],[28.32042,41.446662],[28.320444,41.446749],[28.320469,41.446811],[28.320535,41.446875],[28.320614,41.446917],[28.320771,41.446959],[28.320979,41.447029],[28.321103,41.447097],[28.321201,41.447176],[28.321301,41.447313],[28.321366,41.447455],[28.321367,41.447559],[28.321581,41.447698],[28.321756,41.447786],[28.321935,41.447757],[28.322033,41.447722],[28.32216,41.447709],[28.322263,41.447711],[28.322362,41.447746],[28.322493,41.447845],[28.322696,41.447973],[28.32291,41.448114],[28.32305,41.44817],[28.323133,41.448235],[28.323205,41.448331],[28.323345,41.44842],[28.323553,41.448513],[28.323674,41.448569],[28.323817,41.448683],[28.324049,41.448852],[28.324199,41.448944],[28.324295,41.448977],[28.324493,41.449021],[28.324658,41.449097],[28.324868,41.4492],[28.325159,41.449282],[28.325298,41.449249],[28.325473,41.449187],[28.325688,41.449095],[28.325855,41.449075],[28.326194,41.44908],[28.326535,41.449046],[28.326926,41.449056],[28.32722,41.449022],[28.327365,41.448976],[28.327607,41.448746],[28.327967,41.448608],[28.328242,41.44866],[28.32868,41.448831],[28.329244,41.449042],[28.329844,41.449211],[28.330204,41.449307],[28.330363,41.449383],[28.330534,41.449442],[28.330765,41.449393],[28.33107,41.449168],[28.33126,41.448942],[28.331387,41.448701],[28.331546,41.448353],[28.3317,41.448186],[28.332064,41.448118],[28.33233,41.44807],[28.33281,41.448177],[28.333144,41.448394],[28.333552,41.448629],[28.333843,41.448932],[28.33417,41.44943],[28.334553,41.449989],[28.334847,41.4504],[28.335329,41.451585],[28.335686,41.452001],[28.335901,41.452173],[28.336846,41.452104],[28.337466,41.452135],[28.337829,41.452127],[28.337872,41.45179],[28.337769,41.451529],[28.337621,41.451276],[28.337664,41.451138],[28.337726,41.450966],[28.337807,41.450976],[28.337884,41.451081],[28.338042,41.451217],[28.338234,41.45135],[28.338422,41.451435],[28.33859,41.451402],[28.338785,41.451218],[28.338966,41.451097],[28.339097,41.45105],[28.339256,41.451035],[28.339483,41.451026],[28.339793,41.451036],[28.339997,41.451029],[28.340316,41.450956],[28.340712,41.450927],[28.340851,41.450898],[28.341129,41.450804],[28.341336,41.45079],[28.34141,41.450818],[28.341457,41.450872],[28.341481,41.450963],[28.341472,41.451167],[28.341491,41.45144],[28.341483,41.451632],[28.341424,41.451775],[28.341404,41.451931],[28.341438,41.452123],[28.341489,41.452416],[28.341544,41.452811],[28.341554,41.453028],[28.341571,41.453138],[28.341653,41.453203],[28.341776,41.453236],[28.341939,41.453289],[28.342175,41.453322],[28.34239,41.453376],[28.3427,41.453425],[28.342965,41.453431],[28.343368,41.453368],[28.343659,41.453353],[28.344013,41.453327],[28.344305,41.453297],[28.344465,41.453245],[28.344654,41.453158],[28.344894,41.453016],[28.345037,41.452983],[28.345291,41.452931],[28.345415,41.452906],[28.345711,41.45283],[28.345981,41.45278],[28.346129,41.452817],[28.346279,41.452889],[28.346448,41.452999],[28.346571,41.45312],[28.34664,41.453199],[28.346887,41.45331],[28.347021,41.453387],[28.347077,41.453461],[28.347123,41.453569],[28.347128,41.453754],[28.347099,41.453994],[28.347152,41.454187],[28.347205,41.454419],[28.347229,41.454624],[28.347214,41.454829],[28.347197,41.454977],[28.347146,41.455081],[28.347039,41.455206],[28.34683,41.455427],[28.346616,41.455675],[28.346479,41.455855],[28.3464,41.45602],[28.346366,41.456209],[28.346348,41.456318],[28.346337,41.456491],[28.346312,41.456681],[28.346328,41.456978],[28.346394,41.457149],[28.346467,41.457352],[28.346501,41.457418],[28.346607,41.457551],[28.346724,41.45766],[28.346994,41.457802],[28.347223,41.457875],[28.347503,41.45793],[28.347721,41.457951],[28.348216,41.457945],[28.348552,41.457863],[28.348883,41.457721],[28.349123,41.457569],[28.349399,41.457373],[28.349825,41.457133],[28.350251,41.457126],[28.350554,41.4572],[28.350943,41.457257],[28.35166,41.457341],[28.352095,41.457468],[28.352388,41.457464],[28.352968,41.457035],[28.353309,41.45675],[28.353665,41.456352],[28.353879,41.456053],[28.354149,41.455624],[28.354461,41.455347],[28.354963,41.455077],[28.355428,41.454872],[28.355903,41.454735],[28.356329,41.454508],[28.356551,41.454377],[28.356616,41.454534],[28.35662,41.454845],[28.356648,41.455097],[28.356863,41.455238],[28.357105,41.455437],[28.35726,41.455703],[28.357326,41.455812],[28.357396,41.456008],[28.357456,41.456346],[28.35743,41.456921],[28.357521,41.457191],[28.357746,41.457618],[28.358023,41.458064],[28.358141,41.458386],[28.35812,41.458524],[28.358225,41.458703],[28.35847,41.459053],[28.358569,41.459227],[28.358491,41.459365],[28.358301,41.45957],[28.358109,41.459658],[28.358015,41.459756],[28.357969,41.459959],[28.357979,41.460037],[28.358003,41.460431],[28.358046,41.460566],[28.358136,41.46087],[28.358186,41.461152],[28.358182,41.461426],[28.358418,41.461313],[28.358596,41.461246],[28.358878,41.46113],[28.359186,41.460985],[28.359432,41.460884],[28.359635,41.460798],[28.360334,41.460517],[28.36059,41.46041],[28.360861,41.460294],[28.36117,41.46017],[28.361463,41.460054],[28.361765,41.459943],[28.36218,41.459786],[28.362585,41.459632],[28.36279,41.459549],[28.362966,41.459475],[28.363166,41.459397],[28.363367,41.459329],[28.363624,41.459238],[28.363715,41.459211],[28.363904,41.459164],[28.364073,41.459114],[28.364261,41.459049],[28.364555,41.458949],[28.364923,41.458827],[28.365138,41.458767],[28.365226,41.458733],[28.365561,41.458561],[28.365639,41.458522],[28.365899,41.458389],[28.366145,41.458286],[28.366277,41.458228],[28.366506,41.458143],[28.3667,41.458066],[28.36686,41.457986],[28.367004,41.457936],[28.367138,41.457889],[28.367206,41.457863],[28.367321,41.457797],[28.367408,41.457746],[28.367512,41.457698],[28.367575,41.457684],[28.367629,41.457646],[28.367709,41.4576],[28.367794,41.457546],[28.367889,41.457505],[28.367994,41.457449],[28.368061,41.457386],[28.368211,41.457307],[28.368466,41.45716],[28.368848,41.456957],[28.369169,41.456788],[28.369405,41.456671],[28.369709,41.456511],[28.369865,41.456435],[28.370138,41.45631],[28.370678,41.456065],[28.370983,41.455919],[28.371173,41.455831],[28.371434,41.455712],[28.371786,41.455559],[28.372033,41.455451],[28.372535,41.455245],[28.373064,41.455037],[28.373359,41.454919],[28.373785,41.454741],[28.373964,41.45466],[28.374297,41.454529],[28.374561,41.45443],[28.374994,41.454275],[28.37504,41.454259],[28.375465,41.454109],[28.375782,41.45398],[28.37626,41.453771],[28.376544,41.453645],[28.377645,41.453177],[28.378034,41.453032],[28.378339,41.452916],[28.378469,41.452867],[28.378815,41.452715],[28.379239,41.452531],[28.380098,41.452127],[28.380692,41.451854],[28.380942,41.451747],[28.381405,41.451578],[28.381717,41.451468],[28.381968,41.451383],[28.382387,41.451266],[28.382694,41.451193],[28.382794,41.451169],[28.38286,41.451151],[28.382931,41.45113],[28.383076,41.451058],[28.383306,41.450988],[28.38356,41.450899],[28.383916,41.45076],[28.384135,41.450659],[28.38459,41.450445],[28.38501,41.450255],[28.385456,41.45007],[28.385637,41.449999],[28.386007,41.449854],[28.386221,41.44978],[28.386715,41.449617],[28.387374,41.44938],[28.388021,41.449129],[28.38825,41.449025],[28.3885,41.448903],[28.38876,41.448777],[28.389042,41.448638],[28.389383,41.44846],[28.389864,41.448212],[28.390202,41.448053],[28.390615,41.447866],[28.390971,41.447707],[28.391467,41.447476],[28.392106,41.447188],[28.39237,41.447077],[28.392576,41.44699],[28.392613,41.446974],[28.393186,41.446754],[28.39387,41.446503],[28.394427,41.446321],[28.394927,41.446147],[28.39543,41.445965],[28.396028,41.445758],[28.396568,41.44558],[28.397122,41.445395],[28.397476,41.445271],[28.397855,41.445111],[28.39823,41.44496],[28.398706,41.444753],[28.399314,41.444519],[28.399778,41.444356],[28.399987,41.444274],[28.399995,41.444271],[28.400186,41.444185],[28.400525,41.444029],[28.400977,41.443805],[28.401496,41.44355],[28.402024,41.443296],[28.402818,41.442963],[28.403739,41.442622],[28.404282,41.44242],[28.404924,41.442154],[28.40565,41.441841],[28.406447,41.441508],[28.407243,41.441192],[28.408188,41.44083],[28.408224,41.440814],[28.40879,41.440575],[28.40882,41.440561],[28.40874,41.440488],[28.407573,41.439262],[28.405757,41.437463],[28.404519,41.436263],[28.403411,41.435029],[28.400354,41.431536],[28.399405,41.429724],[28.400053,41.429432],[28.400526,41.429113],[28.400919,41.42878],[28.401296,41.42846],[28.401124,41.428264],[28.401131,41.427999],[28.401187,41.427674],[28.401258,41.427397],[28.401443,41.427038],[28.401691,41.426716],[28.401777,41.426475],[28.401753,41.426161],[28.402198,41.425673],[28.402268,41.425433],[28.402481,41.425218],[28.402775,41.425005],[28.403024,41.424659],[28.403063,41.424382],[28.403121,41.423996],[28.403068,41.423513],[28.402974,41.423427],[28.402837,41.423124],[28.402828,41.422858],[28.402819,41.422581],[28.402692,41.422506],[28.402488,41.422347],[28.402587,41.422227],[28.402955,41.422232],[28.403401,41.421732],[28.403831,41.421195],[28.403921,41.420774],[28.404097,41.420137],[28.404201,41.4198],[28.404126,41.419594],[28.403923,41.419398],[28.40388,41.419156],[28.403984,41.418844],[28.403864,41.418529],[28.404031,41.418266],[28.404147,41.418086],[28.404154,41.417797],[28.404192,41.417556],[28.404167,41.417254],[28.404106,41.417132],[28.40416,41.416904],[28.404245,41.416724],[28.404138,41.416505],[28.404078,41.416312],[28.404164,41.416071],[28.404191,41.415649],[28.404278,41.415361],[28.40443,41.415061],[28.40453,41.414882],[28.404584,41.414641],[28.404558,41.4144],[28.404259,41.414154],[28.40403,41.413705],[28.403764,41.413435],[28.40334,41.413068],[28.403141,41.412715],[28.403146,41.41251],[28.402933,41.412048],[28.402812,41.411745],[28.402626,41.411489],[28.40262,41.411067],[28.402502,41.410667],[28.402495,41.410269],[28.402425,41.409881],[28.402279,41.409276],[28.400979,41.408051],[28.400849,41.407458],[28.40116,41.40657],[28.398909,41.405525],[28.398093,41.40494],[28.397631,41.404303],[28.398085,41.403813],[28.398923,41.403825],[28.39925,41.403721],[28.399611,41.403699],[28.400302,41.403444],[28.401287,41.403362],[28.401535,41.403189],[28.402466,41.40306],[28.403179,41.401943],[28.403928,41.400813],[28.403941,41.400264],[28.404544,41.39958],[28.405392,41.398811],[28.406502,41.398428],[28.407139,41.398351],[28.407445,41.398146],[28.407318,41.397581],[28.407437,41.397365],[28.407388,41.39688],[28.406955,41.396568],[28.406903,41.396346],[28.406771,41.395348],[28.406753,41.394855],[28.405999,41.394891],[28.405664,41.393976],[28.405512,41.393527],[28.405404,41.393276],[28.405175,41.39329],[28.404668,41.393355],[28.404662,41.393303],[28.404647,41.392974],[28.404546,41.392729],[28.404394,41.392569],[28.40428,41.392424],[28.404277,41.392258],[28.404237,41.391705],[28.404435,41.391387],[28.404134,41.391231],[28.404452,41.390695],[28.404692,41.390042],[28.404717,41.389951],[28.404021,41.389789],[28.40401,41.389772],[28.404274,41.389395],[28.404281,41.389289],[28.404323,41.389129],[28.40428,41.388848],[28.404682,41.388579],[28.404679,41.388533],[28.404527,41.388373],[28.404389,41.388268],[28.403993,41.387994],[28.403971,41.387953],[28.404329,41.38746],[28.404774,41.386862],[28.405029,41.386525],[28.405178,41.386324],[28.405172,41.386272],[28.404925,41.386102],[28.404743,41.385925],[28.4053,41.385324],[28.404277,41.386153],[28.403981,41.386462],[28.40377,41.386679],[28.403471,41.386927],[28.403112,41.387223],[28.403188,41.387565],[28.403248,41.387829],[28.403025,41.388345],[28.40255,41.388832],[28.402158,41.389237],[28.401391,41.389389],[28.401054,41.389457],[28.400754,41.389352],[28.400187,41.389137],[28.399935,41.38921],[28.399545,41.389333],[28.399231,41.389514],[28.398695,41.389814],[28.398228,41.390075],[28.397702,41.390373],[28.397311,41.390374],[28.396604,41.390382],[28.395974,41.390385],[28.395536,41.390162],[28.394601,41.390312],[28.392833,41.390292],[28.392522,41.389779],[28.392161,41.389195],[28.39161,41.389393],[28.391152,41.389911],[28.390614,41.390252],[28.389687,41.390847],[28.389244,41.391239],[28.389089,41.391374],[28.388931,41.391466],[28.388528,41.391735],[28.388259,41.39192],[28.387736,41.392468],[28.387267,41.392715],[28.386973,41.39287],[28.386557,41.393096],[28.385977,41.393409],[28.385739,41.39354],[28.385217,41.393826],[28.384461,41.394022],[28.383925,41.393811],[28.383599,41.393358],[28.38314,41.39306],[28.382802,41.392842],[28.382556,41.39249],[28.382383,41.392258],[28.381876,41.392027],[28.381559,41.391883],[28.38094,41.391529],[28.380448,41.391271],[28.380183,41.391091],[28.379711,41.39082],[28.379374,41.390621],[28.378865,41.390337],[28.37869,41.389989],[28.378546,41.389709],[28.378263,41.38953],[28.377975,41.389346],[28.377843,41.389266],[28.377734,41.389162],[28.377548,41.388976],[28.377562,41.388622],[28.377557,41.388418],[28.377578,41.388166],[28.377604,41.387913],[28.377615,41.387769],[28.377635,41.387456],[28.377645,41.387258],[28.377662,41.386965],[28.377637,41.386886],[28.377445,41.38655],[28.377309,41.386301],[28.377207,41.386132],[28.376869,41.385864],[28.376641,41.385681],[28.376461,41.385544],[28.37612,41.385286],[28.375866,41.385084],[28.375737,41.384943],[28.375504,41.384692],[28.375308,41.384478],[28.375233,41.384267],[28.375154,41.384032],[28.375045,41.383714],[28.375017,41.383623],[28.374845,41.383609],[28.374483,41.383574],[28.373904,41.383742],[28.373591,41.383564],[28.373252,41.383365],[28.373001,41.383224],[28.372835,41.38311],[28.372468,41.382863],[28.371625,41.382981],[28.371367,41.383017],[28.370937,41.383412],[28.369988,41.383431],[28.369247,41.38344],[28.368586,41.383448],[28.367869,41.383465],[28.367515,41.383465],[28.367081,41.383636],[28.366958,41.383674],[28.366425,41.383714],[28.365736,41.383759],[28.364292,41.384266],[28.363655,41.38409],[28.362703,41.383842],[28.361872,41.383636],[28.360673,41.383602],[28.359322,41.383443],[28.359018,41.383429],[28.358497,41.383404],[28.357571,41.383685],[28.356854,41.3842],[28.356061,41.384975],[28.355561,41.385645],[28.354292,41.386498],[28.353748,41.386857],[28.352894,41.387159],[28.351749,41.387576],[28.350657,41.387556],[28.349588,41.387545],[28.348954,41.387744],[28.348931,41.387747],[28.347205,41.388539],[28.34638,41.388845],[28.346073,41.389232],[28.345881,41.389956],[28.347218,41.390964],[28.347822,41.391476],[28.348437,41.391808],[28.348557,41.392394],[28.348117,41.393251],[28.34762,41.393632],[28.346844,41.394009],[28.346028,41.394323],[28.342981,41.394719],[28.340975,41.394156],[28.33953,41.393474],[28.338929,41.392993],[28.338714,41.392686],[28.337958,41.392287],[28.337088,41.392001],[28.336516,41.391511],[28.336983,41.390657],[28.337673,41.389293],[28.337741,41.388791],[28.337362,41.388376],[28.337593,41.388033],[28.337441,41.386909],[28.337325,41.386519],[28.337482,41.386385],[28.337321,41.386152],[28.336768,41.385986],[28.335277,41.385996],[28.334759,41.386125],[28.334035,41.386639],[28.333692,41.38697],[28.333671,41.387263],[28.333486,41.387418],[28.333142,41.387811],[28.332392,41.388262],[28.33147,41.388375],[28.328939,41.388212],[28.328669,41.387337],[28.32837,41.386494],[28.328383,41.386001],[28.328231,41.38539],[28.327887,41.383602],[28.32734,41.382136],[28.326819,41.381237],[28.325845,41.380142],[28.325437,41.379748],[28.325139,41.37944],[28.32457,41.379327],[28.323743,41.379556],[28.322699,41.380086],[28.32221,41.380656],[28.321663,41.381917],[28.320718,41.382354],[28.31913,41.382898],[28.317541,41.382979],[28.316755,41.382653],[28.316579,41.381916],[28.315474,41.381029],[28.31518,41.380543],[28.31364,41.379786],[28.312895,41.379513],[28.309182,41.37929],[28.307657,41.379027],[28.305435,41.37826],[28.304147,41.377433],[28.302981,41.377269],[28.302018,41.37737],[28.301358,41.37756],[28.300139,41.377846],[28.29885,41.378162],[28.298051,41.37836],[28.297049,41.37886],[28.296188,41.379822],[28.296113,41.380566],[28.296936,41.381575],[28.297645,41.382162],[28.297903,41.382418],[28.298547,41.383371],[28.298478,41.383863],[28.297996,41.384181],[28.296829,41.384626],[28.295908,41.385231],[28.295264,41.385882],[28.294654,41.386293],[28.294057,41.386756],[28.293117,41.387539],[28.292711,41.388152],[28.292134,41.388899],[28.291233,41.38983],[28.291263,41.390271],[28.291888,41.391392],[28.292375,41.391944],[28.293573,41.392497],[28.296635,41.392564],[28.298212,41.393017],[28.298501,41.393661],[28.29804,41.394252],[28.297627,41.395117],[28.29706,41.396587],[28.297069,41.396745],[28.296539,41.397314],[28.29357,41.398434],[28.291357,41.398905],[28.288869,41.399235],[28.285694,41.399167],[28.285211,41.399537],[28.284467,41.399736],[28.281608,41.39984],[28.280795,41.399513],[28.279644,41.399307],[28.278461,41.398755],[28.278442,41.398735],[28.278441,41.398736],[28.278441,41.398735],[28.278425,41.398745],[28.278045,41.398963],[28.27753,41.399304],[28.276874,41.399534],[28.276009,41.399811],[28.275341,41.400108],[28.275301,41.400356],[28.275,41.400915],[28.274817,41.401202],[28.274489,41.40152],[28.273917,41.401918],[28.273636,41.402162],[28.273496,41.402458],[28.273421,41.402772],[28.273498,41.40322],[28.273612,41.403471],[28.273628,41.403703],[28.274081,41.404066],[28.275006,41.404436],[28.275122,41.404628],[28.274624,41.405151],[28.274076,41.405483],[28.273793,41.405785],[28.273603,41.406288],[28.273451,41.406658],[28.273559,41.407149],[28.273898,41.407634],[28.274307,41.407972],[28.274756,41.40807],[28.275231,41.408011],[28.275626,41.408041],[28.27592,41.408162],[28.2762,41.408415],[28.276366,41.408773],[28.276503,41.409016],[28.276351,41.409361],[28.275918,41.409471],[28.275434,41.409472],[28.274655,41.409386],[28.27416,41.409378],[28.273639,41.409511],[28.273029,41.409701],[28.272282,41.410071],[28.272153,41.410367],[28.271839,41.410992],[28.271401,41.41141],[28.27104,41.411673],[28.270924,41.411903],[28.270977,41.412799],[28.270723,41.413657],[28.270722,41.414121],[28.270881,41.414347],[28.271414,41.414579],[28.271649,41.414864],[28.271795,41.415181],[28.271545,41.415467],[28.270898,41.415772],[28.270475,41.415973],[28.270136,41.416299],[28.269815,41.416767],[28.269468,41.417002],[28.269144,41.417171],[28.268789,41.417282],[28.26852,41.41746],[28.268347,41.417747],[28.267929,41.418163],[28.267629,41.418258],[28.267277,41.418278],[28.267065,41.418374],[28.266507,41.418664],[28.266357,41.418919],[28.266352,41.419093],[28.26646,41.419194],[28.266662,41.419454],[28.266668,41.419644],[28.26662,41.419776],[28.266491,41.420072],[28.266055,41.420745],[28.265929,41.420942],[28.266065,41.421218],[28.266114,41.421426],[28.265647,41.422011],[28.265211,41.422684],[28.264632,41.423347],[28.264259,41.423706],[28.264327,41.424038],[28.264431,41.424272],[28.264439,41.424306]]]}},{"type":"Feature","properties":{"id":"TR-Y-34-015-M-0026","level":"yerlesim","type":"mahalle","parent_id":"TR-D-34-015","province_id":"TR-P-34","district_id":"TR-D-34-015","name":"Karamandere","source_raw_name":"KARAMANDERE","source":"Kullanıcı tarafından sağlanan KML","source_label":"Kullanıcı tarafından sağlanan KML","source_name":"Istanbul Mahalle KML"},"geometry":{"type":"Polygon","coordinates":[[[28.348954,41.387744],[28.348942,41.387741],[28.348142,41.386331],[28.347868,41.385404],[28.347927,41.385293],[28.348327,41.384152],[28.348516,41.383316],[28.34814,41.381995],[28.347873,41.380803],[28.348177,41.379828],[28.348769,41.379151],[28.348567,41.378351],[28.348792,41.377543],[28.348813,41.376704],[28.34879,41.375417],[28.348132,41.374974],[28.347449,41.374083],[28.347334,41.373508],[28.345895,41.372397],[28.34551,41.371496],[28.345647,41.36975],[28.345439,41.369173],[28.344715,41.368421],[28.343464,41.367984],[28.342449,41.36699],[28.342203,41.366455],[28.3418,41.365498],[28.341196,41.363685],[28.340802,41.363134],[28.339848,41.36196],[28.339672,41.360824],[28.340279,41.359602],[28.341316,41.35826],[28.341953,41.35729],[28.342796,41.356254],[28.343136,41.356035],[28.344213,41.355281],[28.345021,41.354873],[28.346363,41.353941],[28.348861,41.350592],[28.350376,41.348656],[28.350663,41.347555],[28.35069,41.346507],[28.350342,41.345565],[28.349744,41.343542],[28.349501,41.343305],[28.349359,41.343183],[28.349145,41.343021],[28.349074,41.342948],[28.348957,41.342735],[28.348877,41.342641],[28.348718,41.342544],[28.348564,41.34248],[28.348393,41.342455],[28.348127,41.342415],[28.347941,41.34236],[28.347897,41.342253],[28.347634,41.342129],[28.347455,41.342108],[28.347024,41.342114],[28.346412,41.34214],[28.346005,41.342152],[28.345731,41.342137],[28.345482,41.342098],[28.345084,41.342045],[28.344663,41.341985],[28.34428,41.341945],[28.343503,41.341703],[28.343085,41.341514],[28.342742,41.341445],[28.341682,41.341208],[28.341459,41.341346],[28.341284,41.341446],[28.341064,41.341552],[28.340704,41.341679],[28.340524,41.341726],[28.340377,41.341806],[28.340246,41.341904],[28.340134,41.342009],[28.33986,41.342244],[28.339685,41.342386],[28.339454,41.342515],[28.339229,41.342648],[28.338974,41.342826],[28.338826,41.342926],[28.33869,41.343059],[28.338544,41.343241],[28.338478,41.343357],[28.338174,41.343594],[28.337893,41.343759],[28.337705,41.343859],[28.337565,41.343914],[28.337389,41.343968],[28.33711,41.344019],[28.336851,41.344075],[28.336688,41.344105],[28.336468,41.344214],[28.336283,41.344323],[28.336117,41.344376],[28.335977,41.344406],[28.335874,41.344419],[28.335722,41.34444],[28.335566,41.344451],[28.335202,41.344455],[28.334915,41.344433],[28.334562,41.34443],[28.334344,41.34443],[28.334096,41.344424],[28.333578,41.344399],[28.333486,41.34438],[28.333275,41.344369],[28.333027,41.344361],[28.332875,41.344364],[28.332746,41.344377],[28.332639,41.34442],[28.332512,41.344475],[28.332381,41.344558],[28.332264,41.344616],[28.332174,41.344655],[28.331991,41.344709],[28.331685,41.344787],[28.331506,41.344812],[28.331347,41.344829],[28.331119,41.344839],[28.330845,41.344849],[28.330583,41.344866],[28.330193,41.344895],[28.329987,41.344944],[28.329771,41.344996],[28.329441,41.345081],[28.329223,41.345112],[28.329067,41.34514],[28.32898,41.345168],[28.328784,41.34533],[28.328609,41.345469],[28.328424,41.345593],[28.328277,41.345661],[28.328154,41.345699],[28.327995,41.345719],[28.327836,41.345729],[28.327585,41.345736],[28.32741,41.345743],[28.327125,41.345751],[28.327032,41.345785],[28.326878,41.345857],[28.326711,41.345944],[28.32656,41.346022],[28.326404,41.346067],[28.326307,41.346095],[28.326079,41.346105],[28.325867,41.346134],[28.325515,41.346201],[28.325243,41.346252],[28.325057,41.346296],[28.324973,41.346352],[28.324882,41.346426],[28.324802,41.346564],[28.324712,41.346734],[28.324628,41.346897],[28.324505,41.347052],[28.324385,41.347227],[28.324362,41.34725],[28.324249,41.347244],[28.324124,41.34724],[28.324028,41.347228],[28.323964,41.347197],[28.3239,41.347138],[28.323876,41.347068],[28.32386,41.347024],[28.323856,41.346961],[28.323843,41.346915],[28.323827,41.346862],[28.323766,41.346831],[28.323674,41.346817],[28.323546,41.346831],[28.323444,41.346857],[28.323328,41.346918],[28.323243,41.34697],[28.323181,41.346989],[28.323058,41.346984],[28.322965,41.346982],[28.32289,41.346991],[28.322779,41.347036],[28.32268,41.347104],[28.32263,41.347167],[28.322492,41.347234],[28.322388,41.347319],[28.322265,41.347334],[28.322167,41.347359],[28.322083,41.347374],[28.321954,41.347429],[28.321898,41.347467],[28.321846,41.347501],[28.321787,41.34752],[28.321701,41.347551],[28.321494,41.347645],[28.321366,41.347677],[28.321235,41.347677],[28.321123,41.347686],[28.320967,41.347736],[28.320835,41.347791],[28.320722,41.347827],[28.320539,41.347872],[28.32047,41.347878],[28.320376,41.347873],[28.320258,41.347841],[28.320199,41.34782],[28.320138,41.347774],[28.320088,41.347725],[28.320034,41.347669],[28.319977,41.347553],[28.319962,41.347497],[28.319951,41.347351],[28.319974,41.347186],[28.31991,41.347162],[28.3198,41.347204],[28.319727,41.347249],[28.319647,41.347298],[28.319483,41.347459],[28.319381,41.347555],[28.319208,41.347663],[28.31913,41.347724],[28.318962,41.34785],[28.318867,41.347897],[28.318607,41.347968],[28.318441,41.348037],[28.318298,41.348123],[28.318224,41.348233],[28.318117,41.348306],[28.318045,41.348372],[28.317955,41.348446],[28.317922,41.34856],[28.317856,41.348612],[28.31771,41.348588],[28.317493,41.348576],[28.31734,41.348591],[28.317186,41.348664],[28.316977,41.348768],[28.316692,41.348896],[28.31652,41.348951],[28.316426,41.348959],[28.316269,41.348908],[28.316106,41.348857],[28.31585,41.34876],[28.315589,41.348632],[28.315397,41.34855],[28.315209,41.348582],[28.315113,41.348652],[28.314927,41.348777],[28.314796,41.34886],[28.314594,41.348941],[28.31431,41.349047],[28.314085,41.349119],[28.313908,41.349139],[28.31361,41.349094],[28.313472,41.349212],[28.313422,41.349313],[28.313419,41.349441],[28.313434,41.349539],[28.313513,41.349651],[28.313534,41.349731],[28.313515,41.349801],[28.313388,41.349963],[28.313158,41.350207],[28.312941,41.350408],[28.312523,41.350455],[28.312288,41.350474],[28.312095,41.350449],[28.311472,41.350522],[28.310955,41.350726],[28.310455,41.351097],[28.310091,41.351438],[28.309683,41.351608],[28.309491,41.351763],[28.309039,41.352275],[28.308399,41.352392],[28.307398,41.352338],[28.305926,41.351931],[28.307228,41.351265],[28.307796,41.350282],[28.30776,41.350062],[28.305991,41.350649],[28.304847,41.350459],[28.30406,41.349409],[28.303371,41.34899],[28.302381,41.348928],[28.301588,41.34931],[28.301323,41.349864],[28.30186,41.350494],[28.301547,41.351276],[28.30091,41.351683],[28.299562,41.351734],[28.297846,41.35108],[28.297352,41.351222],[28.296688,41.351865],[28.295743,41.352441],[28.294251,41.35282],[28.293231,41.352679],[28.293056,41.352189],[28.293342,41.350848],[28.292939,41.349882],[28.291464,41.349608],[28.290668,41.34929],[28.28992,41.348342],[28.289271,41.348034],[28.288716,41.348081],[28.288116,41.34826],[28.287882,41.348831],[28.287435,41.349147],[28.285876,41.348864],[28.284944,41.348599],[28.283472,41.348569],[28.282204,41.34877],[28.282196,41.349069],[28.281895,41.349812],[28.281769,41.350211],[28.281662,41.350729],[28.280949,41.35123],[28.280374,41.351276],[28.279865,41.350757],[28.279601,41.35006],[28.279443,41.349622],[28.279438,41.349624],[28.277853,41.350248],[28.277299,41.351162],[28.27604,41.351712],[28.275241,41.352592],[28.275025,41.35305],[28.273303,41.354116],[28.272693,41.354135],[28.272428,41.35434],[28.272342,41.354501],[28.272357,41.354703],[28.272581,41.354929],[28.272629,41.355298],[28.272713,41.355424],[28.272788,41.355639],[28.271629,41.355764],[28.271186,41.355739],[28.270901,41.35567],[28.270485,41.355531],[28.267686,41.354163],[28.26729,41.353916],[28.266952,41.353638],[28.266719,41.353383],[28.266517,41.353108],[28.266329,41.352818],[28.265891,41.351955],[28.265357,41.351041],[28.264742,41.353448],[28.264406,41.354829],[28.264045,41.356261],[28.263587,41.356458],[28.262946,41.356957],[28.262353,41.35738],[28.262144,41.357778],[28.262703,41.358747],[28.262918,41.359678],[28.263631,41.360373],[28.263945,41.36111],[28.264207,41.36227],[28.264727,41.363136],[28.2646,41.364377],[28.264533,41.365328],[28.264369,41.366749],[28.264547,41.368405],[28.264848,41.368941],[28.265872,41.368817],[28.268347,41.369302],[28.270536,41.370104],[28.271809,41.371088],[28.272899,41.3713],[28.273714,41.372795],[28.273707,41.375159],[28.271448,41.376999],[28.270677,41.378078],[28.269513,41.37925],[28.268376,41.380127],[28.267667,41.380942],[28.268466,41.38301],[28.269125,41.384083],[28.269005,41.385102],[28.269362,41.385653],[28.27029,41.386366],[28.270501,41.386817],[28.270621,41.388609],[28.270718,41.389128],[28.270801,41.389521],[28.270833,41.390416],[28.270636,41.390819],[28.270966,41.392391],[28.271212,41.392912],[28.270987,41.393591],[28.270984,41.393592],[28.27099,41.393597],[28.271689,41.394017],[28.272023,41.394546],[28.273376,41.396087],[28.274063,41.396423],[28.274627,41.396725],[28.275964,41.397249],[28.276845,41.397629],[28.278121,41.398403],[28.278441,41.398735],[28.278441,41.398736],[28.278442,41.398735],[28.278461,41.398755],[28.279644,41.399307],[28.280795,41.399513],[28.281608,41.39984],[28.284467,41.399736],[28.285211,41.399537],[28.285694,41.399167],[28.288869,41.399235],[28.291357,41.398905],[28.29357,41.398434],[28.296539,41.397314],[28.297069,41.396745],[28.29706,41.396587],[28.297627,41.395117],[28.29804,41.394252],[28.298501,41.393661],[28.298212,41.393017],[28.296635,41.392564],[28.293573,41.392497],[28.292375,41.391944],[28.291888,41.391392],[28.291263,41.390271],[28.291233,41.38983],[28.292134,41.388899],[28.292711,41.388152],[28.293117,41.387539],[28.294057,41.386756],[28.294654,41.386293],[28.295264,41.385882],[28.295908,41.385231],[28.296829,41.384626],[28.297996,41.384181],[28.298478,41.383863],[28.298547,41.383371],[28.297903,41.382418],[28.297645,41.382162],[28.296936,41.381575],[28.296113,41.380566],[28.296188,41.379822],[28.297049,41.37886],[28.298051,41.37836],[28.29885,41.378162],[28.300139,41.377846],[28.301358,41.37756],[28.302018,41.37737],[28.302981,41.377269],[28.304147,41.377433],[28.305435,41.37826],[28.307657,41.379027],[28.309182,41.37929],[28.312895,41.379513],[28.31364,41.379786],[28.31518,41.380543],[28.315474,41.381029],[28.316579,41.381916],[28.316755,41.382653],[28.317541,41.382979],[28.31913,41.382898],[28.320718,41.382354],[28.321663,41.381917],[28.32221,41.380656],[28.322699,41.380086],[28.323743,41.379556],[28.32457,41.379327],[28.325139,41.37944],[28.325437,41.379748],[28.325845,41.380142],[28.326819,41.381237],[28.32734,41.382136],[28.327887,41.383602],[28.328231,41.38539],[28.328383,41.386001],[28.32837,41.386494],[28.328669,41.387337],[28.328939,41.388212],[28.33147,41.388375],[28.332392,41.388262],[28.333142,41.387811],[28.333486,41.387418],[28.333671,41.387263],[28.333692,41.38697],[28.334035,41.386639],[28.334759,41.386125],[28.335277,41.385996],[28.336768,41.385986],[28.337321,41.386152],[28.337482,41.386385],[28.337325,41.386519],[28.337441,41.386909],[28.337593,41.388033],[28.337362,41.388376],[28.337741,41.388791],[28.337673,41.389293],[28.336983,41.390657],[28.336516,41.391511],[28.337088,41.392001],[28.337958,41.392287],[28.338714,41.392686],[28.338929,41.392993],[28.33953,41.393474],[28.340975,41.394156],[28.342981,41.394719],[28.346028,41.394323],[28.346844,41.394009],[28.34762,41.393632],[28.348117,41.393251],[28.348557,41.392394],[28.348437,41.391808],[28.347822,41.391476],[28.347218,41.390964],[28.345881,41.389956],[28.346073,41.389232],[28.34638,41.388845],[28.347205,41.388539],[28.348931,41.387747],[28.348954,41.387744]]]}},{"type":"Feature","properties":{"id":"TR-Y-34-015-M-0027","level":"yerlesim","type":"mahalle","parent_id":"TR-D-34-015","province_id":"TR-P-34","district_id":"TR-D-34-015","name":"Kestanelik","source_raw_name":"KESTANELİK","source":"Kullanıcı tarafından sağlanan KML","source_label":"Kullanıcı tarafından sağlanan KML","source_name":"Istanbul Mahalle KML"},"geometry":{"type":"Polygon","coordinates":[[[28.512742,41.200296],[28.512755,41.200333],[28.512819,41.200448],[28.512907,41.200549],[28.512727,41.200755],[28.512701,41.20084],[28.512736,41.200958],[28.512729,41.201091],[28.51267,41.201169],[28.512469,41.201295],[28.512251,41.201481],[28.512152,41.201687],[28.512107,41.201794],[28.512139,41.202041],[28.512078,41.202216],[28.512,41.202333],[28.511702,41.202343],[28.511513,41.202323],[28.51135,41.202374],[28.511169,41.202443],[28.51104,41.202485],[28.510972,41.202573],[28.510946,41.202659],[28.51078,41.202682],[28.510615,41.202672],[28.510454,41.202667],[28.510344,41.202697],[28.510314,41.202786],[28.510282,41.202954],[28.509959,41.202978],[28.509567,41.202927],[28.509604,41.202781],[28.509695,41.20251],[28.509767,41.202286],[28.509849,41.202001],[28.509901,41.201794],[28.510024,41.201401],[28.509899,41.201283],[28.509763,41.201157],[28.509622,41.201026],[28.509294,41.200831],[28.508902,41.200605],[28.508639,41.200456],[28.508424,41.20044],[28.508188,41.200416],[28.507938,41.20026],[28.507547,41.199998],[28.507201,41.199764],[28.506916,41.199535],[28.506584,41.199281],[28.506207,41.198985],[28.505985,41.198809],[28.505647,41.198549],[28.505542,41.198475],[28.505349,41.198316],[28.505244,41.19824],[28.505075,41.198178],[28.505051,41.198165],[28.504968,41.198074],[28.504883,41.197962],[28.50467,41.197823],[28.504465,41.197735],[28.50408,41.19757],[28.503869,41.197476],[28.503563,41.197332],[28.503448,41.19724],[28.503385,41.197207],[28.503095,41.197094],[28.502979,41.197042],[28.502639,41.196869],[28.502418,41.19675],[28.502205,41.196636],[28.502071,41.196566],[28.501782,41.196395],[28.501621,41.196319],[28.50135,41.196195],[28.501287,41.196166],[28.50096,41.196127],[28.50054,41.196084],[28.50011,41.196038],[28.499576,41.195982],[28.49925,41.19594],[28.498909,41.195934],[28.498302,41.195924],[28.497781,41.195905],[28.497721,41.195648],[28.497676,41.195457],[28.497629,41.195199],[28.49759,41.195008],[28.49756,41.194769],[28.497369,41.194769],[28.496965,41.194751],[28.496682,41.194755],[28.496503,41.194785],[28.496262,41.19488],[28.495951,41.19507],[28.495573,41.195304],[28.495274,41.195461],[28.494988,41.195616],[28.494885,41.195715],[28.494673,41.195773],[28.494311,41.195873],[28.493674,41.196011],[28.493367,41.196045],[28.492815,41.196221],[28.492432,41.196329],[28.492255,41.196377],[28.49145,41.196861],[28.490997,41.196996],[28.4909,41.197027],[28.490401,41.197105],[28.490026,41.197188],[28.489868,41.19721],[28.489353,41.197284],[28.488912,41.197351],[28.488734,41.19768],[28.488648,41.197826],[28.488514,41.197987],[28.488294,41.19828],[28.487994,41.198815],[28.487914,41.198958],[28.487755,41.199246],[28.487569,41.199577],[28.487441,41.199809],[28.487394,41.199892],[28.487341,41.199987],[28.487341,41.200359],[28.487347,41.200904],[28.487361,41.201339],[28.48737,41.201763],[28.487389,41.202103],[28.487405,41.202646],[28.487414,41.203071],[28.487431,41.203365],[28.487433,41.203664],[28.487444,41.204089],[28.487457,41.204461],[28.487469,41.204835],[28.487483,41.205151],[28.487494,41.205723],[28.487506,41.206119],[28.487435,41.206338],[28.487461,41.206662],[28.487461,41.207018],[28.487473,41.207247],[28.487432,41.207546],[28.487437,41.207949],[28.487468,41.208276],[28.487494,41.208566],[28.487559,41.208983],[28.487608,41.209442],[28.487639,41.209636],[28.487672,41.2103],[28.487769,41.211312],[28.487843,41.212457],[28.487915,41.21344],[28.487987,41.214423],[28.488132,41.216113],[28.488198,41.217062],[28.488262,41.217835],[28.488353,41.218857],[28.488442,41.220159],[28.488438,41.220186],[28.488699,41.220278],[28.489119,41.220385],[28.48931,41.220423],[28.489434,41.220446],[28.489527,41.220535],[28.489571,41.220662],[28.489805,41.220813],[28.490028,41.220856],[28.490188,41.220847],[28.490372,41.220866],[28.490823,41.22104],[28.490943,41.221048],[28.491095,41.221035],[28.491222,41.220999],[28.491299,41.221018],[28.491529,41.221081],[28.492002,41.221173],[28.491972,41.221295],[28.491907,41.221481],[28.491831,41.221685],[28.491712,41.221812],[28.491673,41.221852],[28.491636,41.221975],[28.491581,41.222119],[28.491481,41.222302],[28.4914,41.222355],[28.491338,41.222513],[28.491318,41.222603],[28.491208,41.222778],[28.49104,41.222973],[28.4909,41.223076],[28.490687,41.223129],[28.4906,41.223168],[28.490458,41.223257],[28.490366,41.223431],[28.490329,41.223573],[28.490266,41.223693],[28.490134,41.223787],[28.489787,41.223957],[28.489674,41.223977],[28.489585,41.224039],[28.489548,41.224263],[28.489491,41.224467],[28.489392,41.224689],[28.489312,41.224798],[28.489177,41.224914],[28.489036,41.225078],[28.488865,41.225287],[28.488733,41.225468],[28.488517,41.225737],[28.488438,41.226033],[28.488093,41.226066],[28.48809,41.226189],[28.487972,41.226396],[28.487877,41.226448],[28.487682,41.226517],[28.487599,41.226556],[28.487492,41.226628],[28.487432,41.226677],[28.48737,41.226733],[28.487291,41.226808],[28.487195,41.226898],[28.487057,41.227015],[28.486955,41.227117],[28.486993,41.227614],[28.486904,41.22788],[28.486575,41.228169],[28.486332,41.228645],[28.485939,41.22903],[28.485262,41.229439],[28.484812,41.229844],[28.484364,41.2302],[28.483993,41.230059],[28.483814,41.230177],[28.483401,41.231092],[28.483304,41.231477],[28.482912,41.231944],[28.482429,41.232556],[28.482088,41.232985],[28.481512,41.233721],[28.480931,41.234457],[28.478966,41.236957],[28.47811,41.238048],[28.476815,41.240166],[28.474351,41.241846],[28.473975,41.242052],[28.47363,41.242404],[28.473473,41.242876],[28.473046,41.243879],[28.473067,41.244897],[28.473322,41.246002],[28.473316,41.247222],[28.473124,41.248211],[28.472646,41.248984],[28.472574,41.249678],[28.468841,41.250899],[28.466771,41.251607],[28.467247,41.25159],[28.467994,41.251404],[28.46856,41.251126],[28.468961,41.251065],[28.469214,41.251158],[28.469364,41.25134],[28.469504,41.251341],[28.469707,41.251517],[28.470102,41.251379],[28.470364,41.251443],[28.470512,41.251707],[28.470651,41.251765],[28.471448,41.251716],[28.472094,41.251578],[28.472253,41.251524],[28.473,41.251584],[28.473604,41.251486],[28.47451,41.250933],[28.475187,41.250557],[28.475494,41.250233],[28.475804,41.249948],[28.475931,41.249779],[28.476145,41.249465],[28.476614,41.249162],[28.477175,41.249034],[28.476379,41.247735],[28.47587,41.246942],[28.475414,41.24593],[28.477149,41.245073],[28.478572,41.244379],[28.479591,41.243685],[28.481227,41.242741],[28.482517,41.242446],[28.484018,41.242014],[28.485109,41.242178],[28.486214,41.241934],[28.486686,41.241694],[28.487264,41.24141],[28.487869,41.241109],[28.488011,41.241257],[28.488163,41.241426],[28.488258,41.241564],[28.488401,41.241939],[28.488445,41.242037],[28.488513,41.24197],[28.488588,41.24185],[28.488675,41.241688],[28.488727,41.241589],[28.488891,41.241605],[28.488959,41.241609],[28.489118,41.24157],[28.489283,41.241509],[28.489357,41.241475],[28.489379,41.241394],[28.489389,41.241257],[28.489395,41.241219],[28.489407,41.241185],[28.489476,41.241154],[28.489521,41.241141],[28.489595,41.241129],[28.489663,41.241081],[28.489858,41.24093],[28.489999,41.24083],[28.490175,41.240678],[28.490279,41.240587],[28.490286,41.240535],[28.490277,41.240376],[28.490258,41.240178],[28.490249,41.240107],[28.490251,41.239957],[28.490253,41.239763],[28.490461,41.239624],[28.490506,41.239636],[28.490742,41.239724],[28.49104,41.239604],[28.491369,41.239453],[28.491528,41.239369],[28.491578,41.239359],[28.49194,41.239325],[28.492357,41.239413],[28.49259,41.239462],[28.492745,41.239496],[28.492768,41.239492],[28.492936,41.239394],[28.493014,41.239348],[28.493096,41.239375],[28.493215,41.239412],[28.493227,41.239411],[28.49324,41.239409],[28.493279,41.239327],[28.493344,41.239333],[28.493486,41.239344],[28.493632,41.239356],[28.493828,41.239372],[28.49396,41.239384],[28.494136,41.239397],[28.494272,41.239426],[28.494378,41.239449],[28.494496,41.239476],[28.494531,41.239486],[28.494609,41.239517],[28.494731,41.239557],[28.494859,41.239599],[28.494942,41.239626],[28.495042,41.239658],[28.49516,41.239694],[28.495313,41.239741],[28.495484,41.239791],[28.495554,41.239812],[28.495706,41.239854],[28.495855,41.239899],[28.496049,41.239954],[28.49621,41.240001],[28.496351,41.240033],[28.496467,41.24007],[28.496531,41.240091],[28.496609,41.24012],[28.496694,41.240152],[28.496747,41.240173],[28.496845,41.240215],[28.496979,41.240271],[28.497119,41.240334],[28.497268,41.240387],[28.497467,41.240447],[28.497519,41.240462],[28.497594,41.24048],[28.497689,41.240501],[28.497779,41.240521],[28.497911,41.240548],[28.498047,41.240576],[28.498192,41.240615],[28.498265,41.240632],[28.498369,41.240628],[28.498494,41.240623],[28.498587,41.240617],[28.498684,41.24061],[28.498787,41.240602],[28.498871,41.24056],[28.49894,41.240534],[28.499067,41.240477],[28.499128,41.240443],[28.499217,41.240375],[28.499328,41.240449],[28.499452,41.24053],[28.499566,41.240541],[28.499709,41.240419],[28.499765,41.240426],[28.499866,41.240437],[28.500019,41.240452],[28.500105,41.240461],[28.500185,41.240471],[28.500268,41.240482],[28.500354,41.240497],[28.50043,41.240512],[28.500618,41.240553],[28.500753,41.240584],[28.500812,41.240596],[28.500974,41.240651],[28.501041,41.240677],[28.501182,41.240724],[28.501314,41.240778],[28.501467,41.240841],[28.501526,41.240857],[28.501636,41.240917],[28.501778,41.240984],[28.501838,41.241007],[28.501927,41.241044],[28.502053,41.2411],[28.502169,41.240933],[28.502241,41.240836],[28.502318,41.240739],[28.50241,41.240646],[28.502516,41.24054],[28.502605,41.240463],[28.502698,41.240398],[28.50275,41.240394],[28.502847,41.240434],[28.502887,41.24043],[28.502953,41.240384],[28.503026,41.240321],[28.503127,41.240248],[28.503208,41.240199],[28.503339,41.240148],[28.503473,41.240127],[28.503636,41.240155],[28.503923,41.240226],[28.503969,41.240237],[28.504134,41.240093],[28.504189,41.240025],[28.504221,41.239814],[28.504277,41.2396],[28.504348,41.239509],[28.504444,41.239379],[28.50453,41.239263],[28.50463,41.239126],[28.504709,41.239015],[28.504784,41.238916],[28.504886,41.238782],[28.505083,41.238995],[28.505281,41.239205],[28.505395,41.239329],[28.505508,41.239435],[28.505601,41.239524],[28.505704,41.239622],[28.505771,41.239685],[28.505872,41.239782],[28.506014,41.239918],[28.506172,41.240072],[28.506312,41.240206],[28.506396,41.240284],[28.506454,41.24034],[28.506543,41.240396],[28.506663,41.240473],[28.506776,41.240542],[28.506955,41.240656],[28.507133,41.240769],[28.507275,41.240848],[28.507315,41.240604],[28.507356,41.240326],[28.507507,41.240577],[28.50755,41.24064],[28.507661,41.240719],[28.507761,41.240779],[28.507936,41.240886],[28.508129,41.24101],[28.508329,41.241137],[28.508448,41.241216],[28.508622,41.241314],[28.508843,41.241459],[28.509018,41.241564],[28.509214,41.241694],[28.509395,41.241807],[28.509517,41.241876],[28.509584,41.241936],[28.509781,41.242163],[28.50993,41.24234],[28.510154,41.242604],[28.510287,41.242763],[28.510446,41.242937],[28.510643,41.243162],[28.510816,41.243362],[28.51098,41.243553],[28.511165,41.243757],[28.511319,41.243942],[28.51141,41.244047],[28.511615,41.244258],[28.511808,41.244482],[28.512091,41.244792],[28.512317,41.245068],[28.512576,41.245368],[28.512735,41.245574],[28.51281,41.245694],[28.512917,41.245907],[28.513033,41.246159],[28.513233,41.24651],[28.513294,41.246627],[28.513439,41.246849],[28.513557,41.247015],[28.513612,41.247059],[28.513729,41.2471],[28.513969,41.247189],[28.51416,41.247246],[28.51435,41.247309],[28.514487,41.247342],[28.514634,41.247379],[28.514809,41.247413],[28.514939,41.247435],[28.515036,41.24745],[28.515212,41.247472],[28.515457,41.247496],[28.515628,41.247533],[28.515702,41.247554],[28.515771,41.247589],[28.515944,41.247611],[28.516186,41.247642],[28.516552,41.247642],[28.516863,41.247686],[28.517181,41.24777],[28.517551,41.247917],[28.517825,41.248071],[28.517953,41.247997],[28.518975,41.247808],[28.519274,41.247686],[28.519646,41.247181],[28.520042,41.246817],[28.519964,41.246585],[28.520417,41.245802],[28.52055,41.245585],[28.520938,41.24519],[28.521454,41.244775],[28.521459,41.244737],[28.521077,41.244367],[28.520626,41.24429],[28.520604,41.244246],[28.520908,41.243714],[28.520931,41.243584],[28.520845,41.242989],[28.521025,41.242462],[28.520535,41.242185],[28.520365,41.242115],[28.520206,41.242086],[28.520077,41.242093],[28.519904,41.242141],[28.519738,41.242213],[28.519577,41.242273],[28.519429,41.242279],[28.519238,41.242242],[28.519042,41.242145],[28.51878,41.241962],[28.518595,41.241874],[28.51839,41.241798],[28.518095,41.241714],[28.517761,41.241495],[28.517535,41.241445],[28.517266,41.241459],[28.517184,41.241435],[28.517096,41.241363],[28.516784,41.241212],[28.516485,41.240954],[28.516322,41.240902],[28.516155,41.240897],[28.516034,41.240887],[28.515906,41.240867],[28.515747,41.240801],[28.515629,41.240693],[28.515492,41.240526],[28.515367,41.240342],[28.515285,41.240179],[28.51526,41.240076],[28.515092,41.239758],[28.514814,41.239634],[28.514492,41.239547],[28.514211,41.239541],[28.513995,41.239588],[28.513557,41.239656],[28.513257,41.239634],[28.512962,41.239539],[28.512619,41.239355],[28.512306,41.239216],[28.512101,41.239131],[28.511825,41.238939],[28.511593,41.238841],[28.511371,41.238668],[28.511292,41.238528],[28.511174,41.23822],[28.510905,41.237866],[28.510802,41.237762],[28.510554,41.237526],[28.510131,41.237232],[28.509884,41.237071],[28.509474,41.236852],[28.509269,41.236704],[28.509133,41.236533],[28.50905,41.236475],[28.50873,41.236292],[28.508504,41.236107],[28.508424,41.236027],[28.508139,41.235744],[28.507833,41.235467],[28.507565,41.235305],[28.50748,41.235181],[28.507398,41.235009],[28.507347,41.234941],[28.507264,41.23491],[28.507021,41.234897],[28.506758,41.234867],[28.506579,41.234831],[28.506449,41.234782],[28.506132,41.234622],[28.505915,41.23449],[28.505756,41.234347],[28.505511,41.23411],[28.5057,41.233595],[28.506014,41.232713],[28.506077,41.23255],[28.506152,41.232269],[28.506135,41.232257],[28.506058,41.232177],[28.505943,41.232057],[28.505885,41.231969],[28.505825,41.231878],[28.505671,41.231694],[28.505558,41.231626],[28.505345,41.231476],[28.50512,41.231314],[28.505007,41.231252],[28.50494,41.231124],[28.504887,41.23102],[28.504743,41.231069],[28.504449,41.231188],[28.504316,41.231046],[28.504306,41.230978],[28.504292,41.230881],[28.504277,41.230796],[28.504252,41.230654],[28.504259,41.230609],[28.504282,41.230468],[28.504337,41.23033],[28.504476,41.230237],[28.504688,41.23019],[28.504747,41.230005],[28.504775,41.229749],[28.504788,41.229591],[28.504818,41.229335],[28.504847,41.229221],[28.505,41.228989],[28.505089,41.228844],[28.505197,41.228662],[28.505289,41.228481],[28.505338,41.228374],[28.505417,41.22824],[28.505512,41.228078],[28.505529,41.228002],[28.505421,41.227919],[28.505379,41.227829],[28.505422,41.227526],[28.505447,41.227478],[28.505603,41.227153],[28.505707,41.227012],[28.505922,41.226724],[28.506028,41.226628],[28.506331,41.22635],[28.506391,41.226294],[28.506513,41.226134],[28.506595,41.225974],[28.506568,41.225899],[28.505962,41.225838],[28.506011,41.225593],[28.506068,41.225542],[28.506144,41.225424],[28.506195,41.225308],[28.506189,41.225261],[28.506163,41.225135],[28.50614,41.225035],[28.506145,41.225005],[28.506255,41.224877],[28.506495,41.224714],[28.506663,41.224595],[28.506776,41.224527],[28.506923,41.224447],[28.506982,41.224412],[28.507,41.224068],[28.507011,41.223399],[28.507058,41.222704],[28.507128,41.221799],[28.507181,41.221803],[28.507338,41.221825],[28.507481,41.221845],[28.50758,41.221858],[28.507687,41.221873],[28.507704,41.221874],[28.507715,41.221801],[28.507726,41.22171],[28.507736,41.221641],[28.507749,41.221549],[28.507759,41.221474],[28.507769,41.221406],[28.507798,41.221212],[28.507808,41.221104],[28.507825,41.220993],[28.507851,41.220844],[28.507856,41.220776],[28.507855,41.220706],[28.507846,41.220563],[28.507841,41.220383],[28.50783,41.220245],[28.507812,41.220156],[28.507796,41.220047],[28.507782,41.219921],[28.507769,41.219763],[28.507749,41.21952],[28.507718,41.219186],[28.507693,41.218972],[28.507686,41.218852],[28.507621,41.21878],[28.50752,41.218713],[28.507446,41.218611],[28.507256,41.218373],[28.507211,41.218221],[28.507168,41.21807],[28.507132,41.217937],[28.507135,41.217687],[28.507132,41.217447],[28.507132,41.217298],[28.507138,41.217174],[28.507147,41.216957],[28.507169,41.216828],[28.507193,41.216659],[28.507238,41.216373],[28.507278,41.21613],[28.507316,41.215904],[28.507308,41.215794],[28.507304,41.215723],[28.507293,41.215658],[28.507239,41.21522],[28.507253,41.215103],[28.507265,41.215053],[28.507295,41.214968],[28.507347,41.214817],[28.507394,41.214681],[28.507438,41.214554],[28.507485,41.214419],[28.507513,41.214329],[28.507552,41.214199],[28.507589,41.214077],[28.507615,41.213991],[28.507656,41.21387],[28.507694,41.213755],[28.507739,41.213619],[28.507766,41.213535],[28.507801,41.213418],[28.507839,41.213293],[28.507868,41.213225],[28.507919,41.213107],[28.507976,41.21296],[28.508021,41.212845],[28.508055,41.212757],[28.508091,41.212662],[28.508089,41.212575],[28.508084,41.212367],[28.50808,41.212156],[28.508083,41.211962],[28.508085,41.211824],[28.50809,41.211772],[28.508115,41.211645],[28.508128,41.211584],[28.508153,41.211462],[28.508164,41.211404],[28.508217,41.211304],[28.508284,41.211179],[28.508337,41.211087],[28.50838,41.211018],[28.50842,41.210895],[28.508479,41.210721],[28.508359,41.210628],[28.508152,41.210467],[28.508057,41.210377],[28.508057,41.210304],[28.508109,41.210261],[28.508144,41.210151],[28.508166,41.209977],[28.508152,41.209898],[28.508105,41.209837],[28.507991,41.209733],[28.507866,41.209634],[28.507822,41.209577],[28.507812,41.209507],[28.507858,41.209431],[28.507928,41.209341],[28.507967,41.209262],[28.508014,41.209228],[28.508107,41.209173],[28.508156,41.209149],[28.508179,41.209113],[28.508202,41.209058],[28.508204,41.20895],[28.50827,41.208854],[28.508349,41.208773],[28.508478,41.208704],[28.508607,41.208631],[28.508728,41.208578],[28.508916,41.208524],[28.509029,41.208496],[28.509102,41.20844],[28.509115,41.208353],[28.509098,41.208157],[28.509121,41.208109],[28.509197,41.208042],[28.509262,41.20799],[28.509303,41.207929],[28.509293,41.207864],[28.509266,41.207785],[28.509199,41.207664],[28.509207,41.207603],[28.50925,41.207536],[28.509327,41.207424],[28.509327,41.207196],[28.509331,41.207053],[28.509436,41.207062],[28.50951,41.207068],[28.509569,41.207073],[28.509637,41.207078],[28.509712,41.207085],[28.50977,41.207089],[28.509808,41.207093],[28.509886,41.207099],[28.509934,41.207103],[28.509997,41.207108],[28.510066,41.207114],[28.510122,41.207118],[28.510172,41.207122],[28.510232,41.207127],[28.510283,41.207132],[28.510341,41.207136],[28.510384,41.20714],[28.510447,41.207145],[28.510517,41.207151],[28.510623,41.207159],[28.510697,41.207165],[28.510774,41.207172],[28.510838,41.207177],[28.510869,41.20718],[28.510881,41.20718],[28.510882,41.207178],[28.510874,41.207148],[28.510853,41.207084],[28.510836,41.207031],[28.510832,41.207015],[28.510817,41.206963],[28.510806,41.206918],[28.510791,41.206862],[28.510785,41.20684],[28.510768,41.206787],[28.510756,41.206746],[28.510742,41.206698],[28.510728,41.206653],[28.510718,41.206619],[28.51071,41.206587],[28.510698,41.20654],[28.510686,41.206494],[28.510675,41.206451],[28.510663,41.206401],[28.51065,41.206353],[28.510629,41.206282],[28.510613,41.206229],[28.510598,41.206177],[28.51058,41.206118],[28.510567,41.206065],[28.510557,41.206024],[28.510568,41.205999],[28.510597,41.205938],[28.510614,41.205894],[28.510636,41.205838],[28.510655,41.205791],[28.51067,41.205748],[28.510686,41.205694],[28.510699,41.205645],[28.510713,41.205595],[28.510725,41.205566],[28.510744,41.205519],[28.510763,41.205477],[28.510779,41.205438],[28.510802,41.205385],[28.510823,41.205334],[28.510839,41.205304],[28.510862,41.205259],[28.510881,41.205225],[28.510899,41.205187],[28.510919,41.205156],[28.510931,41.205138],[28.510959,41.205092],[28.511001,41.205026],[28.511019,41.204995],[28.511042,41.204959],[28.511046,41.204949],[28.511053,41.204927],[28.511076,41.204882],[28.511109,41.204818],[28.511138,41.204763],[28.511164,41.204711],[28.511198,41.204651],[28.511218,41.204614],[28.511246,41.204563],[28.51126,41.204538],[28.511269,41.204521],[28.511301,41.204471],[28.511326,41.20443],[28.511351,41.20439],[28.511389,41.20433],[28.511414,41.204288],[28.511427,41.204265],[28.51145,41.204225],[28.511467,41.204193],[28.511491,41.204151],[28.511515,41.204108],[28.511532,41.204078],[28.511546,41.204057],[28.511576,41.204013],[28.511604,41.203971],[28.511624,41.203941],[28.511658,41.20389],[28.511684,41.20385],[28.511708,41.203815],[28.511733,41.203775],[28.511755,41.203742],[28.511773,41.203714],[28.5118,41.203673],[28.511823,41.20363],[28.511843,41.203595],[28.511856,41.203569],[28.511874,41.203536],[28.511897,41.203493],[28.511914,41.203461],[28.511935,41.203422],[28.511955,41.203385],[28.511972,41.203352],[28.511986,41.203325],[28.511993,41.203312],[28.512015,41.203269],[28.51204,41.203225],[28.512079,41.203155],[28.512108,41.203102],[28.512118,41.203083],[28.512152,41.203018],[28.512187,41.20295],[28.512212,41.202901],[28.512229,41.202869],[28.512269,41.202789],[28.512294,41.20274],[28.512313,41.202703],[28.512332,41.202666],[28.512336,41.202653],[28.512347,41.202642],[28.51238,41.20261],[28.51242,41.202572],[28.512451,41.202544],[28.512485,41.20251],[28.512519,41.202478],[28.512552,41.202445],[28.5126,41.202399],[28.512635,41.202366],[28.512676,41.202326],[28.512725,41.202278],[28.512775,41.20223],[28.512818,41.202188],[28.51284,41.202166],[28.512893,41.202114],[28.512946,41.202062],[28.512982,41.202026],[28.512995,41.201999],[28.51302,41.201948],[28.513034,41.201918],[28.513055,41.201872],[28.513065,41.201846],[28.513071,41.201831],[28.513087,41.201795],[28.5131,41.201765],[28.51312,41.201721],[28.513145,41.201668],[28.513167,41.201619],[28.513186,41.201579],[28.513203,41.201541],[28.513225,41.201494],[28.513251,41.201445],[28.513271,41.201407],[28.513291,41.201369],[28.513319,41.201337],[28.513337,41.201317],[28.513358,41.201293],[28.513383,41.201263],[28.513432,41.20121],[28.513527,41.201109],[28.513532,41.201104],[28.51354,41.201096],[28.513544,41.201092],[28.513552,41.201084],[28.513564,41.201074],[28.513571,41.201067],[28.513581,41.201059],[28.513588,41.201052],[28.513594,41.201046],[28.513601,41.20104],[28.513609,41.201033],[28.513615,41.201028],[28.513621,41.201022],[28.51363,41.201015],[28.513645,41.201001],[28.513657,41.200991],[28.513662,41.200986],[28.513684,41.200966],[28.513703,41.200949],[28.513734,41.200921],[28.513758,41.2009],[28.513781,41.200879],[28.513799,41.200863],[28.513814,41.200849],[28.513826,41.20083],[28.51384,41.200809],[28.513854,41.200788],[28.51387,41.200763],[28.513885,41.200741],[28.513887,41.200736],[28.513884,41.200735],[28.513272,41.200494],[28.512742,41.200296]]]}},{"type":"Feature","properties":{"id":"TR-Y-34-015-M-0028","level":"yerlesim","type":"mahalle","parent_id":"TR-D-34-015","province_id":"TR-P-34","district_id":"TR-D-34-015","name":"Kızılcaali","source_raw_name":"KIZILCAALİ","source":"Kullanıcı tarafından sağlanan KML","source_label":"Kullanıcı tarafından sağlanan KML","source_name":"Istanbul Mahalle KML"},"geometry":{"type":"Polygon","coordinates":[[[28.542623,41.222592],[28.542734,41.222781],[28.542836,41.222979],[28.543022,41.223028],[28.543234,41.22317],[28.543383,41.223277],[28.543575,41.223369],[28.543639,41.223462],[28.543708,41.223647],[28.543776,41.223819],[28.543855,41.223858],[28.543973,41.223874],[28.544146,41.223799],[28.544248,41.223793],[28.544395,41.22388],[28.544527,41.224003],[28.544569,41.224208],[28.544603,41.224323],[28.544591,41.224549],[28.544641,41.224684],[28.544797,41.224801],[28.544968,41.224962],[28.545062,41.22518],[28.545143,41.22552],[28.545188,41.225734],[28.545092,41.226036],[28.545262,41.226582],[28.545311,41.226747],[28.545494,41.226939],[28.545735,41.227164],[28.545463,41.227536],[28.545153,41.228059],[28.544806,41.228634],[28.544635,41.228924],[28.544284,41.229694],[28.544271,41.229743],[28.544022,41.229899],[28.543894,41.230097],[28.543763,41.230205],[28.543748,41.230347],[28.543634,41.230474],[28.543449,41.230613],[28.543237,41.230702],[28.543015,41.230787],[28.542883,41.23083],[28.542795,41.230907],[28.542731,41.230987],[28.542522,41.231072],[28.542392,41.231126],[28.54231,41.231147],[28.542165,41.231196],[28.542012,41.231282],[28.541872,41.231384],[28.541701,41.231509],[28.541499,41.23168],[28.541365,41.231787],[28.541279,41.231898],[28.541143,41.232124],[28.541158,41.232328],[28.541188,41.232518],[28.541234,41.232689],[28.54136,41.232907],[28.541425,41.232994],[28.541554,41.233218],[28.541342,41.233275],[28.541304,41.233338],[28.541261,41.233475],[28.541187,41.233601],[28.541086,41.233686],[28.540923,41.233777],[28.540783,41.233865],[28.540662,41.233955],[28.540616,41.233999],[28.540558,41.234066],[28.540491,41.234148],[28.540462,41.234202],[28.540421,41.234275],[28.540379,41.234424],[28.540367,41.23447],[28.540326,41.234555],[28.540209,41.234671],[28.540125,41.234741],[28.54005,41.234827],[28.539951,41.234936],[28.539846,41.235059],[28.53972,41.235208],[28.539661,41.235281],[28.539544,41.235469],[28.539429,41.235672],[28.539376,41.235768],[28.539321,41.235863],[28.539274,41.235977],[28.539249,41.236037],[28.539049,41.236283],[28.539016,41.236439],[28.539167,41.236722],[28.539296,41.236951],[28.539382,41.237475],[28.539809,41.239089],[28.540425,41.239712],[28.54101,41.240909],[28.541148,41.241372],[28.54114,41.241722],[28.541429,41.242089],[28.541066,41.242574],[28.540799,41.242906],[28.540752,41.243339],[28.540989,41.244377],[28.541114,41.245414],[28.541193,41.246002],[28.541002,41.247133],[28.541011,41.247524],[28.540733,41.248288],[28.540548,41.248632],[28.540269,41.249006],[28.541029,41.249039],[28.540634,41.249947],[28.539966,41.251362],[28.537327,41.251919],[28.536605,41.251571],[28.536701,41.254671],[28.537769,41.255408],[28.537748,41.255691],[28.537892,41.256113],[28.538281,41.256757],[28.538388,41.256982],[28.538691,41.257428],[28.53888,41.257714],[28.538936,41.257992],[28.539026,41.25853],[28.539149,41.259004],[28.539324,41.259207],[28.539684,41.259518],[28.540338,41.260022],[28.540915,41.260448],[28.541178,41.26057],[28.541661,41.260652],[28.541769,41.260742],[28.541786,41.261032],[28.541823,41.261823],[28.54189,41.261977],[28.542158,41.262217],[28.542479,41.262557],[28.542791,41.262921],[28.543012,41.263183],[28.543188,41.263363],[28.543836,41.263784],[28.544499,41.264182],[28.545041,41.26443],[28.545214,41.264482],[28.545481,41.264535],[28.545832,41.26458],[28.545931,41.264589],[28.545929,41.264598],[28.546926,41.263696],[28.54762,41.263194],[28.548001,41.262299],[28.548624,41.261332],[28.549192,41.260487],[28.54954,41.260343],[28.552497,41.260122],[28.552917,41.260207],[28.554788,41.261364],[28.555512,41.261632],[28.556117,41.261659],[28.558623,41.26114],[28.559207,41.261373],[28.559881,41.261852],[28.560153,41.261889],[28.560506,41.261827],[28.561151,41.261521],[28.561441,41.26153],[28.562135,41.26179],[28.562369,41.26175],[28.563455,41.261246],[28.564448,41.261141],[28.564719,41.261021],[28.565834,41.26016],[28.566263,41.260098],[28.567015,41.260164],[28.567835,41.260542],[28.56833,41.260532],[28.568973,41.260241],[28.569644,41.259956],[28.572862,41.259546],[28.5731,41.259441],[28.573275,41.25936],[28.573274,41.259359],[28.573825,41.259106],[28.574334,41.258818],[28.574533,41.258565],[28.574801,41.25814],[28.574992,41.257685],[28.575023,41.257471],[28.57488,41.257271],[28.574531,41.256845],[28.574421,41.256721],[28.574236,41.256492],[28.573558,41.255957],[28.573849,41.255656],[28.573886,41.255404],[28.574042,41.25505],[28.57452,41.254753],[28.575129,41.254444],[28.575297,41.254076],[28.574645,41.253864],[28.574501,41.253723],[28.574276,41.25338],[28.574393,41.252696],[28.574811,41.251408],[28.575117,41.250825],[28.574718,41.250041],[28.574532,41.24965],[28.5743,41.249112],[28.574691,41.248954],[28.575307,41.248721],[28.576029,41.248555],[28.57628,41.248553],[28.576654,41.248543],[28.576657,41.248336],[28.57671,41.248127],[28.576718,41.247951],[28.576768,41.247715],[28.57684,41.247503],[28.576861,41.247378],[28.576815,41.247284],[28.576696,41.247161],[28.576662,41.247103],[28.576697,41.246924],[28.576664,41.246818],[28.576503,41.246674],[28.576331,41.246484],[28.576051,41.246261],[28.575904,41.246085],[28.575702,41.245983],[28.57556,41.245944],[28.575456,41.24587],[28.575384,41.245777],[28.575337,41.245661],[28.575276,41.245398],[28.575207,41.24518],[28.575221,41.24502],[28.575232,41.244932],[28.575206,41.244822],[28.575171,41.244731],[28.575155,41.244638],[28.575149,41.244366],[28.575065,41.244094],[28.575071,41.24401],[28.575051,41.243913],[28.575113,41.24361],[28.575151,41.243322],[28.575396,41.242852],[28.575308,41.242324],[28.575177,41.242103],[28.575381,41.241608],[28.575656,41.241515],[28.576442,41.240809],[28.576953,41.24024],[28.577225,41.23858],[28.577,41.238069],[28.576989,41.236888],[28.576698,41.236755],[28.574868,41.235307],[28.574149,41.234403],[28.575177,41.233666],[28.575923,41.23336],[28.577599,41.231955],[28.579229,41.230294],[28.57925,41.229526],[28.579259,41.229362],[28.578903,41.229339],[28.576401,41.229854],[28.575125,41.229723],[28.574534,41.229836],[28.574016,41.23006],[28.572726,41.230083],[28.57115,41.23039],[28.570375,41.230462],[28.569799,41.230435],[28.569397,41.230263],[28.56915,41.230009],[28.56909,41.229824],[28.568747,41.229373],[28.568686,41.229229],[28.568647,41.229143],[28.568551,41.229118],[28.568472,41.229128],[28.567395,41.230032],[28.567294,41.23003],[28.567133,41.230074],[28.566968,41.230157],[28.567134,41.229749],[28.567453,41.228886],[28.567471,41.228798],[28.567448,41.228672],[28.567523,41.228522],[28.567667,41.228336],[28.568034,41.227905],[28.568079,41.227792],[28.568097,41.227701],[28.568087,41.227603],[28.568006,41.227441],[28.567913,41.227292],[28.561476,41.226473],[28.558957,41.223745],[28.55618,41.222713],[28.555181,41.222288],[28.554349,41.222161],[28.553486,41.221448],[28.552623,41.22116],[28.551869,41.221064],[28.55123,41.220835],[28.550498,41.220524],[28.549916,41.220504],[28.549513,41.220641],[28.54879,41.220535],[28.547794,41.220344],[28.546467,41.220445],[28.546037,41.220711],[28.545182,41.221029],[28.544289,41.221571],[28.543475,41.222105],[28.542623,41.222592]]]}},{"type":"Feature","properties":{"id":"TR-Y-34-015-M-0030","level":"yerlesim","type":"mahalle","parent_id":"TR-D-34-015","province_id":"TR-P-34","district_id":"TR-D-34-015","name":"Nakkaş","source_raw_name":"NAKKAŞ","source":"Kullanıcı tarafından sağlanan KML","source_label":"Kullanıcı tarafından sağlanan KML","source_name":"Istanbul Mahalle KML"},"geometry":{"type":"Polygon","coordinates":[[[28.574534,41.229836],[28.575125,41.229723],[28.576401,41.229854],[28.578903,41.229339],[28.579259,41.229362],[28.580124,41.229651],[28.581117,41.230309],[28.580882,41.229055],[28.581326,41.228327],[28.581963,41.226322],[28.582428,41.224024],[28.583059,41.222477],[28.58307,41.221967],[28.583009,41.221272],[28.583014,41.220761],[28.583091,41.220364],[28.582386,41.218368],[28.582025,41.217601],[28.581987,41.216516],[28.582518,41.216402],[28.582765,41.215758],[28.583211,41.214807],[28.583117,41.214072],[28.582698,41.214062],[28.583058,41.213629],[28.583181,41.213324],[28.583833,41.212341],[28.584098,41.212179],[28.584877,41.210396],[28.585147,41.210273],[28.58564,41.209404],[28.585786,41.209002],[28.585825,41.208449],[28.586096,41.208268],[28.586099,41.20749],[28.586221,41.206646],[28.585893,41.205277],[28.586801,41.203563],[28.588009,41.201663],[28.588969,41.199775],[28.589568,41.199034],[28.590136,41.198609],[28.590994,41.19755],[28.591519,41.196561],[28.593084,41.193991],[28.594022,41.192307],[28.594962,41.190563],[28.595291,41.189369],[28.595341,41.18791],[28.595221,41.185083],[28.594638,41.183489],[28.594327,41.182503],[28.594171,41.181821],[28.594369,41.18099],[28.59425,41.180786],[28.594014,41.174043],[28.593887,41.172023],[28.593033,41.168803],[28.591174,41.165703],[28.590103,41.165329],[28.589559,41.165099],[28.588514,41.164737],[28.586466,41.163952],[28.586228,41.163832],[28.58586,41.163468],[28.585313,41.162752],[28.584561,41.161867],[28.58463,41.161634],[28.584523,41.160672],[28.583349,41.158179],[28.582135,41.155477],[28.581798,41.154693],[28.581266,41.154109],[28.581054,41.153666],[28.580899,41.153359],[28.580647,41.153185],[28.580329,41.152903],[28.580314,41.152711],[28.580143,41.152452],[28.579932,41.152324],[28.579752,41.152337],[28.579694,41.152187],[28.579729,41.152063],[28.579883,41.151853],[28.579878,41.151661],[28.579468,41.151609],[28.579221,41.151328],[28.578679,41.15093],[28.578168,41.150334],[28.578325,41.150132],[28.576601,41.149032],[28.576169,41.148327],[28.57582,41.147968],[28.575142,41.147654],[28.574512,41.147074],[28.573416,41.14608],[28.57306,41.145608],[28.572356,41.145554],[28.572025,41.146017],[28.570628,41.147506],[28.569165,41.148696],[28.567939,41.149447],[28.566608,41.14856],[28.564575,41.146444],[28.559678,41.144228],[28.554404,41.140403],[28.552705,41.138703],[28.550598,41.136305],[28.549563,41.134902],[28.544648,41.128859],[28.544639,41.128849],[28.544296,41.130316],[28.542992,41.131348],[28.541423,41.132382],[28.540397,41.1328],[28.539732,41.133306],[28.537696,41.134582],[28.536879,41.134792],[28.535262,41.135638],[28.534438,41.136423],[28.533251,41.136923],[28.533053,41.138116],[28.53117,41.141111],[28.531269,41.143182],[28.531395,41.144959],[28.531418,41.14627],[28.528411,41.153274],[28.527494,41.157648],[28.527434,41.160202],[28.527727,41.160715],[28.527434,41.164387],[28.527807,41.164622],[28.528148,41.166271],[28.528413,41.166559],[28.529224,41.168318],[28.529823,41.169113],[28.530144,41.169415],[28.530774,41.169655],[28.530183,41.171833],[28.530463,41.172691],[28.530356,41.173279],[28.529979,41.173433],[28.529779,41.174051],[28.529306,41.175085],[28.529261,41.175504],[28.529292,41.175723],[28.528616,41.176294],[28.528296,41.17681],[28.527558,41.177514],[28.527252,41.177955],[28.527035,41.178112],[28.527042,41.178347],[28.526421,41.178532],[28.526085,41.178746],[28.526081,41.17893],[28.525706,41.179244],[28.525599,41.17926],[28.525286,41.179508],[28.525304,41.179743],[28.524556,41.180892],[28.524421,41.18132],[28.524492,41.181489],[28.52442,41.182192],[28.524399,41.182794],[28.524149,41.183363],[28.523647,41.183672],[28.523589,41.183974],[28.523385,41.184109],[28.522994,41.185087],[28.522665,41.186199],[28.5225,41.186573],[28.522279,41.186507],[28.521699,41.187158],[28.521633,41.187299],[28.521397,41.187178],[28.521098,41.187427],[28.520369,41.188255],[28.520324,41.188931],[28.520495,41.189105],[28.520318,41.189872],[28.520021,41.190202],[28.519868,41.190529],[28.519669,41.190643],[28.52,41.191269],[28.519917,41.191323],[28.519773,41.191292],[28.51955,41.191455],[28.519616,41.191667],[28.519508,41.19181],[28.519255,41.191675],[28.5191,41.1918],[28.519198,41.191893],[28.519153,41.192053],[28.518962,41.192132],[28.518952,41.192264],[28.519141,41.192293],[28.519445,41.192481],[28.519369,41.192567],[28.51907,41.192471],[28.519046,41.192673],[28.51876,41.192846],[28.518471,41.19279],[28.51839,41.192939],[28.518194,41.192897],[28.517995,41.193126],[28.517588,41.193221],[28.518588,41.193555],[28.518667,41.193621],[28.51883,41.193689],[28.518843,41.193755],[28.518877,41.193837],[28.519012,41.193909],[28.519015,41.194077],[28.518969,41.194234],[28.518874,41.194309],[28.518851,41.194379],[28.518966,41.19465],[28.518843,41.195029],[28.518905,41.195157],[28.518864,41.195359],[28.51879,41.19581],[28.518882,41.196167],[28.519125,41.19651],[28.519411,41.197504],[28.519727,41.197802],[28.519722,41.198021],[28.519486,41.198297],[28.519613,41.198695],[28.519345,41.198818],[28.519451,41.199009],[28.519616,41.199331],[28.520057,41.199834],[28.520431,41.199873],[28.520525,41.199996],[28.520554,41.200412],[28.521166,41.200556],[28.521672,41.200726],[28.52201,41.201057],[28.522622,41.202073],[28.523401,41.202914],[28.524177,41.203047],[28.524384,41.203274],[28.524504,41.203936],[28.524336,41.204118],[28.524341,41.204309],[28.524684,41.204484],[28.525323,41.204959],[28.525745,41.205053],[28.525854,41.20551],[28.52626,41.20574],[28.52652,41.206236],[28.52743,41.206421],[28.528094,41.206931],[28.527976,41.207179],[28.528317,41.207629],[28.529045,41.208234],[28.529199,41.208479],[28.529482,41.208563],[28.529715,41.2088],[28.529814,41.209088],[28.530009,41.209254],[28.530435,41.20919],[28.530973,41.209722],[28.532272,41.21115],[28.531975,41.21139],[28.531998,41.212146],[28.532382,41.21247],[28.532506,41.212809],[28.533161,41.213751],[28.533363,41.214499],[28.533646,41.214892],[28.533745,41.215494],[28.534466,41.216132],[28.534832,41.216348],[28.534978,41.216636],[28.53524,41.216789],[28.535722,41.216837],[28.535864,41.216989],[28.535892,41.217234],[28.536314,41.21761],[28.536913,41.217795],[28.537497,41.218366],[28.537997,41.218494],[28.538311,41.218704],[28.538297,41.218995],[28.538822,41.219837],[28.539091,41.219957],[28.539412,41.21983],[28.539599,41.219757],[28.53975,41.220092],[28.540173,41.220173],[28.539915,41.220423],[28.539924,41.220629],[28.540063,41.220636],[28.540356,41.220579],[28.540518,41.220726],[28.540486,41.220984],[28.540762,41.221362],[28.54054,41.221533],[28.540537,41.221669],[28.541173,41.221977],[28.541555,41.222067],[28.54178,41.222365],[28.541917,41.222447],[28.542133,41.222299],[28.542251,41.222357],[28.542359,41.222565],[28.542623,41.222592],[28.543475,41.222105],[28.544289,41.221571],[28.545182,41.221029],[28.546037,41.220711],[28.546467,41.220445],[28.547794,41.220344],[28.54879,41.220535],[28.549513,41.220641],[28.549916,41.220504],[28.550498,41.220524],[28.55123,41.220835],[28.551869,41.221064],[28.552623,41.22116],[28.553486,41.221448],[28.554349,41.222161],[28.555181,41.222288],[28.55618,41.222713],[28.558957,41.223745],[28.561476,41.226473],[28.567913,41.227292],[28.568006,41.227441],[28.568087,41.227603],[28.568097,41.227701],[28.568079,41.227792],[28.568034,41.227905],[28.567667,41.228336],[28.567523,41.228522],[28.567448,41.228672],[28.567471,41.228798],[28.567453,41.228886],[28.567134,41.229749],[28.566968,41.230157],[28.567133,41.230074],[28.567294,41.23003],[28.567395,41.230032],[28.568472,41.229128],[28.568551,41.229118],[28.568647,41.229143],[28.568686,41.229229],[28.568747,41.229373],[28.56909,41.229824],[28.56915,41.230009],[28.569397,41.230263],[28.569799,41.230435],[28.570375,41.230462],[28.57115,41.23039],[28.572726,41.230083],[28.574016,41.23006],[28.574534,41.229836]]]}},{"type":"Feature","properties":{"id":"TR-Y-34-015-M-0031","level":"yerlesim","type":"mahalle","parent_id":"TR-D-34-015","province_id":"TR-P-34","district_id":"TR-D-34-015","name":"Oklalı","source_raw_name":"OKLALI","source":"Kullanıcı tarafından sağlanan KML","source_label":"Kullanıcı tarafından sağlanan KML","source_name":"Istanbul Mahalle KML"},"geometry":{"type":"Polygon","coordinates":[[[28.487394,41.199892],[28.487251,41.199392],[28.48723,41.199055],[28.487009,41.198719],[28.486705,41.198237],[28.486425,41.19794],[28.486338,41.197786],[28.486261,41.197507],[28.485987,41.196909],[28.485763,41.19677],[28.485718,41.196676],[28.485607,41.196453],[28.485579,41.196029],[28.485465,41.195781],[28.485429,41.195607],[28.485364,41.195358],[28.485296,41.195164],[28.485162,41.194776],[28.485037,41.194369],[28.48489,41.19397],[28.48479,41.193769],[28.484659,41.193563],[28.484386,41.193108],[28.484196,41.192687],[28.484156,41.192624],[28.484148,41.192336],[28.484135,41.192211],[28.484117,41.192115],[28.484037,41.191738],[28.483971,41.191379],[28.483926,41.191145],[28.483894,41.190952],[28.483734,41.190828],[28.483504,41.190883],[28.483167,41.190965],[28.482893,41.191028],[28.482876,41.190902],[28.482868,41.190696],[28.482819,41.190253],[28.482737,41.189461],[28.482614,41.188524],[28.482502,41.18854],[28.482131,41.188674],[28.48182,41.188736],[28.481449,41.188784],[28.481171,41.188786],[28.480593,41.188727],[28.480597,41.188396],[28.480604,41.187673],[28.480597,41.18713],[28.48053,41.186425],[28.48047,41.18593],[28.480429,41.185638],[28.4804,41.185481],[28.480347,41.185249],[28.480319,41.185091],[28.480317,41.185051],[28.480103,41.18507],[28.479163,41.185194],[28.478004,41.185351],[28.477872,41.185377],[28.477265,41.185511],[28.47646,41.185687],[28.475756,41.185837],[28.475807,41.186047],[28.475817,41.186122],[28.475878,41.186523],[28.475895,41.186598],[28.4759,41.186825],[28.475893,41.187215],[28.475922,41.187855],[28.475942,41.188432],[28.47607,41.188982],[28.47614,41.189284],[28.476225,41.189588],[28.47634,41.189929],[28.476422,41.190151],[28.476508,41.190414],[28.476607,41.190738],[28.476694,41.191057],[28.476843,41.191481],[28.476853,41.191579],[28.476868,41.191669],[28.476872,41.192011],[28.476876,41.192058],[28.476974,41.19241],[28.477138,41.192648],[28.477217,41.192777],[28.4773,41.192933],[28.477447,41.193163],[28.477496,41.193242],[28.47759,41.193362],[28.477801,41.193639],[28.477928,41.193801],[28.478043,41.194084],[28.478077,41.194178],[28.478125,41.194268],[28.478228,41.194413],[28.478373,41.19462],[28.478464,41.194875],[28.478494,41.194943],[28.478556,41.195082],[28.47861,41.195174],[28.478668,41.19527],[28.478719,41.195364],[28.478786,41.195504],[28.478865,41.195614],[28.479006,41.19581],[28.479203,41.196066],[28.479373,41.196251],[28.479462,41.196343],[28.479547,41.196463],[28.479614,41.196588],[28.479671,41.19672],[28.479753,41.196948],[28.479772,41.197058],[28.479766,41.19712],[28.479718,41.19722],[28.479668,41.197296],[28.479667,41.197546],[28.479703,41.197641],[28.479743,41.197707],[28.479874,41.197881],[28.479893,41.197898],[28.479854,41.197908],[28.479252,41.197922],[28.479061,41.197932],[28.478925,41.197945],[28.478806,41.197967],[28.477645,41.198288],[28.477419,41.198354],[28.477139,41.198433],[28.476477,41.198528],[28.476212,41.198572],[28.476334,41.198767],[28.476506,41.199034],[28.476714,41.199362],[28.47639,41.199356],[28.47651,41.199509],[28.476644,41.199668],[28.476221,41.199982],[28.475898,41.200222],[28.47569,41.200448],[28.475082,41.201113],[28.475344,41.201309],[28.475276,41.201635],[28.475251,41.201777],[28.475182,41.202115],[28.475173,41.202214],[28.475179,41.202263],[28.475203,41.202363],[28.475239,41.202467],[28.475261,41.202535],[28.47532,41.202677],[28.475346,41.202722],[28.475445,41.202914],[28.475488,41.202995],[28.475566,41.203133],[28.475603,41.203187],[28.475649,41.203326],[28.475668,41.203493],[28.475667,41.203589],[28.475646,41.203703],[28.475635,41.20383],[28.475629,41.203887],[28.475633,41.203991],[28.475678,41.204173],[28.475717,41.204276],[28.475871,41.204241],[28.476128,41.204185],[28.476173,41.204177],[28.476178,41.204195],[28.476172,41.20424],[28.476162,41.204431],[28.476141,41.204684],[28.476115,41.204767],[28.47611,41.205023],[28.47612,41.205123],[28.47615,41.205242],[28.476164,41.205297],[28.476214,41.205446],[28.476268,41.2056],[28.476333,41.205769],[28.476377,41.205889],[28.476399,41.205944],[28.476487,41.206107],[28.476529,41.206208],[28.476574,41.206359],[28.47659,41.206429],[28.4766,41.20647],[28.476619,41.206555],[28.476611,41.206566],[28.476625,41.20664],[28.476643,41.206665],[28.476684,41.206884],[28.476699,41.206995],[28.476705,41.207105],[28.476708,41.207212],[28.476696,41.207478],[28.476435,41.207608],[28.475781,41.207934],[28.475873,41.208182],[28.475936,41.208366],[28.476044,41.208695],[28.476156,41.209032],[28.47617,41.209056],[28.476075,41.209157],[28.475865,41.209308],[28.475673,41.209431],[28.475562,41.209491],[28.47535,41.209633],[28.475125,41.209796],[28.474909,41.209962],[28.474795,41.210068],[28.474587,41.210275],[28.474292,41.210553],[28.474191,41.210652],[28.47404,41.21078],[28.473963,41.210837],[28.473732,41.210981],[28.473546,41.21108],[28.473348,41.211233],[28.473107,41.211412],[28.473001,41.211501],[28.472815,41.211675],[28.472588,41.211908],[28.472458,41.212067],[28.472354,41.212213],[28.472308,41.212338],[28.472206,41.212528],[28.472089,41.212723],[28.471967,41.212915],[28.471799,41.213197],[28.471713,41.213336],[28.471626,41.213454],[28.47158,41.213515],[28.47144,41.21366],[28.470927,41.214172],[28.470826,41.214259],[28.470749,41.214375],[28.470532,41.214711],[28.470338,41.215005],[28.470187,41.215257],[28.470063,41.21545],[28.469996,41.215551],[28.46984,41.215744],[28.469688,41.215912],[28.469427,41.216189],[28.469318,41.216314],[28.469211,41.216442],[28.469141,41.21655],[28.469084,41.216652],[28.469012,41.216833],[28.468951,41.216959],[28.468872,41.217051],[28.468793,41.217108],[28.468643,41.217157],[28.468387,41.217224],[28.468261,41.217252],[28.468039,41.217346],[28.468242,41.217533],[28.468413,41.217666],[28.468521,41.217738],[28.468738,41.217812],[28.468865,41.217904],[28.468957,41.217997],[28.469099,41.218238],[28.469166,41.218414],[28.469242,41.218603],[28.469301,41.218698],[28.469396,41.218775],[28.469461,41.218895],[28.469616,41.219043],[28.469726,41.21915],[28.469973,41.21937],[28.470129,41.21944],[28.470179,41.219492],[28.47024,41.219636],[28.470379,41.219772],[28.470476,41.219895],[28.470632,41.220143],[28.470766,41.220332],[28.47087,41.220555],[28.470907,41.220641],[28.471069,41.220769],[28.471289,41.220841],[28.471686,41.22097],[28.471854,41.221087],[28.471948,41.221229],[28.472009,41.221369],[28.472128,41.221531],[28.472186,41.22167],[28.472318,41.221818],[28.472326,41.221835],[28.472214,41.221817],[28.471988,41.221757],[28.471722,41.221692],[28.471326,41.221614],[28.471237,41.221646],[28.470931,41.221685],[28.470788,41.221701],[28.470574,41.221721],[28.470362,41.221738],[28.470168,41.221741],[28.469899,41.221745],[28.469637,41.221755],[28.469225,41.221777],[28.469024,41.2218],[28.469037,41.221826],[28.469203,41.222052],[28.469562,41.222399],[28.46976,41.222676],[28.469769,41.222878],[28.47002,41.223009],[28.470181,41.223454],[28.470303,41.223825],[28.470466,41.224319],[28.470592,41.224699],[28.470656,41.224796],[28.470646,41.224822],[28.47034,41.224859],[28.469998,41.224903],[28.469709,41.224945],[28.469476,41.224992],[28.46891,41.225092],[28.469071,41.225422],[28.46928,41.225827],[28.469487,41.226204],[28.469659,41.226518],[28.469777,41.226769],[28.469787,41.226771],[28.469801,41.226799],[28.469803,41.226825],[28.469863,41.226955],[28.469888,41.226955],[28.469977,41.227164],[28.469991,41.227232],[28.470067,41.227391],[28.470109,41.227517],[28.47012,41.227551],[28.470153,41.227684],[28.470186,41.227806],[28.470244,41.228043],[28.470295,41.22822],[28.470358,41.228431],[28.47031,41.228758],[28.470219,41.229104],[28.47005,41.229649],[28.470011,41.229674],[28.469957,41.229727],[28.469749,41.230029],[28.469632,41.230208],[28.46952,41.230476],[28.469418,41.230721],[28.469285,41.23104],[28.469131,41.231399],[28.469127,41.231435],[28.469128,41.231447],[28.469223,41.231407],[28.46942,41.231328],[28.469683,41.23128],[28.469864,41.231274],[28.469988,41.231272],[28.469872,41.231464],[28.469824,41.23154],[28.469754,41.231676],[28.469682,41.231918],[28.46964,41.232073],[28.469592,41.232297],[28.469519,41.232614],[28.46949,41.232811],[28.469449,41.233108],[28.469404,41.233413],[28.469376,41.233624],[28.469335,41.233897],[28.469311,41.234069],[28.469271,41.234326],[28.469221,41.234692],[28.469223,41.234911],[28.469233,41.235131],[28.46935,41.235585],[28.469388,41.235831],[28.469471,41.236131],[28.469496,41.236214],[28.469521,41.236353],[28.469531,41.236513],[28.469558,41.236819],[28.469589,41.237115],[28.469605,41.23725],[28.469593,41.237424],[28.46958,41.237621],[28.469567,41.237686],[28.469496,41.237931],[28.46944,41.23804],[28.469306,41.238316],[28.469227,41.238703],[28.469186,41.238892],[28.469131,41.239128],[28.46912,41.239226],[28.469125,41.239385],[28.469085,41.239703],[28.469048,41.240067],[28.469014,41.240457],[28.46826,41.242308],[28.467707,41.24388],[28.467486,41.244505],[28.466638,41.245952],[28.466736,41.247642],[28.466812,41.249049],[28.465846,41.249919],[28.4651,41.249931],[28.464836,41.250404],[28.464908,41.250768],[28.464569,41.251279],[28.464455,41.251511],[28.46446,41.251792],[28.464246,41.25208],[28.463324,41.25202],[28.462133,41.252194],[28.461107,41.252678],[28.460215,41.253264],[28.45898,41.253355],[28.457285,41.253506],[28.456142,41.253598],[28.456036,41.253739],[28.456358,41.253714],[28.456726,41.253748],[28.457313,41.253799],[28.457671,41.253661],[28.457881,41.253652],[28.458098,41.253639],[28.458492,41.25372],[28.458729,41.253643],[28.458925,41.253671],[28.459051,41.253688],[28.459268,41.253681],[28.459558,41.25409],[28.460037,41.254106],[28.460095,41.254226],[28.46055,41.254146],[28.460742,41.253857],[28.460933,41.253766],[28.461577,41.253665],[28.461796,41.253711],[28.461984,41.253787],[28.462529,41.253987],[28.463051,41.25403],[28.463313,41.253908],[28.463511,41.253539],[28.463756,41.253432],[28.463999,41.252981],[28.464189,41.252774],[28.464772,41.252274],[28.465112,41.251847],[28.465524,41.251554],[28.466771,41.251607],[28.468841,41.250899],[28.472574,41.249678],[28.472646,41.248984],[28.473124,41.248211],[28.473316,41.247222],[28.473322,41.246002],[28.473067,41.244897],[28.473046,41.243879],[28.473473,41.242876],[28.47363,41.242404],[28.473975,41.242052],[28.474351,41.241846],[28.476815,41.240166],[28.47811,41.238048],[28.478966,41.236957],[28.480931,41.234457],[28.481512,41.233721],[28.482088,41.232985],[28.482429,41.232556],[28.482912,41.231944],[28.483304,41.231477],[28.483401,41.231092],[28.483814,41.230177],[28.483993,41.230059],[28.484364,41.2302],[28.484812,41.229844],[28.485262,41.229439],[28.485939,41.22903],[28.486332,41.228645],[28.486575,41.228169],[28.486904,41.22788],[28.486993,41.227614],[28.486955,41.227117],[28.487057,41.227015],[28.487195,41.226898],[28.487291,41.226808],[28.48737,41.226733],[28.487432,41.226677],[28.487492,41.226628],[28.487599,41.226556],[28.487682,41.226517],[28.487877,41.226448],[28.487972,41.226396],[28.48809,41.226189],[28.488093,41.226066],[28.488438,41.226033],[28.488517,41.225737],[28.488733,41.225468],[28.488865,41.225287],[28.489036,41.225078],[28.489177,41.224914],[28.489312,41.224798],[28.489392,41.224689],[28.489491,41.224467],[28.489548,41.224263],[28.489585,41.224039],[28.489674,41.223977],[28.489787,41.223957],[28.490134,41.223787],[28.490266,41.223693],[28.490329,41.223573],[28.490366,41.223431],[28.490458,41.223257],[28.4906,41.223168],[28.490687,41.223129],[28.4909,41.223076],[28.49104,41.222973],[28.491208,41.222778],[28.491318,41.222603],[28.491338,41.222513],[28.4914,41.222355],[28.491481,41.222302],[28.491581,41.222119],[28.491636,41.221975],[28.491673,41.221852],[28.491712,41.221812],[28.491831,41.221685],[28.491907,41.221481],[28.491972,41.221295],[28.492002,41.221173],[28.491529,41.221081],[28.491299,41.221018],[28.491222,41.220999],[28.491095,41.221035],[28.490943,41.221048],[28.490823,41.22104],[28.490372,41.220866],[28.490188,41.220847],[28.490028,41.220856],[28.489805,41.220813],[28.489571,41.220662],[28.489527,41.220535],[28.489434,41.220446],[28.48931,41.220423],[28.489119,41.220385],[28.488699,41.220278],[28.488438,41.220186],[28.488442,41.220159],[28.488353,41.218857],[28.488262,41.217835],[28.488198,41.217062],[28.488132,41.216113],[28.487987,41.214423],[28.487915,41.21344],[28.487843,41.212457],[28.487769,41.211312],[28.487672,41.2103],[28.487639,41.209636],[28.487608,41.209442],[28.487559,41.208983],[28.487494,41.208566],[28.487468,41.208276],[28.487437,41.207949],[28.487432,41.207546],[28.487473,41.207247],[28.487461,41.207018],[28.487461,41.206662],[28.487435,41.206338],[28.487506,41.206119],[28.487494,41.205723],[28.487483,41.205151],[28.487469,41.204835],[28.487457,41.204461],[28.487444,41.204089],[28.487433,41.203664],[28.487431,41.203365],[28.487414,41.203071],[28.487405,41.202646],[28.487389,41.202103],[28.48737,41.201763],[28.487361,41.201339],[28.487347,41.200904],[28.487341,41.200359],[28.487341,41.199987],[28.487394,41.199892]]]}},{"type":"Feature","properties":{"id":"TR-Y-34-015-M-0032","level":"yerlesim","type":"mahalle","parent_id":"TR-D-34-015","province_id":"TR-P-34","district_id":"TR-D-34-015","name":"Örcünlü","source_raw_name":"ÖRCÜNLÜ","source":"Kullanıcı tarafından sağlanan KML","source_label":"Kullanıcı tarafından sağlanan KML","source_name":"Istanbul Mahalle KML"},"geometry":{"type":"Polygon","coordinates":[[[28.517618,41.193231],[28.517617,41.193232],[28.517378,41.193528],[28.517183,41.193768],[28.517084,41.19396],[28.516939,41.194076],[28.516734,41.194177],[28.516514,41.19425],[28.516393,41.19437],[28.516294,41.194579],[28.516234,41.194693],[28.515967,41.194815],[28.515809,41.195081],[28.515636,41.1952],[28.515464,41.195291],[28.515307,41.195496],[28.515294,41.195682],[28.515383,41.195905],[28.51544,41.196116],[28.515459,41.196346],[28.515421,41.196538],[28.515278,41.196804],[28.515349,41.197002],[28.515331,41.197156],[28.51519,41.197358],[28.515035,41.197502],[28.514698,41.197744],[28.5144,41.197937],[28.514346,41.198047],[28.514436,41.19822],[28.514403,41.19842],[28.514282,41.198544],[28.514004,41.198708],[28.513765,41.199023],[28.513474,41.19933],[28.513159,41.199637],[28.51276,41.199908],[28.512697,41.200003],[28.512689,41.200146],[28.512742,41.200296],[28.513272,41.200494],[28.513884,41.200735],[28.513887,41.200736],[28.513885,41.200741],[28.51387,41.200763],[28.513854,41.200788],[28.51384,41.200809],[28.513826,41.20083],[28.513814,41.200849],[28.513799,41.200863],[28.513781,41.200879],[28.513758,41.2009],[28.513734,41.200921],[28.513703,41.200949],[28.513684,41.200966],[28.513662,41.200986],[28.513657,41.200991],[28.513645,41.201001],[28.51363,41.201015],[28.513621,41.201022],[28.513615,41.201028],[28.513609,41.201033],[28.513601,41.20104],[28.513594,41.201046],[28.513588,41.201052],[28.513581,41.201059],[28.513571,41.201067],[28.513564,41.201074],[28.513552,41.201084],[28.513544,41.201092],[28.51354,41.201096],[28.513532,41.201104],[28.513527,41.201109],[28.513432,41.20121],[28.513383,41.201263],[28.513358,41.201293],[28.513337,41.201317],[28.513319,41.201337],[28.513291,41.201369],[28.513271,41.201407],[28.513251,41.201445],[28.513225,41.201494],[28.513203,41.201541],[28.513186,41.201579],[28.513167,41.201619],[28.513145,41.201668],[28.51312,41.201721],[28.5131,41.201765],[28.513087,41.201795],[28.513071,41.201831],[28.513065,41.201846],[28.513055,41.201872],[28.513034,41.201918],[28.51302,41.201948],[28.512995,41.201999],[28.512982,41.202026],[28.512946,41.202062],[28.512893,41.202114],[28.51284,41.202166],[28.512818,41.202188],[28.512775,41.20223],[28.512725,41.202278],[28.512676,41.202326],[28.512635,41.202366],[28.5126,41.202399],[28.512552,41.202445],[28.512519,41.202478],[28.512485,41.20251],[28.512451,41.202544],[28.51242,41.202572],[28.51238,41.20261],[28.512347,41.202642],[28.512336,41.202653],[28.512332,41.202666],[28.512313,41.202703],[28.512294,41.20274],[28.512269,41.202789],[28.512229,41.202869],[28.512212,41.202901],[28.512187,41.20295],[28.512152,41.203018],[28.512118,41.203083],[28.512108,41.203102],[28.512079,41.203155],[28.51204,41.203225],[28.512015,41.203269],[28.511993,41.203312],[28.511986,41.203325],[28.511972,41.203352],[28.511955,41.203385],[28.511935,41.203422],[28.511914,41.203461],[28.511897,41.203493],[28.511874,41.203536],[28.511856,41.203569],[28.511843,41.203595],[28.511823,41.20363],[28.5118,41.203673],[28.511773,41.203714],[28.511755,41.203742],[28.511733,41.203775],[28.511708,41.203815],[28.511684,41.20385],[28.511658,41.20389],[28.511624,41.203941],[28.511604,41.203971],[28.511576,41.204013],[28.511546,41.204057],[28.511532,41.204078],[28.511515,41.204108],[28.511491,41.204151],[28.511467,41.204193],[28.51145,41.204225],[28.511427,41.204265],[28.511414,41.204288],[28.511389,41.20433],[28.511351,41.20439],[28.511326,41.20443],[28.511301,41.204471],[28.511269,41.204521],[28.51126,41.204538],[28.511246,41.204563],[28.511218,41.204614],[28.511198,41.204651],[28.511164,41.204711],[28.511138,41.204763],[28.511109,41.204818],[28.511076,41.204882],[28.511053,41.204927],[28.511046,41.204949],[28.511042,41.204959],[28.511019,41.204995],[28.511001,41.205026],[28.510959,41.205092],[28.510931,41.205138],[28.510919,41.205156],[28.510899,41.205187],[28.510881,41.205225],[28.510862,41.205259],[28.510839,41.205304],[28.510823,41.205334],[28.510802,41.205385],[28.510779,41.205438],[28.510763,41.205477],[28.510744,41.205519],[28.510725,41.205566],[28.510713,41.205595],[28.510699,41.205645],[28.510686,41.205694],[28.51067,41.205748],[28.510655,41.205791],[28.510636,41.205838],[28.510614,41.205894],[28.510597,41.205938],[28.510568,41.205999],[28.510557,41.206024],[28.510567,41.206065],[28.51058,41.206118],[28.510598,41.206177],[28.510613,41.206229],[28.510629,41.206282],[28.51065,41.206353],[28.510663,41.206401],[28.510675,41.206451],[28.510686,41.206494],[28.510698,41.20654],[28.51071,41.206587],[28.510718,41.206619],[28.510728,41.206653],[28.510742,41.206698],[28.510756,41.206746],[28.510768,41.206787],[28.510785,41.20684],[28.510791,41.206862],[28.510806,41.206918],[28.510817,41.206963],[28.510832,41.207015],[28.510836,41.207031],[28.510853,41.207084],[28.510874,41.207148],[28.510882,41.207178],[28.510881,41.20718],[28.510869,41.20718],[28.510838,41.207177],[28.510774,41.207172],[28.510697,41.207165],[28.510623,41.207159],[28.510517,41.207151],[28.510447,41.207145],[28.510384,41.20714],[28.510341,41.207136],[28.510283,41.207132],[28.510232,41.207127],[28.510172,41.207122],[28.510122,41.207118],[28.510066,41.207114],[28.509997,41.207108],[28.509934,41.207103],[28.509886,41.207099],[28.509808,41.207093],[28.50977,41.207089],[28.509712,41.207085],[28.509637,41.207078],[28.509569,41.207073],[28.50951,41.207068],[28.509436,41.207062],[28.509331,41.207053],[28.509327,41.207196],[28.509327,41.207424],[28.50925,41.207536],[28.509207,41.207603],[28.509199,41.207664],[28.509266,41.207785],[28.509293,41.207864],[28.509303,41.207929],[28.509262,41.20799],[28.509197,41.208042],[28.509121,41.208109],[28.509098,41.208157],[28.509115,41.208353],[28.509102,41.20844],[28.509029,41.208496],[28.508916,41.208524],[28.508728,41.208578],[28.508607,41.208631],[28.508478,41.208704],[28.508349,41.208773],[28.50827,41.208854],[28.508204,41.20895],[28.508202,41.209058],[28.508179,41.209113],[28.508156,41.209149],[28.508107,41.209173],[28.508014,41.209228],[28.507967,41.209262],[28.507928,41.209341],[28.507858,41.209431],[28.507812,41.209507],[28.507822,41.209577],[28.507866,41.209634],[28.507991,41.209733],[28.508105,41.209837],[28.508152,41.209898],[28.508166,41.209977],[28.508144,41.210151],[28.508109,41.210261],[28.508057,41.210304],[28.508057,41.210377],[28.508152,41.210467],[28.508359,41.210628],[28.508479,41.210721],[28.50842,41.210895],[28.50838,41.211018],[28.508337,41.211087],[28.508284,41.211179],[28.508217,41.211304],[28.508164,41.211404],[28.508153,41.211462],[28.508128,41.211584],[28.508115,41.211645],[28.50809,41.211772],[28.508085,41.211824],[28.508083,41.211962],[28.50808,41.212156],[28.508084,41.212367],[28.508089,41.212575],[28.508091,41.212662],[28.508055,41.212757],[28.508021,41.212845],[28.507976,41.21296],[28.507919,41.213107],[28.507868,41.213225],[28.507839,41.213293],[28.507801,41.213418],[28.507766,41.213535],[28.507739,41.213619],[28.507694,41.213755],[28.507656,41.21387],[28.507615,41.213991],[28.507589,41.214077],[28.507552,41.214199],[28.507513,41.214329],[28.507485,41.214419],[28.507438,41.214554],[28.507394,41.214681],[28.507347,41.214817],[28.507295,41.214968],[28.507265,41.215053],[28.507253,41.215103],[28.507239,41.21522],[28.507293,41.215658],[28.507304,41.215723],[28.507308,41.215794],[28.507316,41.215904],[28.507278,41.21613],[28.507238,41.216373],[28.507193,41.216659],[28.507169,41.216828],[28.507147,41.216957],[28.507138,41.217174],[28.507132,41.217298],[28.507132,41.217447],[28.507135,41.217687],[28.507132,41.217937],[28.507168,41.21807],[28.507211,41.218221],[28.507256,41.218373],[28.507446,41.218611],[28.50752,41.218713],[28.507621,41.21878],[28.507686,41.218852],[28.507693,41.218972],[28.507718,41.219186],[28.507749,41.21952],[28.507769,41.219763],[28.507782,41.219921],[28.507796,41.220047],[28.507812,41.220156],[28.50783,41.220245],[28.507841,41.220383],[28.507846,41.220563],[28.507855,41.220706],[28.507856,41.220776],[28.507851,41.220844],[28.507825,41.220993],[28.507808,41.221104],[28.507798,41.221212],[28.507769,41.221406],[28.507759,41.221474],[28.507749,41.221549],[28.507736,41.221641],[28.507726,41.22171],[28.507715,41.221801],[28.507704,41.221874],[28.507687,41.221873],[28.50758,41.221858],[28.507481,41.221845],[28.507338,41.221825],[28.507181,41.221803],[28.507128,41.221799],[28.507058,41.222704],[28.507011,41.223399],[28.507,41.224068],[28.506982,41.224412],[28.506923,41.224447],[28.506776,41.224527],[28.506663,41.224595],[28.506495,41.224714],[28.506255,41.224877],[28.506145,41.225005],[28.50614,41.225035],[28.506163,41.225135],[28.506189,41.225261],[28.506195,41.225308],[28.506144,41.225424],[28.506068,41.225542],[28.506011,41.225593],[28.505962,41.225838],[28.506568,41.225899],[28.506595,41.225974],[28.506513,41.226134],[28.506391,41.226294],[28.506331,41.22635],[28.506028,41.226628],[28.505922,41.226724],[28.505707,41.227012],[28.505603,41.227153],[28.505447,41.227478],[28.505422,41.227526],[28.505379,41.227829],[28.505421,41.227919],[28.505529,41.228002],[28.505512,41.228078],[28.505417,41.22824],[28.505338,41.228374],[28.505289,41.228481],[28.505197,41.228662],[28.505089,41.228844],[28.505,41.228989],[28.504847,41.229221],[28.504818,41.229335],[28.504788,41.229591],[28.504775,41.229749],[28.504747,41.230005],[28.504688,41.23019],[28.504476,41.230237],[28.504337,41.23033],[28.504282,41.230468],[28.504259,41.230609],[28.504252,41.230654],[28.504277,41.230796],[28.504292,41.230881],[28.504306,41.230978],[28.504316,41.231046],[28.504449,41.231188],[28.504743,41.231069],[28.504887,41.23102],[28.50494,41.231124],[28.505007,41.231252],[28.50512,41.231314],[28.505345,41.231476],[28.505558,41.231626],[28.505671,41.231694],[28.505825,41.231878],[28.505885,41.231969],[28.505943,41.232057],[28.506058,41.232177],[28.506135,41.232257],[28.506152,41.232269],[28.506077,41.23255],[28.506014,41.232713],[28.5057,41.233595],[28.505511,41.23411],[28.505756,41.234347],[28.505915,41.23449],[28.506132,41.234622],[28.506449,41.234782],[28.506579,41.234831],[28.506758,41.234867],[28.507021,41.234897],[28.507264,41.23491],[28.507347,41.234941],[28.507398,41.235009],[28.50748,41.235181],[28.507565,41.235305],[28.507833,41.235467],[28.508139,41.235744],[28.508424,41.236027],[28.508504,41.236107],[28.50873,41.236292],[28.50905,41.236475],[28.509133,41.236533],[28.509269,41.236704],[28.509474,41.236852],[28.509884,41.237071],[28.510131,41.237232],[28.510554,41.237526],[28.510802,41.237762],[28.510905,41.237866],[28.511174,41.23822],[28.511292,41.238528],[28.511371,41.238668],[28.511593,41.238841],[28.511825,41.238939],[28.512101,41.239131],[28.512306,41.239216],[28.512619,41.239355],[28.512962,41.239539],[28.513257,41.239634],[28.513557,41.239656],[28.513995,41.239588],[28.514211,41.239541],[28.514492,41.239547],[28.514814,41.239634],[28.515092,41.239758],[28.51526,41.240076],[28.515285,41.240179],[28.515367,41.240342],[28.515492,41.240526],[28.515629,41.240693],[28.515747,41.240801],[28.515906,41.240867],[28.516034,41.240887],[28.516155,41.240897],[28.516322,41.240902],[28.516485,41.240954],[28.516784,41.241212],[28.517096,41.241363],[28.517184,41.241435],[28.517266,41.241459],[28.517535,41.241445],[28.517761,41.241495],[28.518095,41.241714],[28.51839,41.241798],[28.518595,41.241874],[28.51878,41.241962],[28.519042,41.242145],[28.519238,41.242242],[28.519429,41.242279],[28.519577,41.242273],[28.519738,41.242213],[28.519904,41.242141],[28.520077,41.242093],[28.520206,41.242086],[28.520365,41.242115],[28.520535,41.242185],[28.521025,41.242462],[28.520845,41.242989],[28.520931,41.243584],[28.520908,41.243714],[28.520604,41.244246],[28.520626,41.24429],[28.521077,41.244367],[28.521459,41.244737],[28.521454,41.244775],[28.520938,41.24519],[28.52055,41.245585],[28.520417,41.245802],[28.519964,41.246585],[28.520042,41.246817],[28.519646,41.247181],[28.519274,41.247686],[28.518975,41.247808],[28.517953,41.247997],[28.517825,41.248071],[28.518027,41.248208],[28.518169,41.248252],[28.518584,41.248287],[28.519076,41.248334],[28.519656,41.248451],[28.520007,41.248517],[28.520208,41.248552],[28.520364,41.248565],[28.52053,41.248612],[28.520731,41.248701],[28.52084,41.248745],[28.521038,41.248801],[28.521352,41.24888],[28.521461,41.248922],[28.521723,41.248982],[28.521998,41.249074],[28.522276,41.249165],[28.522513,41.249224],[28.522679,41.249245],[28.522878,41.24925],[28.523128,41.249221],[28.523363,41.249168],[28.523564,41.249095],[28.523808,41.249007],[28.52403,41.248924],[28.524165,41.248905],[28.524289,41.24892],[28.52448,41.248973],[28.524596,41.249004],[28.524863,41.24901],[28.525083,41.249034],[28.525281,41.249061],[28.52549,41.249101],[28.525719,41.249155],[28.526021,41.249312],[28.526365,41.249528],[28.526648,41.249736],[28.526949,41.249932],[28.527215,41.250091],[28.52753,41.250305],[28.527915,41.250575],[28.528111,41.250704],[28.528469,41.250925],[28.528801,41.251144],[28.529641,41.251737],[28.530229,41.252141],[28.530758,41.252456],[28.531053,41.252618],[28.531862,41.252969],[28.532538,41.25327],[28.533381,41.253543],[28.533635,41.25363],[28.533833,41.25367],[28.534236,41.25375],[28.535073,41.25401],[28.536145,41.254348],[28.536701,41.254671],[28.536605,41.251571],[28.537327,41.251919],[28.539966,41.251362],[28.540634,41.249947],[28.541029,41.249039],[28.540269,41.249006],[28.540548,41.248632],[28.540733,41.248288],[28.541011,41.247524],[28.541002,41.247133],[28.541193,41.246002],[28.541114,41.245414],[28.540989,41.244377],[28.540752,41.243339],[28.540799,41.242906],[28.541066,41.242574],[28.541429,41.242089],[28.54114,41.241722],[28.541148,41.241372],[28.54101,41.240909],[28.540425,41.239712],[28.539809,41.239089],[28.539382,41.237475],[28.539296,41.236951],[28.539167,41.236722],[28.539016,41.236439],[28.539049,41.236283],[28.539249,41.236037],[28.539274,41.235977],[28.539321,41.235863],[28.539376,41.235768],[28.539429,41.235672],[28.539544,41.235469],[28.539661,41.235281],[28.53972,41.235208],[28.539846,41.235059],[28.539951,41.234936],[28.54005,41.234827],[28.540125,41.234741],[28.540209,41.234671],[28.540326,41.234555],[28.540367,41.23447],[28.540379,41.234424],[28.540421,41.234275],[28.540462,41.234202],[28.540491,41.234148],[28.540558,41.234066],[28.540616,41.233999],[28.540662,41.233955],[28.540783,41.233865],[28.540923,41.233777],[28.541086,41.233686],[28.541187,41.233601],[28.541261,41.233475],[28.541304,41.233338],[28.541342,41.233275],[28.541554,41.233218],[28.541425,41.232994],[28.54136,41.232907],[28.541234,41.232689],[28.541188,41.232518],[28.541158,41.232328],[28.541143,41.232124],[28.541279,41.231898],[28.541365,41.231787],[28.541499,41.23168],[28.541701,41.231509],[28.541872,41.231384],[28.542012,41.231282],[28.542165,41.231196],[28.54231,41.231147],[28.542392,41.231126],[28.542522,41.231072],[28.542731,41.230987],[28.542795,41.230907],[28.542883,41.23083],[28.543015,41.230787],[28.543237,41.230702],[28.543449,41.230613],[28.543634,41.230474],[28.543748,41.230347],[28.543763,41.230205],[28.543894,41.230097],[28.544022,41.229899],[28.544271,41.229743],[28.544284,41.229694],[28.544635,41.228924],[28.544806,41.228634],[28.545153,41.228059],[28.545463,41.227536],[28.545735,41.227164],[28.545494,41.226939],[28.545311,41.226747],[28.545262,41.226582],[28.545092,41.226036],[28.545188,41.225734],[28.545143,41.22552],[28.545062,41.22518],[28.544968,41.224962],[28.544797,41.224801],[28.544641,41.224684],[28.544591,41.224549],[28.544603,41.224323],[28.544569,41.224208],[28.544527,41.224003],[28.544395,41.22388],[28.544248,41.223793],[28.544146,41.223799],[28.543973,41.223874],[28.543855,41.223858],[28.543776,41.223819],[28.543708,41.223647],[28.543639,41.223462],[28.543575,41.223369],[28.543383,41.223277],[28.543234,41.22317],[28.543022,41.223028],[28.542836,41.222979],[28.542734,41.222781],[28.542623,41.222592],[28.542359,41.222565],[28.542251,41.222357],[28.542133,41.222299],[28.541917,41.222447],[28.54178,41.222365],[28.541555,41.222067],[28.541173,41.221977],[28.540537,41.221669],[28.54054,41.221533],[28.540762,41.221362],[28.540486,41.220984],[28.540518,41.220726],[28.540356,41.220579],[28.540063,41.220636],[28.539924,41.220629],[28.539915,41.220423],[28.540173,41.220173],[28.53975,41.220092],[28.539599,41.219757],[28.539412,41.21983],[28.539091,41.219957],[28.538822,41.219837],[28.538297,41.218995],[28.538311,41.218704],[28.537997,41.218494],[28.537497,41.218366],[28.536913,41.217795],[28.536314,41.21761],[28.535892,41.217234],[28.535864,41.216989],[28.535722,41.216837],[28.53524,41.216789],[28.534978,41.216636],[28.534832,41.216348],[28.534466,41.216132],[28.533745,41.215494],[28.533646,41.214892],[28.533363,41.214499],[28.533161,41.213751],[28.532506,41.212809],[28.532382,41.21247],[28.531998,41.212146],[28.531975,41.21139],[28.532272,41.21115],[28.530973,41.209722],[28.530435,41.20919],[28.530009,41.209254],[28.529814,41.209088],[28.529715,41.2088],[28.529482,41.208563],[28.529199,41.208479],[28.529045,41.208234],[28.528317,41.207629],[28.527976,41.207179],[28.528094,41.206931],[28.52743,41.206421],[28.52652,41.206236],[28.52626,41.20574],[28.525854,41.20551],[28.525745,41.205053],[28.525323,41.204959],[28.524684,41.204484],[28.524341,41.204309],[28.524336,41.204118],[28.524504,41.203936],[28.524384,41.203274],[28.524177,41.203047],[28.523401,41.202914],[28.522622,41.202073],[28.52201,41.201057],[28.521672,41.200726],[28.521166,41.200556],[28.520554,41.200412],[28.520525,41.199996],[28.520431,41.199873],[28.520057,41.199834],[28.519616,41.199331],[28.519451,41.199009],[28.519345,41.198818],[28.519613,41.198695],[28.519486,41.198297],[28.519722,41.198021],[28.519727,41.197802],[28.519411,41.197504],[28.519125,41.19651],[28.518882,41.196167],[28.51879,41.19581],[28.518864,41.195359],[28.518905,41.195157],[28.518843,41.195029],[28.518966,41.19465],[28.518851,41.194379],[28.518874,41.194309],[28.518969,41.194234],[28.519015,41.194077],[28.519012,41.193909],[28.518877,41.193837],[28.518843,41.193755],[28.51883,41.193689],[28.518667,41.193621],[28.518588,41.193555],[28.517618,41.193231]]]}},{"type":"Feature","properties":{"id":"TR-Y-34-015-M-0033","level":"yerlesim","type":"mahalle","parent_id":"TR-D-34-015","province_id":"TR-P-34","district_id":"TR-D-34-015","name":"Örencik","source_raw_name":"ÖRENCİK","source":"Kullanıcı tarafından sağlanan KML","source_label":"Kullanıcı tarafından sağlanan KML","source_name":"Istanbul Mahalle KML"},"geometry":{"type":"Polygon","coordinates":[[[28.528254,41.33852],[28.528319,41.338181],[28.528584,41.337799],[28.529407,41.337362],[28.530078,41.336959],[28.530361,41.336288],[28.530804,41.336206],[28.531066,41.33592],[28.531328,41.335635],[28.53213,41.334594],[28.533652,41.333553],[28.533907,41.333083],[28.534492,41.332599],[28.534522,41.332574],[28.534576,41.332094],[28.53458,41.332058],[28.534577,41.332028],[28.534465,41.330996],[28.534203,41.330774],[28.533738,41.330759],[28.533394,41.330544],[28.533166,41.330358],[28.53324,41.330157],[28.533619,41.329855],[28.533966,41.329404],[28.53401,41.329019],[28.534275,41.328576],[28.53435,41.32834],[28.534342,41.328323],[28.534339,41.328316],[28.534272,41.328173],[28.534033,41.327959],[28.533968,41.327918],[28.533953,41.327908],[28.533941,41.3279],[28.53377,41.32779],[28.533564,41.32762],[28.533432,41.327503],[28.533325,41.327407],[28.533085,41.327246],[28.53295,41.327043],[28.532756,41.326874],[28.532655,41.326733],[28.532555,41.326521],[28.532315,41.326343],[28.532291,41.32632],[28.532144,41.326183],[28.53154,41.325667],[28.531439,41.325557],[28.531189,41.325286],[28.531026,41.325186],[28.53081,41.325053],[28.53062,41.324623],[28.530534,41.324428],[28.530099,41.324151],[28.529821,41.324103],[28.529464,41.323873],[28.529274,41.323644],[28.52923,41.323406],[28.529241,41.323214],[28.529293,41.323111],[28.529302,41.323012],[28.529205,41.322866],[28.529146,41.322778],[28.529,41.322633],[28.528935,41.322568],[28.528926,41.322316],[28.529028,41.322165],[28.529362,41.320935],[28.529238,41.32067],[28.529176,41.320538],[28.528629,41.320017],[28.528368,41.319501],[28.528326,41.319211],[28.52832,41.319169],[28.528307,41.319132],[28.528302,41.319119],[28.528291,41.319087],[28.528241,41.318946],[28.528206,41.31863],[28.52815,41.318037],[28.528251,41.317579],[28.528268,41.317521],[28.528327,41.317319],[28.528994,41.316829],[28.529063,41.316763],[28.529315,41.316522],[28.529789,41.316237],[28.53046,41.3159],[28.531439,41.315907],[28.531436,41.315902],[28.531174,41.315567],[28.530823,41.314695],[28.530351,41.3138],[28.530098,41.313013],[28.52926,41.312432],[28.527999,41.311601],[28.527373,41.311257],[28.526427,41.310789],[28.526037,41.310647],[28.525175,41.310339],[28.52486,41.310021],[28.524445,41.309644],[28.524243,41.309522],[28.523925,41.30931],[28.523333,41.308988],[28.522845,41.3088],[28.522467,41.308632],[28.521171,41.308301],[28.520528,41.307947],[28.519943,41.307338],[28.51922,41.307138],[28.518007,41.307313],[28.517258,41.307467],[28.516143,41.307705],[28.515548,41.307821],[28.514944,41.308044],[28.514222,41.308304],[28.51334,41.308629],[28.512328,41.309006],[28.511583,41.309275],[28.510472,41.30984],[28.509095,41.31054],[28.507022,41.311215],[28.505886,41.311283],[28.504205,41.311185],[28.502938,41.311168],[28.50178,41.311153],[28.501498,41.311167],[28.500706,41.311228],[28.499977,41.311289],[28.49934,41.311416],[28.498374,41.311587],[28.4974,41.311733],[28.496415,41.312015],[28.495321,41.312308],[28.494141,41.312558],[28.493169,41.312622],[28.492835,41.312511],[28.491499,41.312075],[28.49107,41.312022],[28.489719,41.311881],[28.488377,41.311715],[28.488177,41.311577],[28.487907,41.311379],[28.487706,41.31127],[28.487567,41.311186],[28.487092,41.310778],[28.486681,41.310277],[28.48656,41.309396],[28.486634,41.308831],[28.486987,41.308166],[28.486649,41.308181],[28.48627,41.308196],[28.485807,41.308227],[28.485428,41.308242],[28.48519,41.308258],[28.484784,41.308286],[28.484493,41.308319],[28.484281,41.308363],[28.484115,41.308409],[28.483981,41.30849],[28.483843,41.308597],[28.483701,41.308765],[28.483595,41.308895],[28.483517,41.308879],[28.48247,41.308582],[28.48181,41.307795],[28.481525,41.307508],[28.480879,41.306988],[28.480576,41.306559],[28.480322,41.30584],[28.480079,41.305058],[28.479744,41.304668],[28.478913,41.303595],[28.478679,41.302883],[28.478733,41.301909],[28.47801,41.300727],[28.477541,41.300264],[28.476665,41.299773],[28.475558,41.299388],[28.474945,41.299278],[28.474637,41.299054],[28.473174,41.298271],[28.472346,41.297583],[28.471368,41.296968],[28.470476,41.296226],[28.470157,41.295842],[28.470156,41.295849],[28.470141,41.296038],[28.470128,41.296175],[28.47009,41.296307],[28.470072,41.296359],[28.470006,41.296495],[28.469937,41.296592],[28.46982,41.296727],[28.469727,41.296821],[28.469536,41.296971],[28.469362,41.297089],[28.469171,41.297194],[28.468945,41.297293],[28.468745,41.297365],[28.468572,41.297404],[28.468275,41.297451],[28.467912,41.297522],[28.467721,41.297558],[28.467462,41.297615],[28.467206,41.297668],[28.466904,41.297732],[28.466493,41.297818],[28.466324,41.297852],[28.466023,41.297921],[28.465781,41.297974],[28.465581,41.298016],[28.465323,41.298074],[28.464973,41.298143],[28.464726,41.298195],[28.464457,41.298271],[28.46432,41.298324],[28.464187,41.298402],[28.464084,41.29849],[28.463963,41.298617],[28.463865,41.298725],[28.463692,41.298919],[28.463495,41.299142],[28.463341,41.299315],[28.463188,41.299485],[28.46299,41.29971],[28.462834,41.299875],[28.462662,41.300066],[28.462478,41.300255],[28.462274,41.300472],[28.462093,41.300663],[28.461849,41.300933],[28.461681,41.301109],[28.4615,41.301308],[28.461356,41.301463],[28.461116,41.301736],[28.461021,41.301839],[28.460942,41.301925],[28.460876,41.301997],[28.460789,41.302082],[28.460711,41.302149],[28.460619,41.302214],[28.460548,41.302258],[28.460446,41.302308],[28.460312,41.302352],[28.460182,41.302401],[28.460073,41.302431],[28.459913,41.302469],[28.459688,41.302535],[28.459483,41.302599],[28.459416,41.302628],[28.459415,41.302628],[28.459365,41.30304],[28.459442,41.304189],[28.459726,41.304524],[28.460167,41.305308],[28.461634,41.30816],[28.461965,41.308715],[28.462296,41.309743],[28.462455,41.310075],[28.462656,41.310849],[28.463418,41.313479],[28.463779,41.314538],[28.464643,41.316406],[28.46523,41.317954],[28.465846,41.318424],[28.468525,41.319866],[28.471314,41.321413],[28.472508,41.3221],[28.473052,41.322643],[28.473007,41.323397],[28.473233,41.324418],[28.472832,41.325503],[28.472887,41.32586],[28.472732,41.326244],[28.472183,41.326504],[28.471937,41.327209],[28.471765,41.327435],[28.471201,41.327883],[28.471113,41.328063],[28.470767,41.328161],[28.470527,41.328606],[28.470347,41.328698],[28.470216,41.328933],[28.469605,41.329632],[28.469144,41.330312],[28.46899,41.330514],[28.469193,41.331213],[28.469446,41.331771],[28.469582,41.331973],[28.469619,41.332428],[28.469548,41.332752],[28.469095,41.333371],[28.469037,41.333548],[28.468958,41.333912],[28.469005,41.33422],[28.469054,41.334492],[28.469061,41.334828],[28.469054,41.335008],[28.468969,41.335126],[28.468941,41.335479],[28.469069,41.335775],[28.469229,41.336009],[28.469402,41.33621],[28.469504,41.336672],[28.469455,41.336791],[28.4692,41.337096],[28.469023,41.337335],[28.469025,41.337537],[28.46876,41.337981],[28.468852,41.33857],[28.469073,41.338869],[28.46908,41.339113],[28.469219,41.339688],[28.469333,41.34017],[28.469545,41.341103],[28.469701,41.341516],[28.469362,41.341838],[28.469501,41.342654],[28.469229,41.343252],[28.4688,41.343999],[28.468512,41.344269],[28.468302,41.344794],[28.468002,41.345105],[28.467418,41.346113],[28.467432,41.346118],[28.468862,41.345172],[28.46908,41.3451],[28.470193,41.344938],[28.471318,41.344798],[28.472325,41.344683],[28.472655,41.344639],[28.47335,41.344546],[28.474133,41.344464],[28.474616,41.344413],[28.475484,41.344437],[28.477485,41.344499],[28.479261,41.34416],[28.480515,41.344265],[28.48183,41.344048],[28.483157,41.344304],[28.484863,41.34469],[28.487602,41.345327],[28.489284,41.345712],[28.489256,41.346186],[28.489238,41.346585],[28.48922,41.346928],[28.489239,41.34708],[28.489259,41.347371],[28.48932,41.347716],[28.489336,41.347903],[28.489372,41.348182],[28.489357,41.348401],[28.489283,41.348626],[28.48922,41.348765],[28.489016,41.349145],[28.489016,41.34915],[28.489136,41.349208],[28.489684,41.349471],[28.490306,41.349769],[28.490641,41.34993],[28.491071,41.350018],[28.491765,41.350161],[28.492244,41.350259],[28.492669,41.350347],[28.492971,41.35041],[28.493298,41.350394],[28.493871,41.350367],[28.494387,41.350342],[28.494912,41.350318],[28.495217,41.35021],[28.495578,41.35008],[28.495894,41.349967],[28.496275,41.349831],[28.496639,41.3497],[28.497109,41.349682],[28.497547,41.349666],[28.497988,41.349994],[28.498499,41.350375],[28.498858,41.350641],[28.49919,41.350888],[28.499446,41.351077],[28.499643,41.351135],[28.500177,41.351299],[28.500548,41.351411],[28.500883,41.351513],[28.501374,41.351662],[28.502079,41.351876],[28.502336,41.351954],[28.502642,41.351982],[28.503002,41.352013],[28.503381,41.352048],[28.503948,41.352099],[28.504281,41.352128],[28.50463,41.35216],[28.504922,41.352185],[28.505196,41.35221],[28.505476,41.352237],[28.50572,41.352259],[28.506015,41.352285],[28.506452,41.352328],[28.506776,41.352362],[28.507172,41.352404],[28.507636,41.352457],[28.507967,41.352489],[28.508306,41.352527],[28.508632,41.352558],[28.5091,41.352582],[28.509677,41.352612],[28.510224,41.35264],[28.510847,41.352672],[28.511131,41.3525],[28.511578,41.352232],[28.512141,41.351897],[28.512518,41.351673],[28.512847,41.351473],[28.513382,41.351034],[28.513766,41.350716],[28.514061,41.350475],[28.51446,41.350148],[28.514877,41.349806],[28.51523,41.349512],[28.515576,41.349231],[28.515793,41.349051],[28.515945,41.34892],[28.516272,41.348618],[28.516631,41.348281],[28.516914,41.348018],[28.517088,41.347857],[28.51751,41.347467],[28.5178,41.347197],[28.518147,41.34687],[28.518401,41.346635],[28.518772,41.346298],[28.518795,41.346266],[28.519323,41.345564],[28.519786,41.34495],[28.520209,41.344388],[28.520751,41.343658],[28.52154,41.343093],[28.52207,41.342716],[28.52257,41.342359],[28.52305,41.342014],[28.523618,41.341613],[28.524392,41.341101],[28.525509,41.340351],[28.526052,41.339989],[28.526609,41.339618],[28.527092,41.339296],[28.527608,41.338954],[28.528037,41.338668],[28.528254,41.33852]]]}},{"type":"Feature","properties":{"id":"TR-Y-34-015-M-0034","level":"yerlesim","type":"mahalle","parent_id":"TR-D-34-015","province_id":"TR-P-34","district_id":"TR-D-34-015","name":"Ormanlı","source_raw_name":"ORMANLI","source":"Kullanıcı tarafından sağlanan KML","source_label":"Kullanıcı tarafından sağlanan KML","source_name":"Istanbul Mahalle KML"},"geometry":{"type":"Polygon","coordinates":[[[28.491902,41.408126],[28.491909,41.40722],[28.491198,41.407349],[28.491107,41.406048],[28.490752,41.405653],[28.490057,41.405387],[28.490314,41.403019],[28.490386,41.401647],[28.490193,41.399623],[28.489801,41.397741],[28.489998,41.396604],[28.489693,41.395724],[28.489106,41.394927],[28.489006,41.394474],[28.489008,41.394465],[28.489013,41.39444],[28.489015,41.394432],[28.489016,41.394428],[28.489016,41.394428],[28.488979,41.39426],[28.488834,41.394046],[28.488174,41.39307],[28.487461,41.392669],[28.48642,41.3927],[28.48484,41.392748],[28.484164,41.393312],[28.483558,41.393817],[28.482398,41.394784],[28.482164,41.395691],[28.481879,41.396796],[28.481662,41.397638],[28.481806,41.398324],[28.481115,41.398406],[28.480319,41.39795],[28.479383,41.397414],[28.478825,41.397967],[28.478393,41.398394],[28.476863,41.398288],[28.476154,41.398961],[28.475095,41.399492],[28.475461,41.399905],[28.475857,41.400352],[28.475352,41.400605],[28.474291,41.400566],[28.473807,41.401133],[28.473295,41.401732],[28.472645,41.401666],[28.472058,41.400906],[28.47122,41.400482],[28.470532,41.400134],[28.469919,41.399823],[28.469133,41.399426],[28.46849,41.3991],[28.468617,41.398508],[28.469238,41.398244],[28.469896,41.397964],[28.469792,41.397472],[28.47026,41.397161],[28.471338,41.396945],[28.472345,41.397077],[28.472549,41.397567],[28.473012,41.397458],[28.473656,41.397755],[28.474235,41.397589],[28.474363,41.397043],[28.473691,41.396255],[28.472296,41.395313],[28.471742,41.394411],[28.470385,41.394054],[28.470467,41.394046],[28.470477,41.394044],[28.470491,41.394037],[28.470533,41.394007],[28.47054,41.394],[28.470823,41.393605],[28.47101,41.393353],[28.471205,41.393082],[28.471343,41.392882],[28.471443,41.392744],[28.471444,41.392743],[28.471578,41.392536],[28.471679,41.392369],[28.471735,41.392285],[28.471736,41.392284],[28.471787,41.392198],[28.471788,41.392196],[28.47184,41.392095],[28.471841,41.392092],[28.471894,41.391949],[28.471895,41.391948],[28.471895,41.391946],[28.47193,41.391786],[28.471963,41.391606],[28.471964,41.391602],[28.471965,41.391492],[28.471962,41.391372],[28.471962,41.391368],[28.471927,41.391187],[28.471907,41.391086],[28.471906,41.391085],[28.471906,41.391084],[28.471868,41.390971],[28.471866,41.390968],[28.471865,41.390965],[28.471828,41.390907],[28.47177,41.390799],[28.47177,41.390798],[28.47166,41.390618],[28.471659,41.390616],[28.471431,41.390302],[28.47143,41.390301],[28.471259,41.39009],[28.471133,41.389921],[28.470954,41.389695],[28.470744,41.389438],[28.470507,41.389128],[28.470506,41.389127],[28.470277,41.388867],[28.470178,41.388741],[28.469937,41.38841],[28.469936,41.388409],[28.469816,41.388259],[28.469649,41.38803],[28.469338,41.387632],[28.469191,41.38744],[28.46892,41.387073],[28.468652,41.386703],[28.468244,41.386163],[28.467999,41.385815],[28.467705,41.385418],[28.467368,41.384974],[28.467107,41.384629],[28.466876,41.384305],[28.466875,41.384304],[28.466515,41.383878],[28.466388,41.383705],[28.466387,41.383704],[28.466239,41.383536],[28.466234,41.383532],[28.466058,41.383396],[28.466054,41.383393],[28.465842,41.383268],[28.465703,41.383179],[28.465564,41.383088],[28.465464,41.383013],[28.465462,41.383012],[28.465307,41.38291],[28.465284,41.382896],[28.465181,41.382832],[28.465049,41.382746],[28.464862,41.382609],[28.464847,41.382597],[28.464691,41.382491],[28.464548,41.382395],[28.464535,41.382387],[28.464394,41.382291],[28.464392,41.38229],[28.464245,41.382205],[28.464128,41.382132],[28.46397,41.382025],[28.463766,41.38189],[28.463598,41.381782],[28.463407,41.381666],[28.463282,41.381583],[28.46317,41.381509],[28.463024,41.381404],[28.463022,41.381403],[28.462858,41.381301],[28.462729,41.381217],[28.462588,41.381125],[28.462455,41.381039],[28.462452,41.381038],[28.462307,41.380962],[28.46222,41.380918],[28.462215,41.380916],[28.462099,41.380873],[28.461988,41.380832],[28.461986,41.380832],[28.461984,41.380831],[28.461836,41.38079],[28.461834,41.380789],[28.461668,41.38075],[28.461529,41.380719],[28.461527,41.380719],[28.461443,41.380703],[28.461441,41.380702],[28.461439,41.380702],[28.461353,41.380692],[28.461349,41.380692],[28.461197,41.380685],[28.461021,41.38068],[28.461019,41.38068],[28.461018,41.38068],[28.460762,41.380687],[28.460637,41.380695],[28.460634,41.380695],[28.46053,41.380709],[28.460451,41.380721],[28.460444,41.380722],[28.460243,41.380782],[28.459873,41.3809],[28.459411,41.381046],[28.458994,41.38119],[28.458509,41.381339],[28.458055,41.381485],[28.457672,41.38161],[28.457319,41.381723],[28.457011,41.381827],[28.456959,41.381839],[28.456955,41.38184],[28.456928,41.381848],[28.456926,41.381849],[28.456898,41.381859],[28.456869,41.381868],[28.456862,41.38187],[28.456851,41.381876],[28.456983,41.381521],[28.455618,41.381456],[28.455276,41.381571],[28.454892,41.381758],[28.454527,41.381929],[28.453999,41.382081],[28.453697,41.38216],[28.453479,41.382256],[28.45332,41.382363],[28.453196,41.382458],[28.453119,41.382692],[28.453,41.382803],[28.452838,41.382927],[28.452657,41.383024],[28.452495,41.383102],[28.452297,41.383178],[28.452139,41.383239],[28.451946,41.38325],[28.45178,41.383214],[28.451594,41.383148],[28.451445,41.383045],[28.451269,41.382936],[28.451119,41.382891],[28.450973,41.382856],[28.450566,41.382807],[28.450304,41.382772],[28.450081,41.382666],[28.449815,41.38267],[28.449621,41.382681],[28.449401,41.382771],[28.449046,41.382877],[28.448744,41.382966],[28.448565,41.383105],[28.448595,41.383296],[28.448728,41.383421],[28.4488,41.383573],[28.448744,41.383696],[28.448531,41.383795],[28.44828,41.38396],[28.448129,41.384121],[28.448066,41.384306],[28.447939,41.384446],[28.447779,41.384525],[28.447583,41.384584],[28.447388,41.384696],[28.447138,41.384912],[28.446956,41.385069],[28.446761,41.385235],[28.446497,41.385321],[28.446185,41.385399],[28.446028,41.385479],[28.445816,41.385613],[28.44553,41.385829],[28.445492,41.386057],[28.445322,41.386229],[28.445164,41.386336],[28.445045,41.386362],[28.444734,41.386358],[28.44452,41.386335],[28.444055,41.386294],[28.443593,41.386238],[28.443212,41.386153],[28.442932,41.386107],[28.442491,41.386158],[28.441584,41.386373],[28.440962,41.386533],[28.440236,41.386773],[28.440072,41.386835],[28.439319,41.386929],[28.438214,41.387028],[28.436738,41.387164],[28.43597,41.387247],[28.434842,41.386664],[28.433381,41.386747],[28.432797,41.386689],[28.431535,41.386539],[28.431533,41.386538],[28.430595,41.386094],[28.429501,41.385536],[28.428636,41.385454],[28.427961,41.384846],[28.426176,41.384358],[28.424741,41.383631],[28.423789,41.383158],[28.423143,41.382677],[28.422095,41.381931],[28.421403,41.381408],[28.420133,41.381101],[28.41962,41.380947],[28.418617,41.380945],[28.416822,41.380342],[28.415767,41.380552],[28.414515,41.380812],[28.413525,41.380615],[28.412592,41.380655],[28.411295,41.381139],[28.410537,41.382037],[28.409558,41.382673],[28.408601,41.383281],[28.408354,41.383651],[28.407658,41.383988],[28.40722,41.384198],[28.406831,41.384427],[28.406335,41.384704],[28.40612,41.38484],[28.405781,41.385062],[28.405667,41.38514],[28.405426,41.385264],[28.4053,41.385324],[28.404743,41.385925],[28.404925,41.386102],[28.405172,41.386272],[28.405178,41.386324],[28.405029,41.386525],[28.404774,41.386862],[28.404329,41.38746],[28.403971,41.387953],[28.403993,41.387994],[28.404389,41.388268],[28.404527,41.388373],[28.404679,41.388533],[28.404682,41.388579],[28.40428,41.388848],[28.404323,41.389129],[28.404281,41.389289],[28.404274,41.389395],[28.40401,41.389772],[28.404021,41.389789],[28.404717,41.389951],[28.404692,41.390042],[28.404452,41.390695],[28.404134,41.391231],[28.404435,41.391387],[28.404237,41.391705],[28.404277,41.392258],[28.40428,41.392424],[28.404394,41.392569],[28.404546,41.392729],[28.404647,41.392974],[28.404662,41.393303],[28.404668,41.393355],[28.405175,41.39329],[28.405404,41.393276],[28.405512,41.393527],[28.405664,41.393976],[28.405999,41.394891],[28.406753,41.394855],[28.406771,41.395348],[28.406903,41.396346],[28.406955,41.396568],[28.407388,41.39688],[28.407437,41.397365],[28.407318,41.397581],[28.407445,41.398146],[28.407139,41.398351],[28.406502,41.398428],[28.405392,41.398811],[28.404544,41.39958],[28.403941,41.400264],[28.403928,41.400813],[28.403179,41.401943],[28.402466,41.40306],[28.401535,41.403189],[28.401287,41.403362],[28.400302,41.403444],[28.399611,41.403699],[28.39925,41.403721],[28.398923,41.403825],[28.398085,41.403813],[28.397631,41.404303],[28.398093,41.40494],[28.398909,41.405525],[28.40116,41.40657],[28.400849,41.407458],[28.400979,41.408051],[28.402279,41.409276],[28.402425,41.409881],[28.402495,41.410269],[28.402502,41.410667],[28.40262,41.411067],[28.402626,41.411489],[28.402812,41.411745],[28.402933,41.412048],[28.403146,41.41251],[28.403141,41.412715],[28.40334,41.413068],[28.403764,41.413435],[28.40403,41.413705],[28.404259,41.414154],[28.404558,41.4144],[28.404584,41.414641],[28.40453,41.414882],[28.40443,41.415061],[28.404278,41.415361],[28.404191,41.415649],[28.404164,41.416071],[28.404078,41.416312],[28.404138,41.416505],[28.404245,41.416724],[28.40416,41.416904],[28.404106,41.417132],[28.404167,41.417254],[28.404192,41.417556],[28.404154,41.417797],[28.404147,41.418086],[28.404031,41.418266],[28.403864,41.418529],[28.403984,41.418844],[28.40388,41.419156],[28.403923,41.419398],[28.404126,41.419594],[28.404201,41.4198],[28.404097,41.420137],[28.403921,41.420774],[28.403831,41.421195],[28.403401,41.421732],[28.402955,41.422232],[28.402587,41.422227],[28.402488,41.422347],[28.402692,41.422506],[28.402819,41.422581],[28.402828,41.422858],[28.402837,41.423124],[28.402974,41.423427],[28.403068,41.423513],[28.403121,41.423996],[28.403063,41.424382],[28.403024,41.424659],[28.402775,41.425005],[28.402481,41.425218],[28.402268,41.425433],[28.402198,41.425673],[28.401753,41.426161],[28.401777,41.426475],[28.401691,41.426716],[28.401443,41.427038],[28.401258,41.427397],[28.401187,41.427674],[28.401131,41.427999],[28.401124,41.428264],[28.401296,41.42846],[28.400919,41.42878],[28.400526,41.429113],[28.400053,41.429432],[28.399405,41.429724],[28.400354,41.431536],[28.403411,41.435029],[28.404519,41.436263],[28.405757,41.437463],[28.407573,41.439262],[28.40874,41.440488],[28.40882,41.440561],[28.411698,41.439465],[28.412047,41.439364],[28.412269,41.439304],[28.412666,41.439196],[28.412923,41.43911],[28.413357,41.438945],[28.413799,41.438773],[28.414308,41.438547],[28.41462,41.438396],[28.415035,41.438204],[28.415392,41.438067],[28.415624,41.43798],[28.415911,41.437852],[28.416283,41.437692],[28.416715,41.437492],[28.417305,41.437204],[28.417567,41.4371],[28.417886,41.436992],[28.418294,41.436862],[28.418683,41.43675],[28.418924,41.436671],[28.41916,41.436594],[28.419316,41.436539],[28.41964,41.436418],[28.41993,41.436303],[28.42022,41.436169],[28.420473,41.436049],[28.420763,41.435921],[28.421071,41.435788],[28.421397,41.43565],[28.42174,41.435514],[28.421996,41.435418],[28.422195,41.435351],[28.422474,41.435253],[28.422703,41.435168],[28.422944,41.43509],[28.423171,41.435024],[28.423383,41.434943],[28.423804,41.434792],[28.424154,41.434679],[28.424418,41.434593],[28.424688,41.434506],[28.424959,41.434424],[28.424998,41.434411],[28.425276,41.434324],[28.425485,41.434264],[28.425648,41.434217],[28.425769,41.434173],[28.426083,41.43404],[28.42633,41.433929],[28.42653,41.433829],[28.426861,41.43368],[28.427167,41.433547],[28.427356,41.433456],[28.427545,41.433356],[28.427734,41.43328],[28.427911,41.433188],[28.428133,41.433073],[28.42836,41.432963],[28.428565,41.43286],[28.428826,41.432735],[28.429068,41.432638],[28.429272,41.432561],[28.429665,41.432454],[28.429878,41.432392],[28.430057,41.432344],[28.430272,41.432288],[28.430465,41.432246],[28.430759,41.432157],[28.431011,41.432092],[28.431291,41.432004],[28.431435,41.43196],[28.43159,41.431902],[28.431776,41.431817],[28.431948,41.431737],[28.43212,41.43167],[28.432323,41.431573],[28.432486,41.431496],[28.432628,41.431421],[28.432714,41.431376],[28.432822,41.431323],[28.432971,41.431261],[28.433107,41.431207],[28.433335,41.431134],[28.433456,41.431089],[28.433624,41.431028],[28.433858,41.430946],[28.43404,41.430878],[28.434325,41.430781],[28.434483,41.430724],[28.434685,41.430635],[28.4348,41.430579],[28.434979,41.430495],[28.435158,41.430408],[28.435313,41.430333],[28.435426,41.430287],[28.435557,41.430235],[28.435685,41.430191],[28.435827,41.430137],[28.435964,41.430091],[28.436118,41.430026],[28.436334,41.429937],[28.436516,41.42986],[28.436625,41.429813],[28.436813,41.429727],[28.437005,41.429649],[28.437155,41.429595],[28.437348,41.429523],[28.437594,41.429443],[28.437758,41.4294],[28.437942,41.429332],[28.438179,41.429252],[28.438461,41.429153],[28.438766,41.429064],[28.439289,41.428916],[28.439615,41.428817],[28.439901,41.428746],[28.440215,41.42866],[28.440538,41.428574],[28.440738,41.428533],[28.440986,41.428479],[28.441208,41.428412],[28.441382,41.428356],[28.441516,41.42831],[28.441628,41.428276],[28.441761,41.428236],[28.441906,41.428192],[28.442025,41.428159],[28.442163,41.42811],[28.442347,41.42805],[28.442508,41.427995],[28.442684,41.427925],[28.442885,41.427861],[28.443013,41.427825],[28.443151,41.42778],[28.443301,41.427731],[28.443426,41.427683],[28.443682,41.427592],[28.44389,41.427505],[28.444114,41.42742],[28.4443,41.427348],[28.44455,41.42723],[28.444735,41.427152],[28.444996,41.427044],[28.445274,41.426943],[28.445511,41.426847],[28.445779,41.426746],[28.446058,41.426646],[28.446276,41.426561],[28.446537,41.426455],[28.446744,41.426381],[28.446846,41.426341],[28.447212,41.426203],[28.447284,41.426177],[28.447633,41.426047],[28.447853,41.425972],[28.4482,41.425844],[28.448532,41.425733],[28.448977,41.425596],[28.449263,41.425523],[28.449514,41.425475],[28.449744,41.425433],[28.449949,41.425393],[28.449999,41.425381],[28.450184,41.425338],[28.450406,41.42528],[28.450725,41.42521],[28.45101,41.425121],[28.451248,41.425039],[28.451345,41.424999],[28.451488,41.424939],[28.451692,41.424859],[28.451994,41.424731],[28.452222,41.424625],[28.4525,41.424531],[28.452716,41.424455],[28.453044,41.424322],[28.453222,41.424221],[28.453403,41.424112],[28.453612,41.424012],[28.453882,41.423888],[28.45434,41.423642],[28.454475,41.42358],[28.454531,41.423548],[28.454608,41.423524],[28.454664,41.423497],[28.455507,41.423131],[28.455777,41.422998],[28.455901,41.422948],[28.456076,41.422884],[28.456622,41.422681],[28.456885,41.422576],[28.457293,41.422425],[28.457554,41.422331],[28.458093,41.422145],[28.458494,41.422017],[28.458694,41.421948],[28.4588,41.421918],[28.459019,41.421832],[28.459282,41.421721],[28.45974,41.421535],[28.460039,41.421405],[28.460325,41.421291],[28.461119,41.420992],[28.461309,41.420903],[28.461431,41.420847],[28.461598,41.420784],[28.461736,41.420748],[28.461926,41.420688],[28.462093,41.420616],[28.462249,41.420557],[28.462536,41.420447],[28.46284,41.420326],[28.46297,41.420275],[28.463255,41.420157],[28.463624,41.420024],[28.464087,41.419886],[28.464443,41.419759],[28.464737,41.419639],[28.465018,41.419543],[28.46561,41.41934],[28.465989,41.419229],[28.466493,41.419062],[28.46679,41.41896],[28.467109,41.418864],[28.467412,41.418773],[28.4675,41.418741],[28.467621,41.418696],[28.467759,41.418637],[28.467884,41.418586],[28.46798,41.418549],[28.468125,41.418484],[28.468258,41.418427],[28.468425,41.418352],[28.468514,41.418304],[28.468693,41.418204],[28.468882,41.418106],[28.469181,41.417959],[28.469399,41.417855],[28.469699,41.417732],[28.469947,41.417632],[28.470254,41.417517],[28.470475,41.417435],[28.470626,41.417386],[28.470858,41.417268],[28.471124,41.417143],[28.471563,41.416939],[28.471836,41.416797],[28.472158,41.41664],[28.472281,41.416576],[28.472401,41.416522],[28.472524,41.41647],[28.472689,41.416388],[28.472864,41.416324],[28.473107,41.416229],[28.473385,41.416125],[28.473662,41.416036],[28.473888,41.415954],[28.474033,41.415916],[28.474208,41.415872],[28.474381,41.415818],[28.474805,41.415699],[28.474999,41.415632],[28.475104,41.415596],[28.475391,41.415495],[28.475603,41.415403],[28.475823,41.415306],[28.476185,41.415147],[28.476432,41.415011],[28.476651,41.4149],[28.476677,41.414885],[28.47706,41.414682],[28.477205,41.414631],[28.477288,41.41461],[28.477373,41.414578],[28.477463,41.414529],[28.477566,41.414467],[28.477656,41.414413],[28.477722,41.414375],[28.477843,41.414303],[28.478017,41.414195],[28.478161,41.414094],[28.478319,41.413996],[28.478541,41.413852],[28.478737,41.413737],[28.478929,41.413636],[28.479084,41.413563],[28.479298,41.413477],[28.479435,41.413423],[28.479606,41.413366],[28.479731,41.413321],[28.479871,41.413267],[28.479902,41.413259],[28.479925,41.413253],[28.480105,41.413192],[28.480319,41.413127],[28.480483,41.413079],[28.480661,41.413016],[28.480835,41.412967],[28.480914,41.412941],[28.481053,41.412884],[28.481235,41.412812],[28.481356,41.412751],[28.481501,41.412687],[28.48167,41.412609],[28.481896,41.412517],[28.482222,41.412388],[28.482522,41.412262],[28.48264,41.412211],[28.482704,41.412187],[28.482841,41.412131],[28.483039,41.412062],[28.483085,41.412045],[28.483138,41.412027],[28.483201,41.411986],[28.483325,41.411938],[28.48341,41.411901],[28.483538,41.411839],[28.483635,41.411789],[28.483762,41.411733],[28.483965,41.411633],[28.484033,41.411601],[28.484364,41.411441],[28.484638,41.411318],[28.484875,41.411193],[28.48513,41.411073],[28.485363,41.410971],[28.485612,41.410865],[28.48578,41.410807],[28.485962,41.41074],[28.486171,41.41069],[28.486354,41.410639],[28.48651,41.410601],[28.486692,41.410552],[28.486842,41.410511],[28.487055,41.410449],[28.487157,41.410414],[28.487259,41.410369],[28.487554,41.410225],[28.487871,41.410063],[28.488206,41.409876],[28.488435,41.409742],[28.488582,41.409651],[28.488755,41.409563],[28.489004,41.409439],[28.489462,41.409239],[28.490066,41.408986],[28.490525,41.408792],[28.491236,41.408503],[28.49191,41.408219],[28.491909,41.408218],[28.491889,41.408209],[28.491902,41.40813],[28.491902,41.408126]]]}},{"type":"Feature","properties":{"id":"TR-Y-34-015-M-0035","level":"yerlesim","type":"mahalle","parent_id":"TR-D-34-015","province_id":"TR-P-34","district_id":"TR-D-34-015","name":"Ovayenice","source_raw_name":"OVAYENİCE","source":"Kullanıcı tarafından sağlanan KML","source_label":"Kullanıcı tarafından sağlanan KML","source_name":"Istanbul Mahalle KML"},"geometry":{"type":"Polygon","coordinates":[[[28.385892,41.137514],[28.385913,41.137519],[28.387072,41.137706],[28.388985,41.137993],[28.389568,41.138066],[28.38963,41.138084],[28.389605,41.138479],[28.391012,41.138723],[28.391453,41.138839],[28.392458,41.139218],[28.392741,41.139331],[28.392794,41.139471],[28.393349,41.140136],[28.393532,41.140358],[28.393815,41.140657],[28.394041,41.140913],[28.39446,41.14137],[28.394721,41.141649],[28.394922,41.141891],[28.395247,41.141895],[28.3957,41.142021],[28.395957,41.141573],[28.39599,41.141491],[28.396227,41.141116],[28.396248,41.140967],[28.396367,41.14061],[28.396381,41.140388],[28.396751,41.139981],[28.396949,41.139785],[28.397012,41.139344],[28.397024,41.139062],[28.397042,41.138972],[28.397156,41.138554],[28.397255,41.138283],[28.397283,41.138201],[28.397295,41.138086],[28.397304,41.138012],[28.397319,41.137946],[28.39734,41.137598],[28.397281,41.137299],[28.397263,41.137206],[28.397198,41.136954],[28.397191,41.136659],[28.397235,41.136455],[28.397254,41.136195],[28.397274,41.135991],[28.397231,41.135898],[28.397145,41.135654],[28.39713,41.135588],[28.397134,41.135489],[28.397134,41.135276],[28.397051,41.13508],[28.397017,41.134805],[28.39708,41.134683],[28.397327,41.134168],[28.397359,41.134107],[28.398096,41.134437],[28.398126,41.134443],[28.398261,41.13426],[28.398406,41.13401],[28.398536,41.133817],[28.398597,41.133727],[28.398644,41.133529],[28.398691,41.133342],[28.398778,41.132991],[28.398834,41.132738],[28.398872,41.132634],[28.399012,41.132409],[28.399175,41.132127],[28.399269,41.131908],[28.399307,41.131725],[28.39933,41.131616],[28.399348,41.131554],[28.399362,41.131444],[28.399372,41.131403],[28.399377,41.131131],[28.39938,41.130791],[28.399382,41.130556],[28.39939,41.130297],[28.399155,41.129742],[28.398982,41.129239],[28.398954,41.12904],[28.398935,41.12884],[28.398902,41.12844],[28.398871,41.12822],[28.39916,41.12822],[28.400893,41.128223],[28.401622,41.128224],[28.401686,41.128219],[28.401617,41.127773],[28.401554,41.127416],[28.401444,41.126792],[28.401261,41.126294],[28.40103,41.125641],[28.400864,41.125178],[28.400679,41.12481],[28.400377,41.124352],[28.400307,41.124244],[28.400111,41.124033],[28.400042,41.123927],[28.399772,41.123649],[28.400043,41.123601],[28.400615,41.123492],[28.401369,41.123482],[28.402055,41.12344],[28.402627,41.123348],[28.40313,41.123387],[28.403275,41.123345],[28.403561,41.123368],[28.403805,41.123364],[28.403763,41.123195],[28.40354,41.122478],[28.403982,41.122429],[28.404679,41.122344],[28.404673,41.121972],[28.404942,41.121931],[28.404926,41.12169],[28.40491,41.121493],[28.404916,41.121319],[28.404914,41.12112],[28.404938,41.120725],[28.404973,41.120112],[28.404982,41.120078],[28.405105,41.12005],[28.405196,41.120025],[28.405314,41.119979],[28.405504,41.119934],[28.405778,41.119876],[28.406072,41.11981],[28.406256,41.119769],[28.406523,41.119696],[28.406717,41.11964],[28.406812,41.119614],[28.407002,41.119543],[28.407198,41.119466],[28.407408,41.119376],[28.407707,41.119258],[28.408008,41.119138],[28.408248,41.119035],[28.408465,41.118936],[28.408708,41.118824],[28.408903,41.11874],[28.409226,41.118604],[28.409365,41.118539],[28.409566,41.118437],[28.409676,41.118384],[28.409776,41.118326],[28.409961,41.118234],[28.410184,41.118125],[28.410347,41.11804],[28.41055,41.117935],[28.410812,41.1178],[28.410966,41.117725],[28.411094,41.117644],[28.411194,41.117584],[28.411352,41.117523],[28.411541,41.117436],[28.411766,41.117323],[28.412064,41.117196],[28.412309,41.117097],[28.41253,41.116988],[28.412849,41.116819],[28.412952,41.116767],[28.413123,41.116674],[28.413284,41.116589],[28.413366,41.116548],[28.413513,41.116481],[28.413638,41.116419],[28.413783,41.116341],[28.413969,41.116226],[28.414107,41.116127],[28.414268,41.116012],[28.414439,41.115885],[28.414635,41.115726],[28.414718,41.115648],[28.414988,41.115404],[28.415244,41.115254],[28.415371,41.115179],[28.415487,41.115126],[28.415606,41.11507],[28.415748,41.115009],[28.415985,41.114909],[28.416115,41.114844],[28.416378,41.114694],[28.41648,41.114626],[28.416718,41.114464],[28.416933,41.114301],[28.417252,41.114127],[28.417672,41.113908],[28.417777,41.113849],[28.417951,41.113803],[28.418086,41.113787],[28.418139,41.11378],[28.418176,41.113775],[28.418367,41.113777],[28.418393,41.113777],[28.418521,41.113767],[28.418597,41.113764],[28.418783,41.11373],[28.418855,41.113717],[28.418967,41.113685],[28.419069,41.113653],[28.419176,41.113622],[28.419348,41.113551],[28.419634,41.11381],[28.419793,41.113953],[28.419933,41.11408],[28.42004,41.114175],[28.420111,41.114239],[28.420204,41.11432],[28.420263,41.11437],[28.420362,41.114456],[28.420474,41.114553],[28.42054,41.114609],[28.420585,41.114649],[28.420609,41.114668],[28.420634,41.114688],[28.420659,41.114711],[28.420693,41.11474],[28.420739,41.114772],[28.420814,41.114812],[28.420881,41.114847],[28.420917,41.114866],[28.420979,41.114901],[28.420991,41.114908],[28.421065,41.11496],[28.421137,41.115011],[28.421181,41.115043],[28.421208,41.115062],[28.421223,41.115074],[28.421285,41.11514],[28.421385,41.11525],[28.421525,41.115324],[28.421663,41.115367],[28.421838,41.115421],[28.422023,41.11547],[28.422116,41.115495],[28.422213,41.115492],[28.422306,41.11549],[28.422447,41.115498],[28.422593,41.115507],[28.422723,41.115514],[28.422823,41.11552],[28.423128,41.115521],[28.423129,41.115521],[28.423155,41.115515],[28.423195,41.115503],[28.423211,41.115497],[28.423225,41.115483],[28.423231,41.115466],[28.423223,41.115452],[28.423205,41.115438],[28.423127,41.115398],[28.423095,41.115375],[28.423086,41.11536],[28.423079,41.115339],[28.423085,41.115317],[28.423116,41.115285],[28.42317,41.115279],[28.42322,41.115281],[28.423243,41.115273],[28.423252,41.115255],[28.423258,41.115209],[28.42326,41.115101],[28.423267,41.11508],[28.423315,41.115039],[28.423376,41.114998],[28.423446,41.114981],[28.423542,41.114906],[28.423582,41.114865],[28.423604,41.114833],[28.423615,41.114801],[28.423611,41.114772],[28.423608,41.114746],[28.423624,41.114726],[28.423653,41.114711],[28.423692,41.11471],[28.423726,41.114699],[28.42374,41.11468],[28.42374,41.114631],[28.423751,41.114576],[28.423756,41.114551],[28.423745,41.114525],[28.423722,41.114514],[28.423701,41.114517],[28.423668,41.114537],[28.423604,41.114551],[28.423565,41.114513],[28.423569,41.114464],[28.423696,41.114366],[28.423769,41.114274],[28.423867,41.114161],[28.423935,41.114081],[28.42397,41.114042],[28.424027,41.114007],[28.424141,41.114013],[28.424254,41.113989],[28.424284,41.113976],[28.424311,41.113933],[28.424361,41.113893],[28.42436,41.113869],[28.424325,41.113825],[28.424375,41.113731],[28.42439,41.11362],[28.424432,41.113563],[28.424561,41.113486],[28.424664,41.113436],[28.42471,41.113334],[28.424725,41.113223],[28.424738,41.113168],[28.424819,41.113129],[28.42486,41.113113],[28.42492,41.113113],[28.424966,41.113098],[28.425021,41.113007],[28.425069,41.112975],[28.425103,41.112937],[28.425166,41.112878],[28.425221,41.112831],[28.42526,41.112811],[28.425289,41.112812],[28.425317,41.112818],[28.425341,41.112842],[28.425356,41.112858],[28.425378,41.112865],[28.425404,41.112849],[28.425479,41.11282],[28.425581,41.112813],[28.425636,41.112782],[28.425665,41.112756],[28.425684,41.112686],[28.425684,41.112614],[28.425671,41.112563],[28.425647,41.112464],[28.425598,41.112375],[28.42557,41.112297],[28.425567,41.112169],[28.425617,41.112061],[28.425678,41.112006],[28.425726,41.112021],[28.425812,41.112039],[28.425919,41.112019],[28.426126,41.111931],[28.426329,41.111925],[28.426444,41.11189],[28.426515,41.111828],[28.426606,41.111692],[28.426678,41.11165],[28.426753,41.11164],[28.426856,41.111661],[28.426932,41.11167],[28.427003,41.111648],[28.427056,41.111563],[28.427051,41.111416],[28.427076,41.111276],[28.427117,41.111237],[28.427221,41.111167],[28.427309,41.111156],[28.427409,41.111168],[28.427453,41.111168],[28.427533,41.11114],[28.427601,41.111086],[28.427651,41.111011],[28.427635,41.110945],[28.427633,41.110874],[28.427607,41.110837],[28.427565,41.110821],[28.427468,41.110851],[28.427406,41.110832],[28.427355,41.110768],[28.427315,41.110702],[28.427297,41.110592],[28.427461,41.110395],[28.427579,41.110234],[28.427845,41.110125],[28.427945,41.110013],[28.42803,41.10981],[28.428145,41.109644],[28.428278,41.109569],[28.428439,41.109517],[28.428531,41.109413],[28.428638,41.109315],[28.428735,41.109148],[28.428741,41.108998],[28.428707,41.108905],[28.428599,41.108825],[28.428547,41.108726],[28.428568,41.108624],[28.428623,41.108499],[28.428722,41.108349],[28.428824,41.108246],[28.428891,41.108143],[28.429001,41.108011],[28.429167,41.107901],[28.42935,41.107771],[28.429546,41.107629],[28.429644,41.107543],[28.429701,41.107442],[28.429664,41.107331],[28.429634,41.107209],[28.429616,41.107051],[28.429569,41.106982],[28.429388,41.106938],[28.429303,41.106878],[28.429163,41.106672],[28.429149,41.106583],[28.429176,41.106347],[28.429301,41.106125],[28.429369,41.106085],[28.429576,41.106115],[28.429699,41.106225],[28.429804,41.106269],[28.429856,41.106284],[28.429957,41.106274],[28.429982,41.106219],[28.430007,41.10616],[28.429977,41.106111],[28.429942,41.106026],[28.429986,41.105942],[28.430063,41.105785],[28.43005,41.105648],[28.430055,41.105467],[28.430114,41.105361],[28.430233,41.105278],[28.430292,41.105224],[28.430341,41.105109],[28.430453,41.104778],[28.430638,41.104545],[28.430727,41.104482],[28.430801,41.104455],[28.430918,41.104442],[28.430959,41.104449],[28.431006,41.104479],[28.431058,41.104515],[28.431108,41.10453],[28.431143,41.104526],[28.4312,41.104437],[28.431253,41.104335],[28.431259,41.104307],[28.431199,41.104185],[28.431172,41.104091],[28.431137,41.103954],[28.431132,41.103875],[28.431112,41.1038],[28.431068,41.103656],[28.431129,41.103575],[28.431225,41.103465],[28.43125,41.103419],[28.431262,41.103308],[28.431343,41.103188],[28.431317,41.103055],[28.431278,41.102921],[28.431231,41.102888],[28.431146,41.102845],[28.431137,41.102818],[28.431174,41.102743],[28.431173,41.102639],[28.431135,41.102532],[28.431113,41.102495],[28.431003,41.102439],[28.430963,41.102373],[28.430949,41.102248],[28.430898,41.102079],[28.430858,41.101972],[28.430811,41.101889],[28.430742,41.101858],[28.430673,41.101806],[28.430665,41.101731],[28.43069,41.101608],[28.430678,41.101403],[28.430736,41.10115],[28.43083,41.100981],[28.430919,41.100872],[28.430957,41.100736],[28.430957,41.100615],[28.430846,41.10047],[28.430831,41.100357],[28.431063,41.100239],[28.431178,41.100065],[28.431285,41.099941],[28.43129,41.099873],[28.431221,41.099714],[28.431245,41.099586],[28.431222,41.099499],[28.431145,41.099409],[28.431103,41.099288],[28.431101,41.099188],[28.431132,41.099066],[28.431208,41.098943],[28.431248,41.098871],[28.43126,41.098782],[28.431241,41.098711],[28.431153,41.098641],[28.431036,41.0986],[28.430948,41.098505],[28.430921,41.098344],[28.430846,41.098123],[28.430821,41.098026],[28.430733,41.097789],[28.430881,41.097817],[28.431359,41.09797],[28.431724,41.098062],[28.43198,41.098115],[28.432163,41.098133],[28.432574,41.098196],[28.432767,41.098223],[28.433155,41.098249],[28.433584,41.098278],[28.433833,41.098292],[28.434072,41.098306],[28.434477,41.098304],[28.434801,41.098292],[28.435331,41.098271],[28.435805,41.098273],[28.436107,41.098296],[28.4365,41.098338],[28.436759,41.098337],[28.437166,41.098338],[28.437393,41.09835],[28.437602,41.098376],[28.437836,41.098394],[28.437959,41.098395],[28.438175,41.098394],[28.43836,41.098391],[28.43865,41.098367],[28.438866,41.098352],[28.439126,41.098309],[28.439429,41.098233],[28.439585,41.098147],[28.439753,41.098089],[28.439927,41.098021],[28.440119,41.097977],[28.440293,41.097919],[28.440425,41.097832],[28.440599,41.097769],[28.440759,41.097743],[28.44092,41.097746],[28.441258,41.097745],[28.441462,41.097725],[28.441759,41.097668],[28.442018,41.097663],[28.442401,41.097626],[28.442796,41.097589],[28.443087,41.097551],[28.443414,41.097514],[28.443816,41.097444],[28.44417,41.097347],[28.444376,41.097238],[28.444488,41.097147],[28.444697,41.097096],[28.444988,41.096908],[28.44531,41.096696],[28.445571,41.096516],[28.445777,41.096387],[28.446057,41.096214],[28.446312,41.096062],[28.446534,41.09593],[28.446686,41.095871],[28.446801,41.095843],[28.446921,41.095831],[28.447072,41.095809],[28.447132,41.0958],[28.447193,41.095769],[28.447252,41.095697],[28.447389,41.095497],[28.447578,41.095169],[28.447809,41.094777],[28.447963,41.094504],[28.44815,41.094186],[28.448297,41.093924],[28.4484,41.093709],[28.448446,41.093593],[28.44849,41.093473],[28.448516,41.093367],[28.448527,41.09311],[28.448526,41.092933],[28.448517,41.092646],[28.448494,41.092518],[28.448463,41.092293],[28.448455,41.092212],[28.448449,41.091921],[28.448464,41.091841],[28.448509,41.091657],[28.448531,41.091527],[28.448527,41.091352],[28.448516,41.091279],[28.448421,41.090888],[28.448311,41.090472],[28.44825,41.090212],[28.44823,41.090162],[28.44815,41.089937],[28.448147,41.089817],[28.44817,41.089518],[28.448186,41.089295],[28.448638,41.089271],[28.448917,41.089241],[28.449339,41.089192],[28.449751,41.089148],[28.450551,41.089067],[28.451223,41.088999],[28.452096,41.088899],[28.452909,41.088821],[28.453677,41.088737],[28.454311,41.088671],[28.454746,41.088628],[28.455157,41.088586],[28.455465,41.088553],[28.456106,41.088477],[28.456718,41.088414],[28.457466,41.088338],[28.457971,41.088289],[28.458239,41.088273],[28.458354,41.08827],[28.458409,41.088033],[28.457756,41.087773],[28.45745,41.087125],[28.457312,41.086201],[28.457517,41.085337],[28.457866,41.08384],[28.457577,41.083543],[28.456928,41.083428],[28.456815,41.083333],[28.456482,41.082844],[28.456002,41.082663],[28.455131,41.081272],[28.454738,41.080521],[28.454457,41.079871],[28.453537,41.079194],[28.452866,41.07941],[28.452035,41.078783],[28.451018,41.079007],[28.449695,41.079266],[28.44899,41.079389],[28.448087,41.078695],[28.447445,41.078117],[28.446978,41.077733],[28.446807,41.077549],[28.446426,41.077226],[28.446193,41.077125],[28.445901,41.076991],[28.445614,41.076799],[28.44538,41.076733],[28.445128,41.076663],[28.444779,41.076546],[28.444504,41.07648],[28.444133,41.076448],[28.444121,41.076456],[28.444091,41.076478],[28.442681,41.076675],[28.442278,41.076576],[28.441707,41.076782],[28.441242,41.076684],[28.441208,41.076566],[28.441212,41.076563],[28.440777,41.076449],[28.440032,41.07686],[28.439348,41.076844],[28.438945,41.077327],[28.438238,41.07728],[28.437825,41.077522],[28.437645,41.077942],[28.436753,41.078426],[28.434984,41.078369],[28.43289,41.079206],[28.432866,41.079204],[28.432369,41.079153],[28.432348,41.079143],[28.43039,41.078232],[28.430647,41.07794],[28.429901,41.077696],[28.429625,41.077428],[28.429579,41.077164],[28.428609,41.076856],[28.427786,41.07668],[28.426328,41.076644],[28.425625,41.076496],[28.425131,41.076502],[28.424776,41.076621],[28.422448,41.075734],[28.422344,41.075693],[28.422012,41.075824],[28.420804,41.076646],[28.420423,41.077048],[28.419439,41.077223],[28.418819,41.077261],[28.418295,41.077291],[28.417709,41.077443],[28.417085,41.077698],[28.416534,41.077987],[28.416095,41.078258],[28.415807,41.078605],[28.415648,41.079348],[28.415406,41.079917],[28.414988,41.080494],[28.414493,41.081145],[28.414014,41.081476],[28.413257,41.081817],[28.412526,41.082229],[28.412024,41.082578],[28.41147,41.082754],[28.411065,41.082783],[28.410498,41.082706],[28.409821,41.082702],[28.409377,41.082774],[28.408848,41.082955],[28.408356,41.083039],[28.408032,41.083139],[28.40778,41.083299],[28.407012,41.083495],[28.406247,41.083836],[28.405554,41.084157],[28.404401,41.084617],[28.403282,41.085155],[28.401974,41.085785],[28.40177,41.085535],[28.401349,41.085221],[28.400502,41.084683],[28.399623,41.084139],[28.398945,41.083744],[28.397296,41.084439],[28.39611,41.082947],[28.39579,41.082499],[28.395417,41.081787],[28.395316,41.081511],[28.394856,41.081601],[28.394548,41.080966],[28.394274,41.080422],[28.393751,41.079012],[28.393618,41.078362],[28.393448,41.077941],[28.393056,41.078393],[28.392807,41.07866],[28.39268,41.078825],[28.392521,41.078756],[28.392122,41.078561],[28.39185,41.078466],[28.39132,41.07904],[28.390639,41.079905],[28.389758,41.081132],[28.389714,41.081151],[28.389964,41.081565],[28.390275,41.082112],[28.390345,41.082232],[28.390755,41.08293],[28.391118,41.083509],[28.39095,41.084842],[28.390879,41.085555],[28.390933,41.086844],[28.390957,41.087003],[28.391039,41.087197],[28.391348,41.08768],[28.391588,41.088035],[28.391895,41.088568],[28.392147,41.088969],[28.392405,41.089365],[28.392633,41.089669],[28.393363,41.090476],[28.393573,41.090769],[28.393896,41.091397],[28.394148,41.091832],[28.394516,41.092299],[28.394694,41.092705],[28.39485,41.093272],[28.395241,41.094446],[28.395454,41.094832],[28.394501,41.095893],[28.391762,41.09849],[28.391729,41.09856],[28.391511,41.09912],[28.39132,41.099567],[28.391257,41.099904],[28.391191,41.100263],[28.391134,41.100569],[28.391119,41.102468],[28.391027,41.103091],[28.39098,41.103562],[28.390785,41.104375],[28.390191,41.105225],[28.390143,41.105452],[28.39022,41.106036],[28.390127,41.107247],[28.389932,41.107796],[28.389135,41.109199],[28.389058,41.109484],[28.388707,41.110363],[28.388518,41.110679],[28.388226,41.111448],[28.387963,41.111884],[28.387704,41.112463],[28.387506,41.114272],[28.387372,41.114884],[28.38734,41.116192],[28.387454,41.116956],[28.387397,41.117554],[28.387448,41.117761],[28.387803,41.11872],[28.38803,41.119729],[28.388102,41.120239],[28.387601,41.122674],[28.387277,41.123067],[28.387028,41.123503],[28.387048,41.124017],[28.387411,41.124398],[28.386482,41.125072],[28.386229,41.125497],[28.383979,41.127262],[28.383439,41.12765],[28.382453,41.128],[28.381998,41.12831],[28.381254,41.128509],[28.381216,41.128519],[28.380189,41.12878],[28.381367,41.128955],[28.382543,41.129262],[28.38397,41.129553],[28.384862,41.129631],[28.386058,41.129826],[28.388727,41.129963],[28.388538,41.131234],[28.388042,41.132099],[28.387779,41.132181],[28.387214,41.13282],[28.387238,41.132979],[28.386901,41.13382],[28.386873,41.134572],[28.386493,41.135247],[28.386173,41.136933],[28.385892,41.137514]]]}},{"type":"Feature","properties":{"id":"TR-Y-34-015-M-0036","level":"yerlesim","type":"mahalle","parent_id":"TR-D-34-015","province_id":"TR-P-34","district_id":"TR-D-34-015","name":"Subaşı","source_raw_name":"SUBAŞI","source":"Kullanıcı tarafından sağlanan KML","source_label":"Kullanıcı tarafından sağlanan KML","source_name":"Istanbul Mahalle KML"},"geometry":{"type":"Polygon","coordinates":[[[28.448798,41.254694],[28.449182,41.254327],[28.449853,41.25396],[28.450307,41.253595],[28.451414,41.253415],[28.452072,41.253127],[28.452593,41.253404],[28.453937,41.253365],[28.454958,41.253339],[28.456142,41.253598],[28.457285,41.253506],[28.45898,41.253355],[28.460215,41.253264],[28.461107,41.252678],[28.462133,41.252194],[28.463324,41.25202],[28.464246,41.25208],[28.46446,41.251792],[28.464455,41.251511],[28.464569,41.251279],[28.464908,41.250768],[28.464836,41.250404],[28.4651,41.249931],[28.465846,41.249919],[28.466812,41.249049],[28.466736,41.247642],[28.466638,41.245952],[28.467486,41.244505],[28.467707,41.24388],[28.46826,41.242308],[28.469014,41.240457],[28.469048,41.240067],[28.469085,41.239703],[28.469125,41.239385],[28.46912,41.239226],[28.469131,41.239128],[28.469186,41.238892],[28.469227,41.238703],[28.469306,41.238316],[28.46944,41.23804],[28.469496,41.237931],[28.469567,41.237686],[28.46958,41.237621],[28.469593,41.237424],[28.469605,41.23725],[28.469589,41.237115],[28.469558,41.236819],[28.469531,41.236513],[28.469521,41.236353],[28.469496,41.236214],[28.469471,41.236131],[28.469388,41.235831],[28.46935,41.235585],[28.469233,41.235131],[28.469223,41.234911],[28.469221,41.234692],[28.469271,41.234326],[28.469311,41.234069],[28.469335,41.233897],[28.469376,41.233624],[28.469404,41.233413],[28.469449,41.233108],[28.46949,41.232811],[28.469519,41.232614],[28.469592,41.232297],[28.46964,41.232073],[28.469682,41.231918],[28.469754,41.231676],[28.469824,41.23154],[28.469872,41.231464],[28.469988,41.231272],[28.469864,41.231274],[28.469683,41.23128],[28.46942,41.231328],[28.469223,41.231407],[28.469128,41.231447],[28.469127,41.231435],[28.469131,41.231399],[28.469285,41.23104],[28.469418,41.230721],[28.46952,41.230476],[28.469632,41.230208],[28.469749,41.230029],[28.469957,41.229727],[28.470011,41.229674],[28.47005,41.229649],[28.470219,41.229104],[28.47031,41.228758],[28.470358,41.228431],[28.470295,41.22822],[28.470244,41.228043],[28.470186,41.227806],[28.470153,41.227684],[28.47012,41.227551],[28.470109,41.227517],[28.470067,41.227391],[28.469991,41.227232],[28.469977,41.227164],[28.469888,41.226955],[28.469863,41.226955],[28.469803,41.226825],[28.469801,41.226799],[28.469787,41.226771],[28.469777,41.226769],[28.469659,41.226518],[28.469487,41.226204],[28.46928,41.225827],[28.469071,41.225422],[28.46891,41.225092],[28.469476,41.224992],[28.469709,41.224945],[28.469998,41.224903],[28.47034,41.224859],[28.470646,41.224822],[28.470656,41.224796],[28.470592,41.224699],[28.470466,41.224319],[28.470303,41.223825],[28.470181,41.223454],[28.47002,41.223009],[28.469769,41.222878],[28.46976,41.222676],[28.469562,41.222399],[28.469203,41.222052],[28.469037,41.221826],[28.469024,41.2218],[28.469225,41.221777],[28.469637,41.221755],[28.469899,41.221745],[28.470168,41.221741],[28.470362,41.221738],[28.470574,41.221721],[28.470788,41.221701],[28.470931,41.221685],[28.471237,41.221646],[28.471326,41.221614],[28.471722,41.221692],[28.471988,41.221757],[28.472214,41.221817],[28.472326,41.221835],[28.472318,41.221818],[28.472186,41.22167],[28.472128,41.221531],[28.472009,41.221369],[28.471948,41.221229],[28.471854,41.221087],[28.471686,41.22097],[28.471289,41.220841],[28.471069,41.220769],[28.470907,41.220641],[28.47087,41.220555],[28.470766,41.220332],[28.470632,41.220143],[28.470476,41.219895],[28.470379,41.219772],[28.47024,41.219636],[28.470179,41.219492],[28.470129,41.21944],[28.469973,41.21937],[28.469726,41.21915],[28.469616,41.219043],[28.469461,41.218895],[28.469396,41.218775],[28.469301,41.218698],[28.469242,41.218603],[28.469166,41.218414],[28.469099,41.218238],[28.468957,41.217997],[28.468865,41.217904],[28.468738,41.217812],[28.468521,41.217738],[28.468413,41.217666],[28.468242,41.217533],[28.468039,41.217346],[28.468261,41.217252],[28.468387,41.217224],[28.468643,41.217157],[28.468793,41.217108],[28.468872,41.217051],[28.468951,41.216959],[28.469012,41.216833],[28.469084,41.216652],[28.469141,41.21655],[28.469211,41.216442],[28.469318,41.216314],[28.469427,41.216189],[28.469688,41.215912],[28.46984,41.215744],[28.469996,41.215551],[28.470063,41.21545],[28.470187,41.215257],[28.470338,41.215005],[28.470532,41.214711],[28.470749,41.214375],[28.470826,41.214259],[28.470927,41.214172],[28.47144,41.21366],[28.47158,41.213515],[28.471626,41.213454],[28.471713,41.213336],[28.471799,41.213197],[28.471967,41.212915],[28.472089,41.212723],[28.472206,41.212528],[28.472308,41.212338],[28.472354,41.212213],[28.472458,41.212067],[28.472588,41.211908],[28.472815,41.211675],[28.473001,41.211501],[28.473107,41.211412],[28.473348,41.211233],[28.473546,41.21108],[28.473732,41.210981],[28.473963,41.210837],[28.47404,41.21078],[28.474191,41.210652],[28.474292,41.210553],[28.474587,41.210275],[28.474795,41.210068],[28.474909,41.209962],[28.475125,41.209796],[28.47535,41.209633],[28.475562,41.209491],[28.475673,41.209431],[28.475865,41.209308],[28.476075,41.209157],[28.47617,41.209056],[28.476156,41.209032],[28.476044,41.208695],[28.475936,41.208366],[28.475873,41.208182],[28.475781,41.207934],[28.476435,41.207608],[28.476696,41.207478],[28.476708,41.207212],[28.476705,41.207105],[28.476699,41.206995],[28.476684,41.206884],[28.476643,41.206665],[28.476625,41.20664],[28.476611,41.206566],[28.476619,41.206555],[28.4766,41.20647],[28.47659,41.206429],[28.476574,41.206359],[28.476529,41.206208],[28.476487,41.206107],[28.476399,41.205944],[28.476377,41.205889],[28.476333,41.205769],[28.476268,41.2056],[28.476214,41.205446],[28.476164,41.205297],[28.47615,41.205242],[28.47612,41.205123],[28.47611,41.205023],[28.476115,41.204767],[28.476141,41.204684],[28.476162,41.204431],[28.476172,41.20424],[28.476178,41.204195],[28.476173,41.204177],[28.476128,41.204185],[28.475871,41.204241],[28.475717,41.204276],[28.475678,41.204173],[28.475633,41.203991],[28.475629,41.203887],[28.475635,41.20383],[28.475646,41.203703],[28.475667,41.203589],[28.475668,41.203493],[28.475649,41.203326],[28.475603,41.203187],[28.475566,41.203133],[28.475488,41.202995],[28.475445,41.202914],[28.475346,41.202722],[28.47532,41.202677],[28.475261,41.202535],[28.475239,41.202467],[28.475203,41.202363],[28.475179,41.202263],[28.475173,41.202214],[28.475182,41.202115],[28.475251,41.201777],[28.475276,41.201635],[28.475344,41.201309],[28.475082,41.201113],[28.47569,41.200448],[28.475898,41.200222],[28.476221,41.199982],[28.476644,41.199668],[28.47651,41.199509],[28.47639,41.199356],[28.476714,41.199362],[28.476506,41.199034],[28.476334,41.198767],[28.476212,41.198572],[28.476477,41.198528],[28.477139,41.198433],[28.477419,41.198354],[28.477645,41.198288],[28.478806,41.197967],[28.478925,41.197945],[28.479061,41.197932],[28.479252,41.197922],[28.479854,41.197908],[28.479893,41.197898],[28.479874,41.197881],[28.479743,41.197707],[28.479703,41.197641],[28.479667,41.197546],[28.479668,41.197296],[28.479718,41.19722],[28.479766,41.19712],[28.479772,41.197058],[28.479753,41.196948],[28.479671,41.19672],[28.479614,41.196588],[28.479547,41.196463],[28.479462,41.196343],[28.479373,41.196251],[28.479203,41.196066],[28.479006,41.19581],[28.478865,41.195614],[28.478786,41.195504],[28.478719,41.195364],[28.478668,41.19527],[28.47861,41.195174],[28.478556,41.195082],[28.478494,41.194943],[28.478464,41.194875],[28.478373,41.19462],[28.478228,41.194413],[28.478125,41.194268],[28.478077,41.194178],[28.478043,41.194084],[28.477928,41.193801],[28.477801,41.193639],[28.47759,41.193362],[28.477496,41.193242],[28.477447,41.193163],[28.4773,41.192933],[28.477217,41.192777],[28.477138,41.192648],[28.476974,41.19241],[28.476876,41.192058],[28.476872,41.192011],[28.476868,41.191669],[28.476853,41.191579],[28.476843,41.191481],[28.476694,41.191057],[28.476607,41.190738],[28.476508,41.190414],[28.476422,41.190151],[28.47634,41.189929],[28.476225,41.189588],[28.47614,41.189284],[28.47607,41.188982],[28.475942,41.188432],[28.475922,41.187855],[28.475893,41.187215],[28.4759,41.186825],[28.475895,41.186598],[28.475878,41.186523],[28.475817,41.186122],[28.475807,41.186047],[28.475756,41.185837],[28.47646,41.185687],[28.477265,41.185511],[28.477872,41.185377],[28.478004,41.185351],[28.479163,41.185194],[28.480103,41.18507],[28.480317,41.185051],[28.480308,41.184886],[28.480294,41.184516],[28.480329,41.183976],[28.480334,41.183606],[28.480332,41.183391],[28.480282,41.183196],[28.480227,41.18294],[28.480164,41.182739],[28.480113,41.182585],[28.480027,41.182367],[28.479948,41.182179],[28.479909,41.182059],[28.479889,41.181956],[28.479879,41.18181],[28.479679,41.18198],[28.479511,41.182127],[28.47934,41.182273],[28.479153,41.182397],[28.478902,41.182513],[28.478525,41.182671],[28.478128,41.182844],[28.477812,41.182978],[28.477565,41.183075],[28.477399,41.183126],[28.477094,41.183224],[28.476828,41.183321],[28.476548,41.183429],[28.476336,41.183521],[28.475943,41.183657],[28.475699,41.183761],[28.475628,41.183792],[28.475389,41.183915],[28.475188,41.184003],[28.474982,41.183688],[28.474759,41.183293],[28.474631,41.182975],[28.474459,41.182634],[28.474239,41.182096],[28.474177,41.181852],[28.473979,41.181459],[28.473969,41.181446],[28.473968,41.181444],[28.473547,41.180993],[28.473159,41.180781],[28.472518,41.180619],[28.47238,41.180588],[28.47174,41.180399],[28.471351,41.180248],[28.471148,41.180171],[28.471053,41.180134],[28.470716,41.17999],[28.470634,41.179962],[28.470507,41.17992],[28.470389,41.179895],[28.47002,41.179818],[28.469718,41.179754],[28.469468,41.179703],[28.469294,41.179666],[28.469189,41.179645],[28.468735,41.179545],[28.468407,41.179512],[28.467927,41.179465],[28.467494,41.179483],[28.46707,41.179496],[28.466872,41.179502],[28.466831,41.179514],[28.466604,41.179612],[28.466143,41.179772],[28.465943,41.179866],[28.465691,41.179987],[28.465543,41.180229],[28.465369,41.180521],[28.465211,41.180773],[28.464679,41.1807],[28.464313,41.180633],[28.463728,41.180528],[28.463581,41.181032],[28.463549,41.181032],[28.463002,41.180981],[28.462437,41.180935],[28.461827,41.180883],[28.461423,41.180879],[28.460996,41.180877],[28.460568,41.180859],[28.4601,41.180834],[28.459905,41.180817],[28.459637,41.180775],[28.459435,41.180738],[28.458896,41.180636],[28.458562,41.180567],[28.458171,41.180651],[28.458286,41.180898],[28.458375,41.181105],[28.458535,41.181522],[28.458686,41.18186],[28.45871,41.181978],[28.458755,41.182281],[28.458709,41.182942],[28.458725,41.183165],[28.458681,41.183312],[28.458635,41.18342],[28.458557,41.183537],[28.458394,41.183782],[28.458288,41.183996],[28.458194,41.184199],[28.458097,41.184413],[28.457994,41.184567],[28.457758,41.184752],[28.457631,41.184792],[28.457366,41.184854],[28.457074,41.184923],[28.456855,41.185015],[28.456661,41.185135],[28.456562,41.185251],[28.456496,41.185372],[28.456463,41.185516],[28.456427,41.185817],[28.456392,41.185983],[28.456382,41.18622],[28.456346,41.186384],[28.456303,41.186582],[28.456202,41.186745],[28.456137,41.186865],[28.456109,41.187012],[28.456084,41.187178],[28.456124,41.187312],[28.456238,41.187509],[28.456296,41.187692],[28.456345,41.187793],[28.456497,41.188011],[28.456578,41.188171],[28.45661,41.188336],[28.456644,41.188442],[28.456721,41.188637],[28.456742,41.188798],[28.456726,41.188942],[28.456689,41.189082],[28.45656,41.189206],[28.456503,41.189245],[28.456565,41.189438],[28.45659,41.189571],[28.456576,41.189683],[28.456513,41.189773],[28.456398,41.189839],[28.456211,41.189893],[28.456057,41.189957],[28.455949,41.190017],[28.455902,41.190072],[28.455921,41.190163],[28.455985,41.190237],[28.456108,41.190352],[28.45616,41.190482],[28.456095,41.190884],[28.456033,41.190965],[28.455897,41.191076],[28.455714,41.191733],[28.45561,41.192121],[28.455514,41.192552],[28.455366,41.193192],[28.455326,41.193424],[28.455274,41.193699],[28.455229,41.194065],[28.455289,41.19428],[28.455326,41.194779],[28.455349,41.19511],[28.455302,41.195175],[28.45511,41.195295],[28.454762,41.195841],[28.45471,41.195996],[28.454583,41.196445],[28.454443,41.196546],[28.454005,41.19675],[28.453786,41.196827],[28.453012,41.196713],[28.452616,41.196695],[28.452083,41.196766],[28.451865,41.196768],[28.451561,41.196744],[28.451264,41.196753],[28.450985,41.196777],[28.450727,41.196846],[28.45027,41.196941],[28.449977,41.196997],[28.449741,41.197041],[28.449726,41.197156],[28.449753,41.197271],[28.449759,41.197416],[28.449651,41.197588],[28.449566,41.197707],[28.449536,41.197847],[28.449445,41.19802],[28.449092,41.198513],[28.448815,41.199173],[28.448589,41.199521],[28.448781,41.199636],[28.449751,41.199788],[28.449921,41.199795],[28.450256,41.200351],[28.450618,41.201041],[28.450886,41.201515],[28.451191,41.202084],[28.451474,41.202663],[28.451646,41.203009],[28.451768,41.203478],[28.451491,41.207906],[28.449549,41.207726],[28.44878,41.207061],[28.447424,41.207982],[28.447198,41.208048],[28.446273,41.210459],[28.446315,41.211746],[28.446027,41.212453],[28.444604,41.21517],[28.444432,41.217042],[28.443982,41.218472],[28.443997,41.220114],[28.444426,41.221132],[28.444309,41.2215],[28.44374,41.221793],[28.443035,41.223261],[28.443041,41.223753],[28.442814,41.224161],[28.441003,41.224136],[28.440709,41.22431],[28.440503,41.224581],[28.439822,41.224513],[28.439654,41.225307],[28.439215,41.225725],[28.439215,41.226334],[28.438716,41.226727],[28.43834,41.226439],[28.438044,41.226227],[28.437711,41.225933],[28.437496,41.225539],[28.437373,41.225316],[28.43698,41.225687],[28.436952,41.225712],[28.436476,41.225728],[28.436138,41.225884],[28.435798,41.226038],[28.435544,41.225859],[28.435285,41.225668],[28.435386,41.225191],[28.435427,41.224985],[28.43458,41.225302],[28.433905,41.224612],[28.433624,41.224714],[28.433142,41.224751],[28.432299,41.225187],[28.432133,41.225282],[28.431447,41.225889],[28.43138,41.226511],[28.431513,41.226831],[28.431517,41.227395],[28.43164,41.227928],[28.43185,41.228273],[28.431561,41.228743],[28.431273,41.229206],[28.431109,41.229473],[28.430915,41.230037],[28.430595,41.230485],[28.430638,41.231165],[28.43067,41.231705],[28.430675,41.232204],[28.430667,41.232723],[28.430664,41.233169],[28.430822,41.233824],[28.431284,41.234129],[28.431732,41.234421],[28.432174,41.234672],[28.432462,41.234831],[28.432821,41.235041],[28.433021,41.235161],[28.433272,41.235493],[28.433565,41.235871],[28.434028,41.236471],[28.434393,41.236944],[28.43483,41.237312],[28.436635,41.240178],[28.437225,41.241036],[28.437341,41.241887],[28.43744,41.242866],[28.43725,41.243847],[28.43718,41.244054],[28.437312,41.244229],[28.437539,41.244468],[28.437767,41.2447],[28.43784,41.24477],[28.437988,41.244845],[28.438182,41.244991],[28.43835,41.245119],[28.438519,41.245228],[28.438711,41.245307],[28.438859,41.245348],[28.439013,41.245377],[28.439188,41.245386],[28.439337,41.245418],[28.439547,41.245471],[28.439713,41.245529],[28.439853,41.245561],[28.439962,41.245592],[28.44004,41.245637],[28.440135,41.245714],[28.440252,41.245799],[28.440385,41.245904],[28.440478,41.246071],[28.440526,41.246115],[28.440803,41.246264],[28.440776,41.246689],[28.440802,41.247263],[28.440898,41.247636],[28.440954,41.248085],[28.441155,41.248662],[28.441281,41.248939],[28.441123,41.249057],[28.440984,41.249244],[28.440983,41.249708],[28.440832,41.250374],[28.44112,41.252707],[28.441357,41.253253],[28.443349,41.254122],[28.445205,41.254965],[28.446842,41.254547],[28.446586,41.25522],[28.446488,41.256281],[28.446043,41.256976],[28.446492,41.256669],[28.446904,41.256307],[28.447311,41.256033],[28.448082,41.255211],[28.448647,41.255121],[28.448798,41.254694]]]}},{"type":"Feature","properties":{"id":"TR-Y-34-015-M-0037","level":"yerlesim","type":"mahalle","parent_id":"TR-D-34-015","province_id":"TR-P-34","district_id":"TR-D-34-015","name":"Yalıköy","source_raw_name":"YALIKÖY","source":"Kullanıcı tarafından sağlanan KML","source_label":"Kullanıcı tarafından sağlanan KML","source_name":"Istanbul Mahalle KML"},"geometry":{"type":"Polygon","coordinates":[[[28.229238,41.524596],[28.229281,41.524453],[28.229259,41.52431],[28.229136,41.524113],[28.229128,41.52403],[28.229229,41.523962],[28.229373,41.523901],[28.229464,41.523871],[28.229534,41.52387],[28.229689,41.523906],[28.229836,41.523903],[28.230044,41.523893],[28.23022,41.523883],[28.230377,41.52392],[28.230517,41.524002],[28.230712,41.524109],[28.230831,41.524143],[28.230957,41.52419],[28.231117,41.524225],[28.231191,41.524221],[28.231244,41.524173],[28.231245,41.524109],[28.231228,41.524038],[28.231273,41.523997],[28.231425,41.523965],[28.231614,41.523861],[28.231814,41.52379],[28.232061,41.523699],[28.232215,41.523621],[28.232201,41.523566],[28.232141,41.523455],[28.231992,41.523368],[28.231775,41.523208],[28.231643,41.523],[28.231678,41.522967],[28.231752,41.522946],[28.231837,41.522922],[28.231916,41.522949],[28.232015,41.523005],[28.232108,41.523037],[28.232161,41.522989],[28.232137,41.52285],[28.232025,41.522671],[28.23181,41.522528],[28.231632,41.52247],[28.231512,41.522454],[28.231483,41.522428],[28.231467,41.522367],[28.231459,41.522244],[28.231394,41.522118],[28.231377,41.52207],[28.231481,41.521707],[28.231656,41.521279],[28.232085,41.520772],[28.232542,41.520256],[28.232986,41.5199],[28.233349,41.519705],[28.233402,41.51972],[28.233469,41.519708],[28.23354,41.519655],[28.233737,41.519589],[28.233852,41.519563],[28.233928,41.519568],[28.23398,41.519634],[28.234029,41.519633],[28.234115,41.519596],[28.234174,41.519587],[28.234206,41.519607],[28.23424,41.519621],[28.234302,41.519599],[28.23432,41.519555],[28.234389,41.519477],[28.234647,41.519408],[28.235153,41.519264],[28.235315,41.519191],[28.235468,41.519117],[28.235554,41.51908],[28.235639,41.519072],[28.235721,41.519068],[28.235756,41.519058],[28.235768,41.51902],[28.235772,41.518985],[28.235861,41.518957],[28.235909,41.518933],[28.235967,41.518903],[28.236028,41.518874],[28.236078,41.518841],[28.236134,41.5188],[28.236185,41.518763],[28.236221,41.518745],[28.236257,41.518735],[28.236326,41.518709],[28.236372,41.518674],[28.236387,41.518633],[28.2364,41.518618],[28.236418,41.518607],[28.236449,41.518598],[28.236495,41.518567],[28.23653,41.518537],[28.23654,41.518514],[28.236537,41.518502],[28.236534,41.518491],[28.236529,41.518486],[28.236517,41.518484],[28.236507,41.518485],[28.2365,41.518491],[28.23649,41.518502],[28.236483,41.518504],[28.236478,41.518499],[28.236476,41.518487],[28.236466,41.518469],[28.236454,41.51846],[28.236448,41.518448],[28.236452,41.518437],[28.236461,41.518426],[28.236473,41.518409],[28.236474,41.5184],[28.236468,41.518392],[28.236443,41.518385],[28.236436,41.518378],[28.236426,41.518365],[28.236413,41.518358],[28.236397,41.518352],[28.236378,41.518338],[28.236382,41.518324],[28.236434,41.518247],[28.236509,41.518173],[28.23659,41.518075],[28.236601,41.518034],[28.236624,41.517954],[28.23664,41.517926],[28.236709,41.517837],[28.236792,41.51777],[28.236867,41.517728],[28.236883,41.517718],[28.236896,41.517712],[28.236912,41.517709],[28.236926,41.517713],[28.236946,41.517732],[28.236954,41.51774],[28.236966,41.517745],[28.236979,41.517746],[28.236996,41.517744],[28.237004,41.517734],[28.236995,41.517693],[28.237001,41.517687],[28.237008,41.517682],[28.23702,41.517682],[28.237032,41.517685],[28.237049,41.517691],[28.237069,41.517697],[28.237097,41.517703],[28.237169,41.517721],[28.237188,41.517725],[28.237204,41.517731],[28.237223,41.517739],[28.237233,41.517748],[28.237269,41.517784],[28.237292,41.517796],[28.237303,41.517793],[28.237322,41.517783],[28.237353,41.517761],[28.237365,41.51774],[28.237368,41.517722],[28.23738,41.517668],[28.237397,41.51761],[28.237399,41.517594],[28.237401,41.517588],[28.237411,41.517549],[28.237417,41.517526],[28.237422,41.517511],[28.237446,41.51747],[28.237456,41.517442],[28.237459,41.51743],[28.237474,41.517404],[28.237479,41.517396],[28.237483,41.517396],[28.237486,41.5174],[28.237487,41.517411],[28.237493,41.517418],[28.237509,41.517347],[28.237507,41.517334],[28.237485,41.517317],[28.237474,41.517312],[28.23747,41.517305],[28.237472,41.517258],[28.237471,41.517219],[28.237459,41.51714],[28.237454,41.51713],[28.237446,41.517122],[28.237441,41.517116],[28.237417,41.517055],[28.237408,41.517031],[28.237397,41.517014],[28.237386,41.51698],[28.237387,41.516968],[28.237385,41.516957],[28.237378,41.516946],[28.23735,41.516909],[28.237342,41.516893],[28.237348,41.516866],[28.237359,41.516855],[28.23739,41.516845],[28.23741,41.516844],[28.23743,41.516846],[28.237448,41.516852],[28.237505,41.516866],[28.237544,41.516872],[28.237587,41.516873],[28.237614,41.516879],[28.237712,41.516903],[28.23773,41.516913],[28.237745,41.516921],[28.237756,41.516936],[28.237798,41.516995],[28.237829,41.517015],[28.23785,41.517024],[28.237872,41.517029],[28.237891,41.517028],[28.23791,41.517024],[28.237929,41.517018],[28.237962,41.517005],[28.237999,41.516989],[28.238021,41.516977],[28.238041,41.516969],[28.238061,41.516967],[28.238086,41.516967],[28.238114,41.516973],[28.238143,41.516979],[28.238183,41.517],[28.238219,41.517005],[28.238244,41.517009],[28.238283,41.517017],[28.238309,41.51702],[28.238336,41.517025],[28.238355,41.51703],[28.238371,41.517038],[28.238386,41.517051],[28.238396,41.517064],[28.238399,41.517079],[28.238398,41.517093],[28.238394,41.517109],[28.238387,41.517127],[28.238379,41.517134],[28.238369,41.517138],[28.238355,41.517141],[28.238347,41.517145],[28.23834,41.517154],[28.238348,41.517177],[28.238374,41.517217],[28.238382,41.517223],[28.238383,41.517234],[28.238383,41.517244],[28.238386,41.517252],[28.238391,41.517259],[28.238402,41.517262],[28.238415,41.517262],[28.238424,41.517259],[28.238437,41.517252],[28.238451,41.517238],[28.238453,41.517231],[28.238452,41.517223],[28.238446,41.517203],[28.238507,41.517144],[28.238535,41.517131],[28.238566,41.517122],[28.238627,41.517104],[28.238654,41.517098],[28.238677,41.517092],[28.238684,41.517093],[28.238684,41.517101],[28.238682,41.517112],[28.238687,41.517123],[28.238694,41.517128],[28.238707,41.517129],[28.238732,41.517123],[28.238764,41.517116],[28.238775,41.51711],[28.238783,41.517101],[28.238804,41.517095],[28.238826,41.517091],[28.23886,41.517084],[28.238893,41.517073],[28.238929,41.517051],[28.238939,41.517032],[28.238954,41.517022],[28.238973,41.517014],[28.239003,41.517008],[28.239034,41.517],[28.239143,41.51697],[28.239172,41.516955],[28.239196,41.516944],[28.239215,41.516939],[28.239244,41.516935],[28.239336,41.516918],[28.239364,41.516902],[28.239377,41.516887],[28.239387,41.516877],[28.239397,41.516864],[28.239419,41.516823],[28.23944,41.516796],[28.239483,41.516733],[28.239497,41.516693],[28.239506,41.516666],[28.239567,41.516581],[28.23959,41.516553],[28.239656,41.516494],[28.239682,41.516456],[28.239721,41.516399],[28.239741,41.516365],[28.239836,41.516284],[28.239952,41.516202],[28.240112,41.516104],[28.240239,41.516042],[28.240333,41.516001],[28.240378,41.515982],[28.240533,41.515938],[28.240574,41.515927],[28.24061,41.515919],[28.240665,41.515915],[28.240854,41.515907],[28.240905,41.515908],[28.240965,41.51591],[28.241024,41.51591],[28.241077,41.515911],[28.24125,41.51591],[28.241298,41.515907],[28.24139,41.515902],[28.241457,41.515899],[28.241565,41.515895],[28.241697,41.515883],[28.241748,41.515864],[28.241797,41.515846],[28.241947,41.51581],[28.242003,41.515799],[28.24206,41.515796],[28.242112,41.515791],[28.242155,41.515789],[28.242252,41.515765],[28.24229,41.515759],[28.24233,41.515756],[28.242371,41.515752],[28.242501,41.515718],[28.242553,41.515701],[28.242704,41.515652],[28.242757,41.515636],[28.242852,41.515614],[28.242908,41.515599],[28.243048,41.515554],[28.2431,41.51554],[28.243171,41.515521],[28.243224,41.515516],[28.243351,41.515511],[28.243394,41.515508],[28.243419,41.515508],[28.243446,41.515513],[28.243471,41.51552],[28.243496,41.515529],[28.24352,41.515537],[28.243529,41.515544],[28.243534,41.515551],[28.243524,41.515595],[28.243519,41.515628],[28.243524,41.515645],[28.243532,41.515657],[28.243546,41.515676],[28.243547,41.515688],[28.243555,41.515697],[28.243575,41.515699],[28.243584,41.515691],[28.243583,41.515672],[28.243581,41.515653],[28.243589,41.515633],[28.243596,41.515614],[28.243612,41.5156],[28.243631,41.515591],[28.243653,41.515595],[28.243674,41.515603],[28.243702,41.515609],[28.243738,41.51561],[28.243767,41.515609],[28.243787,41.515605],[28.243795,41.515609],[28.243799,41.515618],[28.243795,41.515637],[28.24379,41.515655],[28.243788,41.515672],[28.243789,41.515691],[28.243799,41.515723],[28.243801,41.51573],[28.243814,41.515735],[28.243823,41.515736],[28.243835,41.515732],[28.243848,41.515724],[28.243856,41.51571],[28.243867,41.515701],[28.243887,41.515696],[28.243903,41.515693],[28.243911,41.515692],[28.243923,41.515686],[28.243927,41.515672],[28.243929,41.515663],[28.243911,41.515646],[28.24391,41.515641],[28.243911,41.515624],[28.243917,41.515607],[28.243924,41.515597],[28.243936,41.515592],[28.243953,41.515591],[28.243962,41.515594],[28.243969,41.515607],[28.243969,41.515637],[28.243962,41.51565],[28.243952,41.515666],[28.243948,41.515695],[28.24394,41.51571],[28.243934,41.515726],[28.243928,41.515738],[28.243921,41.515746],[28.243899,41.515756],[28.243881,41.515765],[28.243861,41.515775],[28.243852,41.515788],[28.24384,41.51581],[28.243819,41.515859],[28.243815,41.515878],[28.243815,41.515895],[28.243818,41.515911],[28.243821,41.515922],[28.243848,41.515934],[28.24387,41.515932],[28.243889,41.515928],[28.243911,41.515915],[28.243921,41.515903],[28.243933,41.515894],[28.243943,41.51589],[28.243952,41.515892],[28.243956,41.515899],[28.243961,41.51591],[28.243951,41.515942],[28.243951,41.515951],[28.243976,41.515952],[28.243989,41.515948],[28.244005,41.515934],[28.244009,41.515913],[28.244005,41.51589],[28.244009,41.515878],[28.244016,41.515869],[28.244029,41.515855],[28.244041,41.515843],[28.244055,41.515825],[28.244061,41.515808],[28.244067,41.515791],[28.244073,41.515777],[28.244084,41.515747],[28.244086,41.515738],[28.244087,41.515728],[28.244088,41.515721],[28.244085,41.515712],[28.244077,41.515709],[28.244069,41.51571],[28.244055,41.515716],[28.244041,41.515723],[28.244028,41.515726],[28.244019,41.51572],[28.244008,41.515683],[28.244001,41.515658],[28.244004,41.515626],[28.244006,41.515597],[28.244008,41.51558],[28.244009,41.515558],[28.244006,41.515539],[28.244001,41.515525],[28.243996,41.515518],[28.24399,41.515517],[28.243974,41.515526],[28.24397,41.515528],[28.243964,41.515526],[28.243962,41.515517],[28.243943,41.515467],[28.243937,41.515458],[28.243928,41.515456],[28.243922,41.515456],[28.243904,41.515426],[28.243877,41.515397],[28.243857,41.515385],[28.243826,41.515366],[28.243813,41.51536],[28.243808,41.515352],[28.243813,41.515346],[28.243843,41.515338],[28.243856,41.515336],[28.243868,41.515322],[28.243879,41.515315],[28.243906,41.51531],[28.243923,41.51531],[28.243932,41.515311],[28.243953,41.515307],[28.243969,41.515301],[28.243991,41.515277],[28.244025,41.515256],[28.244038,41.515243],[28.244042,41.515225],[28.244043,41.515208],[28.244038,41.515199],[28.244028,41.515188],[28.244017,41.515182],[28.243986,41.515163],[28.243976,41.515156],[28.24393,41.515143],[28.243903,41.515128],[28.243886,41.515118],[28.243845,41.515084],[28.243836,41.51507],[28.243815,41.515028],[28.243832,41.514979],[28.243864,41.514935],[28.243898,41.514914],[28.243962,41.514864],[28.24399,41.514848],[28.244004,41.514839],[28.244022,41.514835],[28.244036,41.514839],[28.244035,41.514847],[28.244026,41.514855],[28.24403,41.514862],[28.244044,41.514867],[28.244049,41.514879],[28.244053,41.514895],[28.244061,41.514911],[28.244065,41.514919],[28.244077,41.514925],[28.244093,41.514929],[28.244108,41.514934],[28.244123,41.514934],[28.244131,41.514934],[28.244144,41.514933],[28.244153,41.514928],[28.244152,41.514924],[28.244147,41.514917],[28.244134,41.514915],[28.244117,41.514913],[28.244096,41.514909],[28.244095,41.514901],[28.244097,41.51489],[28.244103,41.514882],[28.244114,41.514878],[28.244124,41.514882],[28.244135,41.514886],[28.244144,41.514885],[28.244156,41.514881],[28.244168,41.51487],[28.244186,41.514862],[28.244206,41.514862],[28.244267,41.514859],[28.244286,41.51485],[28.2443,41.514837],[28.244312,41.514821],[28.244348,41.514778],[28.244381,41.51474],[28.244398,41.514726],[28.244417,41.514723],[28.24444,41.514701],[28.244443,41.514688],[28.244448,41.514672],[28.244462,41.514663],[28.244485,41.514655],[28.244538,41.51462],[28.24457,41.514608],[28.244594,41.514605],[28.244625,41.514603],[28.244653,41.514601],[28.244686,41.514604],[28.244721,41.514613],[28.24474,41.514619],[28.244782,41.514639],[28.244798,41.514646],[28.244819,41.514652],[28.244836,41.514651],[28.244844,41.514645],[28.244849,41.514631],[28.244847,41.514601],[28.244848,41.514587],[28.24487,41.514554],[28.244886,41.514541],[28.244934,41.514503],[28.244959,41.514493],[28.244984,41.514484],[28.245008,41.514482],[28.245028,41.514479],[28.245047,41.514475],[28.245064,41.51448],[28.245081,41.514491],[28.245093,41.514498],[28.245116,41.514497],[28.245131,41.514492],[28.245163,41.514481],[28.245207,41.514434],[28.245219,41.514416],[28.245224,41.514396],[28.24524,41.514371],[28.245258,41.514358],[28.245278,41.514349],[28.245308,41.514339],[28.245338,41.514334],[28.245389,41.514326],[28.24548,41.514307],[28.245536,41.514282],[28.245556,41.514281],[28.245572,41.514281],[28.245586,41.514289],[28.245596,41.5143],[28.245613,41.514318],[28.245661,41.514353],[28.245712,41.514371],[28.245741,41.51438],[28.245767,41.514387],[28.245796,41.514395],[28.245826,41.514396],[28.245868,41.514391],[28.245903,41.514382],[28.245973,41.514359],[28.246037,41.514331],[28.246067,41.514322],[28.246111,41.514309],[28.246143,41.514304],[28.246192,41.514302],[28.246263,41.514297],[28.246307,41.514291],[28.246339,41.51428],[28.246376,41.514275],[28.246396,41.514274],[28.24641,41.514277],[28.246419,41.51428],[28.246419,41.514287],[28.246413,41.514297],[28.246397,41.514344],[28.246393,41.51438],[28.246394,41.514413],[28.246397,41.514434],[28.246397,41.514443],[28.246393,41.514458],[28.246381,41.514485],[28.246371,41.514508],[28.246304,41.514547],[28.246273,41.514572],[28.246244,41.514586],[28.246213,41.514595],[28.246185,41.514598],[28.246164,41.514595],[28.246144,41.514586],[28.246132,41.514584],[28.24612,41.514588],[28.246108,41.514595],[28.246103,41.514602],[28.246093,41.514633],[28.246096,41.514644],[28.246102,41.514651],[28.246114,41.514659],[28.246129,41.514662],[28.246147,41.51467],[28.246168,41.5147],[28.246195,41.514725],[28.246217,41.514732],[28.246231,41.514737],[28.246241,41.51475],[28.246248,41.514759],[28.246256,41.514763],[28.246276,41.514763],[28.246289,41.514757],[28.246302,41.514759],[28.24631,41.514765],[28.246324,41.514771],[28.246341,41.514771],[28.246361,41.514765],[28.246368,41.514763],[28.24638,41.514768],[28.246378,41.514781],[28.246367,41.514795],[28.246366,41.514805],[28.246374,41.514814],[28.246388,41.51482],[28.246404,41.514819],[28.246423,41.514809],[28.246432,41.514787],[28.246436,41.514765],[28.246441,41.514748],[28.246447,41.514733],[28.246461,41.514714],[28.246478,41.514709],[28.246502,41.514707],[28.246522,41.514706],[28.246547,41.514696],[28.246587,41.514663],[28.246622,41.514638],[28.246639,41.514619],[28.246656,41.514611],[28.246689,41.514614],[28.246709,41.514613],[28.246748,41.514605],[28.246778,41.514592],[28.24679,41.514579],[28.246798,41.514568],[28.246804,41.514559],[28.24681,41.51455],[28.246816,41.514542],[28.246825,41.514536],[28.246873,41.514527],[28.246913,41.514505],[28.246957,41.514455],[28.246993,41.514408],[28.247015,41.514394],[28.247055,41.514388],[28.247103,41.514358],[28.247139,41.51433],[28.247165,41.514288],[28.247183,41.514244],[28.247175,41.514169],[28.247159,41.51412],[28.247156,41.514084],[28.247144,41.51407],[28.247107,41.514048],[28.247093,41.514015],[28.247092,41.513985],[28.247118,41.513949],[28.247142,41.513797],[28.24713,41.513703],[28.247111,41.513642],[28.247089,41.513623],[28.24706,41.513604],[28.247045,41.513554],[28.247066,41.513499],[28.247102,41.513435],[28.247139,41.51341],[28.247209,41.513396],[28.247304,41.513404],[28.247377,41.513382],[28.247432,41.513357],[28.247523,41.513257],[28.24754,41.513242],[28.247622,41.51319],[28.247669,41.513162],[28.247713,41.513129],[28.247742,41.513079],[28.247753,41.513026],[28.247741,41.512969],[28.247719,41.512913],[28.247708,41.512894],[28.247704,41.512869],[28.247722,41.512828],[28.247754,41.512775],[28.247805,41.512659],[28.247822,41.512554],[28.247826,41.512504],[28.247869,41.512468],[28.247884,41.512435],[28.247887,41.512402],[28.247868,41.512347],[28.247823,41.512223],[28.247782,41.51209],[28.247741,41.512033],[28.247685,41.511989],[28.247667,41.511958],[28.247677,41.51192],[28.247695,41.511873],[28.247709,41.511781],[28.247716,41.511732],[28.247716,41.511707],[28.247709,41.511682],[28.247694,41.511663],[28.247683,41.511652],[28.247653,41.511638],[28.247624,41.511644],[28.247576,41.511658],[28.247532,41.511675],[28.247503,41.511666],[28.247477,41.511656],[28.247455,41.511636],[28.247399,41.511587],[28.247347,41.511532],[28.247266,41.511508],[28.247219,41.511513],[28.247189,41.511516],[28.247156,41.511505],[28.247086,41.511464],[28.246986,41.511418],[28.24685,41.511352],[28.246784,41.511308],[28.246772,41.511295],[28.246739,41.511267],[28.246555,41.511155],[28.246547,41.511141],[28.246558,41.511127],[28.246573,41.511124],[28.246632,41.511141],[28.246823,41.511217],[28.246996,41.511274],[28.247041,41.511301],[28.247092,41.511354],[28.247144,41.511384],[28.247188,41.511386],[28.247298,41.511391],[28.247379,41.511383],[28.247464,41.511374],[28.247544,41.511379],[28.247618,41.511387],[28.247636,41.51139],[28.247658,41.51139],[28.247669,41.511379],[28.247669,41.511343],[28.24768,41.511326],[28.247702,41.51132],[28.247731,41.511334],[28.247772,41.511381],[28.247817,41.51143],[28.247894,41.511455],[28.24799,41.511454],[28.24803,41.511446],[28.248085,41.511424],[28.248114,41.511393],[28.248132,41.511327],[28.248116,41.511238],[28.248086,41.511159],[28.248056,41.511103],[28.248049,41.51107],[28.248052,41.511051],[28.248078,41.511034],[28.248133,41.511026],[28.248184,41.51102],[28.24821,41.511009],[28.248239,41.510987],[28.248253,41.510945],[28.248249,41.510884],[28.248253,41.510851],[28.248278,41.510818],[28.248307,41.510804],[28.248414,41.510782],[28.24852,41.510764],[28.248553,41.510748],[28.248597,41.510709],[28.248633,41.510695],[28.248699,41.510692],[28.248799,41.510689],[28.248843,41.510702],[28.248854,41.510716],[28.248872,41.510743],[28.248909,41.510768],[28.248972,41.510776],[28.249016,41.510781],[28.249046,41.510795],[28.24906,41.510825],[28.249097,41.510842],[28.249145,41.510844],[28.249185,41.510828],[28.249218,41.510805],[28.249232,41.510687],[28.249235,41.510593],[28.249234,41.510515],[28.249249,41.510488],[28.249271,41.510479],[28.249326,41.510473],[28.249388,41.510481],[28.249421,41.510498],[28.249429,41.510528],[28.249434,41.510636],[28.249438,41.510724],[28.249449,41.510752],[28.249449,41.51076],[28.249464,41.510763],[28.249497,41.51074],[28.249555,41.510726],[28.249596,41.510718],[28.249625,41.510726],[28.249644,41.510751],[28.249663,41.510834],[28.24967,41.51085],[28.249689,41.510858],[28.249707,41.510844],[28.249718,41.510814],[28.249714,41.510762],[28.249736,41.510737],[28.249761,41.510728],[28.249824,41.510731],[28.249945,41.510772],[28.249997,41.510789],[28.250115,41.510829],[28.250233,41.510892],[28.250292,41.510935],[28.250296,41.510991],[28.250293,41.511068],[28.25026,41.511085],[28.25019,41.511091],[28.250117,41.511149],[28.250111,41.511207],[28.250174,41.511331],[28.250211,41.511402],[28.250238,41.511463],[28.25026,41.511532],[28.250282,41.511549],[28.250326,41.511551],[28.250392,41.511537],[28.250477,41.511492],[28.250597,41.511401],[28.250761,41.511306],[28.250904,41.511214],[28.250929,41.511181],[28.250988,41.511137],[28.251207,41.511055],[28.251394,41.510966],[28.251537,41.510874],[28.251639,41.510788],[28.251759,41.510666],[28.251839,41.510575],[28.251875,41.510519],[28.251893,41.510483],[28.251934,41.510486],[28.251967,41.510491],[28.251982,41.510513],[28.251978,41.510569],[28.252015,41.510593],[28.252082,41.510626],[28.252144,41.510665],[28.252185,41.5107],[28.252252,41.510722],[28.252351,41.510724],[28.252446,41.51071],[28.252501,41.510707],[28.25253,41.510693],[28.252571,41.510662],[28.252592,41.510638],[28.252625,41.510612],[28.252651,41.510576],[28.252669,41.510535],[28.252665,41.510502],[28.252639,41.510469],[28.252613,41.510447],[28.252613,41.510439],[28.25262,41.510439],[28.252668,41.510458],[28.252701,41.510458],[28.252719,41.510438],[28.252704,41.510344],[28.252699,41.510212],[28.252695,41.510115],[28.252701,41.510024],[28.252686,41.509966],[28.252671,41.509947],[28.252638,41.50995],[28.252623,41.509953],[28.252572,41.509958],[28.252554,41.509958],[28.252532,41.509945],[28.252524,41.509931],[28.25252,41.50989],[28.252567,41.509815],[28.252647,41.509704],[28.252738,41.509613],[28.252855,41.509565],[28.253075,41.509512],[28.253332,41.509444],[28.25368,41.509335],[28.253921,41.509218],[28.254188,41.5091],[28.254437,41.508956],[28.25466,41.508797],[28.2549,41.508581],[28.255069,41.508417],[28.255169,41.508315],[28.255333,41.508142],[28.255487,41.508031],[28.255703,41.507923],[28.255896,41.507811],[28.256105,41.507697],[28.256258,41.50758],[28.256338,41.507525],[28.256411,41.507477],[28.256521,41.507447],[28.256639,41.507443],[28.256771,41.507467],[28.256863,41.507472],[28.256889,41.507483],[28.256907,41.507511],[28.256897,41.507525],[28.256769,41.507581],[28.256648,41.507656],[28.256597,41.507747],[28.256609,41.507786],[28.256627,41.507805],[28.256679,41.507807],[28.256767,41.507799],[28.25699,41.507737],[28.257041,41.507717],[28.257074,41.507665],[28.257092,41.507582],[28.257146,41.507535],[28.25726,41.50746],[28.257329,41.507376],[28.257369,41.507384],[28.257391,41.507404],[28.257395,41.50742],[28.257333,41.50747],[28.257227,41.507545],[28.257155,41.507664],[28.257155,41.507681],[28.257192,41.507678],[28.257272,41.507617],[28.257319,41.507592],[28.257364,41.507578],[28.257411,41.507583],[28.257411,41.507611],[28.257426,41.507627],[28.257518,41.507638],[28.257551,41.507659],[28.257569,41.507659],[28.257569,41.507651],[28.257613,41.507651],[28.257668,41.507659],[28.257701,41.507678],[28.257741,41.507683],[28.257818,41.507688],[28.257855,41.507691],[28.257869,41.507688],[28.257906,41.507649],[28.257906,41.50763],[28.257924,41.507616],[28.257949,41.50758],[28.257967,41.507558],[28.258011,41.50755],[28.257982,41.507611],[28.258059,41.507599],[28.258114,41.507582],[28.258132,41.507591],[28.258136,41.507621],[28.258129,41.507681],[28.258119,41.507725],[28.258122,41.507739],[28.258155,41.507728],[28.258184,41.507722],[28.258279,41.507708],[28.258422,41.507688],[28.258469,41.507674],[28.258491,41.507655],[28.258553,41.50763],[28.258648,41.507613],[28.258739,41.50759],[28.25878,41.507579],[28.258845,41.507579],[28.258911,41.50757],[28.258973,41.507551],[28.259024,41.507551],[28.259072,41.50755],[28.259134,41.507531],[28.259226,41.507519],[28.259314,41.507502],[28.259326,41.507483],[28.25939,41.507413],[28.259447,41.507354],[28.259493,41.5073],[28.259515,41.507297],[28.259569,41.507315],[28.259656,41.507333],[28.259532,41.507446],[28.25956,41.507455],[28.259619,41.507442],[28.259708,41.507419],[28.259827,41.507361],[28.259979,41.507285],[28.260103,41.507205],[28.260243,41.507065],[28.260334,41.506988],[28.260357,41.506947],[28.260362,41.506917],[28.260363,41.506881],[28.260405,41.506838],[28.260472,41.506799],[28.26053,41.506723],[28.260546,41.506688],[28.260543,41.506665],[28.260584,41.506631],[28.260653,41.506555],[28.260717,41.506411],[28.260766,41.506264],[28.26083,41.506205],[28.260906,41.506143],[28.260975,41.506054],[28.261034,41.50594],[28.261071,41.505823],[28.261069,41.505765],[28.261048,41.505762],[28.261026,41.50575],[28.261023,41.505734],[28.261034,41.505726],[28.261069,41.505691],[28.261095,41.505659],[28.2611,41.505634],[28.261091,41.505579],[28.261057,41.505507],[28.260994,41.505437],[28.260919,41.505386],[28.260931,41.505356],[28.26099,41.505261],[28.261036,41.505199],[28.261106,41.50517],[28.261187,41.505161],[28.261245,41.505157],[28.2613,41.505172],[28.26135,41.505205],[28.261398,41.505264],[28.261452,41.505304],[28.261502,41.505338],[28.261516,41.505341],[28.261531,41.505333],[28.261577,41.505282],[28.261668,41.505188],[28.261748,41.505085],[28.261817,41.504999],[28.261853,41.50492],[28.261848,41.504854],[28.261811,41.504784],[28.261772,41.504745],[28.261697,41.504713],[28.261613,41.504703],[28.261453,41.504692],[28.261392,41.504655],[28.261323,41.504645],[28.261275,41.50466],[28.261256,41.504687],[28.261229,41.504703],[28.261208,41.5047],[28.261143,41.504685],[28.261114,41.504654],[28.261116,41.504602],[28.261052,41.504466],[28.261021,41.504317],[28.261002,41.504141],[28.261017,41.50393],[28.261041,41.503788],[28.26109,41.503649],[28.261181,41.503563],[28.261257,41.503466],[28.261356,41.503369],[28.261449,41.503228],[28.261486,41.503108],[28.261535,41.503076],[28.261581,41.503014],[28.261601,41.502949],[28.261575,41.502863],[28.261605,41.502759],[28.261678,41.502654],[28.261767,41.502529],[28.2619,41.502392],[28.261979,41.502314],[28.262032,41.502274],[28.26211,41.502243],[28.26223,41.502245],[28.262317,41.502258],[28.262364,41.502268],[28.262416,41.502255],[28.262468,41.502229],[28.262523,41.502219],[28.26261,41.50224],[28.262762,41.502268],[28.262832,41.502269],[28.262957,41.502244],[28.263105,41.502198],[28.263264,41.502138],[28.26333,41.50212],[28.263348,41.502123],[28.263366,41.502135],[28.263373,41.502143],[28.263384,41.502157],[28.26342,41.502158],[28.26348,41.502126],[28.263644,41.502042],[28.263706,41.502018],[28.263732,41.502024],[28.263746,41.502028],[28.263772,41.502023],[28.263864,41.502],[28.26398,41.501939],[28.264043,41.501894],[28.264162,41.501855],[28.264239,41.501831],[28.264392,41.501779],[28.264521,41.501728],[28.264651,41.501654],[28.264767,41.501582],[28.264804,41.501569],[28.264826,41.501559],[28.264845,41.501543],[28.264861,41.501516],[28.264865,41.501494],[28.264859,41.501472],[28.264842,41.501427],[28.264844,41.501392],[28.264866,41.501373],[28.265014,41.501329],[28.265144,41.501261],[28.265296,41.501209],[28.265541,41.501104],[28.265693,41.501044],[28.265817,41.500954],[28.265951,41.500866],[28.266142,41.500752],[28.266286,41.5007],[28.266402,41.500631],[28.266572,41.500571],[28.266753,41.50043],[28.266999,41.500284],[28.267205,41.500148],[28.267332,41.500079],[28.26744,41.500019],[28.267502,41.500009],[28.267565,41.500002],[28.267648,41.499999],[28.267667,41.499999],[28.267669,41.499999],[28.267804,41.500034],[28.267971,41.500076],[28.268156,41.500111],[28.268207,41.500117],[28.268243,41.500115],[28.268284,41.500105],[28.268302,41.500089],[28.268314,41.500073],[28.268347,41.50006],[28.268387,41.500074],[28.268424,41.500061],[28.26845,41.500043],[28.268499,41.500002],[28.268503,41.499999],[28.268522,41.499984],[28.268533,41.499984],[28.26854,41.49999],[28.268543,41.499999],[28.268543,41.500001],[28.268557,41.500012],[28.268564,41.500017],[28.26859,41.50001],[28.268596,41.499999],[28.268622,41.49995],[28.268716,41.499782],[28.268855,41.49956],[28.268984,41.49934],[28.269084,41.499188],[28.269231,41.498991],[28.269257,41.498964],[28.269283,41.498951],[28.269366,41.498881],[28.269418,41.498847],[28.269455,41.498845],[28.269473,41.498848],[28.26951,41.498846],[28.269537,41.498811],[28.269564,41.498754],[28.269589,41.498672],[28.269622,41.498579],[28.269662,41.498489],[28.269757,41.498384],[28.269856,41.49826],[28.269906,41.498209],[28.269967,41.498147],[28.270009,41.49809],[28.270032,41.498069],[28.270058,41.498056],[28.270105,41.498046],[28.270139,41.498022],[28.270163,41.497976],[28.270196,41.497974],[28.270287,41.497978],[28.270349,41.49798],[28.270452,41.497879],[28.270526,41.497796],[28.270544,41.497742],[28.27056,41.49772],[28.270579,41.497721],[28.270585,41.497742],[28.270601,41.497787],[28.270625,41.497815],[28.270654,41.497812],[28.270675,41.497797],[28.270721,41.49761],[28.270689,41.497582],[28.270696,41.497526],[28.270707,41.497442],[28.270704,41.497379],[28.270706,41.497335],[28.270731,41.497304],[28.270875,41.49721],[28.271069,41.497083],[28.271163,41.497032],[28.271261,41.496983],[28.271335,41.496933],[28.271403,41.496864],[28.271495,41.496778],[28.27153,41.49676],[28.271561,41.49673],[28.271599,41.496699],[28.271632,41.496693],[28.27169,41.49667],[28.27174,41.49666],[28.271779,41.496643],[28.271826,41.496619],[28.271865,41.496587],[28.271913,41.496569],[28.271925,41.496552],[28.271951,41.496499],[28.271974,41.496477],[28.272025,41.496476],[28.272056,41.496468],[28.272098,41.49645],[28.272148,41.496406],[28.272188,41.49636],[28.272202,41.496335],[28.272226,41.4963],[28.272357,41.496255],[28.272525,41.496197],[28.272629,41.496156],[28.27269,41.496158],[28.272723,41.496176],[28.272753,41.4962],[28.272751,41.496228],[28.272789,41.496271],[28.272834,41.49628],[28.272861,41.49628],[28.272887,41.496261],[28.272915,41.496225],[28.272921,41.496191],[28.272931,41.496159],[28.272938,41.496146],[28.272996,41.496134],[28.273251,41.496059],[28.273324,41.496034],[28.27341,41.496017],[28.273452,41.49602],[28.273481,41.496034],[28.273488,41.496064],[28.2735,41.496095],[28.273522,41.496102],[28.273577,41.496094],[28.273687,41.496059],[28.273884,41.495995],[28.274062,41.495909],[28.274174,41.495839],[28.274227,41.495821],[28.274304,41.495807],[28.274403,41.495781],[28.27443,41.495791],[28.274485,41.495775],[28.274506,41.49577],[28.27456,41.495766],[28.2746,41.495757],[28.274704,41.495721],[28.274797,41.495679],[28.27486,41.495636],[28.2749,41.495598],[28.274997,41.495568],[28.275012,41.495564],[28.275281,41.495476],[28.275452,41.495432],[28.275531,41.49541],[28.275609,41.495389],[28.275835,41.49537],[28.275988,41.495359],[28.276108,41.495342],[28.276173,41.49533],[28.276269,41.495293],[28.276397,41.495239],[28.276525,41.495201],[28.27667,41.495169],[28.276914,41.495141],[28.277029,41.495142],[28.277155,41.495155],[28.277241,41.495163],[28.277276,41.49519],[28.277289,41.495214],[28.277323,41.495244],[28.277359,41.49525],[28.277401,41.495239],[28.27742,41.495225],[28.277451,41.495221],[28.27754,41.495236],[28.277588,41.495254],[28.277741,41.495379],[28.277839,41.49544],[28.277887,41.495479],[28.277921,41.495488],[28.277997,41.495484],[28.278066,41.49548],[28.27813,41.495484],[28.278156,41.495505],[28.278167,41.495524],[28.278205,41.495538],[28.278238,41.495551],[28.278278,41.495556],[28.27842,41.495529],[28.278527,41.495504],[28.27855,41.49549],[28.278523,41.495482],[28.278495,41.495483],[28.278433,41.495474],[28.27835,41.495448],[28.27832,41.495431],[28.278297,41.495413],[28.278285,41.495389],[28.278325,41.49524],[28.278361,41.495172],[28.278398,41.495123],[28.278451,41.495078],[28.278486,41.495064],[28.278509,41.495047],[28.278561,41.494975],[28.278616,41.49492],[28.278724,41.494824],[28.278782,41.494791],[28.278832,41.494762],[28.278881,41.494729],[28.278933,41.494675],[28.279001,41.49463],[28.279062,41.494592],[28.279124,41.49454],[28.279212,41.494451],[28.279302,41.494372],[28.279471,41.494239],[28.279756,41.494067],[28.279984,41.493953],[28.280252,41.493814],[28.280433,41.493723],[28.280839,41.493516],[28.281112,41.493391],[28.281393,41.493253],[28.281681,41.493091],[28.281898,41.492973],[28.282278,41.49277],[28.282412,41.492684],[28.282451,41.492668],[28.282501,41.492664],[28.282573,41.49266],[28.282636,41.492656],[28.282711,41.492643],[28.28278,41.49262],[28.28283,41.492581],[28.282875,41.492536],[28.282936,41.492509],[28.283063,41.492465],[28.283172,41.492439],[28.283212,41.492424],[28.283245,41.492392],[28.283337,41.492336],[28.283446,41.492285],[28.283533,41.492242],[28.283859,41.492114],[28.284078,41.492023],[28.284312,41.491901],[28.28451,41.491803],[28.284708,41.491693],[28.284927,41.49155],[28.285175,41.491416],[28.285612,41.491207],[28.285915,41.491068],[28.28618,41.490965],[28.286427,41.490872],[28.28666,41.490794],[28.286901,41.490712],[28.287062,41.490662],[28.287286,41.490589],[28.287581,41.490491],[28.287835,41.490412],[28.287967,41.490366],[28.288524,41.490173],[28.288622,41.490138],[28.288868,41.490043],[28.289058,41.48996],[28.289269,41.489864],[28.289514,41.489747],[28.289786,41.489615],[28.290062,41.489483],[28.290262,41.489381],[28.290427,41.489302],[28.290647,41.489202],[28.290847,41.489118],[28.291188,41.488991],[28.291579,41.488842],[28.291841,41.488749],[28.291981,41.488704],[28.292051,41.488681],[28.292166,41.488638],[28.292335,41.488571],[28.292813,41.488349],[28.293314,41.488089],[28.293775,41.487841],[28.29432,41.487568],[28.294667,41.487423],[28.295371,41.487191],[28.295737,41.487097],[28.296074,41.486996],[28.296298,41.486914],[28.296625,41.486796],[28.297015,41.486677],[28.297437,41.486539],[28.297827,41.486398],[28.298163,41.486276],[28.298523,41.486144],[28.298852,41.486014],[28.299079,41.485936],[28.299335,41.48585],[28.299552,41.485774],[28.299753,41.48569],[28.299998,41.485582],[28.30005,41.485558],[28.300493,41.485372],[28.300887,41.485213],[28.301159,41.4851],[28.301549,41.484903],[28.301953,41.484683],[28.302185,41.484552],[28.302496,41.484401],[28.302809,41.484261],[28.303155,41.484109],[28.303399,41.484003],[28.3037,41.483832],[28.304051,41.483639],[28.304475,41.483415],[28.304901,41.483218],[28.305275,41.483051],[28.305783,41.482818],[28.306341,41.482545],[28.306962,41.482252],[28.307552,41.481997],[28.30814,41.481784],[28.308578,41.481665],[28.309061,41.481539],[28.309425,41.481446],[28.309965,41.481329],[28.310303,41.481233],[28.310547,41.481131],[28.310901,41.480987],[28.311324,41.480788],[28.311797,41.480555],[28.312273,41.480337],[28.312835,41.480031],[28.313303,41.479718],[28.313721,41.479479],[28.313868,41.479406],[28.313971,41.47936],[28.314018,41.479325],[28.314272,41.479221],[28.314495,41.47912],[28.314704,41.479035],[28.31481,41.479011],[28.314916,41.47898],[28.315122,41.478883],[28.315167,41.478869],[28.315224,41.478855],[28.315316,41.478817],[28.315383,41.478797],[28.31568,41.478685],[28.3159,41.478617],[28.316095,41.478559],[28.316258,41.478517],[28.316471,41.478474],[28.316556,41.478438],[28.316622,41.478416],[28.316713,41.478403],[28.316882,41.478355],[28.31707,41.478308],[28.317207,41.478263],[28.317334,41.478227],[28.317502,41.478161],[28.317538,41.478159],[28.317585,41.47816],[28.317643,41.478148],[28.317701,41.478118],[28.317749,41.478102],[28.317805,41.478093],[28.317877,41.47808],[28.318,41.478025],[28.318203,41.477951],[28.318385,41.477854],[28.31853,41.477779],[28.318705,41.477668],[28.318985,41.477481],[28.319131,41.477369],[28.319507,41.477147],[28.319721,41.477038],[28.320062,41.47687],[28.32041,41.476707],[28.320681,41.476594],[28.320921,41.476499],[28.321356,41.476362],[28.321468,41.476313],[28.321566,41.476275],[28.321704,41.476231],[28.321823,41.476202],[28.321934,41.476158],[28.322007,41.476113],[28.322052,41.47609],[28.322107,41.476078],[28.322248,41.476032],[28.322339,41.475977],[28.322417,41.47593],[28.322578,41.475826],[28.322822,41.475719],[28.323162,41.475563],[28.323745,41.475318],[28.324115,41.475191],[28.324343,41.475112],[28.324552,41.475015],[28.324589,41.474999],[28.324998,41.474855],[28.325038,41.474841],[28.32518,41.474797],[28.32532,41.47475],[28.325462,41.4747],[28.325577,41.474663],[28.325683,41.474626],[28.325774,41.474596],[28.325867,41.474563],[28.325998,41.474522],[28.326084,41.474494],[28.326181,41.474457],[28.326276,41.474421],[28.32639,41.474378],[28.32654,41.47432],[28.326813,41.474203],[28.326944,41.47414],[28.327039,41.474097],[28.327109,41.47406],[28.327201,41.474013],[28.327305,41.473961],[28.327393,41.473908],[28.327461,41.47387],[28.327528,41.473843],[28.327659,41.473798],[28.327754,41.473764],[28.32785,41.473714],[28.327958,41.473655],[28.328046,41.473611],[28.328164,41.473561],[28.3283,41.473504],[28.328418,41.473452],[28.328507,41.473412],[28.328596,41.473375],[28.328678,41.473345],[28.328752,41.473314],[28.328831,41.473276],[28.328913,41.473238],[28.329011,41.473198],[28.329082,41.473163],[28.329164,41.473121],[28.329231,41.473093],[28.3293,41.473062],[28.329379,41.473023],[28.329454,41.472982],[28.329551,41.472933],[28.329687,41.472869],[28.32981,41.47282],[28.329919,41.472772],[28.330023,41.472733],[28.330135,41.472696],[28.330229,41.47266],[28.330348,41.472614],[28.330463,41.472569],[28.330562,41.472532],[28.330668,41.472494],[28.330758,41.47246],[28.330838,41.472431],[28.33093,41.472398],[28.33101,41.472373],[28.331065,41.472354],[28.33112,41.472336],[28.331216,41.472301],[28.331375,41.472244],[28.331575,41.472174],[28.331681,41.472136],[28.331795,41.472099],[28.331909,41.472071],[28.332009,41.472045],[28.332091,41.472021],[28.332192,41.471987],[28.332291,41.47196],[28.332372,41.471941],[28.332386,41.471938],[28.332104,41.471566],[28.332139,41.471551],[28.332427,41.471931],[28.332455,41.471925],[28.332506,41.471914],[28.332581,41.471896],[28.332649,41.471881],[28.332702,41.471869],[28.33279,41.471848],[28.332891,41.47183],[28.332978,41.471806],[28.333094,41.47178],[28.333185,41.471755],[28.333245,41.471735],[28.333328,41.471708],[28.333496,41.471665],[28.33359,41.471642],[28.333685,41.471613],[28.333816,41.471573],[28.333894,41.471548],[28.333966,41.471519],[28.334058,41.471478],[28.334137,41.471434],[28.334513,41.47128],[28.334718,41.471203],[28.334988,41.471092],[28.335258,41.470959],[28.335787,41.47071],[28.336427,41.470432],[28.337155,41.47012],[28.337778,41.46985],[28.338452,41.469577],[28.33891,41.46938],[28.339403,41.469188],[28.33979,41.469043],[28.340288,41.468886],[28.340774,41.468751],[28.341108,41.468667],[28.341254,41.46862],[28.341448,41.468548],[28.341776,41.468407],[28.342193,41.468214],[28.34264,41.468008],[28.343151,41.467755],[28.343456,41.467618],[28.343653,41.467539],[28.343893,41.467448],[28.3439,41.467446],[28.344036,41.467394],[28.344218,41.467323],[28.344287,41.467301],[28.344354,41.467282],[28.344403,41.467269],[28.3445,41.467246],[28.344578,41.467233],[28.34464,41.467221],[28.344707,41.467204],[28.344772,41.467184],[28.344843,41.467159],[28.344994,41.467093],[28.34513,41.467029],[28.34532,41.46693],[28.345552,41.466807],[28.345788,41.466693],[28.346007,41.46658],[28.34622,41.466468],[28.346431,41.466369],[28.346603,41.466284],[28.346801,41.466194],[28.346927,41.466139],[28.347052,41.466094],[28.347197,41.466035],[28.347354,41.465969],[28.347542,41.46589],[28.347799,41.465778],[28.347983,41.465699],[28.348145,41.465638],[28.348284,41.465569],[28.3485,41.465473],[28.34863,41.465412],[28.348827,41.465313],[28.349006,41.465227],[28.349175,41.465148],[28.349359,41.465066],[28.349533,41.464988],[28.349707,41.464918],[28.349875,41.46485],[28.349998,41.464798],[28.350121,41.464747],[28.35032,41.464668],[28.350455,41.464616],[28.350603,41.464557],[28.350787,41.464478],[28.350995,41.464387],[28.35121,41.464299],[28.351371,41.46423],[28.35149,41.464184],[28.351679,41.464117],[28.35188,41.46404],[28.352035,41.463985],[28.352209,41.46392],[28.352394,41.463846],[28.352519,41.463796],[28.352736,41.4637],[28.352931,41.463614],[28.353137,41.463527],[28.353265,41.463463],[28.353464,41.463377],[28.353632,41.463299],[28.353821,41.463222],[28.35394,41.463167],[28.354067,41.463115],[28.354132,41.463092],[28.35425,41.463053],[28.354321,41.463032],[28.354399,41.463001],[28.354477,41.462966],[28.354557,41.462923],[28.354665,41.462881],[28.354939,41.462771],[28.355223,41.462659],[28.355465,41.46257],[28.355635,41.462506],[28.356032,41.46236],[28.356289,41.462263],[28.356407,41.46222],[28.356741,41.462094],[28.356908,41.462017],[28.357079,41.461925],[28.357251,41.461834],[28.357461,41.461742],[28.357653,41.461658],[28.357871,41.461563],[28.358181,41.461429],[28.358181,41.461426],[28.358182,41.461426],[28.358186,41.461152],[28.358136,41.46087],[28.358046,41.460566],[28.358003,41.460431],[28.357979,41.460037],[28.357969,41.459959],[28.358015,41.459756],[28.358109,41.459658],[28.358301,41.45957],[28.358491,41.459365],[28.358569,41.459227],[28.35847,41.459053],[28.358225,41.458703],[28.35812,41.458524],[28.358141,41.458386],[28.358023,41.458064],[28.357746,41.457618],[28.357521,41.457191],[28.35743,41.456921],[28.357456,41.456346],[28.357396,41.456008],[28.357326,41.455812],[28.35726,41.455703],[28.357105,41.455437],[28.356863,41.455238],[28.356648,41.455097],[28.35662,41.454845],[28.356616,41.454534],[28.356551,41.454377],[28.356329,41.454508],[28.355903,41.454735],[28.355428,41.454872],[28.354963,41.455077],[28.354461,41.455347],[28.354149,41.455624],[28.353879,41.456053],[28.353665,41.456352],[28.353309,41.45675],[28.352968,41.457035],[28.352388,41.457464],[28.352095,41.457468],[28.35166,41.457341],[28.350943,41.457257],[28.350554,41.4572],[28.350251,41.457126],[28.349825,41.457133],[28.349399,41.457373],[28.349123,41.457569],[28.348883,41.457721],[28.348552,41.457863],[28.348216,41.457945],[28.347721,41.457951],[28.347503,41.45793],[28.347223,41.457875],[28.346994,41.457802],[28.346724,41.45766],[28.346607,41.457551],[28.346501,41.457418],[28.346467,41.457352],[28.346394,41.457149],[28.346328,41.456978],[28.346312,41.456681],[28.346337,41.456491],[28.346348,41.456318],[28.346366,41.456209],[28.3464,41.45602],[28.346479,41.455855],[28.346616,41.455675],[28.34683,41.455427],[28.347039,41.455206],[28.347146,41.455081],[28.347197,41.454977],[28.347214,41.454829],[28.347229,41.454624],[28.347205,41.454419],[28.347152,41.454187],[28.347099,41.453994],[28.347128,41.453754],[28.347123,41.453569],[28.347077,41.453461],[28.347021,41.453387],[28.346887,41.45331],[28.34664,41.453199],[28.346571,41.45312],[28.346448,41.452999],[28.346279,41.452889],[28.346129,41.452817],[28.345981,41.45278],[28.345711,41.45283],[28.345415,41.452906],[28.345291,41.452931],[28.345037,41.452983],[28.344894,41.453016],[28.344654,41.453158],[28.344465,41.453245],[28.344305,41.453297],[28.344013,41.453327],[28.343659,41.453353],[28.343368,41.453368],[28.342965,41.453431],[28.3427,41.453425],[28.34239,41.453376],[28.342175,41.453322],[28.341939,41.453289],[28.341776,41.453236],[28.341653,41.453203],[28.341571,41.453138],[28.341554,41.453028],[28.341544,41.452811],[28.341489,41.452416],[28.341438,41.452123],[28.341404,41.451931],[28.341424,41.451775],[28.341483,41.451632],[28.341491,41.45144],[28.341472,41.451167],[28.341481,41.450963],[28.341457,41.450872],[28.34141,41.450818],[28.341336,41.45079],[28.341129,41.450804],[28.340851,41.450898],[28.340712,41.450927],[28.340316,41.450956],[28.339997,41.451029],[28.339793,41.451036],[28.339483,41.451026],[28.339256,41.451035],[28.339097,41.45105],[28.338966,41.451097],[28.338785,41.451218],[28.33859,41.451402],[28.338422,41.451435],[28.338234,41.45135],[28.338042,41.451217],[28.337884,41.451081],[28.337807,41.450976],[28.337726,41.450966],[28.337664,41.451138],[28.337621,41.451276],[28.337769,41.451529],[28.337872,41.45179],[28.337829,41.452127],[28.337466,41.452135],[28.336846,41.452104],[28.335901,41.452173],[28.335686,41.452001],[28.335329,41.451585],[28.334847,41.4504],[28.334553,41.449989],[28.33417,41.44943],[28.333843,41.448932],[28.333552,41.448629],[28.333144,41.448394],[28.33281,41.448177],[28.33233,41.44807],[28.332064,41.448118],[28.3317,41.448186],[28.331546,41.448353],[28.331387,41.448701],[28.33126,41.448942],[28.33107,41.449168],[28.330765,41.449393],[28.330534,41.449442],[28.330363,41.449383],[28.330204,41.449307],[28.329844,41.449211],[28.329244,41.449042],[28.32868,41.448831],[28.328242,41.44866],[28.327967,41.448608],[28.327607,41.448746],[28.327365,41.448976],[28.32722,41.449022],[28.326926,41.449056],[28.326535,41.449046],[28.326194,41.44908],[28.325855,41.449075],[28.325688,41.449095],[28.325473,41.449187],[28.325298,41.449249],[28.325159,41.449282],[28.324868,41.4492],[28.324658,41.449097],[28.324493,41.449021],[28.324295,41.448977],[28.324199,41.448944],[28.324049,41.448852],[28.323817,41.448683],[28.323674,41.448569],[28.323553,41.448513],[28.323345,41.44842],[28.323205,41.448331],[28.323133,41.448235],[28.32305,41.44817],[28.32291,41.448114],[28.322696,41.447973],[28.322493,41.447845],[28.322362,41.447746],[28.322263,41.447711],[28.32216,41.447709],[28.322033,41.447722],[28.321935,41.447757],[28.321756,41.447786],[28.321581,41.447698],[28.321367,41.447559],[28.321366,41.447455],[28.321301,41.447313],[28.321201,41.447176],[28.321103,41.447097],[28.320979,41.447029],[28.320771,41.446959],[28.320614,41.446917],[28.320535,41.446875],[28.320469,41.446811],[28.320444,41.446749],[28.32042,41.446662],[28.32038,41.446537],[28.320332,41.446408],[28.320271,41.446171],[28.320283,41.445966],[28.320411,41.445761],[28.320656,41.445536],[28.320894,41.445337],[28.321045,41.445249],[28.321189,41.445191],[28.321288,41.445134],[28.321348,41.445037],[28.321445,41.444924],[28.321544,41.444733],[28.32176,41.444525],[28.322021,41.444314],[28.322157,41.44418],[28.32229,41.444041],[28.322461,41.443836],[28.322675,41.443569],[28.322818,41.443361],[28.322884,41.443141],[28.323041,41.442932],[28.323182,41.442626],[28.323267,41.442504],[28.323343,41.442424],[28.323535,41.442332],[28.323887,41.442217],[28.324439,41.442086],[28.324984,41.441678],[28.325457,41.441244],[28.325771,41.440755],[28.325978,41.440271],[28.326299,41.439863],[28.326421,41.439469],[28.326415,41.439034],[28.326247,41.438528],[28.326053,41.438013],[28.325784,41.437733],[28.325479,41.43754],[28.324529,41.437224],[28.324196,41.43708],[28.323841,41.436818],[28.323407,41.436575],[28.322786,41.436241],[28.322159,41.436128],[28.321229,41.436079],[28.32054,41.435998],[28.320362,41.435891],[28.3202,41.435808],[28.320038,41.435737],[28.319764,41.43549],[28.319668,41.435371],[28.319549,41.435129],[28.319466,41.435005],[28.319338,41.434782],[28.319125,41.43451],[28.319099,41.434363],[28.318863,41.434142],[28.318617,41.433963],[28.318311,41.433819],[28.317692,41.433544],[28.317355,41.433406],[28.317155,41.433312],[28.317019,41.433223],[28.316908,41.433172],[28.316759,41.433118],[28.316475,41.433082],[28.316205,41.432996],[28.315981,41.432962],[28.315775,41.43293],[28.31544,41.432886],[28.315143,41.432845],[28.31486,41.432785],[28.314606,41.432742],[28.314464,41.432723],[28.314277,41.432679],[28.314062,41.432622],[28.313818,41.432543],[28.313663,41.432524],[28.31332,41.432538],[28.313158,41.432558],[28.31253,41.432551],[28.311991,41.432519],[28.31161,41.432486],[28.311375,41.432446],[28.311198,41.432429],[28.311085,41.432415],[28.310857,41.432346],[28.3106,41.432257],[28.310472,41.432231],[28.310262,41.432194],[28.310046,41.432166],[28.309826,41.432161],[28.309609,41.432199],[28.309419,41.432257],[28.309227,41.432322],[28.308726,41.432568],[28.308466,41.43273],[28.308111,41.432824],[28.307848,41.432862],[28.307738,41.432868],[28.307622,41.43282],[28.307517,41.432767],[28.307318,41.432708],[28.307222,41.432673],[28.307057,41.432682],[28.306845,41.432743],[28.306669,41.432801],[28.306506,41.432813],[28.306371,41.432811],[28.306297,41.43279],[28.306262,41.432746],[28.306258,41.432678],[28.306273,41.4326],[28.306251,41.432554],[28.306178,41.432521],[28.306055,41.432492],[28.305833,41.432465],[28.305626,41.432474],[28.305503,41.432467],[28.30541,41.432432],[28.305373,41.432361],[28.305363,41.432229],[28.305326,41.432103],[28.30523,41.431988],[28.305105,41.43184],[28.305026,41.431712],[28.304981,41.431627],[28.304932,41.431516],[28.304917,41.431412],[28.304866,41.431395],[28.304758,41.431569],[28.304704,41.431656],[28.304658,41.431746],[28.304636,41.431931],[28.304427,41.432197],[28.304387,41.432248],[28.304367,41.432355],[28.304227,41.432415],[28.303894,41.432452],[28.302889,41.432672],[28.302563,41.432824],[28.302328,41.432993],[28.302014,41.433277],[28.301832,41.433471],[28.301665,41.43369],[28.301543,41.433935],[28.3015,41.434042],[28.301319,41.434178],[28.301002,41.43439],[28.300674,41.434627],[28.300511,41.434716],[28.300222,41.43475],[28.300038,41.434752],[28.299851,41.43465],[28.29978,41.434506],[28.299785,41.434307],[28.299825,41.434091],[28.299798,41.434039],[28.299724,41.434024],[28.299615,41.434014],[28.299378,41.43405],[28.298807,41.434331],[28.298331,41.434502],[28.298013,41.434566],[28.297732,41.434523],[28.297515,41.434464],[28.297351,41.434379],[28.297188,41.434225],[28.297024,41.434123],[28.296676,41.434001],[28.296168,41.433868],[28.295614,41.433708],[28.295301,41.433595],[28.294956,41.433374],[28.294815,41.433238],[28.294634,41.43314],[28.294341,41.433114],[28.29387,41.433222],[28.293641,41.433258],[28.293378,41.433254],[28.293074,41.433181],[28.292775,41.433069],[28.292638,41.433009],[28.292537,41.43292],[28.292466,41.432831],[28.292406,41.432629],[28.292316,41.432478],[28.292107,41.432222],[28.292053,41.432114],[28.292033,41.431896],[28.291968,41.431736],[28.291907,41.431593],[28.291845,41.431488],[28.291728,41.431346],[28.291717,41.431106],[28.291643,41.430991],[28.291469,41.430875],[28.291302,41.43084],[28.290917,41.43088],[28.290752,41.4309],[28.290556,41.430985],[28.290413,41.431022],[28.289968,41.431022],[28.289639,41.431016],[28.288235,41.431144],[28.287821,41.431125],[28.287405,41.430961],[28.287186,41.430782],[28.287018,41.430548],[28.286942,41.430121],[28.286979,41.429684],[28.287163,41.429221],[28.287492,41.428508],[28.287786,41.428142],[28.287925,41.427891],[28.288124,41.427475],[28.288178,41.427252],[28.288204,41.427131],[28.28821,41.426797],[28.288112,41.426346],[28.288076,41.426216],[28.287804,41.425747],[28.287273,41.425269],[28.286865,41.425051],[28.286394,41.424881],[28.286269,41.424833],[28.286026,41.42472],[28.285935,41.424599],[28.285975,41.424437],[28.28601,41.42422],[28.286025,41.423882],[28.286014,41.423683],[28.285949,41.423479],[28.285812,41.423246],[28.285614,41.423029],[28.285096,41.422449],[28.284812,41.422316],[28.284388,41.422441],[28.284071,41.422553],[28.283976,41.422591],[28.283029,41.422679],[28.282308,41.422678],[28.281568,41.422676],[28.280888,41.422676],[28.280449,41.422757],[28.280108,41.422942],[28.279821,41.423147],[28.279459,41.423507],[28.279015,41.423802],[28.278524,41.423904],[28.27833,41.423648],[28.278352,41.422942],[28.278358,41.421974],[28.278257,41.421495],[28.278116,41.421203],[28.277854,41.420975],[28.276879,41.421043],[28.276174,41.421038],[28.276083,41.421034],[28.275426,41.420941],[28.274876,41.420804],[28.274422,41.420741],[28.273854,41.420677],[28.273219,41.420606],[28.273038,41.420589],[28.272165,41.420581],[28.271439,41.420655],[28.270721,41.421267],[28.270565,41.421373],[28.270024,41.421357],[28.269847,41.421454],[28.269304,41.4219],[28.269067,41.421974],[28.268401,41.422041],[28.267757,41.4224],[28.267084,41.422744],[28.266672,41.422838],[28.266547,41.422944],[28.266305,41.423202],[28.266051,41.423506],[28.265758,41.42377],[28.265274,41.424294],[28.264833,41.424341],[28.264439,41.424306],[28.264424,41.424304],[28.264163,41.424493],[28.263483,41.425475],[28.263212,41.425686],[28.262687,41.425817],[28.262149,41.426032],[28.261832,41.426058],[28.261676,41.426156],[28.261386,41.426659],[28.26127,41.426819],[28.261293,41.427073],[28.261319,41.427258],[28.261254,41.427388],[28.261145,41.427648],[28.261037,41.428239],[28.260871,41.428729],[28.260566,41.429032],[28.260164,41.429549],[28.25997,41.429931],[28.259879,41.430284],[28.259687,41.43055],[28.25932,41.430906],[28.259263,41.431113],[28.259259,41.431282],[28.259222,41.431512],[28.259144,41.431742],[28.259087,41.431972],[28.259172,41.432227],[28.259309,41.432476],[28.259311,41.432768],[28.259195,41.43292],[28.258843,41.433076],[28.258515,41.433087],[28.258171,41.432959],[28.257886,41.432923],[28.257671,41.432928],[28.257308,41.433107],[28.257049,41.433257],[28.256951,41.433456],[28.256894,41.433686],[28.256784,41.433999],[28.256634,41.434243],[28.256425,41.434402],[28.256125,41.434536],[28.255844,41.434724],[28.255685,41.434929],[28.255557,41.435112],[28.255379,41.435301],[28.254913,41.435872],[28.254548,41.436135],[28.254277,41.436347],[28.253913,41.436587],[28.253639,41.436883],[28.253653,41.43713],[28.253646,41.437376],[28.253498,41.437551],[28.253259,41.437716],[28.252723,41.437862],[28.252467,41.437873],[28.252304,41.437848],[28.252174,41.437754],[28.251965,41.437535],[28.251761,41.437524],[28.251328,41.437633],[28.250876,41.437718],[28.250376,41.437703],[28.250109,41.43773],[28.249423,41.437773],[28.249001,41.437867],[28.248581,41.437907],[28.248173,41.43787],[28.247894,41.437958],[28.247475,41.438328],[28.247244,41.438548],[28.247019,41.43856],[28.246816,41.438511],[28.246635,41.438385],[28.246465,41.438236],[28.246235,41.438063],[28.246012,41.437983],[28.245818,41.437988],[28.245563,41.437938],[28.245356,41.437917],[28.245226,41.43782],[28.245073,41.437762],[28.244941,41.437716],[28.244704,41.437778],[28.244254,41.437823],[28.243747,41.437854],[28.24328,41.437916],[28.242937,41.437841],[28.242565,41.437771],[28.242313,41.437711],[28.242129,41.43773],[28.241743,41.437754],[28.241425,41.437788],[28.241095,41.437878],[28.24076,41.437942],[28.240544,41.43803],[28.240403,41.438145],[28.240157,41.438331],[28.239767,41.438512],[28.239395,41.438623],[28.239214,41.438719],[28.23902,41.438877],[28.23896,41.439001],[28.238951,41.439092],[28.238687,41.439525],[28.238541,41.439809],[28.238249,41.439969],[28.237972,41.440016],[28.237742,41.439995],[28.237589,41.439893],[28.237426,41.439765],[28.23724,41.439637],[28.237092,41.439557],[28.236949,41.439546],[28.236577,41.439488],[28.236429,41.439413],[28.236282,41.439306],[28.236155,41.439118],[28.236,41.438921],[28.235915,41.438842],[28.235694,41.438739],[28.235553,41.438624],[28.235409,41.43844],[28.235227,41.438148],[28.235043,41.437915],[28.234936,41.437832],[28.234721,41.437707],[28.234564,41.437553],[28.234212,41.437388],[28.233979,41.437276],[28.233638,41.437154],[28.233319,41.437019],[28.233062,41.436963],[28.23265,41.43687],[28.23225,41.436773],[28.231801,41.436576],[28.231474,41.43635],[28.231127,41.436193],[28.23082,41.436085],[28.230489,41.435989],[28.230272,41.435916],[28.229981,41.435829],[28.229742,41.435743],[28.22951,41.435601],[28.229276,41.435511],[28.229014,41.435434],[28.228745,41.435386],[28.228339,41.435306],[28.227991,41.435197],[28.227768,41.435146],[28.227566,41.435169],[28.227387,41.435209],[28.226964,41.435328],[28.226597,41.435479],[28.226323,41.435635],[28.226092,41.435856],[28.225868,41.436069],[28.225653,41.436347],[28.225434,41.436608],[28.225081,41.436834],[28.224867,41.437169],[28.224566,41.437326],[28.223996,41.437594],[28.223623,41.437788],[28.223386,41.437846],[28.223203,41.437813],[28.22293,41.437693],[28.22277,41.437591],[28.222507,41.437456],[28.222264,41.437383],[28.221989,41.43734],[28.221735,41.437298],[28.22122,41.437405],[28.220932,41.43747],[28.220457,41.437647],[28.220034,41.437794],[28.219686,41.437789],[28.219154,41.437804],[28.218867,41.43783],[28.218661,41.437904],[28.218285,41.438183],[28.217824,41.438576],[28.217559,41.438941],[28.217378,41.439208],[28.217209,41.439397],[28.216949,41.439532],[28.216669,41.439674],[28.216389,41.439816],[28.216243,41.439921],[28.216053,41.440164],[28.215986,41.440363],[28.216019,41.440656],[28.216083,41.440919],[28.216079,41.441088],[28.215921,41.441255],[28.2157,41.441451],[28.215245,41.441644],[28.214788,41.441899],[28.214185,41.442282],[28.213832,41.442461],[28.213524,41.442495],[28.213167,41.442474],[28.212698,41.442413],[28.212392,41.4424],[28.212165,41.442466],[28.211877,41.442546],[28.21169,41.442636],[28.211565,41.442734],[28.211446,41.442947],[28.211386,41.443277],[28.211224,41.44359],[28.211208,41.443798],[28.21104,41.443949],[28.210708,41.444136],[28.210379,41.444208],[28.209908,41.444232],[28.209557,41.444357],[28.209235,41.444544],[28.209064,41.44478],[28.209017,41.44501],[28.208929,41.445224],[28.20868,41.445359],[28.208464,41.445402],[28.208282,41.445353],[28.208141,41.445266],[28.207928,41.445216],[28.207693,41.445205],[28.207386,41.4452],[28.207089,41.445211],[28.206792,41.445222],[28.206649,41.44522],[28.206355,41.445146],[28.206102,41.445049],[28.205941,41.444947],[28.205802,41.444783],[28.205664,41.444604],[28.205494,41.444471],[28.205322,41.444391],[28.205118,41.444365],[28.204996,41.444363],[28.204961,41.444524],[28.205063,41.444887],[28.205081,41.445334],[28.205049,41.445764],[28.204918,41.446054],[28.204587,41.446188],[28.204309,41.446276],[28.204018,41.446433],[28.203657,41.446542],[28.203316,41.446676],[28.20272,41.446789],[28.202288,41.44689],[28.201904,41.447084],[28.201712,41.447358],[28.201507,41.447755],[28.201675,41.447973],[28.201731,41.448159],[28.201746,41.448344],[28.20194,41.448732],[28.202148,41.448973],[28.202424,41.449339],[28.202562,41.449549],[28.202664,41.449905],[28.202742,41.450068],[28.203001,41.450326],[28.203377,41.450785],[28.203653,41.451144],[28.204241,41.451707],[28.204407,41.451986],[28.204615,41.45259],[28.20498,41.453103],[28.205365,41.453594],[28.205674,41.45353],[28.205822,41.45334],[28.20601,41.453204],[28.206114,41.453152],[28.206342,41.453409],[28.206529,41.453659],[28.206725,41.453969],[28.207132,41.454407],[28.207508,41.454874],[28.207827,41.455179],[28.207835,41.455633],[28.207968,41.455989],[28.208108,41.456492],[28.20818,41.456839],[28.208406,41.457173],[28.208759,41.457748],[28.209013,41.45816],[28.209037,41.458414],[28.208921,41.458928],[28.208599,41.459454],[28.208442,41.46069],[28.208077,41.461685],[28.207623,41.462201],[28.207127,41.463132],[28.206871,41.463528],[28.206726,41.463603],[28.206581,41.463654],[28.206269,41.463473],[28.206122,41.463224],[28.206085,41.463085],[28.206116,41.462693],[28.206047,41.4626],[28.205893,41.462628],[28.205669,41.462978],[28.205087,41.463293],[28.204788,41.46375],[28.204608,41.463985],[28.204316,41.464188],[28.204229,41.464356],[28.204184,41.464517],[28.204261,41.464695],[28.20448,41.464891],[28.20467,41.465079],[28.204748,41.465196],[28.204865,41.46542],[28.204859,41.465636],[28.204721,41.466172],[28.204588,41.466563],[28.204571,41.466793],[28.204592,41.467163],[28.204597,41.467325],[28.204519,41.467562],[28.204398,41.467868],[28.204269,41.468089],[28.204077,41.468394],[28.203755,41.46855],[28.203253,41.46895],[28.202959,41.469223],[28.202605,41.469448],[28.202128,41.469687],[28.201454,41.470038],[28.200887,41.470529],[28.20056,41.470901],[28.200461,41.471161],[28.20049,41.471592],[28.200525,41.472155],[28.200647,41.472549],[28.200863,41.472891],[28.200854,41.473214],[28.200855,41.473914],[28.200927,41.474261],[28.200819,41.474467],[28.200333,41.47466],[28.199769,41.47472],[28.199114,41.47471],[28.198397,41.474737],[28.198216,41.474996],[28.197925,41.47553],[28.197733,41.475843],[28.197215,41.476442],[28.196847,41.476767],[28.196545,41.476986],[28.196111,41.477118],[28.195771,41.477228],[28.195449,41.477407],[28.195095,41.477617],[28.194803,41.477813],[28.1946,41.478125],[28.194348,41.478336],[28.193946,41.478461],[28.193408,41.478668],[28.19317,41.47878],[28.193042,41.478947],[28.192943,41.479192],[28.192887,41.479398],[28.192819,41.47962],[28.192826,41.479751],[28.192634,41.48001],[28.192501,41.480393],[28.192414,41.480584],[28.192213,41.480819],[28.192101,41.481156],[28.192069,41.481578],[28.192022,41.481778],[28.192018,41.481916],[28.192066,41.482055],[28.192174,41.482219],[28.192345,41.482329],[28.192596,41.482472],[28.19296,41.482654],[28.19317,41.482819],[28.193247,41.483005],[28.193431,41.483362],[28.193508,41.48354],[28.193848,41.483815],[28.194069,41.483972],[28.194383,41.4841],[28.194737,41.484229],[28.195119,41.484504],[28.195426,41.484847],[28.195655,41.485066],[28.195922,41.485402],[28.196367,41.485978],[28.196794,41.486454],[28.196942,41.486649],[28.196813,41.48687],[28.196839,41.487039],[28.197006,41.487273],[28.197387,41.487571],[28.197597,41.487728],[28.197811,41.487793],[28.197994,41.487819],[28.198382,41.487833],[28.198771,41.487839],[28.199084,41.487998],[28.199608,41.488299],[28.19997,41.488504],[28.200193,41.488585],[28.200535,41.488821],[28.200784,41.489048],[28.20104,41.489414],[28.201473,41.490036],[28.201445,41.490312],[28.20166,41.49107],[28.201745,41.491302],[28.202172,41.491778],[28.202399,41.492089],[28.203119,41.492685],[28.203815,41.493066],[28.204116,41.493293],[28.204519,41.493515],[28.204847,41.493843],[28.205057,41.494047],[28.205631,41.494364],[28.206057,41.494516],[28.206607,41.49461],[28.206945,41.494615],[28.207217,41.494773],[28.207412,41.495099],[28.207444,41.495438],[28.207528,41.495717],[28.207718,41.495896],[28.207889,41.495992],[28.208104,41.496003],[28.208291,41.49589],[28.20854,41.495771],[28.208706,41.495689],[28.209035,41.495625],[28.20926,41.495628],[28.209556,41.495671],[28.209787,41.495813],[28.210176,41.496189],[28.210463,41.496532],[28.21068,41.496843],[28.210999,41.49714],[28.211046,41.49731],[28.211119,41.497635],[28.211122,41.497896],[28.210961,41.498148],[28.21084,41.498469],[28.210669,41.498743],[28.210387,41.498939],[28.21022,41.499052],[28.210124,41.499204],[28.210168,41.499474],[28.210218,41.499867],[28.210181,41.500082],[28.209731,41.501191],[28.209529,41.501857],[28.209364,41.50227],[28.209054,41.503112],[28.208931,41.503864],[28.208792,41.504462],[28.208576,41.504866],[28.208477,41.505103],[28.208256,41.505708],[28.208169,41.505899],[28.208103,41.506436],[28.207955,41.506972],[28.207936,41.507657],[28.207875,41.507987],[28.207786,41.508262],[28.207696,41.508938],[28.207673,41.5094],[28.207732,41.509831],[28.207799,41.510402],[28.207872,41.510718],[28.208064,41.51116],[28.20845,41.511658],[28.209025,41.512329],[28.209386,41.512604],[28.209619,41.512677],[28.21004,41.51263],[28.21046,41.512636],[28.210797,41.512664],[28.210979,41.512744],[28.211109,41.512862],[28.21142,41.51309],[28.211751,41.513695],[28.212042,41.514307],[28.212176,41.514617],[28.212151,41.514809],[28.212208,41.514972],[28.212405,41.515244],[28.212161,41.515548],[28.212073,41.515777],[28.212054,41.516093],[28.212151,41.516294],[28.212332,41.516405],[28.212942,41.516568],[28.215138,41.516356],[28.217574,41.517502],[28.218095,41.517925],[28.219063,41.518079],[28.220057,41.517694],[28.221502,41.515754],[28.221577,41.51564],[28.222106,41.515371],[28.222312,41.515721],[28.223299,41.51669],[28.223377,41.51683],[28.223412,41.517023],[28.223315,41.517221],[28.223196,41.517443],[28.223047,41.51764],[28.222942,41.517739],[28.222787,41.51779],[28.222682,41.517896],[28.222575,41.518072],[28.222407,41.518238],[28.222268,41.518436],[28.222172,41.518596],[28.222218,41.518759],[28.222297,41.518868],[28.222578,41.519072],[28.222929,41.519347],[28.223103,41.519726],[28.223198,41.519982],[28.223252,41.520275],[28.223444,41.520355],[28.223732,41.520321],[28.224029,41.520295],[28.224377,41.520323],[28.224673,41.520351],[28.224878,41.520346],[28.22504,41.520387],[28.225037,41.520518],[28.224919,41.520693],[28.224698,41.520944],[28.22454,41.521103],[28.224373,41.521216],[28.224241,41.521529],[28.224177,41.52162],[28.223897,41.521778],[28.223708,41.521952],[28.223285,41.52243],[28.223787,41.523166],[28.223933,41.523138],[28.223936,41.523137],[28.224286,41.523097],[28.224336,41.523173],[28.224414,41.523244],[28.224617,41.523402],[28.224812,41.523491],[28.224997,41.523633],[28.225099,41.523711],[28.225172,41.52376],[28.225242,41.523757],[28.225348,41.523762],[28.225495,41.52389],[28.225698,41.524044],[28.225758,41.524148],[28.225774,41.524331],[28.225777,41.524498],[28.225849,41.524584],[28.225948,41.52466],[28.226024,41.52466],[28.226156,41.524655],[28.226305,41.524669],[28.226433,41.52471],[28.226538,41.524765],[28.226608,41.524805],[28.226693,41.524826],[28.226737,41.524811],[28.226784,41.524752],[28.22682,41.524712],[28.226908,41.52472],[28.227206,41.524755],[28.227238,41.524768],[28.227255,41.524823],[28.227284,41.524866],[28.227342,41.524881],[28.227439,41.524849],[28.22749,41.524739],[28.227598,41.524601],[28.227624,41.524586],[28.227733,41.524583],[28.227935,41.524573],[28.228161,41.524496],[28.228322,41.524517],[28.228468,41.524559],[28.228619,41.524631],[28.228758,41.524782],[28.228824,41.524883],[28.228924,41.524999],[28.229221,41.524985],[28.229217,41.524882],[28.229238,41.524596]],[[28.249499,41.48868],[28.249484,41.488611],[28.249449,41.488349],[28.249439,41.488292],[28.249426,41.48824],[28.249409,41.488189],[28.249374,41.488105],[28.249345,41.488047],[28.249293,41.487978],[28.249257,41.48794],[28.249204,41.48789],[28.249177,41.487852],[28.249163,41.48782],[28.249155,41.487795],[28.249159,41.487749],[28.249176,41.48773],[28.249193,41.487717],[28.249243,41.487689],[28.249305,41.487658],[28.249358,41.487627],[28.249422,41.487561],[28.249444,41.487531],[28.249604,41.487225],[28.249643,41.487178],[28.249663,41.487157],[28.249788,41.487049],[28.249817,41.487019],[28.249839,41.486991],[28.249877,41.48692],[28.24991,41.486883],[28.249949,41.48686],[28.25028,41.486731],[28.250438,41.486647],[28.250503,41.486609],[28.250531,41.486585],[28.250557,41.486559],[28.250573,41.486542],[28.250584,41.486524],[28.250592,41.486505],[28.250624,41.486379],[28.25063,41.48637],[28.250665,41.486335],[28.25068,41.486317],[28.250723,41.486277],[28.25078,41.486234],[28.250811,41.486218],[28.250847,41.486204],[28.250931,41.486144],[28.250954,41.486125],[28.250968,41.486103],[28.250977,41.486081],[28.250996,41.486066],[28.251062,41.486026],[28.251151,41.485978],[28.25117,41.48596],[28.251244,41.485928],[28.25128,41.485908],[28.251294,41.485896],[28.251337,41.485847],[28.251377,41.485809],[28.25141,41.485788],[28.251439,41.485774],[28.251466,41.485766],[28.251501,41.485753],[28.251521,41.485744],[28.251535,41.485734],[28.25154,41.48572],[28.251536,41.4857],[28.251538,41.485696],[28.251544,41.485692],[28.251453,41.485705],[28.251303,41.485733],[28.251209,41.485745],[28.251177,41.485746],[28.251141,41.485743],[28.251101,41.485734],[28.251082,41.485725],[28.251064,41.485715],[28.251038,41.485691],[28.25103,41.485678],[28.251024,41.485652],[28.251031,41.485606],[28.251043,41.485564],[28.251064,41.485533],[28.251089,41.485505],[28.251114,41.485485],[28.251146,41.485465],[28.251236,41.485424],[28.251356,41.485377],[28.251508,41.485326],[28.251552,41.485315],[28.251659,41.4853],[28.251704,41.48529],[28.251859,41.485241],[28.251885,41.485234],[28.251926,41.485229],[28.252025,41.485224],[28.252066,41.485221],[28.252098,41.485214],[28.252124,41.485201],[28.252139,41.485189],[28.252161,41.485167],[28.252192,41.485114],[28.252223,41.485082],[28.252296,41.48504],[28.252368,41.485013],[28.252391,41.484999],[28.252406,41.484982],[28.25242,41.484955],[28.252424,41.484935],[28.252423,41.484916],[28.252415,41.484886],[28.252393,41.484835],[28.252386,41.484803],[28.252387,41.484788],[28.252414,41.484761],[28.252478,41.484718],[28.252501,41.484695],[28.25251,41.484704],[28.252537,41.484697],[28.25257,41.484696],[28.252618,41.484701],[28.252667,41.484709],[28.252685,41.484709],[28.252741,41.484724],[28.252789,41.484743],[28.25282,41.484758],[28.252847,41.484778],[28.252877,41.484803],[28.252906,41.484843],[28.252945,41.484861],[28.252968,41.484888],[28.253017,41.48493],[28.253034,41.484942],[28.25305,41.484948],[28.253073,41.484949],[28.253107,41.484947],[28.253191,41.484935],[28.253233,41.484914],[28.253284,41.484906],[28.253315,41.484907],[28.25337,41.484917],[28.253418,41.484922],[28.253469,41.484921],[28.253511,41.484917],[28.253548,41.484912],[28.253624,41.484887],[28.253664,41.484863],[28.253683,41.484844],[28.253692,41.484823],[28.253693,41.484811],[28.253689,41.484791],[28.253672,41.484756],[28.253652,41.484741],[28.253614,41.484719],[28.253607,41.484714],[28.253602,41.484706],[28.253606,41.484596],[28.253622,41.484498],[28.253653,41.484453],[28.253663,41.484445],[28.253685,41.48442],[28.25375,41.484357],[28.253778,41.484334],[28.253844,41.484294],[28.253852,41.484282],[28.253874,41.484232],[28.253882,41.484224],[28.253927,41.484199],[28.253933,41.484178],[28.253944,41.484168],[28.254019,41.484125],[28.254038,41.484109],[28.254056,41.484086],[28.254069,41.484075],[28.254116,41.484056],[28.254126,41.484046],[28.254139,41.484045],[28.254214,41.484059],[28.254223,41.484058],[28.254242,41.484047],[28.254266,41.484047],[28.254281,41.484037],[28.254288,41.484029],[28.254302,41.484021],[28.254313,41.484018],[28.254327,41.484019],[28.254339,41.484014],[28.254461,41.483953],[28.254509,41.483935],[28.254576,41.483919],[28.254649,41.483894],[28.25469,41.483878],[28.254736,41.483851],[28.254768,41.483837],[28.254831,41.483816],[28.254882,41.483804],[28.254993,41.483772],[28.255071,41.483748],[28.255149,41.483721],[28.255214,41.483693],[28.255256,41.483666],[28.255274,41.483641],[28.255265,41.483616],[28.255229,41.483591],[28.255168,41.483567],[28.254943,41.483497],[28.254894,41.483478],[28.254862,41.483462],[28.254843,41.483448],[28.254816,41.483421],[28.254806,41.483406],[28.254803,41.483395],[28.254805,41.48338],[28.254825,41.483337],[28.254805,41.483305],[28.254799,41.483278],[28.254801,41.483261],[28.254811,41.483234],[28.254811,41.483228],[28.254806,41.483218],[28.254815,41.483187],[28.254815,41.483179],[28.254776,41.483128],[28.25477,41.483115],[28.254769,41.483095],[28.254775,41.48306],[28.254774,41.483048],[28.254769,41.48303],[28.25474,41.482983],[28.254733,41.482962],[28.254718,41.482943],[28.254719,41.482904],[28.254701,41.482876],[28.254699,41.482868],[28.254703,41.48283],[28.2547,41.482819],[28.254683,41.482796],[28.254678,41.482777],[28.254659,41.482741],[28.254653,41.482708],[28.254623,41.482648],[28.254558,41.482549],[28.254497,41.482439],[28.254398,41.482284],[28.254364,41.482224],[28.254201,41.481901],[28.254168,41.48183],[28.254148,41.481777],[28.25413,41.481751],[28.25408,41.481641],[28.254041,41.481575],[28.253999,41.48146],[28.253986,41.481434],[28.253978,41.481392],[28.253946,41.481293],[28.253945,41.481261],[28.253894,41.481107],[28.253849,41.481012],[28.253822,41.480934],[28.253774,41.480833],[28.253754,41.480779],[28.253701,41.480685],[28.253688,41.480652],[28.253631,41.480548],[28.253609,41.480501],[28.253599,41.480461],[28.253563,41.48035],[28.253521,41.480205],[28.253487,41.480072],[28.253464,41.479961],[28.253465,41.479934],[28.253478,41.479916],[28.253555,41.479865],[28.253573,41.479857],[28.253579,41.479857],[28.253587,41.479866],[28.253635,41.479993],[28.253706,41.480146],[28.253773,41.480311],[28.253911,41.480579],[28.253933,41.480614],[28.253969,41.480663],[28.254063,41.480757],[28.254145,41.480858],[28.254169,41.480895],[28.254194,41.480928],[28.25423,41.481002],[28.254261,41.481042],[28.254301,41.481119],[28.254342,41.481165],[28.254377,41.481221],[28.254385,41.481237],[28.254394,41.481281],[28.254416,41.481343],[28.254528,41.48159],[28.254553,41.481652],[28.25478,41.482048],[28.254797,41.482068],[28.25484,41.482105],[28.254931,41.482236],[28.254954,41.482264],[28.254977,41.482279],[28.255027,41.482331],[28.255094,41.482375],[28.255187,41.482459],[28.255225,41.482484],[28.255274,41.482503],[28.255298,41.482519],[28.255336,41.482555],[28.255398,41.482622],[28.255873,41.483185],[28.255896,41.483217],[28.255915,41.483252],[28.255961,41.483357],[28.255989,41.483409],[28.256017,41.483447],[28.256045,41.483464],[28.256072,41.483463],[28.256096,41.483452],[28.256136,41.483424],[28.256152,41.483417],[28.256292,41.483379],[28.256361,41.483354],[28.256397,41.483336],[28.256431,41.483314],[28.256464,41.483289],[28.256521,41.483233],[28.256566,41.483177],[28.256606,41.483117],[28.256652,41.483034],[28.256693,41.482952],[28.256724,41.482851],[28.256766,41.482672],[28.256772,41.482631],[28.256792,41.482606],[28.25683,41.482585],[28.25685,41.482584],[28.256891,41.482589],[28.256932,41.482604],[28.256945,41.482612],[28.256973,41.48264],[28.257013,41.482694],[28.257064,41.482746],[28.257131,41.482802],[28.257162,41.482824],[28.257188,41.482838],[28.257209,41.482845],[28.257229,41.482847],[28.257364,41.482836],[28.257434,41.482827],[28.257486,41.482814],[28.257477,41.482819],[28.257514,41.482805],[28.257539,41.482803],[28.257564,41.482809],[28.257659,41.482852],[28.25767,41.482854],[28.257822,41.482814],[28.257885,41.482807],[28.257988,41.482807],[28.258041,41.482789],[28.258175,41.482781],[28.258228,41.482773],[28.258295,41.482775],[28.258382,41.482783],[28.258427,41.482782],[28.258468,41.482772],[28.258496,41.482762],[28.25862,41.482709],[28.258749,41.482694],[28.258837,41.482678],[28.259029,41.482615],[28.25909,41.482591],[28.259134,41.482566],[28.259174,41.482557],[28.259215,41.482545],[28.259273,41.48252],[28.259307,41.482501],[28.259341,41.482477],[28.259453,41.482382],[28.259485,41.482371],[28.259517,41.482352],[28.259541,41.48233],[28.259561,41.482305],[28.259572,41.482278],[28.259577,41.482247],[28.259563,41.482159],[28.259562,41.482113],[28.259568,41.482079],[28.259586,41.482027],[28.259649,41.481922],[28.259666,41.4819],[28.259715,41.481848],[28.259735,41.481819],[28.259778,41.481727],[28.259832,41.481577],[28.259863,41.481524],[28.259927,41.481436],[28.259981,41.481387],[28.260039,41.481354],[28.260068,41.481341],[28.260103,41.481331],[28.260151,41.481323],[28.260185,41.48132],[28.260226,41.481321],[28.260335,41.481325],[28.260363,41.481332],[28.260353,41.48135],[28.260329,41.481371],[28.26021,41.481441],[28.260142,41.481505],[28.260088,41.481567],[28.260064,41.48159],[28.260036,41.481614],[28.25997,41.481659],[28.259958,41.481674],[28.259951,41.481693],[28.259948,41.481731],[28.259959,41.481791],[28.259969,41.481876],[28.259975,41.482016],[28.260001,41.482119],[28.260079,41.482262],[28.26009,41.482329],[28.260087,41.482373],[28.260094,41.482401],[28.260114,41.482439],[28.260137,41.482474],[28.260234,41.482573],[28.26027,41.482616],[28.260304,41.482669],[28.260331,41.482695],[28.260344,41.482703],[28.260365,41.48271],[28.260384,41.482714],[28.260408,41.482714],[28.260517,41.482698],[28.260642,41.482676],[28.260717,41.482667],[28.260769,41.482664],[28.260837,41.482668],[28.26091,41.482683],[28.260949,41.482696],[28.261202,41.482791],[28.261246,41.48281],[28.261499,41.48293],[28.261534,41.482944],[28.26158,41.482958],[28.261593,41.482965],[28.261729,41.483049],[28.261741,41.483063],[28.261784,41.483133],[28.261806,41.483178],[28.261816,41.48319],[28.261833,41.483206],[28.261893,41.48324],[28.261995,41.483291],[28.262139,41.483332],[28.262285,41.483361],[28.26242,41.483417],[28.26247,41.483429],[28.262505,41.483444],[28.262527,41.48345],[28.26255,41.483462],[28.262619,41.483467],[28.262787,41.483474],[28.262882,41.483487],[28.262933,41.483488],[28.263138,41.483506],[28.263206,41.483514],[28.263236,41.48352],[28.263277,41.483521],[28.263302,41.48351],[28.263343,41.483502],[28.263369,41.483499],[28.263375,41.483503],[28.263392,41.483525],[28.263444,41.483574],[28.263467,41.483583],[28.263519,41.483611],[28.263557,41.48364],[28.263576,41.483662],[28.263611,41.483722],[28.263628,41.48376],[28.263637,41.483806],[28.263636,41.483811],[28.263584,41.483908],[28.263581,41.48394],[28.263593,41.483968],[28.263605,41.48398],[28.263669,41.484027],[28.263703,41.484046],[28.263713,41.484054],[28.263735,41.484065],[28.263781,41.484096],[28.263808,41.48411],[28.263828,41.484128],[28.263868,41.484154],[28.263887,41.484176],[28.263907,41.484209],[28.26392,41.484242],[28.263928,41.484296],[28.26393,41.484332],[28.263945,41.484342],[28.264002,41.48436],[28.264019,41.484372],[28.264027,41.484385],[28.264026,41.484405],[28.264,41.484458],[28.263992,41.484486],[28.263992,41.484491],[28.264003,41.484505],[28.264022,41.484513],[28.264066,41.484543],[28.264092,41.484557],[28.264099,41.484572],[28.264102,41.484588],[28.264114,41.484603],[28.264185,41.484665],[28.264204,41.484677],[28.264246,41.484721],[28.264261,41.484727],[28.26428,41.484742],[28.264301,41.48476],[28.264323,41.484784],[28.264329,41.484793],[28.264333,41.484815],[28.264368,41.484874],[28.264421,41.484975],[28.264453,41.485045],[28.264548,41.485216],[28.261319,41.486893],[28.260558,41.487289],[28.260498,41.48732],[28.260309,41.487253],[28.260273,41.487238],[28.260264,41.487229],[28.260249,41.487183],[28.260237,41.487162],[28.260224,41.48715],[28.260204,41.487139],[28.260189,41.487133],[28.260172,41.48713],[28.260112,41.487128],[28.260043,41.487118],[28.259996,41.487101],[28.259967,41.487085],[28.259948,41.487072],[28.259922,41.487044],[28.259899,41.487008],[28.259877,41.486952],[28.259864,41.486896],[28.259846,41.486879],[28.259795,41.486748],[28.25977,41.486695],[28.25976,41.486681],[28.259751,41.486673],[28.25974,41.486669],[28.259717,41.486668],[28.25969,41.48667],[28.259683,41.486667],[28.259656,41.486641],[28.259543,41.486512],[28.259513,41.486482],[28.259497,41.486475],[28.259381,41.486465],[28.259175,41.486471],[28.259146,41.48647],[28.259116,41.486466],[28.259092,41.486459],[28.258995,41.486416],[28.25898,41.486412],[28.258913,41.486395],[28.258792,41.48637],[28.258659,41.486336],[28.258559,41.486307],[28.258501,41.486298],[28.25842,41.486278],[28.258377,41.486263],[28.258318,41.486235],[28.2583,41.486232],[28.258231,41.486207],[28.258217,41.486206],[28.258155,41.48619],[28.258036,41.486173],[28.257964,41.486167],[28.257805,41.486168],[28.257667,41.486153],[28.257612,41.48615],[28.257578,41.486152],[28.257509,41.486166],[28.257465,41.486171],[28.257404,41.486173],[28.257274,41.486186],[28.257221,41.486184],[28.257103,41.486171],[28.25699,41.486148],[28.256961,41.486139],[28.256929,41.486124],[28.256841,41.486071],[28.256813,41.486066],[28.256794,41.486049],[28.256771,41.486038],[28.256675,41.486004],[28.256592,41.485971],[28.25647,41.485933],[28.256423,41.485928],[28.256391,41.485927],[28.256297,41.48594],[28.256109,41.485942],[28.25604,41.485938],[28.256013,41.485933],[28.255974,41.485919],[28.255957,41.485903],[28.255955,41.485897],[28.255966,41.485872],[28.255965,41.48585],[28.255955,41.485832],[28.255945,41.485822],[28.255931,41.485814],[28.255531,41.485687],[28.255486,41.485681],[28.255468,41.485681],[28.255442,41.485685],[28.255427,41.48569],[28.255405,41.485703],[28.25539,41.485718],[28.255356,41.485778],[28.255339,41.485849],[28.255333,41.485908],[28.255332,41.485944],[28.2553,41.486072],[28.255304,41.486083],[28.255299,41.486105],[28.255307,41.486115],[28.255303,41.486128],[28.255276,41.486168],[28.255209,41.486217],[28.255162,41.486256],[28.255097,41.486296],[28.255038,41.486323],[28.25484,41.486362],[28.254778,41.486366],[28.254751,41.48636],[28.254692,41.486343],[28.254668,41.48634],[28.254641,41.48634],[28.254613,41.486344],[28.254584,41.486353],[28.254556,41.486364],[28.25451,41.48639],[28.254481,41.486414],[28.254433,41.486467],[28.254401,41.486479],[28.254379,41.486482],[28.254362,41.486481],[28.254311,41.486462],[28.254285,41.486455],[28.254257,41.486452],[28.254245,41.486454],[28.254233,41.486458],[28.25421,41.486471],[28.254124,41.486534],[28.254106,41.486543],[28.254072,41.486554],[28.253931,41.486574],[28.253777,41.486579],[28.253643,41.4866],[28.253569,41.486604],[28.253467,41.486607],[28.253394,41.486619],[28.253325,41.486636],[28.253252,41.486662],[28.253153,41.486709],[28.253084,41.486751],[28.252997,41.486809],[28.252932,41.486839],[28.252822,41.486871],[28.252776,41.486893],[28.252756,41.486908],[28.252725,41.486939],[28.25268,41.486995],[28.252669,41.487015],[28.252663,41.487021],[28.252595,41.487062],[28.252521,41.487083],[28.252473,41.48709],[28.252426,41.487093],[28.252345,41.48709],[28.252113,41.487066],[28.252005,41.487062],[28.251953,41.487065],[28.25191,41.487072],[28.251873,41.487083],[28.251844,41.487096],[28.251821,41.487111],[28.251804,41.487125],[28.251774,41.487159],[28.251744,41.487185],[28.251696,41.487253],[28.251671,41.487273],[28.251505,41.487376],[28.251304,41.487494],[28.251054,41.487626],[28.250851,41.48774],[28.250776,41.487785],[28.250728,41.487801],[28.250618,41.487818],[28.250544,41.487839],[28.25028,41.487901],[28.250153,41.487934],[28.250107,41.487938],[28.250054,41.48793],[28.249995,41.487927],[28.249956,41.487929],[28.249918,41.487941],[28.249888,41.487965],[28.24987,41.488005],[28.249861,41.488059],[28.24986,41.488121],[28.249863,41.488187],[28.249873,41.488317],[28.249889,41.488435],[28.24991,41.488535],[28.249947,41.488652],[28.249976,41.488729],[28.249997,41.488777],[28.249995,41.488792],[28.25,41.488813],[28.249992,41.48883],[28.249992,41.48887],[28.249983,41.488893],[28.249963,41.488975],[28.249945,41.489104],[28.249939,41.489119],[28.249918,41.489151],[28.249849,41.489222],[28.249724,41.489304],[28.24968,41.489339],[28.249564,41.489451],[28.24952,41.489518],[28.249423,41.489606],[28.249287,41.489681],[28.248975,41.489894],[28.248898,41.48995],[28.248858,41.48997],[28.24867,41.490061],[28.2485,41.490103],[28.24843,41.490123],[28.248319,41.490146],[28.248266,41.490148],[28.248161,41.490148],[28.248056,41.490146],[28.248009,41.490142],[28.248002,41.490139],[28.247998,41.490134],[28.247983,41.490101],[28.24798,41.490044],[28.247983,41.490023],[28.24799,41.490013],[28.248011,41.490001],[28.248077,41.489972],[28.248298,41.489895],[28.248532,41.489808],[28.248691,41.489741],[28.248846,41.489671],[28.248925,41.489632],[28.249017,41.489589],[28.249087,41.48955],[28.249206,41.489475],[28.249252,41.489441],[28.249289,41.489407],[28.249326,41.489361],[28.249389,41.489269],[28.249412,41.489242],[28.249464,41.489186],[28.249546,41.489115],[28.249571,41.489089],[28.249587,41.489067],[28.249607,41.489021],[28.249615,41.488989],[28.249618,41.48895],[28.249613,41.488912],[28.249595,41.488857],[28.24953,41.488751],[28.249504,41.488696],[28.249499,41.48868]],[[28.28905,41.471336],[28.288947,41.471361],[28.288887,41.471386],[28.288821,41.471421],[28.288755,41.471464],[28.288714,41.471495],[28.288624,41.471566],[28.288547,41.471632],[28.288466,41.471709],[28.288415,41.471764],[28.28839,41.471797],[28.288327,41.471899],[28.288318,41.47192],[28.288282,41.472073],[28.28825,41.472232],[28.288242,41.472261],[28.288229,41.472291],[28.288214,41.472313],[28.288184,41.472344],[28.288133,41.472385],[28.287997,41.472482],[28.287837,41.472567],[28.287753,41.472615],[28.287709,41.472643],[28.287561,41.472748],[28.287483,41.4728],[28.28723,41.472952],[28.287192,41.472973],[28.287176,41.472978],[28.287192,41.472962],[28.287231,41.472931],[28.287365,41.472828],[28.287453,41.472772],[28.287705,41.47259],[28.287782,41.472545],[28.287988,41.472434],[28.288096,41.472358],[28.288139,41.472322],[28.288173,41.47229],[28.288199,41.472256],[28.288208,41.472235],[28.28824,41.472074],[28.288248,41.471887],[28.288239,41.47182],[28.288239,41.471791],[28.288245,41.471737],[28.288258,41.471689],[28.288289,41.471596],[28.28831,41.47155],[28.288343,41.471497],[28.288369,41.471464],[28.288416,41.471412],[28.288455,41.47138],[28.288493,41.47134],[28.288529,41.471314],[28.288572,41.471274],[28.2886,41.471238],[28.28869,41.471164],[28.2887,41.471147],[28.288711,41.471114],[28.288804,41.471035],[28.288823,41.471021],[28.288903,41.470985],[28.288934,41.470976],[28.28903,41.470956],[28.289068,41.470943],[28.289087,41.470933],[28.289112,41.470917],[28.289129,41.4709],[28.289138,41.470885],[28.289143,41.470866],[28.289138,41.470843],[28.289123,41.47082],[28.289101,41.470801],[28.289067,41.470778],[28.289021,41.470755],[28.288871,41.470667],[28.288814,41.470626],[28.288764,41.470586],[28.288746,41.470561],[28.28873,41.470532],[28.288707,41.470465],[28.288669,41.470395],[28.288657,41.470362],[28.288651,41.470339],[28.288651,41.470322],[28.288652,41.470303],[28.288657,41.470287],[28.288673,41.470264],[28.288754,41.470196],[28.288772,41.470176],[28.2888,41.470124],[28.288837,41.470044],[28.288848,41.470024],[28.288872,41.469997],[28.288903,41.469975],[28.288945,41.469954],[28.288981,41.469944],[28.289069,41.469924],[28.289124,41.469905],[28.289165,41.469884],[28.289253,41.469828],[28.289275,41.469821],[28.289352,41.469767],[28.289403,41.469739],[28.289451,41.469721],[28.289584,41.469679],[28.289622,41.469663],[28.289646,41.46965],[28.289676,41.469628],[28.289697,41.469605],[28.28972,41.469567],[28.289736,41.469509],[28.289745,41.469494],[28.289748,41.469482],[28.289777,41.469464],[28.289834,41.469457],[28.289902,41.469459],[28.289942,41.469466],[28.290033,41.469488],[28.290059,41.469499],[28.290106,41.469524],[28.290191,41.469586],[28.290231,41.469609],[28.290271,41.469624],[28.29029,41.469628],[28.29034,41.46963],[28.290379,41.469625],[28.290423,41.469613],[28.290478,41.46959],[28.290521,41.469566],[28.290562,41.469538],[28.29061,41.469496],[28.290637,41.469463],[28.290652,41.46944],[28.290677,41.469375],[28.290696,41.469309],[28.290693,41.469315],[28.290689,41.469316],[28.290683,41.469315],[28.290634,41.469288],[28.290617,41.469281],[28.290615,41.469275],[28.290616,41.469262],[28.290614,41.46926],[28.290582,41.469259],[28.290544,41.469252],[28.290505,41.469237],[28.290476,41.469222],[28.290481,41.469201],[28.290452,41.469159],[28.290447,41.469115],[28.290415,41.469032],[28.290398,41.468974],[28.290386,41.468943],[28.290354,41.468882],[28.290358,41.468871],[28.290353,41.46886],[28.290343,41.468815],[28.290286,41.468725],[28.290267,41.468668],[28.290258,41.468619],[28.290253,41.468559],[28.290253,41.468526],[28.29026,41.468472],[28.290274,41.468426],[28.290288,41.468365],[28.290295,41.468317],[28.290342,41.468096],[28.290344,41.467778],[28.290355,41.46764],[28.290356,41.46748],[28.290366,41.467442],[28.290381,41.467404],[28.290413,41.467345],[28.290434,41.467312],[28.290483,41.467261],[28.290497,41.467253],[28.29053,41.467227],[28.290548,41.467221],[28.290632,41.467161],[28.290658,41.467099],[28.290685,41.467051],[28.290696,41.467023],[28.290715,41.466993],[28.29073,41.466984],[28.290752,41.466963],[28.290829,41.466913],[28.290868,41.466896],[28.290929,41.466881],[28.290987,41.466874],[28.291075,41.466868],[28.291192,41.46687],[28.291257,41.466878],[28.29133,41.466902],[28.29135,41.46691],[28.291417,41.466948],[28.291456,41.466976],[28.291668,41.467176],[28.291685,41.467189],[28.2918,41.467252],[28.291852,41.467269],[28.291896,41.467276],[28.291928,41.467275],[28.291962,41.467269],[28.292014,41.467251],[28.292235,41.467131],[28.292463,41.467011],[28.292475,41.466987],[28.292482,41.46698],[28.292571,41.466933],[28.292614,41.466902],[28.292652,41.466879],[28.29273,41.466822],[28.292785,41.466773],[28.292795,41.46676],[28.292817,41.466712],[28.29285,41.466659],[28.292884,41.46659],[28.292899,41.466549],[28.292908,41.466507],[28.29291,41.466435],[28.29292,41.466359],[28.292928,41.466217],[28.292939,41.466121],[28.292927,41.465935],[28.29295,41.466092],[28.292955,41.466184],[28.292952,41.466378],[28.292942,41.466479],[28.292941,41.466542],[28.292921,41.466619],[28.2929,41.466674],[28.292873,41.466725],[28.29283,41.466794],[28.292777,41.466888],[28.292732,41.466944],[28.292659,41.467024],[28.292629,41.467065],[28.292573,41.467154],[28.292552,41.467184],[28.292479,41.467267],[28.292415,41.467324],[28.292273,41.467419],[28.292219,41.467466],[28.292159,41.467505],[28.292127,41.46752],[28.292092,41.467531],[28.291994,41.467549],[28.291923,41.467559],[28.291851,41.467574],[28.291785,41.467595],[28.291746,41.467612],[28.291713,41.467634],[28.2917,41.467648],[28.29168,41.467681],[28.29167,41.467708],[28.291657,41.467829],[28.29166,41.467908],[28.291657,41.467968],[28.291636,41.468083],[28.291624,41.468194],[28.291626,41.468247],[28.291635,41.468306],[28.291643,41.468338],[28.291653,41.468353],[28.291689,41.468387],[28.29173,41.468415],[28.291852,41.468461],[28.291866,41.468467],[28.291868,41.46847],[28.292347,41.468605],[28.291565,41.470037],[28.291561,41.470044],[28.291364,41.470001],[28.291319,41.469958],[28.291293,41.46994],[28.291253,41.469915],[28.291213,41.469895],[28.291162,41.469873],[28.291093,41.469852],[28.29103,41.469843],[28.290988,41.469844],[28.290936,41.469854],[28.290895,41.469873],[28.290846,41.469906],[28.290618,41.47009],[28.290347,41.4703],[28.290269,41.470374],[28.290247,41.4704],[28.290223,41.470433],[28.290206,41.470463],[28.290194,41.470491],[28.290188,41.470516],[28.290185,41.470549],[28.290184,41.470599],[28.290199,41.470717],[28.290202,41.47078],[28.290198,41.470843],[28.290185,41.470928],[28.290162,41.470992],[28.290118,41.471073],[28.290058,41.471151],[28.289986,41.471225],[28.289951,41.471241],[28.289934,41.47126],[28.2899,41.471292],[28.28984,41.471341],[28.289772,41.47139],[28.289726,41.471416],[28.289709,41.471422],[28.289677,41.471429],[28.28962,41.471437],[28.289557,41.47144],[28.289505,41.471439],[28.289455,41.471435],[28.289411,41.471426],[28.289351,41.471408],[28.289221,41.471358],[28.289192,41.471349],[28.289138,41.471338],[28.28909,41.471334],[28.28905,41.471336]]]}},{"type":"Feature","properties":{"id":"TR-Y-34-015-M-0038","level":"yerlesim","type":"mahalle","parent_id":"TR-D-34-015","province_id":"TR-P-34","district_id":"TR-D-34-015","name":"Yaylacık","source_raw_name":"YAYLACIK","source":"Kullanıcı tarafından sağlanan KML","source_label":"Kullanıcı tarafından sağlanan KML","source_name":"Istanbul Mahalle KML"},"geometry":{"type":"Polygon","coordinates":[[[28.20479,41.345348],[28.204796,41.34535],[28.204815,41.345363],[28.205266,41.345677],[28.205109,41.346445],[28.205434,41.346781],[28.206126,41.348577],[28.206648,41.349703],[28.206965,41.349959],[28.207621,41.350795],[28.209271,41.352292],[28.20955,41.352383],[28.210026,41.352926],[28.210619,41.353391],[28.211491,41.35357],[28.211591,41.353716],[28.211958,41.353818],[28.212219,41.353944],[28.212264,41.354071],[28.212245,41.354273],[28.212158,41.354733],[28.21211,41.355015],[28.212081,41.355293],[28.211916,41.355533],[28.21167,41.355824],[28.211595,41.355976],[28.211377,41.356377],[28.211317,41.356463],[28.210953,41.356918],[28.210689,41.35721],[28.210552,41.35737],[28.210506,41.357479],[28.210483,41.357651],[28.210515,41.357765],[28.21059,41.357938],[28.210621,41.358072],[28.210613,41.358218],[28.210433,41.358503],[28.210295,41.35872],[28.210036,41.359065],[28.210008,41.359193],[28.209994,41.359507],[28.209962,41.359613],[28.209887,41.359762],[28.209853,41.360151],[28.209792,41.360433],[28.209733,41.360671],[28.209664,41.360825],[28.209461,41.36095],[28.209253,41.361036],[28.208979,41.361173],[28.208847,41.361277],[28.208524,41.361485],[28.208296,41.361676],[28.208223,41.361958],[28.208142,41.362364],[28.208105,41.362642],[28.207826,41.36297],[28.207612,41.363267],[28.207481,41.363531],[28.207369,41.36375],[28.20728,41.364019],[28.207246,41.364178],[28.207213,41.364305],[28.207175,41.364429],[28.20703,41.364758],[28.206963,41.364868],[28.20689,41.364964],[28.206875,41.365052],[28.208805,41.364909],[28.209311,41.365035],[28.210479,41.364988],[28.211436,41.364944],[28.21289,41.364748],[28.213342,41.364567],[28.214111,41.364484],[28.214697,41.364263],[28.216416,41.364113],[28.216791,41.364154],[28.218651,41.364295],[28.219523,41.36363],[28.220635,41.362797],[28.221474,41.362173],[28.222273,41.361584],[28.223504,41.360659],[28.224584,41.359843],[28.225671,41.359034],[28.22659,41.358358],[28.227373,41.357786],[28.228004,41.357317],[28.228629,41.357663],[28.228687,41.358125],[28.228922,41.358411],[28.229199,41.358604],[28.229449,41.358903],[28.231061,41.358373],[28.231157,41.357997],[28.231307,41.357976],[28.232587,41.358727],[28.233124,41.35883],[28.233591,41.358648],[28.234299,41.358541],[28.235268,41.358633],[28.236299,41.358413],[28.236549,41.358174],[28.238386,41.358279],[28.238566,41.357143],[28.238353,41.356609],[28.238577,41.355574],[28.237907,41.354572],[28.237857,41.352648],[28.237421,41.350806],[28.237045,41.350234],[28.236236,41.349732],[28.236077,41.348083],[28.23536,41.347087],[28.234666,41.346693],[28.234727,41.346169],[28.234851,41.344772],[28.23532,41.344508],[28.236013,41.343787],[28.236141,41.34366],[28.236141,41.34366],[28.236141,41.34366],[28.235925,41.343556],[28.23517,41.343274],[28.234004,41.342753],[28.233863,41.342637],[28.233708,41.342586],[28.233543,41.342567],[28.233434,41.342502],[28.233328,41.34246],[28.232896,41.342447],[28.23272,41.342476],[28.232567,41.342533],[28.231831,41.342723],[28.231161,41.342843],[28.231009,41.34285],[28.230901,41.342825],[28.23055,41.342799],[28.230393,41.342735],[28.230196,41.342694],[28.229953,41.342733],[28.229725,41.342797],[28.229607,41.342811],[28.229449,41.342793],[28.228849,41.342953],[28.228686,41.342976],[28.228502,41.342962],[28.228392,41.342917],[28.228281,41.34289],[28.228054,41.342873],[28.227704,41.34291],[28.227251,41.343112],[28.226886,41.343323],[28.226584,41.34339],[28.226418,41.343449],[28.226252,41.343409],[28.226064,41.343307],[28.22581,41.343181],[28.225517,41.343088],[28.225268,41.343076],[28.22503,41.343106],[28.224892,41.343177],[28.224668,41.343286],[28.224268,41.343571],[28.224118,41.343698],[28.223761,41.343879],[28.223462,41.344141],[28.223136,41.344524],[28.222674,41.344865],[28.222492,41.344971],[28.222253,41.345184],[28.222111,41.345257],[28.221691,41.345374],[28.221548,41.345436],[28.221383,41.345565],[28.221198,41.345705],[28.221044,41.345781],[28.220898,41.345898],[28.220752,41.345942],[28.22037,41.345968],[28.220022,41.345956],[28.219581,41.346047],[28.21916,41.346197],[28.219039,41.346212],[28.218609,41.346213],[28.218465,41.346187],[28.218378,41.346138],[28.218148,41.345913],[28.218036,41.345866],[28.217826,41.345819],[28.217524,41.345717],[28.217116,41.345538],[28.21705,41.345489],[28.217011,41.345243],[28.216727,41.344742],[28.216585,41.344616],[28.216487,41.344422],[28.216265,41.344088],[28.216202,41.343923],[28.216026,41.343612],[28.215826,41.343378],[28.215751,41.34323],[28.215557,41.343005],[28.215328,41.342833],[28.215216,41.342724],[28.21506,41.342518],[28.214891,41.342245],[28.214621,41.341991],[28.214193,41.341709],[28.213852,41.341553],[28.213682,41.341448],[28.213309,41.341126],[28.213198,41.340992],[28.213155,41.340614],[28.213101,41.340408],[28.212998,41.340238],[28.2129,41.339906],[28.212812,41.339744],[28.212796,41.339644],[28.212817,41.339564],[28.212912,41.339475],[28.21289,41.339008],[28.21276,41.338673],[28.212746,41.338174],[28.212726,41.338015],[28.212617,41.33754],[28.21258,41.33749],[28.21245,41.3374],[28.212335,41.337278],[28.212294,41.337212],[28.212297,41.337039],[28.212227,41.336959],[28.212167,41.336866],[28.21213,41.336727],[28.212045,41.336627],[28.211983,41.336463],[28.211954,41.336326],[28.211882,41.336155],[28.211671,41.335878],[28.211667,41.335872],[28.211667,41.335872],[28.211443,41.336024],[28.210787,41.336755],[28.210027,41.33776],[28.209516,41.338129],[28.209523,41.338594],[28.209722,41.339048],[28.209481,41.339407],[28.209069,41.339677],[28.209053,41.340258],[28.208595,41.340803],[28.208658,41.341312],[28.208435,41.34173],[28.207929,41.341925],[28.207272,41.341988],[28.206977,41.342187],[28.206907,41.34265],[28.206414,41.343064],[28.205381,41.344195],[28.205295,41.344514],[28.204835,41.345131],[28.20479,41.345348]]]}},{"type":"Feature","properties":{"id":"TR-Y-34-015-M-0039","level":"yerlesim","type":"mahalle","parent_id":"TR-D-34-015","province_id":"TR-P-34","district_id":"TR-D-34-015","name":"Yazlık","source_raw_name":"YAZLIK","source":"Kullanıcı tarafından sağlanan KML","source_label":"Kullanıcı tarafından sağlanan KML","source_name":"Istanbul Mahalle KML"},"geometry":{"type":"Polygon","coordinates":[[[28.512377,41.273034],[28.512234,41.273112],[28.511726,41.273306],[28.511642,41.273863],[28.511611,41.274108],[28.511598,41.274463],[28.511787,41.274867],[28.511728,41.275152],[28.511751,41.275281],[28.5121,41.275605],[28.512193,41.275772],[28.512243,41.275912],[28.512371,41.276093],[28.512387,41.276146],[28.512209,41.27622],[28.511846,41.276324],[28.512077,41.276661],[28.51214,41.276824],[28.512178,41.277033],[28.512221,41.277181],[28.512235,41.277407],[28.512253,41.277803],[28.512243,41.278221],[28.512209,41.27842],[28.512142,41.278608],[28.512149,41.278721],[28.512174,41.278813],[28.512164,41.278932],[28.512232,41.278995],[28.512372,41.279082],[28.512459,41.279175],[28.512484,41.279245],[28.512481,41.27936],[28.51246,41.279442],[28.512386,41.27962],[28.512294,41.279892],[28.512156,41.280047],[28.512061,41.280143],[28.511786,41.280334],[28.511508,41.28053],[28.511319,41.280704],[28.511227,41.28082],[28.510939,41.281013],[28.510834,41.281118],[28.5108,41.281185],[28.51075,41.281336],[28.510666,41.281569],[28.510511,41.281833],[28.510414,41.282046],[28.510294,41.282219],[28.510223,41.282315],[28.510159,41.282384],[28.510138,41.282439],[28.510136,41.282526],[28.510165,41.282623],[28.509838,41.283214],[28.509766,41.283482],[28.50969,41.284088],[28.509668,41.284327],[28.5093,41.284549],[28.509262,41.285036],[28.509177,41.285453],[28.509085,41.285736],[28.509087,41.285783],[28.509167,41.286021],[28.509372,41.286023],[28.5097,41.285978],[28.509833,41.286049],[28.510075,41.286326],[28.509841,41.286457],[28.509488,41.286572],[28.509215,41.286673],[28.508997,41.286688],[28.508831,41.286713],[28.50866,41.286684],[28.508457,41.286644],[28.508165,41.286578],[28.507908,41.286539],[28.507766,41.286528],[28.507801,41.286879],[28.507845,41.28729],[28.507875,41.287697],[28.507794,41.288066],[28.507875,41.288635],[28.507897,41.289236],[28.507955,41.289964],[28.507974,41.29009],[28.507264,41.289908],[28.507485,41.290305],[28.507563,41.290496],[28.507613,41.290663],[28.507643,41.290791],[28.507663,41.291004],[28.507698,41.291303],[28.50775,41.291598],[28.507769,41.29167],[28.507844,41.291837],[28.507964,41.292021],[28.5081,41.292232],[28.508172,41.292343],[28.508248,41.292488],[28.508312,41.292687],[28.508335,41.292902],[28.50834,41.293122],[28.508494,41.293516],[28.508635,41.293731],[28.508692,41.29386],[28.508724,41.293956],[28.508772,41.294119],[28.508775,41.294242],[28.508778,41.294349],[28.508777,41.294447],[28.508769,41.294616],[28.508765,41.294807],[28.508763,41.294891],[28.50876,41.295036],[28.508756,41.295259],[28.508755,41.295293],[28.508754,41.295315],[28.508752,41.295347],[28.508748,41.295403],[28.508744,41.295457],[28.508698,41.295595],[28.508616,41.295733],[28.508608,41.295746],[28.508467,41.295902],[28.508211,41.296129],[28.508009,41.296309],[28.507795,41.296506],[28.507613,41.296667],[28.507385,41.29687],[28.507515,41.296943],[28.50764,41.297002],[28.507752,41.297048],[28.507882,41.297123],[28.508002,41.297188],[28.508099,41.297281],[28.508198,41.29737],[28.50831,41.29747],[28.508323,41.297526],[28.508342,41.29756],[28.508438,41.297593],[28.50856,41.297686],[28.508551,41.297766],[28.508443,41.297907],[28.50825,41.298039],[28.508125,41.298125],[28.507968,41.29822],[28.507871,41.298281],[28.50768,41.298383],[28.507513,41.298466],[28.507217,41.298599],[28.506959,41.29873],[28.506729,41.298826],[28.506457,41.298922],[28.506178,41.298988],[28.505681,41.299049],[28.505164,41.299167],[28.504765,41.29957],[28.50475,41.299931],[28.504781,41.300305],[28.504819,41.300529],[28.504906,41.300896],[28.504971,41.301081],[28.505071,41.301351],[28.505142,41.301566],[28.505189,41.301806],[28.505147,41.301996],[28.505089,41.302212],[28.504949,41.302401],[28.504726,41.302677],[28.504515,41.302917],[28.504256,41.303224],[28.504028,41.303433],[28.503843,41.303546],[28.50353,41.303661],[28.503098,41.303788],[28.502473,41.303957],[28.501935,41.304088],[28.501493,41.304201],[28.500949,41.304349],[28.500205,41.304561],[28.499614,41.304756],[28.498904,41.304977],[28.498071,41.305228],[28.497563,41.305363],[28.497033,41.305453],[28.496403,41.305538],[28.495814,41.305645],[28.495325,41.305714],[28.494765,41.305804],[28.494518,41.305849],[28.494129,41.305902],[28.493676,41.305962],[28.493293,41.306041],[28.492968,41.306121],[28.492607,41.306236],[28.492009,41.306472],[28.491447,41.30669],[28.490966,41.306905],[28.490427,41.307141],[28.489988,41.30733],[28.489295,41.307618],[28.488767,41.307832],[28.488335,41.30799],[28.487946,41.308095],[28.487575,41.308135],[28.487187,41.308165],[28.486987,41.308166],[28.486634,41.308831],[28.48656,41.309396],[28.486681,41.310277],[28.487092,41.310778],[28.487567,41.311186],[28.487706,41.31127],[28.487907,41.311379],[28.488177,41.311577],[28.488377,41.311715],[28.489719,41.311881],[28.49107,41.312022],[28.491499,41.312075],[28.492835,41.312511],[28.493169,41.312622],[28.494141,41.312558],[28.495321,41.312308],[28.496415,41.312015],[28.4974,41.311733],[28.498374,41.311587],[28.49934,41.311416],[28.499977,41.311289],[28.500706,41.311228],[28.501498,41.311167],[28.50178,41.311153],[28.502938,41.311168],[28.504205,41.311185],[28.505886,41.311283],[28.507022,41.311215],[28.509095,41.31054],[28.510472,41.30984],[28.511583,41.309275],[28.512328,41.309006],[28.51334,41.308629],[28.514222,41.308304],[28.514944,41.308044],[28.515548,41.307821],[28.516143,41.307705],[28.517258,41.307467],[28.518007,41.307313],[28.51922,41.307138],[28.519943,41.307338],[28.520528,41.307947],[28.521171,41.308301],[28.522467,41.308632],[28.522845,41.3088],[28.523333,41.308988],[28.523925,41.30931],[28.524243,41.309522],[28.524445,41.309644],[28.52486,41.310021],[28.525175,41.310339],[28.526037,41.310647],[28.526427,41.310789],[28.527373,41.311257],[28.527999,41.311601],[28.52926,41.312432],[28.530098,41.313013],[28.530351,41.3138],[28.530823,41.314695],[28.531174,41.315567],[28.531436,41.315902],[28.531439,41.315907],[28.532056,41.316034],[28.532339,41.31628],[28.532905,41.316771],[28.533277,41.317184],[28.533463,41.31739],[28.533866,41.317785],[28.534288,41.317968],[28.534624,41.31854],[28.5346,41.318994],[28.534793,41.319416],[28.535034,41.319692],[28.535154,41.31983],[28.535367,41.320065],[28.535504,41.320158],[28.535838,41.320385],[28.536116,41.320539],[28.536133,41.320548],[28.536225,41.320599],[28.536731,41.320793],[28.537489,41.320916],[28.538543,41.320959],[28.538596,41.320984],[28.538812,41.321086],[28.538951,41.32129],[28.538995,41.321355],[28.53921,41.321937],[28.539268,41.322256],[28.539396,41.322598],[28.5394,41.322609],[28.539551,41.32301],[28.539656,41.323149],[28.539714,41.323225],[28.540137,41.323649],[28.540249,41.323743],[28.540266,41.323757],[28.540275,41.323764],[28.540329,41.32381],[28.540395,41.3239],[28.540438,41.323959],[28.540513,41.32404],[28.540601,41.324433],[28.54069,41.324676],[28.540686,41.324737],[28.540667,41.324991],[28.540258,41.325053],[28.540252,41.325294],[28.540622,41.325308],[28.541338,41.325202],[28.542109,41.324942],[28.542701,41.324681],[28.54283,41.324624],[28.543232,41.324477],[28.54364,41.324327],[28.544092,41.324044],[28.545852,41.324028],[28.5464,41.324225],[28.546441,41.32424],[28.546494,41.324259],[28.546573,41.324287],[28.546918,41.324396],[28.547523,41.324588],[28.548083,41.324595],[28.548762,41.324469],[28.549377,41.324303],[28.549854,41.324055],[28.550571,41.32362],[28.551041,41.323088],[28.551423,41.322619],[28.551658,41.322228],[28.552074,41.321554],[28.552372,41.320759],[28.552366,41.319337],[28.552229,41.319125],[28.552088,41.318905],[28.552107,41.318785],[28.552114,41.318742],[28.552121,41.318694],[28.552202,41.318182],[28.552546,41.317701],[28.553975,41.316742],[28.55408,41.316418],[28.554027,41.315733],[28.554469,41.314237],[28.5549,41.313252],[28.554909,41.313214],[28.555004,41.312833],[28.55499,41.312262],[28.554964,41.311387],[28.554858,41.310348],[28.55465,41.309752],[28.554836,41.30908],[28.555165,41.308505],[28.555329,41.308218],[28.555979,41.308009],[28.556801,41.307923],[28.556806,41.307913],[28.556912,41.307703],[28.556703,41.306603],[28.556323,41.305777],[28.556002,41.30521],[28.555619,41.303414],[28.555383,41.303024],[28.555237,41.302601],[28.555184,41.301995],[28.55504,41.301438],[28.554998,41.300841],[28.555157,41.299691],[28.555264,41.299364],[28.555304,41.299045],[28.555432,41.298383],[28.555622,41.296631],[28.555526,41.29585],[28.555297,41.295272],[28.554853,41.294387],[28.554737,41.293325],[28.553985,41.292603],[28.553191,41.292013],[28.552538,41.291344],[28.550852,41.288413],[28.550778,41.287453],[28.550817,41.286844],[28.551432,41.285295],[28.551536,41.285104],[28.551591,41.284325],[28.55105,41.283415],[28.550608,41.281479],[28.550628,41.281156],[28.550852,41.280729],[28.551158,41.279365],[28.550859,41.279065],[28.550401,41.278718],[28.549821,41.278634],[28.548716,41.278741],[28.54822,41.278596],[28.546948,41.277924],[28.546382,41.277744],[28.546031,41.277692],[28.545154,41.277535],[28.544811,41.277514],[28.544302,41.277451],[28.543815,41.277392],[28.54339,41.27731],[28.543211,41.277271],[28.543001,41.277236],[28.542816,41.27721],[28.542548,41.277187],[28.542338,41.277171],[28.542105,41.277158],[28.541824,41.277115],[28.54136,41.277019],[28.540821,41.276893],[28.540593,41.276863],[28.540396,41.276841],[28.540133,41.276784],[28.539962,41.276746],[28.539778,41.27673],[28.539466,41.276723],[28.539268,41.27671],[28.539028,41.276641],[28.538774,41.276548],[28.53844,41.276368],[28.538256,41.276303],[28.538112,41.276261],[28.537946,41.276222],[28.537683,41.276162],[28.53747,41.27607],[28.537217,41.275947],[28.536983,41.275808],[28.536848,41.27575],[28.536712,41.275725],[28.536575,41.275724],[28.536394,41.275754],[28.536217,41.275825],[28.535986,41.275915],[28.535823,41.275923],[28.535696,41.275898],[28.535522,41.275796],[28.535297,41.275641],[28.534972,41.275404],[28.534905,41.275357],[28.534779,41.275297],[28.534642,41.275264],[28.534511,41.275247],[28.534392,41.275234],[28.534191,41.275173],[28.534053,41.27511],[28.533947,41.275051],[28.533789,41.274976],[28.533584,41.274868],[28.533428,41.274788],[28.533344,41.274727],[28.533253,41.274621],[28.533185,41.27452],[28.5331,41.274353],[28.533066,41.27427],[28.53302,41.274157],[28.532948,41.274001],[28.532849,41.273926],[28.532375,41.273881],[28.531255,41.273866],[28.530396,41.273953],[28.530253,41.274057],[28.529986,41.274173],[28.529534,41.274194],[28.529071,41.274179],[28.528873,41.274155],[28.528654,41.274108],[28.528536,41.274078],[28.528407,41.274065],[28.528185,41.274066],[28.527862,41.274126],[28.527504,41.274185],[28.527101,41.274275],[28.52679,41.274368],[28.526585,41.274438],[28.52639,41.274547],[28.526094,41.274717],[28.525712,41.274949],[28.525452,41.27509],[28.525319,41.275157],[28.525095,41.275238],[28.524777,41.275289],[28.524407,41.275211],[28.524178,41.275159],[28.523853,41.275107],[28.523599,41.275062],[28.523419,41.275032],[28.523192,41.275003],[28.522977,41.274961],[28.52268,41.274884],[28.522417,41.274788],[28.5221,41.274679],[28.521755,41.27454],[28.521318,41.274357],[28.521002,41.274224],[28.520767,41.274106],[28.520584,41.274001],[28.520435,41.2739],[28.520187,41.273729],[28.519989,41.273588],[28.519785,41.273436],[28.519634,41.273327],[28.519376,41.27313],[28.519082,41.272898],[28.518999,41.272839],[28.518875,41.27275],[28.518729,41.272649],[28.518619,41.272575],[28.518501,41.272511],[28.518384,41.27246],[28.518233,41.272401],[28.518093,41.272352],[28.517953,41.272306],[28.517793,41.272267],[28.517655,41.272261],[28.517518,41.272265],[28.517317,41.272303],[28.517165,41.272348],[28.516947,41.272465],[28.516734,41.2726],[28.516423,41.272788],[28.516051,41.273019],[28.515577,41.273321],[28.515191,41.273503],[28.514989,41.273565],[28.514867,41.273596],[28.514569,41.273661],[28.514234,41.273714],[28.514043,41.27374],[28.51375,41.273773],[28.513487,41.273787],[28.513365,41.273735],[28.513209,41.273632],[28.513082,41.273537],[28.512931,41.273417],[28.512783,41.273281],[28.512648,41.273154],[28.512516,41.273076],[28.512393,41.273035],[28.512382,41.273032],[28.512377,41.273034]]]}},{"type":"Feature","properties":{"id":"TR-Y-34-015-M-SRC-BALABAN","level":"yerlesim","type":"mahalle","parent_id":"TR-D-34-015","province_id":"TR-P-34","district_id":"TR-D-34-015","name":"Balaban","source_raw_name":"BALABAN","source":"Kullanıcı tarafından sağlanan KML","source_label":"Kullanıcı tarafından sağlanan KML","source_name":"Istanbul Mahalle KML","source_only":true},"geometry":{"type":"MultiPolygon","coordinates":[[[[28.493966,41.407249],[28.494161,41.407167],[28.494442,41.407072],[28.494677,41.406989],[28.494821,41.406938],[28.49528,41.406782],[28.495472,41.406705],[28.495747,41.40658],[28.496008,41.406446],[28.496292,41.406307],[28.496848,41.406047],[28.497226,41.405883],[28.498494,41.405366],[28.498705,41.405282],[28.49937,41.405014],[28.499861,41.404821],[28.499997,41.404775],[28.500606,41.404567],[28.501412,41.404276],[28.502297,41.403881],[28.503136,41.403561],[28.503939,41.403252],[28.504473,41.403015],[28.50478,41.402884],[28.504883,41.402841],[28.505312,41.40266],[28.505959,41.402473],[28.506367,41.402344],[28.506812,41.402192],[28.507336,41.401994],[28.507829,41.401846],[28.508382,41.401637],[28.508829,41.401467],[28.509373,41.401278],[28.509802,41.401113],[28.510045,41.401032],[28.51011,41.401009],[28.510303,41.400928],[28.510466,41.400851],[28.510726,41.400746],[28.511026,41.400627],[28.511315,41.400526],[28.511651,41.400405],[28.511846,41.400325],[28.512106,41.4002],[28.512244,41.400127],[28.512489,41.399999],[28.512649,41.399914],[28.513017,41.399759],[28.513498,41.399571],[28.514106,41.399381],[28.514283,41.39932],[28.514958,41.39907],[28.515279,41.398942],[28.515872,41.39875],[28.516144,41.39866],[28.516569,41.398519],[28.517056,41.398411],[28.517385,41.398326],[28.517622,41.398276],[28.517806,41.398238],[28.517965,41.398194],[28.518153,41.398127],[28.518434,41.398015],[28.518718,41.39788],[28.518988,41.397736],[28.519313,41.397565],[28.519841,41.397309],[28.520003,41.397261],[28.520251,41.397176],[28.520581,41.397025],[28.520701,41.396968],[28.521017,41.396836],[28.521198,41.396782],[28.521427,41.396687],[28.521497,41.396671],[28.521848,41.396548],[28.522111,41.396462],[28.522361,41.396398],[28.522532,41.396355],[28.522783,41.396277],[28.523035,41.396188],[28.523222,41.39613],[28.523431,41.396052],[28.523592,41.395984],[28.523733,41.395937],[28.523874,41.395891],[28.524013,41.395842],[28.524185,41.395794],[28.524414,41.395738],[28.524629,41.395672],[28.524821,41.395626],[28.524997,41.39558],[28.52503,41.395571],[28.525213,41.395539],[28.525338,41.395516],[28.525468,41.395483],[28.525559,41.395445],[28.525655,41.39539],[28.525769,41.395336],[28.525864,41.395283],[28.525945,41.395229],[28.526004,41.395174],[28.526085,41.395118],[28.526135,41.395104],[28.526163,41.395096],[28.526209,41.395049],[28.526298,41.39498],[28.526422,41.394901],[28.52654,41.394815],[28.526648,41.394758],[28.526728,41.394718],[28.526781,41.394711],[28.52686,41.394674],[28.526961,41.394617],[28.527041,41.394599],[28.527133,41.394562],[28.527264,41.394497],[28.527325,41.39448],[28.52737,41.394472],[28.527467,41.394483],[28.527539,41.394529],[28.527609,41.394558],[28.527629,41.394555],[28.527667,41.394555],[28.527696,41.394546],[28.527731,41.394529],[28.527773,41.394501],[28.527866,41.39446],[28.527941,41.394431],[28.527975,41.394419],[28.528035,41.39441],[28.528089,41.394395],[28.528213,41.394325],[28.52828,41.394287],[28.528378,41.394233],[28.528476,41.394187],[28.528589,41.394134],[28.528645,41.3941],[28.528741,41.39403],[28.528837,41.393946],[28.528936,41.393881],[28.529029,41.393834],[28.529148,41.393763],[28.529264,41.393706],[28.529374,41.393637],[28.529455,41.3936],[28.529542,41.393539],[28.529655,41.393486],[28.52977,41.393446],[28.529912,41.393372],[28.53006,41.393289],[28.530153,41.39323],[28.530264,41.393162],[28.530371,41.393104],[28.53046,41.393054],[28.53058,41.392992],[28.530715,41.392934],[28.53093,41.392841],[28.531127,41.392744],[28.53126,41.392686],[28.531404,41.392629],[28.531609,41.392574],[28.531842,41.392505],[28.532017,41.392459],[28.532204,41.392407],[28.532312,41.392375],[28.532459,41.392323],[28.532816,41.392193],[28.533179,41.392057],[28.533458,41.391946],[28.533635,41.391881],[28.533717,41.391857],[28.534058,41.391766],[28.534293,41.391705],[28.534508,41.391645],[28.53473,41.391568],[28.534817,41.391537],[28.534898,41.391514],[28.534967,41.391485],[28.535242,41.391342],[28.535319,41.3913],[28.535341,41.391278],[28.535375,41.391264],[28.535408,41.39127],[28.535446,41.39127],[28.535503,41.391251],[28.535583,41.391207],[28.535983,41.390965],[28.536313,41.39078],[28.536397,41.390736],[28.536563,41.39066],[28.53678,41.390564],[28.537036,41.390463],[28.537248,41.390385],[28.537459,41.390311],[28.537707,41.390225],[28.537806,41.390177],[28.53792,41.390134],[28.538076,41.39008],[28.538267,41.39002],[28.538386,41.389978],[28.538512,41.389951],[28.53861,41.389933],[28.538795,41.389894],[28.539087,41.389838],[28.53935,41.38979],[28.539532,41.389763],[28.539703,41.389738],[28.539856,41.389719],[28.54004,41.38971],[28.540207,41.389703],[28.540263,41.389697],[28.540389,41.389673],[28.540545,41.389626],[28.540729,41.389557],[28.540988,41.389455],[28.541067,41.38943],[28.541152,41.389396],[28.541323,41.38932],[28.541554,41.389207],[28.541678,41.38915],[28.541785,41.389106],[28.541915,41.389049],[28.542212,41.388919],[28.542456,41.388828],[28.54271,41.38876],[28.543334,41.388601],[28.543637,41.388521],[28.544108,41.388388],[28.544526,41.388275],[28.544741,41.38824],[28.545159,41.388182],[28.545422,41.388149],[28.545737,41.388131],[28.546047,41.388121],[28.546302,41.388119],[28.546552,41.38813],[28.546923,41.388149],[28.54714,41.388167],[28.54729,41.388161],[28.547429,41.388161],[28.54752,41.388162],[28.547591,41.388155],[28.547676,41.388138],[28.547792,41.388046],[28.54792,41.387958],[28.548097,41.387849],[28.548315,41.387722],[28.548502,41.387639],[28.548687,41.387597],[28.548932,41.387551],[28.549273,41.387474],[28.549475,41.387415],[28.549608,41.38737],[28.549698,41.387306],[28.549767,41.38725],[28.549821,41.38722],[28.549862,41.387198],[28.549916,41.387166],[28.549991,41.387133],[28.549997,41.387131],[28.550092,41.387101],[28.550172,41.387082],[28.550264,41.38706],[28.550386,41.387031],[28.550486,41.387008],[28.5506,41.386998],[28.550694,41.386999],[28.550819,41.386996],[28.550925,41.38699],[28.551023,41.386977],[28.551125,41.386959],[28.551251,41.386932],[28.551355,41.386911],[28.551458,41.38691],[28.551561,41.386892],[28.551657,41.386869],[28.551765,41.386829],[28.551884,41.386788],[28.552011,41.386749],[28.552115,41.386719],[28.552213,41.386682],[28.552344,41.386641],[28.55254,41.386586],[28.552609,41.386587],[28.552666,41.38659],[28.552735,41.386591],[28.552828,41.386585],[28.55296,41.386555],[28.553099,41.386519],[28.55321,41.386484],[28.55333,41.386435],[28.553411,41.386397],[28.553526,41.386343],[28.553645,41.386308],[28.553773,41.386265],[28.553903,41.386214],[28.554005,41.386192],[28.554182,41.386159],[28.554387,41.386096],[28.554624,41.386092],[28.554977,41.386011],[28.555336,41.385848],[28.555778,41.385596],[28.556214,41.385433],[28.55685,41.385202],[28.557003,41.385161],[28.557115,41.385034],[28.557258,41.384971],[28.557341,41.384883],[28.557385,41.384812],[28.557425,41.384727],[28.557551,41.384596],[28.557766,41.384545],[28.557971,41.384498],[28.558162,41.384432],[28.558445,41.384311],[28.558904,41.384159],[28.55924,41.384001],[28.559353,41.383936],[28.559486,41.383873],[28.559634,41.383813],[28.559725,41.383783],[28.55986,41.38373],[28.559999,41.383676],[28.560222,41.38355],[28.561313,41.383346],[28.562048,41.383144],[28.562902,41.382859],[28.563318,41.382678],[28.563838,41.382408],[28.564178,41.382035],[28.564323,41.381758],[28.56437,41.381566],[28.564509,41.381227],[28.56476,41.381001],[28.565329,41.380669],[28.565454,41.380633],[28.565503,41.380629],[28.565539,41.380632],[28.565555,41.380645],[28.565553,41.380666],[28.565544,41.380693],[28.565545,41.380724],[28.565568,41.380732],[28.565594,41.38072],[28.565613,41.380702],[28.565646,41.380658],[28.565661,41.380621],[28.565667,41.380585],[28.565673,41.380564],[28.565697,41.380539],[28.56579,41.380498],[28.566032,41.380426],[28.56619,41.380379],[28.566269,41.380361],[28.566331,41.380357],[28.566363,41.380373],[28.566422,41.380382],[28.566496,41.380377],[28.566547,41.38036],[28.566599,41.380331],[28.566637,41.380302],[28.566698,41.380286],[28.566793,41.380275],[28.566887,41.380258],[28.567005,41.380245],[28.567105,41.380235],[28.567195,41.380229],[28.567302,41.380215],[28.567388,41.380203],[28.56749,41.380182],[28.567594,41.38015],[28.567693,41.380118],[28.567784,41.380084],[28.567872,41.38004],[28.567963,41.379986],[28.568038,41.37992],[28.568098,41.379873],[28.568133,41.379849],[28.568175,41.379819],[28.568229,41.379801],[28.568289,41.379793],[28.568348,41.379779],[28.568373,41.379751],[28.568379,41.379723],[28.568387,41.379681],[28.568418,41.37961],[28.568485,41.379523],[28.568592,41.379416],[28.568743,41.379317],[28.568902,41.379233],[28.569029,41.379173],[28.569101,41.379135],[28.569169,41.379103],[28.569213,41.379096],[28.569292,41.379103],[28.569348,41.379089],[28.569371,41.379058],[28.5694,41.379042],[28.569486,41.379023],[28.56963,41.378993],[28.569742,41.378976],[28.569826,41.378952],[28.569871,41.378926],[28.569939,41.378886],[28.570025,41.378834],[28.570083,41.378789],[28.570176,41.378676],[28.570278,41.378557],[28.570458,41.378387],[28.570525,41.378326],[28.570624,41.378261],[28.570702,41.378211],[28.570783,41.378149],[28.570896,41.378059],[28.570977,41.378002],[28.571039,41.377967],[28.57111,41.377916],[28.571199,41.377858],[28.571319,41.377782],[28.571381,41.377746],[28.571517,41.377658],[28.571593,41.377612],[28.57167,41.377585],[28.571727,41.377554],[28.571811,41.377495],[28.57185,41.377447],[28.571919,41.377381],[28.572017,41.37732],[28.572084,41.377269],[28.57214,41.377232],[28.572221,41.377188],[28.572353,41.377134],[28.572441,41.377107],[28.57251,41.377102],[28.572586,41.377112],[28.5727,41.377146],[28.572814,41.37717],[28.572915,41.377192],[28.573005,41.377204],[28.573099,41.377213],[28.573168,41.377214],[28.573222,41.377206],[28.573298,41.377179],[28.573347,41.377148],[28.573414,41.377088],[28.573489,41.377026],[28.573551,41.37695],[28.573607,41.376887],[28.573684,41.376809],[28.573729,41.37675],[28.573775,41.376679],[28.573829,41.376622],[28.573914,41.376549],[28.574015,41.376459],[28.574085,41.376392],[28.574167,41.376315],[28.574257,41.37624],[28.574344,41.376171],[28.574425,41.376096],[28.574524,41.376015],[28.574602,41.375958],[28.574764,41.375849],[28.574871,41.375783],[28.574975,41.375712],[28.574997,41.375696],[28.575069,41.375643],[28.575172,41.375575],[28.575284,41.375506],[28.575385,41.375455],[28.575432,41.375434],[28.575553,41.375368],[28.575634,41.375326],[28.575713,41.375281],[28.575763,41.375245],[28.575818,41.375218],[28.575872,41.375185],[28.575939,41.375145],[28.576023,41.37508],[28.576109,41.375024],[28.576133,41.374998],[28.576155,41.374976],[28.576225,41.374935],[28.576314,41.374865],[28.576426,41.374799],[28.576711,41.374628],[28.576923,41.374503],[28.5772,41.374363],[28.577579,41.374182],[28.577858,41.374053],[28.57815,41.373943],[28.578416,41.373846],[28.578627,41.373761],[28.578824,41.373691],[28.579335,41.373514],[28.57958,41.373437],[28.579851,41.373345],[28.580056,41.373272],[28.580329,41.373177],[28.580472,41.373116],[28.580606,41.373045],[28.580722,41.372984],[28.580891,41.372906],[28.581047,41.372827],[28.581217,41.372743],[28.581424,41.372629],[28.581846,41.372421],[28.582107,41.372289],[28.582352,41.372175],[28.5827,41.37202],[28.583068,41.371872],[28.583443,41.37173],[28.583798,41.371597],[28.58417,41.371475],[28.584519,41.371367],[28.584745,41.371291],[28.584874,41.371247],[28.58501,41.37119],[28.585325,41.371047],[28.58552,41.370949],[28.585677,41.370869],[28.585834,41.370789],[28.586011,41.370714],[28.586231,41.370631],[28.586404,41.370552],[28.586595,41.370463],[28.586986,41.370288],[28.58714,41.370214],[28.58745,41.370081],[28.587669,41.369982],[28.588182,41.369772],[28.588484,41.369662],[28.588838,41.369544],[28.589071,41.369464],[28.589313,41.369385],[28.589366,41.369367],[28.589409,41.369343],[28.589464,41.369317],[28.589669,41.369242],[28.589832,41.369197],[28.589972,41.369142],[28.590029,41.36912],[28.590167,41.369072],[28.590392,41.36899],[28.590476,41.368952],[28.590699,41.368867],[28.590958,41.368772],[28.591225,41.368688],[28.591512,41.36857],[28.591824,41.368437],[28.592013,41.36837],[28.592141,41.36832],[28.592381,41.368236],[28.592557,41.368178],[28.592931,41.368044],[28.593029,41.368018],[28.593074,41.368017],[28.5931,41.368017],[28.593154,41.368003],[28.593237,41.36795],[28.593282,41.367933],[28.593433,41.367882],[28.593604,41.367828],[28.594,41.36766],[28.59451,41.367409],[28.594798,41.367266],[28.594966,41.367188],[28.595017,41.367176],[28.595052,41.36716],[28.595123,41.367106],[28.59523,41.367054],[28.595361,41.366991],[28.595673,41.366813],[28.595894,41.366704],[28.596211,41.36657],[28.596468,41.366482],[28.596664,41.366404],[28.596869,41.36631],[28.596947,41.366278],[28.597063,41.366241],[28.597222,41.366174],[28.597456,41.366042],[28.597691,41.365897],[28.597936,41.365747],[28.598129,41.365654],[28.598247,41.365582],[28.598481,41.365461],[28.598602,41.365407],[28.598795,41.365331],[28.599088,41.365208],[28.599229,41.365142],[28.599542,41.365017],[28.5999,41.364862],[28.599933,41.364854],[28.599973,41.364834],[28.599997,41.364823],[28.600018,41.364814],[28.600214,41.364734],[28.600463,41.364644],[28.600728,41.36453],[28.601073,41.364422],[28.601171,41.364392],[28.601265,41.36437],[28.601371,41.364345],[28.601525,41.364311],[28.601725,41.364263],[28.601876,41.364227],[28.601982,41.364194],[28.602044,41.364168],[28.602374,41.363986],[28.602692,41.363836],[28.602903,41.363736],[28.603057,41.363681],[28.60322,41.363618],[28.603633,41.36346],[28.603935,41.363352],[28.604252,41.363238],[28.604372,41.363187],[28.604555,41.363113],[28.604915,41.362947],[28.605136,41.36286],[28.605235,41.362821],[28.605368,41.362767],[28.605615,41.362656],[28.606394,41.362304],[28.606543,41.362248],[28.606647,41.362212],[28.606922,41.362135],[28.607121,41.36209],[28.607348,41.362035],[28.607457,41.36201],[28.607548,41.36199],[28.607587,41.361976],[28.607759,41.361937],[28.607985,41.361893],[28.608096,41.361878],[28.608217,41.361875],[28.608363,41.361876],[28.608577,41.361881],[28.608714,41.361894],[28.608797,41.361904],[28.608855,41.361921],[28.60896,41.361956],[28.609058,41.361999],[28.609139,41.362033],[28.609192,41.362054],[28.609218,41.362055],[28.609237,41.362046],[28.609266,41.362024],[28.609329,41.361963],[28.609386,41.361891],[28.60944,41.361808],[28.609474,41.361743],[28.609537,41.361624],[28.609585,41.361534],[28.609657,41.361441],[28.609739,41.36136],[28.609859,41.36126],[28.609957,41.361184],[28.610038,41.361127],[28.610164,41.361051],[28.610277,41.360983],[28.610384,41.360916],[28.610459,41.360851],[28.610663,41.360699],[28.610857,41.360558],[28.611004,41.360458],[28.611131,41.360382],[28.611291,41.360292],[28.611502,41.360184],[28.611727,41.360084],[28.611942,41.359997],[28.612281,41.359858],[28.612658,41.359708],[28.613041,41.359557],[28.613276,41.359455],[28.613588,41.359343],[28.613792,41.359272],[28.614052,41.359184],[28.614245,41.359113],[28.614485,41.359017],[28.614655,41.358945],[28.614937,41.358817],[28.615265,41.358672],[28.615445,41.3586],[28.615654,41.358523],[28.615962,41.358414],[28.616289,41.358309],[28.616632,41.358202],[28.616962,41.358117],[28.617167,41.35806],[28.617342,41.357999],[28.617703,41.357864],[28.617947,41.357767],[28.618146,41.357683],[28.61839,41.357588],[28.618732,41.357443],[28.61907,41.357276],[28.619295,41.357146],[28.619593,41.356983],[28.619928,41.356838],[28.620434,41.356575],[28.620942,41.356338],[28.621495,41.356107],[28.621886,41.355954],[28.621947,41.35593],[28.621685,41.355854],[28.621666,41.355848],[28.621318,41.355745],[28.620394,41.355554],[28.620035,41.355546],[28.619725,41.355534],[28.619444,41.355409],[28.619078,41.355091],[28.618883,41.354619],[28.618955,41.354066],[28.619112,41.35349],[28.619327,41.352989],[28.61955,41.352511],[28.619875,41.352201],[28.620363,41.352098],[28.620913,41.352276],[28.621414,41.352231],[28.621708,41.351977],[28.621767,41.351686],[28.621693,41.35125],[28.621106,41.350328],[28.621008,41.349915],[28.621535,41.349052],[28.621744,41.348683],[28.621871,41.347954],[28.621785,41.347577],[28.62144,41.34723],[28.621096,41.347258],[28.620635,41.347551],[28.620392,41.347677],[28.620132,41.34779],[28.618931,41.348184],[28.618416,41.348191],[28.618034,41.347966],[28.61798,41.347655],[28.618136,41.347197],[28.618548,41.346788],[28.619364,41.345943],[28.619995,41.345336],[28.620647,41.344568],[28.621281,41.344193],[28.621836,41.343909],[28.622386,41.343475],[28.622868,41.343041],[28.62296,41.342719],[28.622775,41.34214],[28.622439,41.341813],[28.621957,41.341471],[28.621388,41.34116],[28.621093,41.340904],[28.620885,41.340578],[28.620868,41.340163],[28.621041,41.339712],[28.62108,41.33948],[28.621103,41.339221],[28.620982,41.338825],[28.620496,41.338103],[28.620478,41.338073],[28.619974,41.337671],[28.619665,41.337169],[28.619263,41.335751],[28.619105,41.335636],[28.618844,41.335617],[28.618722,41.335609],[28.618299,41.335765],[28.618312,41.335826],[28.618273,41.336321],[28.617228,41.336632],[28.617227,41.336263],[28.617233,41.336207],[28.617238,41.336157],[28.617245,41.336094],[28.617281,41.335746],[28.617158,41.335351],[28.617083,41.335109],[28.616616,41.334946],[28.61645,41.334888],[28.615745,41.334925],[28.615246,41.335065],[28.614666,41.335229],[28.614329,41.335299],[28.613468,41.33548],[28.612759,41.335284],[28.611323,41.33504],[28.610515,41.335082],[28.610085,41.335135],[28.609782,41.335235],[28.609447,41.335244],[28.60907,41.335259],[28.608503,41.335284],[28.60798,41.335252],[28.60752,41.335072],[28.607019,41.334807],[28.606538,41.334827],[28.605832,41.335342],[28.605813,41.33558],[28.605797,41.335775],[28.605536,41.336368],[28.605166,41.336777],[28.604334,41.337983],[28.60412,41.338819],[28.603765,41.338923],[28.603295,41.338858],[28.603156,41.338318],[28.603126,41.338205],[28.60304,41.33811],[28.602756,41.337797],[28.602164,41.337498],[28.601637,41.337285],[28.601372,41.337204],[28.601038,41.337167],[28.600636,41.337117],[28.600284,41.337126],[28.600086,41.337136],[28.599535,41.337399],[28.599147,41.337687],[28.598884,41.338006],[28.598672,41.338261],[28.598493,41.338555],[28.59829,41.338889],[28.598174,41.339595],[28.598242,41.340031],[28.598284,41.340304],[28.598146,41.340631],[28.598034,41.340895],[28.597969,41.341592],[28.598277,41.342389],[28.598412,41.342552],[28.598423,41.342565],[28.598741,41.342951],[28.598867,41.343452],[28.598771,41.343845],[28.59873,41.344007],[28.598528,41.344226],[28.598359,41.344408],[28.598314,41.344429],[28.597853,41.344638],[28.597388,41.344639],[28.597165,41.344639],[28.596457,41.344404],[28.595845,41.344359],[28.594678,41.344524],[28.593784,41.344777],[28.593151,41.345109],[28.592537,41.345724],[28.592207,41.346522],[28.592024,41.347444],[28.591935,41.348209],[28.591917,41.348358],[28.59184,41.348735],[28.591777,41.349045],[28.591683,41.349908],[28.591766,41.350165],[28.591847,41.350416],[28.592565,41.350908],[28.593312,41.351423],[28.593438,41.351555],[28.59364,41.351767],[28.593706,41.352087],[28.593656,41.352199],[28.593538,41.352458],[28.592973,41.35306],[28.592762,41.353284],[28.59218,41.353936],[28.591809,41.354228],[28.591415,41.354257],[28.590926,41.354096],[28.59072,41.354028],[28.590241,41.353913],[28.589832,41.353941],[28.588826,41.353983],[28.588083,41.353919],[28.587004,41.353961],[28.586503,41.354207],[28.586342,41.354325],[28.58594,41.354618],[28.58534,41.354742],[28.58467,41.35469],[28.583988,41.354539],[28.583462,41.35461],[28.582932,41.354856],[28.582889,41.355038],[28.582851,41.355195],[28.582972,41.355702],[28.582932,41.356196],[28.582817,41.356349],[28.582586,41.356654],[28.582141,41.357044],[28.58145,41.35731],[28.581095,41.357621],[28.580944,41.357754],[28.580772,41.358313],[28.580709,41.358524],[28.580677,41.35863],[28.580627,41.358745],[28.580509,41.359013],[28.580228,41.359196],[28.579702,41.359233],[28.579159,41.359392],[28.578642,41.359715],[28.578166,41.360148],[28.577266,41.360654],[28.576586,41.361041],[28.575838,41.361263],[28.575323,41.361476],[28.574922,41.361676],[28.574483,41.361894],[28.574205,41.362202],[28.573633,41.362836],[28.573279,41.363976],[28.573037,41.364603],[28.572096,41.365946],[28.57201,41.366269],[28.571821,41.366974],[28.571801,41.367889],[28.571503,41.368744],[28.570552,41.369382],[28.569811,41.369716],[28.569101,41.369726],[28.568262,41.369907],[28.56803,41.370075],[28.568077,41.370094],[28.568281,41.370174],[28.568389,41.370378],[28.568403,41.370404],[28.568632,41.37035],[28.568968,41.370011],[28.569196,41.370014],[28.569225,41.370106],[28.569267,41.370243],[28.569571,41.370228],[28.569691,41.370554],[28.570062,41.37094],[28.570617,41.371043],[28.570745,41.3711],[28.570828,41.371138],[28.570923,41.371137],[28.570941,41.371136],[28.57099,41.371135],[28.571111,41.371133],[28.571294,41.371258],[28.571346,41.371508],[28.571546,41.371791],[28.571741,41.372042],[28.571976,41.3722],[28.572123,41.3723],[28.572709,41.372635],[28.572809,41.37271],[28.572954,41.372818],[28.573089,41.372982],[28.573082,41.373296],[28.572968,41.373519],[28.572902,41.373647],[28.572649,41.373863],[28.572388,41.373968],[28.572209,41.373914],[28.571685,41.373754],[28.571631,41.373758],[28.571565,41.373764],[28.571225,41.373785],[28.570673,41.373623],[28.570161,41.373447],[28.569825,41.373241],[28.569596,41.373153],[28.569474,41.373107],[28.569337,41.372988],[28.569258,41.37292],[28.569009,41.372722],[28.568636,41.372729],[28.568062,41.372703],[28.567566,41.3727],[28.567397,41.372699],[28.567152,41.372526],[28.567074,41.372444],[28.566975,41.37234],[28.566674,41.372109],[28.566388,41.372034],[28.565489,41.371817],[28.56504,41.371761],[28.564218,41.371747],[28.563739,41.371748],[28.563246,41.371764],[28.562845,41.37173],[28.562541,41.371625],[28.562303,41.371575],[28.561871,41.371646],[28.561644,41.371755],[28.561508,41.37182],[28.561373,41.371885],[28.561171,41.371936],[28.56075,41.371934],[28.560241,41.372],[28.560176,41.372012],[28.559809,41.372078],[28.559474,41.372301],[28.55945,41.372392],[28.559401,41.372574],[28.559285,41.372718],[28.55917,41.372863],[28.559142,41.372869],[28.558838,41.372942],[28.558687,41.373154],[28.558665,41.373185],[28.55853,41.37345],[28.558395,41.373776],[28.558377,41.373914],[28.55836,41.37404],[28.558414,41.374272],[28.558684,41.374504],[28.558701,41.374518],[28.558964,41.374625],[28.559121,41.374689],[28.559189,41.374728],[28.559396,41.374847],[28.559424,41.37499],[28.559435,41.375046],[28.55923,41.375224],[28.559197,41.375252],[28.559184,41.375309],[28.559148,41.375472],[28.558939,41.375635],[28.558746,41.375765],[28.558528,41.375905],[28.558494,41.375927],[28.558396,41.375891],[28.558305,41.375858],[28.557897,41.37582],[28.557326,41.375835],[28.55703,41.375997],[28.556953,41.376172],[28.556777,41.37617],[28.556503,41.376012],[28.556284,41.376009],[28.556244,41.376036],[28.556046,41.376172],[28.555997,41.376413],[28.556077,41.37651],[28.556239,41.376703],[28.556508,41.377092],[28.556855,41.377306],[28.557142,41.377408],[28.557154,41.377412],[28.557217,41.377435],[28.557305,41.377466],[28.557504,41.377689],[28.557396,41.377963],[28.557028,41.37808],[28.556547,41.378008],[28.5563,41.377905],[28.556127,41.377867],[28.556038,41.377847],[28.555853,41.377613],[28.555522,41.377355],[28.55521,41.37701],[28.555008,41.376787],[28.554407,41.376856],[28.553864,41.37696],[28.55345,41.377153],[28.552959,41.376849],[28.552571,41.376536],[28.552472,41.376386],[28.552373,41.376236],[28.552327,41.376213],[28.552098,41.3761],[28.551788,41.376228],[28.551535,41.376435],[28.551312,41.376586],[28.551152,41.376529],[28.551126,41.376418],[28.551207,41.376034],[28.551127,41.375908],[28.551066,41.375811],[28.55096,41.375621],[28.550911,41.375534],[28.550752,41.375477],[28.550639,41.375288],[28.55057,41.375117],[28.550528,41.375011],[28.550754,41.374705],[28.55098,41.374411],[28.551013,41.374224],[28.550931,41.374118],[28.5509,41.374079],[28.549995,41.373888],[28.549183,41.373991],[28.548884,41.374029],[28.548475,41.374081],[28.547606,41.374192],[28.547344,41.374534],[28.547337,41.374841],[28.547155,41.374913],[28.546806,41.375052],[28.546331,41.375046],[28.546188,41.374609],[28.546194,41.374353],[28.545973,41.37435],[28.545934,41.374456],[28.545864,41.374643],[28.545365,41.374944],[28.545206,41.375236],[28.545252,41.375312],[28.545403,41.375559],[28.545303,41.375815],[28.545294,41.375839],[28.545241,41.375959],[28.545169,41.376119],[28.54486,41.376307],[28.544839,41.376473],[28.544533,41.376494],[28.544367,41.376313],[28.544131,41.376203],[28.543829,41.376063],[28.543338,41.376006],[28.543136,41.375911],[28.543086,41.375888],[28.543013,41.375773],[28.542922,41.37563],[28.542761,41.375487],[28.542672,41.375409],[28.542474,41.375176],[28.54234,41.375085],[28.54217,41.375095],[28.541979,41.375298],[28.541722,41.375384],[28.54143,41.375508],[28.541378,41.375584],[28.541106,41.375581],[28.540957,41.375413],[28.540706,41.375256],[28.540164,41.375198],[28.539957,41.375125],[28.539861,41.375092],[28.53974,41.375154],[28.539652,41.3753],[28.539617,41.375357],[28.539175,41.375365],[28.53887,41.375361],[28.538857,41.375194],[28.538609,41.374897],[28.538273,41.374713],[28.537882,41.374721],[28.537727,41.374822],[28.537743,41.374899],[28.537999,41.374838],[28.538218,41.374905],[28.538254,41.375003],[28.538266,41.375033],[28.538111,41.375121],[28.537917,41.375178],[28.537821,41.375207],[28.537684,41.375218],[28.53758,41.37544],[28.53756,41.375485],[28.53732,41.375559],[28.537016,41.375478],[28.537012,41.37567],[28.536739,41.37573],[28.536695,41.375665],[28.536608,41.375537],[28.536217,41.375519],[28.535588,41.375549],[28.535355,41.375342],[28.535155,41.375309],[28.535102,41.3753],[28.534879,41.375127],[28.534851,41.375105],[28.534825,41.375139],[28.534764,41.375219],[28.534757,41.375513],[28.534363,41.375674],[28.533936,41.375797],[28.533723,41.375719],[28.533683,41.375704],[28.533477,41.375817],[28.533473,41.375996],[28.533435,41.376162],[28.533201,41.376226],[28.532906,41.376308],[28.532503,41.376073],[28.532184,41.375928],[28.532174,41.376048],[28.532161,41.376197],[28.532215,41.376824],[28.532301,41.377529],[28.532516,41.378005],[28.532592,41.378172],[28.532784,41.378573],[28.532949,41.378919],[28.53346,41.379604],[28.533567,41.380117],[28.533282,41.380702],[28.532899,41.381119],[28.532893,41.381413],[28.532475,41.381856],[28.531892,41.38213],[28.531356,41.382532],[28.5308,41.383088],[28.530673,41.383483],[28.530578,41.38393],[28.530504,41.383989],[28.530232,41.384207],[28.529797,41.384662],[28.529504,41.384837],[28.528979,41.384792],[28.528591,41.384659],[28.528251,41.384693],[28.527641,41.384634],[28.527257,41.385065],[28.526929,41.385342],[28.526581,41.385696],[28.526046,41.38606],[28.525324,41.386204],[28.525261,41.386216],[28.524896,41.386608],[28.524763,41.386801],[28.524562,41.38709],[28.523349,41.387851],[28.520979,41.388772],[28.519868,41.389381],[28.519436,41.389485],[28.518841,41.389452],[28.517711,41.389834],[28.516395,41.390524],[28.515654,41.390582],[28.515115,41.390676],[28.51445,41.390583],[28.513731,41.390734],[28.513553,41.390694],[28.513375,41.390654],[28.51312,41.390314],[28.513057,41.390162],[28.512962,41.389933],[28.512735,41.38993],[28.512538,41.390319],[28.51251,41.390373],[28.512082,41.390856],[28.511417,41.391243],[28.510891,41.391321],[28.510084,41.391082],[28.509848,41.391013],[28.509472,41.390772],[28.508738,41.390821],[28.508516,41.390835],[28.507688,41.390547],[28.507617,41.390531],[28.507356,41.390475],[28.507218,41.390237],[28.506873,41.390207],[28.506603,41.390378],[28.506558,41.390406],[28.506391,41.390411],[28.506033,41.390424],[28.5053,41.390684],[28.504923,41.390999],[28.504585,41.39118],[28.504264,41.3911],[28.504104,41.39082],[28.504362,41.390487],[28.503537,41.390567],[28.502723,41.390647],[28.501848,41.390467],[28.500949,41.390586],[28.500132,41.390693],[28.49997,41.391118],[28.499773,41.391639],[28.499706,41.391654],[28.499556,41.391675],[28.499015,41.391706],[28.498631,41.391744],[28.498285,41.391793],[28.498017,41.391845],[28.497696,41.391912],[28.497427,41.39198],[28.497217,41.392037],[28.497215,41.392037],[28.497089,41.392079],[28.496945,41.392118],[28.496811,41.392141],[28.496631,41.392156],[28.496425,41.392175],[28.496167,41.392204],[28.495974,41.39223],[28.495972,41.39223],[28.495769,41.39227],[28.495543,41.392321],[28.495541,41.392321],[28.495269,41.3924],[28.495267,41.3924],[28.495129,41.392452],[28.495022,41.392479],[28.494921,41.392494],[28.494796,41.392508],[28.494688,41.392504],[28.49458,41.392499],[28.494122,41.392431],[28.493608,41.392343],[28.493605,41.392343],[28.493201,41.392313],[28.493199,41.392313],[28.493197,41.392313],[28.493085,41.392321],[28.493082,41.392321],[28.49308,41.392322],[28.493067,41.392325],[28.493062,41.392314],[28.49306,41.392314],[28.492929,41.392345],[28.492927,41.392345],[28.492925,41.392346],[28.492712,41.392425],[28.49271,41.392426],[28.492418,41.392574],[28.492088,41.392738],[28.491683,41.392912],[28.49145,41.39301],[28.491302,41.393078],[28.4913,41.393079],[28.491171,41.393153],[28.491168,41.393155],[28.491072,41.39323],[28.490975,41.393312],[28.490891,41.393388],[28.49089,41.39339],[28.490889,41.393391],[28.490812,41.393495],[28.490598,41.393793],[28.490474,41.393974],[28.490432,41.394025],[28.490391,41.394055],[28.490358,41.394074],[28.490329,41.394084],[28.490147,41.39413],[28.489016,41.394428],[28.489016,41.394428],[28.489015,41.394432],[28.489013,41.39444],[28.489008,41.394465],[28.489006,41.394474],[28.489106,41.394927],[28.489693,41.395724],[28.489998,41.396604],[28.489801,41.397741],[28.490193,41.399623],[28.490386,41.401647],[28.490314,41.403019],[28.490057,41.405387],[28.490752,41.405653],[28.491107,41.406048],[28.491198,41.407349],[28.491909,41.40722],[28.491902,41.408126],[28.491902,41.40813],[28.491889,41.408209],[28.491909,41.408218],[28.491937,41.408206],[28.492104,41.408136],[28.492142,41.408119],[28.492908,41.407777],[28.493172,41.407647],[28.49352,41.407454],[28.493734,41.407355],[28.493966,41.407249]]],[[[28.616227,41.330409],[28.616115,41.330236],[28.615698,41.330231],[28.615474,41.330153],[28.615396,41.330089],[28.615374,41.330071],[28.615373,41.330071],[28.615358,41.330059],[28.61532,41.330029],[28.615254,41.329952],[28.615223,41.329916],[28.61517,41.329755],[28.615199,41.329696],[28.615201,41.329692],[28.615318,41.329453],[28.615469,41.329006],[28.615672,41.328411],[28.615947,41.328153],[28.616352,41.327752],[28.616457,41.327689],[28.616803,41.32748],[28.616897,41.327456],[28.617194,41.327378],[28.617839,41.327327],[28.61852,41.327271],[28.619074,41.327166],[28.619584,41.326888],[28.619754,41.326795],[28.620385,41.326442],[28.620687,41.326229],[28.620978,41.326122],[28.621095,41.325963],[28.621076,41.325905],[28.621022,41.325743],[28.620864,41.325588],[28.61931,41.324037],[28.619009,41.323802],[28.618651,41.323578],[28.618229,41.323256],[28.617783,41.323032],[28.6177,41.323011],[28.617377,41.322929],[28.616893,41.322751],[28.616827,41.322727],[28.616628,41.322596],[28.616489,41.322523],[28.616377,41.32248],[28.616328,41.32246],[28.616256,41.322371],[28.616134,41.322332],[28.616039,41.322302],[28.615996,41.322227],[28.615982,41.322204],[28.615865,41.322072],[28.615825,41.322033],[28.615724,41.321936],[28.615644,41.321787],[28.615588,41.321503],[28.615681,41.321332],[28.615738,41.321252],[28.615877,41.321094],[28.616052,41.320983],[28.616092,41.320957],[28.616201,41.320934],[28.616249,41.320924],[28.616259,41.320922],[28.616598,41.32085],[28.616863,41.320718],[28.617931,41.320492],[28.618843,41.320154],[28.619026,41.320058],[28.619136,41.319966],[28.619383,41.319612],[28.619383,41.319178],[28.619156,41.318526],[28.618938,41.318324],[28.618895,41.318112],[28.618865,41.317797],[28.618903,41.317577],[28.618952,41.317294],[28.619134,41.316997],[28.619714,41.316606],[28.620104,41.316478],[28.620238,41.316465],[28.620653,41.316427],[28.620883,41.316424],[28.621156,41.316422],[28.622091,41.316455],[28.622569,41.316385],[28.622968,41.316271],[28.623173,41.316202],[28.623618,41.315919],[28.623915,41.315568],[28.624161,41.315233],[28.624196,41.315182],[28.624209,41.315162],[28.624364,41.314931],[28.624527,41.314577],[28.624559,41.314531],[28.624567,41.314521],[28.624601,41.314413],[28.624605,41.314401],[28.624657,41.314236],[28.624832,41.313972],[28.625179,41.313543],[28.625448,41.313104],[28.625849,41.312626],[28.626245,41.312365],[28.626267,41.312342],[28.626281,41.312327],[28.626295,41.312312],[28.626313,41.312293],[28.626325,41.312281],[28.626511,41.312083],[28.626686,41.31178],[28.627102,41.311205],[28.627946,41.310654],[28.628945,41.310174],[28.630018,41.309862],[28.630659,41.309749],[28.630685,41.309744],[28.630679,41.309735],[28.629456,41.307917],[28.629394,41.307717],[28.629338,41.307663],[28.629197,41.307494],[28.628965,41.307199],[28.62882,41.307024],[28.6287,41.30681],[28.628625,41.306607],[28.628609,41.306453],[28.628613,41.306182],[28.628573,41.306016],[28.628411,41.305851],[28.628314,41.305795],[28.628166,41.305722],[28.628025,41.305705],[28.627601,41.305688],[28.627189,41.305666],[28.626849,41.305608],[28.626687,41.305577],[28.626519,41.30549],[28.626245,41.305305],[28.625908,41.305227],[28.625436,41.305085],[28.625066,41.304935],[28.624808,41.304778],[28.624675,41.304657],[28.624579,41.304558],[28.624545,41.30449],[28.624703,41.304272],[28.624656,41.30416],[28.624519,41.303968],[28.624161,41.303703],[28.623412,41.30352],[28.622591,41.303611],[28.622067,41.303719],[28.621397,41.303835],[28.620571,41.303889],[28.619897,41.303918],[28.619363,41.303907],[28.618831,41.303832],[28.618416,41.303643],[28.617839,41.303083],[28.61749,41.302955],[28.616872,41.303195],[28.61619,41.30331],[28.615463,41.303246],[28.614583,41.302957],[28.612879,41.302415],[28.611702,41.301989],[28.6116,41.301444],[28.611221,41.301112],[28.61063,41.300314],[28.61022,41.29974],[28.609939,41.299033],[28.608965,41.297299],[28.608982,41.297133],[28.609231,41.296869],[28.608994,41.296863],[28.608543,41.296799],[28.607986,41.296723],[28.605843,41.296267],[28.605401,41.296368],[28.604796,41.296867],[28.604372,41.297203],[28.603657,41.297357],[28.603145,41.297534],[28.602321,41.29776],[28.601656,41.297959],[28.60131,41.29804],[28.600959,41.298048],[28.599565,41.298006],[28.598996,41.298095],[28.598539,41.298202],[28.598,41.298201],[28.597487,41.298209],[28.596549,41.298406],[28.595783,41.298597],[28.59543,41.299035],[28.595272,41.299216],[28.595088,41.299439],[28.594928,41.29972],[28.593265,41.30085],[28.592486,41.301621],[28.591884,41.302086],[28.588933,41.300668],[28.587574,41.301201],[28.586097,41.301337],[28.585372,41.301148],[28.58476,41.301037],[28.584443,41.300965],[28.584125,41.300926],[28.583727,41.300956],[28.583703,41.300958],[28.583719,41.30096],[28.583745,41.300963],[28.584119,41.301112],[28.584354,41.301219],[28.584534,41.301316],[28.584901,41.301449],[28.584968,41.301473],[28.584998,41.301484],[28.585012,41.301489],[28.585099,41.30152],[28.58517,41.301554],[28.585617,41.301767],[28.585823,41.302225],[28.585901,41.302835],[28.585834,41.303114],[28.585699,41.303673],[28.585547,41.303947],[28.585558,41.304058],[28.585574,41.304205],[28.585608,41.304325],[28.58557,41.30438],[28.585475,41.304465],[28.585243,41.304489],[28.585157,41.304528],[28.585044,41.304625],[28.584992,41.30467],[28.58472,41.304838],[28.584546,41.304973],[28.584153,41.305226],[28.583853,41.305428],[28.583873,41.305583],[28.584105,41.305895],[28.584097,41.305902],[28.584058,41.305937],[28.583815,41.306132],[28.583617,41.306344],[28.583409,41.306513],[28.583086,41.306681],[28.582843,41.306893],[28.582588,41.307078],[28.582345,41.307116],[28.58228,41.307126],[28.582152,41.307165],[28.581982,41.307217],[28.58182,41.307369],[28.581624,41.30747],[28.581315,41.307552],[28.581018,41.307591],[28.580768,41.307597],[28.580629,41.307681],[28.580443,41.307876],[28.580189,41.308027],[28.579971,41.308128],[28.579832,41.308212],[28.579693,41.308356],[28.579538,41.308646],[28.579397,41.30885],[28.579247,41.309115],[28.579184,41.309225],[28.579167,41.309288],[28.579108,41.309505],[28.57907,41.309778],[28.579082,41.310046],[28.579095,41.310321],[28.579098,41.310458],[28.579101,41.310595],[28.579143,41.3108],[28.579163,41.310902],[28.579191,41.311116],[28.579219,41.31133],[28.579237,41.31144],[28.579258,41.311566],[28.579366,41.311773],[28.579442,41.311919],[28.579447,41.311924],[28.579478,41.311959],[28.579702,41.312134],[28.579823,41.312333],[28.57984,41.312386],[28.579841,41.312388],[28.579865,41.312462],[28.579954,41.312575],[28.579987,41.312618],[28.58002,41.312678],[28.580031,41.312696],[28.580074,41.312808],[28.580139,41.312972],[28.580238,41.313136],[28.580247,41.31315],[28.58027,41.313185],[28.580337,41.313283],[28.580363,41.313325],[28.580369,41.313334],[28.580425,41.313422],[28.580432,41.313553],[28.580433,41.313576],[28.580403,41.313609],[28.580293,41.313729],[28.580005,41.313871],[28.579788,41.313937],[28.57941,41.314027],[28.579119,41.314048],[28.578885,41.314089],[28.578566,41.31412],[28.578269,41.314151],[28.577848,41.314171],[28.57753,41.314133],[28.577145,41.314034],[28.576692,41.313908],[28.576411,41.313784],[28.576158,41.313609],[28.575961,41.313511],[28.575927,41.313503],[28.575666,41.313457],[28.575448,41.313549],[28.57532,41.313668],[28.575169,41.313829],[28.575029,41.314007],[28.574934,41.314161],[28.574816,41.314357],[28.574774,41.314497],[28.574755,41.314562],[28.574744,41.315006],[28.57473,41.315111],[28.574704,41.315308],[28.574698,41.3156],[28.574684,41.315824],[28.57468,41.315892],[28.574682,41.315954],[28.574686,41.316132],[28.574718,41.316622],[28.574729,41.316785],[28.574313,41.316811],[28.573897,41.316835],[28.57344,41.316828],[28.572965,41.316844],[28.572337,41.316961],[28.571662,41.317241],[28.57158,41.317308],[28.571288,41.317546],[28.571036,41.317897],[28.570978,41.318014],[28.570961,41.318048],[28.570943,41.318211],[28.57099,41.318523],[28.571018,41.318713],[28.571098,41.319158],[28.571073,41.319345],[28.571054,41.319485],[28.570819,41.319641],[28.570565,41.31967],[28.569738,41.319387],[28.568764,41.319238],[28.568123,41.319094],[28.567666,41.319115],[28.567605,41.319209],[28.56736,41.319565],[28.567217,41.320226],[28.56719,41.320349],[28.567177,41.32095],[28.567279,41.321442],[28.567328,41.32168],[28.567466,41.321948],[28.567732,41.322273],[28.568505,41.323125],[28.569187,41.323835],[28.56929,41.323942],[28.569384,41.324039],[28.569968,41.324542],[28.570259,41.324823],[28.5705,41.325477],[28.570841,41.326047],[28.571956,41.326851],[28.572506,41.327167],[28.572865,41.327374],[28.573178,41.327485],[28.573525,41.327607],[28.573763,41.327696],[28.574114,41.327827],[28.574523,41.328183],[28.575346,41.328596],[28.575931,41.3288],[28.576743,41.328909],[28.576945,41.328968],[28.577403,41.329101],[28.577655,41.329237],[28.578005,41.329426],[28.578403,41.329621],[28.57879,41.329846],[28.578806,41.329856],[28.578911,41.329917],[28.579247,41.329984],[28.579863,41.329998],[28.580004,41.330001],[28.580818,41.329997],[28.581502,41.329956],[28.581777,41.329797],[28.582082,41.329554],[28.582526,41.329347],[28.582811,41.329146],[28.58331,41.329025],[28.584021,41.329055],[28.584759,41.329176],[28.584816,41.329186],[28.585,41.329216],[28.58519,41.329253],[28.586034,41.329419],[28.586911,41.329521],[28.587333,41.329491],[28.587418,41.329485],[28.587881,41.329244],[28.588596,41.328639],[28.589273,41.328061],[28.589744,41.327503],[28.590232,41.326986],[28.590773,41.326654],[28.591329,41.326471],[28.591581,41.326497],[28.591637,41.326503],[28.591716,41.326522],[28.592232,41.326651],[28.592827,41.32687],[28.593447,41.327188],[28.594015,41.327752],[28.594257,41.328138],[28.594289,41.32819],[28.594359,41.3283],[28.594468,41.328373],[28.594801,41.328595],[28.595304,41.328728],[28.595612,41.328739],[28.596255,41.328902],[28.596881,41.328923],[28.59747,41.328931],[28.59804,41.328994],[28.598863,41.329004],[28.599529,41.328868],[28.59987,41.328775],[28.600541,41.32849],[28.600758,41.32838],[28.601059,41.328214],[28.601365,41.328046],[28.601753,41.327646],[28.601784,41.327614],[28.601926,41.327463],[28.602494,41.326859],[28.602911,41.326565],[28.603317,41.326442],[28.603806,41.326406],[28.604361,41.326551],[28.604742,41.326735],[28.604985,41.326852],[28.605051,41.326897],[28.605229,41.327015],[28.605602,41.327438],[28.605747,41.327603],[28.605854,41.327669],[28.606152,41.327853],[28.606712,41.327844],[28.607071,41.327907],[28.607324,41.327974],[28.608481,41.327834],[28.609315,41.327881],[28.610193,41.328115],[28.610802,41.328393],[28.611191,41.328572],[28.611498,41.328713],[28.612228,41.328999],[28.612888,41.329247],[28.613612,41.32948],[28.614257,41.329728],[28.614348,41.329764],[28.614615,41.329871],[28.615287,41.330226],[28.615707,41.330408],[28.61571,41.33041],[28.615794,41.330446],[28.615897,41.330491],[28.616132,41.330524],[28.616227,41.330409]]]]}},{"type":"Feature","properties":{"id":"TR-Y-34-015-OSB-FERHATPASASB","level":"yerlesim","type":"mahalle","parent_id":"TR-D-34-015","province_id":"TR-P-34","district_id":"TR-D-34-015","name":"Ferhatpaşa SB","source_raw_name":"Ferhatpaşa SB","source":"Kullanıcı tarafından sağlanan KML","source_label":"Kullanıcı tarafından sağlanan KML","source_name":"Istanbul Mahalle KML","source_only":true,"osb":true},"geometry":{"type":"Polygon","coordinates":[[[28.484225,41.132566],[28.48597,41.132117],[28.48597,41.132116],[28.48597,41.132116],[28.485918,41.131873],[28.485849,41.131614],[28.485778,41.131469],[28.487864,41.131],[28.487961,41.131241],[28.488316,41.131757],[28.488317,41.131756],[28.488319,41.131759],[28.488722,41.131623],[28.49042,41.131164],[28.491361,41.130792],[28.491995,41.130673],[28.49253,41.130513],[28.492343,41.130261],[28.492341,41.13026],[28.491726,41.129644],[28.490985,41.128935],[28.490981,41.128929],[28.490842,41.128703],[28.48741,41.130005],[28.487214,41.129577],[28.487213,41.129575],[28.487027,41.129087],[28.486691,41.128567],[28.486417,41.128619],[28.485746,41.128638],[28.485034,41.128699],[28.48473,41.128631],[28.484675,41.128681],[28.484023,41.128599],[28.483709,41.12853],[28.483396,41.128609],[28.483434,41.12866],[28.48263,41.128966],[28.482653,41.128798],[28.482818,41.128465],[28.482506,41.128384],[28.482359,41.12795],[28.482154,41.127469],[28.482073,41.127113],[28.481938,41.126839],[28.478908,41.126979],[28.478666,41.127009],[28.478617,41.127028],[28.477489,41.127823],[28.477828,41.128274],[28.478284,41.128859],[28.478903,41.129423],[28.479347,41.13062],[28.479517,41.130864],[28.479774,41.131184],[28.480117,41.131489],[28.480454,41.131739],[28.481947,41.131315],[28.483269,41.131027],[28.48339,41.131222],[28.480547,41.131967],[28.480629,41.132116],[28.480631,41.132116],[28.480632,41.132119],[28.483478,41.131363],[28.484222,41.132564],[28.484223,41.132563],[28.484225,41.132566]]]}}]}