{"type":"FeatureCollection","name":"turkiye_map.dist.mahalle_geometrileri_by_district.TR-D-17-012","features":[{"type":"Feature","properties":{"id":"TR-Y-17-012-K-0001","level":"yerlesim","type":"mahalle","parent_id":"TR-D-17-012","province_id":"TR-P-17","district_id":"TR-D-17-012","name":"Ahiler","source_raw_name":"Ahiler","source":"Kullanıcı tarafından sağlanan KML","source_label":"Kullanıcı tarafından sağlanan KML","source_name":"Canakkale Mahalle KML - kullanici tarafindan saglandi"},"geometry":{"type":"Polygon","coordinates":[[[27.298992,39.864861],[27.301618,39.862909],[27.302679,39.86109],[27.302579,39.859755],[27.302604,39.858492],[27.30266,39.857158],[27.302971,39.855516],[27.302357,39.853728],[27.299852,39.845929],[27.299154,39.84551],[27.297413,39.844968],[27.2961,39.84445],[27.2921,39.842298],[27.290489,39.841468],[27.287184,39.841504],[27.287181,39.841503],[27.287017,39.841475],[27.286944,39.841474],[27.287529,39.842054],[27.287388,39.842215],[27.287157,39.842536],[27.287133,39.842688],[27.287109,39.842789],[27.287045,39.842889],[27.287038,39.842984],[27.287144,39.843029],[27.287093,39.843115],[27.286999,39.843224],[27.287009,39.843281],[27.287133,39.843359],[27.287181,39.843451],[27.287169,39.843515],[27.287088,39.843722],[27.287093,39.843767],[27.287227,39.843792],[27.287454,39.843728],[27.287434,39.843816],[27.287491,39.844371],[27.287568,39.844439],[27.287643,39.844694],[27.287619,39.844834],[27.287465,39.845087],[27.287035,39.845376],[27.286473,39.84565],[27.285565,39.845987],[27.285422,39.84605],[27.285214,39.846058],[27.28515,39.846089],[27.284786,39.846111],[27.284284,39.846179],[27.28381,39.846332],[27.283403,39.846434],[27.283002,39.846506],[27.28279,39.846587],[27.282657,39.846732],[27.282581,39.846818],[27.282418,39.847047],[27.282347,39.847097],[27.282083,39.847322],[27.281973,39.847519],[27.281899,39.847679],[27.281629,39.847573],[27.281215,39.847423],[27.280846,39.847283],[27.280378,39.847071],[27.279823,39.846845],[27.279675,39.846872],[27.279549,39.846947],[27.279404,39.847089],[27.279241,39.847293],[27.279069,39.847431],[27.278819,39.847492],[27.27875,39.847542],[27.278582,39.847487],[27.277941,39.847517],[27.277709,39.848162],[27.27705,39.848024],[27.276872,39.848033],[27.276771,39.848111],[27.276673,39.848237],[27.276701,39.848468],[27.276409,39.848438],[27.276415,39.848729],[27.276359,39.848806],[27.276015,39.848776],[27.275824,39.848677],[27.275732,39.848687],[27.275654,39.848775],[27.275397,39.848875],[27.274918,39.849059],[27.274951,39.84929],[27.274736,39.84937],[27.274528,39.84947],[27.274519,39.849514],[27.27443,39.849602],[27.274277,39.849663],[27.273618,39.849981],[27.272855,39.849775],[27.272502,39.850401],[27.272499,39.850487],[27.272046,39.850311],[27.271632,39.850117],[27.271452,39.850266],[27.271483,39.850443],[27.27157,39.85064],[27.27161,39.850668],[27.271908,39.850911],[27.271874,39.85126],[27.271774,39.851508],[27.2717,39.851699],[27.27155,39.851909],[27.271217,39.852013],[27.271044,39.85212],[27.270978,39.852214],[27.270798,39.852342],[27.270816,39.852559],[27.270849,39.852813],[27.270842,39.85291],[27.270756,39.853122],[27.270868,39.853291],[27.27095,39.853415],[27.271,39.853573],[27.271045,39.853666],[27.271108,39.853801],[27.271254,39.853977],[27.271577,39.854277],[27.271758,39.854341],[27.27183,39.854332],[27.272324,39.854182],[27.272588,39.854747],[27.27278,39.855056],[27.272466,39.855087],[27.272279,39.855452],[27.272279,39.855943],[27.272549,39.856124],[27.272696,39.856421],[27.27273,39.856777],[27.27277,39.856893],[27.272842,39.857114],[27.272935,39.857408],[27.272795,39.857947],[27.272573,39.858906],[27.27337,39.860405],[27.272791,39.861558],[27.27226,39.862246],[27.27165,39.862895],[27.270541,39.863258],[27.269701,39.863775],[27.269108,39.863929],[27.267133,39.86481],[27.266442,39.865327],[27.266147,39.865747],[27.265678,39.865957],[27.265184,39.866168],[27.264096,39.866438],[27.262935,39.866783],[27.260913,39.868732],[27.257015,39.871505],[27.255584,39.872519],[27.255252,39.876504],[27.255216,39.876995],[27.255607,39.878336],[27.256716,39.879626],[27.257595,39.880665],[27.259077,39.88248],[27.261057,39.883989],[27.263236,39.885544],[27.266001,39.886476],[27.266179,39.886525],[27.268503,39.887087],[27.268998,39.887197],[27.270556,39.886869],[27.272376,39.886514],[27.275341,39.885291],[27.278051,39.880072],[27.279002,39.879014],[27.279,39.878492],[27.279102,39.877954],[27.279313,39.877603],[27.280151,39.876807],[27.280773,39.876406],[27.28308,39.875359],[27.284331,39.874786],[27.286331,39.874199],[27.28722,39.873867],[27.28816,39.873686],[27.288605,39.873584],[27.288971,39.873265],[27.290432,39.872728],[27.290895,39.871916],[27.291098,39.870387],[27.291773,39.868882],[27.293473,39.867277],[27.2971,39.865009],[27.298992,39.864861]],[[27.276089,39.862548],[27.276116,39.862451],[27.276203,39.862451],[27.276357,39.862384],[27.276377,39.862225],[27.27653,39.862184],[27.276698,39.86202],[27.276691,39.861661],[27.276604,39.861425],[27.276664,39.861369],[27.276871,39.860953],[27.277118,39.860763],[27.277245,39.860517],[27.277165,39.86023],[27.277038,39.859896],[27.276798,39.859927],[27.276537,39.859896],[27.276397,39.859825],[27.276163,39.85984],[27.276196,39.85966],[27.276317,39.859671],[27.276477,39.859548],[27.276584,39.859399],[27.277813,39.85924],[27.278007,39.859281],[27.278709,39.859168],[27.278836,39.859096],[27.279063,39.859086],[27.279203,39.859491],[27.279116,39.859799],[27.279103,39.859968],[27.279431,39.86005],[27.279564,39.860271],[27.279811,39.860543],[27.279972,39.860492],[27.280179,39.860492],[27.280399,39.860517],[27.280339,39.860615],[27.280165,39.860568],[27.279972,39.860635],[27.279918,39.86081],[27.279744,39.860763],[27.279537,39.860835],[27.279344,39.86084],[27.279223,39.861056],[27.27913,39.86085],[27.279056,39.860897],[27.27909,39.861035],[27.278916,39.861071],[27.278735,39.861343],[27.278776,39.861451],[27.278809,39.861615],[27.278729,39.861697],[27.278669,39.861615],[27.278495,39.861528],[27.278301,39.861512],[27.277967,39.861286],[27.277787,39.861451],[27.277813,39.861553],[27.277787,39.861692],[27.277887,39.861871],[27.278141,39.862123],[27.278221,39.862323],[27.278114,39.86221],[27.277987,39.8622],[27.277653,39.862051],[27.277319,39.862153],[27.277232,39.862328],[27.277045,39.862507],[27.276931,39.862548],[27.276751,39.862774],[27.27643,39.862789],[27.27617,39.862907],[27.275675,39.863102],[27.275455,39.86342],[27.275381,39.863323],[27.275408,39.863148],[27.275555,39.863041],[27.275749,39.862789],[27.275969,39.862676],[27.276057,39.862609],[27.276089,39.862548]]]}},{"type":"Feature","properties":{"id":"TR-Y-17-012-K-0002","level":"yerlesim","type":"mahalle","parent_id":"TR-D-17-012","province_id":"TR-P-17","district_id":"TR-D-17-012","name":"Akçakoyun","source_raw_name":"Akçakoyun","source":"Kullanıcı tarafından sağlanan KML","source_label":"Kullanıcı tarafından sağlanan KML","source_name":"Canakkale Mahalle KML - kullanici tarafindan saglandi"},"geometry":{"type":"Polygon","coordinates":[[[27.185799,39.832056],[27.190803,39.831674],[27.192635,39.831891],[27.193782,39.829761],[27.193732,39.829442],[27.193911,39.829451],[27.194108,39.829412],[27.194708,39.82945],[27.195141,39.829463],[27.195228,39.829596],[27.195308,39.829572],[27.195382,39.829539],[27.195784,39.829433],[27.19595,39.829262],[27.194825,39.829206],[27.194855,39.829011],[27.194954,39.828853],[27.195027,39.828639],[27.194964,39.828205],[27.195062,39.827929],[27.195019,39.827829],[27.194512,39.827748],[27.194578,39.826948],[27.194899,39.826852],[27.195177,39.826913],[27.195369,39.826975],[27.195474,39.826984],[27.195504,39.826775],[27.195355,39.826455],[27.19507,39.826313],[27.194594,39.826271],[27.194556,39.825999],[27.194291,39.826028],[27.193629,39.825853],[27.193406,39.825787],[27.193132,39.825168],[27.193632,39.824967],[27.193657,39.824924],[27.193681,39.824676],[27.193743,39.824609],[27.194052,39.82457],[27.19444,39.824346],[27.194774,39.824183],[27.195311,39.823901],[27.195767,39.823571],[27.196427,39.823132],[27.195604,39.822633],[27.195424,39.822462],[27.195781,39.822316],[27.192109,39.822365],[27.1887,39.816637],[27.186602,39.814394],[27.183213,39.811954],[27.1866,39.810263],[27.185124,39.80933],[27.18475,39.809766],[27.183462,39.809089],[27.1835,39.808517],[27.181867,39.807902],[27.18145,39.807163],[27.177286,39.806437],[27.174953,39.806532],[27.174686,39.806518],[27.174438,39.806411],[27.174023,39.806488],[27.173885,39.806458],[27.173539,39.806435],[27.173459,39.806397],[27.173073,39.80607],[27.172964,39.806116],[27.172935,39.806307],[27.172688,39.806292],[27.172243,39.80627],[27.171917,39.806331],[27.171492,39.806217],[27.171115,39.805966],[27.170739,39.805936],[27.170532,39.805914],[27.170343,39.805746],[27.170521,39.805517],[27.170679,39.805334],[27.170599,39.805288],[27.170243,39.805159],[27.169522,39.805214],[27.168601,39.804727],[27.168175,39.804346],[27.167017,39.803791],[27.166492,39.803495],[27.166354,39.803624],[27.165988,39.803564],[27.165602,39.803343],[27.165195,39.802894],[27.164829,39.802597],[27.164502,39.802445],[27.164059,39.802926],[27.163524,39.802614],[27.163247,39.802508],[27.163246,39.802218],[27.163097,39.802005],[27.162949,39.801929],[27.163038,39.801791],[27.162532,39.801281],[27.162165,39.800862],[27.162146,39.800761],[27.161612,39.801016],[27.16105,39.80139],[27.160734,39.801574],[27.158842,39.800112],[27.158723,39.800005],[27.158476,39.800052],[27.15814,39.79993],[27.158021,39.799823],[27.157912,39.799633],[27.157822,39.799572],[27.157821,39.79916],[27.15785,39.798878],[27.15787,39.79855],[27.158374,39.798725],[27.158522,39.798412],[27.158304,39.798344],[27.158176,39.798359],[27.158136,39.798237],[27.158284,39.798031],[27.158441,39.797794],[27.158209,39.79754],[27.157949,39.79745],[27.15785,39.797345],[27.15727,39.797651],[27.156985,39.797118],[27.157003,39.796908],[27.157151,39.79676],[27.157052,39.796698],[27.156335,39.796699],[27.155864,39.796085],[27.15558,39.796024],[27.155475,39.795957],[27.155363,39.795948],[27.155308,39.796076],[27.15485,39.795724],[27.154326,39.795978],[27.154109,39.796054],[27.154016,39.795887],[27.153633,39.795878],[27.153368,39.795855],[27.153429,39.795707],[27.153348,39.795593],[27.153268,39.79545],[27.153249,39.795359],[27.153243,39.795307],[27.153391,39.795202],[27.153879,39.795254],[27.153941,39.795206],[27.153971,39.794992],[27.154027,39.794891],[27.154138,39.794829],[27.154663,39.79491],[27.154718,39.794838],[27.154724,39.794652],[27.154619,39.794471],[27.154557,39.794328],[27.154823,39.794476],[27.154941,39.794714],[27.154997,39.794876],[27.155176,39.795028],[27.155454,39.795099],[27.155948,39.795099],[27.155979,39.795141],[27.155986,39.795227],[27.156079,39.795246],[27.156326,39.795165],[27.156449,39.795112],[27.156362,39.794974],[27.156356,39.794903],[27.156343,39.794664],[27.156509,39.794373],[27.156552,39.79433],[27.15704,39.794373],[27.157077,39.794358],[27.157133,39.794258],[27.157331,39.794251],[27.157399,39.794227],[27.157439,39.794134],[27.157509,39.793869],[27.157682,39.793736],[27.157795,39.793371],[27.1579,39.793118],[27.157788,39.793066],[27.157504,39.79304],[27.157028,39.793057],[27.15692,39.793086],[27.156859,39.793153],[27.156868,39.793289],[27.156841,39.79331],[27.156529,39.793387],[27.156269,39.793423],[27.156047,39.793445],[27.155948,39.793292],[27.155812,39.793307],[27.15571,39.793295],[27.155614,39.793212],[27.155222,39.793353],[27.155213,39.79342],[27.155284,39.793603],[27.154883,39.793565],[27.154781,39.793649],[27.154701,39.793783],[27.154572,39.79399],[27.154547,39.794231],[27.154303,39.794024],[27.154148,39.793879],[27.154145,39.793855],[27.153965,39.793712],[27.153903,39.793579],[27.153882,39.793488],[27.153844,39.7934],[27.153764,39.793386],[27.153378,39.793546],[27.153128,39.793694],[27.153122,39.793751],[27.152977,39.793832],[27.152736,39.793975],[27.152503,39.794198],[27.152455,39.794301],[27.152297,39.794404],[27.152177,39.794411],[27.15213,39.79438],[27.152048,39.794465],[27.151914,39.794562],[27.15184,39.7946],[27.151785,39.794677],[27.151652,39.794777],[27.151435,39.794804],[27.15129,39.79484],[27.151021,39.794915],[27.150827,39.795005],[27.150539,39.795008],[27.15028,39.795001],[27.150033,39.794983],[27.149758,39.794983],[27.149306,39.794911],[27.149151,39.794821],[27.14903,39.794771],[27.148994,39.794691],[27.148898,39.794741],[27.148688,39.794661],[27.148496,39.794551],[27.148344,39.794432],[27.148175,39.794439],[27.148051,39.794234],[27.14798,39.794111],[27.147884,39.794142],[27.147791,39.794232],[27.147733,39.794261],[27.147591,39.794259],[27.147368,39.794197],[27.147152,39.794267],[27.147115,39.794257],[27.146812,39.794067],[27.146435,39.793858],[27.146116,39.79392],[27.145505,39.794018],[27.14527,39.79405],[27.145103,39.794028],[27.144955,39.793852],[27.144924,39.793705],[27.144713,39.79361],[27.144614,39.793521],[27.144525,39.793417],[27.144435,39.793379],[27.144228,39.793548],[27.144086,39.793546],[27.14409,39.793801],[27.144124,39.793925],[27.144063,39.794132],[27.143992,39.794185],[27.143498,39.794629],[27.143399,39.794529],[27.143001,39.794679],[27.142621,39.794749],[27.142448,39.794723],[27.142109,39.794814],[27.14184,39.794847],[27.141599,39.794819],[27.141401,39.794695],[27.140968,39.794653],[27.141017,39.794465],[27.140949,39.794331],[27.140668,39.794244],[27.1406,39.794172],[27.140322,39.794106],[27.140093,39.794073],[27.139979,39.794111],[27.139441,39.793852],[27.139339,39.793812],[27.13916,39.793793],[27.138764,39.79366],[27.13852,39.793727],[27.138325,39.793741],[27.138081,39.793644],[27.137648,39.793568],[27.137358,39.793549],[27.136654,39.793567],[27.136417,39.794175],[27.134329,39.792731],[27.133302,39.792046],[27.131227,39.790679],[27.13108,39.790979],[27.131024,39.791008],[27.130857,39.791058],[27.130777,39.791137],[27.130709,39.791223],[27.130756,39.791344],[27.130821,39.79147],[27.130828,39.791718],[27.130819,39.791842],[27.130865,39.791971],[27.131091,39.792278],[27.131246,39.792559],[27.131268,39.792657],[27.131225,39.792728],[27.131163,39.792738],[27.131037,39.792714],[27.130975,39.792719],[27.130969,39.792774],[27.130981,39.792819],[27.131142,39.793086],[27.131235,39.793186],[27.131894,39.793569],[27.132073,39.793718],[27.132278,39.794004],[27.13229,39.794064],[27.1323,39.794252],[27.132285,39.794285],[27.132285,39.794304],[27.132158,39.794419],[27.132201,39.794464],[27.132575,39.794514],[27.132925,39.794635],[27.133132,39.794866],[27.133225,39.795013],[27.133265,39.795035],[27.133463,39.795292],[27.133829,39.795659],[27.133517,39.79558],[27.132816,39.795924],[27.131742,39.796345],[27.130581,39.796813],[27.129454,39.797248],[27.128062,39.7978],[27.127886,39.798103],[27.127776,39.798253],[27.127541,39.798509],[27.12752,39.798573],[27.127285,39.798728],[27.127171,39.798716],[27.126926,39.798512],[27.126818,39.798495],[27.126686,39.798624],[27.126859,39.798976],[27.126154,39.799949],[27.126111,39.800027],[27.12637,39.800241],[27.126643,39.800474],[27.126643,39.800573],[27.126525,39.800809],[27.126525,39.800977],[27.126654,39.801061],[27.126931,39.801152],[27.12701,39.801213],[27.12704,39.801411],[27.126971,39.801564],[27.127051,39.801815],[27.127061,39.801972],[27.126876,39.802297],[27.126885,39.80238],[27.127008,39.802357],[27.127487,39.802227],[27.128673,39.801844],[27.12892,39.801698],[27.129003,39.801656],[27.129036,39.801639],[27.128444,39.802243],[27.128885,39.802166],[27.129046,39.802889],[27.129014,39.802898],[27.128946,39.802922],[27.129003,39.803737],[27.128906,39.80449],[27.129024,39.805005],[27.128981,39.805138],[27.128858,39.8052],[27.128302,39.805273],[27.128184,39.80533],[27.128055,39.805483],[27.127944,39.80553],[27.12774,39.805507],[27.127753,39.805812],[27.127938,39.805769],[27.128148,39.805807],[27.128297,39.805878],[27.128408,39.805854],[27.128519,39.805892],[27.128569,39.806225],[27.128576,39.806378],[27.128885,39.80654],[27.128959,39.806473],[27.12912,39.806415],[27.129256,39.806544],[27.129386,39.806739],[27.12959,39.80702],[27.129968,39.807401],[27.130506,39.807887],[27.130606,39.808058],[27.130612,39.808296],[27.130521,39.809216],[27.130404,39.809412],[27.12996,39.809593],[27.129849,39.809746],[27.129819,39.810123],[27.129919,39.810871],[27.130055,39.811161],[27.12924,39.811317],[27.12881,39.811443],[27.128372,39.811552],[27.128121,39.811764],[27.129575,39.812208],[27.129849,39.812242],[27.130821,39.812098],[27.130813,39.81199],[27.130791,39.811973],[27.130798,39.81183],[27.130864,39.811498],[27.13076,39.811252],[27.131679,39.811085],[27.131679,39.811005],[27.131731,39.810971],[27.132109,39.810999],[27.132205,39.810856],[27.132368,39.810673],[27.132086,39.810427],[27.132374,39.810272],[27.132619,39.810215],[27.133392,39.810877],[27.133036,39.811095],[27.135345,39.812574],[27.135457,39.812774],[27.135398,39.81306],[27.135131,39.813203],[27.135036,39.813621],[27.136935,39.814116],[27.136485,39.81494],[27.136507,39.815209],[27.136649,39.815592],[27.136101,39.81613],[27.137125,39.816249],[27.137288,39.816432],[27.137704,39.816506],[27.138357,39.816751],[27.138498,39.816922],[27.138521,39.816934],[27.138832,39.816939],[27.139099,39.817036],[27.139337,39.817281],[27.139567,39.817436],[27.139582,39.817224],[27.139767,39.817292],[27.139938,39.817292],[27.140056,39.81704],[27.140056,39.816794],[27.13998,39.816354],[27.140128,39.815965],[27.140365,39.815753],[27.14061,39.815736],[27.140728,39.815718],[27.140847,39.815621],[27.140854,39.815472],[27.140979,39.815238],[27.141002,39.815632],[27.140936,39.815747],[27.140603,39.816073],[27.140581,39.816188],[27.140552,39.816537],[27.140382,39.816926],[27.140412,39.817274],[27.140584,39.817503],[27.14123,39.818194],[27.141425,39.819086],[27.141292,39.819618],[27.141302,39.820482],[27.141317,39.820705],[27.141481,39.820951],[27.141711,39.821036],[27.142015,39.821041],[27.14223,39.821098],[27.142394,39.821436],[27.142521,39.821881],[27.142507,39.822373],[27.142523,39.822694],[27.142619,39.822871],[27.142642,39.823048],[27.14245,39.823563],[27.142236,39.823866],[27.141865,39.82417],[27.141777,39.82465],[27.142877,39.825307],[27.144094,39.825597],[27.145141,39.826156],[27.146128,39.826681],[27.147145,39.827126],[27.149579,39.828307],[27.149649,39.828323],[27.153734,39.828995],[27.158692,39.829608],[27.171031,39.831385],[27.17497,39.832569],[27.178235,39.833059],[27.181776,39.832894],[27.185799,39.832056]]]}},{"type":"Feature","properties":{"id":"TR-Y-17-012-K-0003","level":"yerlesim","type":"mahalle","parent_id":"TR-D-17-012","province_id":"TR-P-17","district_id":"TR-D-17-012","name":"Akköy","source_raw_name":"Akköy","source":"Kullanıcı tarafından sağlanan KML","source_label":"Kullanıcı tarafından sağlanan KML","source_name":"Canakkale Mahalle KML - kullanici tarafindan saglandi"},"geometry":{"type":"Polygon","coordinates":[[[27.1878,39.809663],[27.188508,39.80931],[27.19105,39.808334],[27.192321,39.807521],[27.193982,39.806508],[27.194548,39.805868],[27.194487,39.805851],[27.193979,39.80568],[27.193356,39.805556],[27.192256,39.80547],[27.191246,39.805655],[27.189425,39.805806],[27.188972,39.806049],[27.18863,39.806016],[27.188322,39.806147],[27.187707,39.805976],[27.187425,39.806036],[27.186835,39.806022],[27.186048,39.805773],[27.185475,39.805668],[27.185065,39.805287],[27.18474,39.805274],[27.184372,39.805011],[27.184159,39.805149],[27.183569,39.804991],[27.182893,39.804985],[27.182927,39.804505],[27.18256,39.804236],[27.181602,39.804262],[27.181594,39.804098],[27.182243,39.803993],[27.182423,39.804026],[27.18297,39.803848],[27.183722,39.804072],[27.184321,39.80419],[27.185073,39.804131],[27.18539,39.804407],[27.185911,39.804407],[27.186245,39.804545],[27.186484,39.804742],[27.186692,39.804763],[27.187427,39.805092],[27.188085,39.804632],[27.188539,39.804573],[27.189128,39.803988],[27.189231,39.80362],[27.189077,39.803456],[27.188855,39.803456],[27.188496,39.803351],[27.187102,39.802602],[27.187342,39.80209],[27.187786,39.802037],[27.188008,39.802215],[27.188333,39.802129],[27.188684,39.802445],[27.189445,39.802504],[27.189898,39.802254],[27.190479,39.802326],[27.190847,39.802261],[27.191163,39.802668],[27.191428,39.802786],[27.191984,39.802773],[27.192232,39.802569],[27.192497,39.802156],[27.192489,39.801827],[27.1926,39.801768],[27.192583,39.801361],[27.192967,39.801821],[27.192993,39.801952],[27.193301,39.802188],[27.193472,39.80251],[27.193403,39.802872],[27.193455,39.803029],[27.193908,39.803016],[27.194036,39.802806],[27.193882,39.802583],[27.193831,39.802267],[27.193831,39.801683],[27.193976,39.801394],[27.193976,39.801578],[27.194216,39.801873],[27.194344,39.801873],[27.19531,39.802609],[27.195789,39.803148],[27.196028,39.80295],[27.195968,39.802405],[27.196251,39.802057],[27.196362,39.801466],[27.196319,39.801046],[27.196464,39.80098],[27.196746,39.801282],[27.196858,39.802136],[27.196969,39.80228],[27.196866,39.802596],[27.196952,39.802852],[27.197064,39.803024],[27.197404,39.802639],[27.196345,39.798246],[27.193803,39.793527],[27.202833,39.796662],[27.203021,39.796757],[27.20341,39.796317],[27.203426,39.796276],[27.203447,39.796205],[27.203465,39.796119],[27.203412,39.795981],[27.203307,39.795767],[27.203065,39.795619],[27.202887,39.795516],[27.202646,39.795308],[27.202296,39.794979],[27.202147,39.794797],[27.202024,39.794565],[27.201975,39.794288],[27.20183,39.794005],[27.201395,39.793614],[27.201278,39.794132],[27.201021,39.794956],[27.200646,39.794899],[27.200376,39.794926],[27.200183,39.794734],[27.200012,39.794652],[27.1999,39.794555],[27.199606,39.794123],[27.199439,39.793978],[27.199465,39.793923],[27.199494,39.793889],[27.199516,39.79382],[27.199382,39.793572],[27.199593,39.793403],[27.198233,39.792278],[27.198503,39.792124],[27.199335,39.791493],[27.199402,39.791484],[27.199557,39.791361],[27.199345,39.791147],[27.199219,39.790958],[27.199081,39.790678],[27.199129,39.790624],[27.199062,39.790381],[27.198668,39.790061],[27.198742,39.789996],[27.198804,39.78987],[27.198974,39.789701],[27.199392,39.789391],[27.199547,39.789185],[27.199651,39.789113],[27.199762,39.789073],[27.199943,39.788678],[27.199783,39.788493],[27.199934,39.788418],[27.200053,39.788332],[27.20013,39.788255],[27.200182,39.788097],[27.200292,39.787923],[27.200381,39.787817],[27.199869,39.787623],[27.199713,39.787569],[27.199587,39.787443],[27.199476,39.787426],[27.19926,39.787301],[27.199141,39.787184],[27.199122,39.787072],[27.199152,39.786944],[27.199203,39.786812],[27.199199,39.786641],[27.199021,39.786627],[27.198784,39.786738],[27.198632,39.786762],[27.198499,39.786742],[27.198413,39.786705],[27.198324,39.786579],[27.198194,39.786559],[27.197861,39.786663],[27.197783,39.786623],[27.197753,39.786509],[27.197764,39.786451],[27.197786,39.786406],[27.197875,39.786363],[27.197986,39.786359],[27.19822,39.786356],[27.198286,39.786373],[27.198327,39.786408],[27.198461,39.786424],[27.198687,39.786373],[27.198809,39.786375],[27.198761,39.786295],[27.198423,39.786067],[27.198207,39.78589],[27.198048,39.785882],[27.197507,39.786071],[27.197377,39.785883],[27.197533,39.785834],[27.19722,39.78526],[27.19716,39.785208],[27.197052,39.785146],[27.196926,39.785014],[27.196773,39.784749],[27.196583,39.784417],[27.196501,39.784189],[27.196434,39.783949],[27.196241,39.783795],[27.196014,39.7836],[27.195928,39.783506],[27.195573,39.783581],[27.195424,39.783456],[27.195175,39.783224],[27.194908,39.783099],[27.194693,39.783062],[27.194638,39.783225],[27.19459,39.783263],[27.194067,39.783223],[27.193759,39.783224],[27.193459,39.783159],[27.193236,39.783088],[27.192557,39.782843],[27.192524,39.782809],[27.192161,39.782792],[27.192075,39.782778],[27.191957,39.782686],[27.191867,39.782638],[27.191679,39.782673],[27.191497,39.782724],[27.191086,39.782757],[27.191026,39.782745],[27.190952,39.782682],[27.190873,39.782305],[27.190814,39.782251],[27.190747,39.782217],[27.190402,39.781931],[27.189911,39.781435],[27.189725,39.781283],[27.189528,39.781161],[27.189376,39.781089],[27.189324,39.781041],[27.188757,39.780819],[27.187629,39.78038],[27.187532,39.780375],[27.18725,39.780295],[27.187117,39.780238],[27.186575,39.779967],[27.186226,39.779739],[27.186066,39.779633],[27.185658,39.779491],[27.185632,39.779457],[27.185665,39.779374],[27.185477,39.779526],[27.185247,39.779638],[27.184917,39.779404],[27.184757,39.779318],[27.184312,39.779219],[27.184242,39.779176],[27.184315,39.778967],[27.183625,39.778677],[27.183525,39.778808],[27.183414,39.778871],[27.183344,39.778897],[27.18314,39.778912],[27.182988,39.778849],[27.182877,39.778795],[27.182402,39.778673],[27.18218,39.778584],[27.182079,39.778545],[27.18199,39.77853],[27.181938,39.77827],[27.181511,39.778185],[27.181215,39.778128],[27.180848,39.778123],[27.18034,39.778067],[27.179932,39.778027],[27.17971,39.778028],[27.179524,39.778022],[27.179328,39.77798],[27.179268,39.77792],[27.179038,39.777809],[27.178282,39.777521],[27.177918,39.777381],[27.177699,39.777222],[27.177524,39.777059],[27.177383,39.776919],[27.177309,39.776836],[27.177045,39.776694],[27.176871,39.776602],[27.173883,39.776],[27.172044,39.775728],[27.170262,39.774312],[27.168181,39.77189],[27.166636,39.770428],[27.166097,39.768416],[27.164196,39.766634],[27.161109,39.765037],[27.157134,39.763807],[27.153574,39.762531],[27.150253,39.762101],[27.146692,39.760275],[27.146087,39.754557],[27.147699,39.745747],[27.149301,39.733048],[27.148843,39.726415],[27.145724,39.722873],[27.140232,39.717275],[27.137412,39.714418],[27.134309,39.703632],[27.132137,39.70372],[27.126539,39.703002],[27.123563,39.701956],[27.121052,39.70175],[27.117902,39.701302],[27.115459,39.700963],[27.109876,39.70191],[27.109871,39.701913],[27.109869,39.701914],[27.107956,39.703452],[27.105333,39.704809],[27.104157,39.705516],[27.101942,39.70606],[27.101939,39.706064],[27.101935,39.706065],[27.100829,39.707242],[27.100425,39.708964],[27.10043,39.708966],[27.097482,39.713713],[27.098417,39.720623],[27.102748,39.727769],[27.107704,39.739679],[27.115128,39.749204],[27.125581,39.760127],[27.126341,39.760403],[27.126696,39.760495],[27.126593,39.76085],[27.126505,39.761239],[27.126427,39.762482],[27.126755,39.763805],[27.127257,39.764692],[27.129328,39.766223],[27.129787,39.766966],[27.130585,39.767623],[27.130722,39.768448],[27.131279,39.769324],[27.130839,39.770311],[27.130819,39.770837],[27.130808,39.771152],[27.13082,39.771228],[27.131192,39.77179],[27.131267,39.77239],[27.131115,39.773251],[27.131202,39.7743],[27.131345,39.774342],[27.131425,39.774576],[27.13176,39.774923],[27.131785,39.775143],[27.131637,39.775586],[27.131718,39.775777],[27.131613,39.775939],[27.131313,39.777145],[27.130856,39.777517],[27.130648,39.778204],[27.129853,39.779229],[27.128423,39.781123],[27.126267,39.783937],[27.125428,39.785057],[27.124818,39.785875],[27.124687,39.786856],[27.124793,39.786961],[27.124947,39.786973],[27.125342,39.786858],[27.125472,39.786882],[27.125719,39.787041],[27.126004,39.787079],[27.126307,39.787284],[27.126662,39.787548],[27.126934,39.787707],[27.127436,39.78845],[27.12773,39.788795],[27.128021,39.789124],[27.128495,39.789669],[27.128764,39.789912],[27.128971,39.790081],[27.129027,39.790083],[27.129253,39.790204],[27.12937,39.790199],[27.12962,39.790156],[27.130003,39.790084],[27.130411,39.790048],[27.130723,39.790062],[27.130973,39.790179],[27.131054,39.790395],[27.131227,39.790679],[27.133302,39.792046],[27.134329,39.792731],[27.136417,39.794175],[27.136654,39.793567],[27.137358,39.793549],[27.137648,39.793568],[27.138081,39.793644],[27.138325,39.793741],[27.13852,39.793727],[27.138764,39.79366],[27.13916,39.793793],[27.139339,39.793812],[27.139441,39.793852],[27.139979,39.794111],[27.140093,39.794073],[27.140322,39.794106],[27.1406,39.794172],[27.140668,39.794244],[27.140949,39.794331],[27.141017,39.794465],[27.140968,39.794653],[27.141401,39.794695],[27.141599,39.794819],[27.14184,39.794847],[27.142109,39.794814],[27.142448,39.794723],[27.142621,39.794749],[27.143001,39.794679],[27.143399,39.794529],[27.143498,39.794629],[27.143992,39.794185],[27.144063,39.794132],[27.144124,39.793925],[27.14409,39.793801],[27.144086,39.793546],[27.144228,39.793548],[27.144435,39.793379],[27.144525,39.793417],[27.144614,39.793521],[27.144713,39.79361],[27.144924,39.793705],[27.144955,39.793852],[27.145103,39.794028],[27.14527,39.79405],[27.145505,39.794018],[27.146116,39.79392],[27.146435,39.793858],[27.146812,39.794067],[27.147115,39.794257],[27.147152,39.794267],[27.147368,39.794197],[27.147591,39.794259],[27.147733,39.794261],[27.147791,39.794232],[27.147884,39.794142],[27.14798,39.794111],[27.148051,39.794234],[27.148175,39.794439],[27.148344,39.794432],[27.148496,39.794551],[27.148688,39.794661],[27.148898,39.794741],[27.148994,39.794691],[27.14903,39.794771],[27.149151,39.794821],[27.149306,39.794911],[27.149758,39.794983],[27.150033,39.794983],[27.15028,39.795001],[27.150539,39.795008],[27.150827,39.795005],[27.151021,39.794915],[27.15129,39.79484],[27.151435,39.794804],[27.151652,39.794777],[27.151785,39.794677],[27.15184,39.7946],[27.151914,39.794562],[27.152048,39.794465],[27.15213,39.79438],[27.152177,39.794411],[27.152297,39.794404],[27.152455,39.794301],[27.152503,39.794198],[27.152736,39.793975],[27.152977,39.793832],[27.153122,39.793751],[27.153128,39.793694],[27.153378,39.793546],[27.153764,39.793386],[27.153844,39.7934],[27.153882,39.793488],[27.153903,39.793579],[27.153965,39.793712],[27.154145,39.793855],[27.154148,39.793879],[27.154303,39.794024],[27.154547,39.794231],[27.154572,39.79399],[27.154701,39.793783],[27.154781,39.793649],[27.154883,39.793565],[27.155284,39.793603],[27.155213,39.79342],[27.155222,39.793353],[27.155614,39.793212],[27.15571,39.793295],[27.155812,39.793307],[27.155948,39.793292],[27.156047,39.793445],[27.156269,39.793423],[27.156529,39.793387],[27.156841,39.79331],[27.156868,39.793289],[27.156859,39.793153],[27.15692,39.793086],[27.157028,39.793057],[27.157504,39.79304],[27.157788,39.793066],[27.1579,39.793118],[27.157795,39.793371],[27.157682,39.793736],[27.157509,39.793869],[27.157439,39.794134],[27.157399,39.794227],[27.157331,39.794251],[27.157133,39.794258],[27.157077,39.794358],[27.15704,39.794373],[27.156552,39.79433],[27.156509,39.794373],[27.156343,39.794664],[27.156356,39.794903],[27.156362,39.794974],[27.156449,39.795112],[27.156326,39.795165],[27.156079,39.795246],[27.155986,39.795227],[27.155979,39.795141],[27.155948,39.795099],[27.155454,39.795099],[27.155176,39.795028],[27.154997,39.794876],[27.154941,39.794714],[27.154823,39.794476],[27.154557,39.794328],[27.154619,39.794471],[27.154724,39.794652],[27.154718,39.794838],[27.154663,39.79491],[27.154138,39.794829],[27.154027,39.794891],[27.153971,39.794992],[27.153941,39.795206],[27.153879,39.795254],[27.153391,39.795202],[27.153243,39.795307],[27.153249,39.795359],[27.153268,39.79545],[27.153348,39.795593],[27.153429,39.795707],[27.153368,39.795855],[27.153633,39.795878],[27.154016,39.795887],[27.154109,39.796054],[27.154326,39.795978],[27.15485,39.795724],[27.155308,39.796076],[27.155363,39.795948],[27.155475,39.795957],[27.15558,39.796024],[27.155864,39.796085],[27.156335,39.796699],[27.157052,39.796698],[27.157151,39.79676],[27.157003,39.796908],[27.156985,39.797118],[27.15727,39.797651],[27.15785,39.797345],[27.157949,39.79745],[27.158209,39.79754],[27.158441,39.797794],[27.158284,39.798031],[27.158136,39.798237],[27.158176,39.798359],[27.158304,39.798344],[27.158522,39.798412],[27.158374,39.798725],[27.15787,39.79855],[27.15785,39.798878],[27.157821,39.79916],[27.157822,39.799572],[27.157912,39.799633],[27.158021,39.799823],[27.15814,39.79993],[27.158476,39.800052],[27.158723,39.800005],[27.158842,39.800112],[27.160734,39.801574],[27.16105,39.80139],[27.161612,39.801016],[27.162146,39.800761],[27.162165,39.800862],[27.162532,39.801281],[27.163038,39.801791],[27.162949,39.801929],[27.163097,39.802005],[27.163246,39.802218],[27.163247,39.802508],[27.163524,39.802614],[27.164059,39.802926],[27.164502,39.802445],[27.164829,39.802597],[27.165195,39.802894],[27.165602,39.803343],[27.165988,39.803564],[27.166354,39.803624],[27.166492,39.803495],[27.167017,39.803791],[27.168175,39.804346],[27.168601,39.804727],[27.169522,39.805214],[27.170243,39.805159],[27.170599,39.805288],[27.170679,39.805334],[27.170521,39.805517],[27.170343,39.805746],[27.170532,39.805914],[27.170739,39.805936],[27.171115,39.805966],[27.171492,39.806217],[27.171917,39.806331],[27.172243,39.80627],[27.172688,39.806292],[27.172935,39.806307],[27.172964,39.806116],[27.173073,39.80607],[27.173459,39.806397],[27.173539,39.806435],[27.173885,39.806458],[27.174023,39.806488],[27.174438,39.806411],[27.174686,39.806518],[27.174953,39.806532],[27.177286,39.806437],[27.18145,39.807163],[27.181867,39.807902],[27.1835,39.808517],[27.183462,39.809089],[27.18475,39.809766],[27.185124,39.80933],[27.1866,39.810263],[27.1878,39.809663]]]}},{"type":"Feature","properties":{"id":"TR-Y-17-012-K-0004","level":"yerlesim","type":"mahalle","parent_id":"TR-D-17-012","province_id":"TR-P-17","district_id":"TR-D-17-012","name":"Alancık","source_raw_name":"Alancık","source":"Kullanıcı tarafından sağlanan KML","source_label":"Kullanıcı tarafından sağlanan KML","source_name":"Canakkale Mahalle KML - kullanici tarafindan saglandi"},"geometry":{"type":"Polygon","coordinates":[[[27.399423,39.808408],[27.399886,39.808385],[27.400931,39.808388],[27.401386,39.808139],[27.401546,39.808005],[27.402101,39.80776],[27.402351,39.807697],[27.40257,39.807625],[27.40335,39.807357],[27.403483,39.807307],[27.403562,39.807223],[27.403593,39.807121],[27.403699,39.806827],[27.403691,39.806527],[27.403548,39.806334],[27.403746,39.805941],[27.403891,39.80537],[27.403799,39.804875],[27.40382,39.804808],[27.404378,39.80412],[27.404462,39.804096],[27.404678,39.804143],[27.405093,39.804356],[27.405416,39.804476],[27.405535,39.804498],[27.405822,39.804535],[27.406741,39.80454],[27.407385,39.804736],[27.407959,39.804882],[27.411462,39.803435],[27.412378,39.803794],[27.413448,39.803848],[27.414074,39.803173],[27.414357,39.802953],[27.414368,39.802682],[27.41457,39.802462],[27.415296,39.801882],[27.415774,39.801275],[27.415779,39.801042],[27.415685,39.800785],[27.415684,39.800666],[27.415732,39.800522],[27.41554,39.800309],[27.415241,39.799981],[27.415154,39.799843],[27.415151,39.799343],[27.414971,39.799205],[27.414828,39.799134],[27.414696,39.798663],[27.414713,39.798505],[27.414842,39.798367],[27.414559,39.797567],[27.413644,39.796341],[27.412173,39.794235],[27.411057,39.792618],[27.411296,39.790206],[27.411441,39.788604],[27.414628,39.789431],[27.415339,39.789557],[27.417936,39.789939],[27.419703,39.789894],[27.421253,39.789779],[27.422741,39.789726],[27.424137,39.789654],[27.425184,39.791471],[27.425788,39.792445],[27.426642,39.794657],[27.42747,39.795096],[27.427633,39.795084],[27.4278,39.795011],[27.428092,39.795003],[27.42834,39.795093],[27.428512,39.795051],[27.428785,39.795149],[27.428972,39.795079],[27.429829,39.795355],[27.433252,39.796535],[27.435015,39.797131],[27.437715,39.798036],[27.439592,39.798669],[27.439694,39.798345],[27.441047,39.79731],[27.443098,39.795758],[27.446142,39.793387],[27.44626,39.793264],[27.446605,39.79311],[27.446668,39.79298],[27.446914,39.792831],[27.44679,39.792717],[27.446754,39.792568],[27.446926,39.792343],[27.447128,39.792182],[27.447407,39.791849],[27.446947,39.79182],[27.446571,39.791684],[27.446377,39.791559],[27.446094,39.791255],[27.445839,39.790921],[27.445377,39.79053],[27.444604,39.790224],[27.444066,39.790222],[27.443813,39.790223],[27.443575,39.790102],[27.443456,39.789965],[27.443504,39.789801],[27.443479,39.789672],[27.443433,39.789428],[27.443777,39.789205],[27.443949,39.789048],[27.443953,39.788839],[27.443813,39.788668],[27.443283,39.788491],[27.442774,39.788416],[27.442516,39.788365],[27.442499,39.788318],[27.442599,39.788297],[27.442672,39.788272],[27.442794,39.788195],[27.442875,39.788146],[27.442951,39.788063],[27.442994,39.787989],[27.443041,39.787885],[27.44305,39.787712],[27.443034,39.787395],[27.443041,39.787262],[27.443109,39.787137],[27.443212,39.787054],[27.443271,39.787019],[27.443503,39.786953],[27.44374,39.786888],[27.443983,39.786827],[27.444101,39.786772],[27.444247,39.786663],[27.444388,39.786508],[27.444534,39.786354],[27.444655,39.786141],[27.444828,39.785835],[27.44491,39.785628],[27.445056,39.78529],[27.445169,39.785026],[27.445248,39.784877],[27.445404,39.784685],[27.445116,39.784518],[27.444401,39.783919],[27.444296,39.78385],[27.444144,39.78326],[27.444726,39.783018],[27.445035,39.782727],[27.445074,39.782639],[27.445617,39.782431],[27.445778,39.782125],[27.445136,39.782054],[27.444954,39.781983],[27.444649,39.781847],[27.444496,39.781662],[27.444358,39.781454],[27.444353,39.781308],[27.444051,39.781063],[27.443984,39.781046],[27.443765,39.780953],[27.443535,39.780945],[27.443461,39.780868],[27.443155,39.780638],[27.442813,39.780485],[27.442679,39.780348],[27.442589,39.780134],[27.442338,39.779846],[27.442119,39.779701],[27.441918,39.77965],[27.441729,39.779585],[27.441079,39.779405],[27.440645,39.77938],[27.440549,39.779369],[27.440489,39.779281],[27.440325,39.779164],[27.44018,39.779093],[27.440154,39.779068],[27.440102,39.778939],[27.439867,39.778809],[27.439885,39.778748],[27.43997,39.778665],[27.439951,39.778608],[27.43981,39.778509],[27.439839,39.778448],[27.439835,39.778363],[27.439641,39.778232],[27.43964,39.778046],[27.439761,39.777768],[27.4398,39.777559],[27.439609,39.777305],[27.439349,39.777141],[27.439178,39.777021],[27.439069,39.776853],[27.439063,39.776498],[27.439047,39.77633],[27.438864,39.776076],[27.437512,39.77669],[27.43651,39.77712],[27.436239,39.777127],[27.435461,39.777653],[27.43491,39.777904],[27.434622,39.777973],[27.433508,39.778284],[27.432677,39.778169],[27.432255,39.778265],[27.432081,39.778246],[27.432002,39.778123],[27.432084,39.77795],[27.432043,39.777911],[27.432043,39.777912],[27.431702,39.7776],[27.431514,39.77738],[27.431414,39.777248],[27.4313,39.777082],[27.431232,39.776947],[27.431219,39.776871],[27.431151,39.776621],[27.431053,39.776448],[27.430821,39.776194],[27.430697,39.77585],[27.430629,39.775734],[27.430088,39.775087],[27.429912,39.774921],[27.429745,39.774839],[27.429481,39.774782],[27.429318,39.774805],[27.429188,39.774871],[27.428992,39.774992],[27.428805,39.775084],[27.428666,39.775094],[27.428503,39.775079],[27.428351,39.774978],[27.428113,39.774872],[27.427933,39.774788],[27.427354,39.774346],[27.427158,39.774252],[27.426913,39.774152],[27.426742,39.774083],[27.426389,39.773909],[27.42633,39.773873],[27.425978,39.773646],[27.425726,39.773523],[27.425564,39.773439],[27.425377,39.773332],[27.4253,39.773255],[27.42526,39.773217],[27.425227,39.773165],[27.425167,39.773005],[27.425091,39.77289],[27.424983,39.772801],[27.424863,39.772747],[27.424708,39.772672],[27.42454,39.772627],[27.424362,39.772566],[27.424223,39.772527],[27.424104,39.772447],[27.423926,39.772223],[27.423847,39.772128],[27.423639,39.771973],[27.423513,39.771915],[27.423341,39.771873],[27.422984,39.77169],[27.422649,39.771612],[27.422536,39.771569],[27.422275,39.771451],[27.422172,39.771366],[27.421823,39.771019],[27.421679,39.770852],[27.421576,39.770742],[27.421258,39.770391],[27.421233,39.770313],[27.421244,39.77023],[27.421289,39.770116],[27.421271,39.770018],[27.421229,39.769933],[27.421164,39.769894],[27.421085,39.769866],[27.420885,39.769839],[27.420641,39.769785],[27.420485,39.769754],[27.420392,39.769742],[27.420243,39.769747],[27.420021,39.769735],[27.419801,39.769661],[27.419353,39.769489],[27.419121,39.769413],[27.418907,39.769361],[27.418474,39.769184],[27.418213,39.769083],[27.418041,39.769046],[27.417667,39.768907],[27.417362,39.7688],[27.417154,39.768715],[27.416935,39.768608],[27.416791,39.768527],[27.416641,39.768424],[27.41648,39.768293],[27.416345,39.768148],[27.416245,39.767996],[27.41621,39.767906],[27.416196,39.767774],[27.416144,39.76762],[27.416029,39.767495],[27.415855,39.767362],[27.415694,39.767245],[27.41559,39.767151],[27.41552,39.767036],[27.41549,39.766929],[27.415447,39.766854],[27.415353,39.766794],[27.41526,39.766776],[27.414954,39.766759],[27.414721,39.766671],[27.414615,39.766594],[27.414606,39.766605],[27.413267,39.768783],[27.411945,39.770858],[27.411221,39.771252],[27.411288,39.771855],[27.411148,39.77201],[27.41105,39.772411],[27.410814,39.772595],[27.410413,39.773091],[27.41003,39.773401],[27.409579,39.773749],[27.409311,39.774056],[27.409296,39.774101],[27.408976,39.774517],[27.408941,39.774763],[27.408852,39.774875],[27.408616,39.774996],[27.408587,39.775193],[27.408139,39.775776],[27.407685,39.775726],[27.407234,39.775632],[27.406937,39.775488],[27.406344,39.775456],[27.40593,39.775606],[27.405084,39.776284],[27.404872,39.776437],[27.404399,39.776698],[27.404292,39.776954],[27.403823,39.777798],[27.403042,39.778586],[27.401512,39.779789],[27.401369,39.779782],[27.399512,39.780112],[27.399181,39.780117],[27.396007,39.780677],[27.394364,39.781075],[27.392005,39.781686],[27.389413,39.782129],[27.389358,39.781878],[27.389094,39.781673],[27.388894,39.781174],[27.38874,39.781056],[27.388478,39.780973],[27.388428,39.780958],[27.388398,39.780828],[27.388387,39.780596],[27.388312,39.780516],[27.388089,39.780345],[27.387959,39.780045],[27.387805,39.779908],[27.38725,39.779658],[27.386909,39.779716],[27.38681,39.779701],[27.386612,39.779611],[27.386409,39.779562],[27.385766,39.779453],[27.385465,39.77942],[27.385113,39.779322],[27.384559,39.779198],[27.384135,39.779291],[27.384079,39.779388],[27.383318,39.781307],[27.383276,39.78155],[27.383525,39.781892],[27.383556,39.782011],[27.383208,39.782618],[27.383172,39.782808],[27.383228,39.782951],[27.383377,39.783165],[27.383597,39.783751],[27.383598,39.783903],[27.383773,39.784293],[27.383712,39.784436],[27.383899,39.784693],[27.383807,39.784922],[27.383907,39.785103],[27.383908,39.785284],[27.383831,39.785937],[27.383939,39.786409],[27.383904,39.786733],[27.383967,39.786985],[27.38416,39.787223],[27.384414,39.787461],[27.384695,39.787984],[27.385032,39.788626],[27.385096,39.788912],[27.385059,39.789079],[27.384874,39.789142],[27.384708,39.789252],[27.384094,39.789888],[27.38391,39.790189],[27.383894,39.790618],[27.384008,39.791151],[27.383962,39.791647],[27.383829,39.791817],[27.383432,39.792147],[27.383454,39.792568],[27.383399,39.792948],[27.383418,39.793241],[27.383399,39.793699],[27.383392,39.793909],[27.383408,39.794269],[27.383361,39.794437],[27.38316,39.794834],[27.383133,39.795022],[27.383013,39.795443],[27.382691,39.795738],[27.38256,39.795762],[27.382252,39.795805],[27.382173,39.795896],[27.382118,39.795874],[27.381818,39.796014],[27.381406,39.796246],[27.381239,39.796336],[27.380745,39.796515],[27.380479,39.796528],[27.379765,39.796483],[27.379523,39.796426],[27.379299,39.796352],[27.37879,39.796203],[27.378448,39.796156],[27.378231,39.796197],[27.378156,39.796281],[27.377995,39.796468],[27.377741,39.79667],[27.377559,39.796731],[27.377449,39.796729],[27.376488,39.797047],[27.376407,39.797111],[27.376414,39.797234],[27.376464,39.797287],[27.376668,39.797274],[27.376915,39.797359],[27.37707,39.797475],[27.377572,39.797762],[27.37774,39.797933],[27.377899,39.798204],[27.378201,39.798604],[27.378471,39.798836],[27.379372,39.799165],[27.379846,39.799454],[27.37994,39.799585],[27.3803,39.799857],[27.380538,39.799995],[27.380848,39.800194],[27.381369,39.80049],[27.382125,39.800826],[27.382667,39.801208],[27.382748,39.801229],[27.383057,39.801295],[27.383499,39.801341],[27.383543,39.801396],[27.38354,39.801443],[27.383759,39.801431],[27.384012,39.801437],[27.384343,39.801505],[27.384545,39.801681],[27.384818,39.801842],[27.384782,39.801985],[27.385143,39.802022],[27.385165,39.80201],[27.385183,39.801934],[27.385226,39.801921],[27.385341,39.80199],[27.385514,39.802078],[27.385663,39.802108],[27.385882,39.802124],[27.386213,39.802106],[27.386229,39.802197],[27.386416,39.802041],[27.386564,39.801996],[27.386667,39.802079],[27.386803,39.802069],[27.386942,39.802044],[27.387287,39.801927],[27.387401,39.801905],[27.387587,39.801952],[27.387769,39.802025],[27.387948,39.801977],[27.388029,39.801998],[27.388566,39.80191],[27.388986,39.801902],[27.389219,39.80207],[27.389498,39.802322],[27.389463,39.802615],[27.389396,39.80292],[27.389296,39.803221],[27.389226,39.803316],[27.389169,39.803622],[27.389267,39.80406],[27.389395,39.804362],[27.389706,39.804623],[27.389991,39.80481],[27.390149,39.804865],[27.390288,39.804828],[27.390525,39.804744],[27.390617,39.804668],[27.390858,39.804572],[27.391022,39.804559],[27.391319,39.804632],[27.39144,39.804722],[27.391524,39.804836],[27.391657,39.804967],[27.392024,39.805344],[27.392145,39.805427],[27.392281,39.805465],[27.392377,39.805455],[27.392497,39.805395],[27.39254,39.805324],[27.392539,39.805154],[27.39258,39.804804],[27.392715,39.804637],[27.392959,39.804586],[27.393342,39.804592],[27.393682,39.804574],[27.39408,39.804575],[27.394523,39.804724],[27.394777,39.804782],[27.394919,39.804813],[27.395336,39.804835],[27.395995,39.804945],[27.396245,39.804937],[27.396378,39.804913],[27.396566,39.804862],[27.396933,39.804713],[27.397723,39.804501],[27.397905,39.804502],[27.398019,39.804535],[27.39827,39.804651],[27.398314,39.804756],[27.398318,39.80488],[27.398294,39.805082],[27.398145,39.805464],[27.398106,39.805648],[27.398682,39.805937],[27.398999,39.806171],[27.399096,39.80635],[27.399184,39.806585],[27.399135,39.806793],[27.399149,39.806936],[27.399239,39.807133],[27.399249,39.807238],[27.399223,39.807469],[27.39915,39.807675],[27.398997,39.808021],[27.398995,39.808171],[27.398947,39.808414],[27.399423,39.808408]]]}},{"type":"Feature","properties":{"id":"TR-Y-17-012-K-0005","level":"yerlesim","type":"mahalle","parent_id":"TR-D-17-012","province_id":"TR-P-17","district_id":"TR-D-17-012","name":"Araovacık","source_raw_name":"Araovacık","source":"Kullanıcı tarafından sağlanan KML","source_label":"Kullanıcı tarafından sağlanan KML","source_name":"Canakkale Mahalle KML - kullanici tarafindan saglandi"},"geometry":{"type":"Polygon","coordinates":[[[27.490611,39.920054],[27.490836,39.920008],[27.491371,39.920061],[27.491416,39.920142],[27.491554,39.920022],[27.491532,39.920002],[27.491554,39.919812],[27.491633,39.919694],[27.491812,39.919541],[27.491861,39.919407],[27.492362,39.919327],[27.492597,39.919293],[27.492945,39.919218],[27.49313,39.919146],[27.493218,39.919048],[27.493353,39.918954],[27.493493,39.918902],[27.493663,39.918885],[27.493919,39.918942],[27.494524,39.918977],[27.494834,39.918945],[27.495248,39.918876],[27.4955,39.918841],[27.495834,39.9188],[27.495944,39.918769],[27.496013,39.918622],[27.496001,39.918513],[27.496066,39.918395],[27.496128,39.918388],[27.496473,39.918192],[27.496591,39.918104],[27.49676,39.918067],[27.496927,39.918013],[27.497042,39.917935],[27.497103,39.917854],[27.4973,39.917776],[27.49745,39.917735],[27.497575,39.917645],[27.497631,39.917772],[27.497584,39.917909],[27.497763,39.918036],[27.498545,39.917922],[27.498882,39.917728],[27.498885,39.917749],[27.499328,39.917684],[27.499788,39.917633],[27.49983,39.917633],[27.500062,39.917554],[27.500491,39.917311],[27.500629,39.917256],[27.500907,39.917262],[27.501347,39.917258],[27.501552,39.917202],[27.501738,39.917171],[27.502047,39.91708],[27.502283,39.916978],[27.502553,39.916931],[27.503104,39.916757],[27.503158,39.916743],[27.5035,39.91673],[27.503901,39.916818],[27.504033,39.916823],[27.504159,39.916882],[27.504219,39.91696],[27.504215,39.917101],[27.504303,39.917169],[27.504626,39.917114],[27.504721,39.91712],[27.505279,39.917039],[27.505784,39.916919],[27.506374,39.916722],[27.506656,39.916669],[27.506802,39.916731],[27.507228,39.916724],[27.507624,39.916642],[27.507789,39.916611],[27.508084,39.916577],[27.508237,39.916548],[27.508365,39.916478],[27.508444,39.916421],[27.508738,39.91605],[27.508905,39.915868],[27.509033,39.915684],[27.509274,39.915495],[27.509545,39.915303],[27.509955,39.915271],[27.510103,39.915094],[27.510517,39.914851],[27.510582,39.914646],[27.51092,39.914536],[27.510865,39.914405],[27.510854,39.914292],[27.511853,39.914101],[27.512119,39.914224],[27.512139,39.913942],[27.512123,39.913839],[27.512078,39.913809],[27.511917,39.913725],[27.511815,39.913613],[27.511703,39.913585],[27.511471,39.913375],[27.511559,39.913241],[27.511727,39.912884],[27.511846,39.91283],[27.511964,39.912684],[27.512059,39.912569],[27.512198,39.91227],[27.512202,39.912456],[27.512246,39.912668],[27.512455,39.912856],[27.512538,39.913073],[27.512723,39.91326],[27.512851,39.913437],[27.512951,39.913563],[27.513042,39.9136],[27.513136,39.913537],[27.513172,39.913432],[27.513137,39.913373],[27.513041,39.913356],[27.513086,39.913181],[27.513251,39.913315],[27.513417,39.913641],[27.513707,39.913731],[27.513519,39.914204],[27.51358,39.914437],[27.513794,39.914565],[27.513889,39.914672],[27.51405,39.914946],[27.514164,39.915063],[27.514671,39.915316],[27.514747,39.915461],[27.514931,39.91567],[27.515032,39.915856],[27.515126,39.915814],[27.51535,39.915355],[27.515407,39.915008],[27.515647,39.914641],[27.515773,39.914278],[27.515925,39.914129],[27.516166,39.913968],[27.516448,39.913905],[27.516513,39.91397],[27.516766,39.913969],[27.516845,39.913984],[27.51692,39.914117],[27.517252,39.914146],[27.517415,39.914115],[27.517573,39.914076],[27.517632,39.913935],[27.517948,39.913887],[27.518394,39.91392],[27.518853,39.914314],[27.518917,39.914359],[27.519205,39.914343],[27.519237,39.914331],[27.519305,39.914229],[27.51935,39.914129],[27.519373,39.914089],[27.519412,39.91407],[27.519421,39.914079],[27.519424,39.914148],[27.519432,39.914232],[27.519466,39.914271],[27.519532,39.914302],[27.519556,39.914299],[27.519617,39.914245],[27.519694,39.914184],[27.519734,39.914154],[27.519735,39.914155],[27.519741,39.91415],[27.519999,39.91437],[27.520201,39.914238],[27.520201,39.914238],[27.520208,39.914234],[27.520118,39.914155],[27.519979,39.914006],[27.519957,39.913972],[27.52021,39.913886],[27.52029,39.913873],[27.520401,39.913861],[27.520465,39.913846],[27.520525,39.913859],[27.520605,39.913868],[27.520809,39.9139],[27.520974,39.913938],[27.521199,39.913984],[27.521379,39.914023],[27.521414,39.913989],[27.521534,39.913895],[27.52154,39.913891],[27.521541,39.913891],[27.521714,39.913781],[27.52179,39.91374],[27.521894,39.913691],[27.52206,39.913617],[27.522113,39.913589],[27.522198,39.913528],[27.522295,39.913566],[27.522427,39.913631],[27.522504,39.913673],[27.522551,39.913689],[27.522646,39.913708],[27.52282,39.913737],[27.523004,39.913798],[27.523088,39.913816],[27.523164,39.913817],[27.523227,39.913828],[27.523311,39.913852],[27.523409,39.913876],[27.523286,39.913385],[27.523266,39.913231],[27.523216,39.913164],[27.52329,39.913071],[27.52336,39.91307],[27.523421,39.913093],[27.52346,39.913088],[27.523505,39.913055],[27.523507,39.913054],[27.523511,39.913051],[27.523598,39.913011],[27.523635,39.913016],[27.52366,39.913088],[27.523687,39.913119],[27.523723,39.913134],[27.523773,39.913137],[27.523815,39.913132],[27.523873,39.913097],[27.523956,39.913028],[27.524042,39.912963],[27.524046,39.912961],[27.524049,39.912959],[27.524124,39.912921],[27.524239,39.912893],[27.524407,39.912875],[27.524508,39.912855],[27.524587,39.912827],[27.524663,39.912791],[27.524729,39.912745],[27.524782,39.912699],[27.524834,39.912623],[27.52489,39.91255],[27.524936,39.912491],[27.524955,39.912427],[27.52495,39.912384],[27.524915,39.912339],[27.524858,39.912284],[27.524817,39.912236],[27.524725,39.912113],[27.5245,39.911897],[27.52444,39.911854],[27.524421,39.911773],[27.524465,39.911754],[27.524506,39.911731],[27.524564,39.911725],[27.524621,39.91173],[27.524653,39.911743],[27.524735,39.911799],[27.524776,39.911822],[27.524824,39.911838],[27.524884,39.911841],[27.52497,39.911801],[27.524973,39.911799],[27.524977,39.911797],[27.525057,39.911729],[27.525104,39.911674],[27.525134,39.911608],[27.525134,39.91156],[27.525058,39.911387],[27.525053,39.911296],[27.525079,39.911179],[27.525076,39.911088],[27.525046,39.910969],[27.524975,39.910828],[27.524834,39.91056],[27.524697,39.910329],[27.524573,39.910137],[27.524512,39.910045],[27.524447,39.909979],[27.524357,39.909905],[27.524245,39.909815],[27.524037,39.909684],[27.523882,39.909592],[27.52376,39.909523],[27.523614,39.90946],[27.523374,39.909363],[27.523261,39.909312],[27.523129,39.909244],[27.523056,39.909191],[27.52299,39.909132],[27.522947,39.909079],[27.522914,39.909033],[27.52289,39.908958],[27.522869,39.908821],[27.522782,39.908635],[27.522708,39.908538],[27.522636,39.908454],[27.522584,39.908396],[27.522501,39.908261],[27.52246,39.908166],[27.52244,39.908052],[27.522441,39.907951],[27.522467,39.907788],[27.5225,39.907666],[27.522525,39.907572],[27.522554,39.907493],[27.52259,39.907407],[27.522642,39.907268],[27.522708,39.90713],[27.522753,39.90707],[27.522819,39.907001],[27.522932,39.906911],[27.523058,39.906826],[27.523161,39.906776],[27.523261,39.90673],[27.523457,39.906655],[27.523554,39.906635],[27.523727,39.906609],[27.523856,39.906606],[27.523948,39.906623],[27.524049,39.906632],[27.524177,39.90661],[27.524329,39.906564],[27.524507,39.906546],[27.524766,39.906516],[27.525,39.906512],[27.525184,39.906557],[27.525461,39.906631],[27.525651,39.906688],[27.525739,39.906705],[27.525809,39.906692],[27.525859,39.906665],[27.525911,39.906621],[27.525963,39.906542],[27.525995,39.906483],[27.526116,39.906371],[27.526145,39.906299],[27.526133,39.906235],[27.526071,39.906141],[27.525978,39.906053],[27.525776,39.905858],[27.525736,39.905809],[27.52572,39.905776],[27.525687,39.905677],[27.525634,39.905302],[27.525588,39.905055],[27.52557,39.904934],[27.52554,39.904793],[27.525506,39.904656],[27.525477,39.904574],[27.525367,39.904426],[27.525209,39.904232],[27.525101,39.904101],[27.525013,39.90401],[27.524847,39.903839],[27.524792,39.903778],[27.524753,39.903716],[27.524723,39.903631],[27.524709,39.903513],[27.524728,39.903326],[27.524765,39.903038],[27.524774,39.902821],[27.524751,39.902736],[27.524701,39.902638],[27.524631,39.902502],[27.524516,39.902306],[27.524443,39.902184],[27.524385,39.902069],[27.524298,39.901888],[27.524279,39.901811],[27.524249,39.901654],[27.52422,39.901571],[27.524149,39.90148],[27.524059,39.901405],[27.523944,39.901316],[27.523784,39.901203],[27.523722,39.901168],[27.523656,39.901157],[27.523278,39.901186],[27.523104,39.901188],[27.522932,39.901198],[27.522826,39.901171],[27.522281,39.90107],[27.522217,39.901065],[27.522203,39.900993],[27.522201,39.900882],[27.522204,39.900755],[27.522193,39.900716],[27.522161,39.900679],[27.522088,39.900608],[27.522031,39.900564],[27.522079,39.900492],[27.522215,39.90035],[27.522319,39.900253],[27.522406,39.900161],[27.52245,39.900096],[27.522485,39.899975],[27.522501,39.899865],[27.52241,39.89984],[27.522367,39.899831],[27.522273,39.899794],[27.522075,39.899694],[27.522009,39.899676],[27.521865,39.899668],[27.521712,39.899674],[27.52151,39.899679],[27.521389,39.899624],[27.521291,39.899614],[27.521089,39.899618],[27.520977,39.899601],[27.520872,39.899555],[27.520786,39.899539],[27.52067,39.899536],[27.520581,39.899538],[27.520472,39.899556],[27.52029,39.89958],[27.520193,39.899484],[27.520161,39.899382],[27.52016,39.899259],[27.520165,39.899078],[27.520191,39.898988],[27.520196,39.89893],[27.519985,39.898874],[27.519838,39.89885],[27.519639,39.89884],[27.519487,39.898843],[27.519384,39.898866],[27.51929,39.898909],[27.519187,39.898955],[27.519041,39.898989],[27.518924,39.899],[27.518841,39.899023],[27.518789,39.899057],[27.51875,39.899135],[27.518728,39.899211],[27.518594,39.899132],[27.518365,39.89899],[27.518236,39.898903],[27.518082,39.898784],[27.518045,39.898758],[27.518003,39.898637],[27.517916,39.898441],[27.517901,39.898342],[27.517905,39.898301],[27.517926,39.898244],[27.518014,39.898084],[27.518049,39.898003],[27.518088,39.897911],[27.518084,39.897849],[27.518046,39.897765],[27.518019,39.897646],[27.518022,39.897552],[27.518065,39.897403],[27.518076,39.89724],[27.518014,39.897228],[27.517678,39.897151],[27.517307,39.897051],[27.517052,39.896972],[27.516895,39.896946],[27.51673,39.896957],[27.516625,39.896982],[27.516497,39.897025],[27.516323,39.897095],[27.516135,39.89719],[27.516132,39.897193],[27.516128,39.897195],[27.515935,39.897348],[27.515823,39.897424],[27.515727,39.897345],[27.515532,39.89719],[27.515354,39.897031],[27.515209,39.896917],[27.514889,39.896706],[27.514774,39.896643],[27.514593,39.896547],[27.514392,39.89642],[27.514285,39.896344],[27.514151,39.896239],[27.513866,39.895994],[27.513734,39.895912],[27.513497,39.895789],[27.513243,39.895658],[27.512974,39.895548],[27.512746,39.895472],[27.512565,39.89543],[27.512383,39.895402],[27.512403,39.895327],[27.512426,39.895179],[27.512491,39.894914],[27.512544,39.894784],[27.512683,39.89457],[27.512709,39.894493],[27.512741,39.894325],[27.512772,39.894157],[27.51281,39.893906],[27.512825,39.893701],[27.512817,39.893605],[27.512786,39.893446],[27.512744,39.893368],[27.512681,39.893257],[27.512672,39.893145],[27.512685,39.893016],[27.512666,39.892866],[27.512605,39.892773],[27.512556,39.89266],[27.51243,39.892427],[27.512358,39.89232],[27.512263,39.892237],[27.512183,39.892176],[27.5121,39.892126],[27.512021,39.892076],[27.511927,39.892002],[27.51169,39.891786],[27.511855,39.891709],[27.511811,39.891629],[27.511799,39.891554],[27.511822,39.891402],[27.511894,39.891122],[27.511927,39.891026],[27.512004,39.890831],[27.512003,39.890667],[27.511995,39.890564],[27.511972,39.890495],[27.511953,39.890464],[27.511906,39.890446],[27.511843,39.890429],[27.511612,39.890433],[27.511415,39.890406],[27.511392,39.890342],[27.511353,39.890264],[27.511302,39.89017],[27.511352,39.89012],[27.511397,39.890077],[27.511504,39.89],[27.511575,39.88994],[27.511612,39.889888],[27.511649,39.889801],[27.511592,39.889735],[27.511545,39.889699],[27.511483,39.88967],[27.511309,39.889611],[27.511204,39.889567],[27.511124,39.889495],[27.511039,39.889113],[27.510929,39.888737],[27.510778,39.888694],[27.510772,39.888612],[27.510667,39.888127],[27.51062,39.887943],[27.51058,39.887835],[27.510428,39.887448],[27.51034,39.887205],[27.510275,39.886994],[27.51028,39.886939],[27.510315,39.88685],[27.510341,39.886765],[27.510361,39.886667],[27.510369,39.886575],[27.510386,39.886483],[27.510398,39.886444],[27.510432,39.886359],[27.510487,39.886261],[27.510554,39.88614],[27.510674,39.885781],[27.510708,39.885657],[27.510765,39.885386],[27.510802,39.8853],[27.510878,39.885149],[27.510925,39.885008],[27.510949,39.884824],[27.510974,39.884756],[27.511019,39.884689],[27.511058,39.884623],[27.511076,39.884553],[27.51111,39.884505],[27.511195,39.884416],[27.511229,39.884382],[27.511319,39.884312],[27.51138,39.884255],[27.51146,39.884178],[27.51156,39.884063],[27.511705,39.883908],[27.511799,39.883799],[27.511851,39.883719],[27.51189,39.883641],[27.51174,39.883601],[27.51157,39.883527],[27.511251,39.8834],[27.51108,39.883284],[27.510508,39.882732],[27.510323,39.882593],[27.51023,39.882506],[27.510115,39.88234],[27.509972,39.88214],[27.50982,39.881885],[27.509678,39.881695],[27.509569,39.881597],[27.509444,39.881518],[27.509296,39.881444],[27.509036,39.881396],[27.508617,39.881341],[27.508357,39.88133],[27.508172,39.881368],[27.508027,39.881356],[27.507877,39.881364],[27.507741,39.881381],[27.507521,39.881444],[27.507264,39.881533],[27.506968,39.881639],[27.506796,39.881725],[27.506641,39.88182],[27.506513,39.881904],[27.506344,39.882042],[27.506194,39.882165],[27.506072,39.882272],[27.505942,39.882357],[27.505853,39.882398],[27.505695,39.882449],[27.505516,39.882477],[27.505291,39.88249],[27.505054,39.882487],[27.504873,39.882471],[27.504747,39.882468],[27.504342,39.882495],[27.504144,39.882502],[27.503965,39.882486],[27.503829,39.882472],[27.503593,39.882428],[27.503285,39.882337],[27.503064,39.882309],[27.502861,39.882276],[27.502775,39.882255],[27.50266,39.882215],[27.502516,39.882153],[27.502181,39.882031],[27.502039,39.881973],[27.501922,39.881935],[27.501721,39.881891],[27.501589,39.881875],[27.501356,39.88187],[27.501186,39.88186],[27.500952,39.881822],[27.500856,39.881815],[27.500677,39.881812],[27.500499,39.881826],[27.500322,39.881869],[27.500184,39.881922],[27.500057,39.882],[27.499917,39.882084],[27.499778,39.882152],[27.499519,39.882269],[27.499427,39.882293],[27.499087,39.882384],[27.498916,39.882417],[27.49866,39.882434],[27.498536,39.882458],[27.498469,39.882478],[27.498398,39.882513],[27.49832,39.882561],[27.49832,39.882561],[27.498313,39.882565],[27.498255,39.882612],[27.498226,39.882575],[27.498191,39.88254],[27.498122,39.882502],[27.498036,39.882505],[27.497934,39.882511],[27.49785,39.882532],[27.497656,39.882607],[27.497512,39.882656],[27.497316,39.882725],[27.496971,39.882863],[27.496845,39.882898],[27.496672,39.882905],[27.496601,39.882878],[27.496555,39.882851],[27.49647,39.88278],[27.496436,39.882744],[27.496361,39.88268],[27.496213,39.8826],[27.496104,39.882548],[27.496026,39.882528],[27.495903,39.882505],[27.495793,39.882493],[27.495735,39.882497],[27.495603,39.882559],[27.49548,39.882622],[27.495474,39.882625],[27.495473,39.882626],[27.495338,39.882711],[27.495234,39.882756],[27.495145,39.882779],[27.494792,39.882718],[27.494749,39.882698],[27.494652,39.882666],[27.494511,39.882621],[27.49435,39.882559],[27.494186,39.882473],[27.4941,39.882411],[27.493967,39.882289],[27.493891,39.882233],[27.493822,39.882194],[27.493692,39.882144],[27.493525,39.882085],[27.493293,39.882007],[27.49307,39.881924],[27.492884,39.881872],[27.492656,39.881804],[27.492614,39.881776],[27.492585,39.881745],[27.492532,39.88168],[27.492466,39.881561],[27.492416,39.881499],[27.492365,39.881451],[27.492266,39.88138],[27.492185,39.881345],[27.492093,39.881316],[27.49175,39.881245],[27.491674,39.881236],[27.491451,39.881232],[27.491264,39.881202],[27.491025,39.881184],[27.490876,39.881156],[27.490766,39.88113],[27.490703,39.881104],[27.49065,39.881079],[27.490557,39.881015],[27.490428,39.880916],[27.490291,39.880786],[27.490206,39.880706],[27.490132,39.880648],[27.490019,39.880572],[27.489735,39.880144],[27.489632,39.879973],[27.489612,39.879863],[27.489562,39.879738],[27.489494,39.879567],[27.489332,39.87926],[27.489172,39.878981],[27.489092,39.878845],[27.488905,39.878601],[27.488863,39.878534],[27.48886,39.878507],[27.488843,39.878483],[27.488767,39.878443],[27.488602,39.878384],[27.488453,39.878339],[27.488341,39.87828],[27.488253,39.878202],[27.488095,39.878],[27.488036,39.877899],[27.487954,39.877629],[27.487945,39.877512],[27.487916,39.877272],[27.487895,39.87712],[27.487866,39.877021],[27.487831,39.876941],[27.487764,39.87686],[27.487571,39.876685],[27.487359,39.87651],[27.487061,39.876222],[27.487014,39.876154],[27.48696,39.875807],[27.486909,39.875573],[27.486873,39.875477],[27.486823,39.875391],[27.486618,39.875093],[27.486359,39.87472],[27.486275,39.874605],[27.486136,39.874426],[27.486071,39.874356],[27.485987,39.87428],[27.485823,39.874168],[27.485504,39.87399],[27.485401,39.873978],[27.485363,39.874049],[27.485329,39.874069],[27.485278,39.874076],[27.485222,39.874068],[27.48512,39.87402],[27.485069,39.873979],[27.484965,39.873906],[27.484757,39.873789],[27.484591,39.873717],[27.484454,39.87368],[27.484223,39.873611],[27.48403,39.873542],[27.48375,39.873422],[27.483589,39.873351],[27.483462,39.873319],[27.483008,39.873234],[27.482775,39.873188],[27.482675,39.873184],[27.4826,39.873191],[27.482546,39.873206],[27.482489,39.87324],[27.482415,39.87329],[27.482413,39.873291],[27.482413,39.873291],[27.48236,39.873317],[27.482268,39.873365],[27.48214,39.873422],[27.482042,39.87346],[27.481938,39.87348],[27.481826,39.873486],[27.481726,39.873472],[27.481556,39.873455],[27.481495,39.87344],[27.48145,39.873411],[27.481413,39.873369],[27.481371,39.873318],[27.481299,39.873264],[27.481158,39.873159],[27.481049,39.873066],[27.480851,39.872865],[27.480648,39.872659],[27.480532,39.872524],[27.480464,39.87244],[27.480449,39.872363],[27.480456,39.87226],[27.480482,39.872118],[27.480534,39.871961],[27.480577,39.871841],[27.480593,39.871764],[27.480588,39.8717],[27.480529,39.871614],[27.48043,39.871518],[27.480326,39.87144],[27.480233,39.871382],[27.480125,39.871321],[27.480004,39.871269],[27.479897,39.871232],[27.479797,39.87117],[27.479707,39.871102],[27.479584,39.870997],[27.479401,39.870845],[27.479347,39.870799],[27.479248,39.870718],[27.47917,39.870668],[27.478929,39.870537],[27.478821,39.870485],[27.478656,39.870384],[27.478591,39.870335],[27.47847,39.870272],[27.478317,39.870209],[27.47821,39.870173],[27.47812,39.870129],[27.478094,39.870115],[27.478084,39.870076],[27.478113,39.87002],[27.478132,39.869969],[27.478125,39.86991],[27.478098,39.869859],[27.478005,39.869751],[27.477855,39.869603],[27.477635,39.869401],[27.477522,39.869321],[27.477477,39.869271],[27.477466,39.869223],[27.477505,39.869158],[27.477551,39.869123],[27.477618,39.869086],[27.477617,39.869086],[27.477624,39.869082],[27.477616,39.869043],[27.477602,39.869001],[27.477556,39.868961],[27.477478,39.868925],[27.477368,39.868885],[27.477215,39.868845],[27.477186,39.86884],[27.47718,39.868845],[27.47718,39.868845],[27.47713,39.868878],[27.476998,39.86893],[27.476813,39.868967],[27.476636,39.869025],[27.476573,39.869058],[27.476485,39.869078],[27.476371,39.869092],[27.476353,39.86914],[27.476328,39.869225],[27.476293,39.869282],[27.476255,39.869328],[27.476225,39.869354],[27.476179,39.869376],[27.476028,39.869398],[27.475804,39.869428],[27.475627,39.869443],[27.475497,39.869466],[27.475348,39.869506],[27.475222,39.869535],[27.475142,39.869561],[27.475091,39.869588],[27.475046,39.869621],[27.474997,39.869678],[27.474919,39.869809],[27.474884,39.869852],[27.474832,39.869892],[27.474765,39.869936],[27.474664,39.870016],[27.474562,39.870105],[27.474556,39.870108],[27.474555,39.870109],[27.474533,39.870122],[27.474512,39.870135],[27.474434,39.87018],[27.47432,39.870248],[27.474169,39.870311],[27.473948,39.870427],[27.473858,39.870473],[27.473793,39.870499],[27.473698,39.87057],[27.473644,39.870594],[27.47364,39.870597],[27.473637,39.870598],[27.473577,39.870643],[27.473519,39.870679],[27.473512,39.870684],[27.473423,39.870742],[27.473232,39.870838],[27.473095,39.870899],[27.472912,39.870979],[27.472855,39.871012],[27.472855,39.871012],[27.472849,39.871016],[27.472741,39.871128],[27.472664,39.871172],[27.472563,39.871214],[27.472341,39.871329],[27.472201,39.87141],[27.472101,39.871457],[27.471975,39.871503],[27.471863,39.871521],[27.471771,39.871523],[27.471712,39.8715],[27.471661,39.871474],[27.471599,39.871404],[27.471566,39.87134],[27.471509,39.871249],[27.471436,39.871175],[27.471329,39.871063],[27.471274,39.870983],[27.471258,39.87094],[27.471222,39.870814],[27.471177,39.870703],[27.47112,39.870589],[27.47107,39.870489],[27.471054,39.870401],[27.471052,39.870309],[27.471058,39.870238],[27.471069,39.870164],[27.47119,39.87006],[27.471224,39.870022],[27.471241,39.869987],[27.471253,39.86988],[27.471266,39.86972],[27.471186,39.869739],[27.470947,39.869713],[27.470944,39.869821],[27.470756,39.869909],[27.47034,39.869986],[27.470148,39.870011],[27.470028,39.870027],[27.469875,39.870066],[27.469793,39.87006],[27.469712,39.870054],[27.469659,39.869942],[27.469602,39.869781],[27.469586,39.869703],[27.469475,39.869727],[27.469202,39.869786],[27.468947,39.869852],[27.468625,39.869914],[27.468253,39.870006],[27.468043,39.870046],[27.468033,39.870083],[27.468022,39.870094],[27.467866,39.870102],[27.467631,39.870104],[27.467471,39.870113],[27.467295,39.870118],[27.466992,39.870122],[27.46694,39.870106],[27.466895,39.870079],[27.466848,39.870034],[27.466822,39.869978],[27.466798,39.869826],[27.466772,39.869708],[27.466745,39.869615],[27.466707,39.869551],[27.466624,39.869471],[27.466605,39.869433],[27.466601,39.869291],[27.466575,39.869212],[27.466542,39.869159],[27.466501,39.869117],[27.466422,39.869058],[27.466366,39.869067],[27.466287,39.869063],[27.466176,39.869028],[27.466119,39.86907],[27.466074,39.869127],[27.466026,39.869163],[27.465946,39.869234],[27.465916,39.869275],[27.465919,39.869309],[27.465942,39.869361],[27.465939,39.869415],[27.46591,39.869455],[27.465863,39.869514],[27.46582,39.869606],[27.464815,39.869176],[27.464669,39.869164],[27.464404,39.869205],[27.464324,39.869206],[27.46424,39.869161],[27.464209,39.869095],[27.464199,39.868991],[27.464208,39.868905],[27.464205,39.868728],[27.464183,39.868619],[27.464134,39.868563],[27.464073,39.868533],[27.463954,39.868522],[27.463785,39.868505],[27.463685,39.868478],[27.463529,39.868425],[27.463246,39.868352],[27.46296,39.868282],[27.462673,39.868174],[27.462492,39.868129],[27.462437,39.868086],[27.462405,39.86804],[27.462411,39.867981],[27.462419,39.867955],[27.462491,39.867916],[27.462546,39.867886],[27.462546,39.867886],[27.462552,39.867883],[27.462575,39.867849],[27.462577,39.867816],[27.462543,39.86777],[27.462481,39.86772],[27.462387,39.867677],[27.462274,39.867663],[27.462183,39.867659],[27.461967,39.867693],[27.461866,39.867692],[27.461778,39.86767],[27.461729,39.86764],[27.461664,39.86757],[27.461649,39.867513],[27.461646,39.867431],[27.461576,39.867357],[27.461494,39.867309],[27.461287,39.867259],[27.461177,39.86723],[27.461099,39.867181],[27.461041,39.867119],[27.460985,39.867038],[27.460901,39.866957],[27.460838,39.866917],[27.460589,39.866749],[27.460466,39.866697],[27.460387,39.866686],[27.460239,39.866682],[27.460177,39.866633],[27.460154,39.86651],[27.460119,39.866427],[27.460058,39.866359],[27.459991,39.866316],[27.459883,39.86627],[27.459623,39.866202],[27.459429,39.866163],[27.459318,39.866162],[27.45919,39.866182],[27.459085,39.866217],[27.458992,39.866237],[27.458901,39.86623],[27.458835,39.866194],[27.458732,39.866112],[27.458621,39.866004],[27.458542,39.865979],[27.458453,39.865981],[27.458336,39.866016],[27.458185,39.86609],[27.458044,39.866139],[27.457923,39.866191],[27.457879,39.866216],[27.457845,39.866203],[27.457827,39.866165],[27.457816,39.866099],[27.457816,39.866098],[27.457823,39.866035],[27.457835,39.865929],[27.457828,39.865873],[27.457807,39.865799],[27.45779,39.865716],[27.457757,39.865661],[27.45768,39.865577],[27.457644,39.865522],[27.457602,39.865438],[27.457574,39.865345],[27.457553,39.865264],[27.45752,39.865182],[27.457483,39.865116],[27.457427,39.865065],[27.457357,39.865021],[27.457233,39.864961],[27.457074,39.864874],[27.456934,39.86483],[27.456816,39.864767],[27.456627,39.864637],[27.456566,39.864562],[27.456556,39.86451],[27.456587,39.864401],[27.456585,39.864335],[27.456534,39.864259],[27.456454,39.864197],[27.456311,39.864191],[27.456221,39.864185],[27.456164,39.864197],[27.456046,39.864233],[27.455912,39.864245],[27.455822,39.864238],[27.455704,39.864198],[27.455507,39.864628],[27.455573,39.864857],[27.455614,39.865062],[27.455853,39.865305],[27.455973,39.865476],[27.456144,39.865635],[27.456313,39.865774],[27.456511,39.866015],[27.456576,39.86605],[27.456028,39.866696],[27.456572,39.867171],[27.456528,39.867697],[27.45647,39.867852],[27.456401,39.86793],[27.456089,39.868004],[27.45601,39.868073],[27.455945,39.86809],[27.455799,39.868136],[27.455653,39.868228],[27.45555,39.86824],[27.454949,39.868645],[27.454596,39.868841],[27.454535,39.868878],[27.454474,39.868961],[27.454296,39.868975],[27.454089,39.869063],[27.453812,39.86946],[27.453662,39.869469],[27.4535,39.869582],[27.453301,39.869918],[27.453305,39.870002],[27.452861,39.870176],[27.452655,39.870156],[27.452723,39.870311],[27.452415,39.870408],[27.452329,39.8705],[27.45227,39.87059],[27.452152,39.870658],[27.452034,39.87084],[27.452084,39.870887],[27.452138,39.870989],[27.452103,39.87111],[27.451752,39.871018],[27.451315,39.8708],[27.451275,39.870962],[27.451327,39.871288],[27.451263,39.871526],[27.451559,39.871682],[27.451846,39.871766],[27.451999,39.871822],[27.452375,39.872081],[27.452552,39.872226],[27.452524,39.872318],[27.452123,39.872715],[27.452015,39.872681],[27.45174,39.872604],[27.451436,39.872485],[27.450805,39.872204],[27.450307,39.871968],[27.449754,39.871686],[27.449411,39.87147],[27.449057,39.871256],[27.448921,39.871125],[27.448818,39.870998],[27.448732,39.870838],[27.448699,39.870626],[27.448502,39.869918],[27.448553,39.869748],[27.448856,39.869705],[27.449087,39.869645],[27.449058,39.869495],[27.44905,39.869321],[27.449151,39.868943],[27.449199,39.868829],[27.449197,39.868563],[27.449405,39.868522],[27.449486,39.86853],[27.449587,39.868598],[27.449658,39.868609],[27.449776,39.868546],[27.449794,39.868483],[27.449125,39.867811],[27.449039,39.867668],[27.44899,39.867577],[27.449135,39.867542],[27.449041,39.867314],[27.449043,39.867116],[27.448954,39.867082],[27.449147,39.866501],[27.449129,39.866149],[27.44921,39.866046],[27.44934,39.865997],[27.449325,39.865934],[27.449094,39.865864],[27.448953,39.865781],[27.448683,39.865905],[27.448512,39.865949],[27.448322,39.865847],[27.448152,39.865916],[27.448052,39.865888],[27.44767,39.866001],[27.447408,39.866199],[27.447171,39.866249],[27.446985,39.866158],[27.446846,39.86591],[27.446502,39.866092],[27.446563,39.866401],[27.446268,39.866768],[27.446078,39.867181],[27.446048,39.867397],[27.446184,39.867508],[27.446289,39.867542],[27.44642,39.867544],[27.446582,39.867686],[27.446762,39.868009],[27.446959,39.868167],[27.4474,39.868373],[27.447466,39.868552],[27.447592,39.868885],[27.447667,39.869096],[27.447636,39.86922],[27.447535,39.869383],[27.447417,39.869452],[27.447266,39.869721],[27.447154,39.86976],[27.447229,39.869862],[27.447168,39.869964],[27.447032,39.869924],[27.447,39.869989],[27.447038,39.870056],[27.447402,39.870142],[27.447495,39.870313],[27.447523,39.870502],[27.447454,39.870626],[27.447309,39.87072],[27.447262,39.870777],[27.446949,39.870893],[27.44687,39.870954],[27.446821,39.871012],[27.44676,39.871063],[27.446675,39.871386],[27.446738,39.871536],[27.446813,39.871601],[27.447071,39.871737],[27.446786,39.872112],[27.447087,39.872252],[27.447105,39.872372],[27.447463,39.872389],[27.447513,39.872336],[27.447502,39.872292],[27.447556,39.872235],[27.447626,39.872227],[27.448075,39.872416],[27.448231,39.872425],[27.448476,39.872511],[27.448447,39.873001],[27.448515,39.873112],[27.448624,39.873201],[27.448682,39.873286],[27.448651,39.87345],[27.448814,39.873473],[27.448865,39.873387],[27.448927,39.873366],[27.449157,39.873359],[27.449253,39.873322],[27.449461,39.873287],[27.449792,39.873208],[27.450365,39.873793],[27.45009,39.874097],[27.449791,39.874231],[27.449708,39.87431],[27.449676,39.874419],[27.449753,39.874493],[27.449989,39.874587],[27.450395,39.87466],[27.450693,39.874762],[27.450795,39.87486],[27.450909,39.875234],[27.451091,39.875466],[27.451892,39.875708],[27.451743,39.876077],[27.451681,39.876111],[27.451722,39.876182],[27.451947,39.876299],[27.452179,39.876508],[27.452287,39.87678],[27.452079,39.876792],[27.451984,39.877012],[27.452419,39.877201],[27.45287,39.877304],[27.453023,39.877248],[27.453127,39.877269],[27.453151,39.877282],[27.453182,39.877411],[27.453341,39.877436],[27.453435,39.877525],[27.452722,39.878196],[27.452675,39.880072],[27.452208,39.881309],[27.452509,39.881994],[27.453751,39.882726],[27.453243,39.882854],[27.453151,39.882929],[27.453144,39.883026],[27.453037,39.883107],[27.452807,39.883179],[27.452686,39.883343],[27.452683,39.883425],[27.452573,39.8837],[27.452577,39.883783],[27.452135,39.883734],[27.451567,39.88363],[27.451229,39.88368],[27.450913,39.883607],[27.450802,39.883567],[27.450586,39.883465],[27.450179,39.883124],[27.450079,39.883092],[27.449834,39.883073],[27.449563,39.8832],[27.449314,39.883061],[27.449251,39.883059],[27.449244,39.883141],[27.449223,39.883342],[27.449153,39.883491],[27.449165,39.883616],[27.449274,39.883785],[27.44923,39.883936],[27.449265,39.884056],[27.449375,39.884479],[27.449476,39.884553],[27.449669,39.88457],[27.449922,39.884614],[27.450549,39.884701],[27.450885,39.884419],[27.451193,39.884312],[27.451363,39.884314],[27.451464,39.884365],[27.45165,39.884382],[27.451772,39.884376],[27.451929,39.884455],[27.451978,39.884612],[27.451964,39.884721],[27.45202,39.884783],[27.452976,39.885146],[27.452825,39.885266],[27.452774,39.885427],[27.452797,39.885615],[27.452431,39.885766],[27.452209,39.886384],[27.452342,39.886421],[27.452391,39.886455],[27.452443,39.88652],[27.452411,39.886675],[27.452467,39.886749],[27.452664,39.88672],[27.452764,39.886722],[27.452905,39.88669],[27.453042,39.886681],[27.453379,39.886548],[27.453698,39.886524],[27.453746,39.88657],[27.453978,39.886726],[27.454063,39.886746],[27.454319,39.886759],[27.454446,39.88685],[27.454454,39.88693],[27.454425,39.887027],[27.454374,39.887168],[27.45442,39.887373],[27.454536,39.887502],[27.454693,39.887638],[27.45499,39.887749],[27.455336,39.887859],[27.455544,39.887864],[27.455648,39.887792],[27.456048,39.887644],[27.456185,39.88773],[27.456271,39.887752],[27.456446,39.887834],[27.456558,39.887905],[27.456588,39.887988],[27.456566,39.888071],[27.456593,39.888131],[27.457245,39.887977],[27.457499,39.888196],[27.458154,39.888388],[27.458137,39.888731],[27.458074,39.888766],[27.457811,39.888787],[27.45767,39.888856],[27.457424,39.889215],[27.457282,39.88957],[27.45724,39.890076],[27.457109,39.890368],[27.456858,39.890669],[27.456567,39.890942],[27.456315,39.891098],[27.455831,39.891348],[27.45552,39.891427],[27.455378,39.891422],[27.454903,39.891392],[27.454703,39.891444],[27.454566,39.891522],[27.454451,39.891531],[27.454429,39.891523],[27.454332,39.891503],[27.454046,39.89143],[27.4537,39.891299],[27.453707,39.891271],[27.45371,39.891208],[27.453705,39.890959],[27.45366,39.890876],[27.453615,39.890859],[27.453582,39.890845],[27.453211,39.89087],[27.453095,39.890764],[27.452883,39.890668],[27.452767,39.890585],[27.452995,39.890333],[27.452991,39.89025],[27.45279,39.890176],[27.452783,39.890125],[27.452812,39.89005],[27.452767,39.890022],[27.452234,39.890216],[27.452093,39.890336],[27.452046,39.890422],[27.451968,39.890391],[27.451923,39.890311],[27.451681,39.890241],[27.451688,39.890161],[27.451609,39.889987],[27.451504,39.889867],[27.45018,39.891139],[27.44801,39.893216],[27.44703,39.894745],[27.446003,39.896617],[27.445915,39.898409],[27.445579,39.90005],[27.445935,39.901536],[27.446025,39.902876],[27.446203,39.902891],[27.446364,39.903355],[27.446653,39.903567],[27.447356,39.903603],[27.447912,39.903784],[27.448189,39.903783],[27.448327,39.903706],[27.448614,39.903644],[27.448962,39.903909],[27.449726,39.904158],[27.45035,39.904156],[27.450776,39.904177],[27.451092,39.90413],[27.452488,39.90417],[27.452765,39.904047],[27.452574,39.903674],[27.452553,39.903384],[27.452737,39.902858],[27.452735,39.902522],[27.452764,39.902423],[27.452801,39.901996],[27.452677,39.901165],[27.453965,39.901287],[27.453967,39.901289],[27.45498,39.901385],[27.454931,39.901553],[27.454714,39.901653],[27.454705,39.901767],[27.454924,39.902003],[27.455103,39.902056],[27.45533,39.901978],[27.455428,39.901795],[27.455565,39.90155],[27.455783,39.901542],[27.45609,39.901632],[27.456397,39.901692],[27.456556,39.901669],[27.456636,39.901783],[27.456913,39.901858],[27.457043,39.901949],[27.457152,39.90207],[27.457361,39.902184],[27.457661,39.902572],[27.457849,39.902556],[27.458028,39.902669],[27.458358,39.903225],[27.458824,39.903246],[27.459051,39.903268],[27.459062,39.903382],[27.458855,39.903581],[27.458703,39.903732],[27.458545,39.903839],[27.458506,39.903923],[27.458447,39.903935],[27.458368,39.903916],[27.458135,39.903928],[27.458145,39.904005],[27.458455,39.904369],[27.45853,39.904548],[27.458467,39.90472],[27.458413,39.904797],[27.458275,39.904915],[27.458839,39.90558],[27.459311,39.905872],[27.458913,39.906274],[27.458706,39.906462],[27.458753,39.90682],[27.458813,39.906873],[27.459017,39.906964],[27.459423,39.906981],[27.459992,39.906998],[27.460418,39.907069],[27.460513,39.90711],[27.460572,39.907091],[27.460701,39.907098],[27.460766,39.907163],[27.46087,39.907212],[27.46097,39.907318],[27.46098,39.907421],[27.461573,39.907907],[27.461662,39.907986],[27.461737,39.908005],[27.46188,39.907955],[27.462053,39.907989],[27.462142,39.907981],[27.462315,39.907888],[27.462443,39.907846],[27.462503,39.907846],[27.462682,39.907952],[27.462805,39.907932],[27.462954,39.90789],[27.463583,39.908021],[27.463733,39.908157],[27.463901,39.908199],[27.46403,39.908202],[27.464033,39.908201],[27.464055,39.908201],[27.464307,39.908113],[27.464539,39.907917],[27.464591,39.907825],[27.46494,39.908011],[27.465653,39.908054],[27.466039,39.908022],[27.466227,39.907976],[27.466615,39.907532],[27.466953,39.907717],[27.467127,39.907873],[27.468584,39.908138],[27.468555,39.908233],[27.46863,39.908302],[27.468942,39.908312],[27.469111,39.908361],[27.469195,39.908414],[27.469702,39.908656],[27.469767,39.908701],[27.469618,39.90874],[27.469844,39.909174],[27.470279,39.909789],[27.470489,39.910765],[27.470582,39.911348],[27.470676,39.911423],[27.470782,39.911667],[27.471596,39.911904],[27.471404,39.912145],[27.472983,39.913553],[27.473255,39.913468],[27.473277,39.913468],[27.47328,39.913468],[27.473414,39.913471],[27.473612,39.913531],[27.473677,39.913603],[27.473702,39.913672],[27.473896,39.913812],[27.473872,39.913892],[27.473879,39.914087],[27.473742,39.914438],[27.473803,39.914567],[27.473987,39.914719],[27.47424,39.91481],[27.474615,39.914935],[27.474973,39.914879],[27.475468,39.914919],[27.475567,39.914903],[27.47577,39.914826],[27.476022,39.91478],[27.476497,39.914812],[27.476794,39.914757],[27.477032,39.914779],[27.477275,39.91487],[27.47751,39.915208],[27.477742,39.915116],[27.477987,39.915347],[27.478468,39.915524],[27.47887,39.915622],[27.479171,39.915518],[27.479394,39.915521],[27.479538,39.915573],[27.479969,39.915598],[27.480192,39.915643],[27.480173,39.915841],[27.480115,39.915964],[27.480075,39.915964],[27.479767,39.915797],[27.479407,39.916031],[27.479408,39.916092],[27.479621,39.916153],[27.479661,39.916221],[27.479661,39.916255],[27.479508,39.916309],[27.479469,39.916378],[27.479604,39.916481],[27.480368,39.91679],[27.480795,39.91688],[27.481405,39.917125],[27.481698,39.917208],[27.482334,39.917487],[27.482374,39.917624],[27.482573,39.917673],[27.483133,39.917751],[27.483381,39.917887],[27.484214,39.917979],[27.484348,39.918024],[27.484955,39.918449],[27.485064,39.918486],[27.485357,39.918487],[27.485499,39.918118],[27.485589,39.918143],[27.485669,39.918429],[27.485792,39.918583],[27.485841,39.918591],[27.486408,39.918448],[27.486502,39.918582],[27.487377,39.918988],[27.487435,39.918827],[27.487829,39.918889],[27.48803,39.918888],[27.488157,39.919059],[27.488374,39.919224],[27.488479,39.919355],[27.488658,39.919494],[27.489126,39.919495],[27.488728,39.919888],[27.489022,39.919973],[27.489456,39.919963],[27.490022,39.9201],[27.490182,39.920165],[27.490334,39.920165],[27.490611,39.920054]]]}},{"type":"Feature","properties":{"id":"TR-Y-17-012-K-0006","level":"yerlesim","type":"mahalle","parent_id":"TR-D-17-012","province_id":"TR-P-17","district_id":"TR-D-17-012","name":"Armutcuk","source_raw_name":"Armutcuk","source":"Kullanıcı tarafından sağlanan KML","source_label":"Kullanıcı tarafından sağlanan KML","source_name":"Canakkale Mahalle KML - kullanici tarafindan saglandi"},"geometry":{"type":"Polygon","coordinates":[[[27.299007,39.765999],[27.299148,39.765969],[27.299305,39.765974],[27.299522,39.765888],[27.299568,39.765894],[27.299658,39.765997],[27.29971,39.766141],[27.299824,39.766128],[27.300045,39.766029],[27.300155,39.766021],[27.300308,39.765982],[27.300581,39.765901],[27.300749,39.765831],[27.301031,39.765675],[27.301052,39.76574],[27.301711,39.765503],[27.301821,39.7654],[27.3021,39.765346],[27.3023,39.76533],[27.302466,39.765506],[27.302446,39.76569],[27.30339,39.763926],[27.303438,39.763801],[27.303563,39.763652],[27.30373,39.763527],[27.303858,39.763383],[27.304344,39.762666],[27.304491,39.762524],[27.305324,39.762036],[27.305288,39.761958],[27.305315,39.761413],[27.305315,39.761311],[27.305267,39.761048],[27.305205,39.760951],[27.305104,39.760854],[27.305018,39.760803],[27.304914,39.760738],[27.304856,39.760665],[27.304942,39.76044],[27.304886,39.760134],[27.30495,39.759867],[27.304988,39.759589],[27.304996,39.759322],[27.305055,39.759253],[27.305053,39.759251],[27.305062,39.759218],[27.305035,39.758015],[27.304779,39.757457],[27.304713,39.757094],[27.305156,39.756602],[27.305601,39.756453],[27.305604,39.756454],[27.305605,39.756453],[27.306468,39.756537],[27.307021,39.756364],[27.307836,39.755651],[27.308367,39.754856],[27.308629,39.753342],[27.309151,39.752294],[27.309272,39.751775],[27.309011,39.750989],[27.308728,39.750489],[27.308749,39.7501],[27.309528,39.749077],[27.3096,39.747452],[27.309531,39.747046],[27.309123,39.746139],[27.308437,39.745406],[27.308424,39.745008],[27.308657,39.744584],[27.308947,39.744246],[27.309079,39.743848],[27.309066,39.74345],[27.308435,39.742761],[27.308498,39.74239],[27.309385,39.742063],[27.31059,39.741726],[27.312163,39.741049],[27.312714,39.740607],[27.313173,39.740081],[27.313491,39.739815],[27.313648,39.739484],[27.313553,39.738616],[27.313552,39.738271],[27.31415,39.736253],[27.314081,39.735839],[27.313617,39.735335],[27.31339,39.7352],[27.311795,39.734777],[27.311434,39.734532],[27.311407,39.734299],[27.31154,39.73393],[27.311849,39.733689],[27.312268,39.73361],[27.313701,39.733542],[27.315011,39.733934],[27.317166,39.733876],[27.314566,39.732713],[27.314762,39.73249],[27.31952,39.727054],[27.327708,39.723149],[27.337359,39.719835],[27.337384,39.719827],[27.33665,39.717731],[27.336636,39.717634],[27.336573,39.717525],[27.336537,39.717431],[27.336517,39.71731],[27.336475,39.717193],[27.336385,39.717201],[27.336318,39.717152],[27.336193,39.717108],[27.336092,39.717056],[27.336049,39.716944],[27.336075,39.716882],[27.336273,39.716858],[27.336321,39.716802],[27.336311,39.716651],[27.336302,39.716544],[27.336328,39.716387],[27.336308,39.716282],[27.336261,39.716207],[27.336206,39.716153],[27.336138,39.716124],[27.336011,39.716112],[27.335844,39.716106],[27.335697,39.716108],[27.335554,39.716155],[27.335375,39.7162],[27.335175,39.716256],[27.334997,39.716331],[27.333945,39.706915],[27.333031,39.69874],[27.331455,39.691506],[27.339374,39.691546],[27.339368,39.691542],[27.339381,39.691542],[27.338312,39.690839],[27.337641,39.688969],[27.337334,39.688624],[27.336674,39.68826],[27.336519,39.687793],[27.336691,39.687534],[27.337336,39.687226],[27.337339,39.687223],[27.337343,39.687222],[27.33773,39.686895],[27.337993,39.686126],[27.337937,39.685758],[27.337824,39.685512],[27.337748,39.685073],[27.337762,39.684741],[27.33778,39.684684],[27.337789,39.684657],[27.337865,39.68454],[27.337935,39.684462],[27.338078,39.684318],[27.338165,39.684238],[27.33822,39.684185],[27.338236,39.68415],[27.338258,39.684126],[27.338289,39.684013],[27.338304,39.68397],[27.338324,39.683933],[27.338341,39.683919],[27.338843,39.683581],[27.338996,39.683423],[27.33912,39.683272],[27.339165,39.68315],[27.3392,39.683076],[27.340159,39.68146],[27.340507,39.680878],[27.340651,39.680456],[27.341471,39.678094],[27.341492,39.677986],[27.341467,39.677898],[27.340998,39.676953],[27.340857,39.676599],[27.340848,39.676556],[27.340814,39.676472],[27.340971,39.676],[27.340975,39.675876],[27.340927,39.675607],[27.340912,39.675567],[27.340864,39.675427],[27.340849,39.675365],[27.340848,39.675273],[27.340849,39.675271],[27.340884,39.675131],[27.340937,39.675014],[27.341037,39.674917],[27.341181,39.674806],[27.341214,39.674773],[27.341273,39.674725],[27.341332,39.674626],[27.341372,39.674568],[27.34139,39.67453],[27.341412,39.674493],[27.341435,39.674394],[27.341454,39.674324],[27.341489,39.674159],[27.341522,39.674053],[27.341562,39.673975],[27.341668,39.673771],[27.34182,39.673605],[27.341854,39.673576],[27.341861,39.673568],[27.341878,39.673556],[27.341991,39.67346],[27.342177,39.673336],[27.342298,39.673177],[27.342308,39.673163],[27.342427,39.672963],[27.342484,39.672825],[27.342529,39.67263],[27.342578,39.672535],[27.342672,39.67237],[27.342723,39.672283],[27.342723,39.67228],[27.342761,39.672188],[27.34259,39.67156],[27.341646,39.669159],[27.34146,39.668887],[27.341447,39.668865],[27.341403,39.668804],[27.3414,39.6688],[27.341017,39.668268],[27.340971,39.668176],[27.340951,39.668035],[27.340937,39.667942],[27.340907,39.667482],[27.340908,39.667419],[27.340902,39.667401],[27.340894,39.667281],[27.340789,39.667174],[27.340751,39.667116],[27.340647,39.66699],[27.340528,39.666884],[27.340431,39.666794],[27.340501,39.666017],[27.33824,39.665661],[27.336124,39.662961],[27.334516,39.662163],[27.333764,39.661012],[27.333686,39.660886],[27.328489,39.664505],[27.328482,39.664502],[27.328483,39.664501],[27.325065,39.663247],[27.32493,39.663183],[27.324481,39.663322],[27.323829,39.663547],[27.32313,39.663755],[27.32268,39.663926],[27.322485,39.663973],[27.321904,39.663993],[27.321751,39.664008],[27.321373,39.664111],[27.320865,39.664173],[27.32042,39.664197],[27.320036,39.66428],[27.319802,39.664352],[27.319623,39.664402],[27.319287,39.664461],[27.31904,39.664467],[27.316868,39.666165],[27.315929,39.666884],[27.313356,39.667279],[27.309969,39.667189],[27.30654,39.66654],[27.305499,39.663275],[27.305471,39.663266],[27.305532,39.663133],[27.305599,39.662885],[27.305417,39.662838],[27.305659,39.662143],[27.305699,39.662097],[27.305746,39.66199],[27.305777,39.661805],[27.305183,39.661678],[27.30495,39.661568],[27.304932,39.661568],[27.304926,39.661566],[27.304803,39.66157],[27.304635,39.661546],[27.304251,39.661489],[27.304147,39.661454],[27.303837,39.66132],[27.303483,39.661144],[27.303383,39.661092],[27.303269,39.660992],[27.303187,39.660922],[27.302902,39.660675],[27.302818,39.660541],[27.302879,39.660356],[27.302996,39.660222],[27.303119,39.660118],[27.303228,39.660067],[27.303249,39.660059],[27.303621,39.65997],[27.303729,39.659939],[27.30383,39.659882],[27.303846,39.659875],[27.303907,39.65984],[27.304094,39.659735],[27.304348,39.6596],[27.304086,39.65944],[27.304045,39.659403],[27.304013,39.659368],[27.303522,39.659614],[27.30318,39.659238],[27.302888,39.658907],[27.303348,39.658598],[27.302594,39.65776],[27.302584,39.657751],[27.302395,39.657664],[27.302364,39.65765],[27.302286,39.657716],[27.302251,39.657717],[27.302185,39.657703],[27.302126,39.657724],[27.302071,39.657854],[27.301804,39.658118],[27.301666,39.658228],[27.30148,39.658253],[27.301398,39.658292],[27.301342,39.658331],[27.301226,39.658455],[27.30111,39.658541],[27.301012,39.658587],[27.300886,39.658612],[27.300866,39.658613],[27.300852,39.658617],[27.300834,39.658615],[27.300779,39.658617],[27.300648,39.658591],[27.300645,39.65859],[27.300591,39.658566],[27.30055,39.658552],[27.300438,39.658495],[27.300435,39.658492],[27.300374,39.658461],[27.300183,39.658468],[27.300179,39.65847],[27.299968,39.65848],[27.299511,39.658188],[27.299168,39.657933],[27.297292,39.658968],[27.296028,39.658096],[27.295945,39.658037],[27.296074,39.657485],[27.296266,39.656626],[27.296294,39.656509],[27.296198,39.655276],[27.296467,39.654248],[27.296833,39.653279],[27.297195,39.653118],[27.29709,39.65296],[27.296853,39.652696],[27.296753,39.65252],[27.295698,39.65176],[27.295473,39.651594],[27.295466,39.651593],[27.2947,39.65148],[27.292813,39.650459],[27.292198,39.649924],[27.291745,39.649673],[27.289853,39.648749],[27.288911,39.648284],[27.287743,39.647588],[27.28748,39.64726],[27.287,39.646989],[27.286203,39.646712],[27.285733,39.646573],[27.285281,39.646498],[27.284938,39.646512],[27.284513,39.646367],[27.284205,39.646221],[27.283833,39.645949],[27.282539,39.644882],[27.282084,39.644479],[27.281923,39.644368],[27.281573,39.64413],[27.281355,39.644056],[27.281163,39.644064],[27.280998,39.644138],[27.280807,39.644253],[27.280806,39.644254],[27.2808,39.644257],[27.280696,39.644345],[27.280479,39.644544],[27.280175,39.644751],[27.279912,39.644885],[27.279224,39.645136],[27.278981,39.645248],[27.278742,39.645322],[27.278597,39.645345],[27.278404,39.645371],[27.277995,39.645399],[27.277699,39.645447],[27.277511,39.645488],[27.277261,39.64556],[27.27691,39.645721],[27.276739,39.645879],[27.276699,39.645975],[27.276629,39.646174],[27.276649,39.64644],[27.276744,39.646712],[27.276908,39.646993],[27.277218,39.647438],[27.277369,39.64767],[27.277627,39.647942],[27.27776,39.648116],[27.27793,39.648363],[27.277993,39.648498],[27.278183,39.648925],[27.278349,39.649535],[27.27835,39.649904],[27.278339,39.650161],[27.278334,39.650239],[27.278323,39.650782],[27.27838,39.651],[27.27845,39.651194],[27.278615,39.651606],[27.278735,39.651911],[27.278843,39.652275],[27.278926,39.652628],[27.278946,39.652939],[27.279004,39.653293],[27.279069,39.65386],[27.279046,39.654375],[27.279004,39.654563],[27.278932,39.65479],[27.278825,39.654974],[27.278682,39.655203],[27.278458,39.655397],[27.276757,39.656315],[27.276754,39.656317],[27.276751,39.656319],[27.276248,39.656689],[27.276248,39.656689],[27.274856,39.658314],[27.274803,39.659575],[27.274513,39.659846],[27.274508,39.659846],[27.27451,39.659845],[27.272066,39.66003],[27.272059,39.660034],[27.272059,39.660034],[27.269967,39.661345],[27.267872,39.662206],[27.26369,39.663789],[27.261944,39.664063],[27.26043,39.664427],[27.259253,39.665607],[27.259237,39.666112],[27.259053,39.666621],[27.258745,39.666836],[27.257666,39.667249],[27.256744,39.667952],[27.25326,39.669301],[27.25244,39.670285],[27.252104,39.670613],[27.251064,39.671626],[27.250013,39.669807],[27.249307,39.670005],[27.24781,39.671164],[27.247807,39.671164],[27.247808,39.671163],[27.246002,39.671032],[27.244677,39.671149],[27.244474,39.671155],[27.242937,39.671217],[27.24239,39.671084],[27.241048,39.670817],[27.239614,39.67019],[27.238392,39.669755],[27.238119,39.669473],[27.238119,39.669473],[27.238118,39.669472],[27.237337,39.669047],[27.236798,39.668427],[27.236797,39.668427],[27.236797,39.668426],[27.236282,39.66801],[27.235011,39.667482],[27.23449,39.667974],[27.234491,39.667976],[27.234049,39.66871],[27.234023,39.668982],[27.233998,39.6691],[27.233952,39.669179],[27.233784,39.669409],[27.233597,39.669792],[27.233545,39.669912],[27.233419,39.670094],[27.233231,39.670432],[27.233128,39.670592],[27.233054,39.670691],[27.232994,39.670841],[27.232937,39.67096],[27.232857,39.671214],[27.232838,39.671273],[27.232703,39.671699],[27.232595,39.671819],[27.232218,39.672149],[27.232145,39.672248],[27.232131,39.672316],[27.232056,39.672518],[27.231951,39.672668],[27.231842,39.672961],[27.231718,39.673138],[27.231646,39.673259],[27.231585,39.673461],[27.231553,39.673634],[27.231515,39.673824],[27.231553,39.673882],[27.231553,39.674001],[27.231562,39.674114],[27.231546,39.674233],[27.231563,39.674377],[27.231612,39.674515],[27.231629,39.674735],[27.231618,39.675062],[27.231609,39.675346],[27.231486,39.675485],[27.231632,39.675628],[27.231727,39.67612],[27.23192,39.676475],[27.232024,39.676698],[27.232038,39.676973],[27.231059,39.678737],[27.231502,39.680189],[27.232398,39.68237],[27.227695,39.68637],[27.227294,39.68802],[27.227406,39.689551],[27.228307,39.690622],[27.230577,39.692033],[27.22657,39.693876],[27.22657,39.693878],[27.226571,39.693877],[27.225492,39.697382],[27.226468,39.70131],[27.226213,39.703778],[27.225552,39.706594],[27.225551,39.706594],[27.225954,39.707006],[27.227549,39.707764],[27.227781,39.708283],[27.228553,39.708586],[27.2288,39.708953],[27.229639,39.709382],[27.230169,39.710814],[27.232111,39.712471],[27.232727,39.713922],[27.233419,39.71451],[27.233983,39.714845],[27.235235,39.714842],[27.235726,39.715065],[27.23645,39.714559],[27.237557,39.714627],[27.238521,39.715186],[27.238757,39.715255],[27.239247,39.715311],[27.239846,39.715407],[27.242792,39.717139],[27.243501,39.717362],[27.244554,39.717654],[27.245135,39.717639],[27.245971,39.718113],[27.24717,39.718363],[27.24826,39.718767],[27.248824,39.719172],[27.249551,39.719353],[27.250151,39.719185],[27.251043,39.719229],[27.251421,39.719325],[27.251767,39.719537],[27.251939,39.720251],[27.252411,39.720967],[27.252741,39.721238],[27.253611,39.721571],[27.254164,39.721915],[27.254224,39.722159],[27.254096,39.722477],[27.253816,39.72294],[27.253782,39.723194],[27.254353,39.723591],[27.254854,39.723976],[27.255213,39.724773],[27.255625,39.725281],[27.255377,39.725667],[27.255273,39.726369],[27.256665,39.726985],[27.257202,39.727604],[27.258096,39.728441],[27.258792,39.728467],[27.259326,39.728301],[27.259772,39.728465],[27.260292,39.729344],[27.260387,39.729922],[27.261254,39.730323],[27.2616,39.731009],[27.262777,39.73183],[27.26349,39.732414],[27.263848,39.732953],[27.264035,39.735314],[27.264917,39.736566],[27.265156,39.737133],[27.266046,39.738396],[27.267124,39.740267],[27.26787,39.740856],[27.268855,39.740938],[27.269819,39.74151],[27.271207,39.742782],[27.270905,39.743357],[27.271121,39.743661],[27.270385,39.744098],[27.269891,39.744563],[27.269867,39.745023],[27.270261,39.745542],[27.270893,39.745836],[27.270977,39.746012],[27.269658,39.747687],[27.269937,39.748143],[27.27235,39.750789],[27.27269,39.750855],[27.273051,39.750848],[27.273262,39.7508],[27.273541,39.750801],[27.274158,39.75103],[27.274814,39.75186],[27.274839,39.75207],[27.274711,39.752361],[27.273758,39.753405],[27.273699,39.753643],[27.273747,39.753777],[27.273872,39.753902],[27.273922,39.754034],[27.274018,39.754091],[27.274109,39.754297],[27.274174,39.754373],[27.274329,39.754432],[27.274391,39.754479],[27.274571,39.754691],[27.274643,39.754884],[27.27454,39.755096],[27.274051,39.755482],[27.273797,39.755702],[27.274111,39.755927],[27.27441,39.75608],[27.274545,39.755934],[27.274624,39.755881],[27.27475,39.755888],[27.274828,39.755963],[27.274936,39.756152],[27.275577,39.756093],[27.275887,39.756037],[27.27615,39.755938],[27.276646,39.755971],[27.276913,39.756179],[27.277226,39.756025],[27.277529,39.755891],[27.277663,39.756014],[27.277747,39.756221],[27.278028,39.756148],[27.278464,39.755954],[27.278702,39.755974],[27.27887,39.756022],[27.279104,39.756135],[27.279276,39.756184],[27.279344,39.756289],[27.279407,39.756386],[27.280029,39.756349],[27.280413,39.756722],[27.28065,39.757007],[27.2807,39.757238],[27.280682,39.757394],[27.280539,39.757611],[27.280663,39.757711],[27.280662,39.757713],[27.280793,39.757819],[27.280898,39.757998],[27.280923,39.758102],[27.28095,39.758325],[27.280954,39.758324],[27.280954,39.758325],[27.281612,39.758291],[27.281613,39.758291],[27.282516,39.758196],[27.28252,39.758196],[27.28252,39.758196],[27.282831,39.75818],[27.283185,39.758285],[27.283265,39.758329],[27.283269,39.758367],[27.283154,39.758495],[27.283475,39.758604],[27.283691,39.758655],[27.283884,39.758803],[27.284109,39.759178],[27.284109,39.759178],[27.284113,39.759178],[27.284771,39.759227],[27.284971,39.759203],[27.284987,39.759314],[27.28527,39.759495],[27.285379,39.759634],[27.285476,39.759695],[27.285762,39.759693],[27.285766,39.759693],[27.285965,39.760081],[27.286108,39.760248],[27.286115,39.760394],[27.28573,39.761318],[27.285735,39.76132],[27.285801,39.761336],[27.285999,39.761284],[27.286332,39.76115],[27.286475,39.761109],[27.286868,39.761178],[27.287616,39.761521],[27.287785,39.761517],[27.28797,39.76137],[27.2884,39.761394],[27.288719,39.761285],[27.289536,39.76086],[27.289809,39.760453],[27.290114,39.760169],[27.290728,39.759872],[27.29099,39.759852],[27.292153,39.760276],[27.293902,39.760248],[27.293993,39.759757],[27.294183,39.759062],[27.294789,39.758722],[27.295937,39.758518],[27.296967,39.759061],[27.296872,39.759368],[27.297534,39.759776],[27.298197,39.76009],[27.298934,39.760368],[27.299063,39.760293],[27.299343,39.760229],[27.29945,39.760337],[27.29952,39.760552],[27.299241,39.760913],[27.299102,39.761043],[27.299138,39.76117],[27.299104,39.761316],[27.298801,39.761275],[27.298556,39.761273],[27.297986,39.761402],[27.298069,39.761522],[27.298012,39.761702],[27.298144,39.761742],[27.29823,39.761833],[27.298417,39.762342],[27.298301,39.76257],[27.297957,39.762406],[27.297753,39.7624],[27.297491,39.762301],[27.297182,39.762229],[27.297108,39.762453],[27.296958,39.762663],[27.297008,39.76286],[27.297639,39.763406],[27.298585,39.763347],[27.299325,39.762705],[27.300069,39.763103],[27.300243,39.763771],[27.299001,39.763536],[27.29778,39.76509],[27.297891,39.76507],[27.298004,39.765098],[27.298123,39.765107],[27.298217,39.765094],[27.298289,39.765056],[27.298421,39.76524],[27.298392,39.765317],[27.298262,39.76538],[27.298089,39.765378],[27.297896,39.765453],[27.297431,39.765457],[27.297358,39.76551],[27.297469,39.765709],[27.297582,39.765805],[27.297947,39.76601],[27.298228,39.766154],[27.298328,39.766266],[27.298798,39.766312],[27.298947,39.766126],[27.29895,39.766061],[27.299007,39.765999]]]}},{"type":"Feature","properties":{"id":"TR-Y-17-012-K-0007","level":"yerlesim","type":"mahalle","parent_id":"TR-D-17-012","province_id":"TR-P-17","district_id":"TR-D-17-012","name":"Aşağıçavuş","source_raw_name":"Aşağıçavuş","source":"Kullanıcı tarafından sağlanan KML","source_label":"Kullanıcı tarafından sağlanan KML","source_name":"Canakkale Mahalle KML - kullanici tarafindan saglandi"},"geometry":{"type":"Polygon","coordinates":[[[27.107484,39.823011],[27.107672,39.822896],[27.108231,39.823193],[27.108424,39.82354],[27.108509,39.823761],[27.108583,39.823807],[27.109043,39.823726],[27.109196,39.823524],[27.109685,39.82318],[27.109719,39.823085],[27.109699,39.822921],[27.109699,39.822803],[27.109659,39.82265],[27.109693,39.822322],[27.10989,39.821853],[27.110112,39.82162],[27.110325,39.821624],[27.11076,39.821711],[27.110765,39.821879],[27.110692,39.822142],[27.11047,39.822428],[27.11182,39.822515],[27.112502,39.822567],[27.112665,39.822556],[27.113787,39.821956],[27.115339,39.821169],[27.115789,39.821009],[27.11584,39.820729],[27.11587,39.820654],[27.116048,39.820568],[27.116241,39.820591],[27.116277,39.820391],[27.116418,39.820293],[27.116336,39.820116],[27.116484,39.819984],[27.116566,39.819824],[27.116662,39.819727],[27.117018,39.819521],[27.117741,39.819927],[27.118961,39.819662],[27.119087,39.819679],[27.119228,39.819953],[27.119065,39.820056],[27.118977,39.820182],[27.119244,39.82025],[27.119377,39.82013],[27.119414,39.820119],[27.119548,39.820142],[27.119717,39.820425],[27.119778,39.820639],[27.119963,39.820387],[27.120119,39.82037],[27.120623,39.819889],[27.121617,39.820157],[27.122092,39.820425],[27.12253,39.820504],[27.122789,39.820052],[27.122825,39.819886],[27.122744,39.819744],[27.122884,39.819606],[27.123099,39.81952],[27.12324,39.819434],[27.122995,39.819326],[27.122594,39.81928],[27.122387,39.819378],[27.12215,39.819681],[27.12189,39.819527],[27.121623,39.819567],[27.120859,39.819391],[27.121755,39.818303],[27.122073,39.818154],[27.122659,39.818131],[27.123008,39.818256],[27.123156,39.818268],[27.123498,39.818364],[27.123861,39.818204],[27.124016,39.818192],[27.124876,39.817877],[27.124986,39.817293],[27.124837,39.816813],[27.12451,39.816499],[27.124562,39.816293],[27.124717,39.816127],[27.12485,39.815847],[27.124887,39.815458],[27.125035,39.815292],[27.125472,39.81508],[27.125983,39.814965],[27.126153,39.814551],[27.126005,39.814479],[27.125685,39.814259],[27.125051,39.813863],[27.12512,39.813545],[27.125112,39.813136],[27.125756,39.812635],[27.125703,39.811889],[27.125703,39.811557],[27.125647,39.811343],[27.12555,39.811108],[27.125538,39.810882],[27.125824,39.810799],[27.126083,39.810702],[27.12629,39.810618],[27.126454,39.810593],[27.126546,39.810624],[27.126784,39.810661],[27.126995,39.810729],[27.127326,39.810969],[27.127392,39.81086],[27.12734,39.810552],[27.127354,39.810068],[27.127464,39.809613],[27.12726,39.809311],[27.126832,39.808513],[27.127008,39.80787],[27.127081,39.807092],[27.127157,39.806202],[27.127382,39.805613],[27.127286,39.805462],[27.126985,39.805356],[27.126859,39.805196],[27.12674,39.804816],[27.126798,39.804478],[27.127035,39.804044],[27.127049,39.80384],[27.126874,39.803329],[27.126892,39.802991],[27.126902,39.802542],[27.126876,39.802297],[27.127061,39.801972],[27.127051,39.801815],[27.126971,39.801564],[27.12704,39.801411],[27.12701,39.801213],[27.126931,39.801152],[27.126654,39.801061],[27.126525,39.800977],[27.126525,39.800809],[27.126643,39.800573],[27.126643,39.800474],[27.12637,39.800241],[27.126111,39.800027],[27.126154,39.799949],[27.126859,39.798976],[27.126686,39.798624],[27.126818,39.798495],[27.126926,39.798512],[27.127171,39.798716],[27.127285,39.798728],[27.12752,39.798573],[27.127541,39.798509],[27.127776,39.798253],[27.127886,39.798103],[27.128062,39.7978],[27.129454,39.797248],[27.130581,39.796813],[27.131742,39.796345],[27.132816,39.795924],[27.133517,39.79558],[27.133829,39.795659],[27.133463,39.795292],[27.133265,39.795035],[27.133225,39.795013],[27.133132,39.794866],[27.132925,39.794635],[27.132575,39.794514],[27.132201,39.794464],[27.132158,39.794419],[27.132285,39.794304],[27.132285,39.794285],[27.1323,39.794252],[27.13229,39.794064],[27.132278,39.794004],[27.132073,39.793718],[27.131894,39.793569],[27.131235,39.793186],[27.131142,39.793086],[27.130981,39.792819],[27.130969,39.792774],[27.130975,39.792719],[27.131037,39.792714],[27.131163,39.792738],[27.131225,39.792728],[27.131268,39.792657],[27.131246,39.792559],[27.131091,39.792278],[27.130865,39.791971],[27.130819,39.791842],[27.130828,39.791718],[27.130821,39.79147],[27.130756,39.791344],[27.130709,39.791223],[27.130777,39.791137],[27.130857,39.791058],[27.131024,39.791008],[27.13108,39.790979],[27.131227,39.790679],[27.131054,39.790395],[27.130973,39.790179],[27.130723,39.790062],[27.130411,39.790048],[27.130003,39.790084],[27.12962,39.790156],[27.12937,39.790199],[27.129253,39.790204],[27.129027,39.790083],[27.128971,39.790081],[27.128764,39.789912],[27.128495,39.789669],[27.128021,39.789124],[27.12773,39.788795],[27.127436,39.78845],[27.126934,39.787707],[27.126662,39.787548],[27.126307,39.787284],[27.126004,39.787079],[27.125719,39.787041],[27.125472,39.786882],[27.125342,39.786858],[27.124947,39.786973],[27.124793,39.786961],[27.124687,39.786856],[27.124818,39.785875],[27.125428,39.785057],[27.126267,39.783937],[27.128423,39.781123],[27.129853,39.779229],[27.130648,39.778204],[27.130856,39.777517],[27.131313,39.777145],[27.131613,39.775939],[27.131718,39.775777],[27.131637,39.775586],[27.131785,39.775143],[27.13176,39.774923],[27.131425,39.774576],[27.131345,39.774342],[27.131202,39.7743],[27.131115,39.773251],[27.131267,39.77239],[27.131192,39.77179],[27.13082,39.771228],[27.130808,39.771152],[27.130819,39.770837],[27.130839,39.770311],[27.131279,39.769324],[27.130722,39.768448],[27.130585,39.767623],[27.129787,39.766966],[27.129328,39.766223],[27.127257,39.764692],[27.126755,39.763805],[27.126427,39.762482],[27.126505,39.761239],[27.126593,39.76085],[27.126696,39.760495],[27.126341,39.760403],[27.125581,39.760127],[27.115128,39.749204],[27.107704,39.739679],[27.102748,39.727769],[27.098417,39.720623],[27.097482,39.713713],[27.10043,39.708966],[27.098984,39.708415],[27.096989,39.707983],[27.09491,39.705795],[27.093123,39.703535],[27.089403,39.702651],[27.087769,39.701186],[27.087779,39.700336],[27.085724,39.698112],[27.085724,39.694525],[27.082367,39.695203],[27.07937,39.695115],[27.075813,39.694171],[27.073191,39.694714],[27.072141,39.694642],[27.062287,39.691162],[27.059665,39.6931],[27.052845,39.693419],[27.052979,39.694162],[27.05225,39.694772],[27.051305,39.695701],[27.050556,39.695975],[27.048901,39.696539],[27.047779,39.697118],[27.044055,39.698444],[27.041911,39.698642],[27.03907,39.699078],[27.038764,39.699277],[27.038225,39.700214],[27.037895,39.701359],[27.037096,39.702556],[27.035875,39.703843],[27.035605,39.704353],[27.035724,39.704887],[27.036298,39.705923],[27.036681,39.707103],[27.037179,39.708525],[27.037744,39.709236],[27.038011,39.709769],[27.038182,39.710616],[27.038343,39.711082],[27.039018,39.713571],[27.039112,39.714409],[27.033277,39.716275],[27.032868,39.716802],[27.032641,39.717926],[27.032687,39.718734],[27.032597,39.72021],[27.032381,39.721446],[27.032186,39.722087],[27.031749,39.722923],[27.030851,39.723794],[27.030172,39.724248],[27.027989,39.724581],[27.026754,39.724892],[27.025346,39.725676],[27.023471,39.726447],[27.022184,39.724442],[27.020847,39.723578],[27.01829,39.72225],[27.016786,39.721514],[27.016202,39.721592],[27.014748,39.72234],[27.013782,39.722403],[27.011345,39.722081],[27.009326,39.722296],[27.007502,39.722232],[27.006667,39.72206],[27.005984,39.72164],[27.004669,39.721489],[27.001932,39.722976],[27.000891,39.723546],[26.998578,39.723967],[26.995497,39.724411],[26.994652,39.72439],[26.993248,39.724474],[26.991708,39.724126],[26.989909,39.723937],[26.989023,39.72501],[26.989018,39.725013],[26.989016,39.725014],[26.988416,39.725298],[26.987782,39.725291],[26.986695,39.724924],[26.986214,39.725131],[26.98592,39.725645],[26.985614,39.72658],[26.985082,39.727603],[26.984539,39.728154],[26.984533,39.728157],[26.984532,39.728158],[26.983275,39.728866],[26.980607,39.729779],[26.978496,39.730372],[26.977851,39.73076],[26.977239,39.732118],[26.976483,39.732812],[26.977186,39.73355],[26.979203,39.734852],[26.979662,39.735305],[26.980028,39.735999],[26.980218,39.736989],[26.9802,39.737363],[26.979975,39.738059],[26.979611,39.739008],[26.979819,39.740092],[26.980061,39.740814],[26.980615,39.74155],[26.979453,39.742992],[26.978868,39.743832],[26.978341,39.744239],[26.978338,39.74424],[26.978334,39.744243],[26.977831,39.74446],[26.974377,39.745236],[26.972986,39.745421],[26.971963,39.74586],[26.971366,39.745794],[26.969567,39.745509],[26.969312,39.746415],[26.969624,39.747555],[26.970505,39.748324],[26.973659,39.748632],[26.977269,39.74849],[26.977809,39.748994],[26.977069,39.750398],[26.976526,39.750852],[26.977211,39.751579],[26.979651,39.753299],[26.980079,39.754235],[26.98025,39.755172],[26.980187,39.755596],[26.979741,39.756715],[26.979665,39.757334],[26.979855,39.758169],[26.980097,39.758828],[26.980631,39.759584],[26.980138,39.760245],[26.979399,39.761084],[26.978881,39.761904],[26.978026,39.762523],[26.974425,39.763302],[26.973149,39.763486],[26.972582,39.763694],[26.971964,39.763952],[26.970947,39.763753],[26.969621,39.763584],[26.969376,39.76427],[26.969504,39.765353],[26.9698,39.765741],[26.970534,39.766367],[26.970804,39.766764],[26.970868,39.767182],[26.970713,39.767758],[26.970717,39.768516],[26.970651,39.769043],[26.970164,39.769408],[26.970162,39.769409],[26.970158,39.769412],[26.968975,39.769838],[26.967358,39.77005],[26.965164,39.770009],[26.962917,39.769998],[26.961347,39.769892],[26.960162,39.769709],[26.959227,39.769526],[26.957923,39.769464],[26.956672,39.769311],[26.955802,39.769453],[26.951717,39.769112],[26.947854,39.766816],[26.94362,39.763659],[26.942586,39.755743],[26.942183,39.753692],[26.942225,39.753034],[26.940711,39.752897],[26.938857,39.762555],[26.938171,39.766128],[26.93508,39.782226],[26.990746,39.79459],[26.9958,39.795057],[26.998815,39.795715],[27.000582,39.796092],[27.002534,39.79755],[27.006563,39.797197],[27.009448,39.797507],[27.013501,39.797502],[27.016257,39.79742],[27.019593,39.797177],[27.02319,39.799135],[27.026478,39.800669],[27.031464,39.801988],[27.032972,39.802359],[27.035944,39.802163],[27.039021,39.801185],[27.042259,39.801098],[27.046645,39.800662],[27.049437,39.798488],[27.052767,39.798434],[27.0554,39.799181],[27.059282,39.801691],[27.060828,39.802619],[27.062805,39.803386],[27.066403,39.804218],[27.069196,39.804612],[27.071418,39.805458],[27.072581,39.806839],[27.072754,39.807478],[27.073596,39.808259],[27.075821,39.80882],[27.077577,39.809391],[27.077801,39.81103],[27.078456,39.81102],[27.078479,39.809609],[27.078874,39.809237],[27.079801,39.809294],[27.080594,39.810933],[27.082164,39.811199],[27.082993,39.811675],[27.083895,39.811521],[27.085057,39.811501],[27.087567,39.812386],[27.087691,39.812767],[27.087679,39.813597],[27.088669,39.814063],[27.091154,39.814585],[27.095174,39.816526],[27.095106,39.816678],[27.095433,39.817112],[27.095863,39.817358],[27.096345,39.817432],[27.096397,39.817523],[27.09559,39.817981],[27.09631,39.818478],[27.095391,39.819497],[27.095237,39.820115],[27.094888,39.820155],[27.095519,39.820566],[27.09589,39.820681],[27.095904,39.820337],[27.09635,39.820451],[27.097076,39.820354],[27.096958,39.82064],[27.096788,39.821074],[27.096959,39.821189],[27.096923,39.821846],[27.097234,39.821892],[27.097383,39.822018],[27.097197,39.822149],[27.097137,39.822269],[27.096488,39.822407],[27.096142,39.822384],[27.095728,39.822451],[27.095666,39.822389],[27.095549,39.822489],[27.095388,39.82257],[27.095351,39.822546],[27.095277,39.822623],[27.095172,39.822661],[27.094579,39.822971],[27.094438,39.82321],[27.094493,39.823329],[27.094846,39.823559],[27.095443,39.824122],[27.095652,39.824262],[27.095726,39.82419],[27.095955,39.824276],[27.096622,39.82409],[27.096882,39.824228],[27.097049,39.824504],[27.097111,39.824442],[27.097332,39.823889],[27.097586,39.823912],[27.097932,39.823607],[27.097981,39.823478],[27.098314,39.823245],[27.09846,39.823012],[27.09869,39.823172],[27.098801,39.823229],[27.098831,39.823412],[27.098985,39.823422],[27.099498,39.823018],[27.099517,39.822629],[27.100383,39.822857],[27.100328,39.822609],[27.100422,39.822384],[27.100362,39.822174],[27.100288,39.822091],[27.100356,39.821473],[27.10049,39.821332],[27.100489,39.821248],[27.100702,39.821015],[27.100815,39.820885],[27.100795,39.820702],[27.100726,39.820477],[27.100844,39.820066],[27.101056,39.820088],[27.101897,39.819779],[27.102139,39.819855],[27.102105,39.820286],[27.102298,39.820301],[27.102649,39.820213],[27.102807,39.820239],[27.10345,39.820517],[27.103544,39.820456],[27.104732,39.821126],[27.104816,39.821191],[27.104935,39.821255],[27.105059,39.821434],[27.105158,39.821499],[27.105336,39.821751],[27.105653,39.821922],[27.105752,39.82199],[27.105767,39.822154],[27.105258,39.822227],[27.105065,39.822483],[27.104774,39.822674],[27.104591,39.822746],[27.104398,39.822781],[27.104542,39.822857],[27.104641,39.823051],[27.104666,39.823185],[27.104582,39.823463],[27.10531,39.824019],[27.105424,39.824126],[27.105582,39.824198],[27.106028,39.82464],[27.106156,39.824731],[27.10625,39.824712],[27.106314,39.82464],[27.106398,39.824506],[27.106413,39.824297],[27.106363,39.823999],[27.106432,39.823709],[27.10656,39.823515],[27.106896,39.823339],[27.107266,39.823019],[27.107484,39.823011]]]}},{"type":"Feature","properties":{"id":"TR-Y-17-012-K-0008","level":"yerlesim","type":"mahalle","parent_id":"TR-D-17-012","province_id":"TR-P-17","district_id":"TR-D-17-012","name":"Aşağıinova","source_raw_name":"Aşağıinova","source":"Kullanıcı tarafından sağlanan KML","source_label":"Kullanıcı tarafından sağlanan KML","source_name":"Canakkale Mahalle KML - kullanici tarafindan saglandi"},"geometry":{"type":"Polygon","coordinates":[[[27.299465,40.113887],[27.30022,40.112846],[27.300225,40.112847],[27.300295,40.112761],[27.303225,40.111438],[27.304858,40.111567],[27.306845,40.110485],[27.307148,40.110136],[27.307928,40.109624],[27.30864,40.10927],[27.309067,40.108959],[27.309302,40.108801],[27.309742,40.108614],[27.310119,40.108356],[27.310349,40.108317],[27.310516,40.108321],[27.310591,40.108445],[27.310642,40.108597],[27.311039,40.108596],[27.311446,40.108133],[27.311639,40.108266],[27.311732,40.108237],[27.311856,40.108094],[27.311991,40.107884],[27.312363,40.10763],[27.312654,40.107472],[27.312815,40.107362],[27.31318,40.107204],[27.313254,40.107122],[27.313303,40.107013],[27.313415,40.106927],[27.313991,40.106863],[27.31414,40.10672],[27.314244,40.106443],[27.314256,40.106319],[27.314256,40.106257],[27.314143,40.106091],[27.314143,40.106033],[27.314688,40.105841],[27.314289,40.105328],[27.314232,40.105194],[27.314417,40.104946],[27.314467,40.104917],[27.314621,40.104755],[27.314882,40.104773],[27.315454,40.105101],[27.316266,40.104884],[27.317239,40.104519],[27.319554,40.104475],[27.319754,40.103588],[27.320174,40.103029],[27.320804,40.102384],[27.321591,40.100861],[27.322557,40.10033],[27.323585,40.100069],[27.324312,40.100086],[27.325454,40.099692],[27.326818,40.099663],[27.325386,40.096922],[27.324902,40.095995],[27.323958,40.094188],[27.322118,40.090663],[27.321115,40.088743],[27.319017,40.086892],[27.315983,40.084211],[27.315908,40.084149],[27.313172,40.081735],[27.311815,40.078334],[27.310687,40.075507],[27.309567,40.072697],[27.308028,40.068839],[27.308017,40.068771],[27.307962,40.06874],[27.307926,40.068709],[27.307884,40.068663],[27.304639,40.067462],[27.304486,40.067301],[27.304293,40.06712],[27.304542,40.066811],[27.304858,40.066384],[27.305151,40.066049],[27.305506,40.065899],[27.305383,40.065566],[27.304939,40.064765],[27.304621,40.064036],[27.304662,40.063949],[27.302125,40.059428],[27.29806,40.059914],[27.300452,40.060854],[27.300551,40.060973],[27.300785,40.061146],[27.300929,40.061589],[27.300834,40.061772],[27.300795,40.061997],[27.300665,40.062152],[27.300515,40.062517],[27.300657,40.062504],[27.300791,40.062659],[27.300476,40.06281],[27.300299,40.06276],[27.299907,40.06263],[27.299427,40.062634],[27.299118,40.063676],[27.298788,40.063381],[27.297708,40.063184],[27.29759,40.063094],[27.297791,40.062931],[27.297919,40.062573],[27.297623,40.062167],[27.295949,40.064499],[27.296029,40.064265],[27.295813,40.063901],[27.295794,40.063749],[27.29566,40.063611],[27.295377,40.063571],[27.295312,40.063469],[27.295538,40.062811],[27.295512,40.06247],[27.295732,40.061738],[27.295891,40.061766],[27.295845,40.061266],[27.295171,40.061017],[27.294727,40.060916],[27.294486,40.060979],[27.293771,40.061517],[27.293883,40.062164],[27.29334,40.062959],[27.293122,40.063379],[27.293307,40.063774],[27.29326,40.063822],[27.293062,40.06382],[27.292959,40.063794],[27.292593,40.063631],[27.29245,40.063595],[27.292283,40.063796],[27.292454,40.063843],[27.292554,40.063926],[27.292251,40.064122],[27.292288,40.064251],[27.292264,40.064282],[27.292196,40.064394],[27.29219,40.064437],[27.292327,40.064625],[27.292628,40.064617],[27.292758,40.064576],[27.292966,40.064514],[27.293118,40.064618],[27.292434,40.064987],[27.292419,40.065137],[27.29265,40.065356],[27.292821,40.065401],[27.292731,40.065506],[27.292474,40.065549],[27.29231,40.065662],[27.292295,40.065836],[27.292432,40.065881],[27.292731,40.06624],[27.292889,40.06623],[27.29296,40.066101],[27.293146,40.06606],[27.293295,40.066098],[27.293652,40.066092],[27.29364,40.066192],[27.293745,40.066256],[27.294565,40.066426],[27.294743,40.06602],[27.294592,40.065642],[27.294892,40.065443],[27.295363,40.065213],[27.295683,40.065324],[27.295674,40.065522],[27.29557,40.065796],[27.295286,40.066102],[27.295194,40.066398],[27.295071,40.066532],[27.294991,40.066687],[27.294796,40.066816],[27.294195,40.067742],[27.294131,40.067916],[27.293836,40.067886],[27.293956,40.067614],[27.293925,40.067592],[27.293967,40.067423],[27.293933,40.067314],[27.293376,40.067613],[27.293015,40.068005],[27.292857,40.068103],[27.292798,40.068115],[27.292652,40.06801],[27.290574,40.069498],[27.290446,40.070087],[27.290331,40.070659],[27.290294,40.070833],[27.29061,40.07134],[27.290663,40.071468],[27.290598,40.071516],[27.290711,40.071775],[27.290823,40.071854],[27.290956,40.071772],[27.291242,40.07191],[27.291694,40.071875],[27.291975,40.072122],[27.291684,40.072352],[27.291481,40.072743],[27.291479,40.072896],[27.29137,40.072975],[27.290913,40.072735],[27.290511,40.072908],[27.290337,40.072963],[27.290407,40.073318],[27.29031,40.07373],[27.290311,40.073938],[27.290413,40.074612],[27.290414,40.074871],[27.290384,40.075229],[27.290156,40.075453],[27.289853,40.075704],[27.289615,40.076055],[27.289328,40.076394],[27.289057,40.076876],[27.289118,40.077336],[27.289089,40.077372],[27.289084,40.077405],[27.289012,40.077486],[27.288865,40.077653],[27.288746,40.077793],[27.288573,40.078005],[27.288469,40.078097],[27.288434,40.078148],[27.288455,40.078229],[27.288646,40.07851],[27.288666,40.078542],[27.288787,40.078711],[27.288868,40.078827],[27.288934,40.078971],[27.288961,40.079014],[27.289015,40.079084],[27.289123,40.079232],[27.289204,40.079343],[27.289296,40.079459],[27.289383,40.079566],[27.289504,40.079782],[27.289518,40.079837],[27.289513,40.079882],[27.289489,40.079999],[27.289468,40.080066],[27.289444,40.080151],[27.289415,40.080206],[27.289367,40.08027],[27.289321,40.080305],[27.289296,40.080329],[27.289229,40.08037],[27.289127,40.080418],[27.289057,40.080448],[27.288863,40.080488],[27.288737,40.080504],[27.288546,40.080585],[27.28831,40.080526],[27.288009,40.080478],[27.287729,40.080434],[27.287532,40.080395],[27.287291,40.080329],[27.287152,40.080276],[27.287006,40.080198],[27.286861,40.080112],[27.286667,40.079955],[27.28647,40.079807],[27.286168,40.079656],[27.285621,40.079402],[27.285183,40.079224],[27.285131,40.079295],[27.284949,40.079545],[27.28488,40.079657],[27.284843,40.079806],[27.284814,40.079877],[27.284742,40.080005],[27.28454,40.08028],[27.284382,40.08045],[27.284226,40.080599],[27.284095,40.080744],[27.283967,40.080884],[27.283878,40.080956],[27.283741,40.081033],[27.283469,40.081171],[27.28338,40.08122],[27.283343,40.081297],[27.283249,40.081459],[27.283182,40.0814],[27.28308,40.081402],[27.283033,40.081401],[27.282966,40.081401],[27.282919,40.081395],[27.282867,40.081401],[27.282718,40.081407],[27.282624,40.081398],[27.282533,40.081552],[27.28252,40.081617],[27.282422,40.081785],[27.282338,40.081986],[27.28218,40.082066],[27.282222,40.08215],[27.281934,40.082536],[27.282132,40.082585],[27.282254,40.082653],[27.282232,40.082745],[27.282042,40.082951],[27.281874,40.083073],[27.281634,40.083255],[27.281314,40.083408],[27.281166,40.083563],[27.281101,40.083535],[27.280938,40.083758],[27.280738,40.083955],[27.280525,40.084106],[27.28037,40.084226],[27.280236,40.084305],[27.280124,40.084343],[27.279976,40.084401],[27.279974,40.084553],[27.279957,40.084658],[27.280154,40.084978],[27.280291,40.085119],[27.280636,40.085409],[27.28098,40.085551],[27.28148,40.085836],[27.281718,40.08591],[27.281838,40.085984],[27.281883,40.086121],[27.281958,40.086195],[27.281914,40.086418],[27.281453,40.0867],[27.281245,40.08674],[27.281238,40.086792],[27.281223,40.086889],[27.281179,40.086935],[27.280606,40.087022],[27.280591,40.087091],[27.280562,40.087176],[27.280339,40.087309],[27.280071,40.087303],[27.279826,40.087367],[27.279774,40.087516],[27.279552,40.087762],[27.279329,40.087877],[27.279135,40.08782],[27.278585,40.087993],[27.278496,40.088079],[27.278116,40.088195],[27.277945,40.088155],[27.277729,40.088247],[27.27764,40.088196],[27.277589,40.088396],[27.277529,40.088402],[27.277492,40.088482],[27.277307,40.088631],[27.277039,40.088689],[27.277017,40.088895],[27.276795,40.089153],[27.276758,40.089313],[27.276209,40.089778],[27.276151,40.090047],[27.275157,40.090964],[27.274799,40.090993],[27.274349,40.092012],[27.274001,40.092528],[27.272829,40.093652],[27.27094,40.096041],[27.270199,40.097003],[27.270788,40.097128],[27.271191,40.097361],[27.271289,40.097544],[27.270836,40.097894],[27.270904,40.09808],[27.271633,40.099237],[27.271971,40.099328],[27.271971,40.099396],[27.271947,40.100723],[27.272493,40.100806],[27.272652,40.100767],[27.272952,40.101216],[27.273678,40.101604],[27.274681,40.101502],[27.275693,40.101416],[27.27618,40.10159],[27.276389,40.101727],[27.27656,40.102245],[27.275965,40.102345],[27.276167,40.103123],[27.277051,40.103288],[27.276625,40.103571],[27.277073,40.103891],[27.276854,40.104141],[27.2768,40.10427],[27.276959,40.104437],[27.276717,40.104636],[27.276873,40.105093],[27.276809,40.105273],[27.278045,40.105209],[27.278079,40.104976],[27.278322,40.104972],[27.278436,40.104945],[27.278385,40.104689],[27.278714,40.104814],[27.278729,40.104871],[27.279081,40.104855],[27.279071,40.104703],[27.279294,40.104592],[27.279527,40.10461],[27.279568,40.104827],[27.27937,40.105091],[27.279228,40.105511],[27.279174,40.105774],[27.279503,40.105926],[27.280095,40.106378],[27.280259,40.106423],[27.286328,40.110568],[27.287423,40.111221],[27.287801,40.111358],[27.289052,40.113232],[27.28983,40.113821],[27.290522,40.114372],[27.291163,40.114947],[27.291894,40.115999],[27.292171,40.116941],[27.292025,40.1177],[27.296481,40.118413],[27.297699,40.118896],[27.297769,40.117685],[27.297951,40.116779],[27.299047,40.114794],[27.299465,40.113887]]]}},{"type":"Feature","properties":{"id":"TR-Y-17-012-K-0009","level":"yerlesim","type":"mahalle","parent_id":"TR-D-17-012","province_id":"TR-P-17","district_id":"TR-D-17-012","name":"Aşağıkaraaşık","source_raw_name":"Aşağıkaraaşık","source":"Kullanıcı tarafından sağlanan KML","source_label":"Kullanıcı tarafından sağlanan KML","source_name":"Canakkale Mahalle KML - kullanici tarafindan saglandi"},"geometry":{"type":"Polygon","coordinates":[[[27.202666,39.989969],[27.202972,39.988643],[27.20326,39.98747],[27.204038,39.986678],[27.204792,39.985924],[27.207655,39.984236],[27.209047,39.983457],[27.208785,39.980946],[27.210453,39.979408],[27.211139,39.978754],[27.211708,39.976499],[27.21421,39.974345],[27.214686,39.973929],[27.214517,39.973296],[27.214758,39.97319],[27.214893,39.972933],[27.214757,39.972229],[27.214341,39.97182],[27.213894,39.971625],[27.213695,39.971392],[27.21323,39.971121],[27.212938,39.970883],[27.212925,39.970598],[27.213153,39.970235],[27.213196,39.970101],[27.212879,39.969954],[27.212953,39.969787],[27.213114,39.969706],[27.213113,39.969301],[27.21287,39.968925],[27.212263,39.968745],[27.212038,39.968369],[27.212001,39.96815],[27.211759,39.968098],[27.211703,39.967969],[27.211676,39.967473],[27.211769,39.967407],[27.212048,39.967478],[27.212506,39.967348],[27.212828,39.967295],[27.212889,39.967171],[27.21287,39.967023],[27.212988,39.96688],[27.213415,39.966732],[27.213551,39.966798],[27.213706,39.966769],[27.213898,39.966688],[27.214102,39.966706],[27.214375,39.96682],[27.214838,39.966529],[27.21498,39.9663],[27.21545,39.965999],[27.215635,39.965674],[27.216036,39.96523],[27.216327,39.965254],[27.216536,39.964753],[27.216114,39.964544],[27.215585,39.963654],[27.215715,39.963639],[27.215776,39.963205],[27.21613,39.96315],[27.21497,39.961777],[27.214829,39.961624],[27.214566,39.961729],[27.214022,39.961871],[27.213517,39.961988],[27.213023,39.962094],[27.212586,39.961534],[27.211911,39.961035],[27.211504,39.960891],[27.211267,39.96101],[27.211194,39.961353],[27.210773,39.961583],[27.210661,39.962189],[27.20976,39.962275],[27.209711,39.962906],[27.209432,39.962984],[27.208765,39.96317],[27.20836,39.963261],[27.208317,39.963273],[27.208308,39.963346],[27.20822,39.963301],[27.208045,39.963351],[27.207213,39.963668],[27.20633,39.964002],[27.205452,39.964265],[27.205361,39.964414],[27.205364,39.964464],[27.204996,39.964554],[27.203953,39.964796],[27.202025,39.965171],[27.198928,39.965822],[27.197201,39.966174],[27.194912,39.96662],[27.194845,39.966594],[27.194435,39.966739],[27.193411,39.967324],[27.191828,39.967214],[27.188975,39.966845],[27.185242,39.966527],[27.184178,39.966346],[27.180751,39.965962],[27.177688,39.96555],[27.175933,39.965364],[27.1758,39.96565],[27.175659,39.965719],[27.175734,39.966033],[27.175772,39.966159],[27.175943,39.96649],[27.175572,39.966651],[27.175305,39.966949],[27.175804,39.967011],[27.175819,39.967268],[27.175523,39.967892],[27.175606,39.968315],[27.175563,39.968927],[27.176517,39.969801],[27.17905,39.972239],[27.179302,39.974743],[27.179508,39.976825],[27.179442,39.976882],[27.17928,39.977437],[27.179585,39.977568],[27.180091,39.978053],[27.180694,39.978293],[27.181194,39.978858],[27.181269,39.979041],[27.181173,39.97927],[27.181313,39.979155],[27.181711,39.980527],[27.181876,39.980944],[27.18195,39.981053],[27.182255,39.980981],[27.18256,39.981144],[27.182725,39.981492],[27.182688,39.981818],[27.182519,39.982482],[27.182423,39.982825],[27.182379,39.983071],[27.182246,39.983151],[27.181963,39.983192],[27.181703,39.983267],[27.18157,39.983381],[27.181428,39.983118],[27.18038,39.983372],[27.180537,39.983703],[27.180694,39.983892],[27.180762,39.984109],[27.180688,39.98432],[27.180353,39.984424],[27.17967,39.984516],[27.179432,39.984523],[27.179061,39.984872],[27.179069,39.985152],[27.179182,39.985461],[27.179108,39.985707],[27.179206,39.986153],[27.179117,39.986285],[27.179035,39.986342],[27.178455,39.986326],[27.178016,39.986218],[27.17786,39.986172],[27.177526,39.98619],[27.177147,39.986511],[27.176657,39.986757],[27.176137,39.987015],[27.176041,39.987147],[27.175647,39.987285],[27.175231,39.987326],[27.175433,39.987611],[27.17573,39.987771],[27.176013,39.987748],[27.176385,39.98805],[27.176371,39.988165],[27.175925,39.988308],[27.175539,39.988383],[27.175189,39.988475],[27.174803,39.988567],[27.174336,39.988917],[27.174239,39.989026],[27.174232,39.98918],[27.174114,39.989472],[27.173929,39.989725],[27.174053,39.989743],[27.174273,39.989875],[27.17439,39.989915],[27.174676,39.989969],[27.174898,39.989943],[27.174991,39.990103],[27.175134,39.990203],[27.175337,39.990244],[27.175476,39.990329],[27.175574,39.99022],[27.175842,39.990201],[27.176773,39.990013],[27.176907,39.990134],[27.177176,39.990091],[27.177691,39.989885],[27.177892,39.990097],[27.178007,39.990275],[27.178075,39.990434],[27.178607,39.990768],[27.180145,39.991754],[27.180895,39.992227],[27.181509,39.992618],[27.182393,39.993184],[27.183962,39.994181],[27.184795,39.994314],[27.185844,39.994484],[27.186739,39.994637],[27.190621,39.995284],[27.19446,39.995929],[27.199503,39.996447],[27.201409,39.996647],[27.20141,39.996643],[27.20144,39.996248],[27.201424,39.995982],[27.201409,39.99586],[27.201389,39.995711],[27.201367,39.995257],[27.201377,39.995078],[27.201342,39.994952],[27.201297,39.994819],[27.201212,39.994655],[27.201177,39.994522],[27.201162,39.994404],[27.201142,39.994266],[27.201106,39.993973],[27.201051,39.99374],[27.20109,39.99363],[27.201129,39.99345],[27.201198,39.993225],[27.201197,39.992916],[27.201147,39.992734],[27.201354,39.992675],[27.202225,39.991523],[27.202526,39.990665],[27.202666,39.989969]]]}},{"type":"Feature","properties":{"id":"TR-Y-17-012-K-0010","level":"yerlesim","type":"mahalle","parent_id":"TR-D-17-012","province_id":"TR-P-17","district_id":"TR-D-17-012","name":"Bağlı","source_raw_name":"Bağlı","source":"Kullanıcı tarafından sağlanan KML","source_label":"Kullanıcı tarafından sağlanan KML","source_name":"Canakkale Mahalle KML - kullanici tarafindan saglandi"},"geometry":{"type":"Polygon","coordinates":[[[27.257994,39.808977],[27.258631,39.80768],[27.258142,39.805631],[27.259051,39.804541],[27.259372,39.803715],[27.259269,39.803046],[27.259105,39.802045],[27.258855,39.80134],[27.258877,39.800645],[27.258788,39.799977],[27.258465,39.799511],[27.258724,39.799434],[27.258552,39.798954],[27.258495,39.798665],[27.258405,39.798316],[27.258446,39.798256],[27.258327,39.798245],[27.25848,39.79767],[27.258587,39.79735],[27.258712,39.797186],[27.258435,39.796406],[27.257746,39.795681],[27.257288,39.795048],[27.257056,39.794519],[27.256087,39.793958],[27.255573,39.793276],[27.255319,39.79293],[27.254464,39.792223],[27.253742,39.791512],[27.253407,39.790993],[27.252992,39.790067],[27.251998,39.789943],[27.25176,39.789844],[27.251407,39.789507],[27.24988,39.790157],[27.2498,39.789898],[27.249592,39.789715],[27.249403,39.789228],[27.249283,39.788984],[27.249154,39.788832],[27.249153,39.788557],[27.248924,39.788138],[27.248576,39.787651],[27.248158,39.787338],[27.248047,39.787185],[27.247818,39.787305],[27.247619,39.787424],[27.247446,39.787591],[27.247317,39.787512],[27.246976,39.787346],[27.246729,39.787191],[27.246645,39.787167],[27.24655,39.787103],[27.246164,39.786942],[27.245826,39.786729],[27.245483,39.786549],[27.245247,39.786471],[27.244867,39.786336],[27.24484,39.786411],[27.244401,39.786533],[27.244245,39.786539],[27.243937,39.786578],[27.243864,39.786569],[27.243656,39.786345],[27.243675,39.786222],[27.243609,39.786135],[27.243486,39.786048],[27.243352,39.785969],[27.243136,39.785901],[27.243095,39.785968],[27.243087,39.78611],[27.243307,39.786201],[27.243446,39.786297],[27.243446,39.786368],[27.243344,39.786539],[27.243236,39.786636],[27.243139,39.786689],[27.243056,39.786764],[27.243081,39.786996],[27.242998,39.787094],[27.242802,39.787155],[27.24233,39.787268],[27.241974,39.787023],[27.241352,39.786624],[27.241135,39.786442],[27.240334,39.786819],[27.240064,39.786973],[27.239892,39.787112],[27.239784,39.786905],[27.239642,39.786734],[27.239425,39.786648],[27.239098,39.786601],[27.238925,39.786573],[27.238862,39.786473],[27.238881,39.786411],[27.239096,39.786129],[27.238978,39.786063],[27.238735,39.785458],[27.237395,39.785599],[27.236976,39.785776],[27.236581,39.785834],[27.236148,39.785768],[27.235772,39.786112],[27.235884,39.786212],[27.235416,39.78659],[27.235095,39.786781],[27.234873,39.786958],[27.234744,39.787015],[27.234615,39.787163],[27.234566,39.787306],[27.234609,39.787459],[27.234734,39.787749],[27.234593,39.788136],[27.234416,39.788694],[27.234256,39.788851],[27.233622,39.789558],[27.23337,39.789916],[27.233346,39.790054],[27.233383,39.790149],[27.233347,39.790311],[27.233205,39.790407],[27.233224,39.790712],[27.23307,39.790741],[27.232792,39.790727],[27.232748,39.790556],[27.232685,39.790303],[27.232623,39.790241],[27.23223,39.790312],[27.232216,39.790314],[27.232167,39.79032],[27.232254,39.790597],[27.232336,39.790875],[27.232424,39.79118],[27.232462,39.791351],[27.232507,39.791555],[27.232527,39.791837],[27.232541,39.792076],[27.232542,39.792392],[27.232568,39.792735],[27.232631,39.793126],[27.232688,39.793408],[27.232749,39.79365],[27.232846,39.793911],[27.232993,39.794221],[27.233157,39.794467],[27.233328,39.79475],[27.233408,39.794994],[27.233491,39.795311],[27.233516,39.795536],[27.233564,39.795863],[27.233602,39.796147],[27.23366,39.796447],[27.233708,39.796759],[27.233734,39.797014],[27.233736,39.797583],[27.233763,39.79776],[27.233801,39.797941],[27.233924,39.798413],[27.234119,39.799185],[27.234319,39.799936],[27.234405,39.800309],[27.234467,39.800602],[27.233677,39.800827],[27.233362,39.800828],[27.233514,39.802124],[27.234241,39.802111],[27.234392,39.802108],[27.234276,39.802397],[27.23418,39.802634],[27.23408,39.802864],[27.233959,39.803042],[27.233819,39.803168],[27.233663,39.8033],[27.233489,39.803416],[27.232407,39.803618],[27.231265,39.803963],[27.230814,39.804012],[27.230351,39.804056],[27.228954,39.803958],[27.227181,39.80389],[27.226543,39.803644],[27.226048,39.803487],[27.225646,39.803307],[27.225485,39.803212],[27.225109,39.803318],[27.224942,39.803499],[27.225861,39.804803],[27.226258,39.805074],[27.226672,39.805316],[27.226987,39.805708],[27.226976,39.805738],[27.227591,39.806052],[27.230972,39.806697],[27.233514,39.809869],[27.232044,39.810248],[27.232045,39.81025],[27.232319,39.810454],[27.233189,39.810794],[27.2339,39.810323],[27.23458,39.809759],[27.235164,39.8093],[27.235394,39.809111],[27.235686,39.808961],[27.236201,39.8089],[27.23695,39.808893],[27.238148,39.808993],[27.238905,39.809143],[27.239377,39.80936],[27.239937,39.80949],[27.240601,39.80958],[27.241569,39.809641],[27.242518,39.809708],[27.243071,39.809787],[27.243472,39.809955],[27.244215,39.810388],[27.244898,39.810698],[27.245626,39.810922],[27.246531,39.811129],[27.247544,39.811339],[27.249081,39.811727],[27.250629,39.812176],[27.251958,39.812539],[27.252781,39.812757],[27.253911,39.813295],[27.254822,39.814005],[27.255413,39.814327],[27.255974,39.814643],[27.256553,39.814833],[27.257279,39.81497],[27.256716,39.814605],[27.2563,39.814181],[27.256187,39.813829],[27.256236,39.813562],[27.256309,39.8133],[27.256541,39.813057],[27.257093,39.812754],[27.257957,39.812409],[27.25808,39.812371],[27.258747,39.812064],[27.259092,39.811796],[27.259152,39.811424],[27.259039,39.811034],[27.258766,39.810606],[27.258344,39.810073],[27.25797,39.809197],[27.257994,39.808977]]]}},{"type":"Feature","properties":{"id":"TR-Y-17-012-K-0011","level":"yerlesim","type":"mahalle","parent_id":"TR-D-17-012","province_id":"TR-P-17","district_id":"TR-D-17-012","name":"Ballıçay","source_raw_name":"Ballıçay","source":"Kullanıcı tarafından sağlanan KML","source_label":"Kullanıcı tarafından sağlanan KML","source_name":"Canakkale Mahalle KML - kullanici tarafindan saglandi"},"geometry":{"type":"Polygon","coordinates":[[[27.449134,40.029168],[27.447886,40.027067],[27.442839,40.022513],[27.437,40.0173],[27.435334,40.014678],[27.431672,40.01452],[27.428046,40.015458],[27.42533,40.009244],[27.425226,40.008444],[27.425113,40.008273],[27.424702,40.007922],[27.423731,40.007249],[27.423629,40.006763],[27.422855,40.005889],[27.420953,40.003046],[27.423281,39.998681],[27.424886,39.995702],[27.422629,39.993012],[27.421361,39.991454],[27.420127,39.989937],[27.418949,39.988508],[27.418515,39.988158],[27.41725,39.987214],[27.415667,39.986018],[27.414597,39.98521],[27.413939,39.984736],[27.412279,39.9832],[27.411098,39.982144],[27.410091,39.98116],[27.410006,39.981145],[27.409532,39.981429],[27.408981,39.981199],[27.408922,39.981241],[27.408392,39.981365],[27.408308,39.981414],[27.408016,39.981534],[27.407863,39.981553],[27.407813,39.981435],[27.407667,39.981188],[27.407588,39.981135],[27.407513,39.981002],[27.407333,39.980785],[27.407348,39.980751],[27.407327,39.980652],[27.40676,39.980257],[27.405823,39.980287],[27.404137,39.979988],[27.404066,39.979756],[27.403871,39.979444],[27.403656,39.979212],[27.4033,39.978485],[27.403022,39.97754],[27.402791,39.977057],[27.402541,39.976688],[27.402525,39.976532],[27.402445,39.976338],[27.402266,39.976182],[27.401997,39.976076],[27.401917,39.975813],[27.401898,39.975675],[27.401916,39.97558],[27.401934,39.97547],[27.401946,39.975394],[27.402007,39.975322],[27.402285,39.97515],[27.402519,39.975006],[27.402865,39.974709],[27.403012,39.974571],[27.403185,39.974375],[27.403345,39.974202],[27.40343,39.974031],[27.403411,39.973921],[27.40333,39.973788],[27.403075,39.973569],[27.4028,39.973289],[27.402757,39.973194],[27.402774,39.973022],[27.402842,39.972848],[27.402894,39.97268],[27.402826,39.972615],[27.402686,39.972737],[27.399652,39.971947],[27.39873,39.972031],[27.399006,39.972774],[27.398391,39.973505],[27.397906,39.974193],[27.397075,39.975077],[27.396731,39.975627],[27.396805,39.976703],[27.396739,39.977004],[27.396649,39.977514],[27.396453,39.977901],[27.39631,39.977868],[27.395474,39.977785],[27.395102,39.977753],[27.394471,39.977989],[27.394176,39.978404],[27.393755,39.979545],[27.393563,39.980508],[27.393319,39.981324],[27.393111,39.981772],[27.393052,39.982225],[27.392851,39.98275],[27.392855,39.983475],[27.392918,39.983627],[27.392958,39.984146],[27.39325,39.984317],[27.393261,39.985122],[27.392903,39.985419],[27.393272,39.985947],[27.394217,39.986582],[27.394133,39.986988],[27.393725,39.987289],[27.393169,39.987567],[27.392539,39.987822],[27.392406,39.988409],[27.392563,39.988799],[27.393383,39.989092],[27.393806,39.9894],[27.394061,39.989618],[27.394318,39.990151],[27.394288,39.990314],[27.393894,39.990744],[27.393232,39.990975],[27.392124,39.991188],[27.391693,39.991523],[27.391752,39.992181],[27.392104,39.993004],[27.391852,39.993339],[27.391657,39.993949],[27.391156,39.994113],[27.390579,39.993924],[27.390293,39.993744],[27.389222,39.993981],[27.389261,39.994305],[27.38981,39.995018],[27.39016,39.995503],[27.389938,39.995666],[27.389964,39.995937],[27.38976,39.996],[27.38935,39.995844],[27.388959,39.995683],[27.388189,39.995453],[27.388016,39.995501],[27.387776,39.995749],[27.387722,39.996145],[27.387731,39.996555],[27.388037,39.99694],[27.388237,39.997249],[27.388318,39.997373],[27.388252,39.997773],[27.388027,39.998517],[27.388072,39.998832],[27.388502,39.999145],[27.389738,39.999799],[27.389798,40.000466],[27.389589,40.00079],[27.389422,40.000905],[27.389187,40.000825],[27.3889,40.000635],[27.38836,40.000437],[27.388123,40.000233],[27.387908,40.00051],[27.387861,40.00204],[27.387647,40.002479],[27.386165,40.003513],[27.387221,40.003996],[27.387693,40.004118],[27.388118,40.004184],[27.388391,40.004307],[27.388266,40.004653],[27.38798,40.005004],[27.387759,40.005271],[27.387323,40.005483],[27.386675,40.0056],[27.385853,40.006342],[27.3858,40.006822],[27.386026,40.007371],[27.386111,40.007771],[27.385732,40.008544],[27.385783,40.009013],[27.386311,40.00972],[27.386418,40.010163],[27.385428,40.012723],[27.385161,40.013424],[27.38538,40.013995],[27.387969,40.014856],[27.389352,40.016004],[27.389602,40.017561],[27.389786,40.018596],[27.390402,40.019577],[27.390321,40.019795],[27.389844,40.020866],[27.389473,40.021642],[27.390706,40.022679],[27.39179,40.023587],[27.392421,40.02412],[27.39242,40.024491],[27.392706,40.024841],[27.393292,40.024869],[27.395503,40.023017],[27.400592,40.023182],[27.40702,40.023434],[27.411316,40.023594],[27.413213,40.023999],[27.416199,40.02424],[27.420645,40.024529],[27.421113,40.024955],[27.421354,40.025434],[27.421435,40.025685],[27.421535,40.025838],[27.421685,40.026028],[27.421906,40.026378],[27.422106,40.026705],[27.422295,40.026849],[27.422754,40.027175],[27.422815,40.027419],[27.422836,40.027609],[27.42245,40.027824],[27.422233,40.028023],[27.422305,40.028374],[27.422486,40.028739],[27.429155,40.029124],[27.435042,40.028405],[27.43842,40.028518],[27.440966,40.02868],[27.442783,40.029026],[27.445534,40.029548],[27.449815,40.030313],[27.449134,40.029168]]]}},{"type":"Feature","properties":{"id":"TR-Y-17-012-K-0012","level":"yerlesim","type":"mahalle","parent_id":"TR-D-17-012","province_id":"TR-P-17","district_id":"TR-D-17-012","name":"Başkoz","source_raw_name":"Başkoz","source":"Kullanıcı tarafından sağlanan KML","source_label":"Kullanıcı tarafından sağlanan KML","source_name":"Canakkale Mahalle KML - kullanici tarafindan saglandi"},"geometry":{"type":"Polygon","coordinates":[[[27.352196,39.887542],[27.352385,39.88739],[27.352589,39.887447],[27.352659,39.887395],[27.352715,39.887384],[27.35277,39.887315],[27.352748,39.887246],[27.352684,39.887183],[27.352583,39.887075],[27.352396,39.886681],[27.352256,39.886238],[27.352299,39.885858],[27.352413,39.88566],[27.352727,39.885368],[27.352919,39.885281],[27.353049,39.885295],[27.353165,39.885355],[27.353262,39.885435],[27.353348,39.88552],[27.353374,39.885589],[27.35323,39.885709],[27.353134,39.885898],[27.35302,39.886016],[27.353001,39.88607],[27.353207,39.886381],[27.353319,39.886467],[27.353386,39.886567],[27.353483,39.886681],[27.353655,39.886812],[27.353777,39.886708],[27.353851,39.886662],[27.354095,39.886596],[27.354214,39.886615],[27.354427,39.886795],[27.35452,39.886809],[27.354631,39.886786],[27.355376,39.886486],[27.355505,39.88636],[27.355583,39.886391],[27.355746,39.886273],[27.355826,39.88611],[27.355804,39.88605],[27.355186,39.885789],[27.356034,39.885426],[27.356481,39.885545],[27.356618,39.885607],[27.356909,39.885889],[27.357197,39.886286],[27.357769,39.887082],[27.358026,39.887193],[27.35904,39.88741],[27.359181,39.887405],[27.35929,39.887294],[27.359559,39.886835],[27.360031,39.886113],[27.360194,39.886063],[27.360263,39.886094],[27.360407,39.886204],[27.360951,39.886999],[27.36105,39.887086],[27.361279,39.887291],[27.361359,39.887322],[27.361512,39.887333],[27.361784,39.887278],[27.362286,39.886751],[27.362344,39.886461],[27.362386,39.886056],[27.362529,39.885907],[27.362663,39.885888],[27.362692,39.885831],[27.362771,39.885804],[27.362918,39.885879],[27.363105,39.885958],[27.363455,39.886019],[27.363644,39.886064],[27.363712,39.886061],[27.363854,39.885999],[27.363887,39.885901],[27.363859,39.885846],[27.363704,39.885737],[27.363716,39.885642],[27.363783,39.885561],[27.364023,39.885379],[27.364165,39.885219],[27.364199,39.885152],[27.363985,39.885102],[27.363821,39.885051],[27.363722,39.885022],[27.363613,39.884954],[27.363548,39.884904],[27.363476,39.884804],[27.363324,39.884764],[27.363058,39.884688],[27.363385,39.884609],[27.36349,39.884549],[27.363666,39.884489],[27.363802,39.884474],[27.363974,39.884264],[27.364192,39.883865],[27.36445,39.883595],[27.364533,39.883554],[27.364791,39.883639],[27.365041,39.883522],[27.365396,39.883466],[27.365581,39.883329],[27.365771,39.883031],[27.365878,39.882861],[27.36585,39.882704],[27.366705,39.882501],[27.366911,39.882253],[27.366994,39.882176],[27.367134,39.88215],[27.366981,39.882055],[27.366814,39.881979],[27.366668,39.881796],[27.366531,39.881601],[27.366308,39.881011],[27.366347,39.880892],[27.366894,39.880716],[27.367259,39.880669],[27.367435,39.88065],[27.367623,39.880504],[27.367766,39.880196],[27.367732,39.880063],[27.367583,39.879961],[27.367536,39.879873],[27.367573,39.879813],[27.367665,39.87971],[27.36773,39.879655],[27.367864,39.879421],[27.368122,39.879065],[27.368267,39.878874],[27.368442,39.878726],[27.368106,39.878341],[27.368345,39.877985],[27.369447,39.876995],[27.36895,39.876627],[27.369545,39.876158],[27.369346,39.875926],[27.370216,39.875534],[27.370671,39.875578],[27.37096,39.875808],[27.371418,39.876002],[27.37162,39.876078],[27.371766,39.876175],[27.3718,39.875708],[27.37187,39.875429],[27.372559,39.874705],[27.372419,39.874691],[27.371861,39.874886],[27.371488,39.874522],[27.371195,39.874225],[27.370981,39.874038],[27.37149,39.873741],[27.371785,39.873499],[27.372112,39.872766],[27.372053,39.872748],[27.372096,39.872669],[27.372114,39.872488],[27.372011,39.872316],[27.37248,39.872212],[27.373,39.872158],[27.373334,39.872217],[27.373371,39.872212],[27.373325,39.87179],[27.373516,39.871585],[27.373555,39.871415],[27.373453,39.871304],[27.373393,39.871204],[27.373387,39.871128],[27.373557,39.871129],[27.37369,39.871127],[27.37384,39.870976],[27.373969,39.870766],[27.373999,39.870635],[27.37402,39.870463],[27.374426,39.870543],[27.374518,39.870402],[27.37457,39.870316],[27.374797,39.869996],[27.374886,39.869815],[27.37493,39.869364],[27.375175,39.868953],[27.375441,39.868471],[27.375186,39.868354],[27.374932,39.868219],[27.374591,39.868026],[27.374559,39.868045],[27.374405,39.868204],[27.374325,39.868332],[27.374278,39.868436],[27.374178,39.868511],[27.373889,39.868622],[27.373763,39.868723],[27.373448,39.868968],[27.373231,39.869112],[27.373209,39.869089],[27.373162,39.869124],[27.372968,39.869177],[27.372689,39.869224],[27.372365,39.869348],[27.371817,39.869678],[27.371847,39.869737],[27.371256,39.869893],[27.371156,39.869831],[27.371063,39.869825],[27.370885,39.869858],[27.370658,39.869933],[27.370276,39.869951],[27.369936,39.86999],[27.369678,39.870115],[27.369526,39.870304],[27.369527,39.870397],[27.369406,39.870399],[27.369218,39.870342],[27.368736,39.870159],[27.368132,39.87021],[27.368045,39.870192],[27.36792,39.870091],[27.367873,39.870181],[27.367644,39.870316],[27.367645,39.870411],[27.367624,39.870634],[27.367587,39.870849],[27.367503,39.871044],[27.367415,39.871191],[27.367348,39.871223],[27.367141,39.871324],[27.367113,39.871392],[27.367069,39.871569],[27.366563,39.871651],[27.36641,39.871664],[27.36618,39.871634],[27.365901,39.871604],[27.365921,39.87169],[27.364926,39.87206],[27.364726,39.872145],[27.364493,39.872169],[27.364262,39.872198],[27.364103,39.872226],[27.36404,39.872202],[27.363428,39.872562],[27.362898,39.872889],[27.362644,39.87306],[27.362437,39.873092],[27.362209,39.873022],[27.362005,39.872911],[27.36161,39.872749],[27.361357,39.872681],[27.360961,39.872612],[27.360638,39.872591],[27.360125,39.872646],[27.35972,39.872726],[27.359498,39.872773],[27.359416,39.872863],[27.359387,39.872964],[27.359227,39.873085],[27.359053,39.873156],[27.35896,39.873234],[27.35885,39.873306],[27.35868,39.873376],[27.358639,39.873465],[27.358562,39.873537],[27.358424,39.873595],[27.3584,39.873632],[27.358347,39.873696],[27.358243,39.873751],[27.358079,39.873782],[27.357946,39.873713],[27.357854,39.873676],[27.357771,39.873693],[27.357665,39.873778],[27.357419,39.873636],[27.356985,39.873363],[27.356519,39.873105],[27.356201,39.872934],[27.35586,39.872726],[27.3555,39.872567],[27.355069,39.872388],[27.35465,39.872219],[27.354255,39.872072],[27.353965,39.871951],[27.353633,39.871827],[27.35329,39.871728],[27.353271,39.871766],[27.35319,39.87194],[27.353186,39.872007],[27.353214,39.8721],[27.353282,39.872236],[27.35335,39.872302],[27.353356,39.872357],[27.353376,39.872423],[27.353446,39.872484],[27.353464,39.872549],[27.353431,39.872647],[27.353396,39.872755],[27.353358,39.87282],[27.352923,39.872745],[27.352705,39.872753],[27.352512,39.872815],[27.352443,39.872895],[27.35236,39.873048],[27.352099,39.873228],[27.351872,39.873351],[27.351832,39.873313],[27.351728,39.873294],[27.351589,39.873279],[27.351268,39.873269],[27.350856,39.873064],[27.350767,39.873148],[27.350703,39.873255],[27.35067,39.873393],[27.350596,39.873465],[27.350512,39.873507],[27.351387,39.874283],[27.351012,39.874608],[27.351599,39.875109],[27.351277,39.87532],[27.351061,39.875363],[27.350846,39.875384],[27.350603,39.875453],[27.350409,39.87557],[27.350211,39.875689],[27.350098,39.875876],[27.349947,39.876212],[27.34994,39.876784],[27.3492,39.877285],[27.349429,39.877868],[27.34973,39.878674],[27.34974,39.879137],[27.349555,39.879975],[27.349285,39.880951],[27.349101,39.881321],[27.348653,39.88214],[27.348643,39.882469],[27.348711,39.882594],[27.348942,39.882802],[27.349016,39.882862],[27.349281,39.883027],[27.349381,39.883118],[27.349479,39.883252],[27.349446,39.883401],[27.349354,39.883562],[27.349166,39.883742],[27.348411,39.884185],[27.347694,39.884239],[27.347698,39.885036],[27.3478,39.885236],[27.348094,39.885484],[27.348165,39.885561],[27.348654,39.886049],[27.348995,39.88668],[27.349257,39.887096],[27.349552,39.887559],[27.349673,39.887702],[27.350067,39.887852],[27.350287,39.887997],[27.350398,39.888031],[27.350773,39.888036],[27.350963,39.888044],[27.35103,39.888075],[27.351282,39.888143],[27.351401,39.888145],[27.351516,39.888114],[27.351772,39.887995],[27.351927,39.887872],[27.352196,39.887542]]]}},{"type":"Feature","properties":{"id":"TR-Y-17-012-K-0013","level":"yerlesim","type":"mahalle","parent_id":"TR-D-17-012","province_id":"TR-P-17","district_id":"TR-D-17-012","name":"Bayatlar","source_raw_name":"Bayatlar","source":"Kullanıcı tarafından sağlanan KML","source_label":"Kullanıcı tarafından sağlanan KML","source_name":"Canakkale Mahalle KML - kullanici tarafindan saglandi"},"geometry":{"type":"Polygon","coordinates":[[[27.318017,39.845365],[27.318436,39.845189],[27.318708,39.845215],[27.319163,39.845152],[27.31899,39.845092],[27.318756,39.844845],[27.318766,39.844795],[27.318477,39.844468],[27.318432,39.844358],[27.318786,39.843705],[27.318902,39.843254],[27.318986,39.843201],[27.319105,39.843261],[27.319358,39.843387],[27.319572,39.843775],[27.319801,39.843965],[27.320034,39.84417],[27.320251,39.844233],[27.320325,39.844222],[27.320444,39.844253],[27.320444,39.844327],[27.320467,39.84441],[27.320679,39.844495],[27.321068,39.844546],[27.321205,39.844502],[27.321387,39.844531],[27.321447,39.844576],[27.32183,39.84481],[27.321994,39.845026],[27.322147,39.84512],[27.322637,39.845156],[27.322822,39.845004],[27.323177,39.844877],[27.323244,39.844826],[27.323555,39.844753],[27.323677,39.844684],[27.324025,39.844618],[27.324332,39.844445],[27.32454,39.844379],[27.324833,39.844344],[27.324948,39.844469],[27.325252,39.84442],[27.325534,39.844405],[27.325638,39.84445],[27.32591,39.844578],[27.325939,39.844561],[27.326146,39.844377],[27.326272,39.84434],[27.326275,39.844065],[27.326606,39.844339],[27.326928,39.844209],[27.327153,39.844023],[27.327399,39.844079],[27.327461,39.844005],[27.327887,39.843709],[27.328193,39.843511],[27.328246,39.843533],[27.328451,39.84377],[27.32867,39.843907],[27.328722,39.843967],[27.328757,39.844127],[27.328809,39.844189],[27.329318,39.843522],[27.329544,39.843613],[27.329697,39.843784],[27.329906,39.843923],[27.330191,39.843968],[27.330247,39.843919],[27.330138,39.843605],[27.330247,39.843127],[27.330547,39.843106],[27.331257,39.84331],[27.331349,39.843141],[27.333303,39.843822],[27.333934,39.843082],[27.334263,39.843562],[27.334755,39.844044],[27.335197,39.844208],[27.335453,39.844139],[27.336008,39.843966],[27.335826,39.842354],[27.335643,39.84063],[27.336047,39.840609],[27.336577,39.84049],[27.337217,39.840148],[27.337569,39.839944],[27.337724,39.8399],[27.338177,39.839896],[27.33834,39.839821],[27.338424,39.839695],[27.338535,39.839632],[27.338931,39.839411],[27.338868,39.839336],[27.3388,39.839096],[27.339051,39.838964],[27.339272,39.839264],[27.340988,39.839829],[27.340514,39.839551],[27.339802,39.838872],[27.338916,39.838212],[27.337981,39.837374],[27.337132,39.83675],[27.335922,39.835967],[27.334134,39.835037],[27.333327,39.834645],[27.33255,39.834333],[27.331043,39.833951],[27.328959,39.833268],[27.328028,39.833267],[27.327109,39.833476],[27.326117,39.833996],[27.325724,39.834367],[27.325548,39.834515],[27.32536,39.834565],[27.325008,39.834586],[27.324723,39.834503],[27.324286,39.834221],[27.323796,39.833805],[27.32346,39.833334],[27.323021,39.832782],[27.322785,39.832485],[27.322335,39.832142],[27.321296,39.831653],[27.319988,39.831093],[27.31709,39.829952],[27.315859,39.829352],[27.314812,39.829077],[27.31319,39.82877],[27.312744,39.828496],[27.312404,39.828057],[27.311845,39.827501],[27.310879,39.82696],[27.310391,39.826561],[27.309944,39.826033],[27.309555,39.825285],[27.308692,39.823992],[27.308215,39.823519],[27.30813,39.82345],[27.307676,39.823686],[27.307181,39.824042],[27.307165,39.824106],[27.306977,39.82424],[27.306996,39.824345],[27.306842,39.824286],[27.306718,39.824262],[27.306582,39.824286],[27.306397,39.824394],[27.306274,39.824537],[27.306222,39.824652],[27.306222,39.824745],[27.306124,39.824819],[27.305731,39.825487],[27.305001,39.826764],[27.304363,39.827872],[27.303548,39.829315],[27.302894,39.830449],[27.302321,39.831468],[27.301609,39.832683],[27.301023,39.833726],[27.300262,39.835029],[27.300358,39.835017],[27.300559,39.834961],[27.300763,39.834961],[27.300973,39.834986],[27.301171,39.835069],[27.301394,39.835193],[27.301859,39.835346],[27.302658,39.835716],[27.302946,39.835863],[27.303241,39.836139],[27.303293,39.83616],[27.303389,39.836172],[27.303491,39.836109],[27.304662,39.836688],[27.305576,39.83714],[27.307097,39.837904],[27.308228,39.838446],[27.308897,39.838771],[27.309857,39.839264],[27.310737,39.839681],[27.31232,39.840466],[27.313646,39.841127],[27.313907,39.842101],[27.314187,39.843115],[27.314423,39.843977],[27.314637,39.844101],[27.314859,39.84416],[27.315138,39.844266],[27.315278,39.844328],[27.315538,39.844525],[27.315659,39.844579],[27.315999,39.844602],[27.316481,39.844617],[27.316772,39.844598],[27.316923,39.844516],[27.317003,39.844387],[27.31703,39.844321],[27.316974,39.844106],[27.316945,39.843978],[27.316942,39.843885],[27.316973,39.843861],[27.317449,39.844002],[27.317289,39.84411],[27.317215,39.844198],[27.31709,39.844582],[27.3171,39.84464],[27.317604,39.844688],[27.317725,39.844721],[27.317737,39.844798],[27.317694,39.844843],[27.317531,39.844874],[27.317379,39.84486],[27.317206,39.844832],[27.317113,39.844809],[27.317045,39.844892],[27.317123,39.84499],[27.317414,39.845248],[27.317485,39.845353],[27.317744,39.84529],[27.317848,39.845339],[27.318017,39.845365]]]}},{"type":"Feature","properties":{"id":"TR-Y-17-012-K-0014","level":"yerlesim","type":"mahalle","parent_id":"TR-D-17-012","province_id":"TR-P-17","district_id":"TR-D-17-012","name":"Bekten","source_raw_name":"Bekten","source":"Kullanıcı tarafından sağlanan KML","source_label":"Kullanıcı tarafından sağlanan KML","source_name":"Canakkale Mahalle KML - kullanici tarafindan saglandi"},"geometry":{"type":"Polygon","coordinates":[[[27.277817,40.014988],[27.278037,40.014387],[27.278125,40.013958],[27.278223,40.013329],[27.278639,40.013248],[27.278962,40.013193],[27.279904,40.013451],[27.279956,40.013496],[27.280178,40.013175],[27.28017,40.012998],[27.280266,40.012701],[27.280398,40.012449],[27.280532,40.012311],[27.280883,40.011921],[27.281012,40.011481],[27.281138,40.011446],[27.281334,40.011248],[27.281609,40.011167],[27.281765,40.010987],[27.281582,40.010844],[27.281548,40.010704],[27.281771,40.01069],[27.281606,40.010404],[27.280871,40.009885],[27.280516,40.009452],[27.280305,40.009486],[27.280206,40.009158],[27.280407,40.009112],[27.280609,40.00926],[27.281322,40.009149],[27.28163,40.008871],[27.281276,40.008818],[27.28111,40.008203],[27.280878,40.007909],[27.281026,40.007646],[27.280849,40.007246],[27.280875,40.0063],[27.280994,40.006279],[27.280786,40.005482],[27.281002,40.005447],[27.280932,40.00467],[27.281244,40.004643],[27.281263,40.004755],[27.281449,40.004745],[27.28162,40.004774],[27.281739,40.004791],[27.282033,40.004878],[27.282285,40.004695],[27.282832,40.004599],[27.282885,40.004084],[27.282511,40.003611],[27.282504,40.00351],[27.282459,40.003393],[27.282085,40.003017],[27.282018,40.00288],[27.282206,40.002499],[27.281848,40.002308],[27.281832,40.002011],[27.282255,40.001807],[27.282385,40.001795],[27.282543,40.002267],[27.283012,40.002443],[27.283522,40.002444],[27.283924,40.002535],[27.284143,40.002428],[27.284462,40.002425],[27.284632,40.003011],[27.285338,40.002972],[27.285362,40.003395],[27.285112,40.003913],[27.284927,40.004088],[27.284913,40.00436],[27.28506,40.004908],[27.285064,40.005008],[27.284861,40.005235],[27.284943,40.005469],[27.285014,40.005528],[27.284253,40.006037],[27.284101,40.006399],[27.28424,40.006718],[27.284612,40.006741],[27.284792,40.006932],[27.284625,40.007013],[27.28449,40.007185],[27.28516,40.007431],[27.285604,40.006896],[27.285647,40.006734],[27.286149,40.006733],[27.286297,40.006737],[27.286157,40.007309],[27.286411,40.007299],[27.286408,40.008124],[27.286669,40.008218],[27.286739,40.008652],[27.287173,40.008765],[27.287482,40.008383],[27.288009,40.008415],[27.288176,40.00852],[27.288566,40.008376],[27.288796,40.008366],[27.289117,40.008246],[27.289464,40.008164],[27.288849,40.007832],[27.288281,40.006756],[27.288156,40.006666],[27.288655,40.006012],[27.288826,40.005411],[27.288857,40.005253],[27.289123,40.005276],[27.28927,40.004809],[27.289573,40.004555],[27.290166,40.004306],[27.289432,40.003503],[27.288992,40.003485],[27.288725,40.003409],[27.288589,40.003447],[27.28851,40.003781],[27.287777,40.003545],[27.287671,40.003192],[27.287373,40.003174],[27.286946,40.003304],[27.28684,40.003271],[27.286895,40.003099],[27.286776,40.002656],[27.286775,40.002561],[27.288097,40.002929],[27.28824,40.003057],[27.28847,40.0031],[27.288549,40.002747],[27.288411,40.002519],[27.288089,40.002557],[27.287984,40.002491],[27.287808,40.001881],[27.287212,40.001835],[27.286691,40.001579],[27.286739,40.001322],[27.286541,40.001232],[27.286398,40.001103],[27.286178,40.000379],[27.286213,39.999922],[27.286197,39.999116],[27.286126,39.998473],[27.285791,39.998231],[27.285877,39.998097],[27.285753,39.997998],[27.285424,39.997946],[27.284883,39.997404],[27.284758,39.997166],[27.284633,39.996899],[27.285301,39.99664],[27.285969,39.996339],[27.285937,39.996272],[27.285501,39.995692],[27.285882,39.995547],[27.285986,39.995517],[27.286078,39.995472],[27.286538,39.995351],[27.286813,39.995193],[27.286862,39.99504],[27.286638,39.994764],[27.28678,39.994745],[27.28694,39.994497],[27.287521,39.994052],[27.287891,39.993713],[27.288304,39.993278],[27.288632,39.993072],[27.288761,39.992776],[27.28834,39.992835],[27.287913,39.992969],[27.287838,39.992836],[27.287623,39.991769],[27.287263,39.991755],[27.287259,39.992161],[27.287417,39.992955],[27.286853,39.992883],[27.28591,39.992742],[27.285748,39.992726],[27.285664,39.992682],[27.285551,39.992586],[27.285433,39.992541],[27.285292,39.992525],[27.285162,39.992534],[27.285052,39.992569],[27.284916,39.992635],[27.284776,39.992713],[27.284615,39.992808],[27.284476,39.992891],[27.284346,39.99293],[27.284215,39.99297],[27.284072,39.99299],[27.283804,39.992998],[27.283564,39.992999],[27.283381,39.993016],[27.283395,39.992894],[27.2835,39.992747],[27.284007,39.992502],[27.284049,39.99213],[27.284332,39.991701],[27.284021,39.991482],[27.283757,39.991912],[27.283292,39.991789],[27.282497,39.991334],[27.282756,39.991137],[27.282495,39.990967],[27.282779,39.990689],[27.28222,39.9903],[27.281941,39.990248],[27.281669,39.990463],[27.280664,39.990147],[27.280496,39.989875],[27.280551,39.989789],[27.280363,39.989328],[27.280091,39.989428],[27.280117,39.989686],[27.27984,39.990077],[27.27948,39.990087],[27.279512,39.990345],[27.279439,39.990574],[27.27918,39.990789],[27.279056,39.990827],[27.278913,39.990737],[27.278727,39.990804],[27.278599,39.990876],[27.278359,39.9907],[27.277919,39.9911],[27.277411,39.991045],[27.277433,39.991006],[27.277487,39.990933],[27.277511,39.99086],[27.277505,39.990791],[27.277498,39.990701],[27.277437,39.990577],[27.27736,39.990439],[27.277274,39.990302],[27.277218,39.990194],[27.277187,39.990098],[27.277243,39.989864],[27.277124,39.98954],[27.276968,39.98935],[27.276955,39.989193],[27.276774,39.988779],[27.276301,39.988322],[27.27606,39.988513],[27.276135,39.988561],[27.275962,39.988876],[27.275666,39.989124],[27.275159,39.989411],[27.275104,39.989626],[27.275037,39.989912],[27.274944,39.989922],[27.274467,39.989794],[27.274461,39.98988],[27.273367,39.990645],[27.273443,39.991007],[27.272846,39.990712],[27.272698,39.990551],[27.272503,39.990327],[27.272353,39.990138],[27.272042,39.98964],[27.271686,39.989037],[27.271445,39.988613],[27.271163,39.988126],[27.270834,39.987625],[27.271137,39.987615],[27.270944,39.987277],[27.270898,39.986657],[27.270661,39.9863],[27.270665,39.985795],[27.270801,39.985685],[27.270725,39.985338],[27.270711,39.98489],[27.270164,39.984381],[27.269195,39.983692],[27.269121,39.983816],[27.268338,39.983275],[27.26817,39.982946],[27.268015,39.982952],[27.267935,39.983037],[27.267767,39.982985],[27.267295,39.982524],[27.267051,39.98202],[27.267143,39.981686],[27.266864,39.981739],[27.266722,39.981839],[27.266586,39.981883],[27.265972,39.981779],[27.265314,39.981299],[27.264966,39.981038],[27.264896,39.980733],[27.264139,39.980354],[27.263222,39.980298],[27.262987,39.98049],[27.262988,39.980671],[27.263028,39.9811],[27.262949,39.981079],[27.262717,39.981027],[27.262407,39.980944],[27.262215,39.980882],[27.262003,39.980796],[27.26196,39.980854],[27.261177,39.981876],[27.261525,39.982008],[27.260371,39.98326],[27.260421,39.983288],[27.26088,39.983554],[27.26025,39.984075],[27.259985,39.984366],[27.260091,39.984471],[27.260345,39.984556],[27.260487,39.984522],[27.260927,39.984331],[27.261491,39.984549],[27.261491,39.98462],[27.261697,39.984786],[27.261728,39.984953],[27.261636,39.985158],[27.261835,39.985344],[27.262568,39.985838],[27.261685,39.986664],[27.26148,39.986522],[27.260715,39.987262],[27.26066,39.987524],[27.260246,39.987716],[27.260053,39.987688],[27.259524,39.98705],[27.259232,39.986775],[27.259077,39.986837],[27.258028,39.986182],[27.257126,39.986813],[27.257046,39.987132],[27.256799,39.987247],[27.256788,39.987495],[27.257663,39.988022],[27.257033,39.988624],[27.256549,39.988387],[27.256276,39.988282],[27.255859,39.98926],[27.255878,39.989494],[27.255841,39.989532],[27.256103,39.989889],[27.256387,39.989879],[27.256885,39.990321],[27.256707,39.990791],[27.256799,39.99147],[27.257447,39.99249],[27.257607,39.992955],[27.257411,39.99355],[27.257561,39.993725],[27.257434,39.994267],[27.256576,39.995435],[27.256408,39.995603],[27.256338,39.995627],[27.256219,39.995587],[27.25619,39.995827],[27.25567,39.99596],[27.255634,39.996097],[27.255419,39.9962],[27.255293,39.996492],[27.255361,39.996652],[27.255487,39.996629],[27.255584,39.996692],[27.255711,39.99696],[27.255824,39.99716],[27.255893,39.997732],[27.255841,39.997784],[27.255976,39.998201],[27.256276,39.998703],[27.256337,39.999104],[27.256522,39.998869],[27.257473,39.998821],[27.257757,39.999049],[27.257885,39.999535],[27.25799,39.999683],[27.257894,40.000027],[27.257813,40.000107],[27.257769,40.000341],[27.257986,40.000678],[27.257815,40.00073],[27.258309,40.001673],[27.258535,40.002307],[27.258975,40.002674],[27.258917,40.003109],[27.259145,40.003047],[27.259534,40.00358],[27.259673,40.003603],[27.259891,40.003732],[27.260038,40.003327],[27.260682,40.00296],[27.26086,40.002914],[27.261127,40.002852],[27.261455,40.002912],[27.261565,40.00311],[27.261774,40.003453],[27.262409,40.00352],[27.262567,40.003474],[27.262805,40.003352],[27.262933,40.003115],[27.263478,40.002931],[27.263764,40.002625],[27.264397,40.002227],[27.264812,40.001792],[27.265199,40.001974],[27.265229,40.002118],[27.265042,40.002325],[27.265409,40.00253],[27.266233,40.002802],[27.266598,40.002214],[27.266856,40.002183],[27.267123,40.002152],[27.267252,40.002182],[27.267393,40.002541],[27.267819,40.002631],[27.268097,40.002775],[27.268296,40.002836],[27.268754,40.003277],[27.268874,40.003528],[27.268874,40.003673],[27.268914,40.003749],[27.268984,40.003871],[27.269124,40.004077],[27.269045,40.004153],[27.269196,40.004307],[27.269658,40.004585],[27.269738,40.004821],[27.269597,40.005313],[27.269926,40.005869],[27.270042,40.006265],[27.27026,40.006345],[27.270781,40.00642],[27.270972,40.007189],[27.271039,40.007704],[27.270945,40.007845],[27.270786,40.007811],[27.270474,40.007869],[27.270406,40.008033],[27.270372,40.008331],[27.270505,40.009253],[27.270442,40.009699],[27.27016,40.009982],[27.26978,40.010269],[27.269939,40.010444],[27.269806,40.010521],[27.269598,40.010773],[27.270328,40.010996],[27.27097,40.011479],[27.270722,40.011586],[27.270589,40.011727],[27.2704,40.011648],[27.270078,40.011675],[27.270258,40.011984],[27.270265,40.012636],[27.270187,40.01307],[27.270347,40.013283],[27.270172,40.014083],[27.270084,40.014383],[27.270337,40.014205],[27.270663,40.014079],[27.270848,40.013804],[27.271192,40.013856],[27.271571,40.013274],[27.272278,40.013392],[27.2726,40.013363],[27.27299,40.01309],[27.273926,40.013188],[27.273716,40.013408],[27.273562,40.013699],[27.273997,40.014036],[27.274109,40.01394],[27.274816,40.014125],[27.274928,40.014353],[27.273931,40.014398],[27.273751,40.014456],[27.274155,40.014722],[27.274465,40.014783],[27.275152,40.014581],[27.275066,40.014739],[27.275593,40.014666],[27.275649,40.014795],[27.276245,40.014884],[27.276473,40.01474],[27.276474,40.014826],[27.276846,40.014982],[27.277126,40.015325],[27.277741,40.015481],[27.277947,40.015914],[27.277943,40.016438],[27.278304,40.016857],[27.278633,40.016842],[27.278869,40.015843],[27.278917,40.015735],[27.278715,40.015424],[27.277817,40.014988]]]}},{"type":"Feature","properties":{"id":"TR-Y-17-012-K-0015","level":"yerlesim","type":"mahalle","parent_id":"TR-D-17-012","province_id":"TR-P-17","district_id":"TR-D-17-012","name":"Boynanlar","source_raw_name":"Boynanlar","source":"Kullanıcı tarafından sağlanan KML","source_label":"Kullanıcı tarafından sağlanan KML","source_name":"Canakkale Mahalle KML - kullanici tarafindan saglandi"},"geometry":{"type":"Polygon","coordinates":[[[27.392793,39.834399],[27.393212,39.834183],[27.393106,39.834045],[27.393168,39.834011],[27.393904,39.833985],[27.394583,39.833883],[27.395268,39.833661],[27.395662,39.833455],[27.395884,39.833301],[27.395865,39.833192],[27.395722,39.833054],[27.395512,39.833083],[27.395326,39.83296],[27.395257,39.832903],[27.394935,39.832771],[27.39462,39.832724],[27.394496,39.832682],[27.394322,39.832568],[27.393924,39.832136],[27.393719,39.831955],[27.393383,39.831675],[27.393346,39.831637],[27.393845,39.831302],[27.394525,39.831261],[27.395095,39.830982],[27.394416,39.830399],[27.394215,39.830222],[27.393618,39.829641],[27.393414,39.828998],[27.393379,39.828661],[27.393566,39.828283],[27.39388,39.828099],[27.394024,39.827944],[27.394138,39.827786],[27.39438,39.827997],[27.395574,39.827907],[27.395972,39.828118],[27.396714,39.828078],[27.396925,39.828023],[27.397072,39.827894],[27.397204,39.827656],[27.397459,39.827506],[27.397941,39.827364],[27.398211,39.827243],[27.398344,39.827129],[27.398332,39.827034],[27.398201,39.82678],[27.398232,39.826365],[27.398612,39.826035],[27.398796,39.825863],[27.398895,39.8256],[27.398935,39.825448],[27.399171,39.825344],[27.399281,39.825092],[27.399365,39.824817],[27.399386,39.82462],[27.399493,39.824525],[27.399682,39.824436],[27.399722,39.82433],[27.399721,39.824216],[27.399617,39.824139],[27.399238,39.824049],[27.399078,39.823909],[27.399455,39.82365],[27.40011,39.823402],[27.400539,39.823235],[27.40059,39.82314],[27.400556,39.822995],[27.400112,39.822481],[27.399772,39.822122],[27.39963,39.821891],[27.399591,39.821588],[27.399497,39.821411],[27.399456,39.821246],[27.399332,39.821063],[27.39929,39.820831],[27.399465,39.820385],[27.399562,39.819867],[27.399461,39.81957],[27.399242,39.818979],[27.399028,39.818427],[27.399498,39.818412],[27.400268,39.818092],[27.400548,39.817787],[27.400583,39.817464],[27.40093,39.816551],[27.401331,39.816572],[27.402053,39.816458],[27.402383,39.816426],[27.402743,39.816487],[27.402832,39.816493],[27.403709,39.816232],[27.403734,39.815952],[27.403677,39.815806],[27.403487,39.815653],[27.403231,39.815571],[27.402666,39.815418],[27.402399,39.815328],[27.402213,39.815225],[27.401959,39.814969],[27.401847,39.81484],[27.40169,39.814604],[27.401611,39.814381],[27.401611,39.814312],[27.402019,39.814371],[27.403108,39.814822],[27.403386,39.814867],[27.403609,39.814892],[27.404622,39.815111],[27.404923,39.815116],[27.405327,39.815066],[27.405623,39.814947],[27.405792,39.81475],[27.405876,39.814549],[27.405797,39.814312],[27.405357,39.813968],[27.404689,39.813258],[27.404357,39.812882],[27.403909,39.812254],[27.40392,39.812217],[27.404407,39.812467],[27.404534,39.812672],[27.405168,39.813302],[27.405469,39.813381],[27.405836,39.813468],[27.406237,39.813564],[27.40654,39.813377],[27.406743,39.813151],[27.406764,39.812882],[27.406755,39.812599],[27.406687,39.812376],[27.406447,39.812079],[27.406299,39.811977],[27.40629,39.811737],[27.406308,39.811694],[27.406524,39.811822],[27.406669,39.811861],[27.406902,39.811889],[27.407121,39.811794],[27.407457,39.81157],[27.40779,39.811543],[27.408087,39.811527],[27.408461,39.8114],[27.408583,39.811328],[27.408667,39.811245],[27.408726,39.81111],[27.408765,39.810833],[27.408764,39.81065],[27.408677,39.810459],[27.408621,39.810387],[27.408602,39.810305],[27.408683,39.810147],[27.408709,39.810064],[27.408474,39.809928],[27.408392,39.809876],[27.408314,39.809768],[27.408704,39.809895],[27.408937,39.809906],[27.409174,39.809851],[27.409599,39.809566],[27.409724,39.809374],[27.409669,39.808771],[27.410158,39.808786],[27.410643,39.808693],[27.41101,39.80856],[27.411072,39.808411],[27.411031,39.807828],[27.410773,39.807472],[27.410639,39.807389],[27.410444,39.806978],[27.410284,39.806864],[27.410206,39.806799],[27.410264,39.80667],[27.410379,39.806578],[27.410413,39.806135],[27.41037,39.805694],[27.41029,39.80548],[27.410055,39.805235],[27.40981,39.80511],[27.409476,39.80498],[27.409134,39.804978],[27.408571,39.805],[27.408341,39.804972],[27.407959,39.804882],[27.407385,39.804736],[27.406741,39.80454],[27.405822,39.804535],[27.405535,39.804498],[27.405416,39.804476],[27.405093,39.804356],[27.404678,39.804143],[27.404462,39.804096],[27.404378,39.80412],[27.40382,39.804808],[27.403799,39.804875],[27.403891,39.80537],[27.403746,39.805941],[27.403548,39.806334],[27.403691,39.806527],[27.403699,39.806827],[27.403593,39.807121],[27.403562,39.807223],[27.403483,39.807307],[27.40335,39.807357],[27.40257,39.807625],[27.402351,39.807697],[27.402101,39.80776],[27.401546,39.808005],[27.401386,39.808139],[27.400931,39.808388],[27.399886,39.808385],[27.399423,39.808408],[27.398947,39.808414],[27.398995,39.808171],[27.398997,39.808021],[27.39915,39.807675],[27.399223,39.807469],[27.399249,39.807238],[27.399239,39.807133],[27.399149,39.806936],[27.399135,39.806793],[27.399184,39.806585],[27.399096,39.80635],[27.398999,39.806171],[27.398682,39.805937],[27.398106,39.805648],[27.398145,39.805464],[27.398294,39.805082],[27.398318,39.80488],[27.398314,39.804756],[27.39827,39.804651],[27.398019,39.804535],[27.397905,39.804502],[27.397723,39.804501],[27.396933,39.804713],[27.396566,39.804862],[27.396378,39.804913],[27.396245,39.804937],[27.395995,39.804945],[27.395336,39.804835],[27.394919,39.804813],[27.394777,39.804782],[27.394523,39.804724],[27.39408,39.804575],[27.393682,39.804574],[27.393342,39.804592],[27.392959,39.804586],[27.392715,39.804637],[27.39258,39.804804],[27.392539,39.805154],[27.39254,39.805324],[27.392497,39.805395],[27.392377,39.805455],[27.392281,39.805465],[27.392145,39.805427],[27.392024,39.805344],[27.391657,39.804967],[27.391524,39.804836],[27.39144,39.804722],[27.391319,39.804632],[27.391022,39.804559],[27.390858,39.804572],[27.390617,39.804668],[27.390525,39.804744],[27.390288,39.804828],[27.390149,39.804865],[27.389991,39.80481],[27.389706,39.804623],[27.389395,39.804362],[27.389267,39.80406],[27.389169,39.803622],[27.389226,39.803316],[27.389296,39.803221],[27.389396,39.80292],[27.389463,39.802615],[27.389498,39.802322],[27.389219,39.80207],[27.388986,39.801902],[27.388566,39.80191],[27.388029,39.801998],[27.387948,39.801977],[27.387769,39.802025],[27.387587,39.801952],[27.387401,39.801905],[27.387287,39.801927],[27.386942,39.802044],[27.386803,39.802069],[27.386667,39.802079],[27.386564,39.801996],[27.386416,39.802041],[27.386229,39.802197],[27.386213,39.802106],[27.385882,39.802124],[27.385663,39.802108],[27.385514,39.802078],[27.385341,39.80199],[27.385226,39.801921],[27.385183,39.801934],[27.385165,39.80201],[27.385143,39.802022],[27.384782,39.801985],[27.384818,39.801842],[27.384545,39.801681],[27.384343,39.801505],[27.384012,39.801437],[27.383759,39.801431],[27.38354,39.801443],[27.383543,39.801396],[27.383499,39.801341],[27.383057,39.801295],[27.382748,39.801229],[27.382667,39.801208],[27.382125,39.800826],[27.381369,39.80049],[27.380848,39.800194],[27.380538,39.799995],[27.3803,39.799857],[27.37994,39.799585],[27.379846,39.799454],[27.379372,39.799165],[27.378471,39.798836],[27.378201,39.798604],[27.377899,39.798204],[27.37774,39.797933],[27.377572,39.797762],[27.37707,39.797475],[27.376915,39.797359],[27.376668,39.797274],[27.376464,39.797287],[27.376414,39.797234],[27.376407,39.797111],[27.376319,39.797091],[27.376115,39.797146],[27.375217,39.797232],[27.374676,39.797217],[27.374342,39.797097],[27.374153,39.797048],[27.373813,39.797046],[27.373327,39.797312],[27.373102,39.797444],[27.372325,39.797735],[27.37219,39.797881],[27.372557,39.798323],[27.372576,39.798454],[27.37233,39.798714],[27.37181,39.79915],[27.371365,39.799685],[27.370497,39.800708],[27.37022,39.801033],[27.369707,39.801477],[27.369244,39.801612],[27.368995,39.801873],[27.368711,39.801983],[27.36847,39.801972],[27.368249,39.802075],[27.368126,39.802207],[27.368174,39.802588],[27.368163,39.802767],[27.367985,39.803001],[27.366687,39.802969],[27.365882,39.803303],[27.365578,39.804119],[27.364986,39.805605],[27.364641,39.806355],[27.364726,39.806598],[27.36479,39.807105],[27.364699,39.807448],[27.364516,39.807773],[27.364342,39.8083],[27.364208,39.808615],[27.364067,39.808813],[27.364186,39.809144],[27.365172,39.809737],[27.365925,39.810144],[27.366503,39.810755],[27.366766,39.811383],[27.367504,39.811443],[27.367208,39.811987],[27.367382,39.81278],[27.366986,39.813298],[27.367191,39.813577],[27.367039,39.814032],[27.367147,39.814551],[27.367309,39.814825],[27.367657,39.815181],[27.367941,39.815717],[27.368293,39.816166],[27.368397,39.816537],[27.368089,39.816684],[27.367747,39.816999],[27.367783,39.817371],[27.367793,39.817986],[27.367847,39.818369],[27.36782,39.819122],[27.368911,39.819748],[27.36883,39.820196],[27.368361,39.820867],[27.368243,39.82123],[27.368479,39.822165],[27.368663,39.822963],[27.368928,39.823989],[27.368994,39.824173],[27.368976,39.824935],[27.369037,39.825297],[27.369177,39.825473],[27.369304,39.825549],[27.369325,39.825954],[27.369,39.82646],[27.368921,39.826694],[27.369082,39.826832],[27.369527,39.82684],[27.369713,39.826854],[27.36993,39.827044],[27.369907,39.827234],[27.369766,39.82744],[27.369742,39.827573],[27.370077,39.82792],[27.37025,39.827962],[27.370548,39.828047],[27.370678,39.828176],[27.370605,39.828309],[27.370537,39.828433],[27.370593,39.82849],[27.370686,39.82849],[27.371193,39.828455],[27.371366,39.828507],[27.371485,39.828783],[27.371462,39.829036],[27.371314,39.829203],[27.371154,39.829318],[27.371222,39.829446],[27.371416,39.829364],[27.371673,39.829628],[27.372233,39.829782],[27.372185,39.8301],[27.372257,39.83034],[27.372155,39.830539],[27.372305,39.830848],[27.372767,39.830903],[27.372966,39.831065],[27.37345,39.830783],[27.373863,39.830672],[27.374233,39.830404],[27.37463,39.830244],[27.374768,39.829768],[27.374881,39.829817],[27.374822,39.830064],[27.375128,39.830045],[27.376125,39.829713],[27.376288,39.82975],[27.376996,39.829782],[27.376969,39.829791],[27.377264,39.829784],[27.377945,39.82993],[27.378143,39.83002],[27.378297,39.83],[27.378581,39.829851],[27.378838,39.829384],[27.379269,39.829106],[27.380369,39.828992],[27.380856,39.828805],[27.382169,39.828072],[27.382506,39.827694],[27.382623,39.827493],[27.382789,39.827455],[27.383228,39.827458],[27.384243,39.827698],[27.385384,39.828242],[27.385571,39.828542],[27.386068,39.828974],[27.387469,39.82976],[27.387903,39.829873],[27.388886,39.829937],[27.388967,39.830017],[27.389344,39.830026],[27.389945,39.830362],[27.390106,39.830366],[27.390308,39.82996],[27.390368,39.829684],[27.390318,39.829603],[27.390478,39.829512],[27.391201,39.829371],[27.391099,39.830001],[27.391193,39.830162],[27.391355,39.830357],[27.391004,39.830649],[27.392211,39.831002],[27.392212,39.831093],[27.392535,39.831435],[27.392622,39.831468],[27.39274,39.83163],[27.39268,39.831954],[27.392502,39.832198],[27.392627,39.832402],[27.392536,39.832612],[27.392339,39.832746],[27.391956,39.832891],[27.391474,39.832835],[27.391269,39.832779],[27.390782,39.832895],[27.390406,39.833134],[27.389968,39.833255],[27.389518,39.83349],[27.389351,39.833552],[27.389358,39.833686],[27.3896,39.833723],[27.390182,39.833888],[27.391048,39.834142],[27.391332,39.834079],[27.391481,39.834074],[27.391784,39.834159],[27.392323,39.8343],[27.392681,39.834199],[27.392793,39.834399]]]}},{"type":"Feature","properties":{"id":"TR-Y-17-012-K-0016","level":"yerlesim","type":"mahalle","parent_id":"TR-D-17-012","province_id":"TR-P-17","district_id":"TR-D-17-012","name":"Çakır","source_raw_name":"Çakır","source":"Kullanıcı tarafından sağlanan KML","source_label":"Kullanıcı tarafından sağlanan KML","source_name":"Canakkale Mahalle KML - kullanici tarafindan saglandi"},"geometry":{"type":"Polygon","coordinates":[[[27.332384,40.011934],[27.335298,40.00796],[27.335227,40.007709],[27.335314,40.00732],[27.33585,40.007234],[27.338883,40.005151],[27.342044,40.002664],[27.343005,40.002516],[27.347138,40.000155],[27.350647,39.998155],[27.351885,39.993362],[27.355187,39.988594],[27.355211,39.98847],[27.355309,39.988326],[27.355469,39.988116],[27.35739,39.988082],[27.357712,39.988214],[27.358997,39.987476],[27.356967,39.983089],[27.362108,39.98049],[27.363605,39.980151],[27.362899,39.980144],[27.362415,39.979926],[27.361585,39.979967],[27.361423,39.979882],[27.361285,39.979463],[27.36148,39.978843],[27.362556,39.978553],[27.363339,39.978961],[27.363313,39.978818],[27.363225,39.978608],[27.362642,39.978486],[27.362306,39.978077],[27.36235,39.977105],[27.361762,39.976058],[27.362355,39.975637],[27.362763,39.975445],[27.363668,39.975604],[27.364024,39.974974],[27.363961,39.97487],[27.364654,39.974724],[27.365097,39.97418],[27.365631,39.974331],[27.365717,39.974168],[27.365964,39.974129],[27.366262,39.974252],[27.366422,39.973975],[27.365342,39.973655],[27.365083,39.973846],[27.364897,39.973761],[27.364709,39.973361],[27.365128,39.972874],[27.364681,39.972704],[27.364408,39.972638],[27.364161,39.972782],[27.36419,39.973592],[27.36347,39.973413],[27.363479,39.972698],[27.36396,39.972229],[27.364034,39.972153],[27.363694,39.971239],[27.362528,39.97089],[27.362344,39.971338],[27.361923,39.971283],[27.361871,39.970854],[27.361385,39.970217],[27.361581,39.969949],[27.361158,39.969503],[27.360214,39.969],[27.36025,39.96881],[27.360373,39.968695],[27.360358,39.968123],[27.360247,39.9682],[27.359799,39.967782],[27.359624,39.967639],[27.359462,39.967297],[27.360005,39.966933],[27.359866,39.966514],[27.360238,39.966446],[27.360261,39.966226],[27.359989,39.966256],[27.36006,39.965693],[27.359613,39.965504],[27.359431,39.966229],[27.358638,39.966184],[27.358705,39.964773],[27.358852,39.964506],[27.358963,39.964372],[27.35947,39.964256],[27.359494,39.964027],[27.359358,39.96398],[27.359489,39.963093],[27.359254,39.963189],[27.358734,39.962602],[27.358625,39.962492],[27.358222,39.962448],[27.357839,39.961921],[27.357753,39.961599],[27.357701,39.961602],[27.357527,39.961602],[27.357124,39.960927],[27.357065,39.960827],[27.356872,39.960684],[27.356151,39.960737],[27.356257,39.960856],[27.355895,39.961455],[27.35538,39.96076],[27.355277,39.96062],[27.354837,39.960579],[27.354749,39.960274],[27.354373,39.959987],[27.354003,39.959833],[27.353842,39.959563],[27.352984,39.959476],[27.352719,39.959894],[27.352964,39.960324],[27.352181,39.960771],[27.35175,39.960458],[27.351214,39.960717],[27.351125,39.960641],[27.350466,39.961213],[27.350041,39.961481],[27.349648,39.962128],[27.348952,39.962098],[27.348562,39.962349],[27.348107,39.96211],[27.347306,39.961846],[27.342694,39.963092],[27.343106,39.962359],[27.34376,39.961693],[27.344032,39.961767],[27.3454,39.961085],[27.345802,39.960481],[27.345615,39.960327],[27.34629,39.960087],[27.346889,39.959425],[27.347299,39.958912],[27.347781,39.958808],[27.347976,39.958229],[27.347898,39.958018],[27.347912,39.9574],[27.348003,39.957127],[27.34839,39.956325],[27.348827,39.955579],[27.349485,39.95587],[27.350056,39.955219],[27.350257,39.955142],[27.350454,39.954899],[27.35011,39.954639],[27.349802,39.954375],[27.349761,39.954074],[27.349746,39.953559],[27.350284,39.9527],[27.350827,39.95184],[27.350827,39.951762],[27.350821,39.951623],[27.350612,39.951481],[27.351449,39.950872],[27.351922,39.950504],[27.352191,39.950284],[27.351965,39.950049],[27.351786,39.949939],[27.351981,39.949791],[27.352146,39.949661],[27.352247,39.949556],[27.35233,39.949302],[27.35242,39.949105],[27.352362,39.948919],[27.352436,39.948703],[27.352492,39.948537],[27.354033,39.947557],[27.354859,39.94638],[27.356554,39.944667],[27.357464,39.944451],[27.359061,39.942966],[27.360202,39.941377],[27.36146,39.939451],[27.365673,39.935212],[27.365672,39.935212],[27.361988,39.936619],[27.360257,39.937149],[27.359264,39.936485],[27.360685,39.935861],[27.362106,39.935475],[27.360676,39.934288],[27.360548,39.933526],[27.360852,39.932477],[27.359978,39.930907],[27.360158,39.929858],[27.360772,39.928998],[27.361072,39.927138],[27.360508,39.925853],[27.361489,39.924087],[27.364828,39.923314],[27.365819,39.923501],[27.366438,39.923499],[27.366555,39.92226],[27.365864,39.920213],[27.366358,39.920164],[27.366972,39.919113],[27.367399,39.918016],[27.368014,39.917251],[27.369989,39.916149],[27.370912,39.915288],[27.370479,39.915289],[27.369483,39.914196],[27.369165,39.912625],[27.369165,39.912624],[27.369165,39.912624],[27.367179,39.911725],[27.365137,39.911636],[27.365689,39.910586],[27.365688,39.910586],[27.365688,39.910586],[27.363844,39.910102],[27.363603,39.910092],[27.362957,39.910541],[27.363012,39.910921],[27.362799,39.911077],[27.362516,39.910817],[27.362228,39.910558],[27.362228,39.910558],[27.362227,39.910558],[27.362016,39.910788],[27.361846,39.910796],[27.361671,39.910923],[27.361421,39.910839],[27.360963,39.910842],[27.360529,39.910938],[27.359915,39.911195],[27.359486,39.911718],[27.359053,39.912246],[27.358736,39.912635],[27.358066,39.913189],[27.357745,39.913209],[27.357229,39.912992],[27.357229,39.912992],[27.355055,39.913668],[27.3534,39.913529],[27.353182,39.913434],[27.351956,39.913811],[27.349776,39.914481],[27.349483,39.914265],[27.348967,39.914221],[27.348223,39.913948],[27.345967,39.913223],[27.344653,39.911942],[27.344192,39.911787],[27.343685,39.911385],[27.341271,39.91069],[27.338256,39.909845],[27.336174,39.909245],[27.335813,39.909303],[27.335421,39.909258],[27.335204,39.909427],[27.334693,39.909219],[27.334624,39.909085],[27.334094,39.909098],[27.333936,39.909232],[27.33361,39.909321],[27.33321,39.909619],[27.332883,39.909495],[27.332509,39.908935],[27.33179,39.908815],[27.331396,39.909114],[27.329265,39.910752],[27.326966,39.9125],[27.324835,39.914134],[27.323093,39.915489],[27.322502,39.914965],[27.321866,39.914497],[27.321632,39.914204],[27.32128,39.914133],[27.320913,39.914148],[27.320602,39.914309],[27.317476,39.915588],[27.315257,39.917596],[27.313483,39.919488],[27.312824,39.921606],[27.311864,39.922809],[27.311868,39.923839],[27.313048,39.925615],[27.312815,39.92614],[27.312849,39.926211],[27.312699,39.926414],[27.312712,39.926598],[27.312653,39.926669],[27.313914,39.926864],[27.314508,39.926826],[27.31458,39.926917],[27.314736,39.927193],[27.314849,39.927025],[27.315076,39.927068],[27.315462,39.927658],[27.315673,39.927824],[27.316261,39.927846],[27.316228,39.927234],[27.316546,39.927197],[27.317004,39.927217],[27.31736,39.92719],[27.31798,39.927286],[27.318157,39.927398],[27.318393,39.92753],[27.317817,39.928292],[27.317957,39.928437],[27.317509,39.929215],[27.317153,39.929159],[27.317083,39.929374],[27.316693,39.929513],[27.316351,39.929845],[27.316606,39.930026],[27.317196,39.929888],[27.317412,39.929697],[27.317695,39.929891],[27.317572,39.930106],[27.317346,39.930746],[27.317378,39.93112],[27.316851,39.931481],[27.316817,39.931509],[27.31708,39.931599],[27.317414,39.931517],[27.317766,39.931169],[27.318094,39.931153],[27.318252,39.931284],[27.318023,39.931847],[27.318441,39.93196],[27.319011,39.932056],[27.31923,39.932006],[27.319331,39.931765],[27.319604,39.93184],[27.319849,39.931189],[27.320491,39.931495],[27.320891,39.931572],[27.320866,39.932168],[27.320578,39.932193],[27.320304,39.932486],[27.320732,39.932704],[27.320715,39.933029],[27.321234,39.932815],[27.321403,39.932614],[27.321664,39.932895],[27.32182,39.933142],[27.321908,39.933516],[27.322066,39.933844],[27.322047,39.934462],[27.321913,39.934514],[27.321829,39.934957],[27.321974,39.935032],[27.321843,39.935437],[27.322115,39.935514],[27.322132,39.935776],[27.322284,39.935973],[27.322381,39.935983],[27.322595,39.936127],[27.322609,39.936928],[27.322527,39.937171],[27.322421,39.937273],[27.322337,39.937533],[27.322415,39.937766],[27.322306,39.937813],[27.32241,39.937955],[27.322222,39.938083],[27.322002,39.938522],[27.321878,39.939068],[27.321798,39.939315],[27.321867,39.939689],[27.32197,39.940103],[27.321149,39.939878],[27.321055,39.940118],[27.320961,39.940281],[27.321126,39.940476],[27.321097,39.940647],[27.321134,39.940961],[27.321283,39.941002],[27.321433,39.941232],[27.321235,39.941394],[27.321067,39.942256],[27.320299,39.942026],[27.319357,39.941729],[27.318902,39.941539],[27.317929,39.94197],[27.317671,39.941913],[27.317521,39.94193],[27.317128,39.941729],[27.316813,39.941795],[27.316386,39.94233],[27.316278,39.942596],[27.316191,39.943096],[27.31637,39.943231],[27.315981,39.943586],[27.315937,39.9439],[27.315753,39.943889],[27.315204,39.943404],[27.315125,39.943433],[27.314939,39.943613],[27.314789,39.943696],[27.31434,39.943806],[27.314525,39.944505],[27.316088,39.946782],[27.316865,39.949277],[27.317091,39.949965],[27.316332,39.951174],[27.315369,39.952749],[27.314644,39.954244],[27.314011,39.955515],[27.313594,39.957122],[27.313288,39.958281],[27.312275,39.960057],[27.311877,39.960794],[27.310329,39.962571],[27.309132,39.963954],[27.306694,39.966145],[27.307592,39.968766],[27.308431,39.971139],[27.309475,39.97411],[27.310604,39.977298],[27.311628,39.980212],[27.312693,39.983222],[27.313985,39.98688],[27.314855,39.987304],[27.315105,39.987709],[27.315082,39.988171],[27.315214,39.988647],[27.315222,39.98901],[27.315199,39.989386],[27.315145,39.989763],[27.314933,39.990433],[27.318979,40.008587],[27.3194,40.008633],[27.320795,40.008777],[27.321124,40.008886],[27.321708,40.009204],[27.321771,40.009303],[27.321958,40.009513],[27.322225,40.009669],[27.322304,40.009345],[27.32262,40.009387],[27.323086,40.009533],[27.322995,40.009958],[27.324028,40.01096],[27.325354,40.013425],[27.32879,40.013997],[27.329382,40.014667],[27.330563,40.01525],[27.331562,40.015481],[27.3339,40.016004],[27.332384,40.011934]]]}},{"type":"Feature","properties":{"id":"TR-Y-17-012-K-0017","level":"yerlesim","type":"mahalle","parent_id":"TR-D-17-012","province_id":"TR-P-17","district_id":"TR-D-17-012","name":"Çakıroba","source_raw_name":"Çakıroba","source":"Kullanıcı tarafından sağlanan KML","source_label":"Kullanıcı tarafından sağlanan KML","source_name":"Canakkale Mahalle KML - kullanici tarafindan saglandi"},"geometry":{"type":"Polygon","coordinates":[[[27.316012,40.009024],[27.316395,40.008846],[27.316607,40.00896],[27.316693,40.008893],[27.316997,40.008921],[27.317084,40.008983],[27.317491,40.008524],[27.317589,40.008314],[27.318118,40.008704],[27.31849,40.00875],[27.318979,40.008587],[27.314933,39.990433],[27.315145,39.989763],[27.315199,39.989386],[27.315222,39.98901],[27.315214,39.988647],[27.315082,39.988171],[27.315105,39.987709],[27.314855,39.987304],[27.313985,39.98688],[27.312693,39.983222],[27.311628,39.980212],[27.310604,39.977298],[27.309475,39.97411],[27.308431,39.971139],[27.307592,39.968766],[27.306694,39.966145],[27.309132,39.963954],[27.310329,39.962571],[27.311877,39.960794],[27.312275,39.960057],[27.313288,39.958281],[27.313594,39.957122],[27.314011,39.955515],[27.314644,39.954244],[27.315369,39.952749],[27.316332,39.951174],[27.317091,39.949965],[27.316865,39.949277],[27.316088,39.946782],[27.314525,39.944505],[27.31434,39.943806],[27.314789,39.943696],[27.314939,39.943613],[27.315125,39.943433],[27.315204,39.943404],[27.314984,39.943212],[27.314118,39.942814],[27.31308,39.942457],[27.312421,39.94236],[27.312071,39.942321],[27.312387,39.941896],[27.312723,39.941739],[27.31282,39.941292],[27.3131,39.940708],[27.310446,39.940803],[27.308943,39.941558],[27.306948,39.941674],[27.306712,39.942163],[27.306549,39.942335],[27.306149,39.942492],[27.305724,39.942676],[27.304826,39.942438],[27.304806,39.942362],[27.303794,39.942014],[27.303625,39.941839],[27.30294,39.941658],[27.302998,39.941326],[27.302992,39.941109],[27.301791,39.941516],[27.299988,39.941624],[27.299549,39.942105],[27.299067,39.942732],[27.297557,39.94288],[27.296543,39.942864],[27.296305,39.942807],[27.295822,39.942745],[27.29525,39.942825],[27.294822,39.942973],[27.294528,39.943122],[27.293878,39.943222],[27.293624,39.943279],[27.293323,39.943309],[27.292934,39.943354],[27.292456,39.943374],[27.292159,39.943377],[27.291983,39.943374],[27.291487,39.94326],[27.291046,39.943128],[27.290674,39.94298],[27.290569,39.942893],[27.290554,39.942868],[27.290483,39.94283],[27.289601,39.94266],[27.289027,39.942791],[27.288617,39.943025],[27.288402,39.942591],[27.288016,39.942657],[27.28744,39.942651],[27.286746,39.94261],[27.286739,39.942453],[27.286052,39.942431],[27.285432,39.942242],[27.285241,39.942495],[27.284486,39.942659],[27.284443,39.94264],[27.283509,39.942976],[27.283393,39.942903],[27.283347,39.943369],[27.282997,39.943694],[27.283036,39.943717],[27.283166,39.944037],[27.283766,39.94429],[27.283926,39.94458],[27.28381,39.94548],[27.283397,39.946106],[27.282661,39.947549],[27.281765,39.947841],[27.281074,39.948319],[27.28053,39.948675],[27.280463,39.949221],[27.280619,39.949739],[27.280007,39.950251],[27.279368,39.950222],[27.279182,39.950791],[27.279648,39.950923],[27.279824,39.951502],[27.280091,39.951532],[27.28064,39.951176],[27.281531,39.951185],[27.281613,39.951837],[27.281911,39.951867],[27.28197,39.953075],[27.281345,39.952844],[27.280591,39.952522],[27.280027,39.952832],[27.279695,39.952818],[27.279419,39.953131],[27.27944,39.953402],[27.279198,39.953658],[27.279017,39.954146],[27.279032,39.954303],[27.279186,39.95431],[27.279395,39.954508],[27.279776,39.954457],[27.279817,39.954735],[27.280411,39.95457],[27.280581,39.955092],[27.280607,39.955397],[27.280796,39.955412],[27.280975,39.95569],[27.28101,39.955682],[27.281239,39.956021],[27.280581,39.956255],[27.280429,39.956587],[27.280078,39.956759],[27.279626,39.956562],[27.279084,39.956129],[27.278783,39.956389],[27.278597,39.956839],[27.278945,39.957155],[27.278777,39.957178],[27.278365,39.957129],[27.278465,39.95727],[27.278897,39.957563],[27.278616,39.957918],[27.278558,39.958135],[27.278148,39.958422],[27.277752,39.958534],[27.276795,39.958525],[27.277026,39.959115],[27.276641,39.95944],[27.276301,39.960013],[27.276277,39.960146],[27.276178,39.960311],[27.275922,39.960548],[27.275566,39.960785],[27.275121,39.960973],[27.273966,39.962268],[27.274127,39.962683],[27.275666,39.963514],[27.27636,39.963551],[27.277756,39.963258],[27.279523,39.962899],[27.279624,39.963398],[27.279714,39.96466],[27.279349,39.965221],[27.27891,39.96685],[27.27913,39.967338],[27.279213,39.968203],[27.27981,39.968842],[27.279807,39.969246],[27.279263,39.969564],[27.278718,39.969687],[27.278357,39.970106],[27.278281,39.970242],[27.278444,39.970294],[27.278955,39.970889],[27.278918,39.971046],[27.278455,39.971424],[27.278363,39.971629],[27.278588,39.97199],[27.278951,39.972066],[27.278963,39.972577],[27.279198,39.972923],[27.279849,39.973079],[27.280939,39.973009],[27.281468,39.973499],[27.281947,39.975633],[27.282252,39.975893],[27.282723,39.975793],[27.283417,39.975917],[27.283713,39.978447],[27.283792,39.979515],[27.282855,39.980548],[27.283125,39.981131],[27.283156,39.981594],[27.283412,39.982222],[27.283513,39.982451],[27.284135,39.98273],[27.284574,39.982911],[27.284525,39.983097],[27.284004,39.983376],[27.283313,39.983595],[27.282806,39.984183],[27.282499,39.984493],[27.2826,39.985046],[27.282041,39.985228],[27.28167,39.985366],[27.281411,39.985701],[27.281127,39.98618],[27.280652,39.986507],[27.280477,39.986881],[27.280479,39.987415],[27.280926,39.987681],[27.281043,39.987844],[27.280681,39.988463],[27.280896,39.988816],[27.280363,39.989328],[27.280551,39.989789],[27.280496,39.989875],[27.280664,39.990147],[27.281669,39.990463],[27.281941,39.990248],[27.28222,39.9903],[27.282779,39.990689],[27.282495,39.990967],[27.282756,39.991137],[27.282497,39.991334],[27.283292,39.991789],[27.283757,39.991912],[27.284021,39.991482],[27.284332,39.991701],[27.284049,39.99213],[27.284007,39.992502],[27.2835,39.992747],[27.283395,39.992894],[27.283381,39.993016],[27.283564,39.992999],[27.283804,39.992998],[27.284072,39.99299],[27.284215,39.99297],[27.284346,39.99293],[27.284476,39.992891],[27.284615,39.992808],[27.284776,39.992713],[27.284916,39.992635],[27.285052,39.992569],[27.285162,39.992534],[27.285292,39.992525],[27.285433,39.992541],[27.285551,39.992586],[27.285664,39.992682],[27.285748,39.992726],[27.28591,39.992742],[27.286853,39.992883],[27.287417,39.992955],[27.287259,39.992161],[27.287263,39.991755],[27.287623,39.991769],[27.287838,39.992836],[27.287913,39.992969],[27.28834,39.992835],[27.288761,39.992776],[27.288632,39.993072],[27.288304,39.993278],[27.287891,39.993713],[27.287521,39.994052],[27.28694,39.994497],[27.28678,39.994745],[27.286638,39.994764],[27.286862,39.99504],[27.286813,39.995193],[27.286538,39.995351],[27.286078,39.995472],[27.285986,39.995517],[27.285882,39.995547],[27.285501,39.995692],[27.285937,39.996272],[27.285969,39.996339],[27.285301,39.99664],[27.284633,39.996899],[27.284758,39.997166],[27.284883,39.997404],[27.285424,39.997946],[27.285753,39.997998],[27.285877,39.998097],[27.285791,39.998231],[27.286126,39.998473],[27.286197,39.999116],[27.286213,39.999922],[27.286178,40.000379],[27.286398,40.001103],[27.286541,40.001232],[27.286739,40.001322],[27.286691,40.001579],[27.287212,40.001835],[27.287808,40.001881],[27.287984,40.002491],[27.288089,40.002557],[27.288411,40.002519],[27.288549,40.002747],[27.28847,40.0031],[27.28824,40.003057],[27.288097,40.002929],[27.286775,40.002561],[27.286776,40.002656],[27.286895,40.003099],[27.28684,40.003271],[27.286946,40.003304],[27.287373,40.003174],[27.287671,40.003192],[27.287777,40.003545],[27.28851,40.003781],[27.288589,40.003447],[27.288725,40.003409],[27.288992,40.003485],[27.289432,40.003503],[27.290166,40.004306],[27.289573,40.004555],[27.28927,40.004809],[27.289123,40.005276],[27.288857,40.005253],[27.288826,40.005411],[27.291399,40.005657],[27.293107,40.004938],[27.294139,40.004287],[27.294547,40.004119],[27.294783,40.004128],[27.295037,40.004085],[27.298192,40.00289],[27.298471,40.00287],[27.298633,40.003089],[27.298814,40.003432],[27.298969,40.003403],[27.299209,40.003059],[27.299308,40.002925],[27.299748,40.002919],[27.301223,40.003106],[27.301291,40.002925],[27.301476,40.002843],[27.301607,40.002967],[27.301843,40.003071],[27.302183,40.003027],[27.302469,40.003146],[27.302525,40.003193],[27.302681,40.003374],[27.303129,40.003773],[27.30321,40.003911],[27.303241,40.003987],[27.306627,40.005908],[27.306868,40.005808],[27.307116,40.005793],[27.307086,40.006031],[27.30713,40.006107],[27.307224,40.006374],[27.307566,40.006635],[27.307604,40.006759],[27.307797,40.007011],[27.307743,40.007373],[27.312612,40.00819],[27.316012,40.009024]]]}},{"type":"Feature","properties":{"id":"TR-Y-17-012-K-0018","level":"yerlesim","type":"mahalle","parent_id":"TR-D-17-012","province_id":"TR-P-17","district_id":"TR-D-17-012","name":"Çal","source_raw_name":"Çal","source":"Kullanıcı tarafından sağlanan KML","source_label":"Kullanıcı tarafından sağlanan KML","source_name":"Canakkale Mahalle KML - kullanici tarafindan saglandi"},"geometry":{"type":"Polygon","coordinates":[[[27.163179,39.999916],[27.165338,39.999201],[27.166766,39.999284],[27.168212,39.999394],[27.169668,39.998914],[27.170943,39.998501],[27.17215,39.998064],[27.17355,39.997599],[27.173397,39.997296],[27.172527,39.995602],[27.17197,39.994533],[27.172091,39.993798],[27.172336,39.992236],[27.172479,39.991321],[27.172957,39.990909],[27.173046,39.990894],[27.173929,39.989725],[27.174114,39.989472],[27.174232,39.98918],[27.174239,39.989026],[27.174336,39.988917],[27.174803,39.988567],[27.175189,39.988475],[27.175539,39.988383],[27.175925,39.988308],[27.176371,39.988165],[27.176385,39.98805],[27.176013,39.987748],[27.17573,39.987771],[27.175433,39.987611],[27.175231,39.987326],[27.175647,39.987285],[27.176041,39.987147],[27.176137,39.987015],[27.176657,39.986757],[27.177147,39.986511],[27.177526,39.98619],[27.17786,39.986172],[27.178016,39.986218],[27.178455,39.986326],[27.179035,39.986342],[27.179117,39.986285],[27.179206,39.986153],[27.179108,39.985707],[27.179182,39.985461],[27.179069,39.985152],[27.179061,39.984872],[27.179432,39.984523],[27.17967,39.984516],[27.180353,39.984424],[27.180688,39.98432],[27.180762,39.984109],[27.180694,39.983892],[27.180537,39.983703],[27.18038,39.983372],[27.181428,39.983118],[27.18157,39.983381],[27.181703,39.983267],[27.181963,39.983192],[27.182246,39.983151],[27.182379,39.983071],[27.182423,39.982825],[27.182519,39.982482],[27.182688,39.981818],[27.182725,39.981492],[27.18256,39.981144],[27.182255,39.980981],[27.18195,39.981053],[27.181876,39.980944],[27.181711,39.980527],[27.181313,39.979155],[27.181173,39.97927],[27.181269,39.979041],[27.181194,39.978858],[27.180694,39.978293],[27.180091,39.978053],[27.179585,39.977568],[27.17928,39.977437],[27.179442,39.976882],[27.179508,39.976825],[27.179302,39.974743],[27.17905,39.972239],[27.176517,39.969801],[27.175563,39.968927],[27.175606,39.968315],[27.175523,39.967892],[27.175819,39.967268],[27.175804,39.967011],[27.175305,39.966949],[27.175572,39.966651],[27.175943,39.96649],[27.175772,39.966159],[27.175734,39.966033],[27.175659,39.965719],[27.175242,39.965774],[27.174622,39.965846],[27.174626,39.965961],[27.174404,39.96631],[27.174341,39.966287],[27.173686,39.966125],[27.173169,39.965963],[27.172935,39.966041],[27.172649,39.966141],[27.172579,39.966033],[27.172438,39.966239],[27.172041,39.966528],[27.171777,39.96654],[27.171067,39.966592],[27.171052,39.966392],[27.171132,39.965852],[27.170571,39.965787],[27.170519,39.965715],[27.170452,39.965524],[27.170198,39.965238],[27.170041,39.96499],[27.16991,39.96461],[27.169773,39.964541],[27.169746,39.964344],[27.169861,39.964135],[27.170199,39.963969],[27.170276,39.963909],[27.169958,39.96377],[27.169538,39.963742],[27.168936,39.9638],[27.1683,39.96363],[27.167667,39.963407],[27.16738,39.964568],[27.166085,39.964092],[27.16588,39.963778],[27.165084,39.963541],[27.164508,39.963436],[27.164541,39.963231],[27.164429,39.963116],[27.164674,39.962684],[27.164995,39.961935],[27.165265,39.961525],[27.164094,39.961335],[27.163704,39.961485],[27.163373,39.961376],[27.163283,39.96073],[27.163056,39.960679],[27.162584,39.960491],[27.162489,39.959954],[27.162318,39.959708],[27.162034,39.959148],[27.162029,39.958316],[27.16169,39.958047],[27.161537,39.958033],[27.161507,39.957885],[27.160657,39.958089],[27.160209,39.957309],[27.159707,39.957041],[27.159673,39.956972],[27.159619,39.956732],[27.159315,39.956623],[27.159666,39.955855],[27.159467,39.955422],[27.159596,39.955026],[27.158871,39.954593],[27.158746,39.954117],[27.158943,39.953764],[27.158843,39.953426],[27.159083,39.952839],[27.159008,39.952573],[27.159584,39.952491],[27.159874,39.952128],[27.160064,39.951337],[27.160026,39.950865],[27.159846,39.950546],[27.159839,39.950236],[27.160037,39.950055],[27.160209,39.949769],[27.159918,39.94945],[27.159967,39.949235],[27.159755,39.948978],[27.159291,39.948974],[27.159291,39.94875],[27.159451,39.948588],[27.159221,39.948126],[27.158694,39.947721],[27.158247,39.947479],[27.158291,39.947422],[27.158067,39.947331],[27.1573,39.947533],[27.157132,39.947318],[27.155838,39.947168],[27.155645,39.946863],[27.155992,39.9467],[27.155867,39.946524],[27.155421,39.946201],[27.15526,39.946282],[27.155074,39.946168],[27.154752,39.94614],[27.154616,39.946245],[27.154504,39.946221],[27.15443,39.946259],[27.154275,39.946226],[27.154164,39.946407],[27.154078,39.946436],[27.153861,39.946279],[27.15334,39.945932],[27.152199,39.945333],[27.1527,39.945003],[27.152656,39.944899],[27.152489,39.944727],[27.15221,39.944661],[27.15164,39.944671],[27.151634,39.944442],[27.150253,39.944659],[27.150073,39.944335],[27.147545,39.94359],[27.147204,39.943304],[27.146628,39.943229],[27.146696,39.943138],[27.146757,39.942838],[27.146645,39.942433],[27.146688,39.942128],[27.146668,39.941689],[27.146617,39.941032],[27.146344,39.940541],[27.146535,39.940045],[27.146503,39.939764],[27.146261,39.939526],[27.146249,39.93945],[27.147065,39.939211],[27.146899,39.939411],[27.147129,39.939792],[27.147277,39.939634],[27.147599,39.939715],[27.147704,39.93962],[27.14828,39.939957],[27.14828,39.939981],[27.149086,39.940261],[27.14913,39.940438],[27.149626,39.940804],[27.149985,39.940761],[27.150475,39.941046],[27.150617,39.941055],[27.150697,39.940974],[27.150908,39.940902],[27.151959,39.940339],[27.151685,39.939686],[27.15187,39.939395],[27.152111,39.938928],[27.15234,39.939242],[27.152687,39.939251],[27.152984,39.939284],[27.155111,39.928783],[27.143049,39.933612],[27.115348,39.929978],[27.119885,39.935932],[27.119352,39.938996],[27.118822,39.941964],[27.118388,39.944544],[27.117822,39.94793],[27.117623,39.949126],[27.116655,39.952358],[27.116027,39.954515],[27.115237,39.956424],[27.11414,39.959004],[27.106973,39.963438],[27.10456,39.964918],[27.116368,39.970244],[27.117829,39.970962],[27.120894,39.972251],[27.120351,39.97232],[27.119319,39.972665],[27.119512,39.972756],[27.120078,39.972961],[27.120487,39.973075],[27.120338,39.973224],[27.119625,39.973722],[27.119856,39.973951],[27.119664,39.974288],[27.119702,39.974774],[27.119628,39.974952],[27.119032,39.974689],[27.118572,39.975056],[27.119375,39.975209],[27.119517,39.975312],[27.119925,39.974911],[27.120066,39.974934],[27.119905,39.975191],[27.120184,39.975134],[27.120173,39.975307],[27.119955,39.975357],[27.120102,39.97543],[27.120336,39.975641],[27.12011,39.975799],[27.119747,39.975823],[27.119658,39.975829],[27.119444,39.975898],[27.119272,39.976018],[27.119387,39.976191],[27.119578,39.976137],[27.119625,39.976189],[27.119639,39.976332],[27.119537,39.976703],[27.119715,39.976727],[27.119856,39.976821],[27.119865,39.977084],[27.119614,39.977581],[27.119385,39.978319],[27.119366,39.978544],[27.11939,39.978876],[27.119396,39.978997],[27.119468,39.979286],[27.119464,39.97943],[27.119373,39.979538],[27.11929,39.979681],[27.119058,39.979639],[27.1189,39.979751],[27.118793,39.979924],[27.119021,39.979993],[27.11899,39.980145],[27.118548,39.980495],[27.11838,39.980556],[27.118352,39.980616],[27.118164,39.980607],[27.11793,39.980682],[27.117875,39.980882],[27.118407,39.981029],[27.119589,39.981476],[27.120285,39.981669],[27.121364,39.981926],[27.121893,39.98177],[27.12264,39.981848],[27.123364,39.981724],[27.124114,39.982151],[27.124423,39.98223],[27.124672,39.982407],[27.124881,39.982484],[27.124978,39.982653],[27.125171,39.982724],[27.125368,39.982727],[27.125926,39.98317],[27.126317,39.983249],[27.126607,39.983283],[27.12702,39.983446],[27.127351,39.983708],[27.127593,39.983837],[27.128679,39.98417],[27.129513,39.984758],[27.12993,39.985224],[27.13012,39.985395],[27.130321,39.985452],[27.130507,39.985432],[27.1308,39.985397],[27.130802,39.985398],[27.131266,39.985167],[27.131978,39.98497],[27.132347,39.984733],[27.132518,39.98447],[27.132732,39.984333],[27.132792,39.984195],[27.133058,39.984011],[27.133075,39.983807],[27.133178,39.983676],[27.133255,39.983886],[27.133298,39.984109],[27.133272,39.984247],[27.133444,39.984812],[27.133675,39.985002],[27.13365,39.985666],[27.133958,39.985738],[27.13437,39.985699],[27.134927,39.985771],[27.135236,39.9856],[27.135587,39.985672],[27.135441,39.985791],[27.135561,39.986073],[27.135244,39.986296],[27.135304,39.986467],[27.135236,39.986612],[27.135553,39.986953],[27.136119,39.987288],[27.13647,39.987341],[27.136933,39.987656],[27.137344,39.987728],[27.137525,39.987879],[27.13773,39.98807],[27.137764,39.988438],[27.138085,39.988702],[27.138336,39.989385],[27.138962,39.989601],[27.13916,39.989923],[27.140102,39.990586],[27.140182,39.990599],[27.140424,39.990813],[27.140555,39.991013],[27.141541,39.991641],[27.141713,39.99189],[27.141724,39.992159],[27.14197,39.992319],[27.142081,39.992235],[27.142554,39.992435],[27.143276,39.992792],[27.14383,39.992934],[27.145021,39.993439],[27.145315,39.99367],[27.145562,39.994276],[27.145946,39.995119],[27.145887,39.995293],[27.145907,39.995662],[27.146112,39.995859],[27.14741,39.996092],[27.147406,39.996255],[27.147408,39.996861],[27.147471,39.996927],[27.148167,39.997089],[27.148795,39.997165],[27.150573,39.99736],[27.150879,39.997829],[27.151527,39.998394],[27.151527,39.998503],[27.151676,39.998763],[27.151769,39.998783],[27.152032,40.000089],[27.152266,40.001264],[27.152181,40.001504],[27.151984,40.001679],[27.151943,40.001751],[27.151855,40.002111],[27.151677,40.00226],[27.151781,40.002337],[27.151833,40.002486],[27.152008,40.002568],[27.152101,40.002686],[27.152481,40.002837],[27.152697,40.003025],[27.153259,40.003313],[27.153315,40.003405],[27.154507,40.004478],[27.155539,40.005429],[27.156409,40.005033],[27.157531,40.004806],[27.158059,40.004548],[27.159344,40.0043],[27.159857,40.004069],[27.160112,40.003354],[27.160025,40.002737],[27.160998,40.002072],[27.161283,40.001514],[27.161862,40.001033],[27.162441,40.000472],[27.163179,39.999916]]]}},{"type":"Feature","properties":{"id":"TR-Y-17-012-K-0019","level":"yerlesim","type":"mahalle","parent_id":"TR-D-17-012","province_id":"TR-P-17","district_id":"TR-D-17-012","name":"Cambaz","source_raw_name":"Cambaz","source":"Kullanıcı tarafından sağlanan KML","source_label":"Kullanıcı tarafından sağlanan KML","source_name":"Canakkale Mahalle KML - kullanici tarafindan saglandi"},"geometry":{"type":"Polygon","coordinates":[[[27.304561,39.819786],[27.304807,39.819681],[27.304962,39.819785],[27.305357,39.819608],[27.305474,39.819464],[27.305634,39.819354],[27.305825,39.81913],[27.30612,39.818743],[27.306384,39.818485],[27.306587,39.818151],[27.306548,39.817817],[27.306548,39.817736],[27.306726,39.817588],[27.306924,39.817464],[27.306923,39.817397],[27.306749,39.817111],[27.30681,39.817002],[27.306921,39.816939],[27.30713,39.816648],[27.30782,39.816217],[27.308159,39.81595],[27.308269,39.815697],[27.308547,39.81552],[27.308688,39.81529],[27.30878,39.8152],[27.308822,39.814999],[27.309106,39.814756],[27.309704,39.814478],[27.309882,39.814344],[27.310207,39.813766],[27.310559,39.813603],[27.310663,39.813498],[27.310724,39.813293],[27.310878,39.81303],[27.31097,39.812849],[27.311092,39.812582],[27.311259,39.812519],[27.311431,39.8125],[27.311399,39.812224],[27.31151,39.812186],[27.311652,39.812147],[27.31175,39.811985],[27.311966,39.81176],[27.312095,39.811622],[27.312155,39.811235],[27.312155,39.811235],[27.312155,39.811235],[27.312104,39.810811],[27.312178,39.810768],[27.312258,39.810677],[27.312281,39.810343],[27.312304,39.810119],[27.312377,39.809733],[27.312716,39.809518],[27.3135,39.809334],[27.313722,39.809267],[27.314054,39.808823],[27.31375,39.8087],[27.313415,39.808462],[27.313067,39.807849],[27.313005,39.807825],[27.31293,39.807749],[27.312886,39.807449],[27.312996,39.807248],[27.312964,39.807001],[27.312888,39.806686],[27.31257,39.806468],[27.312357,39.806244],[27.312326,39.806011],[27.31237,39.805874],[27.312586,39.805554],[27.312812,39.80534],[27.313057,39.804859],[27.316509,39.800717],[27.319437,39.796988],[27.31812,39.79632],[27.318947,39.7953],[27.318947,39.7953],[27.313337,39.792555],[27.312198,39.791986],[27.311634,39.791582],[27.311374,39.791507],[27.310603,39.790489],[27.310218,39.789947],[27.30975,39.789259],[27.31007,39.789106],[27.310169,39.789011],[27.310237,39.78887],[27.310103,39.788763],[27.309653,39.788646],[27.309445,39.788586],[27.309387,39.788576],[27.309192,39.788028],[27.308982,39.788038],[27.308691,39.787953],[27.308759,39.787824],[27.308938,39.7878],[27.309061,39.787656],[27.309616,39.787397],[27.309744,39.787178],[27.309521,39.78704],[27.308706,39.786891],[27.308542,39.786766],[27.30825,39.786667],[27.308077,39.786569],[27.307988,39.786481],[27.308002,39.78639],[27.308056,39.786317],[27.308066,39.786218],[27.308021,39.786204],[27.308129,39.785737],[27.30829,39.785474],[27.308282,39.785222],[27.307888,39.785035],[27.307539,39.78487],[27.307465,39.784784],[27.307553,39.784572],[27.307523,39.784532],[27.307003,39.784368],[27.306737,39.784557],[27.306471,39.784695],[27.306196,39.784667],[27.30581,39.784548],[27.305417,39.784509],[27.305106,39.784396],[27.30484,39.784369],[27.304849,39.784194],[27.304828,39.783832],[27.304832,39.783596],[27.304496,39.783661],[27.304229,39.783651],[27.304094,39.783649],[27.304165,39.783167],[27.304374,39.78268],[27.304302,39.782363],[27.304311,39.781903],[27.303908,39.781981],[27.303314,39.781954],[27.303144,39.781931],[27.302566,39.781982],[27.30238,39.781793],[27.301805,39.781635],[27.301745,39.781515],[27.302022,39.781445],[27.301728,39.781109],[27.301642,39.780917],[27.301672,39.780874],[27.301538,39.780809],[27.301283,39.780895],[27.301171,39.780901],[27.301134,39.780799],[27.3011,39.780713],[27.301033,39.780656],[27.300837,39.780671],[27.300689,39.780596],[27.30069,39.780595],[27.300601,39.780554],[27.300493,39.78062],[27.300327,39.78062],[27.300154,39.780558],[27.300051,39.780623],[27.299947,39.780619],[27.299826,39.780597],[27.299779,39.780644],[27.299712,39.780652],[27.299641,39.780744],[27.299545,39.780826],[27.299471,39.780872],[27.299417,39.781044],[27.299346,39.781111],[27.299418,39.78128],[27.29963,39.78156],[27.300009,39.781913],[27.300103,39.781968],[27.299904,39.782182],[27.299764,39.782257],[27.299465,39.782395],[27.29933,39.78247],[27.299212,39.782585],[27.299192,39.782714],[27.299264,39.782787],[27.298998,39.783016],[27.2987,39.782504],[27.298031,39.782044],[27.29781,39.781919],[27.297607,39.781809],[27.29752,39.781714],[27.297399,39.781707],[27.297305,39.781722],[27.297204,39.781812],[27.297086,39.781839],[27.296976,39.781609],[27.296867,39.781452],[27.296759,39.781167],[27.296623,39.781057],[27.296562,39.780931],[27.29586,39.78147],[27.295299,39.781978],[27.295015,39.78229],[27.294861,39.782757],[27.294668,39.783501],[27.294538,39.783487],[27.294293,39.783522],[27.294252,39.783282],[27.294058,39.783122],[27.294017,39.783051],[27.29399,39.782868],[27.293949,39.782668],[27.293524,39.782188],[27.293295,39.782257],[27.293076,39.782358],[27.292988,39.78243],[27.293044,39.782567],[27.293085,39.78267],[27.292775,39.782836],[27.291956,39.782069],[27.292048,39.782046],[27.291889,39.781918],[27.291707,39.782013],[27.291426,39.782099],[27.290833,39.782023],[27.290443,39.78193],[27.289994,39.781828],[27.289701,39.781749],[27.289538,39.781669],[27.289474,39.781609],[27.289437,39.781441],[27.289389,39.781458],[27.289167,39.781641],[27.28885,39.781957],[27.28871,39.782237],[27.288647,39.782366],[27.288575,39.782724],[27.288428,39.78305],[27.288392,39.783228],[27.288348,39.783488],[27.288552,39.783582],[27.288553,39.783599],[27.288513,39.783925],[27.288492,39.784097],[27.288548,39.784342],[27.288124,39.784727],[27.288053,39.784775],[27.287678,39.784645],[27.287348,39.784448],[27.28714,39.784377],[27.28671,39.784327],[27.286647,39.784336],[27.286261,39.784262],[27.286161,39.784183],[27.285997,39.784149],[27.285812,39.784029],[27.285741,39.783892],[27.285773,39.78366],[27.285772,39.78344],[27.285712,39.783211],[27.28556,39.783197],[27.285036,39.782936],[27.284884,39.782973],[27.284565,39.782894],[27.28425,39.782869],[27.283815,39.783476],[27.282969,39.78325],[27.282424,39.783056],[27.282785,39.783419],[27.283216,39.783666],[27.283612,39.783924],[27.283979,39.784049],[27.284335,39.78414],[27.284756,39.784375],[27.285112,39.784615],[27.284749,39.78456],[27.284344,39.785156],[27.283424,39.784932],[27.282922,39.784733],[27.283335,39.785133],[27.283707,39.785332],[27.284116,39.785611],[27.284509,39.78575],[27.284817,39.785821],[27.285248,39.786066],[27.285969,39.786576],[27.286021,39.78661],[27.286099,39.786653],[27.286256,39.78687],[27.28642,39.787153],[27.286595,39.787324],[27.286803,39.787475],[27.286907,39.787497],[27.287108,39.787499],[27.285904,39.788231],[27.285682,39.788327],[27.285628,39.788532],[27.285492,39.788651],[27.285753,39.78887],[27.285703,39.788927],[27.285729,39.789037],[27.285926,39.789094],[27.2861,39.789155],[27.286446,39.789202],[27.286935,39.789606],[27.286396,39.789944],[27.286204,39.790021],[27.286121,39.790242],[27.285978,39.790307],[27.28626,39.790555],[27.286222,39.790715],[27.28622,39.790731],[27.286378,39.790757],[27.285686,39.792947],[27.285512,39.792982],[27.285445,39.793031],[27.285424,39.793108],[27.285411,39.793156],[27.285377,39.793205],[27.285303,39.793251],[27.285234,39.793331],[27.28519,39.793404],[27.285131,39.793438],[27.28503,39.793553],[27.285028,39.793582],[27.284939,39.793717],[27.284912,39.793656],[27.284848,39.793639],[27.284625,39.79367],[27.284591,39.793741],[27.284586,39.793831],[27.284592,39.793951],[27.284562,39.794016],[27.284573,39.79409],[27.284512,39.794273],[27.284359,39.79435],[27.284238,39.794396],[27.284184,39.794487],[27.284181,39.794516],[27.284149,39.794548],[27.284026,39.7946],[27.283972,39.794629],[27.283863,39.794711],[27.283799,39.794786],[27.283462,39.79501],[27.283415,39.795034],[27.283279,39.795122],[27.283215,39.79521],[27.283213,39.795328],[27.28318,39.795597],[27.283199,39.795689],[27.283266,39.795755],[27.283341,39.795854],[27.283345,39.795949],[27.282936,39.796553],[27.283173,39.796595],[27.283292,39.796661],[27.283363,39.796801],[27.283641,39.796812],[27.284138,39.796733],[27.284405,39.796947],[27.284506,39.796979],[27.284269,39.797954],[27.284187,39.797948],[27.28424,39.798073],[27.283958,39.798112],[27.284208,39.798205],[27.285799,39.798819],[27.286021,39.798928],[27.286114,39.798971],[27.287671,39.800444],[27.288074,39.800715],[27.287556,39.801045],[27.287463,39.800907],[27.287216,39.800836],[27.287105,39.800841],[27.286814,39.800928],[27.286543,39.801114],[27.286433,39.801305],[27.286273,39.801367],[27.286273,39.801539],[27.286392,39.801953],[27.286424,39.80223],[27.286527,39.803207],[27.286608,39.803368],[27.286677,39.803549],[27.286758,39.803573],[27.286733,39.803644],[27.28666,39.803821],[27.286537,39.804117],[27.286575,39.804293],[27.286718,39.80445],[27.286934,39.804521],[27.287003,39.804564],[27.287102,39.804706],[27.287251,39.804816],[27.287331,39.804825],[27.288429,39.805704],[27.289439,39.806483],[27.288952,39.806765],[27.288996,39.80697],[27.288985,39.807175],[27.288763,39.807471],[27.288191,39.807964],[27.287846,39.808269],[27.288013,39.808364],[27.288156,39.808497],[27.287552,39.808937],[27.287367,39.809047],[27.287281,39.809176],[27.287275,39.809257],[27.287177,39.809334],[27.287147,39.80952],[27.287221,39.809629],[27.286305,39.810628],[27.28619,39.811362],[27.285895,39.811768],[27.285625,39.812202],[27.285653,39.81286],[27.285712,39.813841],[27.285857,39.814456],[27.285915,39.815104],[27.286176,39.815245],[27.286139,39.817207],[27.288302,39.817078],[27.289637,39.81717],[27.291764,39.817331],[27.292617,39.817405],[27.293866,39.817574],[27.295263,39.817713],[27.297106,39.817827],[27.297291,39.81786],[27.298918,39.818228],[27.299413,39.81835],[27.300101,39.818706],[27.300071,39.818892],[27.300423,39.818929],[27.300541,39.818962],[27.301048,39.819142],[27.301779,39.819445],[27.301834,39.819402],[27.302113,39.819554],[27.302368,39.819873],[27.302722,39.820205],[27.303658,39.820956],[27.303738,39.820946],[27.303724,39.820403],[27.303908,39.820264],[27.304561,39.819786]]]}},{"type":"Feature","properties":{"id":"TR-Y-17-012-K-0020","level":"yerlesim","type":"mahalle","parent_id":"TR-D-17-012","province_id":"TR-P-17","district_id":"TR-D-17-012","name":"Çamoba","source_raw_name":"Çamoba","source":"Kullanıcı tarafından sağlanan KML","source_label":"Kullanıcı tarafından sağlanan KML","source_name":"Canakkale Mahalle KML - kullanici tarafindan saglandi"},"geometry":{"type":"Polygon","coordinates":[[[27.409224,40.056616],[27.409452,40.056596],[27.409638,40.05661],[27.409768,40.056677],[27.409868,40.056772],[27.40992,40.056798],[27.409792,40.056555],[27.409756,40.056425],[27.409788,40.056307],[27.409896,40.056192],[27.410253,40.056164],[27.410449,40.05611],[27.410595,40.056052],[27.410957,40.056],[27.411063,40.055967],[27.412082,40.055441],[27.412112,40.055035],[27.412414,40.054872],[27.41252,40.05481],[27.412626,40.054739],[27.41274,40.054689],[27.412814,40.054657],[27.412864,40.054595],[27.412925,40.054551],[27.412953,40.054549],[27.41289,40.054449],[27.412918,40.05422],[27.412952,40.054031],[27.412961,40.053842],[27.412965,40.05361],[27.412876,40.053593],[27.412793,40.053564],[27.412697,40.053513],[27.412546,40.053418],[27.412342,40.053278],[27.412137,40.053122],[27.412145,40.053081],[27.412272,40.053149],[27.412416,40.053188],[27.412488,40.053186],[27.41284,40.053097],[27.412946,40.053043],[27.413294,40.052815],[27.413234,40.052589],[27.413187,40.052244],[27.413895,40.051722],[27.41399,40.051598],[27.414109,40.051285],[27.414211,40.051156],[27.414377,40.051022],[27.414435,40.050867],[27.414435,40.050829],[27.414521,40.05074],[27.414213,40.050577],[27.414036,40.050497],[27.413881,40.05044],[27.413482,40.05016],[27.413407,40.050094],[27.413162,40.050014],[27.412901,40.049962],[27.413071,40.049757],[27.413211,40.049463],[27.413422,40.04947],[27.413634,40.049595],[27.413848,40.049575],[27.413987,40.049582],[27.414174,40.049646],[27.414288,40.049569],[27.414516,40.04979],[27.414674,40.049894],[27.414752,40.049906],[27.414836,40.049896],[27.415052,40.049797],[27.415153,40.050021],[27.415415,40.050246],[27.415626,40.050339],[27.415837,40.050402],[27.415987,40.050511],[27.416114,40.050625],[27.416242,40.050658],[27.416623,40.050661],[27.416901,40.049996],[27.417136,40.049778],[27.417322,40.04982],[27.417446,40.049808],[27.41765,40.049655],[27.41805,40.0493],[27.41813,40.04911],[27.41821,40.049074],[27.418331,40.048999],[27.418331,40.048952],[27.418225,40.048897],[27.418184,40.048873],[27.418172,40.048826],[27.418261,40.048733],[27.418483,40.048615],[27.418657,40.048591],[27.418713,40.048574],[27.418923,40.048499],[27.419063,40.048487],[27.419255,40.048491],[27.41924,40.048674],[27.41925,40.048689],[27.419281,40.048715],[27.419757,40.04893],[27.419896,40.048924],[27.420207,40.04858],[27.420522,40.048307],[27.420284,40.047979],[27.420109,40.047785],[27.420056,40.047744],[27.420007,40.047745],[27.41979,40.047819],[27.419657,40.047822],[27.419551,40.047813],[27.41949,40.047842],[27.419481,40.047916],[27.419459,40.047963],[27.419363,40.047985],[27.419205,40.047976],[27.419156,40.047991],[27.4191,40.048067],[27.419041,40.048086],[27.418942,40.048056],[27.418849,40.048039],[27.41875,40.048059],[27.418789,40.04782],[27.418866,40.047722],[27.418958,40.047694],[27.419067,40.047648],[27.419106,40.047536],[27.419105,40.047345],[27.41912,40.047295],[27.419278,40.047218],[27.419439,40.047113],[27.419592,40.046886],[27.419554,40.046669],[27.419528,40.04656],[27.419478,40.0465],[27.419486,40.046298],[27.419365,40.046174],[27.419236,40.04597],[27.419164,40.045841],[27.41912,40.045751],[27.418773,40.045328],[27.418893,40.04507],[27.419013,40.044946],[27.41927,40.044859],[27.419462,40.044851],[27.419666,40.044796],[27.419811,40.044717],[27.419857,40.044643],[27.419872,40.044562],[27.419939,40.044335],[27.419855,40.044218],[27.419686,40.04405],[27.419511,40.043831],[27.41943,40.043679],[27.419218,40.043539],[27.419062,40.043404],[27.419018,40.043254],[27.418893,40.043064],[27.418644,40.042846],[27.418484,40.042632],[27.418356,40.042403],[27.418188,40.042299],[27.41801,40.042085],[27.417903,40.041912],[27.418526,40.041914],[27.418879,40.041882],[27.41901,40.041941],[27.419234,40.042081],[27.419678,40.042184],[27.419796,40.042265],[27.419931,40.042483],[27.420109,40.042712],[27.420165,40.042771],[27.420236,40.04269],[27.420288,40.042585],[27.420324,40.042291],[27.420276,40.042158],[27.420213,40.041942],[27.420287,40.041853],[27.420663,40.042054],[27.420922,40.042256],[27.421074,40.042301],[27.42125,40.042147],[27.421345,40.041959],[27.421391,40.04193],[27.421593,40.041987],[27.421649,40.041993],[27.421673,40.041984],[27.421688,40.041896],[27.421786,40.041714],[27.421823,40.041676],[27.422193,40.041837],[27.422343,40.041908],[27.422613,40.04198],[27.422954,40.042044],[27.42296,40.041972],[27.423018,40.041907],[27.42322,40.041902],[27.423353,40.041894],[27.423502,40.041865],[27.423687,40.041776],[27.424023,40.041401],[27.424127,40.041124],[27.424214,40.040664],[27.424109,40.040235],[27.424148,40.040128],[27.424197,40.039923],[27.424219,40.039444],[27.424245,40.038691],[27.424282,40.038634],[27.424294,40.038574],[27.424426,40.038373],[27.42445,40.038328],[27.424595,40.038211],[27.424537,40.03484],[27.424347,40.034604],[27.423859,40.034217],[27.423699,40.034126],[27.423618,40.033867],[27.423617,40.033615],[27.423486,40.033395],[27.423306,40.033045],[27.423343,40.032701],[27.423232,40.03232],[27.423249,40.03187],[27.423317,40.031603],[27.423166,40.03136],[27.422967,40.031132],[27.422926,40.030941],[27.422983,40.030522],[27.423079,40.030125],[27.422958,40.02979],[27.422628,40.029257],[27.422486,40.028739],[27.422305,40.028374],[27.422233,40.028023],[27.42245,40.027824],[27.422836,40.027609],[27.422815,40.027419],[27.422754,40.027175],[27.422295,40.026849],[27.422106,40.026705],[27.421906,40.026378],[27.421685,40.026028],[27.421535,40.025838],[27.421435,40.025685],[27.421354,40.025434],[27.421113,40.024955],[27.420645,40.024529],[27.416199,40.02424],[27.413213,40.023999],[27.411316,40.023594],[27.40702,40.023434],[27.400592,40.023182],[27.395503,40.023017],[27.393292,40.024869],[27.392706,40.024841],[27.39242,40.024491],[27.391358,40.024801],[27.390161,40.024871],[27.389116,40.025629],[27.390282,40.027212],[27.390392,40.027581],[27.390441,40.027718],[27.390704,40.028237],[27.391128,40.029494],[27.390853,40.03017],[27.390517,40.03056],[27.390295,40.031401],[27.39051,40.031964],[27.391853,40.032731],[27.39198,40.033346],[27.39237,40.034614],[27.390826,40.035157],[27.390456,40.034989],[27.390153,40.034664],[27.390015,40.034562],[27.389776,40.034403],[27.389248,40.034356],[27.387716,40.033909],[27.386979,40.034401],[27.38667,40.034678],[27.38681,40.034697],[27.386894,40.034698],[27.38704,40.034695],[27.387089,40.034695],[27.387125,40.034697],[27.387147,40.035896],[27.387134,40.03634],[27.3868,40.036492],[27.386483,40.036877],[27.386218,40.037438],[27.386055,40.038156],[27.386099,40.038859],[27.386544,40.039255],[27.386698,40.039429],[27.386986,40.039646],[27.387226,40.040148],[27.387599,40.040273],[27.38815,40.040371],[27.388318,40.040405],[27.38836,40.04032],[27.388378,40.040328],[27.388562,40.040407],[27.388698,40.04046],[27.388815,40.040539],[27.388977,40.040658],[27.389109,40.040753],[27.389215,40.04088],[27.389318,40.041],[27.389407,40.041162],[27.389466,40.041313],[27.389549,40.041539],[27.389673,40.041893],[27.389788,40.042232],[27.389864,40.042477],[27.38995,40.042614],[27.390062,40.042735],[27.390217,40.042881],[27.390411,40.043031],[27.390605,40.043143],[27.390786,40.043239],[27.391253,40.043586],[27.39167,40.043636],[27.392031,40.043729],[27.392363,40.043771],[27.393048,40.043903],[27.393194,40.044],[27.393321,40.044148],[27.393984,40.044363],[27.394753,40.044738],[27.395171,40.044997],[27.395606,40.044938],[27.396042,40.045117],[27.396394,40.045379],[27.396342,40.046071],[27.39641,40.046193],[27.396329,40.046385],[27.396445,40.046568],[27.396649,40.047131],[27.397381,40.047566],[27.397299,40.047583],[27.397942,40.04811],[27.398033,40.048304],[27.397,40.049188],[27.396721,40.049807],[27.396835,40.05029],[27.397058,40.050881],[27.396936,40.050984],[27.397138,40.051778],[27.397131,40.051844],[27.397258,40.052055],[27.397949,40.052456],[27.39788,40.052788],[27.397803,40.052986],[27.397483,40.053501],[27.397599,40.053621],[27.398067,40.053525],[27.398279,40.053524],[27.398622,40.053689],[27.398858,40.053908],[27.398941,40.054054],[27.399107,40.054508],[27.399328,40.054745],[27.399396,40.054893],[27.399463,40.054921],[27.399765,40.055003],[27.399921,40.055006],[27.400227,40.055136],[27.400398,40.055124],[27.400637,40.055186],[27.400838,40.055311],[27.401026,40.055588],[27.401146,40.055782],[27.401196,40.056008],[27.401381,40.056391],[27.401443,40.056431],[27.401545,40.056395],[27.40173,40.056221],[27.402055,40.056155],[27.402196,40.056089],[27.402356,40.055944],[27.402773,40.055647],[27.402771,40.055262],[27.402788,40.055199],[27.40293,40.054903],[27.403094,40.054834],[27.403205,40.054824],[27.403474,40.054996],[27.403529,40.055076],[27.403867,40.055201],[27.404014,40.055296],[27.404299,40.055615],[27.404531,40.055902],[27.404621,40.056018],[27.404858,40.056238],[27.405,40.056316],[27.405556,40.056301],[27.406298,40.056412],[27.406701,40.05656],[27.407267,40.056619],[27.407657,40.056732],[27.407858,40.056804],[27.408042,40.056851],[27.408258,40.056848],[27.408469,40.056824],[27.408761,40.056753],[27.409224,40.056616]]]}},{"type":"Feature","properties":{"id":"TR-Y-17-012-K-0021","level":"yerlesim","type":"mahalle","parent_id":"TR-D-17-012","province_id":"TR-P-17","district_id":"TR-D-17-012","name":"Çiftlik","source_raw_name":"Çiftlik","source":"Kullanıcı tarafından sağlanan KML","source_label":"Kullanıcı tarafından sağlanan KML","source_name":"Canakkale Mahalle KML - kullanici tarafindan saglandi"},"geometry":{"type":"Polygon","coordinates":[[[27.286139,39.817207],[27.286176,39.815245],[27.285915,39.815104],[27.285857,39.814456],[27.285712,39.813841],[27.285653,39.81286],[27.285625,39.812202],[27.285895,39.811768],[27.28619,39.811362],[27.286305,39.810628],[27.287221,39.809629],[27.287147,39.80952],[27.287177,39.809334],[27.287275,39.809257],[27.287281,39.809176],[27.287367,39.809047],[27.287552,39.808937],[27.288156,39.808497],[27.288013,39.808364],[27.287846,39.808269],[27.288191,39.807964],[27.288763,39.807471],[27.288985,39.807175],[27.288996,39.80697],[27.288952,39.806765],[27.289439,39.806483],[27.288429,39.805704],[27.287331,39.804825],[27.287251,39.804816],[27.287102,39.804706],[27.287003,39.804564],[27.286934,39.804521],[27.286718,39.80445],[27.286575,39.804293],[27.286537,39.804117],[27.28666,39.803821],[27.286733,39.803644],[27.286758,39.803573],[27.286677,39.803549],[27.286608,39.803368],[27.286527,39.803207],[27.286424,39.80223],[27.286392,39.801953],[27.286273,39.801539],[27.286273,39.801367],[27.286433,39.801305],[27.286543,39.801114],[27.286814,39.800928],[27.287105,39.800841],[27.287216,39.800836],[27.287463,39.800907],[27.287556,39.801045],[27.288074,39.800715],[27.287671,39.800444],[27.286114,39.798971],[27.286021,39.798928],[27.285799,39.798819],[27.284208,39.798205],[27.283547,39.800853],[27.283013,39.801007],[27.282815,39.800916],[27.282618,39.800917],[27.271938,39.80024],[27.2641,39.799749],[27.262397,39.799004],[27.262182,39.798844],[27.261914,39.79877],[27.261743,39.79845],[27.261431,39.798257],[27.261172,39.798486],[27.260994,39.798538],[27.260928,39.798721],[27.258724,39.799434],[27.258465,39.799511],[27.258788,39.799977],[27.258877,39.800645],[27.258855,39.80134],[27.259105,39.802045],[27.259269,39.803046],[27.259372,39.803715],[27.259051,39.804541],[27.258142,39.805631],[27.258631,39.80768],[27.257994,39.808977],[27.25797,39.809197],[27.258344,39.810073],[27.258766,39.810606],[27.259039,39.811034],[27.259152,39.811424],[27.259092,39.811796],[27.258747,39.812064],[27.25808,39.812371],[27.257957,39.812409],[27.257093,39.812754],[27.256541,39.813057],[27.256309,39.8133],[27.256236,39.813562],[27.256187,39.813829],[27.2563,39.814181],[27.256716,39.814605],[27.257279,39.81497],[27.258213,39.814997],[27.258374,39.815073],[27.258851,39.815358],[27.259266,39.815819],[27.259471,39.816124],[27.259553,39.816409],[27.260197,39.816699],[27.261756,39.8171],[27.263245,39.817078],[27.264238,39.81695],[27.265252,39.817062],[27.266232,39.817254],[27.267167,39.817435],[27.267845,39.817498],[27.268388,39.817432],[27.269179,39.817178],[27.269884,39.81678],[27.270357,39.816466],[27.270753,39.816378],[27.271119,39.81643],[27.271421,39.816529],[27.27153,39.816643],[27.271887,39.817027],[27.272319,39.817465],[27.272527,39.817601],[27.272588,39.817811],[27.272584,39.818024],[27.272515,39.81817],[27.272461,39.818284],[27.272571,39.818551],[27.27294,39.819323],[27.273299,39.819637],[27.273868,39.81975],[27.27469,39.819708],[27.275525,39.819542],[27.277931,39.818612],[27.279422,39.818032],[27.281403,39.817776],[27.282896,39.817593],[27.285752,39.817228],[27.286139,39.817207]]]}},{"type":"Feature","properties":{"id":"TR-Y-17-012-K-0022","level":"yerlesim","type":"mahalle","parent_id":"TR-D-17-012","province_id":"TR-P-17","district_id":"TR-D-17-012","name":"Çınar","source_raw_name":"Çınar","source":"Kullanıcı tarafından sağlanan KML","source_label":"Kullanıcı tarafından sağlanan KML","source_name":"Canakkale Mahalle KML - kullanici tarafindan saglandi"},"geometry":{"type":"Polygon","coordinates":[[[27.441129,39.906723],[27.441285,39.906478],[27.44175,39.906308],[27.441948,39.906285],[27.442285,39.906451],[27.443438,39.905562],[27.443892,39.905324],[27.444811,39.904985],[27.444849,39.904794],[27.444945,39.904321],[27.444903,39.90394],[27.44574,39.903213],[27.445858,39.903143],[27.445936,39.902968],[27.446025,39.902876],[27.445935,39.901536],[27.445579,39.90005],[27.445915,39.898409],[27.446003,39.896617],[27.44703,39.894745],[27.44801,39.893216],[27.45018,39.891139],[27.451504,39.889867],[27.451609,39.889987],[27.451688,39.890161],[27.451681,39.890241],[27.451923,39.890311],[27.451968,39.890391],[27.452046,39.890422],[27.452093,39.890336],[27.452234,39.890216],[27.452767,39.890022],[27.452812,39.89005],[27.452783,39.890125],[27.45279,39.890176],[27.452991,39.89025],[27.452995,39.890333],[27.452767,39.890585],[27.452883,39.890668],[27.453095,39.890764],[27.453211,39.89087],[27.453582,39.890845],[27.453615,39.890859],[27.45366,39.890876],[27.453705,39.890959],[27.45371,39.891208],[27.453707,39.891271],[27.4537,39.891299],[27.454046,39.89143],[27.454332,39.891503],[27.454429,39.891523],[27.454451,39.891531],[27.454566,39.891522],[27.454703,39.891444],[27.454903,39.891392],[27.455378,39.891422],[27.45552,39.891427],[27.455831,39.891348],[27.456315,39.891098],[27.456567,39.890942],[27.456858,39.890669],[27.457109,39.890368],[27.45724,39.890076],[27.457282,39.88957],[27.457424,39.889215],[27.45767,39.888856],[27.457811,39.888787],[27.458074,39.888766],[27.458137,39.888731],[27.458154,39.888388],[27.457499,39.888196],[27.457245,39.887977],[27.456593,39.888131],[27.456566,39.888071],[27.456588,39.887988],[27.456558,39.887905],[27.456446,39.887834],[27.456271,39.887752],[27.456185,39.88773],[27.456048,39.887644],[27.455648,39.887792],[27.455544,39.887864],[27.455336,39.887859],[27.45499,39.887749],[27.454693,39.887638],[27.454536,39.887502],[27.45442,39.887373],[27.454374,39.887168],[27.454425,39.887027],[27.454454,39.88693],[27.454446,39.88685],[27.454319,39.886759],[27.454063,39.886746],[27.453978,39.886726],[27.453746,39.88657],[27.453698,39.886524],[27.453379,39.886548],[27.453042,39.886681],[27.452905,39.88669],[27.452764,39.886722],[27.452664,39.88672],[27.452467,39.886749],[27.452411,39.886675],[27.452443,39.88652],[27.452391,39.886455],[27.452342,39.886421],[27.452209,39.886384],[27.452431,39.885766],[27.452797,39.885615],[27.452774,39.885427],[27.452825,39.885266],[27.452976,39.885146],[27.45202,39.884783],[27.451964,39.884721],[27.451978,39.884612],[27.451929,39.884455],[27.451772,39.884376],[27.45165,39.884382],[27.451464,39.884365],[27.451363,39.884314],[27.451193,39.884312],[27.450885,39.884419],[27.450549,39.884701],[27.449922,39.884614],[27.449669,39.88457],[27.449476,39.884553],[27.449375,39.884479],[27.449265,39.884056],[27.44923,39.883936],[27.449274,39.883785],[27.449165,39.883616],[27.449153,39.883491],[27.449223,39.883342],[27.449244,39.883141],[27.449251,39.883059],[27.449314,39.883061],[27.449563,39.8832],[27.449834,39.883073],[27.450079,39.883092],[27.450179,39.883124],[27.450586,39.883465],[27.450802,39.883567],[27.450913,39.883607],[27.451229,39.88368],[27.451567,39.88363],[27.452135,39.883734],[27.452577,39.883783],[27.452573,39.8837],[27.452683,39.883425],[27.452686,39.883343],[27.452807,39.883179],[27.453037,39.883107],[27.453144,39.883026],[27.453151,39.882929],[27.453243,39.882854],[27.453751,39.882726],[27.452509,39.881994],[27.452208,39.881309],[27.452675,39.880072],[27.452722,39.878196],[27.453435,39.877525],[27.453341,39.877436],[27.453182,39.877411],[27.453151,39.877282],[27.453127,39.877269],[27.453023,39.877248],[27.45287,39.877304],[27.452419,39.877201],[27.451984,39.877012],[27.452079,39.876792],[27.452287,39.87678],[27.452179,39.876508],[27.451947,39.876299],[27.451722,39.876182],[27.451681,39.876111],[27.451743,39.876077],[27.451892,39.875708],[27.451091,39.875466],[27.450909,39.875234],[27.450795,39.87486],[27.450693,39.874762],[27.450395,39.87466],[27.449989,39.874587],[27.449753,39.874493],[27.449676,39.874419],[27.449708,39.87431],[27.449791,39.874231],[27.45009,39.874097],[27.450365,39.873793],[27.449792,39.873208],[27.449461,39.873287],[27.449253,39.873322],[27.449157,39.873359],[27.448927,39.873366],[27.448865,39.873387],[27.448814,39.873473],[27.448651,39.87345],[27.448682,39.873286],[27.448624,39.873201],[27.448515,39.873112],[27.448447,39.873001],[27.448476,39.872511],[27.448231,39.872425],[27.448075,39.872416],[27.447626,39.872227],[27.447556,39.872235],[27.447502,39.872292],[27.447513,39.872336],[27.447463,39.872389],[27.447105,39.872372],[27.447087,39.872252],[27.446786,39.872112],[27.447071,39.871737],[27.446813,39.871601],[27.446738,39.871536],[27.446675,39.871386],[27.44676,39.871063],[27.446821,39.871012],[27.44687,39.870954],[27.446949,39.870893],[27.447262,39.870777],[27.447309,39.87072],[27.447454,39.870626],[27.447523,39.870502],[27.447495,39.870313],[27.447402,39.870142],[27.447038,39.870056],[27.447,39.869989],[27.447032,39.869924],[27.447168,39.869964],[27.447229,39.869862],[27.447154,39.86976],[27.447266,39.869721],[27.447417,39.869452],[27.447535,39.869383],[27.447636,39.86922],[27.447667,39.869096],[27.447592,39.868885],[27.447466,39.868552],[27.4474,39.868373],[27.446959,39.868167],[27.446762,39.868009],[27.446582,39.867686],[27.44642,39.867544],[27.446289,39.867542],[27.446184,39.867508],[27.446048,39.867397],[27.446007,39.867684],[27.446054,39.868096],[27.445893,39.868359],[27.445895,39.868657],[27.445748,39.868886],[27.445111,39.869186],[27.444875,39.869393],[27.444683,39.869462],[27.444491,39.869612],[27.444492,39.869737],[27.444581,39.869806],[27.444776,39.870034],[27.445132,39.870089],[27.445669,39.870408],[27.445774,39.870602],[27.445745,39.870808],[27.445539,39.871026],[27.445437,39.871392],[27.445187,39.871748],[27.445114,39.871897],[27.445265,39.872274],[27.44525,39.872319],[27.445014,39.872481],[27.444881,39.872607],[27.44451,39.872643],[27.444482,39.87278],[27.444394,39.872998],[27.444157,39.873067],[27.444039,39.873228],[27.443642,39.873801],[27.443434,39.873802],[27.442436,39.873234],[27.441929,39.872893],[27.442207,39.871337],[27.442614,39.871024],[27.443169,39.871367],[27.443306,39.871387],[27.443514,39.871352],[27.443461,39.871223],[27.443483,39.871129],[27.44314,39.87101],[27.443057,39.870793],[27.442822,39.870571],[27.442334,39.870301],[27.442047,39.870073],[27.442021,39.869988],[27.441864,39.869908],[27.441742,39.869894],[27.441367,39.86993],[27.441026,39.869923],[27.440817,39.869847],[27.440635,39.869747],[27.440457,39.869788],[27.440288,39.869994],[27.440121,39.869543],[27.440445,39.869127],[27.440575,39.869075],[27.44108,39.869085],[27.441236,39.869182],[27.441439,39.868943],[27.441255,39.86863],[27.441253,39.868412],[27.440219,39.867904],[27.440141,39.867899],[27.439974,39.867991],[27.439353,39.868402],[27.439238,39.86838],[27.439212,39.86842],[27.439194,39.8685],[27.439154,39.868535],[27.438999,39.868641],[27.439029,39.868727],[27.439134,39.868884],[27.439458,39.869071],[27.438748,39.868985],[27.438143,39.868927],[27.437985,39.86849],[27.437753,39.868265],[27.437322,39.868184],[27.437121,39.868042],[27.436935,39.867937],[27.436853,39.867994],[27.436673,39.868804],[27.436525,39.868945],[27.436407,39.868968],[27.435961,39.868918],[27.435873,39.869013],[27.435572,39.869077],[27.435234,39.86901],[27.434611,39.869046],[27.434232,39.868982],[27.434039,39.868877],[27.433912,39.868806],[27.433607,39.868653],[27.433524,39.868556],[27.433523,39.868336],[27.433162,39.868094],[27.432931,39.868035],[27.432742,39.868033],[27.432601,39.868105],[27.432284,39.868386],[27.431929,39.868613],[27.431429,39.868749],[27.431225,39.868722],[27.430915,39.868485],[27.430308,39.868139],[27.429859,39.868075],[27.429499,39.868067],[27.429117,39.868175],[27.428299,39.868424],[27.428128,39.868407],[27.427879,39.868314],[27.427224,39.868002],[27.426483,39.867604],[27.42611,39.867356],[27.425403,39.867085],[27.424273,39.866763],[27.423926,39.867705],[27.42366,39.868435],[27.423333,39.868419],[27.423073,39.868311],[27.42217,39.868117],[27.42218,39.868583],[27.422148,39.868698],[27.422156,39.868806],[27.42213,39.868892],[27.422125,39.869273],[27.422108,39.869496],[27.422027,39.869645],[27.421725,39.86946],[27.421302,39.869313],[27.421012,39.86924],[27.420881,39.869131],[27.420664,39.868898],[27.420419,39.868778],[27.420158,39.868625],[27.41967,39.868292],[27.419506,39.868115],[27.419465,39.86809],[27.41906,39.868077],[27.418741,39.868104],[27.418828,39.868364],[27.418723,39.868742],[27.418727,39.868816],[27.418386,39.86886],[27.4181,39.868938],[27.417488,39.869006],[27.417054,39.869011],[27.416917,39.868934],[27.416427,39.868987],[27.415708,39.869133],[27.415327,39.869283],[27.414748,39.869385],[27.414207,39.869478],[27.413387,39.869464],[27.412427,39.869656],[27.412361,39.869731],[27.412453,39.869985],[27.412573,39.870549],[27.412693,39.871],[27.412741,39.871155],[27.412685,39.871171],[27.411969,39.871245],[27.411156,39.871279],[27.41109,39.871417],[27.410352,39.871482],[27.409804,39.871602],[27.409893,39.871834],[27.410026,39.87224],[27.410086,39.872337],[27.41019,39.872356],[27.410511,39.873899],[27.410385,39.873957],[27.409743,39.873936],[27.409413,39.873966],[27.409814,39.87478],[27.409678,39.874849],[27.409482,39.87499],[27.409945,39.875543],[27.410293,39.875902],[27.410565,39.876104],[27.410573,39.876116],[27.410962,39.875977],[27.410983,39.876002],[27.411123,39.876322],[27.411287,39.876479],[27.411575,39.876787],[27.411679,39.876938],[27.411569,39.877041],[27.410706,39.877336],[27.4106,39.877648],[27.411439,39.878334],[27.411771,39.878587],[27.411816,39.878659],[27.411973,39.878855],[27.412104,39.879055],[27.412264,39.879195],[27.412845,39.879441],[27.412945,39.879484],[27.413366,39.879628],[27.413555,39.879708],[27.413828,39.879913],[27.414364,39.880395],[27.414595,39.880654],[27.415016,39.880984],[27.415229,39.880892],[27.415574,39.880727],[27.415794,39.880716],[27.416066,39.880663],[27.41656,39.880504],[27.416766,39.880415],[27.416947,39.88065],[27.417126,39.881002],[27.417408,39.881718],[27.417867,39.882806],[27.418278,39.882838],[27.418557,39.882884],[27.418704,39.882657],[27.418744,39.882571],[27.419008,39.882323],[27.419178,39.882246],[27.419308,39.882255],[27.41938,39.882469],[27.419422,39.882681],[27.419503,39.882888],[27.41965,39.883047],[27.419849,39.883244],[27.419982,39.883244],[27.419962,39.88307],[27.419989,39.882865],[27.420125,39.882404],[27.419972,39.882169],[27.420076,39.881969],[27.420261,39.881906],[27.420364,39.881929],[27.42055,39.882031],[27.420724,39.882159],[27.420963,39.882392],[27.4211,39.88247],[27.421211,39.882474],[27.421545,39.882435],[27.421783,39.882391],[27.422048,39.882295],[27.422323,39.882211],[27.422471,39.882181],[27.422679,39.882221],[27.422853,39.882292],[27.422909,39.882409],[27.422953,39.882485],[27.423025,39.882601],[27.423124,39.882644],[27.423365,39.882674],[27.423507,39.882649],[27.42391,39.882662],[27.424083,39.882733],[27.424248,39.882828],[27.424375,39.88288],[27.425181,39.883172],[27.425485,39.883329],[27.425663,39.883521],[27.425688,39.883561],[27.425819,39.883785],[27.425921,39.883846],[27.426163,39.883857],[27.426914,39.883886],[27.4274,39.883934],[27.427614,39.884014],[27.427893,39.88402],[27.428223,39.883979],[27.428656,39.883882],[27.42873,39.883943],[27.428974,39.884288],[27.429173,39.884471],[27.429421,39.884582],[27.429505,39.884596],[27.429656,39.884574],[27.429918,39.884394],[27.430328,39.884188],[27.430908,39.88393],[27.430813,39.883559],[27.430858,39.883423],[27.430854,39.883168],[27.430816,39.883085],[27.430734,39.882887],[27.430619,39.882702],[27.430295,39.882412],[27.430233,39.882265],[27.430266,39.88221],[27.430408,39.882114],[27.430528,39.882052],[27.430589,39.881887],[27.430591,39.881716],[27.430538,39.88163],[27.430355,39.881566],[27.430135,39.881534],[27.430076,39.881467],[27.430108,39.88111],[27.429889,39.880708],[27.429825,39.880441],[27.429731,39.880246],[27.429724,39.880013],[27.429618,39.879894],[27.429623,39.879834],[27.430006,39.879704],[27.430034,39.87968],[27.4302,39.879603],[27.43034,39.879608],[27.430448,39.879552],[27.430487,39.879457],[27.430555,39.879445],[27.430633,39.879466],[27.430707,39.879516],[27.431465,39.879494],[27.431636,39.879233],[27.431856,39.879297],[27.432248,39.879577],[27.432832,39.879982],[27.433285,39.880266],[27.433441,39.880397],[27.433667,39.880539],[27.433881,39.880638],[27.43443,39.880839],[27.434892,39.880944],[27.43519,39.881174],[27.43519,39.881246],[27.435063,39.881615],[27.435206,39.881677],[27.435569,39.881902],[27.435455,39.881955],[27.435084,39.882018],[27.434951,39.882069],[27.434844,39.882157],[27.434792,39.882236],[27.434761,39.882353],[27.434632,39.882425],[27.434574,39.882537],[27.434668,39.882754],[27.434631,39.882828],[27.434582,39.882875],[27.434552,39.882954],[27.434419,39.883007],[27.43413,39.88287],[27.434013,39.882481],[27.43396,39.882433],[27.433867,39.882399],[27.433712,39.882448],[27.433671,39.882483],[27.43359,39.882526],[27.433512,39.882549],[27.433396,39.882452],[27.433269,39.882304],[27.433109,39.882253],[27.433006,39.882311],[27.432862,39.882408],[27.432847,39.8825],[27.432863,39.882606],[27.432941,39.882728],[27.432875,39.882774],[27.432477,39.882573],[27.432268,39.882428],[27.431906,39.882095],[27.431701,39.882072],[27.431546,39.882113],[27.431442,39.882154],[27.431446,39.882242],[27.431495,39.882325],[27.431466,39.882405],[27.431462,39.882445],[27.431489,39.882491],[27.431612,39.882639],[27.431601,39.882659],[27.431309,39.882832],[27.431106,39.882964],[27.431132,39.883024],[27.431711,39.883577],[27.431938,39.883653],[27.432355,39.883883],[27.432429,39.883894],[27.432575,39.884051],[27.432746,39.884105],[27.432828,39.884201],[27.432833,39.88435],[27.432514,39.884466],[27.43237,39.884541],[27.432278,39.88463],[27.432319,39.884738],[27.432309,39.884821],[27.432287,39.884887],[27.432243,39.884936],[27.43224,39.885022],[27.43227,39.885104],[27.43256,39.885223],[27.432917,39.885362],[27.433122,39.885476],[27.433287,39.885658],[27.433666,39.885863],[27.434176,39.886064],[27.434497,39.886303],[27.43458,39.886448],[27.435268,39.886752],[27.435229,39.887029],[27.435312,39.8872],[27.435336,39.887438],[27.435203,39.887581],[27.435481,39.888058],[27.435644,39.888094],[27.435752,39.888202],[27.435779,39.888331],[27.436079,39.888762],[27.436058,39.888993],[27.436311,39.889604],[27.436846,39.890883],[27.437374,39.892117],[27.437472,39.892405],[27.437617,39.892496],[27.437655,39.892567],[27.437558,39.892686],[27.436909,39.893217],[27.436179,39.89378],[27.435235,39.894618],[27.43513,39.894687],[27.43379,39.895576],[27.432937,39.896221],[27.432161,39.896769],[27.431809,39.896944],[27.431551,39.897227],[27.431475,39.897367],[27.431478,39.89833],[27.431501,39.898552],[27.431572,39.898663],[27.431774,39.898796],[27.431859,39.898905],[27.431928,39.89907],[27.43214,39.899414],[27.432062,39.899719],[27.431745,39.900025],[27.431369,39.900062],[27.431329,39.900207],[27.431436,39.900952],[27.431477,39.901196],[27.431293,39.901761],[27.43121,39.902091],[27.43124,39.902232],[27.431296,39.902345],[27.431387,39.902543],[27.43149,39.902643],[27.431521,39.902756],[27.431519,39.902852],[27.431486,39.902942],[27.431443,39.902982],[27.431246,39.903106],[27.431167,39.903248],[27.43116,39.903348],[27.431322,39.903522],[27.431396,39.903627],[27.431476,39.903757],[27.432122,39.904279],[27.432166,39.904306],[27.432516,39.9045],[27.432667,39.904589],[27.432838,39.904726],[27.433077,39.904861],[27.43342,39.90495],[27.433848,39.905001],[27.434183,39.905047],[27.434316,39.905062],[27.434803,39.905085],[27.435015,39.905099],[27.435306,39.905145],[27.43542,39.905278],[27.435514,39.90541],[27.435588,39.905484],[27.435697,39.905508],[27.435881,39.905515],[27.435966,39.905536],[27.436101,39.905576],[27.436329,39.905561],[27.436426,39.905558],[27.436451,39.90557],[27.43646,39.905596],[27.436444,39.905664],[27.436433,39.905818],[27.436456,39.905926],[27.436514,39.906009],[27.436631,39.906121],[27.436746,39.90612],[27.436783,39.906167],[27.436804,39.906162],[27.436738,39.906076],[27.436983,39.905602],[27.437556,39.905394],[27.437871,39.905179],[27.438229,39.905338],[27.438637,39.905657],[27.438756,39.905824],[27.439115,39.906143],[27.439354,39.906386],[27.439355,39.906569],[27.439593,39.906622],[27.439781,39.906613],[27.440247,39.906673],[27.440514,39.906626],[27.440871,39.90667],[27.441059,39.906723],[27.441129,39.906723]]]}},{"type":"Feature","properties":{"id":"TR-Y-17-012-K-0023","level":"yerlesim","type":"mahalle","parent_id":"TR-D-17-012","province_id":"TR-P-17","district_id":"TR-D-17-012","name":"Çınarcık","source_raw_name":"Çınarcık","source":"Kullanıcı tarafından sağlanan KML","source_label":"Kullanıcı tarafından sağlanan KML","source_name":"Canakkale Mahalle KML - kullanici tarafindan saglandi"},"geometry":{"type":"Polygon","coordinates":[[[27.194435,39.966739],[27.194845,39.966594],[27.194912,39.96662],[27.197201,39.966174],[27.198928,39.965822],[27.202025,39.965171],[27.203953,39.964796],[27.204996,39.964554],[27.205364,39.964464],[27.205361,39.964414],[27.205452,39.964265],[27.20633,39.964002],[27.207213,39.963668],[27.208045,39.963351],[27.20822,39.963301],[27.208308,39.963346],[27.208317,39.963273],[27.20836,39.963261],[27.208765,39.96317],[27.209432,39.962984],[27.209711,39.962906],[27.20976,39.962275],[27.210661,39.962189],[27.210773,39.961583],[27.211194,39.961353],[27.211267,39.96101],[27.211504,39.960891],[27.210842,39.960463],[27.210892,39.960387],[27.211457,39.960366],[27.211865,39.960413],[27.21244,39.960449],[27.212862,39.960572],[27.212947,39.960162],[27.212698,39.959819],[27.212314,39.959505],[27.212115,39.959324],[27.211954,39.959352],[27.212053,39.959285],[27.212176,39.959066],[27.212262,39.95878],[27.212125,39.958618],[27.211889,39.958485],[27.212037,39.95836],[27.212376,39.957811],[27.212406,39.957216],[27.21151,39.95682],[27.211571,39.956462],[27.212164,39.956032],[27.21162,39.95549],[27.211388,39.955389],[27.210973,39.955268],[27.210539,39.95515],[27.209796,39.955365],[27.209161,39.95586],[27.20835,39.95561],[27.209091,39.954882],[27.209585,39.95431],[27.209646,39.954024],[27.20952,39.95369],[27.20952,39.953689],[27.209494,39.953653],[27.209402,39.953417],[27.209401,39.953415],[27.209772,39.953152],[27.21033,39.953485],[27.211509,39.954245],[27.212067,39.954554],[27.212593,39.954481],[27.213213,39.95448],[27.213615,39.954408],[27.213615,39.954329],[27.213556,39.954161],[27.213567,39.953825],[27.213435,39.953589],[27.213507,39.953379],[27.213577,39.953353],[27.213611,39.953264],[27.213748,39.953143],[27.213775,39.95303],[27.213616,39.952648],[27.21377,39.952706],[27.213863,39.952639],[27.213951,39.952505],[27.213912,39.952248],[27.213764,39.951988],[27.213879,39.951853],[27.213901,39.95171],[27.21406,39.951496],[27.214225,39.951193],[27.214384,39.951084],[27.214472,39.950937],[27.21445,39.950811],[27.214371,39.950775],[27.214531,39.950308],[27.214187,39.949165],[27.213257,39.948761],[27.21276,39.948214],[27.212447,39.947118],[27.212632,39.946999],[27.212877,39.946188],[27.21266,39.945927],[27.212814,39.94564],[27.212813,39.945402],[27.21275,39.945021],[27.212904,39.94483],[27.212904,39.94483],[27.212933,39.94433],[27.213181,39.944258],[27.213395,39.943542],[27.213703,39.942922],[27.213823,39.942447],[27.213821,39.941886],[27.213567,39.941487],[27.213269,39.941315],[27.212853,39.941316],[27.212379,39.941512],[27.211977,39.941535],[27.212051,39.941398],[27.212258,39.941077],[27.212317,39.940837],[27.212524,39.940493],[27.212612,39.940184],[27.212374,39.939956],[27.212091,39.939842],[27.211719,39.939728],[27.211259,39.939832],[27.211066,39.939958],[27.211005,39.939512],[27.210916,39.939318],[27.210796,39.939044],[27.210542,39.938724],[27.210081,39.938553],[27.209932,39.938268],[27.209679,39.938142],[27.209292,39.938132],[27.208788,39.938304],[27.208566,39.93859],[27.20818,39.93874],[27.208179,39.938648],[27.208312,39.938282],[27.208548,39.937824],[27.20883,39.937515],[27.20923,39.937159],[27.209259,39.936862],[27.208916,39.93668],[27.208708,39.936531],[27.208632,39.935902],[27.208587,39.935742],[27.208289,39.935445],[27.208124,39.935057],[27.207856,39.934748],[27.207439,39.934543],[27.207319,39.934258],[27.206871,39.933584],[27.206393,39.932624],[27.207032,39.932542],[27.207759,39.932415],[27.208532,39.932551],[27.208799,39.932379],[27.209526,39.93208],[27.209676,39.932355],[27.210346,39.932765],[27.210597,39.932353],[27.210968,39.932181],[27.211118,39.932718],[27.211787,39.932843],[27.211892,39.933094],[27.212196,39.933505],[27.21291,39.933687],[27.213316,39.933686],[27.213603,39.933404],[27.213969,39.933258],[27.214444,39.933143],[27.215096,39.932722],[27.215681,39.932782],[27.21576,39.93266],[27.215898,39.932606],[27.216096,39.93256],[27.216195,39.932423],[27.216213,39.932026],[27.216213,39.932026],[27.216192,39.931683],[27.216192,39.931683],[27.216218,39.931287],[27.218719,39.931072],[27.221021,39.930877],[27.221021,39.930877],[27.220307,39.929763],[27.219956,39.929253],[27.219656,39.928353],[27.219079,39.927622],[27.21886,39.927181],[27.218324,39.926922],[27.217768,39.926542],[27.21741,39.926101],[27.216973,39.925674],[27.216556,39.925233],[27.216198,39.924639],[27.215702,39.924411],[27.215046,39.923924],[27.214372,39.92359],[27.214589,39.923284],[27.213243,39.922837],[27.211736,39.922295],[27.21074,39.922087],[27.209896,39.921925],[27.207091,39.922743],[27.204747,39.923948],[27.195867,39.925107],[27.19067,39.926065],[27.184354,39.930799],[27.181016,39.932531],[27.178495,39.934674],[27.177497,39.939274],[27.177028,39.941634],[27.177884,39.94302],[27.177626,39.943044],[27.177616,39.943166],[27.17784,39.943429],[27.177917,39.94354],[27.177968,39.943656],[27.178028,39.943849],[27.178098,39.944012],[27.178192,39.944169],[27.178352,39.944444],[27.178635,39.944758],[27.178775,39.944937],[27.178731,39.944948],[27.178493,39.944972],[27.178087,39.945033],[27.17783,39.945118],[27.177472,39.944645],[27.176838,39.944791],[27.176488,39.94364],[27.176211,39.943717],[27.175943,39.943321],[27.175665,39.943199],[27.175526,39.943047],[27.175367,39.943093],[27.175348,39.943284],[27.175656,39.943611],[27.175845,39.943984],[27.175567,39.943832],[27.1753,39.943825],[27.174587,39.944032],[27.174113,39.944498],[27.173915,39.94459],[27.173429,39.944491],[27.173043,39.94466],[27.173013,39.944256],[27.172525,39.943311],[27.171921,39.943411],[27.171198,39.943778],[27.170148,39.943604],[27.169752,39.943566],[27.168791,39.94369],[27.168562,39.943355],[27.168394,39.943393],[27.168125,39.942905],[27.167778,39.942715],[27.166678,39.942465],[27.16657,39.943045],[27.166164,39.943038],[27.166561,39.94348],[27.166018,39.94393],[27.165869,39.943961],[27.165224,39.943459],[27.165245,39.943931],[27.164323,39.943788],[27.163274,39.944094],[27.163344,39.94443],[27.162611,39.944324],[27.162611,39.944667],[27.162294,39.94469],[27.162285,39.944805],[27.16169,39.944691],[27.161352,39.944318],[27.160926,39.944342],[27.160699,39.944502],[27.160174,39.944434],[27.159847,39.944435],[27.159054,39.944321],[27.158817,39.944451],[27.157815,39.943827],[27.15723,39.943592],[27.15716,39.943424],[27.157219,39.943302],[27.156426,39.94299],[27.15594,39.943052],[27.154582,39.942604],[27.154483,39.942475],[27.154591,39.942139],[27.154531,39.941796],[27.155194,39.941452],[27.155728,39.941024],[27.155628,39.940628],[27.154795,39.940484],[27.154806,39.940705],[27.154618,39.940843],[27.154192,39.940866],[27.153796,39.941141],[27.153876,39.941408],[27.153727,39.94137],[27.15356,39.941606],[27.153441,39.941675],[27.153391,39.941386],[27.153183,39.941493],[27.153004,39.941073],[27.152825,39.941028],[27.152815,39.940875],[27.153328,39.940089],[27.153139,39.939434],[27.152984,39.939284],[27.152687,39.939251],[27.15234,39.939242],[27.152111,39.938928],[27.15187,39.939395],[27.151685,39.939686],[27.151959,39.940339],[27.150908,39.940902],[27.150697,39.940974],[27.150617,39.941055],[27.150475,39.941046],[27.149985,39.940761],[27.149626,39.940804],[27.14913,39.940438],[27.149086,39.940261],[27.14828,39.939981],[27.14828,39.939957],[27.147704,39.93962],[27.147599,39.939715],[27.147277,39.939634],[27.147129,39.939792],[27.146899,39.939411],[27.147065,39.939211],[27.146249,39.93945],[27.146261,39.939526],[27.146503,39.939764],[27.146535,39.940045],[27.146344,39.940541],[27.146617,39.941032],[27.146668,39.941689],[27.146688,39.942128],[27.146645,39.942433],[27.146757,39.942838],[27.146696,39.943138],[27.146628,39.943229],[27.147204,39.943304],[27.147545,39.94359],[27.150073,39.944335],[27.150253,39.944659],[27.151634,39.944442],[27.15164,39.944671],[27.15221,39.944661],[27.152489,39.944727],[27.152656,39.944899],[27.1527,39.945003],[27.152199,39.945333],[27.15334,39.945932],[27.153861,39.946279],[27.154078,39.946436],[27.154164,39.946407],[27.154275,39.946226],[27.15443,39.946259],[27.154504,39.946221],[27.154616,39.946245],[27.154752,39.94614],[27.155074,39.946168],[27.15526,39.946282],[27.155421,39.946201],[27.155867,39.946524],[27.155992,39.9467],[27.155645,39.946863],[27.155838,39.947168],[27.157132,39.947318],[27.1573,39.947533],[27.158067,39.947331],[27.158291,39.947422],[27.158247,39.947479],[27.158694,39.947721],[27.159221,39.948126],[27.159451,39.948588],[27.159291,39.94875],[27.159291,39.948974],[27.159755,39.948978],[27.159967,39.949235],[27.159918,39.94945],[27.160209,39.949769],[27.160037,39.950055],[27.159839,39.950236],[27.159846,39.950546],[27.160026,39.950865],[27.160064,39.951337],[27.159874,39.952128],[27.159584,39.952491],[27.159008,39.952573],[27.159083,39.952839],[27.158843,39.953426],[27.158943,39.953764],[27.158746,39.954117],[27.158871,39.954593],[27.159596,39.955026],[27.159467,39.955422],[27.159666,39.955855],[27.159315,39.956623],[27.159619,39.956732],[27.159673,39.956972],[27.159707,39.957041],[27.160209,39.957309],[27.160657,39.958089],[27.161507,39.957885],[27.161537,39.958033],[27.16169,39.958047],[27.162029,39.958316],[27.162034,39.959148],[27.162318,39.959708],[27.162489,39.959954],[27.162584,39.960491],[27.163056,39.960679],[27.163283,39.96073],[27.163373,39.961376],[27.163704,39.961485],[27.164094,39.961335],[27.165265,39.961525],[27.164995,39.961935],[27.164674,39.962684],[27.164429,39.963116],[27.164541,39.963231],[27.164508,39.963436],[27.165084,39.963541],[27.16588,39.963778],[27.166085,39.964092],[27.16738,39.964568],[27.167667,39.963407],[27.1683,39.96363],[27.168936,39.9638],[27.169538,39.963742],[27.169958,39.96377],[27.170276,39.963909],[27.170199,39.963969],[27.169861,39.964135],[27.169746,39.964344],[27.169773,39.964541],[27.16991,39.96461],[27.170041,39.96499],[27.170198,39.965238],[27.170452,39.965524],[27.170519,39.965715],[27.170571,39.965787],[27.171132,39.965852],[27.171052,39.966392],[27.171067,39.966592],[27.171777,39.96654],[27.172041,39.966528],[27.172438,39.966239],[27.172579,39.966033],[27.172649,39.966141],[27.172935,39.966041],[27.173169,39.965963],[27.173686,39.966125],[27.174341,39.966287],[27.174404,39.96631],[27.174626,39.965961],[27.174622,39.965846],[27.175242,39.965774],[27.175659,39.965719],[27.1758,39.96565],[27.175933,39.965364],[27.177688,39.96555],[27.180751,39.965962],[27.184178,39.966346],[27.185242,39.966527],[27.188975,39.966845],[27.191828,39.967214],[27.193411,39.967324],[27.194435,39.966739]]]}},{"type":"Feature","properties":{"id":"TR-Y-17-012-K-0024","level":"yerlesim","type":"mahalle","parent_id":"TR-D-17-012","province_id":"TR-P-17","district_id":"TR-D-17-012","name":"Çırpılar","source_raw_name":"Çırpılar","source":"Kullanıcı tarafından sağlanan KML","source_label":"Kullanıcı tarafından sağlanan KML","source_name":"Canakkale Mahalle KML - kullanici tarafindan saglandi"},"geometry":{"type":"Polygon","coordinates":[[[27.343917,39.8389],[27.34412,39.838661],[27.344417,39.838741],[27.344918,39.838726],[27.345152,39.838563],[27.345626,39.838171],[27.345834,39.837751],[27.345994,39.837583],[27.346482,39.837449],[27.347697,39.836949],[27.348844,39.836341],[27.349096,39.836159],[27.349262,39.835929],[27.349601,39.835728],[27.351256,39.835313],[27.351544,39.834955],[27.351735,39.834811],[27.351951,39.834649],[27.352162,39.834867],[27.352613,39.834742],[27.353119,39.834679],[27.353416,39.834549],[27.353686,39.83431],[27.353839,39.833928],[27.355657,39.832836],[27.356427,39.832386],[27.356625,39.832428],[27.357095,39.832398],[27.357448,39.83244],[27.358239,39.832461],[27.359333,39.832491],[27.359771,39.832189],[27.360096,39.831774],[27.360261,39.831478],[27.360396,39.831191],[27.360426,39.831115],[27.360945,39.830913],[27.361265,39.830703],[27.361394,39.830607],[27.361626,39.829982],[27.361736,39.829753],[27.361654,39.829515],[27.363687,39.828079],[27.364844,39.827212],[27.367067,39.825609],[27.367042,39.825528],[27.367936,39.82521],[27.368494,39.82538],[27.369094,39.825512],[27.369304,39.825549],[27.369177,39.825473],[27.369037,39.825297],[27.368976,39.824935],[27.368994,39.824173],[27.368928,39.823989],[27.368663,39.822963],[27.368479,39.822165],[27.368243,39.82123],[27.368361,39.820867],[27.36883,39.820196],[27.368911,39.819748],[27.36782,39.819122],[27.367847,39.818369],[27.367793,39.817986],[27.367783,39.817371],[27.367747,39.816999],[27.368089,39.816684],[27.368397,39.816537],[27.368293,39.816166],[27.367941,39.815717],[27.367657,39.815181],[27.367309,39.814825],[27.367147,39.814551],[27.367039,39.814032],[27.367191,39.813577],[27.366986,39.813298],[27.367382,39.81278],[27.367208,39.811987],[27.367504,39.811443],[27.366766,39.811383],[27.366503,39.810755],[27.365925,39.810144],[27.365172,39.809737],[27.364186,39.809144],[27.364067,39.808813],[27.364208,39.808615],[27.364342,39.8083],[27.364516,39.807773],[27.364699,39.807448],[27.36479,39.807105],[27.364726,39.806598],[27.364641,39.806355],[27.364578,39.804665],[27.36399,39.804028],[27.362974,39.802906],[27.362898,39.802442],[27.362579,39.802476],[27.36168,39.801307],[27.360981,39.80051],[27.360891,39.800456],[27.36073,39.800404],[27.360519,39.80014],[27.360216,39.800012],[27.359686,39.799809],[27.359493,39.799521],[27.359453,39.799464],[27.359109,39.799232],[27.35895,39.798963],[27.35841,39.798564],[27.357883,39.798151],[27.357197,39.798137],[27.356798,39.798009],[27.356355,39.797782],[27.35624,39.797661],[27.356211,39.797485],[27.356315,39.797353],[27.356556,39.79725],[27.35653,39.797036],[27.356372,39.796888],[27.356386,39.796726],[27.356552,39.796607],[27.356518,39.79593],[27.355971,39.795889],[27.355785,39.795158],[27.355579,39.794765],[27.355553,39.794448],[27.355367,39.794277],[27.355421,39.794065],[27.355256,39.793827],[27.355378,39.79355],[27.355584,39.793331],[27.35565,39.792901],[27.355811,39.792458],[27.35586,39.792298],[27.355878,39.792241],[27.35584,39.792098],[27.355722,39.791943],[27.355317,39.791766],[27.35518,39.791695],[27.354577,39.791527],[27.353757,39.79128],[27.35317,39.791131],[27.352533,39.790573],[27.352662,39.790301],[27.352609,39.790206],[27.352293,39.790016],[27.3519,39.78986],[27.351272,39.789767],[27.351216,39.789755],[27.350936,39.789851],[27.350738,39.789911],[27.350625,39.791224],[27.350236,39.791869],[27.350328,39.792458],[27.34911,39.793548],[27.348929,39.793637],[27.348741,39.793718],[27.34862,39.793707],[27.348474,39.793579],[27.348196,39.793475],[27.347797,39.793423],[27.347171,39.793092],[27.346608,39.792907],[27.346422,39.792784],[27.345543,39.793049],[27.34545,39.793042],[27.34472,39.792677],[27.344719,39.792677],[27.34472,39.792678],[27.344204,39.792764],[27.343915,39.792817],[27.343734,39.792932],[27.343544,39.79343],[27.343472,39.793896],[27.343322,39.794271],[27.342928,39.794841],[27.342333,39.795178],[27.3421,39.795264],[27.341578,39.79536],[27.341851,39.79586],[27.341911,39.796114],[27.341886,39.796226],[27.341939,39.79634],[27.341843,39.79654],[27.341866,39.796723],[27.341949,39.796897],[27.34205,39.797072],[27.342103,39.797272],[27.342103,39.797429],[27.342208,39.797609],[27.342669,39.797942],[27.342868,39.798287],[27.342757,39.798419],[27.342695,39.798591],[27.342781,39.798705],[27.343072,39.799056],[27.343265,39.799118],[27.343369,39.799201],[27.343436,39.799324],[27.343359,39.799407],[27.343308,39.799581],[27.343201,39.799705],[27.343139,39.799988],[27.343088,39.800082],[27.342973,39.800154],[27.342718,39.800204],[27.342618,39.800295],[27.3426,39.800375],[27.342827,39.800546],[27.343098,39.800654],[27.34328,39.800673],[27.343618,39.800775],[27.343737,39.800958],[27.34376,39.801161],[27.34376,39.801161],[27.34376,39.801161],[27.343747,39.801462],[27.344094,39.801804],[27.344127,39.801861],[27.344132,39.802021],[27.343914,39.80221],[27.343785,39.802459],[27.343494,39.802772],[27.34341,39.802949],[27.343414,39.803098],[27.343414,39.803098],[27.343613,39.803487],[27.343558,39.803758],[27.343764,39.804147],[27.34374,39.804481],[27.34354,39.804593],[27.34257,39.804825],[27.342252,39.805014],[27.341894,39.805356],[27.341131,39.806293],[27.34088,39.806385],[27.34028,39.806527],[27.340124,39.806508],[27.339991,39.806565],[27.339719,39.807104],[27.339503,39.807753],[27.338999,39.808518],[27.338722,39.808754],[27.338271,39.808978],[27.337608,39.809157],[27.337112,39.809244],[27.336847,39.809568],[27.336711,39.809935],[27.336654,39.810341],[27.336815,39.810798],[27.336755,39.811273],[27.336383,39.811809],[27.335601,39.812623],[27.335309,39.812935],[27.334792,39.813245],[27.334684,39.813424],[27.334661,39.813737],[27.334661,39.813738],[27.334658,39.814206],[27.334658,39.814207],[27.334624,39.814321],[27.334271,39.814951],[27.334206,39.815247],[27.334276,39.815469],[27.334276,39.815469],[27.334276,39.81547],[27.334191,39.815754],[27.334363,39.816619],[27.334461,39.816946],[27.334414,39.817442],[27.334105,39.817851],[27.333522,39.817967],[27.333145,39.818256],[27.333145,39.818256],[27.333145,39.818256],[27.333262,39.818984],[27.333626,39.819502],[27.334333,39.820093],[27.335029,39.820275],[27.335321,39.820326],[27.335422,39.820391],[27.335362,39.820738],[27.335575,39.821292],[27.335776,39.822054],[27.335894,39.822827],[27.336161,39.823349],[27.33606,39.823961],[27.335832,39.824234],[27.335632,39.824425],[27.33496,39.82502],[27.334551,39.825248],[27.334341,39.825291],[27.334094,39.825291],[27.333223,39.825153],[27.332742,39.825002],[27.332192,39.824794],[27.331737,39.824682],[27.331386,39.824619],[27.331069,39.824646],[27.330728,39.824716],[27.329977,39.825275],[27.32974,39.825462],[27.329422,39.825553],[27.32873,39.825657],[27.328011,39.825701],[27.327311,39.825719],[27.326604,39.825583],[27.325876,39.825416],[27.325126,39.825338],[27.324575,39.825357],[27.324198,39.825594],[27.323353,39.826275],[27.323167,39.826651],[27.323274,39.826794],[27.323273,39.826794],[27.323274,39.826794],[27.323073,39.82672],[27.322874,39.826843],[27.322794,39.827244],[27.322837,39.827979],[27.323,39.828581],[27.323026,39.828827],[27.32329,39.829164],[27.323323,39.829892],[27.323362,39.830372],[27.323519,39.830984],[27.323562,39.831737],[27.322785,39.832485],[27.323021,39.832782],[27.32346,39.833334],[27.323796,39.833805],[27.324286,39.834221],[27.324723,39.834503],[27.325008,39.834586],[27.32536,39.834565],[27.325548,39.834515],[27.325724,39.834367],[27.326117,39.833996],[27.327109,39.833476],[27.328028,39.833267],[27.328959,39.833268],[27.331043,39.833951],[27.33255,39.834333],[27.333327,39.834645],[27.334134,39.835037],[27.335922,39.835967],[27.337132,39.83675],[27.337981,39.837374],[27.338916,39.838212],[27.339802,39.838872],[27.340514,39.839551],[27.34115,39.839924],[27.341908,39.84019],[27.342413,39.840276],[27.342928,39.840114],[27.343478,39.840007],[27.343594,39.839883],[27.343748,39.839654],[27.343858,39.839501],[27.343851,39.839186],[27.343917,39.8389]]]}},{"type":"Feature","properties":{"id":"TR-Y-17-012-K-0025","level":"yerlesim","type":"mahalle","parent_id":"TR-D-17-012","province_id":"TR-P-17","district_id":"TR-D-17-012","name":"Çukuroba","source_raw_name":"Çukuroba","source":"Kullanıcı tarafından sağlanan KML","source_label":"Kullanıcı tarafından sağlanan KML","source_name":"Canakkale Mahalle KML - kullanici tarafindan saglandi"},"geometry":{"type":"Polygon","coordinates":[[[27.288548,39.784342],[27.288492,39.784097],[27.288513,39.783925],[27.288553,39.783599],[27.288552,39.783582],[27.288348,39.783488],[27.288392,39.783228],[27.288428,39.78305],[27.288575,39.782724],[27.288647,39.782366],[27.28871,39.782237],[27.28885,39.781957],[27.289167,39.781641],[27.289389,39.781458],[27.289437,39.781441],[27.289474,39.781609],[27.289538,39.781669],[27.289701,39.781749],[27.289994,39.781828],[27.290443,39.78193],[27.290833,39.782023],[27.291426,39.782099],[27.291707,39.782013],[27.291889,39.781918],[27.292048,39.782046],[27.291956,39.782069],[27.292775,39.782836],[27.293085,39.78267],[27.293044,39.782567],[27.292988,39.78243],[27.293076,39.782358],[27.293295,39.782257],[27.293524,39.782188],[27.293949,39.782668],[27.29399,39.782868],[27.294017,39.783051],[27.294058,39.783122],[27.294252,39.783282],[27.294293,39.783522],[27.294538,39.783487],[27.294668,39.783501],[27.294861,39.782757],[27.295015,39.78229],[27.295299,39.781978],[27.29586,39.78147],[27.296562,39.780931],[27.296501,39.780818],[27.296294,39.780718],[27.296302,39.780648],[27.296125,39.780642],[27.296044,39.780635],[27.295934,39.780645],[27.295836,39.780632],[27.295713,39.780387],[27.295562,39.780333],[27.294938,39.780318],[27.29458,39.780276],[27.294389,39.78019],[27.294376,39.780061],[27.294441,39.779957],[27.294478,39.77966],[27.294605,39.779407],[27.294596,39.779118],[27.294493,39.778915],[27.294189,39.778578],[27.29385,39.778056],[27.293635,39.777593],[27.293438,39.777297],[27.293319,39.777143],[27.293099,39.776751],[27.293014,39.776613],[27.292971,39.776509],[27.292934,39.776335],[27.292584,39.776232],[27.292464,39.776178],[27.292188,39.775789],[27.29205,39.775724],[27.292001,39.775669],[27.291971,39.775582],[27.291936,39.775542],[27.291893,39.775543],[27.291808,39.775349],[27.2916,39.774979],[27.291567,39.774854],[27.291419,39.774773],[27.291393,39.774716],[27.291415,39.774655],[27.291359,39.774598],[27.290956,39.774467],[27.290806,39.77442],[27.290354,39.774262],[27.29001,39.774061],[27.28974,39.773851],[27.28984,39.773759],[27.290009,39.773668],[27.29018,39.773494],[27.290059,39.773364],[27.28992,39.773274],[27.289727,39.773189],[27.289515,39.772902],[27.289443,39.772724],[27.289322,39.772594],[27.289155,39.772524],[27.289068,39.772485],[27.289024,39.772448],[27.288995,39.772362],[27.289023,39.772274],[27.288271,39.772229],[27.288285,39.7716],[27.28833,39.771441],[27.288336,39.771337],[27.288217,39.770845],[27.288167,39.770761],[27.288053,39.770683],[27.287852,39.770445],[27.287518,39.76997],[27.287391,39.769866],[27.287262,39.769712],[27.287232,39.769582],[27.286755,39.768919],[27.286662,39.768883],[27.286548,39.768859],[27.28635,39.768662],[27.285909,39.768408],[27.285817,39.768352],[27.285553,39.768261],[27.285391,39.768178],[27.285357,39.768163],[27.285178,39.768107],[27.284906,39.768052],[27.284661,39.767869],[27.284119,39.76774],[27.283484,39.767784],[27.283301,39.767833],[27.283002,39.767792],[27.282799,39.76783],[27.282589,39.767949],[27.282552,39.767991],[27.282224,39.768177],[27.282104,39.768141],[27.282029,39.768034],[27.281969,39.767963],[27.281052,39.767731],[27.281139,39.767617],[27.28134,39.767582],[27.281569,39.767557],[27.281719,39.767597],[27.28159,39.767324],[27.281485,39.767194],[27.2812,39.766943],[27.281127,39.766809],[27.281014,39.766735],[27.280788,39.766781],[27.280631,39.766878],[27.280505,39.766995],[27.279873,39.766453],[27.279772,39.766426],[27.279587,39.766418],[27.279439,39.766442],[27.279214,39.766408],[27.279028,39.76634],[27.278822,39.766212],[27.278741,39.766044],[27.278816,39.766047],[27.278859,39.766013],[27.278848,39.765902],[27.278749,39.76586],[27.278789,39.765578],[27.278806,39.765355],[27.279029,39.765361],[27.279135,39.765183],[27.279261,39.764917],[27.27927,39.76486],[27.27878,39.764779],[27.278558,39.764731],[27.278485,39.764697],[27.278724,39.764416],[27.278776,39.764398],[27.279019,39.764179],[27.279429,39.763841],[27.279624,39.763745],[27.279896,39.763589],[27.279998,39.763466],[27.279979,39.763309],[27.28001,39.76313],[27.280022,39.762792],[27.280018,39.762732],[27.280086,39.762488],[27.280149,39.762436],[27.280295,39.762591],[27.280408,39.762741],[27.280633,39.762917],[27.280617,39.763089],[27.280742,39.763167],[27.280925,39.763337],[27.28092,39.7635],[27.280929,39.763585],[27.280993,39.763663],[27.281275,39.763815],[27.281354,39.763858],[27.281406,39.763866],[27.281536,39.763836],[27.281791,39.763716],[27.28157,39.763371],[27.281588,39.763232],[27.281548,39.763077],[27.281571,39.762899],[27.281554,39.762772],[27.281463,39.762606],[27.281494,39.762506],[27.281475,39.762295],[27.281333,39.762051],[27.282094,39.76214],[27.282252,39.762087],[27.282403,39.761994],[27.282613,39.761829],[27.282671,39.761669],[27.28276,39.761515],[27.282826,39.761464],[27.282835,39.761398],[27.282787,39.761277],[27.282828,39.761237],[27.282837,39.761144],[27.28279,39.761017],[27.282814,39.760959],[27.283172,39.760805],[27.283173,39.760728],[27.283097,39.760602],[27.283,39.760537],[27.282889,39.76051],[27.28279,39.760525],[27.282799,39.760268],[27.28287,39.760223],[27.283035,39.760042],[27.283161,39.759885],[27.283299,39.75969],[27.283522,39.75947],[27.283726,39.75947],[27.283911,39.759342],[27.28399,39.759243],[27.284113,39.759178],[27.284109,39.759178],[27.284109,39.759178],[27.283884,39.758803],[27.283691,39.758655],[27.283475,39.758604],[27.283154,39.758495],[27.283269,39.758367],[27.283265,39.758329],[27.283185,39.758285],[27.282831,39.75818],[27.28252,39.758196],[27.28252,39.758196],[27.282516,39.758196],[27.281613,39.758291],[27.281612,39.758291],[27.280954,39.758325],[27.280954,39.758324],[27.28095,39.758325],[27.280923,39.758102],[27.280898,39.757998],[27.280793,39.757819],[27.280662,39.757713],[27.280663,39.757711],[27.280539,39.757611],[27.280682,39.757394],[27.2807,39.757238],[27.28065,39.757007],[27.280413,39.756722],[27.280029,39.756349],[27.279407,39.756386],[27.279344,39.756289],[27.279276,39.756184],[27.279104,39.756135],[27.27887,39.756022],[27.278702,39.755974],[27.278464,39.755954],[27.278028,39.756148],[27.277747,39.756221],[27.277663,39.756014],[27.277529,39.755891],[27.277226,39.756025],[27.276913,39.756179],[27.276646,39.755971],[27.27615,39.755938],[27.275887,39.756037],[27.275577,39.756093],[27.274936,39.756152],[27.274828,39.755963],[27.27475,39.755888],[27.274624,39.755881],[27.274545,39.755934],[27.27441,39.75608],[27.274111,39.755927],[27.273797,39.755702],[27.274051,39.755482],[27.27454,39.755096],[27.274643,39.754884],[27.274571,39.754691],[27.274391,39.754479],[27.274329,39.754432],[27.274174,39.754373],[27.274109,39.754297],[27.274018,39.754091],[27.273922,39.754034],[27.273872,39.753902],[27.273747,39.753777],[27.273699,39.753643],[27.273758,39.753405],[27.274711,39.752361],[27.274839,39.75207],[27.274814,39.75186],[27.274158,39.75103],[27.273541,39.750801],[27.273262,39.7508],[27.273051,39.750848],[27.27269,39.750855],[27.27235,39.750789],[27.269937,39.748143],[27.269658,39.747687],[27.270977,39.746012],[27.270893,39.745836],[27.270261,39.745542],[27.269867,39.745023],[27.269891,39.744563],[27.270385,39.744098],[27.271121,39.743661],[27.270905,39.743357],[27.271207,39.742782],[27.269819,39.74151],[27.268855,39.740938],[27.26787,39.740856],[27.267124,39.740267],[27.266046,39.738396],[27.265156,39.737133],[27.264917,39.736566],[27.264035,39.735314],[27.263848,39.732953],[27.26349,39.732414],[27.262777,39.73183],[27.2616,39.731009],[27.261254,39.730323],[27.260387,39.729922],[27.260292,39.729344],[27.259772,39.728465],[27.259326,39.728301],[27.258792,39.728467],[27.258096,39.728441],[27.257202,39.727604],[27.256665,39.726985],[27.255273,39.726369],[27.255377,39.725667],[27.255625,39.725281],[27.255213,39.724773],[27.254854,39.723976],[27.254353,39.723591],[27.253782,39.723194],[27.253816,39.72294],[27.254096,39.722477],[27.254224,39.722159],[27.254164,39.721915],[27.253611,39.721571],[27.252741,39.721238],[27.252411,39.720967],[27.251939,39.720251],[27.251767,39.719537],[27.251421,39.719325],[27.251043,39.719229],[27.250151,39.719185],[27.249551,39.719353],[27.248824,39.719172],[27.24826,39.718767],[27.24717,39.718363],[27.245971,39.718113],[27.245135,39.717639],[27.244554,39.717654],[27.243501,39.717362],[27.242792,39.717139],[27.239846,39.715407],[27.239247,39.715311],[27.238757,39.715255],[27.238521,39.715186],[27.237557,39.714627],[27.23645,39.714559],[27.235726,39.715065],[27.235235,39.714842],[27.233983,39.714845],[27.233419,39.71451],[27.232727,39.713922],[27.232722,39.713956],[27.233084,39.715983],[27.232712,39.716808],[27.231296,39.718671],[27.231199,39.719129],[27.230726,39.719633],[27.229799,39.719803],[27.229939,39.72026],[27.22994,39.720656],[27.229585,39.720794],[27.229587,39.721359],[27.229806,39.722106],[27.230243,39.72273],[27.230779,39.723415],[27.230839,39.723827],[27.231,39.724589],[27.230725,39.725017],[27.230192,39.725308],[27.22958,39.725278],[27.229442,39.725492],[27.229325,39.725797],[27.229603,39.726208],[27.230712,39.726984],[27.231504,39.727638],[27.232,39.728308],[27.231981,39.728613],[27.231845,39.729224],[27.232222,39.729681],[27.232184,39.730169],[27.231989,39.730855],[27.232168,39.73148],[27.232763,39.731937],[27.23259,39.733432],[27.232177,39.733905],[27.232377,39.73485],[27.231771,39.73659],[27.232071,39.737856],[27.234966,39.741007],[27.235229,39.742806],[27.235786,39.743994],[27.235,39.745063],[27.235791,39.745458],[27.236057,39.748096],[27.235727,39.749653],[27.235097,39.75031],[27.235928,39.750933],[27.238798,39.752163],[27.239509,39.752283],[27.240204,39.753105],[27.24173,39.754505],[27.241751,39.754704],[27.242325,39.75519],[27.242405,39.755526],[27.243078,39.755829],[27.243277,39.755997],[27.243654,39.756636],[27.24425,39.757596],[27.244371,39.758206],[27.24412,39.759914],[27.244459,39.760615],[27.244583,39.762369],[27.244883,39.763238],[27.245298,39.763965],[27.246268,39.76378],[27.247263,39.764281],[27.246605,39.764871],[27.246786,39.765757],[27.247019,39.766626],[27.247723,39.766516],[27.248102,39.76691],[27.248392,39.767092],[27.250014,39.766837],[27.250966,39.767779],[27.250744,39.768019],[27.250701,39.768282],[27.250865,39.768545],[27.250873,39.768642],[27.250777,39.768751],[27.250355,39.768941],[27.252062,39.769555],[27.252497,39.769062],[27.254115,39.767783],[27.25419,39.767789],[27.254227,39.767857],[27.254138,39.767943],[27.254079,39.768052],[27.253888,39.768436],[27.25357,39.768597],[27.253467,39.768694],[27.253392,39.768666],[27.253193,39.768866],[27.253134,39.768952],[27.253135,39.769267],[27.253239,39.769398],[27.253345,39.769867],[27.252939,39.770268],[27.252651,39.770577],[27.252526,39.770858],[27.252556,39.770978],[27.252712,39.771201],[27.252943,39.771303],[27.253017,39.771257],[27.253218,39.771503],[27.253138,39.771915],[27.253301,39.772149],[27.25363,39.772794],[27.254009,39.772959],[27.254313,39.77321],[27.254485,39.773524],[27.25407,39.773491],[27.253573,39.773321],[27.253374,39.773813],[27.253857,39.773989],[27.253643,39.774287],[27.253628,39.774367],[27.25351,39.774367],[27.253503,39.774465],[27.253555,39.774716],[27.254283,39.774983],[27.254357,39.775126],[27.25481,39.775245],[27.254955,39.775382],[27.254877,39.775565],[27.254404,39.775978],[27.255016,39.775839],[27.255411,39.775777],[27.255314,39.77625],[27.255648,39.775822],[27.255687,39.775502],[27.256141,39.775501],[27.256992,39.775682],[27.257647,39.776443],[27.256996,39.776906],[27.257259,39.777212],[27.257526,39.777417],[27.257644,39.777448],[27.257807,39.777368],[27.257948,39.777256],[27.258062,39.777013],[27.258176,39.776932],[27.259004,39.777359],[27.25906,39.777428],[27.259057,39.777499],[27.258932,39.777737],[27.258798,39.777794],[27.258725,39.777906],[27.259315,39.778159],[27.259567,39.778116],[27.259785,39.778124],[27.259792,39.777975],[27.25946,39.777361],[27.259334,39.777224],[27.259178,39.777196],[27.259129,39.777087],[27.258776,39.776902],[27.258702,39.776885],[27.25849,39.776729],[27.25839,39.776569],[27.258423,39.776474],[27.258719,39.776445],[27.258994,39.776499],[27.259554,39.776769],[27.259811,39.77704],[27.260027,39.77734],[27.260422,39.777811],[27.260562,39.777773],[27.260614,39.77769],[27.260506,39.777482],[27.26046,39.77715],[27.260515,39.776904],[27.260721,39.776612],[27.261146,39.776245],[27.261374,39.775939],[27.261522,39.775775],[27.261763,39.775649],[27.262077,39.775588],[27.262572,39.77555],[27.262664,39.775549],[27.263157,39.775568],[27.263322,39.775595],[27.263389,39.775742],[27.263449,39.775832],[27.263699,39.776151],[27.263147,39.776586],[27.262884,39.776814],[27.262693,39.776884],[27.262513,39.777138],[27.262599,39.77728],[27.262886,39.777153],[27.263585,39.777044],[27.263613,39.777052],[27.264009,39.776909],[27.264204,39.776787],[27.264627,39.77662],[27.264462,39.776316],[27.264446,39.776312],[27.26438,39.776254],[27.264315,39.776221],[27.264218,39.776215],[27.264173,39.77621],[27.264083,39.776143],[27.264085,39.776098],[27.264152,39.776041],[27.264221,39.77602],[27.264387,39.77599],[27.264431,39.775957],[27.264478,39.77583],[27.264402,39.775771],[27.263983,39.775238],[27.264097,39.775035],[27.264215,39.774938],[27.264472,39.774774],[27.264864,39.774604],[27.265162,39.774497],[27.265284,39.774408],[27.265434,39.774222],[27.265579,39.773964],[27.265938,39.773679],[27.266148,39.773464],[27.266209,39.773314],[27.266387,39.77324],[27.266535,39.773138],[27.266686,39.772866],[27.266768,39.772764],[27.266793,39.772738],[27.266943,39.772721],[27.266988,39.77312],[27.267158,39.773101],[27.267449,39.773185],[27.267528,39.773216],[27.267589,39.773285],[27.26774,39.77332],[27.268107,39.773328],[27.268307,39.773337],[27.268449,39.773379],[27.268556,39.77342],[27.268721,39.773593],[27.268924,39.774002],[27.268949,39.774172],[27.269002,39.774256],[27.269167,39.774417],[27.269235,39.774523],[27.269463,39.774836],[27.269982,39.774733],[27.270183,39.774835],[27.270218,39.774868],[27.270226,39.774903],[27.270235,39.775013],[27.270308,39.775081],[27.27059,39.775288],[27.27181,39.774005],[27.271929,39.774086],[27.272009,39.774276],[27.27203,39.774487],[27.27198,39.774842],[27.272069,39.775033],[27.272181,39.775191],[27.272373,39.775453],[27.272573,39.775866],[27.272778,39.776333],[27.272807,39.776635],[27.272842,39.777023],[27.273013,39.777236],[27.273146,39.777418],[27.27346,39.777796],[27.273678,39.778023],[27.273772,39.778166],[27.274053,39.778385],[27.274471,39.778716],[27.274706,39.778932],[27.274829,39.779181],[27.274895,39.779383],[27.275085,39.779799],[27.275279,39.780003],[27.2754,39.780087],[27.27559,39.780127],[27.275701,39.780155],[27.275861,39.78022],[27.276004,39.780316],[27.276153,39.78048],[27.276524,39.78084],[27.276643,39.780942],[27.276857,39.781088],[27.277077,39.781231],[27.277238,39.781245],[27.277401,39.781295],[27.277813,39.781385],[27.278026,39.781498],[27.278296,39.781707],[27.278915,39.782006],[27.279329,39.78211],[27.279706,39.782233],[27.279895,39.782261],[27.2802,39.782241],[27.28067,39.782233],[27.281202,39.782401],[27.28187,39.782688],[27.281997,39.78274],[27.282424,39.783056],[27.282969,39.78325],[27.283815,39.783476],[27.28425,39.782869],[27.284565,39.782894],[27.284884,39.782973],[27.285036,39.782936],[27.28556,39.783197],[27.285712,39.783211],[27.285772,39.78344],[27.285773,39.78366],[27.285741,39.783892],[27.285812,39.784029],[27.285997,39.784149],[27.286161,39.784183],[27.286261,39.784262],[27.286647,39.784336],[27.28671,39.784327],[27.28714,39.784377],[27.287348,39.784448],[27.287678,39.784645],[27.288053,39.784775],[27.288124,39.784727],[27.288548,39.784342]]]}},{"type":"Feature","properties":{"id":"TR-Y-17-012-K-0026","level":"yerlesim","type":"mahalle","parent_id":"TR-D-17-012","province_id":"TR-P-17","district_id":"TR-D-17-012","name":"Darıalan","source_raw_name":"Darıalan","source":"Kullanıcı tarafından sağlanan KML","source_label":"Kullanıcı tarafından sağlanan KML","source_name":"Canakkale Mahalle KML - kullanici tarafindan saglandi"},"geometry":{"type":"Polygon","coordinates":[[[27.459377,39.838414],[27.459489,39.838405],[27.459809,39.838409],[27.459918,39.838402],[27.45997,39.838388],[27.460033,39.838357],[27.460113,39.838304],[27.460119,39.8383],[27.46012,39.8383],[27.460257,39.838215],[27.460323,39.838171],[27.460385,39.838101],[27.460475,39.838034],[27.460478,39.838032],[27.460481,39.83803],[27.460839,39.837843],[27.460993,39.837794],[27.461092,39.837771],[27.461223,39.83776],[27.461298,39.83777],[27.461429,39.837745],[27.461595,39.837716],[27.461814,39.837636],[27.461884,39.837586],[27.461887,39.837584],[27.46189,39.837582],[27.462047,39.837499],[27.462207,39.837417],[27.462317,39.837385],[27.462454,39.837364],[27.462667,39.837335],[27.462828,39.837335],[27.46297,39.837349],[27.463105,39.837345],[27.463275,39.837316],[27.463354,39.837313],[27.463473,39.837327],[27.463626,39.837394],[27.463705,39.837409],[27.463787,39.837407],[27.463895,39.837427],[27.464108,39.837487],[27.464209,39.837495],[27.464329,39.83747],[27.464563,39.837382],[27.464644,39.837341],[27.464769,39.83725],[27.464855,39.837214],[27.46496,39.837181],[27.464934,39.837093],[27.464834,39.836925],[27.46471,39.836622],[27.464608,39.836491],[27.464462,39.836274],[27.46443,39.836199],[27.464377,39.836034],[27.464365,39.835908],[27.464339,39.835826],[27.46429,39.83576],[27.464217,39.835715],[27.464155,39.8357],[27.46405,39.835731],[27.46392,39.835789],[27.463871,39.8358],[27.463834,39.835788],[27.463792,39.835748],[27.463761,39.835701],[27.463631,39.835473],[27.46358,39.835317],[27.463526,39.83511],[27.463495,39.835044],[27.463407,39.834867],[27.463349,39.834687],[27.463314,39.834564],[27.463255,39.83449],[27.463091,39.834355],[27.462884,39.834143],[27.46283,39.83406],[27.462823,39.83396],[27.46284,39.833894],[27.462898,39.833819],[27.46305,39.833642],[27.463111,39.833551],[27.463163,39.833448],[27.463162,39.833367],[27.463142,39.833213],[27.463094,39.833073],[27.463062,39.832907],[27.463063,39.832812],[27.463102,39.832724],[27.463118,39.832635],[27.463147,39.832501],[27.463154,39.832407],[27.463141,39.832299],[27.4631,39.832076],[27.463124,39.831961],[27.463212,39.831762],[27.463332,39.831572],[27.463365,39.831532],[27.463452,39.831426],[27.463521,39.831334],[27.463606,39.831237],[27.463706,39.831145],[27.463736,39.831083],[27.463799,39.830987],[27.463817,39.830944],[27.463854,39.830828],[27.463858,39.830738],[27.463852,39.83066],[27.463867,39.83049],[27.463916,39.830364],[27.46394,39.830281],[27.463952,39.830138],[27.46398,39.83004],[27.464022,39.829924],[27.464129,39.829746],[27.464187,39.829644],[27.464263,39.82952],[27.464392,39.829405],[27.46444,39.829378],[27.464441,39.829377],[27.464446,39.829374],[27.464517,39.829301],[27.464537,39.829236],[27.464575,39.82912],[27.4646,39.829027],[27.464648,39.828952],[27.464703,39.828878],[27.464784,39.828813],[27.464848,39.828787],[27.465068,39.828754],[27.465195,39.828752],[27.465402,39.828756],[27.465423,39.828738],[27.465434,39.82871],[27.465437,39.828667],[27.465408,39.828559],[27.465345,39.828392],[27.465322,39.828294],[27.465317,39.828215],[27.465326,39.82807],[27.465346,39.82796],[27.4654,39.827813],[27.465467,39.827651],[27.465518,39.827542],[27.465576,39.827448],[27.46566,39.827342],[27.465715,39.827275],[27.46579,39.827198],[27.465865,39.827149],[27.465931,39.827077],[27.46601,39.826994],[27.466123,39.826857],[27.466217,39.826774],[27.466468,39.826583],[27.466515,39.826527],[27.46653,39.826481],[27.466541,39.826281],[27.466564,39.826212],[27.46661,39.826147],[27.466678,39.826087],[27.466732,39.826016],[27.466772,39.825844],[27.466848,39.825604],[27.466884,39.825455],[27.466949,39.825311],[27.466982,39.825221],[27.467063,39.825093],[27.467177,39.824914],[27.467233,39.824758],[27.467283,39.82464],[27.467313,39.824537],[27.467337,39.824391],[27.467347,39.824317],[27.46735,39.824149],[27.467368,39.824044],[27.467389,39.823988],[27.467413,39.823939],[27.467424,39.823892],[27.467466,39.823834],[27.467537,39.823746],[27.467562,39.823707],[27.467607,39.823569],[27.467669,39.823453],[27.467742,39.823396],[27.467832,39.823358],[27.46797,39.823296],[27.468074,39.823265],[27.468164,39.823235],[27.468272,39.82318],[27.468344,39.82311],[27.468418,39.823],[27.468447,39.822943],[27.468468,39.822814],[27.468496,39.822726],[27.468594,39.822632],[27.468704,39.822551],[27.46871,39.822547],[27.468852,39.822458],[27.468954,39.822398],[27.469037,39.822377],[27.469169,39.822338],[27.469303,39.822273],[27.469462,39.822202],[27.469528,39.822163],[27.469604,39.822102],[27.469679,39.822031],[27.46975,39.821956],[27.469845,39.821877],[27.469967,39.821796],[27.470049,39.821697],[27.470161,39.821591],[27.470238,39.821503],[27.470273,39.821446],[27.470291,39.821353],[27.470321,39.821263],[27.470372,39.821175],[27.470458,39.821091],[27.47053,39.821033],[27.470576,39.820979],[27.470615,39.820916],[27.470669,39.820819],[27.470692,39.820669],[27.470687,39.820593],[27.470656,39.820507],[27.470628,39.820453],[27.470578,39.820394],[27.470512,39.820326],[27.470405,39.820255],[27.470368,39.820197],[27.470346,39.820137],[27.470356,39.820059],[27.470406,39.819993],[27.470453,39.819946],[27.470483,39.819879],[27.4705,39.819851],[27.470516,39.819746],[27.470517,39.819709],[27.470495,39.819642],[27.470382,39.819494],[27.470199,39.81933],[27.470148,39.819267],[27.470082,39.819159],[27.470064,39.819059],[27.470032,39.819004],[27.469952,39.818925],[27.469889,39.818869],[27.46986,39.818835],[27.46985,39.818774],[27.469854,39.818723],[27.469889,39.818687],[27.469941,39.818637],[27.469986,39.818554],[27.470007,39.818505],[27.470011,39.818406],[27.469986,39.818246],[27.469983,39.818102],[27.469997,39.817974],[27.470008,39.817822],[27.470035,39.81777],[27.470064,39.817636],[27.47009,39.817501],[27.470114,39.817351],[27.470145,39.817265],[27.470198,39.817158],[27.470264,39.816989],[27.470288,39.816896],[27.470327,39.816795],[27.470375,39.816621],[27.470404,39.816476],[27.470446,39.816278],[27.470477,39.816159],[27.470511,39.816075],[27.470566,39.815977],[27.470661,39.815853],[27.470738,39.815769],[27.470814,39.815709],[27.470914,39.815619],[27.47097,39.815589],[27.471074,39.815499],[27.471242,39.815342],[27.471311,39.81526],[27.47137,39.815162],[27.471392,39.815085],[27.471429,39.814986],[27.471459,39.814912],[27.47154,39.814798],[27.471562,39.814738],[27.471589,39.814657],[27.471585,39.814622],[27.471603,39.814501],[27.471608,39.814435],[27.47164,39.814242],[27.471666,39.814133],[27.471725,39.813952],[27.471756,39.813832],[27.471772,39.813706],[27.471835,39.813566],[27.47193,39.813425],[27.472004,39.813317],[27.472053,39.81322],[27.472068,39.813065],[27.472069,39.813041],[27.471974,39.812977],[27.471382,39.812722],[27.470877,39.812498],[27.470719,39.812448],[27.470416,39.812393],[27.470051,39.812382],[27.469585,39.812372],[27.469301,39.812438],[27.469162,39.812481],[27.469036,39.812579],[27.468885,39.812644],[27.468762,39.812659],[27.468374,39.812527],[27.468229,39.812473],[27.468024,39.812366],[27.467931,39.812329],[27.467708,39.812287],[27.467363,39.81237],[27.46723,39.812415],[27.4671,39.812378],[27.46687,39.812396],[27.466556,39.812486],[27.465859,39.812503],[27.465743,39.812458],[27.465024,39.812498],[27.464456,39.812403],[27.463746,39.812106],[27.463352,39.811964],[27.463086,39.812011],[27.46267,39.811907],[27.462146,39.811763],[27.461167,39.811724],[27.460826,39.811774],[27.460332,39.811739],[27.459813,39.811615],[27.459522,39.811488],[27.459152,39.811475],[27.458929,39.81139],[27.458661,39.811262],[27.4583,39.811055],[27.458106,39.810981],[27.456936,39.810689],[27.454935,39.810176],[27.452688,39.809593],[27.450373,39.808953],[27.448233,39.808241],[27.446178,39.807565],[27.443641,39.806728],[27.442259,39.806282],[27.442036,39.806274],[27.441734,39.806021],[27.441555,39.80585],[27.441306,39.805751],[27.441212,39.805514],[27.440869,39.805269],[27.44066,39.805075],[27.440184,39.804723],[27.440035,39.804712],[27.439968,39.804646],[27.439854,39.804246],[27.439515,39.80389],[27.439561,39.801294],[27.439641,39.798685],[27.439592,39.798669],[27.437715,39.798036],[27.435015,39.797131],[27.433252,39.796535],[27.429829,39.795355],[27.428972,39.795079],[27.428785,39.795149],[27.428512,39.795051],[27.42834,39.795093],[27.428092,39.795003],[27.4278,39.795011],[27.427633,39.795084],[27.42747,39.795096],[27.426642,39.794657],[27.425788,39.792445],[27.425184,39.791471],[27.424137,39.789654],[27.422741,39.789726],[27.421253,39.789779],[27.419703,39.789894],[27.417936,39.789939],[27.415339,39.789557],[27.414628,39.789431],[27.411441,39.788604],[27.411296,39.790206],[27.411057,39.792618],[27.412173,39.794235],[27.413644,39.796341],[27.414559,39.797567],[27.414842,39.798367],[27.414713,39.798505],[27.414696,39.798663],[27.414828,39.799134],[27.414971,39.799205],[27.415151,39.799343],[27.415154,39.799843],[27.415241,39.799981],[27.41554,39.800309],[27.415732,39.800522],[27.415684,39.800666],[27.415685,39.800785],[27.415779,39.801042],[27.415774,39.801275],[27.415296,39.801882],[27.41457,39.802462],[27.414368,39.802682],[27.414357,39.802953],[27.414074,39.803173],[27.413448,39.803848],[27.412378,39.803794],[27.411462,39.803435],[27.407959,39.804882],[27.408341,39.804972],[27.408571,39.805],[27.409134,39.804978],[27.409476,39.80498],[27.40981,39.80511],[27.410055,39.805235],[27.41029,39.80548],[27.41037,39.805694],[27.410413,39.806135],[27.410379,39.806578],[27.410264,39.80667],[27.410206,39.806799],[27.410284,39.806864],[27.410444,39.806978],[27.410639,39.807389],[27.410773,39.807472],[27.411031,39.807828],[27.411072,39.808411],[27.41101,39.80856],[27.410643,39.808693],[27.410158,39.808786],[27.409669,39.808771],[27.409724,39.809374],[27.409599,39.809566],[27.409174,39.809851],[27.408937,39.809906],[27.408704,39.809895],[27.408314,39.809768],[27.408392,39.809876],[27.408474,39.809928],[27.408709,39.810064],[27.408683,39.810147],[27.408602,39.810305],[27.408621,39.810387],[27.408677,39.810459],[27.408764,39.81065],[27.408765,39.810833],[27.408726,39.81111],[27.408667,39.811245],[27.408583,39.811328],[27.408461,39.8114],[27.408087,39.811527],[27.40779,39.811543],[27.407457,39.81157],[27.407121,39.811794],[27.406902,39.811889],[27.406669,39.811861],[27.406524,39.811822],[27.406308,39.811694],[27.40629,39.811737],[27.406299,39.811977],[27.406447,39.812079],[27.406687,39.812376],[27.406755,39.812599],[27.406764,39.812882],[27.406743,39.813151],[27.40654,39.813377],[27.406237,39.813564],[27.405836,39.813468],[27.405469,39.813381],[27.405168,39.813302],[27.404534,39.812672],[27.404407,39.812467],[27.40392,39.812217],[27.403909,39.812254],[27.404357,39.812882],[27.404689,39.813258],[27.405357,39.813968],[27.405797,39.814312],[27.405876,39.814549],[27.405792,39.81475],[27.405623,39.814947],[27.405327,39.815066],[27.404923,39.815116],[27.404622,39.815111],[27.403609,39.814892],[27.403386,39.814867],[27.403108,39.814822],[27.402019,39.814371],[27.401611,39.814312],[27.401611,39.814381],[27.40169,39.814604],[27.401847,39.81484],[27.401959,39.814969],[27.402213,39.815225],[27.402399,39.815328],[27.402666,39.815418],[27.403231,39.815571],[27.403487,39.815653],[27.403677,39.815806],[27.403734,39.815952],[27.403709,39.816232],[27.402832,39.816493],[27.402743,39.816487],[27.402383,39.816426],[27.402053,39.816458],[27.401331,39.816572],[27.40093,39.816551],[27.400583,39.817464],[27.400548,39.817787],[27.400268,39.818092],[27.399498,39.818412],[27.399028,39.818427],[27.399242,39.818979],[27.399461,39.81957],[27.399562,39.819867],[27.399465,39.820385],[27.39929,39.820831],[27.399332,39.821063],[27.399456,39.821246],[27.399497,39.821411],[27.399591,39.821588],[27.39963,39.821891],[27.399772,39.822122],[27.400112,39.822481],[27.400556,39.822995],[27.40059,39.82314],[27.400539,39.823235],[27.40011,39.823402],[27.399455,39.82365],[27.399078,39.823909],[27.399238,39.824049],[27.399617,39.824139],[27.399721,39.824216],[27.399722,39.82433],[27.399682,39.824436],[27.399493,39.824525],[27.399386,39.82462],[27.399365,39.824817],[27.399281,39.825092],[27.399171,39.825344],[27.398935,39.825448],[27.398895,39.8256],[27.398796,39.825863],[27.398612,39.826035],[27.398232,39.826365],[27.398201,39.82678],[27.398332,39.827034],[27.398344,39.827129],[27.398211,39.827243],[27.397941,39.827364],[27.397459,39.827506],[27.397204,39.827656],[27.397072,39.827894],[27.396925,39.828023],[27.396714,39.828078],[27.395972,39.828118],[27.395574,39.827907],[27.39438,39.827997],[27.394138,39.827786],[27.394024,39.827944],[27.39388,39.828099],[27.393566,39.828283],[27.393379,39.828661],[27.393414,39.828998],[27.393618,39.829641],[27.394215,39.830222],[27.394416,39.830399],[27.395095,39.830982],[27.395141,39.830959],[27.395416,39.830922],[27.395651,39.830955],[27.395909,39.83107],[27.396309,39.831429],[27.396561,39.831716],[27.396762,39.832278],[27.396912,39.832502],[27.397248,39.832817],[27.397393,39.832898],[27.397533,39.833012],[27.397534,39.833152],[27.397419,39.833424],[27.401143,39.831015],[27.404153,39.829128],[27.405957,39.828077],[27.407815,39.826999],[27.409158,39.826766],[27.412551,39.826064],[27.417562,39.826248],[27.420559,39.826348],[27.421634,39.827591],[27.421776,39.829687],[27.422914,39.828981],[27.423679,39.8287],[27.424568,39.82864],[27.425954,39.828829],[27.427376,39.829228],[27.428546,39.829777],[27.428949,39.830107],[27.429224,39.830655],[27.429553,39.831744],[27.429553,39.832655],[27.429654,39.832899],[27.430066,39.83318],[27.430522,39.833388],[27.430813,39.833261],[27.431227,39.832988],[27.43171,39.832754],[27.43198,39.832357],[27.432201,39.832207],[27.433085,39.831929],[27.433972,39.831453],[27.434283,39.831406],[27.434845,39.831152],[27.435372,39.830742],[27.436765,39.83047],[27.437131,39.830526],[27.438253,39.830533],[27.439164,39.830614],[27.439907,39.830802],[27.440016,39.830809],[27.440416,39.830819],[27.441095,39.830995],[27.441688,39.830985],[27.442306,39.830865],[27.442449,39.8308],[27.442574,39.830338],[27.442683,39.830288],[27.442875,39.830211],[27.443118,39.830259],[27.44404,39.83063],[27.444417,39.830834],[27.444547,39.831005],[27.444636,39.831031],[27.444854,39.831076],[27.445101,39.831022],[27.445393,39.831051],[27.44575,39.831191],[27.445898,39.831179],[27.4465,39.830986],[27.446673,39.831035],[27.447011,39.831236],[27.447477,39.831455],[27.447825,39.831675],[27.448105,39.832128],[27.448299,39.832314],[27.448507,39.832442],[27.448825,39.83262],[27.448777,39.832888],[27.448887,39.832967],[27.449392,39.833144],[27.449648,39.833647],[27.449763,39.833856],[27.450027,39.834145],[27.449885,39.834458],[27.449679,39.834596],[27.448502,39.835069],[27.448103,39.835345],[27.447912,39.835712],[27.447801,39.836787],[27.447877,39.837141],[27.448481,39.838718],[27.457084,39.842009],[27.456825,39.840373],[27.456809,39.840251],[27.456814,39.840166],[27.456805,39.840108],[27.456813,39.840025],[27.456807,39.83993],[27.45682,39.839864],[27.456871,39.839856],[27.45696,39.839803],[27.457048,39.839731],[27.45715,39.839603],[27.45728,39.839457],[27.457372,39.839378],[27.457465,39.839332],[27.457555,39.839309],[27.457716,39.839276],[27.457835,39.83925],[27.458051,39.839156],[27.458277,39.839084],[27.458384,39.839054],[27.458592,39.838957],[27.458648,39.838926],[27.458823,39.838806],[27.459016,39.838736],[27.459071,39.838694],[27.459161,39.838604],[27.459267,39.838471],[27.459319,39.83843],[27.459321,39.838429],[27.459325,39.838426],[27.459377,39.838414]]]}},{"type":"Feature","properties":{"id":"TR-Y-17-012-K-0027","level":"yerlesim","type":"mahalle","parent_id":"TR-D-17-012","province_id":"TR-P-17","district_id":"TR-D-17-012","name":"Davutköy","source_raw_name":"Davutköy","source":"Kullanıcı tarafından sağlanan KML","source_label":"Kullanıcı tarafından sağlanan KML","source_name":"Canakkale Mahalle KML - kullanici tarafindan saglandi"},"geometry":{"type":"Polygon","coordinates":[[[27.25139,39.99537],[27.25197,39.994073],[27.252276,39.9935],[27.252601,39.993019],[27.251689,39.993038],[27.252078,39.992532],[27.252003,39.992447],[27.251904,39.992399],[27.251847,39.992109],[27.251717,39.992085],[27.251661,39.992023],[27.251704,39.991866],[27.252284,39.991312],[27.252196,39.991002],[27.251804,39.990417],[27.25171,39.990093],[27.25216,39.989639],[27.252717,39.989419],[27.253428,39.988864],[27.252508,39.988185],[27.252421,39.988028],[27.25224,39.987828],[27.251986,39.987748],[27.252127,39.987318],[27.252107,39.986994],[27.25202,39.986842],[27.251759,39.986561],[27.251089,39.986444],[27.250742,39.986344],[27.250785,39.986201],[27.251262,39.986167],[27.251373,39.98609],[27.25154,39.986009],[27.251855,39.98587],[27.25191,39.985698],[27.252083,39.985541],[27.252294,39.985488],[27.252411,39.985354],[27.252373,39.98523],[27.252468,39.985192],[27.252376,39.985125],[27.25217,39.984969],[27.252018,39.9848],[27.251826,39.984541],[27.251537,39.984116],[27.252687,39.983071],[27.252952,39.982513],[27.253026,39.982508],[27.253402,39.982002],[27.253327,39.981883],[27.253315,39.981768],[27.253023,39.981612],[27.252829,39.981193],[27.251942,39.980875],[27.25139,39.980591],[27.251723,39.980232],[27.250705,39.979682],[27.251503,39.978656],[27.25106,39.978409],[27.25027,39.977643],[27.250807,39.977203],[27.251438,39.976826],[27.249946,39.975394],[27.247165,39.975605],[27.245727,39.975165],[27.246108,39.974468],[27.245624,39.974174],[27.244811,39.973751],[27.244494,39.973538],[27.243799,39.972977],[27.243086,39.972964],[27.242695,39.972703],[27.242384,39.972422],[27.241708,39.972233],[27.240706,39.972654],[27.240501,39.972369],[27.240432,39.972007],[27.240325,39.971683],[27.240195,39.971559],[27.240063,39.971183],[27.23992,39.970955],[27.239858,39.971026],[27.239797,39.971146],[27.239305,39.97229],[27.238975,39.971791],[27.239018,39.971528],[27.238899,39.971333],[27.238892,39.971028],[27.238352,39.97061],[27.238221,39.970439],[27.238301,39.970143],[27.238121,39.970015],[27.237905,39.970339],[27.237577,39.97043],[27.23662,39.969713],[27.236137,39.969642],[27.236037,39.969438],[27.236135,39.969056],[27.235738,39.968804],[27.234976,39.968687],[27.235142,39.968577],[27.234125,39.968117],[27.234186,39.967716],[27.233755,39.96673],[27.233512,39.966378],[27.233153,39.96636],[27.232768,39.966242],[27.232712,39.966123],[27.232482,39.965904],[27.232796,39.965393],[27.233284,39.964763],[27.233585,39.964114],[27.233658,39.963885],[27.233329,39.9634],[27.233395,39.963023],[27.233525,39.962818],[27.233499,39.962609],[27.233874,39.961698],[27.233346,39.961222],[27.232142,39.960481],[27.226297,39.958915],[27.226116,39.958482],[27.226292,39.957542],[27.225623,39.957358],[27.224113,39.95789],[27.223629,39.957605],[27.223194,39.957039],[27.222815,39.956734],[27.222578,39.956077],[27.221393,39.955398],[27.220677,39.956186],[27.221354,39.956685],[27.220459,39.957616],[27.22033,39.958102],[27.222221,39.95867],[27.222649,39.958989],[27.223053,39.959517],[27.22288,39.959641],[27.222398,39.959742],[27.22225,39.960105],[27.221268,39.960774],[27.220199,39.961681],[27.218711,39.961108],[27.218013,39.961752],[27.218001,39.961876],[27.218001,39.961938],[27.218392,39.962061],[27.217334,39.962573],[27.217007,39.962703],[27.217119,39.962964],[27.217027,39.963246],[27.216903,39.963303],[27.216364,39.963114],[27.215776,39.963205],[27.215715,39.963639],[27.215585,39.963654],[27.216114,39.964544],[27.216536,39.964753],[27.216327,39.965254],[27.216036,39.96523],[27.215635,39.965674],[27.21545,39.965999],[27.21498,39.9663],[27.214838,39.966529],[27.214375,39.96682],[27.214102,39.966706],[27.213898,39.966688],[27.213706,39.966769],[27.213551,39.966798],[27.213415,39.966732],[27.212988,39.96688],[27.21287,39.967023],[27.212889,39.967171],[27.212828,39.967295],[27.212506,39.967348],[27.212048,39.967478],[27.211769,39.967407],[27.211676,39.967473],[27.211703,39.967969],[27.211759,39.968098],[27.212001,39.96815],[27.212038,39.968369],[27.212263,39.968745],[27.21287,39.968925],[27.213113,39.969301],[27.213114,39.969706],[27.212953,39.969787],[27.212879,39.969954],[27.213196,39.970101],[27.213153,39.970235],[27.212925,39.970598],[27.212938,39.970883],[27.21323,39.971121],[27.213695,39.971392],[27.213894,39.971625],[27.214341,39.97182],[27.214757,39.972229],[27.214893,39.972933],[27.215384,39.973294],[27.216648,39.97547],[27.21707,39.975621],[27.21725,39.975883],[27.217291,39.976903],[27.217943,39.977655],[27.218187,39.978321],[27.217903,39.978546],[27.217333,39.978518],[27.217297,39.978881],[27.218165,39.978993],[27.218926,39.978878],[27.219228,39.980173],[27.219452,39.980664],[27.219453,39.980897],[27.222538,39.981011],[27.222447,39.981387],[27.222015,39.981998],[27.222456,39.982283],[27.221647,39.98299],[27.221567,39.983133],[27.221593,39.983591],[27.221655,39.9837],[27.221965,39.983857],[27.223062,39.983883],[27.22333,39.984298],[27.223164,39.984689],[27.223796,39.984807],[27.223873,39.985631],[27.226038,39.986442],[27.22661,39.985316],[27.227008,39.985491],[27.22764,39.9855],[27.228881,39.986322],[27.230322,39.987253],[27.230609,39.987781],[27.232104,39.988493],[27.231727,39.988789],[27.232268,39.989165],[27.23364,39.98829],[27.233745,39.988309],[27.234302,39.9881],[27.234647,39.989084],[27.234755,39.989442],[27.234833,39.989838],[27.234863,39.989968],[27.234835,39.989975],[27.234359,39.99008],[27.232769,39.991013],[27.233111,39.991246],[27.233019,39.991427],[27.232691,39.991585],[27.232381,39.991586],[27.232288,39.991619],[27.23217,39.991505],[27.232003,39.991496],[27.231872,39.991387],[27.231649,39.99133],[27.231464,39.99143],[27.230956,39.991593],[27.230696,39.991694],[27.230157,39.99169],[27.229823,39.99181],[27.229854,39.991886],[27.2296,39.991844],[27.229043,39.992169],[27.228624,39.992661],[27.227788,39.993005],[27.227994,39.993477],[27.227927,39.99361],[27.227537,39.993964],[27.227233,39.993664],[27.227095,39.993183],[27.226897,39.99325],[27.226472,39.993918],[27.225766,39.99421],[27.225736,39.994554],[27.226047,39.994796],[27.226097,39.995015],[27.226247,39.995325],[27.226532,39.995396],[27.226867,39.99549],[27.22706,39.995685],[27.228019,39.995355],[27.22836,39.995449],[27.228912,39.995515],[27.229538,39.995576],[27.230112,39.995724],[27.230217,39.996061],[27.230722,39.995763],[27.23099,39.995791],[27.231346,39.995573],[27.231756,39.995784],[27.231979,39.995732],[27.232196,39.995809],[27.232227,39.996223],[27.233075,39.996141],[27.23403,39.995919],[27.234334,39.995819],[27.234464,39.995747],[27.235449,39.995745],[27.235635,39.995647],[27.235756,39.995361],[27.236377,39.995274],[27.236835,39.995482],[27.237605,39.995715],[27.237418,39.996401],[27.237805,39.996381],[27.237849,39.996289],[27.238244,39.996451],[27.238441,39.996494],[27.238914,39.996807],[27.239014,39.996767],[27.239162,39.996561],[27.23936,39.99672],[27.239146,39.997121],[27.239317,39.997241],[27.239626,39.997355],[27.239947,39.99758],[27.240106,39.997545],[27.240012,39.997237],[27.240361,39.996936],[27.24081,39.996746],[27.241041,39.996791],[27.241112,39.997017],[27.241261,39.996906],[27.242227,39.996599],[27.242459,39.996392],[27.242621,39.996007],[27.243357,39.995338],[27.243516,39.995403],[27.243759,39.995375],[27.244131,39.995371],[27.244489,39.995683],[27.244559,39.995831],[27.244619,39.996155],[27.244971,39.99599],[27.246157,39.995134],[27.246414,39.994969],[27.246758,39.994115],[27.247995,39.994878],[27.248833,39.99562],[27.249331,39.996252],[27.249939,39.997089],[27.250249,39.997874],[27.250341,39.998499],[27.25071,39.998994],[27.250888,39.9991],[27.251186,39.9991],[27.252404,39.99867],[27.253057,39.998463],[27.253275,39.998241],[27.252915,39.997426],[27.252742,39.996336],[27.252285,39.99591],[27.25139,39.99537]]]}},{"type":"Feature","properties":{"id":"TR-Y-17-012-K-0028","level":"yerlesim","type":"mahalle","parent_id":"TR-D-17-012","province_id":"TR-P-17","district_id":"TR-D-17-012","name":"Engeci","source_raw_name":"Engeci","source":"Kullanıcı tarafından sağlanan KML","source_label":"Kullanıcı tarafından sağlanan KML","source_name":"Canakkale Mahalle KML - kullanici tarafindan saglandi"},"geometry":{"type":"Polygon","coordinates":[[[27.321663,39.874987],[27.323879,39.872614],[27.325361,39.872153],[27.32669,39.870662],[27.327198,39.868201],[27.330584,39.867671],[27.330648,39.867745],[27.330976,39.868036],[27.331162,39.868116],[27.331266,39.868118],[27.331889,39.868142],[27.332093,39.868193],[27.332109,39.868159],[27.332338,39.867752],[27.332847,39.867193],[27.332958,39.867001],[27.332901,39.866859],[27.333043,39.866218],[27.333168,39.86598],[27.333011,39.86586],[27.33311,39.86556],[27.333214,39.864842],[27.333343,39.864644],[27.333924,39.864951],[27.334416,39.86469],[27.334615,39.864409],[27.334755,39.864242],[27.335195,39.863821],[27.33535,39.863766],[27.335606,39.863728],[27.33558,39.863665],[27.335808,39.863362],[27.336152,39.863132],[27.337047,39.862426],[27.337424,39.862116],[27.337571,39.861895],[27.337812,39.861912],[27.338213,39.861959],[27.338373,39.861899],[27.338506,39.86183],[27.338694,39.861549],[27.338667,39.861452],[27.338692,39.861249],[27.339184,39.861613],[27.339258,39.861593],[27.339519,39.861778],[27.339877,39.862149],[27.340066,39.862241],[27.340578,39.862585],[27.340782,39.862434],[27.341142,39.862218],[27.341212,39.862554],[27.34134,39.86273],[27.341448,39.862687],[27.341624,39.862677],[27.341849,39.862521],[27.342031,39.862518],[27.342408,39.86231],[27.342473,39.86241],[27.342684,39.862659],[27.342915,39.862961],[27.343045,39.863018],[27.343187,39.863025],[27.34328,39.86296],[27.34323,39.862865],[27.343393,39.862712],[27.343762,39.862354],[27.34411,39.862045],[27.344147,39.862095],[27.344195,39.862262],[27.34426,39.862402],[27.344438,39.862633],[27.344466,39.86279],[27.344514,39.862891],[27.344735,39.862701],[27.34495,39.862553],[27.345167,39.862554],[27.345588,39.862625],[27.346167,39.862859],[27.346561,39.863005],[27.346715,39.862876],[27.34706,39.862625],[27.347377,39.862915],[27.347614,39.862742],[27.348021,39.862482],[27.348102,39.862569],[27.348331,39.862724],[27.348551,39.86284],[27.348688,39.862913],[27.348942,39.863134],[27.349165,39.863057],[27.349277,39.863063],[27.349325,39.863212],[27.349484,39.863413],[27.349817,39.863786],[27.350025,39.864],[27.350265,39.86438],[27.350388,39.864594],[27.350543,39.86451],[27.350841,39.864379],[27.351005,39.864349],[27.351131,39.864349],[27.351431,39.86446],[27.351667,39.864495],[27.351841,39.864511],[27.352073,39.864581],[27.352231,39.864609],[27.352384,39.864619],[27.352573,39.864508],[27.352826,39.864292],[27.353211,39.864106],[27.353588,39.864014],[27.353897,39.863932],[27.354546,39.863605],[27.35477,39.863443],[27.354946,39.863285],[27.355222,39.863183],[27.355415,39.86317],[27.355579,39.863167],[27.35572,39.86311],[27.355913,39.863026],[27.356105,39.862979],[27.356384,39.862949],[27.356555,39.862989],[27.356703,39.863027],[27.356805,39.863015],[27.357003,39.863043],[27.357195,39.863133],[27.357573,39.863272],[27.357744,39.863272],[27.357954,39.863264],[27.358129,39.8633],[27.35829,39.86324],[27.358567,39.863003],[27.359086,39.863294],[27.359276,39.863551],[27.35992,39.863172],[27.360075,39.863391],[27.360538,39.86317],[27.361112,39.863045],[27.361019,39.862768],[27.361096,39.862687],[27.361039,39.862446],[27.361109,39.862284],[27.361338,39.862255],[27.361616,39.862352],[27.361932,39.862348],[27.362024,39.862312],[27.362454,39.862366],[27.362664,39.862325],[27.363069,39.862302],[27.36332,39.862349],[27.363332,39.862327],[27.363633,39.862546],[27.364,39.862914],[27.364256,39.862803],[27.364682,39.86254],[27.364966,39.862518],[27.365344,39.862605],[27.365474,39.862671],[27.366118,39.862725],[27.365712,39.862296],[27.36545,39.861711],[27.365505,39.860476],[27.365797,39.859627],[27.365856,39.859036],[27.365679,39.858297],[27.36542,39.857274],[27.365239,39.856912],[27.365003,39.856713],[27.364674,39.856628],[27.364173,39.856544],[27.363733,39.856392],[27.3631,39.856013],[27.362531,39.855834],[27.361659,39.855827],[27.360806,39.855949],[27.360123,39.856227],[27.359512,39.856584],[27.358707,39.85683],[27.357841,39.856894],[27.356979,39.856656],[27.356244,39.856098],[27.355821,39.855612],[27.355371,39.854717],[27.355034,39.854049],[27.354913,39.853666],[27.354978,39.853265],[27.355073,39.852905],[27.354749,39.851911],[27.354643,39.851597],[27.354641,39.851133],[27.354481,39.850367],[27.354099,39.849722],[27.353607,39.849158],[27.352657,39.847828],[27.352284,39.847366],[27.352007,39.846835],[27.351761,39.846698],[27.350625,39.846444],[27.348991,39.846055],[27.347258,39.845214],[27.346862,39.844809],[27.345848,39.843731],[27.345391,39.842937],[27.344993,39.841943],[27.344516,39.841424],[27.343867,39.840849],[27.343584,39.840581],[27.343079,39.840462],[27.342413,39.840276],[27.341908,39.84019],[27.34115,39.839924],[27.340988,39.839829],[27.339272,39.839264],[27.339051,39.838964],[27.3388,39.839096],[27.338868,39.839336],[27.338931,39.839411],[27.338535,39.839632],[27.338424,39.839695],[27.33834,39.839821],[27.338177,39.839896],[27.337724,39.8399],[27.337569,39.839944],[27.337217,39.840148],[27.336577,39.84049],[27.336047,39.840609],[27.335643,39.84063],[27.335826,39.842354],[27.336008,39.843966],[27.335453,39.844139],[27.335197,39.844208],[27.334755,39.844044],[27.334263,39.843562],[27.333934,39.843082],[27.333303,39.843822],[27.331349,39.843141],[27.331257,39.84331],[27.330547,39.843106],[27.330247,39.843127],[27.330138,39.843605],[27.330247,39.843919],[27.330191,39.843968],[27.329906,39.843923],[27.329697,39.843784],[27.329544,39.843613],[27.329318,39.843522],[27.328809,39.844189],[27.328757,39.844127],[27.328722,39.843967],[27.32867,39.843907],[27.328451,39.84377],[27.328246,39.843533],[27.328193,39.843511],[27.327887,39.843709],[27.327461,39.844005],[27.327399,39.844079],[27.327153,39.844023],[27.326928,39.844209],[27.326606,39.844339],[27.326275,39.844065],[27.326272,39.84434],[27.326146,39.844377],[27.325939,39.844561],[27.32591,39.844578],[27.325638,39.84445],[27.325534,39.844405],[27.325252,39.84442],[27.324948,39.844469],[27.324833,39.844344],[27.32454,39.844379],[27.324332,39.844445],[27.324025,39.844618],[27.323677,39.844684],[27.323555,39.844753],[27.323244,39.844826],[27.323177,39.844877],[27.322822,39.845004],[27.322637,39.845156],[27.322147,39.84512],[27.321994,39.845026],[27.32183,39.84481],[27.321447,39.844576],[27.321387,39.844531],[27.321205,39.844502],[27.321068,39.844546],[27.320679,39.844495],[27.320467,39.84441],[27.320444,39.844327],[27.320444,39.844253],[27.320325,39.844222],[27.320251,39.844233],[27.320034,39.84417],[27.319801,39.843965],[27.319572,39.843775],[27.319358,39.843387],[27.319105,39.843261],[27.318986,39.843201],[27.318902,39.843254],[27.318786,39.843705],[27.318432,39.844358],[27.318477,39.844468],[27.318766,39.844795],[27.318756,39.844845],[27.31899,39.845092],[27.319163,39.845152],[27.318708,39.845215],[27.318436,39.845189],[27.318017,39.845365],[27.317848,39.845339],[27.317744,39.84529],[27.317485,39.845353],[27.317414,39.845248],[27.317007,39.844991],[27.316724,39.844751],[27.316019,39.844759],[27.315492,39.844629],[27.315194,39.844509],[27.314005,39.844015],[27.313073,39.842942],[27.31144,39.84122],[27.309267,39.841454],[27.305792,39.841881],[27.304531,39.842056],[27.298558,39.8419],[27.302357,39.853728],[27.302971,39.855516],[27.30266,39.857158],[27.302604,39.858492],[27.302579,39.859755],[27.302679,39.86109],[27.301618,39.862909],[27.298992,39.864861],[27.2971,39.865009],[27.293473,39.867277],[27.291773,39.868882],[27.291098,39.870387],[27.290895,39.871916],[27.290432,39.872728],[27.288971,39.873265],[27.288605,39.873584],[27.28816,39.873686],[27.28722,39.873867],[27.286331,39.874199],[27.284331,39.874786],[27.288198,39.874569],[27.292622,39.874603],[27.29618,39.874633],[27.298615,39.874634],[27.3004,39.874458],[27.302626,39.874216],[27.30405,39.874052],[27.30604,39.874058],[27.308692,39.874089],[27.310815,39.874087],[27.312864,39.874101],[27.314373,39.874111],[27.321663,39.874987]]]}},{"type":"Feature","properties":{"id":"TR-Y-17-012-K-0029","level":"yerlesim","type":"mahalle","parent_id":"TR-D-17-012","province_id":"TR-P-17","district_id":"TR-D-17-012","name":"Gümüşler","source_raw_name":"Gümüşler","source":"Kullanıcı tarafından sağlanan KML","source_label":"Kullanıcı tarafından sağlanan KML","source_name":"Canakkale Mahalle KML - kullanici tarafindan saglandi"},"geometry":{"type":"Polygon","coordinates":[[[27.365672,39.935212],[27.366416,39.934463],[27.366565,39.934539],[27.366921,39.934447],[27.367257,39.934392],[27.367773,39.934505],[27.36805,39.934519],[27.368446,39.934388],[27.368861,39.93428],[27.369297,39.934332],[27.369465,39.934286],[27.369603,39.934003],[27.369907,39.933438],[27.370192,39.933079],[27.37032,39.932995],[27.370597,39.932902],[27.370934,39.932886],[27.371428,39.932732],[27.371606,39.932716],[27.371894,39.932723],[27.37219,39.932638],[27.372338,39.932363],[27.372515,39.932141],[27.372821,39.932049],[27.373456,39.932146],[27.373852,39.93219],[27.374356,39.932028],[27.374742,39.931844],[27.375019,39.931775],[27.375841,39.931803],[27.376197,39.931817],[27.376504,39.931732],[27.376971,39.932051],[27.377468,39.932346],[27.377935,39.932589],[27.377935,39.932589],[27.377936,39.932589],[27.378055,39.932718],[27.378282,39.93271],[27.37852,39.932594],[27.378757,39.932548],[27.379203,39.932661],[27.379401,39.932653],[27.379628,39.932415],[27.379864,39.932209],[27.380161,39.932101],[27.380715,39.932],[27.38116,39.931816],[27.381466,39.931639],[27.381623,39.931326],[27.382076,39.93089],[27.382469,39.930424],[27.382735,39.930049],[27.382991,39.929819],[27.383158,39.929483],[27.383316,39.929452],[27.383851,39.929466],[27.384663,39.929402],[27.38484,39.929264],[27.384987,39.928936],[27.385104,39.928547],[27.385202,39.928363],[27.385548,39.92824],[27.385903,39.928041],[27.38615,39.927979],[27.386626,39.927977],[27.38719,39.927899],[27.387615,39.927837],[27.388289,39.927834],[27.388843,39.927817],[27.389298,39.927686],[27.389802,39.927471],[27.39462,39.92679],[27.397332,39.928619],[27.39732,39.926529],[27.397445,39.924089],[27.397562,39.923814],[27.399432,39.921764],[27.400912,39.920798],[27.401761,39.920307],[27.402315,39.92029],[27.403659,39.919767],[27.404689,39.919809],[27.405875,39.919454],[27.405876,39.919454],[27.405876,39.919454],[27.406046,39.919609],[27.406704,39.919231],[27.407302,39.918738],[27.407511,39.918566],[27.407608,39.918132],[27.407492,39.917427],[27.407192,39.916889],[27.406663,39.916348],[27.406067,39.916088],[27.405527,39.915894],[27.404666,39.915773],[27.404195,39.915689],[27.404164,39.91567],[27.404065,39.915647],[27.403435,39.915878],[27.402755,39.916018],[27.402396,39.916015],[27.402098,39.915835],[27.401981,39.915883],[27.401777,39.915979],[27.401165,39.916],[27.40088,39.916029],[27.400416,39.915993],[27.399834,39.915985],[27.398737,39.915727],[27.397664,39.91543],[27.397361,39.915355],[27.396101,39.914754],[27.395575,39.91377],[27.39548,39.913427],[27.39602,39.912548],[27.396063,39.912424],[27.396954,39.912464],[27.397939,39.912656],[27.39867,39.912725],[27.399239,39.912604],[27.399374,39.912446],[27.399497,39.912298],[27.400382,39.912285],[27.401489,39.912124],[27.401883,39.911913],[27.402413,39.911473],[27.402685,39.911338],[27.403234,39.911179],[27.403512,39.910935],[27.403492,39.910754],[27.403074,39.910203],[27.402793,39.909722],[27.402518,39.909261],[27.40238,39.909066],[27.402429,39.908923],[27.402342,39.908818],[27.402106,39.908643],[27.402106,39.908643],[27.401727,39.908406],[27.401285,39.90794],[27.401135,39.907793],[27.400315,39.907272],[27.39993,39.906906],[27.399824,39.906792],[27.399266,39.906584],[27.398496,39.906196],[27.397528,39.905751],[27.397056,39.905481],[27.39646,39.905088],[27.396124,39.904779],[27.395899,39.904394],[27.395774,39.904142],[27.395732,39.903394],[27.395866,39.902993],[27.396488,39.902424],[27.397439,39.902187],[27.399116,39.9022],[27.399996,39.902455],[27.400312,39.90247],[27.401073,39.902725],[27.401777,39.902753],[27.402558,39.90256],[27.403179,39.902123],[27.403493,39.901649],[27.40352,39.901146],[27.403448,39.900795],[27.4031,39.900438],[27.402615,39.900041],[27.402163,39.899442],[27.401663,39.898521],[27.401182,39.897577],[27.40097,39.897015],[27.400842,39.897035],[27.400447,39.897217],[27.400114,39.897285],[27.399767,39.897162],[27.399704,39.89701],[27.399664,39.896486],[27.399704,39.894894],[27.399654,39.89478],[27.39948,39.894581],[27.399479,39.89458],[27.399479,39.89458],[27.398995,39.894324],[27.398821,39.89423],[27.398289,39.894117],[27.397408,39.893834],[27.396702,39.893617],[27.396479,39.893457],[27.396092,39.893],[27.395918,39.892782],[27.395694,39.892554],[27.395694,39.892554],[27.395693,39.892553],[27.394937,39.892232],[27.394056,39.891882],[27.393685,39.891855],[27.3934,39.891799],[27.392767,39.891496],[27.392531,39.89142],[27.392482,39.891392],[27.39242,39.89125],[27.392419,39.89125],[27.392419,39.891249],[27.392295,39.89124],[27.392246,39.891269],[27.391713,39.891147],[27.391206,39.891091],[27.390338,39.89078],[27.390156,39.890724],[27.389822,39.890506],[27.38974,39.890344],[27.38974,39.890344],[27.38974,39.890344],[27.389386,39.890235],[27.38921,39.890109],[27.389104,39.88999],[27.388886,39.889731],[27.388764,39.88955],[27.388571,39.889265],[27.388571,39.889265],[27.38857,39.889265],[27.38819,39.889311],[27.387699,39.889401],[27.387121,39.889596],[27.386776,39.889711],[27.38639,39.889887],[27.385888,39.890222],[27.385851,39.890279],[27.385336,39.890983],[27.385346,39.891469],[27.384724,39.891757],[27.384493,39.891615],[27.38375,39.891594],[27.383639,39.891618],[27.383043,39.891191],[27.382331,39.89175],[27.382016,39.892117],[27.38181,39.892461],[27.381441,39.892962],[27.381139,39.892875],[27.380901,39.892727],[27.380697,39.892564],[27.381102,39.892342],[27.380799,39.892057],[27.37974,39.891202],[27.379198,39.891707],[27.378697,39.892342],[27.378856,39.892528],[27.378787,39.892635],[27.378817,39.892669],[27.378567,39.89301],[27.378371,39.893403],[27.378431,39.893612],[27.377844,39.893977],[27.377607,39.894099],[27.377499,39.894248],[27.377351,39.894329],[27.377307,39.894379],[27.377232,39.894326],[27.377212,39.894238],[27.377212,39.894238],[27.377212,39.894237],[27.37657,39.894518],[27.377063,39.89518],[27.376876,39.895386],[27.376285,39.895842],[27.375654,39.895516],[27.375467,39.895581],[27.375197,39.896047],[27.374995,39.896185],[27.37455,39.896259],[27.374346,39.896032],[27.374186,39.895807],[27.374186,39.895807],[27.374186,39.895807],[27.374133,39.896039],[27.374054,39.896162],[27.373906,39.896231],[27.373668,39.896235],[27.373316,39.89613],[27.373238,39.896267],[27.372853,39.896425],[27.372616,39.896448],[27.372556,39.89627],[27.372555,39.89627],[27.372555,39.896269],[27.372401,39.896243],[27.372303,39.896354],[27.372145,39.896366],[27.37205,39.896305],[27.371912,39.896294],[27.371679,39.896352],[27.37168,39.896353],[27.37168,39.896353],[27.372058,39.896453],[27.371884,39.896707],[27.371783,39.89694],[27.371819,39.89709],[27.371766,39.897313],[27.371566,39.897428],[27.371339,39.897644],[27.371122,39.897777],[27.370762,39.897984],[27.370715,39.898005],[27.370339,39.898101],[27.370233,39.898084],[27.370294,39.898368],[27.3703,39.898629],[27.370283,39.898713],[27.37013,39.899196],[27.370104,39.899421],[27.370263,39.899554],[27.370333,39.899737],[27.370207,39.899829],[27.370183,39.899934],[27.37039,39.900242],[27.370724,39.900567],[27.37073,39.90083],[27.370323,39.901028],[27.37,39.900806],[27.369481,39.901047],[27.369093,39.901159],[27.369085,39.901449],[27.36839,39.901529],[27.368351,39.901659],[27.368544,39.902038],[27.367315,39.902293],[27.367216,39.90232],[27.367181,39.902343],[27.367217,39.902505],[27.36688,39.902527],[27.366707,39.90252],[27.366541,39.9025],[27.366256,39.902423],[27.366228,39.902638],[27.366006,39.903327],[27.365933,39.903484],[27.36582,39.903726],[27.365594,39.903643],[27.365277,39.903606],[27.365194,39.903831],[27.365091,39.904007],[27.363832,39.907158],[27.363832,39.908487],[27.363416,39.908629],[27.362351,39.908761],[27.362137,39.908882],[27.361873,39.908865],[27.361788,39.908792],[27.361163,39.908565],[27.360301,39.908542],[27.360265,39.908656],[27.360265,39.908754],[27.360094,39.90876],[27.359995,39.908926],[27.35925,39.909249],[27.358605,39.909305],[27.35729,39.909895],[27.35757,39.910477],[27.357409,39.910775],[27.358033,39.911024],[27.358033,39.911024],[27.358034,39.911024],[27.357229,39.912992],[27.357745,39.913209],[27.358066,39.913189],[27.358736,39.912635],[27.359053,39.912246],[27.359486,39.911718],[27.359915,39.911195],[27.360529,39.910938],[27.360963,39.910842],[27.361421,39.910839],[27.361671,39.910923],[27.361846,39.910796],[27.362016,39.910788],[27.362227,39.910558],[27.362228,39.910558],[27.362228,39.910558],[27.362516,39.910817],[27.362799,39.911077],[27.363012,39.910921],[27.362957,39.910541],[27.363603,39.910092],[27.363844,39.910102],[27.365688,39.910586],[27.365688,39.910586],[27.365689,39.910586],[27.365137,39.911636],[27.367179,39.911725],[27.369165,39.912624],[27.369165,39.912624],[27.369165,39.912625],[27.369483,39.914196],[27.370479,39.915289],[27.370912,39.915288],[27.369989,39.916149],[27.368014,39.917251],[27.367399,39.918016],[27.366972,39.919113],[27.366358,39.920164],[27.365864,39.920213],[27.366555,39.92226],[27.366438,39.923499],[27.365819,39.923501],[27.364828,39.923314],[27.361489,39.924087],[27.360508,39.925853],[27.361072,39.927138],[27.360772,39.928998],[27.360158,39.929858],[27.359978,39.930907],[27.360852,39.932477],[27.360548,39.933526],[27.360676,39.934288],[27.362106,39.935475],[27.360685,39.935861],[27.359264,39.936485],[27.360257,39.937149],[27.361988,39.936619],[27.365672,39.935212]]]}},{"type":"Feature","properties":{"id":"TR-Y-17-012-K-0030","level":"yerlesim","type":"mahalle","parent_id":"TR-D-17-012","province_id":"TR-P-17","district_id":"TR-D-17-012","name":"Gündoğdu","source_raw_name":"Gündoğdu","source":"Kullanıcı tarafından sağlanan KML","source_label":"Kullanıcı tarafından sağlanan KML","source_name":"Canakkale Mahalle KML - kullanici tarafindan saglandi"},"geometry":{"type":"Polygon","coordinates":[[[27.316245,39.894671],[27.320154,39.890907],[27.325968,39.890605],[27.336731,39.890193],[27.339329,39.89009],[27.349673,39.887702],[27.349552,39.887559],[27.349257,39.887096],[27.348995,39.88668],[27.348654,39.886049],[27.348165,39.885561],[27.348094,39.885484],[27.3478,39.885236],[27.347698,39.885036],[27.347694,39.884239],[27.348411,39.884185],[27.349166,39.883742],[27.349354,39.883562],[27.349446,39.883401],[27.349479,39.883252],[27.349381,39.883118],[27.349281,39.883027],[27.349016,39.882862],[27.348942,39.882802],[27.348711,39.882594],[27.348643,39.882469],[27.348653,39.88214],[27.349101,39.881321],[27.349285,39.880951],[27.349555,39.879975],[27.34974,39.879137],[27.34973,39.878674],[27.349429,39.877868],[27.3492,39.877285],[27.34994,39.876784],[27.349947,39.876212],[27.350098,39.875876],[27.350211,39.875689],[27.350409,39.87557],[27.350603,39.875453],[27.350846,39.875384],[27.351061,39.875363],[27.351277,39.87532],[27.351599,39.875109],[27.351012,39.874608],[27.351387,39.874283],[27.350512,39.873507],[27.350596,39.873465],[27.35067,39.873393],[27.350703,39.873255],[27.350767,39.873148],[27.350856,39.873064],[27.351268,39.873269],[27.351589,39.873279],[27.351728,39.873294],[27.351832,39.873313],[27.351872,39.873351],[27.352099,39.873228],[27.35236,39.873048],[27.352443,39.872895],[27.352512,39.872815],[27.352705,39.872753],[27.352923,39.872745],[27.353358,39.87282],[27.353396,39.872755],[27.353431,39.872647],[27.353464,39.872549],[27.353446,39.872484],[27.353376,39.872423],[27.353356,39.872357],[27.35335,39.872302],[27.353282,39.872236],[27.353214,39.8721],[27.353186,39.872007],[27.35319,39.87194],[27.353271,39.871766],[27.35329,39.871728],[27.353633,39.871827],[27.353965,39.871951],[27.354255,39.872072],[27.35465,39.872219],[27.355069,39.872388],[27.3555,39.872567],[27.35586,39.872726],[27.356201,39.872934],[27.356519,39.873105],[27.356985,39.873363],[27.357419,39.873636],[27.357665,39.873778],[27.357771,39.873693],[27.357854,39.873676],[27.357946,39.873713],[27.358079,39.873782],[27.358243,39.873751],[27.358347,39.873696],[27.3584,39.873632],[27.358424,39.873595],[27.358562,39.873537],[27.358639,39.873465],[27.35868,39.873376],[27.35885,39.873306],[27.35896,39.873234],[27.359053,39.873156],[27.359227,39.873085],[27.359387,39.872964],[27.359416,39.872863],[27.359498,39.872773],[27.35972,39.872726],[27.360125,39.872646],[27.360638,39.872591],[27.360961,39.872612],[27.361357,39.872681],[27.36161,39.872749],[27.362005,39.872911],[27.362209,39.873022],[27.362437,39.873092],[27.362644,39.87306],[27.362898,39.872889],[27.363428,39.872562],[27.36404,39.872202],[27.364103,39.872226],[27.364262,39.872198],[27.364493,39.872169],[27.364726,39.872145],[27.364926,39.87206],[27.365921,39.87169],[27.365901,39.871604],[27.36618,39.871634],[27.36641,39.871664],[27.366563,39.871651],[27.367069,39.871569],[27.367113,39.871392],[27.367141,39.871324],[27.367348,39.871223],[27.367415,39.871191],[27.367503,39.871044],[27.367587,39.870849],[27.367624,39.870634],[27.367645,39.870411],[27.367644,39.870316],[27.367873,39.870181],[27.36792,39.870091],[27.368045,39.870192],[27.368132,39.87021],[27.368736,39.870159],[27.369218,39.870342],[27.369406,39.870399],[27.369527,39.870397],[27.369526,39.870304],[27.369678,39.870115],[27.369936,39.86999],[27.370276,39.869951],[27.370658,39.869933],[27.370885,39.869858],[27.371063,39.869825],[27.371156,39.869831],[27.371256,39.869893],[27.371847,39.869737],[27.371817,39.869678],[27.372365,39.869348],[27.372689,39.869224],[27.372968,39.869177],[27.373162,39.869124],[27.373209,39.869089],[27.373231,39.869112],[27.373448,39.868968],[27.373763,39.868723],[27.373889,39.868622],[27.374178,39.868511],[27.374278,39.868436],[27.374325,39.868332],[27.374405,39.868204],[27.374559,39.868045],[27.374591,39.868026],[27.374932,39.868219],[27.375186,39.868354],[27.375441,39.868471],[27.376201,39.867722],[27.376328,39.867086],[27.376419,39.866738],[27.374097,39.866008],[27.373398,39.865632],[27.372526,39.865505],[27.37156,39.865314],[27.370094,39.86496],[27.369137,39.864655],[27.366737,39.863506],[27.36626,39.862898],[27.366118,39.862725],[27.365474,39.862671],[27.365344,39.862605],[27.364966,39.862518],[27.364682,39.86254],[27.364256,39.862803],[27.364,39.862914],[27.363633,39.862546],[27.363332,39.862327],[27.36332,39.862349],[27.363069,39.862302],[27.362664,39.862325],[27.362454,39.862366],[27.362024,39.862312],[27.361932,39.862348],[27.361616,39.862352],[27.361338,39.862255],[27.361109,39.862284],[27.361039,39.862446],[27.361096,39.862687],[27.361019,39.862768],[27.361112,39.863045],[27.360538,39.86317],[27.360075,39.863391],[27.35992,39.863172],[27.359276,39.863551],[27.359086,39.863294],[27.358567,39.863003],[27.35829,39.86324],[27.358129,39.8633],[27.357954,39.863264],[27.357744,39.863272],[27.357573,39.863272],[27.357195,39.863133],[27.357003,39.863043],[27.356805,39.863015],[27.356703,39.863027],[27.356555,39.862989],[27.356384,39.862949],[27.356105,39.862979],[27.355913,39.863026],[27.35572,39.86311],[27.355579,39.863167],[27.355415,39.86317],[27.355222,39.863183],[27.354946,39.863285],[27.35477,39.863443],[27.354546,39.863605],[27.353897,39.863932],[27.353588,39.864014],[27.353211,39.864106],[27.352826,39.864292],[27.352573,39.864508],[27.352384,39.864619],[27.352231,39.864609],[27.352073,39.864581],[27.351841,39.864511],[27.351667,39.864495],[27.351431,39.86446],[27.351131,39.864349],[27.351005,39.864349],[27.350841,39.864379],[27.350543,39.86451],[27.350388,39.864594],[27.350265,39.86438],[27.350025,39.864],[27.349817,39.863786],[27.349484,39.863413],[27.349325,39.863212],[27.349277,39.863063],[27.349165,39.863057],[27.348942,39.863134],[27.348688,39.862913],[27.348551,39.86284],[27.348331,39.862724],[27.348102,39.862569],[27.348021,39.862482],[27.347614,39.862742],[27.347377,39.862915],[27.34706,39.862625],[27.346715,39.862876],[27.346561,39.863005],[27.346167,39.862859],[27.345588,39.862625],[27.345167,39.862554],[27.34495,39.862553],[27.344735,39.862701],[27.344514,39.862891],[27.344466,39.86279],[27.344438,39.862633],[27.34426,39.862402],[27.344195,39.862262],[27.344147,39.862095],[27.34411,39.862045],[27.343762,39.862354],[27.343393,39.862712],[27.34323,39.862865],[27.34328,39.86296],[27.343187,39.863025],[27.343045,39.863018],[27.342915,39.862961],[27.342684,39.862659],[27.342473,39.86241],[27.342408,39.86231],[27.342031,39.862518],[27.341849,39.862521],[27.341624,39.862677],[27.341448,39.862687],[27.34134,39.86273],[27.341212,39.862554],[27.341142,39.862218],[27.340782,39.862434],[27.340578,39.862585],[27.340066,39.862241],[27.339877,39.862149],[27.339519,39.861778],[27.339258,39.861593],[27.339184,39.861613],[27.338692,39.861249],[27.338667,39.861452],[27.338694,39.861549],[27.338506,39.86183],[27.338373,39.861899],[27.338213,39.861959],[27.337812,39.861912],[27.337571,39.861895],[27.337424,39.862116],[27.337047,39.862426],[27.336152,39.863132],[27.335808,39.863362],[27.33558,39.863665],[27.335606,39.863728],[27.33535,39.863766],[27.335195,39.863821],[27.334755,39.864242],[27.334615,39.864409],[27.334416,39.86469],[27.333924,39.864951],[27.333343,39.864644],[27.333214,39.864842],[27.33311,39.86556],[27.333011,39.86586],[27.333168,39.86598],[27.333043,39.866218],[27.332901,39.866859],[27.332958,39.867001],[27.332847,39.867193],[27.332338,39.867752],[27.332109,39.868159],[27.332093,39.868193],[27.331889,39.868142],[27.331266,39.868118],[27.331162,39.868116],[27.330976,39.868036],[27.330648,39.867745],[27.330584,39.867671],[27.327198,39.868201],[27.32669,39.870662],[27.325361,39.872153],[27.323879,39.872614],[27.321663,39.874987],[27.321222,39.875996],[27.321972,39.877481],[27.322052,39.878796],[27.32053,39.883232],[27.321556,39.883887],[27.323897,39.884245],[27.322286,39.886509],[27.321159,39.88879],[27.319112,39.89033],[27.317074,39.891146],[27.314561,39.890915],[27.314639,39.891829],[27.31499,39.892772],[27.316245,39.894671]]]}},{"type":"Feature","properties":{"id":"TR-Y-17-012-K-0031","level":"yerlesim","type":"mahalle","parent_id":"TR-D-17-012","province_id":"TR-P-17","district_id":"TR-D-17-012","name":"Güzeloba","source_raw_name":"Güzeloba","source":"Kullanıcı tarafından sağlanan KML","source_label":"Kullanıcı tarafından sağlanan KML","source_name":"Canakkale Mahalle KML - kullanici tarafindan saglandi"},"geometry":{"type":"Polygon","coordinates":[[[27.425004,39.9872],[27.425106,39.987188],[27.425264,39.987197],[27.425394,39.987139],[27.425655,39.986886],[27.425677,39.986454],[27.425769,39.986225],[27.425846,39.986118],[27.425734,39.986032],[27.425674,39.985952],[27.425696,39.985932],[27.425937,39.985855],[27.425999,39.985798],[27.425954,39.985629],[27.426149,39.985633],[27.426401,39.985689],[27.426581,39.985851],[27.426772,39.986148],[27.426843,39.986171],[27.426973,39.986133],[27.427512,39.985566],[27.427625,39.985384],[27.427677,39.985141],[27.427578,39.984767],[27.427491,39.984682],[27.427255,39.984604],[27.426908,39.984527],[27.426705,39.984411],[27.426721,39.984368],[27.426786,39.984363],[27.426909,39.984224],[27.426791,39.984136],[27.426862,39.984108],[27.426745,39.983772],[27.426356,39.983533],[27.426172,39.98334],[27.426107,39.982819],[27.425988,39.982557],[27.425602,39.982266],[27.425483,39.982154],[27.425349,39.981971],[27.425482,39.981951],[27.425367,39.981866],[27.425141,39.981343],[27.425061,39.980947],[27.425071,39.980652],[27.425166,39.980375],[27.425424,39.980067],[27.425696,39.979897],[27.426887,39.979749],[27.427378,39.979566],[27.427656,39.979332],[27.42893,39.97855],[27.429154,39.978256],[27.429709,39.97772],[27.430073,39.977598],[27.430212,39.977464],[27.430297,39.976777],[27.430534,39.976031],[27.430656,39.975287],[27.430557,39.974973],[27.430234,39.974442],[27.430206,39.973997],[27.430055,39.973593],[27.430096,39.973063],[27.429971,39.97285],[27.429712,39.972607],[27.42943,39.971186],[27.429487,39.970858],[27.429427,39.970736],[27.429243,39.970592],[27.429063,39.970395],[27.429028,39.970223],[27.428634,39.969855],[27.428289,39.969418],[27.428248,39.968373],[27.428439,39.968037],[27.428696,39.967891],[27.429099,39.967363],[27.429548,39.966996],[27.429842,39.966507],[27.430004,39.966346],[27.430485,39.965574],[27.428676,39.966244],[27.428496,39.965985],[27.428362,39.965997],[27.428238,39.965948],[27.42807,39.966094],[27.428011,39.966094],[27.427911,39.965965],[27.427669,39.966053],[27.426389,39.965784],[27.426277,39.964541],[27.426378,39.96414],[27.426565,39.963896],[27.427028,39.963497],[27.427072,39.963368],[27.427027,39.963204],[27.426876,39.962918],[27.426457,39.962375],[27.426177,39.962097],[27.426235,39.961777],[27.42589,39.961267],[27.425491,39.960834],[27.425128,39.960595],[27.424962,39.960325],[27.424877,39.960173],[27.42492,39.959887],[27.424909,39.95967],[27.424843,39.959441],[27.424822,39.959293],[27.424732,39.95914],[27.424374,39.958894],[27.424194,39.958658],[27.424035,39.958571],[27.423976,39.958594],[27.423864,39.958945],[27.423667,39.959159],[27.423361,39.959271],[27.423078,39.959295],[27.422758,39.959269],[27.42295,39.959048],[27.423072,39.958785],[27.423101,39.958583],[27.423109,39.958411],[27.423099,39.958327],[27.423104,39.958281],[27.423103,39.958247],[27.423142,39.958033],[27.423166,39.957976],[27.423289,39.957751],[27.423343,39.95764],[27.423411,39.957529],[27.423564,39.957342],[27.423613,39.957307],[27.423791,39.957196],[27.423825,39.9572],[27.424098,39.95726],[27.424247,39.95732],[27.424342,39.957354],[27.424514,39.957397],[27.424554,39.9573],[27.424539,39.957197],[27.424483,39.957014],[27.424418,39.956847],[27.424308,39.956676],[27.424238,39.956592],[27.424183,39.956554],[27.424133,39.956508],[27.424068,39.956459],[27.424009,39.956406],[27.423944,39.956357],[27.423884,39.956292],[27.423864,39.956197],[27.423903,39.956101],[27.423981,39.956055],[27.424126,39.955995],[27.424215,39.955959],[27.424283,39.955945],[27.424326,39.955923],[27.424425,39.95588],[27.424481,39.955839],[27.424527,39.955798],[27.424576,39.955777],[27.424778,39.955809],[27.42492,39.955833],[27.425054,39.955846],[27.425196,39.95581],[27.425313,39.955741],[27.425381,39.955662],[27.425516,39.955526],[27.425599,39.955449],[27.425679,39.955387],[27.425784,39.955353],[27.425837,39.955341],[27.425886,39.955307],[27.426004,39.955226],[27.426047,39.955195],[27.426151,39.955104],[27.426278,39.955025],[27.426376,39.954958],[27.426457,39.954902],[27.426652,39.954795],[27.426994,39.954951],[27.426979,39.955054],[27.427024,39.955106],[27.427158,39.955145],[27.427485,39.955024],[27.427856,39.954965],[27.428607,39.95506],[27.429618,39.95509],[27.429683,39.954833],[27.429621,39.954375],[27.42964,39.953843],[27.429792,39.953254],[27.430427,39.952542],[27.430782,39.952255],[27.431033,39.952094],[27.431593,39.951354],[27.431611,39.950674],[27.431712,39.950147],[27.43173,39.949426],[27.431609,39.949135],[27.431452,39.94897],[27.431331,39.948564],[27.431068,39.948148],[27.430918,39.947914],[27.430649,39.947703],[27.430574,39.947555],[27.43066,39.947103],[27.430703,39.946885],[27.430613,39.946691],[27.430218,39.946475],[27.429979,39.946356],[27.429511,39.946255],[27.429265,39.946256],[27.428969,39.946331],[27.428806,39.946418],[27.427811,39.946524],[27.426579,39.946815],[27.425593,39.947133],[27.424719,39.947611],[27.423955,39.947888],[27.4234,39.948136],[27.422763,39.948499],[27.422229,39.948741],[27.42206,39.949039],[27.422091,39.949176],[27.422336,39.949186],[27.422864,39.94931],[27.422977,39.949436],[27.422964,39.949825],[27.422884,39.950077],[27.42248,39.950804],[27.422444,39.951045],[27.422626,39.95157],[27.423186,39.952054],[27.423857,39.952401],[27.424467,39.952536],[27.425083,39.952471],[27.425565,39.952303],[27.425654,39.952245],[27.425788,39.952205],[27.426033,39.952267],[27.426234,39.952358],[27.426303,39.952643],[27.426334,39.952775],[27.426277,39.95317],[27.426064,39.953662],[27.42568,39.954041],[27.425221,39.954272],[27.424642,39.954365],[27.424411,39.954372],[27.424031,39.954099],[27.42356,39.953677],[27.423358,39.953466],[27.422605,39.953086],[27.422278,39.953047],[27.42195,39.952899],[27.421645,39.952826],[27.421384,39.952747],[27.42102,39.952731],[27.420589,39.952618],[27.42044,39.952613],[27.420285,39.952751],[27.420264,39.953043],[27.420392,39.953294],[27.420915,39.95371],[27.421177,39.953977],[27.421483,39.954331],[27.421903,39.954901],[27.422247,39.955197],[27.422299,39.955329],[27.422271,39.955603],[27.4222,39.956027],[27.421921,39.956628],[27.421678,39.956978],[27.42145,39.957316],[27.421162,39.957621],[27.421074,39.957792],[27.420986,39.958073],[27.420795,39.95848],[27.420486,39.958996],[27.420265,39.959219],[27.419954,39.959358],[27.41985,39.959484],[27.419691,39.960108],[27.419425,39.9604],[27.418996,39.960739],[27.418597,39.961107],[27.418237,39.96176],[27.418023,39.962024],[27.417793,39.962156],[27.417646,39.96242],[27.41758,39.962592],[27.417121,39.962919],[27.416848,39.963172],[27.416679,39.963499],[27.41642,39.963671],[27.41596,39.963833],[27.415516,39.964058],[27.415248,39.964127],[27.415019,39.964271],[27.414902,39.964563],[27.414687,39.964758],[27.414354,39.964862],[27.413819,39.964921],[27.412503,39.964943],[27.412332,39.964944],[27.411515,39.965027],[27.411084,39.964988],[27.410459,39.96479],[27.409937,39.964529],[27.409787,39.964364],[27.409571,39.96425],[27.409192,39.964223],[27.408635,39.964357],[27.408496,39.96448],[27.408389,39.964739],[27.407866,39.965107],[27.407836,39.965176],[27.407619,39.965299],[27.407273,39.965452],[27.406304,39.965829],[27.406126,39.965883],[27.405948,39.965914],[27.405443,39.965924],[27.40562,39.965656],[27.407547,39.964818],[27.407685,39.964711],[27.408386,39.964266],[27.408574,39.964174],[27.408533,39.963946],[27.408284,39.96384],[27.408086,39.963886],[27.407849,39.964009],[27.40673,39.964143],[27.406037,39.964168],[27.405958,39.964229],[27.405701,39.964421],[27.405504,39.964475],[27.405255,39.964415],[27.405166,39.964339],[27.405106,39.964347],[27.404592,39.964569],[27.404355,39.964662],[27.403997,39.964518],[27.4037,39.964542],[27.403364,39.964711],[27.403315,39.964803],[27.402801,39.96498],[27.402752,39.964972],[27.402465,39.965095],[27.403065,39.966008],[27.403303,39.966091],[27.404294,39.966088],[27.40469,39.96598],[27.4048,39.966101],[27.404246,39.966309],[27.404128,39.966447],[27.40396,39.966547],[27.403455,39.966716],[27.402673,39.966856],[27.402337,39.966903],[27.401891,39.966866],[27.401583,39.96673],[27.401246,39.966762],[27.40076,39.966718],[27.400464,39.966925],[27.400187,39.967017],[27.400098,39.967086],[27.400446,39.967245],[27.400566,39.967382],[27.40067,39.967582],[27.401132,39.96779],[27.401205,39.967874],[27.401251,39.967921],[27.399983,39.96889],[27.400332,39.97001],[27.400543,39.970524],[27.401915,39.97126],[27.402074,39.971811],[27.402826,39.972615],[27.402894,39.97268],[27.402842,39.972848],[27.402774,39.973022],[27.402757,39.973194],[27.4028,39.973289],[27.403075,39.973569],[27.40333,39.973788],[27.403411,39.973921],[27.40343,39.974031],[27.403345,39.974202],[27.403185,39.974375],[27.403012,39.974571],[27.402865,39.974709],[27.402519,39.975006],[27.402285,39.97515],[27.402007,39.975322],[27.401946,39.975394],[27.401934,39.97547],[27.401916,39.97558],[27.401898,39.975675],[27.401917,39.975813],[27.401997,39.976076],[27.402266,39.976182],[27.402445,39.976338],[27.402525,39.976532],[27.402541,39.976688],[27.402791,39.977057],[27.403022,39.97754],[27.4033,39.978485],[27.403656,39.979212],[27.403871,39.979444],[27.404066,39.979756],[27.404137,39.979988],[27.405823,39.980287],[27.40676,39.980257],[27.407327,39.980652],[27.407348,39.980751],[27.407333,39.980785],[27.407513,39.981002],[27.407588,39.981135],[27.407667,39.981188],[27.407813,39.981435],[27.407863,39.981553],[27.408016,39.981534],[27.408308,39.981414],[27.408392,39.981365],[27.408922,39.981241],[27.408981,39.981199],[27.409532,39.981429],[27.410006,39.981145],[27.410091,39.98116],[27.411098,39.982144],[27.412279,39.9832],[27.413939,39.984736],[27.414597,39.98521],[27.415667,39.986018],[27.41725,39.987214],[27.418515,39.988158],[27.418949,39.988508],[27.420127,39.989937],[27.421361,39.991454],[27.422629,39.993012],[27.424886,39.995702],[27.42507,39.99499],[27.425309,39.994045],[27.425536,39.993165],[27.425824,39.992035],[27.426077,39.990997],[27.42641,39.989745],[27.425867,39.988994],[27.425136,39.98802],[27.425135,39.987905],[27.424891,39.987487],[27.42484,39.987353],[27.424883,39.987265],[27.425004,39.9872]]]}},{"type":"Feature","properties":{"id":"TR-Y-17-012-K-0032","level":"yerlesim","type":"mahalle","parent_id":"TR-D-17-012","province_id":"TR-P-17","district_id":"TR-D-17-012","name":"Hacılar","source_raw_name":"Hacılar","source":"Kullanıcı tarafından sağlanan KML","source_label":"Kullanıcı tarafından sağlanan KML","source_name":"Canakkale Mahalle KML - kullanici tarafindan saglandi"},"geometry":{"type":"Polygon","coordinates":[[[27.386918,39.772483],[27.386797,39.772289],[27.386471,39.772362],[27.386414,39.772221],[27.3862,39.772107],[27.385954,39.771682],[27.385773,39.771337],[27.386142,39.77119],[27.386447,39.771004],[27.386461,39.770985],[27.386467,39.770976],[27.386583,39.770813],[27.386188,39.770715],[27.385624,39.770438],[27.38549,39.770325],[27.385284,39.770151],[27.385243,39.770117],[27.384926,39.769791],[27.384691,39.769463],[27.384473,39.769251],[27.384256,39.769063],[27.385166,39.768216],[27.386165,39.767313],[27.386514,39.767328],[27.386778,39.767055],[27.387135,39.766984],[27.387357,39.766836],[27.387582,39.766645],[27.387728,39.766262],[27.387804,39.766139],[27.388083,39.765989],[27.387924,39.76582],[27.387903,39.765659],[27.38828,39.765563],[27.38787,39.765238],[27.387593,39.764958],[27.387386,39.764634],[27.387298,39.764385],[27.386674,39.763862],[27.386756,39.763814],[27.387111,39.763795],[27.38739,39.763824],[27.387781,39.763755],[27.388348,39.763462],[27.388504,39.763457],[27.388665,39.76326],[27.388742,39.763041],[27.389249,39.762701],[27.390071,39.760881],[27.390254,39.760474],[27.390698,39.759471],[27.390845,39.759193],[27.391008,39.759134],[27.391353,39.759055],[27.391254,39.758692],[27.39082,39.757905],[27.390956,39.757725],[27.391016,39.757575],[27.391149,39.757678],[27.391433,39.757761],[27.391778,39.757762],[27.39193,39.757742],[27.392144,39.757783],[27.39227,39.757721],[27.392341,39.757581],[27.392239,39.757419],[27.392251,39.757296],[27.392144,39.757072],[27.391953,39.756945],[27.391741,39.756869],[27.391411,39.756809],[27.391225,39.756762],[27.390904,39.756521],[27.390723,39.756471],[27.390517,39.756465],[27.390349,39.756453],[27.389939,39.756363],[27.389784,39.756246],[27.38975,39.756112],[27.389744,39.756028],[27.389721,39.75591],[27.389656,39.755804],[27.389744,39.755665],[27.390006,39.755519],[27.390115,39.755463],[27.390392,39.755451],[27.390945,39.755557],[27.391252,39.755648],[27.391641,39.755803],[27.391833,39.755789],[27.391835,39.755783],[27.391857,39.755749],[27.391993,39.75546],[27.392019,39.755401],[27.392065,39.755283],[27.392031,39.755131],[27.391951,39.754917],[27.39201,39.754793],[27.392096,39.754752],[27.392212,39.754798],[27.392309,39.754763],[27.392305,39.7547],[27.392023,39.754549],[27.392201,39.753841],[27.392345,39.753274],[27.39238,39.753134],[27.392697,39.751878],[27.392785,39.751744],[27.393143,39.751624],[27.393335,39.751537],[27.393613,39.751423],[27.393974,39.751202],[27.394148,39.751305],[27.394384,39.751297],[27.394811,39.751248],[27.395315,39.751456],[27.395328,39.751454],[27.39531,39.751425],[27.395313,39.751388],[27.395355,39.751352],[27.395425,39.751314],[27.395487,39.751283],[27.395491,39.75128],[27.395494,39.751279],[27.395589,39.751202],[27.395599,39.751157],[27.395571,39.751027],[27.395464,39.750769],[27.395441,39.750722],[27.395398,39.750659],[27.395249,39.750488],[27.395094,39.750337],[27.39504,39.750264],[27.394963,39.750132],[27.394855,39.749962],[27.395017,39.749986],[27.39531,39.750013],[27.39533,39.749933],[27.395447,39.749798],[27.395703,39.749558],[27.395787,39.749484],[27.395764,39.74932],[27.395741,39.749239],[27.395676,39.749107],[27.395642,39.749031],[27.395606,39.748944],[27.395586,39.748895],[27.39557,39.748863],[27.395549,39.748817],[27.395517,39.748734],[27.395481,39.748667],[27.395445,39.748601],[27.395399,39.748518],[27.395341,39.748456],[27.395238,39.748349],[27.39519,39.748308],[27.395151,39.748288],[27.395101,39.748249],[27.395055,39.748199],[27.394911,39.748026],[27.394854,39.747971],[27.39476,39.747888],[27.394699,39.747845],[27.394609,39.747772],[27.394554,39.747724],[27.39454,39.74765],[27.394562,39.747527],[27.39459,39.7474],[27.394621,39.747315],[27.394634,39.747295],[27.394537,39.747288],[27.394453,39.747295],[27.39437,39.747323],[27.394322,39.747367],[27.394288,39.747398],[27.394244,39.747439],[27.394179,39.747499],[27.394117,39.747577],[27.394013,39.747686],[27.393954,39.747715],[27.393786,39.747634],[27.393785,39.747633],[27.393649,39.747682],[27.393566,39.74778],[27.393515,39.747822],[27.393509,39.747825],[27.393295,39.747951],[27.393157,39.748016],[27.393112,39.748067],[27.393081,39.748149],[27.393052,39.748261],[27.393002,39.748256],[27.39289,39.748258],[27.392828,39.748277],[27.39271,39.748322],[27.392603,39.748369],[27.392494,39.748438],[27.392493,39.748439],[27.392488,39.748443],[27.392268,39.748598],[27.392236,39.74862],[27.39216,39.748663],[27.392036,39.748625],[27.391919,39.74858],[27.391851,39.74853],[27.391742,39.748398],[27.391727,39.748372],[27.391686,39.748325],[27.391644,39.748295],[27.39158,39.748254],[27.391523,39.748222],[27.391367,39.748146],[27.391293,39.748112],[27.391198,39.748063],[27.391132,39.748018],[27.391099,39.747971],[27.391091,39.747937],[27.391094,39.747878],[27.391037,39.747808],[27.390978,39.747825],[27.390913,39.747823],[27.390863,39.747817],[27.39082,39.747803],[27.390767,39.74778],[27.390715,39.747745],[27.390666,39.747712],[27.390612,39.747672],[27.390561,39.74763],[27.390506,39.747592],[27.390457,39.747578],[27.390395,39.747577],[27.390391,39.747581],[27.390388,39.747581],[27.390336,39.747637],[27.390294,39.747669],[27.390236,39.747705],[27.390195,39.747737],[27.39014,39.747789],[27.390079,39.747836],[27.389981,39.747946],[27.389931,39.747989],[27.389875,39.748025],[27.389797,39.748062],[27.38973,39.74811],[27.389676,39.748145],[27.38962,39.748172],[27.389551,39.748197],[27.389462,39.748218],[27.389362,39.748209],[27.389285,39.748209],[27.389235,39.748217],[27.389221,39.748219],[27.389169,39.748245],[27.389102,39.748284],[27.389042,39.748315],[27.388982,39.748325],[27.388881,39.748338],[27.388668,39.748345],[27.388315,39.748346],[27.388026,39.748334],[27.387741,39.748346],[27.387438,39.748484],[27.387291,39.748516],[27.386898,39.748419],[27.386759,39.748347],[27.386686,39.748307],[27.386632,39.748281],[27.386557,39.748257],[27.386477,39.748227],[27.386414,39.748215],[27.386353,39.748215],[27.386316,39.748222],[27.386287,39.748237],[27.38628,39.748241],[27.386249,39.748269],[27.386213,39.748296],[27.38617,39.748303],[27.38614,39.748295],[27.386096,39.748273],[27.385984,39.748221],[27.385906,39.748205],[27.385828,39.748195],[27.385763,39.748206],[27.385726,39.748224],[27.385652,39.748269],[27.385454,39.748297],[27.385378,39.748301],[27.385141,39.748301],[27.385087,39.748298],[27.384958,39.74831],[27.384849,39.748334],[27.384732,39.748364],[27.384457,39.748465],[27.384374,39.748497],[27.384358,39.74849],[27.384242,39.748435],[27.38418,39.748421],[27.38413,39.748424],[27.38406,39.748439],[27.383993,39.748456],[27.38399,39.748459],[27.383987,39.74846],[27.383938,39.748509],[27.38389,39.748528],[27.383848,39.74854],[27.383809,39.748546],[27.383672,39.748552],[27.383572,39.748456],[27.383509,39.748391],[27.383467,39.748338],[27.383376,39.748236],[27.383315,39.748168],[27.383272,39.74811],[27.383239,39.748047],[27.383196,39.74796],[27.383142,39.74789],[27.383065,39.747819],[27.382951,39.747723],[27.382911,39.747679],[27.382826,39.747575],[27.382677,39.74742],[27.382579,39.747338],[27.382373,39.747188],[27.382316,39.747152],[27.382251,39.747102],[27.382187,39.747056],[27.382103,39.747001],[27.382029,39.746945],[27.381969,39.746898],[27.381901,39.746849],[27.381843,39.746803],[27.381777,39.746749],[27.381746,39.746713],[27.381699,39.746657],[27.381654,39.746595],[27.381624,39.746552],[27.381586,39.746505],[27.381505,39.746433],[27.381444,39.746395],[27.38139,39.746346],[27.38129,39.746281],[27.380946,39.74607],[27.380876,39.746037],[27.380818,39.746008],[27.380715,39.745966],[27.380643,39.745946],[27.380602,39.745921],[27.380536,39.745875],[27.380475,39.745854],[27.380363,39.745812],[27.380274,39.745792],[27.380152,39.745776],[27.380039,39.745769],[27.37991,39.745769],[27.379767,39.745786],[27.379619,39.74582],[27.379508,39.745846],[27.3794,39.74588],[27.379311,39.745912],[27.379218,39.74594],[27.379174,39.745943],[27.379101,39.74593],[27.37897,39.745916],[27.378871,39.745906],[27.378819,39.7459],[27.378809,39.745899],[27.378729,39.745884],[27.378666,39.745868],[27.378557,39.745848],[27.378491,39.745837],[27.378409,39.745816],[27.378404,39.745821],[27.378402,39.74582],[27.378287,39.745915],[27.378194,39.745978],[27.378083,39.746032],[27.378013,39.746049],[27.377882,39.746063],[27.377881,39.746063],[27.377814,39.746073],[27.377747,39.746085],[27.377643,39.746126],[27.377588,39.746142],[27.377481,39.746173],[27.37733,39.746211],[27.377184,39.746235],[27.376941,39.746278],[27.37668,39.746312],[27.376559,39.746279],[27.376419,39.746224],[27.376345,39.746168],[27.376284,39.746102],[27.37618,39.745976],[27.376053,39.745851],[27.37588,39.745691],[27.375724,39.745523],[27.375579,39.745431],[27.375454,39.745396],[27.375301,39.745339],[27.375153,39.745293],[27.374963,39.745215],[27.374874,39.745148],[27.374791,39.745074],[27.374722,39.745013],[27.374665,39.74497],[27.374529,39.744887],[27.374405,39.744802],[27.37431,39.744733],[27.374167,39.744643],[27.374022,39.744548],[27.373951,39.744461],[27.373894,39.744383],[27.373836,39.744299],[27.37381,39.744237],[27.373809,39.744171],[27.373841,39.744102],[27.373851,39.74407],[27.373752,39.744014],[27.373656,39.743947],[27.373537,39.743885],[27.373414,39.743812],[27.373307,39.743741],[27.373256,39.743695],[27.373138,39.743551],[27.373093,39.743472],[27.373058,39.743383],[27.372957,39.743305],[27.372852,39.74323],[27.372734,39.743175],[27.372639,39.743153],[27.372553,39.743146],[27.372461,39.74314],[27.372369,39.743121],[27.372302,39.743092],[27.372192,39.743023],[27.37213,39.742968],[27.372038,39.742876],[27.371938,39.742792],[27.3718,39.742714],[27.371669,39.742659],[27.371308,39.742541],[27.371024,39.742431],[27.370938,39.742401],[27.370848,39.742356],[27.370747,39.742315],[27.370562,39.742228],[27.370496,39.742199],[27.370421,39.742158],[27.370352,39.742117],[27.370295,39.742069],[27.370251,39.742024],[27.370223,39.741975],[27.370179,39.741898],[27.370147,39.741829],[27.370126,39.741776],[27.370063,39.741679],[27.369911,39.741822],[27.36985,39.742115],[27.369639,39.742453],[27.369591,39.742728],[27.369528,39.742924],[27.369422,39.743093],[27.369214,39.743195],[27.368684,39.743857],[27.368728,39.743985],[27.369149,39.743977],[27.369554,39.744149],[27.369661,39.744324],[27.369341,39.744939],[27.369037,39.745258],[27.368478,39.74552],[27.368283,39.745697],[27.367903,39.745846],[27.367752,39.746146],[27.367379,39.746403],[27.367166,39.747041],[27.366985,39.747419],[27.367008,39.747619],[27.367306,39.74794],[27.367634,39.74815],[27.367911,39.748297],[27.368351,39.748701],[27.368632,39.748874],[27.368722,39.748951],[27.369014,39.749201],[27.369325,39.749464],[27.370207,39.750062],[27.370665,39.750681],[27.370982,39.751107],[27.371414,39.751637],[27.371127,39.751953],[27.370985,39.752654],[27.371487,39.753016],[27.371696,39.753],[27.372875,39.753838],[27.373846,39.754818],[27.375506,39.755773],[27.377041,39.7576],[27.377642,39.759989],[27.376081,39.762365],[27.375891,39.762914],[27.375881,39.763852],[27.374729,39.764313],[27.374627,39.764736],[27.374826,39.765855],[27.37465,39.766199],[27.373722,39.767242],[27.37337,39.767838],[27.373255,39.768432],[27.373361,39.768912],[27.373823,39.769425],[27.373841,39.770065],[27.37309,39.770765],[27.372459,39.771208],[27.372209,39.771384],[27.386449,39.775951],[27.387587,39.773963],[27.387832,39.773581],[27.387408,39.773519],[27.387343,39.773511],[27.387046,39.77348],[27.386853,39.77342],[27.386874,39.773279],[27.387011,39.773072],[27.387083,39.772913],[27.387074,39.772732],[27.386918,39.772483]]]}},{"type":"Feature","properties":{"id":"TR-Y-17-012-K-0033","level":"yerlesim","type":"mahalle","parent_id":"TR-D-17-012","province_id":"TR-P-17","district_id":"TR-D-17-012","name":"Hacıyusuflar","source_raw_name":"Hacıyusuflar","source":"Kullanıcı tarafından sağlanan KML","source_label":"Kullanıcı tarafından sağlanan KML","source_name":"Canakkale Mahalle KML - kullanici tarafindan saglandi"},"geometry":{"type":"Polygon","coordinates":[[[27.447647,39.780769],[27.448206,39.780295],[27.448605,39.780318],[27.448765,39.780284],[27.448666,39.78021],[27.4486,39.780127],[27.448572,39.779998],[27.448725,39.779314],[27.448434,39.779215],[27.448133,39.77899],[27.448082,39.778847],[27.448091,39.778706],[27.448332,39.778276],[27.448344,39.778169],[27.448249,39.77781],[27.448222,39.777543],[27.449122,39.77732],[27.449521,39.777281],[27.450266,39.777018],[27.450421,39.777115],[27.450653,39.777126],[27.450825,39.776928],[27.451144,39.776674],[27.451769,39.776307],[27.451953,39.776165],[27.452007,39.776148],[27.452112,39.776187],[27.452162,39.776205],[27.452221,39.776212],[27.452268,39.776213],[27.452507,39.776183],[27.452713,39.776186],[27.452939,39.776188],[27.453155,39.776212],[27.453544,39.77625],[27.45414,39.776368],[27.454436,39.776367],[27.455166,39.776369],[27.455622,39.776304],[27.456299,39.776205],[27.456772,39.776066],[27.457014,39.775959],[27.457386,39.775724],[27.457425,39.775645],[27.457791,39.775131],[27.458023,39.7749],[27.458079,39.774989],[27.458095,39.774968],[27.458163,39.774884],[27.458202,39.774843],[27.458204,39.774839],[27.459413,39.773618],[27.460588,39.772649],[27.460594,39.772646],[27.460595,39.772645],[27.460832,39.772505],[27.460832,39.772505],[27.460963,39.772379],[27.460967,39.772377],[27.46097,39.772375],[27.46115,39.772291],[27.461375,39.77219],[27.461726,39.772065],[27.461966,39.771969],[27.462157,39.771889],[27.462369,39.771804],[27.462574,39.7717],[27.462645,39.771679],[27.462722,39.771666],[27.462893,39.771664],[27.463064,39.771668],[27.463021,39.771623],[27.462939,39.771562],[27.462891,39.771531],[27.462806,39.771493],[27.462686,39.77143],[27.462605,39.771381],[27.462515,39.771325],[27.462375,39.771222],[27.462242,39.771129],[27.462059,39.770975],[27.461944,39.770884],[27.46185,39.770798],[27.461753,39.770704],[27.461685,39.770625],[27.461638,39.770572],[27.46151,39.770398],[27.461448,39.770297],[27.461391,39.770202],[27.461339,39.770098],[27.461301,39.770024],[27.46128,39.769938],[27.461216,39.769789],[27.461202,39.769741],[27.461132,39.769524],[27.461042,39.769322],[27.460953,39.769135],[27.460891,39.769044],[27.46082,39.76897],[27.46086,39.768931],[27.460902,39.768881],[27.460982,39.768802],[27.4611,39.768714],[27.461219,39.768623],[27.461345,39.768519],[27.461411,39.76844],[27.461463,39.768372],[27.461514,39.768267],[27.461535,39.76811],[27.461527,39.768026],[27.461485,39.767883],[27.461406,39.767738],[27.461335,39.767632],[27.461288,39.767527],[27.461248,39.76741],[27.461211,39.767261],[27.461204,39.767157],[27.461213,39.767054],[27.461251,39.766906],[27.461267,39.766724],[27.46128,39.766575],[27.461264,39.766467],[27.461243,39.766344],[27.46121,39.766242],[27.46111,39.765997],[27.461035,39.765858],[27.461007,39.765792],[27.460996,39.765745],[27.460918,39.765722],[27.46084,39.765693],[27.460762,39.765647],[27.460689,39.765587],[27.460583,39.76548],[27.460499,39.765371],[27.460405,39.765261],[27.460304,39.765117],[27.460227,39.765028],[27.460172,39.764977],[27.460133,39.764923],[27.460095,39.764867],[27.460017,39.764719],[27.459969,39.764651],[27.45986,39.764514],[27.459821,39.76438],[27.459664,39.763784],[27.459657,39.763737],[27.459624,39.763675],[27.459593,39.763645],[27.459597,39.763587],[27.459738,39.76336],[27.459862,39.763231],[27.459942,39.763172],[27.460096,39.763031],[27.46014,39.762973],[27.460175,39.7629],[27.460206,39.762793],[27.460206,39.762677],[27.460181,39.762653],[27.460121,39.762627],[27.460063,39.762627],[27.459084,39.761556],[27.459942,39.759357],[27.459904,39.759339],[27.459858,39.759318],[27.459788,39.759303],[27.459733,39.759304],[27.459692,39.759309],[27.45961,39.75931],[27.459576,39.759299],[27.459535,39.7593],[27.45947,39.759326],[27.459393,39.75938],[27.459374,39.75939],[27.459336,39.759406],[27.459254,39.759409],[27.459206,39.759394],[27.459166,39.759371],[27.459127,39.759319],[27.459091,39.759215],[27.459056,39.759165],[27.459048,39.75913],[27.459039,39.759061],[27.459007,39.759023],[27.458939,39.758977],[27.458864,39.758957],[27.458748,39.758938],[27.458608,39.758934],[27.458018,39.758589],[27.457909,39.758494],[27.458433,39.758336],[27.458452,39.758341],[27.458548,39.758341],[27.45875,39.758325],[27.458899,39.758291],[27.459026,39.758296],[27.459121,39.758302],[27.459274,39.758322],[27.459346,39.758355],[27.459347,39.758388],[27.459322,39.758477],[27.459617,39.75852],[27.459864,39.758535],[27.460221,39.758531],[27.460337,39.758177],[27.460365,39.758096],[27.46043,39.757977],[27.460432,39.757931],[27.460308,39.757834],[27.460248,39.757822],[27.460183,39.757819],[27.460042,39.757835],[27.459977,39.757834],[27.459958,39.757822],[27.459943,39.757806],[27.459933,39.757786],[27.459917,39.757712],[27.459886,39.757688],[27.459704,39.757597],[27.459599,39.757526],[27.459633,39.757503],[27.459674,39.757459],[27.459673,39.757445],[27.459604,39.757424],[27.459543,39.757425],[27.459415,39.757441],[27.459303,39.757442],[27.459118,39.757381],[27.458885,39.757261],[27.45863,39.757168],[27.458218,39.756991],[27.458022,39.756863],[27.457887,39.756792],[27.45785,39.756771],[27.457798,39.756751],[27.45768,39.756729],[27.457628,39.756679],[27.457421,39.756588],[27.457292,39.756539],[27.457182,39.756509],[27.45709,39.756419],[27.457024,39.756368],[27.456954,39.756333],[27.456869,39.756313],[27.456765,39.756295],[27.456165,39.756118],[27.455594,39.755983],[27.45544,39.75596],[27.45526,39.755947],[27.454937,39.75592],[27.454738,39.756078],[27.454503,39.756233],[27.454314,39.756388],[27.454198,39.756568],[27.454087,39.756768],[27.453987,39.756864],[27.453823,39.756946],[27.453591,39.757038],[27.453212,39.757105],[27.453117,39.757153],[27.453053,39.75727],[27.452974,39.757354],[27.452881,39.757429],[27.45257,39.757502],[27.452228,39.757552],[27.451878,39.757655],[27.451662,39.75776],[27.451518,39.757884],[27.451463,39.75798],[27.451414,39.7581],[27.451469,39.758414],[27.451475,39.758542],[27.451457,39.75867],[27.451384,39.758815],[27.451227,39.758978],[27.451047,39.759203],[27.4509,39.759434],[27.450662,39.759783],[27.450579,39.759954],[27.450546,39.760072],[27.450544,39.760267],[27.450564,39.760436],[27.45059,39.760563],[27.450602,39.760683],[27.450587,39.760792],[27.450549,39.760888],[27.45041,39.761123],[27.450209,39.761384],[27.450146,39.761513],[27.450087,39.761643],[27.450046,39.761822],[27.450002,39.762077],[27.449889,39.762473],[27.449595,39.762594],[27.449365,39.76265],[27.449226,39.762689],[27.4491,39.762707],[27.448892,39.762708],[27.448652,39.762698],[27.448516,39.762658],[27.448336,39.762587],[27.448213,39.762562],[27.448066,39.762524],[27.447932,39.762498],[27.447762,39.762484],[27.447652,39.762484],[27.447456,39.762508],[27.447389,39.76252],[27.447295,39.762548],[27.447173,39.762599],[27.447125,39.762621],[27.447012,39.7627],[27.446868,39.762791],[27.446867,39.762791],[27.446861,39.762795],[27.446674,39.762901],[27.446486,39.762992],[27.446274,39.763077],[27.446264,39.763083],[27.446201,39.763121],[27.446015,39.76323],[27.445962,39.763261],[27.445837,39.763292],[27.445632,39.763377],[27.445385,39.763462],[27.445313,39.763507],[27.445192,39.763594],[27.445148,39.763639],[27.445106,39.763706],[27.445093,39.763774],[27.445063,39.763845],[27.445002,39.763927],[27.444911,39.763974],[27.444752,39.764003],[27.444641,39.764003],[27.444527,39.763984],[27.444274,39.76397],[27.443963,39.763937],[27.443826,39.763927],[27.443729,39.76395],[27.443613,39.764053],[27.44344,39.764216],[27.443335,39.764291],[27.443332,39.764293],[27.443329,39.764296],[27.443135,39.764391],[27.442993,39.764445],[27.442812,39.764488],[27.442485,39.764644],[27.442277,39.764701],[27.441914,39.764865],[27.441637,39.764976],[27.441385,39.765082],[27.441188,39.765145],[27.441007,39.765212],[27.440873,39.765288],[27.440706,39.765564],[27.440705,39.765671],[27.440727,39.76578],[27.440774,39.765846],[27.440873,39.765889],[27.440955,39.765911],[27.441116,39.765933],[27.441384,39.765933],[27.441509,39.765909],[27.441547,39.765917],[27.441574,39.765946],[27.441596,39.765984],[27.441592,39.766282],[27.441616,39.766356],[27.441663,39.766434],[27.441692,39.766469],[27.441727,39.766494],[27.441808,39.766572],[27.441848,39.766629],[27.441878,39.766667],[27.441917,39.766702],[27.442072,39.766856],[27.442002,39.766813],[27.441945,39.766779],[27.441887,39.766753],[27.441849,39.766743],[27.441807,39.766731],[27.441599,39.766733],[27.441474,39.766748],[27.441321,39.766775],[27.441179,39.766813],[27.441083,39.766698],[27.441007,39.766618],[27.440956,39.76659],[27.440919,39.766567],[27.440887,39.766561],[27.440857,39.766574],[27.440837,39.766593],[27.44082,39.766622],[27.440803,39.76668],[27.44079,39.766713],[27.440727,39.766773],[27.440413,39.766762],[27.440338,39.766755],[27.440267,39.76676],[27.440091,39.766808],[27.440025,39.766848],[27.439977,39.766897],[27.439944,39.767034],[27.439925,39.767131],[27.439871,39.767242],[27.439807,39.767361],[27.439734,39.767468],[27.439682,39.767536],[27.43964,39.767618],[27.439597,39.767701],[27.439572,39.767728],[27.439566,39.767787],[27.439598,39.767983],[27.439544,39.767926],[27.439447,39.767848],[27.439217,39.767709],[27.439143,39.767662],[27.439087,39.767614],[27.439041,39.767542],[27.43901,39.767479],[27.438978,39.767348],[27.438974,39.767284],[27.438989,39.767196],[27.439069,39.766933],[27.439024,39.76691],[27.438931,39.766887],[27.438844,39.766869],[27.438763,39.766863],[27.438694,39.766871],[27.438644,39.766884],[27.438572,39.766913],[27.438482,39.766966],[27.438327,39.767058],[27.438302,39.767061],[27.438288,39.767015],[27.438299,39.766967],[27.438343,39.76686],[27.438354,39.766817],[27.438354,39.766768],[27.438332,39.766722],[27.438303,39.766698],[27.438275,39.766692],[27.438216,39.766696],[27.438156,39.766708],[27.438113,39.766725],[27.438065,39.766725],[27.438034,39.766712],[27.437935,39.766641],[27.437853,39.766634],[27.437788,39.766634],[27.437714,39.766653],[27.437579,39.766704],[27.437589,39.766651],[27.437518,39.766662],[27.437454,39.766676],[27.437248,39.766732],[27.43702,39.766785],[27.436834,39.766824],[27.436735,39.766855],[27.436729,39.766859],[27.436728,39.766859],[27.436597,39.766945],[27.43656,39.766985],[27.436542,39.767046],[27.436523,39.767174],[27.436478,39.767221],[27.436457,39.767266],[27.436386,39.767322],[27.436303,39.767365],[27.436234,39.767373],[27.436128,39.767381],[27.436007,39.767375],[27.435894,39.767379],[27.435831,39.767391],[27.435767,39.767422],[27.435763,39.767425],[27.435761,39.767426],[27.435691,39.767474],[27.435654,39.767534],[27.435623,39.767628],[27.435582,39.767727],[27.4355,39.767784],[27.43542,39.767816],[27.435343,39.767848],[27.435202,39.767881],[27.435081,39.767911],[27.435058,39.767986],[27.43505,39.768047],[27.435074,39.768151],[27.435131,39.768208],[27.435175,39.768231],[27.435271,39.768265],[27.435416,39.76831],[27.435501,39.768353],[27.435616,39.768429],[27.43575,39.768548],[27.43579,39.768612],[27.435832,39.768695],[27.435874,39.768798],[27.435956,39.769004],[27.436029,39.769148],[27.436065,39.769267],[27.436125,39.769393],[27.436141,39.769491],[27.436163,39.769545],[27.436197,39.76968],[27.43621,39.769989],[27.43623,39.770066],[27.43622,39.770157],[27.436148,39.770252],[27.436061,39.770324],[27.435989,39.77042],[27.435957,39.770486],[27.435907,39.770584],[27.435814,39.770699],[27.43576,39.770791],[27.435708,39.770899],[27.435678,39.770985],[27.435654,39.771083],[27.435616,39.771173],[27.435599,39.771284],[27.435564,39.771359],[27.435473,39.771486],[27.435401,39.771579],[27.435323,39.771664],[27.435249,39.77174],[27.435149,39.771869],[27.435047,39.771979],[27.434951,39.772099],[27.434887,39.772335],[27.434779,39.772496],[27.434708,39.772577],[27.43461,39.772645],[27.434422,39.772763],[27.434388,39.772816],[27.434422,39.773027],[27.434407,39.773089],[27.434291,39.773446],[27.434246,39.773706],[27.434251,39.773798],[27.434323,39.773954],[27.434337,39.774001],[27.434331,39.774094],[27.434329,39.774215],[27.434332,39.774313],[27.434378,39.774526],[27.434217,39.774613],[27.434089,39.774645],[27.433978,39.774658],[27.433456,39.774792],[27.433453,39.774894],[27.433422,39.775005],[27.433378,39.775144],[27.433371,39.775278],[27.433356,39.775319],[27.433342,39.775384],[27.433361,39.775408],[27.433413,39.775413],[27.433629,39.775443],[27.433863,39.775465],[27.434164,39.775777],[27.434105,39.775975],[27.432351,39.776699],[27.432252,39.776739],[27.432257,39.776905],[27.432229,39.77737],[27.432183,39.77766],[27.432132,39.777768],[27.432043,39.777911],[27.432084,39.77795],[27.432002,39.778123],[27.432081,39.778246],[27.432255,39.778265],[27.432677,39.778169],[27.433508,39.778284],[27.434622,39.777973],[27.43491,39.777904],[27.435461,39.777653],[27.436239,39.777127],[27.43651,39.77712],[27.437512,39.77669],[27.438864,39.776076],[27.439047,39.77633],[27.439063,39.776498],[27.439069,39.776853],[27.439178,39.777021],[27.439349,39.777141],[27.439609,39.777305],[27.4398,39.777559],[27.439761,39.777768],[27.43964,39.778046],[27.439641,39.778232],[27.439835,39.778363],[27.439839,39.778448],[27.43981,39.778509],[27.439951,39.778608],[27.43997,39.778665],[27.439885,39.778748],[27.439867,39.778809],[27.440102,39.778939],[27.440154,39.779068],[27.44018,39.779093],[27.440325,39.779164],[27.440489,39.779281],[27.440549,39.779369],[27.440645,39.77938],[27.441079,39.779405],[27.441729,39.779585],[27.441918,39.77965],[27.442119,39.779701],[27.442338,39.779846],[27.442589,39.780134],[27.442679,39.780348],[27.442813,39.780485],[27.443155,39.780638],[27.443461,39.780868],[27.443535,39.780945],[27.443765,39.780953],[27.443984,39.781046],[27.444051,39.781063],[27.444353,39.781308],[27.444358,39.781454],[27.444496,39.781662],[27.444649,39.781847],[27.444954,39.781983],[27.445136,39.782054],[27.445778,39.782125],[27.446015,39.782046],[27.44637,39.78198],[27.44664,39.781714],[27.447075,39.781129],[27.447241,39.780995],[27.447647,39.780769]]]}},{"type":"Feature","properties":{"id":"TR-Y-17-012-K-0034","level":"yerlesim","type":"mahalle","parent_id":"TR-D-17-012","province_id":"TR-P-17","district_id":"TR-D-17-012","name":"Hamdibey","source_raw_name":"Hamdibey","source":"Kullanıcı tarafından sağlanan KML","source_label":"Kullanıcı tarafından sağlanan KML","source_name":"Canakkale Mahalle KML - kullanici tarafindan saglandi"},"geometry":{"type":"Polygon","coordinates":[[[27.249697,39.898411],[27.249973,39.897953],[27.249816,39.897164],[27.250413,39.896621],[27.249942,39.896264],[27.250333,39.894834],[27.250593,39.89428],[27.249957,39.893572],[27.249336,39.892906],[27.250055,39.892116],[27.250391,39.890445],[27.249208,39.88922],[27.248984,39.888828],[27.249087,39.888618],[27.250049,39.88775],[27.250972,39.887058],[27.250538,39.886121],[27.249606,39.884083],[27.248602,39.883113],[27.249033,39.881663],[27.24897,39.880909],[27.249776,39.880667],[27.253064,39.878448],[27.255216,39.876995],[27.255252,39.876504],[27.255584,39.872519],[27.257015,39.871505],[27.260913,39.868732],[27.262935,39.866783],[27.263192,39.866707],[27.262991,39.86631],[27.262691,39.865549],[27.262738,39.864786],[27.261019,39.861568],[27.26114,39.860901],[27.257364,39.856582],[27.256596,39.856316],[27.256422,39.856107],[27.256494,39.855573],[27.256071,39.854926],[27.25565,39.854622],[27.255882,39.85402],[27.255995,39.853653],[27.256062,39.853424],[27.256105,39.853252],[27.2564,39.852618],[27.256583,39.852169],[27.256724,39.851835],[27.256767,39.851668],[27.256915,39.85152],[27.257298,39.851357],[27.257289,39.850766],[27.258582,39.850816],[27.258687,39.850778],[27.258828,39.850823],[27.259054,39.85088],[27.259739,39.851103],[27.260078,39.851161],[27.26011,39.85116],[27.260309,39.851236],[27.260282,39.85085],[27.260424,39.850612],[27.260448,39.850473],[27.260472,39.850354],[27.260644,39.850068],[27.260743,39.849972],[27.260798,39.849891],[27.26076,39.849634],[27.260667,39.849458],[27.260437,39.849296],[27.260307,39.849244],[27.25996,39.848892],[27.259848,39.848788],[27.259743,39.848759],[27.25944,39.848822],[27.25955,39.84844],[27.259567,39.84805],[27.259596,39.847668],[27.259509,39.847478],[27.259508,39.847111],[27.259476,39.846973],[27.259272,39.846964],[27.259105,39.846921],[27.259344,39.84643],[27.259128,39.846349],[27.258961,39.846349],[27.258663,39.846198],[27.258422,39.845998],[27.258569,39.845674],[27.258401,39.845536],[27.25785,39.845394],[27.257745,39.845413],[27.257781,39.845123],[27.257935,39.844974],[27.25786,39.84467],[27.257743,39.84466],[27.257595,39.84477],[27.256976,39.844605],[27.257624,39.842707],[27.255897,39.842286],[27.255278,39.842044],[27.255603,39.8412],[27.255718,39.84059],[27.255817,39.840537],[27.256087,39.840127],[27.256192,39.840108],[27.256105,39.840012],[27.255572,39.839647],[27.25546,39.839447],[27.255096,39.839638],[27.254751,39.839901],[27.254621,39.839973],[27.254189,39.839926],[27.253842,39.839951],[27.253527,39.840047],[27.253305,39.840061],[27.252928,39.839976],[27.252748,39.839929],[27.252901,39.839409],[27.253122,39.83908],[27.253368,39.838832],[27.253799,39.838225],[27.254377,39.837371],[27.255405,39.837764],[27.256042,39.838025],[27.25668,39.838171],[27.256772,39.838133],[27.257534,39.836959],[27.257194,39.836831],[27.256903,39.836794],[27.256841,39.836656],[27.256692,39.836575],[27.256687,39.835069],[27.256754,39.834849],[27.257069,39.834882],[27.257075,39.834796],[27.257291,39.834648],[27.257438,39.834348],[27.257624,39.834352],[27.257666,39.834061],[27.257955,39.83376],[27.258262,39.83325],[27.258286,39.832944],[27.258216,39.832416],[27.257974,39.832063],[27.257898,39.831568],[27.258075,39.831177],[27.257711,39.829548],[27.256666,39.829469],[27.256433,39.829389],[27.256091,39.829176],[27.255896,39.828501],[27.255868,39.827827],[27.25547,39.82777],[27.255159,39.827754],[27.254735,39.827589],[27.254368,39.827481],[27.253926,39.827325],[27.252953,39.826898],[27.252425,39.826679],[27.252369,39.82661],[27.252187,39.826516],[27.251991,39.8265],[27.251905,39.826448],[27.251436,39.825983],[27.251212,39.825638],[27.250692,39.825381],[27.250488,39.825333],[27.250017,39.825148],[27.249501,39.825047],[27.249456,39.825064],[27.249059,39.82495],[27.247912,39.82477],[27.247163,39.824674],[27.246715,39.824809],[27.246592,39.824775],[27.246411,39.824827],[27.24607,39.825065],[27.246045,39.825157],[27.24593,39.825317],[27.245849,39.825312],[27.245521,39.825064],[27.245099,39.82529],[27.244705,39.825909],[27.244509,39.826201],[27.244402,39.826436],[27.244176,39.826473],[27.243869,39.826626],[27.243714,39.826775],[27.243431,39.82747],[27.243492,39.827916],[27.243479,39.828602],[27.243399,39.828903],[27.243236,39.829046],[27.242884,39.829124],[27.242791,39.829033],[27.242437,39.828693],[27.242341,39.828699],[27.242223,39.828799],[27.24203,39.828991],[27.242049,39.82906],[27.24208,39.829294],[27.241383,39.829336],[27.241019,39.829271],[27.240687,39.829938],[27.240103,39.829846],[27.240185,39.830014],[27.240109,39.830269],[27.239765,39.83063],[27.239632,39.830931],[27.239578,39.831343],[27.239598,39.831814],[27.239658,39.832],[27.239849,39.832377],[27.239883,39.832583],[27.239758,39.832978],[27.240717,39.833399],[27.241007,39.833656],[27.240729,39.834301],[27.240789,39.83435],[27.240934,39.834457],[27.241062,39.834571],[27.241191,39.834681],[27.241323,39.83482],[27.241457,39.835008],[27.24152,39.835169],[27.241531,39.835338],[27.241529,39.835516],[27.241521,39.835668],[27.241514,39.835815],[27.241493,39.83598],[27.241471,39.836143],[27.241444,39.836361],[27.241421,39.836575],[27.241401,39.836804],[27.241394,39.836977],[27.241396,39.837114],[27.241419,39.837253],[27.241445,39.837364],[27.241502,39.837485],[27.241566,39.837608],[27.241629,39.837732],[27.241691,39.837848],[27.241781,39.838032],[27.241867,39.838194],[27.241976,39.838427],[27.242058,39.838604],[27.242144,39.838764],[27.242222,39.838929],[27.242311,39.839102],[27.242386,39.839255],[27.24238,39.839321],[27.242017,39.839404],[27.241941,39.839928],[27.241828,39.840494],[27.242088,39.840574],[27.241688,39.841778],[27.241317,39.841691],[27.24124,39.842122],[27.241163,39.842154],[27.241083,39.842629],[27.24101,39.842949],[27.240941,39.843593],[27.240821,39.844311],[27.240716,39.84486],[27.24058,39.845209],[27.24038,39.84539],[27.240321,39.845533],[27.240286,39.846022],[27.240176,39.846568],[27.240078,39.846969],[27.240123,39.847118],[27.240046,39.847387],[27.239932,39.847819],[27.239907,39.847984],[27.23989,39.848359],[27.239817,39.848771],[27.239747,39.849111],[27.23967,39.849134],[27.239197,39.849664],[27.238913,39.850123],[27.238894,39.85024],[27.238932,39.850274],[27.23885,39.850291],[27.238561,39.850384],[27.238298,39.850538],[27.237961,39.850665],[27.237672,39.8507],[27.23742,39.850855],[27.236979,39.851016],[27.236764,39.851154],[27.236225,39.85187],[27.236218,39.851907],[27.236133,39.851993],[27.236048,39.852036],[27.235911,39.852133],[27.235789,39.852342],[27.235905,39.852611],[27.235894,39.852757],[27.235805,39.852817],[27.235687,39.852829],[27.235591,39.852972],[27.235509,39.852989],[27.235406,39.853104],[27.235354,39.853298],[27.235311,39.853579],[27.234934,39.854105],[27.234811,39.85437],[27.234715,39.854639],[27.234581,39.855093],[27.234385,39.855121],[27.234312,39.8553],[27.234146,39.855586],[27.234098,39.855882],[27.233795,39.856063],[27.23358,39.856474],[27.233572,39.857575],[27.233214,39.857904],[27.233116,39.858186],[27.233346,39.858419],[27.233409,39.858785],[27.233076,39.859139],[27.231964,39.859398],[27.23189,39.859618],[27.231991,39.859999],[27.231905,39.860228],[27.231447,39.86021],[27.230419,39.85983],[27.229801,39.859727],[27.228836,39.859767],[27.227872,39.859835],[27.226401,39.860143],[27.225177,39.860527],[27.22461,39.861014],[27.224033,39.862455],[27.224146,39.86296],[27.224668,39.863712],[27.225327,39.86474],[27.225354,39.865235],[27.22496,39.86598],[27.224257,39.866467],[27.224011,39.86682],[27.224263,39.868269],[27.224204,39.869289],[27.223068,39.869863],[27.222007,39.870894],[27.221763,39.871667],[27.220468,39.872956],[27.219319,39.873387],[27.218827,39.874227],[27.21816,39.874771],[27.217483,39.875678],[27.216482,39.876252],[27.215841,39.87672],[27.21562,39.877416],[27.214636,39.879296],[27.213933,39.87986],[27.213501,39.880251],[27.2125,39.880701],[27.211436,39.880617],[27.210707,39.880971],[27.209436,39.88207],[27.208966,39.882175],[27.208274,39.882291],[27.207285,39.882731],[27.205917,39.884421],[27.205584,39.884888],[27.203795,39.886541],[27.201611,39.888584],[27.199373,39.890691],[27.199482,39.892647],[27.199574,39.893944],[27.2023,39.895249],[27.204812,39.89739],[27.20766,39.897956],[27.210258,39.897714],[27.217404,39.897319],[27.221418,39.898475],[27.224216,39.898642],[27.226348,39.899724],[27.229515,39.899432],[27.23169,39.898532],[27.233621,39.898623],[27.235353,39.898391],[27.23882,39.899455],[27.242168,39.900988],[27.242965,39.901202],[27.243155,39.901127],[27.248507,39.899142],[27.249697,39.898411]]]}},{"type":"Feature","properties":{"id":"TR-Y-17-012-K-0035","level":"yerlesim","type":"mahalle","parent_id":"TR-D-17-012","province_id":"TR-P-17","district_id":"TR-D-17-012","name":"Haydaroba","source_raw_name":"Haydaroba","source":"Kullanıcı tarafından sağlanan KML","source_label":"Kullanıcı tarafından sağlanan KML","source_name":"Canakkale Mahalle KML - kullanici tarafindan saglandi"},"geometry":{"type":"Polygon","coordinates":[[[27.409628,39.920829],[27.410379,39.920628],[27.411211,39.920625],[27.412319,39.920438],[27.413958,39.919639],[27.414903,39.919313],[27.415125,39.919216],[27.415521,39.919188],[27.415863,39.919248],[27.417819,39.919279],[27.418251,39.919377],[27.418617,39.919307],[27.41908,39.918989],[27.419645,39.918312],[27.420467,39.917447],[27.42092,39.917057],[27.421875,39.91607],[27.422387,39.91566],[27.422713,39.915529],[27.423358,39.914978],[27.423653,39.914618],[27.424166,39.914258],[27.424161,39.914197],[27.424081,39.914113],[27.424065,39.913949],[27.424074,39.913869],[27.424213,39.913808],[27.424118,39.91372],[27.424098,39.913659],[27.424018,39.913603],[27.42381,39.913592],[27.423591,39.913417],[27.423398,39.913323],[27.423303,39.913155],[27.423112,39.912813],[27.422968,39.912646],[27.422893,39.912554],[27.422882,39.912467],[27.422673,39.912265],[27.422438,39.911904],[27.422293,39.911558],[27.422406,39.911534],[27.422456,39.91153],[27.422535,39.911454],[27.422668,39.91143],[27.42323,39.911001],[27.423505,39.910714],[27.423589,39.910546],[27.423692,39.910447],[27.424481,39.91084],[27.424536,39.911645],[27.424474,39.912026],[27.424945,39.91289],[27.425069,39.912992],[27.425159,39.913103],[27.425233,39.913091],[27.425282,39.913018],[27.425295,39.912694],[27.425308,39.912321],[27.425452,39.91171],[27.425531,39.911698],[27.425919,39.911899],[27.426681,39.911828],[27.427043,39.911902],[27.427312,39.912206],[27.428699,39.913029],[27.428777,39.913183],[27.428922,39.91354],[27.429271,39.913843],[27.430649,39.914582],[27.431366,39.914498],[27.431391,39.91445],[27.431366,39.914417],[27.431438,39.91404],[27.431555,39.913916],[27.431759,39.913887],[27.431937,39.913729],[27.432579,39.913421],[27.433757,39.91274],[27.43414,39.912634],[27.434217,39.912578],[27.434309,39.912346],[27.434277,39.912251],[27.434357,39.912231],[27.434902,39.912282],[27.435032,39.912231],[27.435337,39.912051],[27.435482,39.912036],[27.435609,39.912057],[27.435754,39.911961],[27.435935,39.911723],[27.436143,39.911896],[27.436294,39.91174],[27.436487,39.911387],[27.436657,39.910931],[27.436656,39.910807],[27.436727,39.910671],[27.436655,39.9106],[27.436492,39.910264],[27.436832,39.910123],[27.436848,39.90982],[27.436965,39.909684],[27.436685,39.909411],[27.43655,39.909216],[27.436217,39.90878],[27.43592,39.908366],[27.435974,39.908244],[27.436896,39.907747],[27.437846,39.907229],[27.437919,39.907076],[27.437774,39.906766],[27.437616,39.906378],[27.437506,39.906264],[27.437298,39.906127],[27.436921,39.906129],[27.436783,39.906167],[27.436746,39.90612],[27.436631,39.906121],[27.436514,39.906009],[27.436456,39.905926],[27.436433,39.905818],[27.436444,39.905664],[27.43646,39.905596],[27.436451,39.90557],[27.436426,39.905558],[27.436329,39.905561],[27.436101,39.905576],[27.435966,39.905536],[27.435881,39.905515],[27.435697,39.905508],[27.435588,39.905484],[27.435514,39.90541],[27.43542,39.905278],[27.435306,39.905145],[27.435015,39.905099],[27.434803,39.905085],[27.434316,39.905062],[27.434183,39.905047],[27.433848,39.905001],[27.43342,39.90495],[27.433077,39.904861],[27.432838,39.904726],[27.432667,39.904589],[27.432516,39.9045],[27.432166,39.904306],[27.432122,39.904279],[27.431476,39.903757],[27.431396,39.903627],[27.431322,39.903522],[27.43116,39.903348],[27.431167,39.903248],[27.431246,39.903106],[27.431443,39.902982],[27.431486,39.902942],[27.431519,39.902852],[27.431521,39.902756],[27.43149,39.902643],[27.431387,39.902543],[27.431296,39.902345],[27.43124,39.902232],[27.43121,39.902091],[27.431293,39.901761],[27.431477,39.901196],[27.431436,39.900952],[27.431329,39.900207],[27.431369,39.900062],[27.431745,39.900025],[27.432062,39.899719],[27.43214,39.899414],[27.431928,39.89907],[27.431859,39.898905],[27.431774,39.898796],[27.431572,39.898663],[27.431501,39.898552],[27.431478,39.89833],[27.431475,39.897367],[27.431551,39.897227],[27.431809,39.896944],[27.432161,39.896769],[27.432937,39.896221],[27.43379,39.895576],[27.43513,39.894687],[27.435235,39.894618],[27.436179,39.89378],[27.436909,39.893217],[27.437558,39.892686],[27.437655,39.892567],[27.437617,39.892496],[27.437472,39.892405],[27.437374,39.892117],[27.436846,39.890883],[27.436311,39.889604],[27.436058,39.888993],[27.436079,39.888762],[27.435779,39.888331],[27.435752,39.888202],[27.435644,39.888094],[27.435481,39.888058],[27.435203,39.887581],[27.435336,39.887438],[27.435312,39.8872],[27.435229,39.887029],[27.435268,39.886752],[27.43458,39.886448],[27.434497,39.886303],[27.434176,39.886064],[27.433666,39.885863],[27.433287,39.885658],[27.433122,39.885476],[27.432917,39.885362],[27.43256,39.885223],[27.43227,39.885104],[27.43224,39.885022],[27.432243,39.884936],[27.432287,39.884887],[27.432309,39.884821],[27.432319,39.884738],[27.432278,39.88463],[27.43237,39.884541],[27.432514,39.884466],[27.432833,39.88435],[27.432828,39.884201],[27.432746,39.884105],[27.432575,39.884051],[27.432429,39.883894],[27.432355,39.883883],[27.431938,39.883653],[27.431711,39.883577],[27.431132,39.883024],[27.431106,39.882964],[27.431309,39.882832],[27.431601,39.882659],[27.431612,39.882639],[27.431489,39.882491],[27.431462,39.882445],[27.431466,39.882405],[27.431495,39.882325],[27.431446,39.882242],[27.431442,39.882154],[27.431546,39.882113],[27.431701,39.882072],[27.431906,39.882095],[27.432268,39.882428],[27.432477,39.882573],[27.432875,39.882774],[27.432941,39.882728],[27.432863,39.882606],[27.432847,39.8825],[27.432862,39.882408],[27.433006,39.882311],[27.433109,39.882253],[27.433269,39.882304],[27.433396,39.882452],[27.433512,39.882549],[27.43359,39.882526],[27.433671,39.882483],[27.433712,39.882448],[27.433867,39.882399],[27.43396,39.882433],[27.434013,39.882481],[27.43413,39.88287],[27.434419,39.883007],[27.434552,39.882954],[27.434582,39.882875],[27.434631,39.882828],[27.434668,39.882754],[27.434574,39.882537],[27.434632,39.882425],[27.434761,39.882353],[27.434792,39.882236],[27.434844,39.882157],[27.434951,39.882069],[27.435084,39.882018],[27.435455,39.881955],[27.435569,39.881902],[27.435206,39.881677],[27.435063,39.881615],[27.43519,39.881246],[27.43519,39.881174],[27.434892,39.880944],[27.43443,39.880839],[27.433881,39.880638],[27.433667,39.880539],[27.433441,39.880397],[27.433285,39.880266],[27.432832,39.879982],[27.432248,39.879577],[27.431856,39.879297],[27.431636,39.879233],[27.431465,39.879494],[27.430707,39.879516],[27.430633,39.879466],[27.430555,39.879445],[27.430487,39.879457],[27.430448,39.879552],[27.43034,39.879608],[27.4302,39.879603],[27.430034,39.87968],[27.430006,39.879704],[27.429623,39.879834],[27.429618,39.879894],[27.429724,39.880013],[27.429731,39.880246],[27.429825,39.880441],[27.429889,39.880708],[27.430108,39.88111],[27.430076,39.881467],[27.430135,39.881534],[27.430355,39.881566],[27.430538,39.88163],[27.430591,39.881716],[27.430589,39.881887],[27.430528,39.882052],[27.430408,39.882114],[27.430266,39.88221],[27.430233,39.882265],[27.430295,39.882412],[27.430619,39.882702],[27.430734,39.882887],[27.430816,39.883085],[27.430854,39.883168],[27.430858,39.883423],[27.430813,39.883559],[27.430908,39.88393],[27.430328,39.884188],[27.429918,39.884394],[27.429656,39.884574],[27.429505,39.884596],[27.429421,39.884582],[27.429173,39.884471],[27.428974,39.884288],[27.42873,39.883943],[27.428656,39.883882],[27.428223,39.883979],[27.427893,39.88402],[27.427614,39.884014],[27.4274,39.883934],[27.426914,39.883886],[27.426163,39.883857],[27.425921,39.883846],[27.425819,39.883785],[27.425688,39.883561],[27.425663,39.883521],[27.425485,39.883329],[27.425181,39.883172],[27.424375,39.88288],[27.424248,39.882828],[27.424083,39.882733],[27.42391,39.882662],[27.423507,39.882649],[27.423365,39.882674],[27.423124,39.882644],[27.423025,39.882601],[27.422953,39.882485],[27.422909,39.882409],[27.422853,39.882292],[27.422679,39.882221],[27.422471,39.882181],[27.422323,39.882211],[27.422048,39.882295],[27.421783,39.882391],[27.421545,39.882435],[27.421211,39.882474],[27.4211,39.88247],[27.420963,39.882392],[27.420724,39.882159],[27.42055,39.882031],[27.420364,39.881929],[27.420261,39.881906],[27.420076,39.881969],[27.419972,39.882169],[27.420125,39.882404],[27.419989,39.882865],[27.419962,39.88307],[27.419982,39.883244],[27.419849,39.883244],[27.41965,39.883047],[27.419503,39.882888],[27.419422,39.882681],[27.41938,39.882469],[27.419308,39.882255],[27.419178,39.882246],[27.419008,39.882323],[27.418744,39.882571],[27.418704,39.882657],[27.418557,39.882884],[27.418278,39.882838],[27.417867,39.882806],[27.417408,39.881718],[27.417126,39.881002],[27.416947,39.88065],[27.416766,39.880415],[27.41656,39.880504],[27.416066,39.880663],[27.415794,39.880716],[27.415574,39.880727],[27.415229,39.880892],[27.415016,39.880984],[27.414595,39.880654],[27.414364,39.880395],[27.413828,39.879913],[27.413555,39.879708],[27.413366,39.879628],[27.412945,39.879484],[27.412845,39.879441],[27.412264,39.879195],[27.412104,39.879055],[27.411973,39.878855],[27.411816,39.878659],[27.411771,39.878587],[27.411439,39.878334],[27.4106,39.877648],[27.410706,39.877336],[27.411569,39.877041],[27.411679,39.876938],[27.411575,39.876787],[27.411287,39.876479],[27.411123,39.876322],[27.410983,39.876002],[27.410962,39.875977],[27.410573,39.876116],[27.410565,39.876104],[27.410293,39.875902],[27.409945,39.875543],[27.409482,39.87499],[27.409678,39.874849],[27.409814,39.87478],[27.409413,39.873966],[27.409743,39.873936],[27.410385,39.873957],[27.410511,39.873899],[27.41019,39.872356],[27.410086,39.872337],[27.410026,39.87224],[27.409893,39.871834],[27.409409,39.871869],[27.408611,39.871903],[27.408085,39.872059],[27.407069,39.872111],[27.406375,39.872205],[27.40612,39.872309],[27.405792,39.872062],[27.405251,39.872181],[27.405229,39.872229],[27.404595,39.872417],[27.404698,39.872815],[27.404102,39.87306],[27.403502,39.873388],[27.403471,39.873111],[27.402322,39.873326],[27.402349,39.873498],[27.40196,39.873622],[27.401827,39.873714],[27.40122,39.87399],[27.400973,39.8737],[27.400277,39.873934],[27.399738,39.873249],[27.399149,39.873426],[27.398556,39.873588],[27.398357,39.873703],[27.398183,39.873841],[27.397843,39.874054],[27.397035,39.873579],[27.396648,39.873417],[27.396467,39.873518],[27.396367,39.873553],[27.396289,39.873544],[27.396169,39.873487],[27.396058,39.873525],[27.395943,39.87344],[27.395784,39.873509],[27.395951,39.873651],[27.396459,39.874073],[27.396835,39.874337],[27.397334,39.87463],[27.396894,39.874995],[27.39623,39.875678],[27.395655,39.87624],[27.395126,39.876565],[27.394664,39.876941],[27.394327,39.877054],[27.394271,39.877083],[27.393813,39.87737],[27.393084,39.877836],[27.392437,39.878198],[27.392445,39.878267],[27.392192,39.878299],[27.391922,39.878346],[27.391276,39.878388],[27.391052,39.878152],[27.389942,39.878762],[27.390061,39.878865],[27.389662,39.879141],[27.38897,39.880138],[27.38869,39.880471],[27.388482,39.880575],[27.388291,39.880884],[27.387803,39.881229],[27.38755,39.88115],[27.387373,39.881299],[27.387673,39.882074],[27.388038,39.882212],[27.388267,39.882432],[27.388268,39.8826],[27.388265,39.882759],[27.388686,39.883041],[27.389679,39.883632],[27.390583,39.884193],[27.391367,39.884603],[27.39215,39.884798],[27.392595,39.88469],[27.392756,39.884508],[27.39297,39.884437],[27.393524,39.88445],[27.393861,39.88451],[27.394546,39.884836],[27.394904,39.885163],[27.395391,39.885573],[27.395495,39.88582],[27.395712,39.886311],[27.396051,39.886752],[27.397146,39.887664],[27.397553,39.887952],[27.398029,39.88811],[27.398891,39.888161],[27.399952,39.888144],[27.400692,39.888155],[27.401109,39.888374],[27.401536,39.888518],[27.401645,39.888609],[27.401626,39.888746],[27.401469,39.888922],[27.401391,39.889105],[27.401205,39.889457],[27.401249,39.890349],[27.401115,39.89112],[27.40097,39.891761],[27.400901,39.892504],[27.401035,39.893342],[27.40136,39.894937],[27.400933,39.895528],[27.400936,39.895977],[27.40097,39.897016],[27.40097,39.897016],[27.401182,39.897577],[27.401663,39.898521],[27.402163,39.899442],[27.402615,39.900041],[27.4031,39.900438],[27.403448,39.900795],[27.40352,39.901146],[27.403493,39.901649],[27.403179,39.902123],[27.402558,39.90256],[27.401777,39.902753],[27.401073,39.902725],[27.400312,39.90247],[27.399996,39.902455],[27.399116,39.9022],[27.397439,39.902187],[27.396488,39.902424],[27.395866,39.902993],[27.395732,39.903394],[27.395774,39.904142],[27.395899,39.904394],[27.396124,39.904779],[27.39646,39.905088],[27.397056,39.905481],[27.397528,39.905751],[27.398496,39.906196],[27.399266,39.906584],[27.399824,39.906792],[27.39993,39.906906],[27.400315,39.907272],[27.401135,39.907793],[27.401285,39.90794],[27.401727,39.908406],[27.402106,39.908643],[27.402106,39.908643],[27.402342,39.908818],[27.402429,39.908923],[27.40238,39.909066],[27.402518,39.909261],[27.402793,39.909722],[27.403074,39.910203],[27.403492,39.910754],[27.403512,39.910935],[27.403234,39.911179],[27.402685,39.911338],[27.402413,39.911473],[27.401883,39.911913],[27.401489,39.912124],[27.400382,39.912285],[27.399497,39.912298],[27.399374,39.912446],[27.399239,39.912604],[27.39867,39.912725],[27.397939,39.912656],[27.396954,39.912464],[27.396063,39.912424],[27.39602,39.912548],[27.39548,39.913427],[27.395575,39.91377],[27.396101,39.914754],[27.397361,39.915355],[27.397664,39.91543],[27.398737,39.915727],[27.399834,39.915985],[27.400416,39.915993],[27.40088,39.916029],[27.401165,39.916],[27.401777,39.915979],[27.401981,39.915883],[27.402098,39.915835],[27.402396,39.916015],[27.402755,39.916018],[27.403435,39.915878],[27.404065,39.915647],[27.404164,39.91567],[27.404195,39.915689],[27.404666,39.915773],[27.405527,39.915894],[27.406067,39.916088],[27.406663,39.916348],[27.407192,39.916889],[27.407492,39.917427],[27.407608,39.918132],[27.407511,39.918566],[27.407302,39.918738],[27.406704,39.919231],[27.406046,39.919609],[27.406712,39.920214],[27.407268,39.920425],[27.407844,39.920591],[27.408122,39.920849],[27.408796,39.920893],[27.409628,39.920829]]]}},{"type":"Feature","properties":{"id":"TR-Y-17-012-K-0036","level":"yerlesim","type":"mahalle","parent_id":"TR-D-17-012","province_id":"TR-P-17","district_id":"TR-D-17-012","name":"Hıdırlar","source_raw_name":"Hıdırlar","source":"Kullanıcı tarafından sağlanan KML","source_label":"Kullanıcı tarafından sağlanan KML","source_name":"Canakkale Mahalle KML - kullanici tarafindan saglandi"},"geometry":{"type":"Polygon","coordinates":[[[27.143565,39.871712],[27.147215,39.871193],[27.150439,39.87247],[27.151633,39.87519],[27.154813,39.876673],[27.156031,39.876935],[27.161598,39.876973],[27.163913,39.876443],[27.166807,39.876313],[27.168843,39.876764],[27.171752,39.877522],[27.173546,39.8764],[27.175288,39.875596],[27.177255,39.875565],[27.179072,39.875104],[27.179738,39.874217],[27.182557,39.873526],[27.182964,39.872982],[27.182765,39.868207],[27.183542,39.867291],[27.184169,39.865803],[27.184198,39.862743],[27.183892,39.859169],[27.183441,39.856997],[27.184181,39.856309],[27.186144,39.855105],[27.185918,39.853962],[27.18584,39.852446],[27.185949,39.85156],[27.186428,39.850158],[27.187203,39.848755],[27.187719,39.847725],[27.188235,39.846208],[27.189338,39.842804],[27.189814,39.840573],[27.189758,39.83997],[27.190113,39.839405],[27.190112,39.83907],[27.190249,39.838704],[27.190288,39.838475],[27.190742,39.838108],[27.191006,39.837781],[27.191498,39.837533],[27.191992,39.837296],[27.192008,39.83723],[27.192009,39.83723],[27.192131,39.837102],[27.19219,39.837005],[27.191938,39.836908],[27.191912,39.836842],[27.191926,39.836802],[27.192019,39.836731],[27.192204,39.836699],[27.192159,39.836584],[27.192155,39.83645],[27.192225,39.836278],[27.192155,39.836207],[27.192081,39.836199],[27.19198,39.836216],[27.191817,39.836216],[27.191717,39.836173],[27.191698,39.836133],[27.191728,39.836059],[27.19202,39.835847],[27.192035,39.835775],[27.191986,39.835587],[27.192045,39.835527],[27.192134,39.835509],[27.192386,39.835457],[27.192405,39.835389],[27.192408,39.835269],[27.192352,39.835123],[27.192359,39.834963],[27.192388,39.834657],[27.192488,39.834514],[27.192498,39.834402],[27.192487,39.83423],[27.192568,39.83395],[27.192448,39.833675],[27.191927,39.833339],[27.192635,39.831891],[27.190803,39.831674],[27.185799,39.832056],[27.181776,39.832894],[27.178235,39.833059],[27.17497,39.832569],[27.171031,39.831385],[27.158692,39.829608],[27.153734,39.828995],[27.153644,39.83031],[27.153625,39.830386],[27.153323,39.83052],[27.15324,39.830677],[27.153055,39.831204],[27.152932,39.83149],[27.152935,39.831535],[27.152895,39.831595],[27.152741,39.831723],[27.152584,39.8318],[27.152374,39.831793],[27.152032,39.831758],[27.151787,39.831808],[27.151011,39.831929],[27.149642,39.832159],[27.149276,39.832171],[27.148727,39.83221],[27.146539,39.832345],[27.144313,39.832485],[27.142055,39.835569],[27.141047,39.836969],[27.140795,39.839181],[27.140005,39.83996],[27.139451,39.840036],[27.139413,39.840769],[27.138801,39.841669],[27.138566,39.84263],[27.138864,39.843316],[27.138173,39.844201],[27.135664,39.845806],[27.135329,39.846675],[27.13541,39.847758],[27.135651,39.849344],[27.13548,39.85276],[27.134909,39.854408],[27.134536,39.855857],[27.133461,39.859063],[27.133798,39.86075],[27.133654,39.862981],[27.134477,39.866383],[27.135185,39.867897],[27.135412,39.869956],[27.136083,39.871642],[27.136384,39.873644],[27.134098,39.87773],[27.136113,39.87927],[27.136858,39.880573],[27.137925,39.879657],[27.13929,39.879266],[27.139433,39.876738],[27.139847,39.876086],[27.142028,39.875408],[27.143437,39.874766],[27.143565,39.871712]]]}},{"type":"Feature","properties":{"id":"TR-Y-17-012-K-0037","level":"yerlesim","type":"mahalle","parent_id":"TR-D-17-012","province_id":"TR-P-17","district_id":"TR-D-17-012","name":"Kabalı","source_raw_name":"Kabalı","source":"Kullanıcı tarafından sağlanan KML","source_label":"Kullanıcı tarafından sağlanan KML","source_name":"Canakkale Mahalle KML - kullanici tarafindan saglandi"},"geometry":{"type":"Polygon","coordinates":[[[27.463921,39.95603],[27.464113,39.955924],[27.464534,39.955927],[27.464744,39.955931],[27.465245,39.955701],[27.465645,39.955346],[27.465836,39.955241],[27.466195,39.955168],[27.466622,39.955214],[27.466852,39.955365],[27.467206,39.955483],[27.467689,39.955457],[27.468999,39.954975],[27.4699,39.954648],[27.470884,39.954424],[27.471298,39.954375],[27.471749,39.954245],[27.472436,39.954208],[27.473472,39.954452],[27.473993,39.954531],[27.474551,39.954581],[27.474959,39.954541],[27.475635,39.954605],[27.476206,39.95487],[27.476603,39.95493],[27.477333,39.954856],[27.478535,39.954098],[27.479012,39.954129],[27.479391,39.954266],[27.479837,39.954302],[27.480085,39.954272],[27.480925,39.954054],[27.482086,39.954407],[27.482925,39.954875],[27.483671,39.955206],[27.484528,39.955607],[27.485118,39.955781],[27.486058,39.955283],[27.48699,39.954845],[27.487472,39.954714],[27.487992,39.954722],[27.488848,39.95488],[27.489399,39.954835],[27.490028,39.954565],[27.49038,39.954335],[27.491114,39.953979],[27.491448,39.953873],[27.491825,39.953828],[27.492352,39.953845],[27.492786,39.953977],[27.493276,39.953999],[27.493813,39.953834],[27.494685,39.953426],[27.494749,39.953452],[27.494847,39.953361],[27.494939,39.953201],[27.49501,39.952842],[27.495072,39.952087],[27.495057,39.951973],[27.494891,39.95169],[27.494842,39.951559],[27.494808,39.95142],[27.494812,39.95121],[27.494825,39.951124],[27.494874,39.951014],[27.494915,39.950881],[27.494975,39.950427],[27.494973,39.950228],[27.494965,39.950106],[27.494755,39.949392],[27.494697,39.94925],[27.494547,39.949071],[27.494338,39.948904],[27.494125,39.948768],[27.493834,39.94862],[27.493299,39.948285],[27.492697,39.947868],[27.492347,39.947609],[27.492098,39.947415],[27.491974,39.947304],[27.491894,39.947191],[27.491844,39.94705],[27.491743,39.946634],[27.491626,39.946239],[27.491544,39.946017],[27.491498,39.94587],[27.491343,39.945468],[27.491078,39.944843],[27.490896,39.944476],[27.490846,39.944331],[27.49078,39.944193],[27.490751,39.944058],[27.490734,39.943865],[27.490704,39.943133],[27.490697,39.943031],[27.490662,39.942928],[27.490474,39.942519],[27.490282,39.942217],[27.490275,39.942202],[27.490087,39.941475],[27.490038,39.941258],[27.489966,39.940919],[27.489889,39.940699],[27.489865,39.940313],[27.489821,39.940299],[27.489723,39.940239],[27.489742,39.940106],[27.489718,39.93999],[27.489504,39.939768],[27.489463,39.939619],[27.489452,39.939454],[27.48956,39.939324],[27.489564,39.93921],[27.489476,39.939215],[27.489349,39.9391],[27.489322,39.938933],[27.489343,39.938827],[27.489581,39.938623],[27.489611,39.938423],[27.489677,39.938305],[27.489898,39.93814],[27.489955,39.938084],[27.490102,39.937899],[27.490228,39.937773],[27.490521,39.937544],[27.490564,39.9373],[27.49068,39.936981],[27.490926,39.936449],[27.491353,39.936235],[27.491203,39.935996],[27.490984,39.935867],[27.490771,39.93582],[27.490512,39.935695],[27.490458,39.935669],[27.490187,39.935508],[27.490013,39.935446],[27.489859,39.935372],[27.489638,39.935251],[27.490461,39.935446],[27.490791,39.93545],[27.491026,39.935417],[27.491158,39.935296],[27.491254,39.935143],[27.491241,39.935056],[27.49118,39.934905],[27.490963,39.934601],[27.490719,39.9344],[27.490487,39.934275],[27.490622,39.934061],[27.490347,39.933963],[27.490088,39.933797],[27.489933,39.933681],[27.489863,39.933571],[27.489837,39.933397],[27.489886,39.933321],[27.489887,39.933077],[27.489981,39.932705],[27.490185,39.932546],[27.490773,39.932295],[27.491183,39.932118],[27.491077,39.931894],[27.491021,39.931667],[27.491204,39.931218],[27.49146,39.93104],[27.491267,39.930728],[27.48573,39.930215],[27.481761,39.925074],[27.486733,39.922227],[27.491405,39.921319],[27.491513,39.921187],[27.491477,39.920636],[27.491695,39.920301],[27.491916,39.920138],[27.491881,39.920087],[27.491723,39.920126],[27.491651,39.920084],[27.491713,39.920025],[27.491683,39.920012],[27.491554,39.920022],[27.491416,39.920142],[27.491371,39.920061],[27.490836,39.920008],[27.490611,39.920054],[27.490334,39.920165],[27.490182,39.920165],[27.490022,39.9201],[27.489456,39.919963],[27.489022,39.919973],[27.488728,39.919888],[27.489126,39.919495],[27.488658,39.919494],[27.488479,39.919355],[27.488374,39.919224],[27.488157,39.919059],[27.48803,39.918888],[27.487829,39.918889],[27.487435,39.918827],[27.487377,39.918988],[27.486502,39.918582],[27.486408,39.918448],[27.485841,39.918591],[27.485792,39.918583],[27.485669,39.918429],[27.485589,39.918143],[27.485499,39.918118],[27.485357,39.918487],[27.485064,39.918486],[27.484955,39.918449],[27.484348,39.918024],[27.484214,39.917979],[27.483381,39.917887],[27.483133,39.917751],[27.482573,39.917673],[27.482374,39.917624],[27.482334,39.917487],[27.481698,39.917208],[27.481405,39.917125],[27.480795,39.91688],[27.480368,39.91679],[27.479604,39.916481],[27.479469,39.916378],[27.479508,39.916309],[27.479661,39.916255],[27.479661,39.916221],[27.479621,39.916153],[27.479408,39.916092],[27.479407,39.916031],[27.479767,39.915797],[27.480075,39.915964],[27.480115,39.915964],[27.480173,39.915841],[27.480192,39.915643],[27.479969,39.915598],[27.479538,39.915573],[27.479394,39.915521],[27.479171,39.915518],[27.47887,39.915622],[27.478468,39.915524],[27.477987,39.915347],[27.477742,39.915116],[27.47751,39.915208],[27.477275,39.91487],[27.477032,39.914779],[27.476794,39.914757],[27.476497,39.914812],[27.476022,39.91478],[27.47577,39.914826],[27.475567,39.914903],[27.475468,39.914919],[27.474973,39.914879],[27.474615,39.914935],[27.47424,39.91481],[27.473987,39.914719],[27.473803,39.914567],[27.473742,39.914438],[27.473879,39.914087],[27.473872,39.913892],[27.473896,39.913812],[27.473702,39.913672],[27.473677,39.913603],[27.473612,39.913531],[27.473414,39.913471],[27.47328,39.913468],[27.473277,39.913468],[27.473255,39.913468],[27.472983,39.913553],[27.471404,39.912145],[27.471596,39.911904],[27.470782,39.911667],[27.470676,39.911423],[27.470582,39.911348],[27.470489,39.910765],[27.470279,39.909789],[27.469844,39.909174],[27.469618,39.90874],[27.469767,39.908701],[27.469702,39.908656],[27.469195,39.908414],[27.469111,39.908361],[27.468942,39.908312],[27.46863,39.908302],[27.468555,39.908233],[27.468584,39.908138],[27.467127,39.907873],[27.466953,39.907717],[27.466615,39.907532],[27.466227,39.907976],[27.466039,39.908022],[27.465653,39.908054],[27.46494,39.908011],[27.464591,39.907825],[27.464539,39.907917],[27.464307,39.908113],[27.464055,39.908201],[27.464033,39.908201],[27.46403,39.908202],[27.463901,39.908199],[27.463733,39.908157],[27.463583,39.908021],[27.462954,39.90789],[27.462805,39.907932],[27.462682,39.907952],[27.462503,39.907846],[27.462443,39.907846],[27.462315,39.907888],[27.462142,39.907981],[27.462053,39.907989],[27.46188,39.907955],[27.461737,39.908005],[27.461662,39.907986],[27.461573,39.907907],[27.46098,39.907421],[27.46097,39.907318],[27.46087,39.907212],[27.460766,39.907163],[27.460701,39.907098],[27.460572,39.907091],[27.460513,39.90711],[27.460418,39.907069],[27.459992,39.906998],[27.459423,39.906981],[27.459017,39.906964],[27.458813,39.906873],[27.458753,39.90682],[27.458706,39.906462],[27.458913,39.906274],[27.459311,39.905872],[27.458839,39.90558],[27.458275,39.904915],[27.458413,39.904797],[27.458467,39.90472],[27.45853,39.904548],[27.458455,39.904369],[27.458145,39.904005],[27.458135,39.903928],[27.458368,39.903916],[27.458447,39.903935],[27.458506,39.903923],[27.458545,39.903839],[27.458703,39.903732],[27.458855,39.903581],[27.459062,39.903382],[27.459051,39.903268],[27.458824,39.903246],[27.458358,39.903225],[27.458028,39.902669],[27.457849,39.902556],[27.457661,39.902572],[27.457361,39.902184],[27.457152,39.90207],[27.457043,39.901949],[27.456913,39.901858],[27.456636,39.901783],[27.456556,39.901669],[27.456397,39.901692],[27.45609,39.901632],[27.455783,39.901542],[27.455565,39.90155],[27.455428,39.901795],[27.45533,39.901978],[27.455103,39.902056],[27.454924,39.902003],[27.454705,39.901767],[27.454714,39.901653],[27.454931,39.901553],[27.45498,39.901385],[27.453967,39.901289],[27.453965,39.901287],[27.452677,39.901165],[27.452801,39.901996],[27.452764,39.902423],[27.452735,39.902522],[27.452737,39.902858],[27.452553,39.903384],[27.452574,39.903674],[27.452765,39.904047],[27.452488,39.90417],[27.451092,39.90413],[27.450776,39.904177],[27.45035,39.904156],[27.449726,39.904158],[27.448962,39.903909],[27.448614,39.903644],[27.448327,39.903706],[27.448189,39.903783],[27.447912,39.903784],[27.447356,39.903603],[27.446653,39.903567],[27.446364,39.903355],[27.446203,39.902891],[27.446025,39.902876],[27.445936,39.902968],[27.445858,39.903143],[27.44574,39.903213],[27.444903,39.90394],[27.444945,39.904321],[27.444849,39.904794],[27.444811,39.904985],[27.443892,39.905324],[27.443438,39.905562],[27.442285,39.906451],[27.441948,39.906285],[27.44175,39.906308],[27.441285,39.906478],[27.441129,39.906723],[27.441059,39.906723],[27.440871,39.90667],[27.440514,39.906626],[27.440247,39.906673],[27.439781,39.906613],[27.439593,39.906622],[27.439355,39.906569],[27.439354,39.906386],[27.439115,39.906143],[27.438756,39.905824],[27.438637,39.905657],[27.438229,39.905338],[27.437871,39.905179],[27.437556,39.905394],[27.436983,39.905602],[27.436738,39.906076],[27.436804,39.906162],[27.436921,39.906129],[27.437298,39.906127],[27.437506,39.906264],[27.437616,39.906378],[27.437774,39.906766],[27.437919,39.907076],[27.437846,39.907229],[27.436896,39.907747],[27.435974,39.908244],[27.43592,39.908366],[27.436217,39.90878],[27.43655,39.909216],[27.436685,39.909411],[27.436965,39.909684],[27.436848,39.90982],[27.436832,39.910123],[27.436492,39.910264],[27.436655,39.9106],[27.436727,39.910671],[27.436656,39.910807],[27.436657,39.910931],[27.436487,39.911387],[27.436294,39.91174],[27.436143,39.911896],[27.435935,39.911723],[27.435754,39.911961],[27.435609,39.912057],[27.435482,39.912036],[27.435337,39.912051],[27.435032,39.912231],[27.434902,39.912282],[27.434357,39.912231],[27.434277,39.912251],[27.434309,39.912346],[27.434899,39.913312],[27.435232,39.91357],[27.435774,39.913907],[27.436212,39.914992],[27.436614,39.915978],[27.43686,39.916469],[27.437497,39.917001],[27.437652,39.917202],[27.437872,39.917579],[27.438184,39.91834],[27.43821,39.918554],[27.438537,39.918583],[27.438893,39.918478],[27.439155,39.918409],[27.439472,39.918392],[27.439834,39.918502],[27.440444,39.918732],[27.440971,39.918985],[27.441328,39.919072],[27.441868,39.919115],[27.442453,39.919243],[27.442855,39.919386],[27.443357,39.919727],[27.443744,39.919836],[27.444344,39.919849],[27.44477,39.919928],[27.445013,39.920015],[27.445256,39.920025],[27.445489,39.920093],[27.445896,39.920301],[27.446358,39.920436],[27.447116,39.920548],[27.447482,39.920531],[27.448027,39.920491],[27.448507,39.920451],[27.448646,39.920458],[27.449167,39.920616],[27.449394,39.920634],[27.449993,39.920556],[27.450266,39.920581],[27.450494,39.920683],[27.450677,39.920729],[27.450846,39.920678],[27.45129,39.921306],[27.451763,39.921655],[27.452044,39.922206],[27.452214,39.922392],[27.452655,39.922536],[27.453112,39.922721],[27.453231,39.922819],[27.453418,39.923288],[27.453638,39.923592],[27.453975,39.923709],[27.454257,39.923704],[27.454704,39.923774],[27.454606,39.923988],[27.45438,39.924214],[27.454241,39.92423],[27.453791,39.924262],[27.453494,39.92437],[27.453347,39.924504],[27.453582,39.924923],[27.453345,39.924965],[27.453236,39.925046],[27.453158,39.925203],[27.453564,39.925883],[27.45442,39.927287],[27.455461,39.928995],[27.456102,39.93009],[27.456224,39.930574],[27.456457,39.931999],[27.456797,39.934022],[27.457313,39.9341],[27.458003,39.934452],[27.458516,39.934835],[27.458695,39.93493],[27.458744,39.935631],[27.458856,39.936012],[27.458967,39.936397],[27.458915,39.936793],[27.459217,39.937482],[27.459101,39.937814],[27.459128,39.93815],[27.459,39.938345],[27.458808,39.938559],[27.458731,39.938799],[27.458704,39.9392],[27.458714,39.939333],[27.457966,39.940701],[27.457775,39.941068],[27.457709,39.941491],[27.4577,39.94169],[27.457471,39.942278],[27.457437,39.942423],[27.457553,39.94267],[27.457594,39.942944],[27.457561,39.943158],[27.457278,39.94372],[27.457141,39.944098],[27.457038,39.944212],[27.456584,39.944485],[27.456501,39.944645],[27.456375,39.9451],[27.456304,39.945584],[27.456298,39.946122],[27.45622,39.946385],[27.456068,39.946557],[27.455698,39.946795],[27.455571,39.94707],[27.455514,39.947467],[27.455437,39.947723],[27.45503,39.948452],[27.454924,39.948826],[27.454911,39.949055],[27.454713,39.949106],[27.454551,39.949423],[27.454509,39.949713],[27.454591,39.950158],[27.454772,39.950592],[27.454891,39.950626],[27.455148,39.950576],[27.455233,39.95059],[27.455372,39.9507],[27.455447,39.950723],[27.45558,39.950692],[27.455955,39.950466],[27.456004,39.950416],[27.456048,39.950267],[27.456097,39.950202],[27.456295,39.950175],[27.456776,39.950234],[27.456422,39.950651],[27.456183,39.951197],[27.456023,39.95175],[27.455686,39.952377],[27.455309,39.953103],[27.454954,39.954099],[27.455017,39.954701],[27.455303,39.955158],[27.455513,39.955462],[27.456271,39.956214],[27.456526,39.956617],[27.456847,39.957199],[27.45731,39.957567],[27.457589,39.957738],[27.457832,39.957805],[27.458007,39.958029],[27.458564,39.957838],[27.459245,39.957774],[27.459703,39.957653],[27.460042,39.957499],[27.460406,39.957293],[27.460744,39.956924],[27.460823,39.956652],[27.461045,39.956542],[27.461893,39.9565],[27.462704,39.956459],[27.463558,39.956346],[27.463676,39.956298],[27.463921,39.95603]]]}},{"type":"Feature","properties":{"id":"TR-Y-17-012-K-0038","level":"yerlesim","type":"mahalle","parent_id":"TR-D-17-012","province_id":"TR-P-17","district_id":"TR-D-17-012","name":"Kalabakbaşı","source_raw_name":"Kalabakbaşı","source":"Kullanıcı tarafından sağlanan KML","source_label":"Kullanıcı tarafından sağlanan KML","source_name":"Canakkale Mahalle KML - kullanici tarafindan saglandi"},"geometry":{"type":"Polygon","coordinates":[[[27.233347,39.790311],[27.233383,39.790149],[27.233346,39.790054],[27.23337,39.789916],[27.233622,39.789558],[27.234256,39.788851],[27.234416,39.788694],[27.234593,39.788136],[27.234734,39.787749],[27.234609,39.787459],[27.234566,39.787306],[27.234615,39.787163],[27.234744,39.787015],[27.234873,39.786958],[27.235095,39.786781],[27.235416,39.78659],[27.235884,39.786212],[27.235772,39.786112],[27.236148,39.785768],[27.236581,39.785834],[27.236976,39.785776],[27.237395,39.785599],[27.238735,39.785458],[27.238978,39.786063],[27.239096,39.786129],[27.238881,39.786411],[27.238862,39.786473],[27.238925,39.786573],[27.239098,39.786601],[27.239425,39.786648],[27.239642,39.786734],[27.239784,39.786905],[27.239892,39.787112],[27.240064,39.786973],[27.240334,39.786819],[27.241135,39.786442],[27.241352,39.786624],[27.241974,39.787023],[27.24233,39.787268],[27.242802,39.787155],[27.242998,39.787094],[27.243081,39.786996],[27.243056,39.786764],[27.243139,39.786689],[27.243236,39.786636],[27.243344,39.786539],[27.243446,39.786368],[27.243446,39.786297],[27.243307,39.786201],[27.243087,39.78611],[27.243095,39.785968],[27.243136,39.785901],[27.243352,39.785969],[27.243486,39.786048],[27.243609,39.786135],[27.243675,39.786222],[27.243656,39.786345],[27.243864,39.786569],[27.243937,39.786578],[27.244245,39.786539],[27.244401,39.786533],[27.24484,39.786411],[27.244867,39.786336],[27.245247,39.786471],[27.245483,39.786549],[27.245826,39.786729],[27.246164,39.786942],[27.24655,39.787103],[27.246645,39.787167],[27.246729,39.787191],[27.246976,39.787346],[27.247317,39.787512],[27.247446,39.787591],[27.247619,39.787424],[27.247818,39.787305],[27.248047,39.787185],[27.248158,39.787338],[27.248576,39.787651],[27.248924,39.788138],[27.249153,39.788557],[27.249154,39.788832],[27.249283,39.788984],[27.249403,39.789228],[27.249592,39.789715],[27.2498,39.789898],[27.24988,39.790157],[27.251407,39.789507],[27.25125,39.789104],[27.2513,39.788721],[27.251241,39.787532],[27.251748,39.787342],[27.252117,39.787061],[27.252782,39.786407],[27.252848,39.78619],[27.252864,39.785584],[27.252929,39.785097],[27.252958,39.784763],[27.25303,39.784371],[27.253225,39.784004],[27.253428,39.783764],[27.253531,39.783403],[27.2536,39.783126],[27.254052,39.782873],[27.254173,39.782681],[27.254369,39.782538],[27.254554,39.782506],[27.254791,39.782442],[27.254654,39.7824],[27.254449,39.782197],[27.254344,39.78186],[27.254154,39.781546],[27.254031,39.781209],[27.25396,39.781149],[27.25416,39.781068],[27.255192,39.78052],[27.255225,39.780523],[27.255412,39.779925],[27.25556,39.779824],[27.255652,39.77979],[27.255652,39.779744],[27.255022,39.779722],[27.25421,39.779607],[27.254136,39.779547],[27.25446,39.779115],[27.254482,39.778869],[27.254459,39.778803],[27.254887,39.77821],[27.255113,39.77827],[27.255161,39.778304],[27.255551,39.778343],[27.255728,39.778288],[27.25591,39.778242],[27.256054,39.778265],[27.256421,39.778124],[27.256424,39.778018],[27.256564,39.77786],[27.256757,39.777734],[27.256882,39.777568],[27.257259,39.777212],[27.256996,39.776906],[27.257647,39.776443],[27.256992,39.775682],[27.256141,39.775501],[27.255687,39.775502],[27.255648,39.775822],[27.255314,39.77625],[27.255411,39.775777],[27.255016,39.775839],[27.254404,39.775978],[27.254877,39.775565],[27.254955,39.775382],[27.25481,39.775245],[27.254357,39.775126],[27.254283,39.774983],[27.253555,39.774716],[27.253503,39.774465],[27.25351,39.774367],[27.253628,39.774367],[27.253643,39.774287],[27.253857,39.773989],[27.253374,39.773813],[27.253573,39.773321],[27.25407,39.773491],[27.254485,39.773524],[27.254313,39.77321],[27.254009,39.772959],[27.25363,39.772794],[27.253301,39.772149],[27.253138,39.771915],[27.253218,39.771503],[27.253017,39.771257],[27.252943,39.771303],[27.252712,39.771201],[27.252556,39.770978],[27.252526,39.770858],[27.252651,39.770577],[27.252939,39.770268],[27.253345,39.769867],[27.253239,39.769398],[27.253135,39.769267],[27.253134,39.768952],[27.253193,39.768866],[27.253392,39.768666],[27.253467,39.768694],[27.25357,39.768597],[27.253888,39.768436],[27.254079,39.768052],[27.254138,39.767943],[27.254227,39.767857],[27.25419,39.767789],[27.254115,39.767783],[27.252497,39.769062],[27.252062,39.769555],[27.250355,39.768941],[27.250777,39.768751],[27.250873,39.768642],[27.250865,39.768545],[27.250701,39.768282],[27.250744,39.768019],[27.250966,39.767779],[27.250014,39.766837],[27.248392,39.767092],[27.248102,39.76691],[27.247723,39.766516],[27.247019,39.766626],[27.246786,39.765757],[27.246605,39.764871],[27.247263,39.764281],[27.246268,39.76378],[27.245298,39.763965],[27.244883,39.763238],[27.244583,39.762369],[27.244459,39.760615],[27.24412,39.759914],[27.244371,39.758206],[27.24425,39.757596],[27.243654,39.756636],[27.243277,39.755997],[27.243078,39.755829],[27.242405,39.755526],[27.242325,39.75519],[27.241751,39.754704],[27.24173,39.754505],[27.240204,39.753105],[27.239509,39.752283],[27.238798,39.752163],[27.235928,39.750933],[27.235097,39.75031],[27.235727,39.749653],[27.236057,39.748096],[27.235791,39.745458],[27.235,39.745063],[27.235786,39.743994],[27.235229,39.742806],[27.234966,39.741007],[27.232071,39.737856],[27.231771,39.73659],[27.232377,39.73485],[27.232177,39.733905],[27.23259,39.733432],[27.232763,39.731937],[27.232168,39.73148],[27.231989,39.730855],[27.232184,39.730169],[27.232222,39.729681],[27.231845,39.729224],[27.231981,39.728613],[27.232,39.728308],[27.231504,39.727638],[27.230712,39.726984],[27.229603,39.726208],[27.229325,39.725797],[27.229442,39.725492],[27.22958,39.725278],[27.230192,39.725308],[27.230725,39.725017],[27.231,39.724589],[27.230839,39.723827],[27.230779,39.723415],[27.230243,39.72273],[27.229806,39.722106],[27.229587,39.721359],[27.229585,39.720794],[27.22994,39.720656],[27.229939,39.72026],[27.229799,39.719803],[27.230726,39.719633],[27.231199,39.719129],[27.231296,39.718671],[27.232712,39.716808],[27.233084,39.715983],[27.232722,39.713956],[27.232727,39.713922],[27.232111,39.712471],[27.230169,39.710814],[27.229639,39.709382],[27.2288,39.708953],[27.228553,39.708586],[27.227781,39.708283],[27.227549,39.707764],[27.225954,39.707006],[27.225551,39.706594],[27.224295,39.705697],[27.222776,39.704979],[27.22114,39.704081],[27.218362,39.703653],[27.217346,39.703277],[27.216376,39.702666],[27.21542,39.702578],[27.214567,39.702111],[27.212639,39.701258],[27.211564,39.700449],[27.209459,39.698831],[27.207941,39.698068],[27.206307,39.697666],[27.200533,39.697676],[27.200529,39.69768],[27.200526,39.69768],[27.19628,39.701561],[27.196551,39.701988],[27.195615,39.702316],[27.194074,39.701251],[27.193227,39.700834],[27.191008,39.699555],[27.190088,39.698621],[27.188549,39.697344],[27.188242,39.696991],[27.184983,39.697607],[27.184328,39.697836],[27.18344,39.698007],[27.182039,39.69801],[27.182037,39.698014],[27.182033,39.698014],[27.181685,39.698506],[27.181464,39.700223],[27.180996,39.700981],[27.180864,39.702094],[27.180864,39.702094],[27.180864,39.702094],[27.181229,39.702637],[27.179777,39.703281],[27.179772,39.703284],[27.17977,39.703285],[27.179305,39.703613],[27.178646,39.70285],[27.178156,39.702575],[27.177594,39.702391],[27.176587,39.702257],[27.175347,39.701841],[27.17508,39.701765],[27.174119,39.701655],[27.173618,39.701526],[27.173237,39.70135],[27.172576,39.70137],[27.17231,39.701352],[27.17198,39.700905],[27.171728,39.703915],[27.171714,39.70423],[27.17199,39.704916],[27.172118,39.705848],[27.171905,39.706586],[27.171618,39.707439],[27.17182,39.708033],[27.172302,39.708496],[27.172711,39.709256],[27.172898,39.709999],[27.172863,39.710605],[27.172745,39.710948],[27.172709,39.711206],[27.172634,39.711556],[27.172697,39.711861],[27.172981,39.712146],[27.173463,39.712508],[27.173723,39.712774],[27.174008,39.71306],[27.174231,39.713436],[27.175041,39.713987],[27.176105,39.714748],[27.177093,39.715204],[27.178476,39.715584],[27.179812,39.716458],[27.180628,39.717029],[27.180974,39.718238],[27.181049,39.718759],[27.181102,39.71917],[27.181711,39.719604],[27.182563,39.719831],[27.183184,39.719602],[27.183436,39.719441],[27.183791,39.719223],[27.184265,39.719348],[27.184562,39.719565],[27.184663,39.720892],[27.185101,39.723251],[27.185784,39.72456],[27.18687,39.725315],[27.188256,39.72667],[27.189682,39.728299],[27.19194,39.730583],[27.194553,39.732653],[27.19505,39.733766],[27.19634,39.735731],[27.197351,39.736903],[27.198599,39.73835],[27.199649,39.739218],[27.201586,39.739779],[27.203012,39.740859],[27.20351,39.742246],[27.204145,39.74319],[27.204977,39.743967],[27.206602,39.745779],[27.207119,39.746754],[27.206984,39.747929],[27.207402,39.748843],[27.208452,39.75],[27.210058,39.751812],[27.211328,39.753594],[27.213307,39.755763],[27.213562,39.758288],[27.214369,39.759669],[27.215595,39.760543],[27.219059,39.762348],[27.221042,39.764537],[27.222654,39.766345],[27.224325,39.767676],[27.225276,39.769406],[27.225471,39.76952],[27.226504,39.770271],[27.226842,39.770549],[27.227016,39.770664],[27.227206,39.770778],[27.227538,39.770963],[27.22785,39.771088],[27.228185,39.771288],[27.228231,39.771307],[27.228398,39.771438],[27.228538,39.771654],[27.228625,39.771764],[27.228864,39.772113],[27.229142,39.77237],[27.229477,39.772608],[27.229653,39.772815],[27.229783,39.772907],[27.230108,39.773126],[27.230356,39.773259],[27.230549,39.773344],[27.23092,39.773485],[27.231716,39.773674],[27.232571,39.773828],[27.232908,39.773915],[27.232997,39.774064],[27.233072,39.774338],[27.233243,39.775234],[27.233298,39.775333],[27.233402,39.775443],[27.233561,39.775618],[27.233679,39.775702],[27.234378,39.776116],[27.234918,39.776554],[27.235018,39.776858],[27.234998,39.77703],[27.23496,39.777339],[27.234916,39.777629],[27.234843,39.777995],[27.234874,39.778304],[27.23488,39.778456],[27.23491,39.778735],[27.234926,39.778914],[27.23501,39.779142],[27.235001,39.779318],[27.235012,39.779585],[27.234998,39.779783],[27.234983,39.779905],[27.234846,39.780256],[27.234768,39.780405],[27.234684,39.780554],[27.23461,39.780664],[27.234522,39.780829],[27.234459,39.781065],[27.234336,39.78134],[27.23427,39.781521],[27.23421,39.781673],[27.234135,39.781798],[27.234003,39.782114],[27.233914,39.78237],[27.233817,39.782645],[27.233714,39.78287],[27.233517,39.783187],[27.233409,39.783328],[27.233335,39.783397],[27.233222,39.783512],[27.233148,39.783588],[27.233136,39.783653],[27.233117,39.783752],[27.23298,39.78389],[27.232879,39.784052],[27.232765,39.78425],[27.232678,39.784439],[27.232605,39.784634],[27.232525,39.784927],[27.232462,39.785171],[27.232434,39.785389],[27.232429,39.785587],[27.23244,39.785795],[27.232479,39.786072],[27.232532,39.786453],[27.232554,39.786667],[27.232584,39.786846],[27.232615,39.787054],[27.232664,39.787248],[27.232696,39.787333],[27.232765,39.787607],[27.232775,39.787744],[27.232777,39.787858],[27.232767,39.788005],[27.232739,39.788142],[27.23268,39.788313],[27.232627,39.788521],[27.232529,39.788772],[27.232464,39.788919],[27.232353,39.7891],[27.232218,39.789329],[27.232132,39.789553],[27.23209,39.78972],[27.232089,39.789836],[27.232085,39.789936],[27.232111,39.790097],[27.23214,39.790202],[27.232167,39.79032],[27.232216,39.790314],[27.23223,39.790312],[27.232623,39.790241],[27.232685,39.790303],[27.232748,39.790556],[27.232792,39.790727],[27.23307,39.790741],[27.233224,39.790712],[27.233205,39.790407],[27.233347,39.790311]]]}},{"type":"Feature","properties":{"id":"TR-Y-17-012-K-0039","level":"yerlesim","type":"mahalle","parent_id":"TR-D-17-012","province_id":"TR-P-17","district_id":"TR-D-17-012","name":"Karaaydın","source_raw_name":"Karaaydın","source":"Kullanıcı tarafından sağlanan KML","source_label":"Kullanıcı tarafından sağlanan KML","source_name":"Canakkale Mahalle KML - kullanici tarafindan saglandi"},"geometry":{"type":"Polygon","coordinates":[[[27.225109,39.803318],[27.225485,39.803212],[27.225646,39.803307],[27.226048,39.803487],[27.226543,39.803644],[27.227181,39.80389],[27.228954,39.803958],[27.230351,39.804056],[27.230814,39.804012],[27.231265,39.803963],[27.232407,39.803618],[27.233489,39.803416],[27.233663,39.8033],[27.233819,39.803168],[27.233959,39.803042],[27.23408,39.802864],[27.23418,39.802634],[27.234276,39.802397],[27.234392,39.802108],[27.234241,39.802111],[27.233514,39.802124],[27.233362,39.800828],[27.233677,39.800827],[27.234467,39.800602],[27.234405,39.800309],[27.234319,39.799936],[27.234119,39.799185],[27.233924,39.798413],[27.233801,39.797941],[27.233763,39.79776],[27.233736,39.797583],[27.233734,39.797014],[27.233708,39.796759],[27.23366,39.796447],[27.233602,39.796147],[27.233564,39.795863],[27.233516,39.795536],[27.233491,39.795311],[27.233408,39.794994],[27.233328,39.79475],[27.233157,39.794467],[27.232993,39.794221],[27.232846,39.793911],[27.232749,39.79365],[27.232688,39.793408],[27.232631,39.793126],[27.232568,39.792735],[27.232542,39.792392],[27.232541,39.792076],[27.232527,39.791837],[27.232507,39.791555],[27.232462,39.791351],[27.232424,39.79118],[27.232336,39.790875],[27.232254,39.790597],[27.232167,39.79032],[27.23214,39.790202],[27.232111,39.790097],[27.232085,39.789936],[27.232089,39.789836],[27.23209,39.78972],[27.232132,39.789553],[27.232218,39.789329],[27.232353,39.7891],[27.232464,39.788919],[27.232529,39.788772],[27.232627,39.788521],[27.23268,39.788313],[27.232739,39.788142],[27.232767,39.788005],[27.232777,39.787858],[27.232775,39.787744],[27.232765,39.787607],[27.232696,39.787333],[27.232664,39.787248],[27.232615,39.787054],[27.232584,39.786846],[27.232554,39.786667],[27.232532,39.786453],[27.232479,39.786072],[27.23244,39.785795],[27.232429,39.785587],[27.232434,39.785389],[27.232462,39.785171],[27.232525,39.784927],[27.232605,39.784634],[27.232678,39.784439],[27.232765,39.78425],[27.232879,39.784052],[27.23298,39.78389],[27.233117,39.783752],[27.233136,39.783653],[27.233148,39.783588],[27.233222,39.783512],[27.233335,39.783397],[27.233409,39.783328],[27.233517,39.783187],[27.233714,39.78287],[27.233817,39.782645],[27.233914,39.78237],[27.234003,39.782114],[27.234135,39.781798],[27.23421,39.781673],[27.23427,39.781521],[27.234336,39.78134],[27.234459,39.781065],[27.234522,39.780829],[27.23461,39.780664],[27.234684,39.780554],[27.234768,39.780405],[27.234846,39.780256],[27.234983,39.779905],[27.234998,39.779783],[27.235012,39.779585],[27.235001,39.779318],[27.23501,39.779142],[27.234926,39.778914],[27.23491,39.778735],[27.23488,39.778456],[27.234874,39.778304],[27.234843,39.777995],[27.234916,39.777629],[27.23496,39.777339],[27.234998,39.77703],[27.235018,39.776858],[27.234918,39.776554],[27.234378,39.776116],[27.233679,39.775702],[27.233561,39.775618],[27.233402,39.775443],[27.233298,39.775333],[27.233243,39.775234],[27.233072,39.774338],[27.232997,39.774064],[27.232908,39.773915],[27.232571,39.773828],[27.231716,39.773674],[27.23092,39.773485],[27.230549,39.773344],[27.230356,39.773259],[27.230108,39.773126],[27.229783,39.772907],[27.229653,39.772815],[27.229477,39.772608],[27.229142,39.77237],[27.228864,39.772113],[27.228625,39.771764],[27.228538,39.771654],[27.228398,39.771438],[27.228231,39.771307],[27.228185,39.771288],[27.22785,39.771088],[27.227538,39.770963],[27.227206,39.770778],[27.227016,39.770664],[27.226842,39.770549],[27.226504,39.770271],[27.225471,39.76952],[27.225276,39.769406],[27.224325,39.767676],[27.222654,39.766345],[27.221042,39.764537],[27.219059,39.762348],[27.215595,39.760543],[27.214369,39.759669],[27.213562,39.758288],[27.213307,39.755763],[27.211328,39.753594],[27.210058,39.751812],[27.208452,39.75],[27.207402,39.748843],[27.206984,39.747929],[27.207119,39.746754],[27.206602,39.745779],[27.204977,39.743967],[27.204145,39.74319],[27.20351,39.742246],[27.203012,39.740859],[27.201586,39.739779],[27.199649,39.739218],[27.198599,39.73835],[27.197351,39.736903],[27.19634,39.735731],[27.19505,39.733766],[27.194553,39.732653],[27.19194,39.730583],[27.189682,39.728299],[27.188256,39.72667],[27.18687,39.725315],[27.185784,39.72456],[27.185101,39.723251],[27.184663,39.720892],[27.184562,39.719565],[27.184265,39.719348],[27.183791,39.719223],[27.183436,39.719441],[27.183184,39.719602],[27.182563,39.719831],[27.181711,39.719604],[27.181102,39.71917],[27.181049,39.718759],[27.180974,39.718238],[27.180628,39.717029],[27.179812,39.716458],[27.178476,39.715584],[27.177093,39.715204],[27.176105,39.714748],[27.175041,39.713987],[27.174231,39.713436],[27.174008,39.71306],[27.173723,39.712774],[27.173463,39.712508],[27.172981,39.712146],[27.172697,39.711861],[27.172634,39.711556],[27.172709,39.711206],[27.172745,39.710948],[27.172863,39.710605],[27.172898,39.709999],[27.172711,39.709256],[27.172302,39.708496],[27.17182,39.708033],[27.171618,39.707439],[27.171905,39.706586],[27.172118,39.705848],[27.17199,39.704916],[27.171714,39.70423],[27.171728,39.703915],[27.17198,39.700905],[27.171521,39.700283],[27.171349,39.700081],[27.171067,39.699898],[27.170817,39.699804],[27.169271,39.69979],[27.169266,39.699794],[27.169264,39.699794],[27.169141,39.699897],[27.166993,39.700257],[27.1615,39.700332],[27.143992,39.702288],[27.138628,39.703458],[27.134309,39.703632],[27.137412,39.714418],[27.140232,39.717275],[27.145724,39.722873],[27.148843,39.726415],[27.149301,39.733048],[27.147699,39.745747],[27.146087,39.754557],[27.146692,39.760275],[27.150253,39.762101],[27.153574,39.762531],[27.157134,39.763807],[27.161109,39.765037],[27.164196,39.766634],[27.166097,39.768416],[27.166636,39.770428],[27.168181,39.77189],[27.170262,39.774312],[27.172044,39.775728],[27.173883,39.776],[27.176871,39.776602],[27.177045,39.776694],[27.177309,39.776836],[27.177383,39.776919],[27.177524,39.777059],[27.177699,39.777222],[27.177918,39.777381],[27.178282,39.777521],[27.179038,39.777809],[27.179268,39.77792],[27.179328,39.77798],[27.179524,39.778022],[27.17971,39.778028],[27.179932,39.778027],[27.18034,39.778067],[27.180848,39.778123],[27.181215,39.778128],[27.181511,39.778185],[27.181938,39.77827],[27.18199,39.77853],[27.182079,39.778545],[27.18218,39.778584],[27.182402,39.778673],[27.182877,39.778795],[27.182988,39.778849],[27.18314,39.778912],[27.183344,39.778897],[27.183414,39.778871],[27.183525,39.778808],[27.183625,39.778677],[27.184315,39.778967],[27.184242,39.779176],[27.184312,39.779219],[27.184757,39.779318],[27.184917,39.779404],[27.185247,39.779638],[27.185477,39.779526],[27.185665,39.779374],[27.185632,39.779457],[27.185658,39.779491],[27.186066,39.779633],[27.186226,39.779739],[27.186575,39.779967],[27.187117,39.780238],[27.18725,39.780295],[27.187532,39.780375],[27.187629,39.78038],[27.188757,39.780819],[27.189324,39.781041],[27.189376,39.781089],[27.189528,39.781161],[27.189725,39.781283],[27.189911,39.781435],[27.190402,39.781931],[27.190747,39.782217],[27.190814,39.782251],[27.190873,39.782305],[27.190952,39.782682],[27.191026,39.782745],[27.191086,39.782757],[27.191497,39.782724],[27.191679,39.782673],[27.191867,39.782638],[27.191957,39.782686],[27.192075,39.782778],[27.192161,39.782792],[27.192524,39.782809],[27.192557,39.782843],[27.193236,39.783088],[27.193459,39.783159],[27.193759,39.783224],[27.194067,39.783223],[27.19459,39.783263],[27.194638,39.783225],[27.194693,39.783062],[27.194908,39.783099],[27.195175,39.783224],[27.195424,39.783456],[27.195573,39.783581],[27.195928,39.783506],[27.196014,39.7836],[27.196241,39.783795],[27.196434,39.783949],[27.196501,39.784189],[27.196583,39.784417],[27.196773,39.784749],[27.196926,39.785014],[27.197052,39.785146],[27.19716,39.785208],[27.19722,39.78526],[27.197533,39.785834],[27.197377,39.785883],[27.197507,39.786071],[27.198048,39.785882],[27.198207,39.78589],[27.198423,39.786067],[27.198761,39.786295],[27.198809,39.786375],[27.198687,39.786373],[27.198461,39.786424],[27.198327,39.786408],[27.198286,39.786373],[27.19822,39.786356],[27.197986,39.786359],[27.197875,39.786363],[27.197786,39.786406],[27.197764,39.786451],[27.197753,39.786509],[27.197783,39.786623],[27.197861,39.786663],[27.198194,39.786559],[27.198324,39.786579],[27.198413,39.786705],[27.198499,39.786742],[27.198632,39.786762],[27.198784,39.786738],[27.199021,39.786627],[27.199199,39.786641],[27.199203,39.786812],[27.199152,39.786944],[27.199122,39.787072],[27.199141,39.787184],[27.19926,39.787301],[27.199476,39.787426],[27.199587,39.787443],[27.199713,39.787569],[27.199869,39.787623],[27.200381,39.787817],[27.200292,39.787923],[27.200182,39.788097],[27.20013,39.788255],[27.200053,39.788332],[27.199934,39.788418],[27.199783,39.788493],[27.199943,39.788678],[27.199762,39.789073],[27.199651,39.789113],[27.199547,39.789185],[27.199392,39.789391],[27.198974,39.789701],[27.198804,39.78987],[27.198742,39.789996],[27.198668,39.790061],[27.199062,39.790381],[27.199129,39.790624],[27.199081,39.790678],[27.199219,39.790958],[27.199345,39.791147],[27.199557,39.791361],[27.199402,39.791484],[27.199335,39.791493],[27.198503,39.792124],[27.198233,39.792278],[27.199593,39.793403],[27.199382,39.793572],[27.199516,39.79382],[27.199494,39.793889],[27.199465,39.793923],[27.199439,39.793978],[27.199606,39.794123],[27.1999,39.794555],[27.200012,39.794652],[27.200183,39.794734],[27.200376,39.794926],[27.200646,39.794899],[27.201021,39.794956],[27.201278,39.794132],[27.201395,39.793614],[27.20183,39.794005],[27.201975,39.794288],[27.202024,39.794565],[27.202147,39.794797],[27.202296,39.794979],[27.202646,39.795308],[27.202887,39.795516],[27.203065,39.795619],[27.203307,39.795767],[27.203412,39.795981],[27.203465,39.796119],[27.203447,39.796205],[27.203426,39.796276],[27.20341,39.796317],[27.203021,39.796757],[27.206934,39.798734],[27.207993,39.799711],[27.21117,39.801338],[27.216677,39.802965],[27.224089,39.804267],[27.226976,39.805738],[27.226987,39.805708],[27.226672,39.805316],[27.226258,39.805074],[27.225861,39.804803],[27.224942,39.803499],[27.225109,39.803318]]]}},{"type":"Feature","properties":{"id":"TR-Y-17-012-K-0040","level":"yerlesim","type":"mahalle","parent_id":"TR-D-17-012","province_id":"TR-P-17","district_id":"TR-D-17-012","name":"Karabey","source_raw_name":"Karabey","source":"Kullanıcı tarafından sağlanan KML","source_label":"Kullanıcı tarafından sağlanan KML","source_name":"Canakkale Mahalle KML - kullanici tarafindan saglandi"},"geometry":{"type":"Polygon","coordinates":[[[27.272588,39.854747],[27.272324,39.854182],[27.27183,39.854332],[27.271758,39.854341],[27.271577,39.854277],[27.271254,39.853977],[27.271108,39.853801],[27.271045,39.853666],[27.271,39.853573],[27.27095,39.853415],[27.270868,39.853291],[27.270756,39.853122],[27.270842,39.85291],[27.270849,39.852813],[27.270816,39.852559],[27.270798,39.852342],[27.270978,39.852214],[27.271044,39.85212],[27.271217,39.852013],[27.27155,39.851909],[27.2717,39.851699],[27.271774,39.851508],[27.271874,39.85126],[27.271908,39.850911],[27.27161,39.850668],[27.27157,39.85064],[27.271483,39.850443],[27.271452,39.850266],[27.271632,39.850117],[27.272046,39.850311],[27.272499,39.850487],[27.272502,39.850401],[27.272855,39.849775],[27.273618,39.849981],[27.274277,39.849663],[27.27443,39.849602],[27.274519,39.849514],[27.274528,39.84947],[27.274736,39.84937],[27.274951,39.84929],[27.274918,39.849059],[27.275397,39.848875],[27.275654,39.848775],[27.275732,39.848687],[27.275824,39.848677],[27.276015,39.848776],[27.276359,39.848806],[27.276415,39.848729],[27.276409,39.848438],[27.276701,39.848468],[27.276673,39.848237],[27.276771,39.848111],[27.276872,39.848033],[27.27705,39.848024],[27.277709,39.848162],[27.277941,39.847517],[27.278582,39.847487],[27.27875,39.847542],[27.278819,39.847492],[27.279069,39.847431],[27.279241,39.847293],[27.279404,39.847089],[27.279549,39.846947],[27.279675,39.846872],[27.279823,39.846845],[27.280378,39.847071],[27.280846,39.847283],[27.281215,39.847423],[27.281629,39.847573],[27.281899,39.847679],[27.281973,39.847519],[27.282083,39.847322],[27.282347,39.847097],[27.282418,39.847047],[27.282581,39.846818],[27.282657,39.846732],[27.28279,39.846587],[27.283002,39.846506],[27.283403,39.846434],[27.28381,39.846332],[27.284284,39.846179],[27.284786,39.846111],[27.28515,39.846089],[27.285214,39.846058],[27.285422,39.84605],[27.285565,39.845987],[27.286473,39.84565],[27.287035,39.845376],[27.287465,39.845087],[27.287619,39.844834],[27.287643,39.844694],[27.287568,39.844439],[27.287491,39.844371],[27.287434,39.843816],[27.287454,39.843728],[27.287227,39.843792],[27.287093,39.843767],[27.287088,39.843722],[27.287169,39.843515],[27.287181,39.843451],[27.287133,39.843359],[27.287009,39.843281],[27.286999,39.843224],[27.287093,39.843115],[27.287144,39.843029],[27.287038,39.842984],[27.287045,39.842889],[27.287109,39.842789],[27.287133,39.842688],[27.287157,39.842536],[27.287388,39.842215],[27.287529,39.842054],[27.286944,39.841474],[27.287057,39.841188],[27.287016,39.84099],[27.286956,39.840845],[27.286832,39.840674],[27.28639,39.840274],[27.28628,39.840073],[27.286221,39.83997],[27.286047,39.83978],[27.286704,39.839648],[27.286738,39.839553],[27.286716,39.838981],[27.286651,39.838901],[27.287408,39.838793],[27.287734,39.838815],[27.288199,39.83871],[27.289178,39.838788],[27.289152,39.83846],[27.289568,39.838486],[27.28956,39.837784],[27.289466,39.837811],[27.289085,39.837767],[27.288287,39.83746],[27.288248,39.83754],[27.288233,39.837563],[27.287272,39.837165],[27.286752,39.836884],[27.286454,39.836709],[27.286355,39.836679],[27.28584,39.83652],[27.285726,39.836479],[27.285523,39.836388],[27.285207,39.836381],[27.284835,39.83626],[27.283072,39.836702],[27.283025,39.836291],[27.283183,39.836111],[27.283202,39.836062],[27.283232,39.835989],[27.283113,39.835863],[27.282675,39.835399],[27.282457,39.835301],[27.282145,39.835195],[27.281962,39.835161],[27.282016,39.835073],[27.281606,39.83499],[27.28162,39.834967],[27.281318,39.834888],[27.281224,39.834892],[27.280823,39.834729],[27.2807,39.834767],[27.280284,39.834612],[27.280332,39.834452],[27.28048,39.834387],[27.280584,39.834219],[27.280544,39.834085],[27.280513,39.833963],[27.28069,39.8337],[27.280625,39.833429],[27.280634,39.833227],[27.280405,39.832854],[27.280141,39.832477],[27.27974,39.832261],[27.280274,39.832161],[27.280133,39.831715],[27.280074,39.831665],[27.279965,39.831673],[27.279544,39.831442],[27.279172,39.83126],[27.278786,39.831177],[27.279047,39.830943],[27.279185,39.830684],[27.279833,39.83085],[27.280481,39.830902],[27.280669,39.830886],[27.281401,39.830942],[27.281554,39.830945],[27.281743,39.83078],[27.281791,39.830657],[27.281805,39.830565],[27.281589,39.829769],[27.281752,39.829749],[27.281791,39.829452],[27.282001,39.828921],[27.282366,39.8286],[27.282113,39.828517],[27.281752,39.828537],[27.281342,39.828496],[27.28138,39.828248],[27.281064,39.828207],[27.281122,39.827966],[27.281106,39.827799],[27.280868,39.82749],[27.280739,39.827342],[27.280337,39.827084],[27.280149,39.82697],[27.279872,39.82694],[27.279694,39.826956],[27.279254,39.827048],[27.279057,39.827201],[27.27885,39.827373],[27.278509,39.827508],[27.278396,39.827554],[27.278232,39.827562],[27.278099,39.827543],[27.277985,39.827505],[27.277653,39.827464],[27.277441,39.827407],[27.277104,39.827259],[27.277107,39.826947],[27.277046,39.826436],[27.277051,39.826386],[27.276971,39.826314],[27.276566,39.826288],[27.276304,39.826266],[27.276155,39.826247],[27.276326,39.82558],[27.276501,39.824836],[27.276443,39.823959],[27.276275,39.823944],[27.275535,39.822131],[27.275402,39.822128],[27.275195,39.822189],[27.275012,39.822174],[27.275125,39.821987],[27.275267,39.821876],[27.275495,39.821796],[27.275534,39.821696],[27.275845,39.821532],[27.27619,39.821409],[27.275703,39.820838],[27.27557,39.820758],[27.275525,39.819542],[27.27469,39.819708],[27.273868,39.81975],[27.273299,39.819637],[27.27294,39.819323],[27.272571,39.818551],[27.272461,39.818284],[27.272515,39.81817],[27.272584,39.818024],[27.272588,39.817811],[27.272527,39.817601],[27.272319,39.817465],[27.271887,39.817027],[27.27153,39.816643],[27.271421,39.816529],[27.271119,39.81643],[27.270753,39.816378],[27.270357,39.816466],[27.269884,39.81678],[27.269179,39.817178],[27.268388,39.817432],[27.267845,39.817498],[27.267167,39.817435],[27.266232,39.817254],[27.265252,39.817062],[27.264238,39.81695],[27.263245,39.817078],[27.26269,39.817086],[27.261996,39.817832],[27.261848,39.817752],[27.261737,39.817771],[27.261805,39.817885],[27.261725,39.817962],[27.261578,39.818248],[27.261051,39.818011],[27.260597,39.818703],[27.260832,39.818888],[27.260488,39.819299],[27.259971,39.820001],[27.259892,39.820425],[27.25969,39.820731],[27.259525,39.821217],[27.25918,39.821513],[27.259311,39.821818],[27.259206,39.821942],[27.259089,39.822057],[27.258941,39.822129],[27.258956,39.822762],[27.258878,39.823511],[27.259009,39.823811],[27.259189,39.824025],[27.259395,39.82452],[27.259494,39.824687],[27.260158,39.8252],[27.259886,39.825296],[27.259689,39.825354],[27.259219,39.825445],[27.259468,39.825778],[27.259295,39.826031],[27.25879,39.826409],[27.258599,39.826662],[27.258501,39.826776],[27.258347,39.826996],[27.25836,39.827225],[27.258962,39.827819],[27.256666,39.829469],[27.257711,39.829548],[27.258075,39.831177],[27.257898,39.831568],[27.257974,39.832063],[27.258216,39.832416],[27.258286,39.832944],[27.258262,39.83325],[27.257955,39.83376],[27.257666,39.834061],[27.257624,39.834352],[27.257438,39.834348],[27.257291,39.834648],[27.257075,39.834796],[27.257069,39.834882],[27.256754,39.834849],[27.256687,39.835069],[27.256692,39.836575],[27.256841,39.836656],[27.256903,39.836794],[27.257194,39.836831],[27.257534,39.836959],[27.256772,39.838133],[27.25668,39.838171],[27.256042,39.838025],[27.255405,39.837764],[27.254377,39.837371],[27.253799,39.838225],[27.253368,39.838832],[27.253122,39.83908],[27.252901,39.839409],[27.252748,39.839929],[27.252928,39.839976],[27.253305,39.840061],[27.253527,39.840047],[27.253842,39.839951],[27.254189,39.839926],[27.254621,39.839973],[27.254751,39.839901],[27.255096,39.839638],[27.25546,39.839447],[27.255572,39.839647],[27.256105,39.840012],[27.256192,39.840108],[27.256087,39.840127],[27.255817,39.840537],[27.255718,39.84059],[27.255603,39.8412],[27.255278,39.842044],[27.255897,39.842286],[27.257624,39.842707],[27.256976,39.844605],[27.257595,39.84477],[27.257743,39.84466],[27.25786,39.84467],[27.257935,39.844974],[27.257781,39.845123],[27.257745,39.845413],[27.25785,39.845394],[27.258401,39.845536],[27.258569,39.845674],[27.258422,39.845998],[27.258663,39.846198],[27.258961,39.846349],[27.259128,39.846349],[27.259344,39.84643],[27.259105,39.846921],[27.259272,39.846964],[27.259476,39.846973],[27.259508,39.847111],[27.259509,39.847478],[27.259596,39.847668],[27.259567,39.84805],[27.25955,39.84844],[27.25944,39.848822],[27.259743,39.848759],[27.259848,39.848788],[27.25996,39.848892],[27.260307,39.849244],[27.260437,39.849296],[27.260667,39.849458],[27.26076,39.849634],[27.260798,39.849891],[27.260743,39.849972],[27.260644,39.850068],[27.260472,39.850354],[27.260448,39.850473],[27.260424,39.850612],[27.260282,39.85085],[27.260309,39.851236],[27.26011,39.85116],[27.260078,39.851161],[27.259739,39.851103],[27.259054,39.85088],[27.258828,39.850823],[27.258687,39.850778],[27.258582,39.850816],[27.257289,39.850766],[27.257298,39.851357],[27.256915,39.85152],[27.256767,39.851668],[27.256724,39.851835],[27.256583,39.852169],[27.2564,39.852618],[27.256105,39.853252],[27.256062,39.853424],[27.255995,39.853653],[27.255882,39.85402],[27.25565,39.854622],[27.256071,39.854926],[27.256494,39.855573],[27.256422,39.856107],[27.256596,39.856316],[27.257364,39.856582],[27.26114,39.860901],[27.261019,39.861568],[27.262738,39.864786],[27.262691,39.865549],[27.262991,39.86631],[27.263192,39.866707],[27.264096,39.866438],[27.265184,39.866168],[27.265678,39.865957],[27.266147,39.865747],[27.266442,39.865327],[27.267133,39.86481],[27.269108,39.863929],[27.269701,39.863775],[27.270541,39.863258],[27.27165,39.862895],[27.27226,39.862246],[27.272791,39.861558],[27.27337,39.860405],[27.272573,39.858906],[27.272795,39.857947],[27.272935,39.857408],[27.272842,39.857114],[27.27277,39.856893],[27.27273,39.856777],[27.272696,39.856421],[27.272549,39.856124],[27.272279,39.855943],[27.272279,39.855452],[27.272466,39.855087],[27.27278,39.855056],[27.272588,39.854747]]]}},{"type":"Feature","properties":{"id":"TR-Y-17-012-K-0041","level":"yerlesim","type":"mahalle","parent_id":"TR-D-17-012","province_id":"TR-P-17","district_id":"TR-D-17-012","name":"Karadoru","source_raw_name":"Karadoru","source":"Kullanıcı tarafından sağlanan KML","source_label":"Kullanıcı tarafından sağlanan KML","source_name":"Canakkale Mahalle KML - kullanici tarafindan saglandi"},"geometry":{"type":"Polygon","coordinates":[[[27.335046,40.099702],[27.335437,40.099602],[27.339487,40.097817],[27.353025,40.097443],[27.360881,40.094931],[27.36116,40.096074],[27.362934,40.098261],[27.363027,40.098498],[27.363119,40.097998],[27.371913,40.096256],[27.381257,40.098436],[27.381967,40.096371],[27.38201,40.096245],[27.382485,40.094863],[27.381464,40.089475],[27.380444,40.088657],[27.379739,40.088259],[27.37579,40.085487],[27.374015,40.085136],[27.373761,40.084187],[27.370182,40.084542],[27.369785,40.083807],[27.367354,40.083723],[27.363158,40.080855],[27.363063,40.080452],[27.362672,40.079788],[27.362468,40.079277],[27.361493,40.076163],[27.360639,40.073444],[27.360024,40.073118],[27.357129,40.068417],[27.356735,40.068314],[27.356763,40.068219],[27.356736,40.06791],[27.356688,40.067525],[27.356655,40.067104],[27.356483,40.066836],[27.356398,40.066832],[27.356526,40.066746],[27.356599,40.066419],[27.356868,40.065911],[27.357166,40.065402],[27.357397,40.065142],[27.357587,40.065109],[27.357814,40.065057],[27.357903,40.064897],[27.358074,40.064571],[27.358071,40.064374],[27.358017,40.064284],[27.357944,40.06419],[27.357745,40.064097],[27.357668,40.064026],[27.357563,40.063922],[27.35742,40.063744],[27.357379,40.063621],[27.357364,40.063504],[27.357407,40.063352],[27.357474,40.063247],[27.35758,40.063132],[27.357716,40.063018],[27.357653,40.062959],[27.357674,40.06289],[27.357246,40.062749],[27.357034,40.062617],[27.356932,40.062441],[27.356861,40.062302],[27.356834,40.062251],[27.356739,40.062095],[27.356727,40.061992],[27.356715,40.061907],[27.356353,40.058917],[27.35521,40.054373],[27.354603,40.053261],[27.354857,40.053068],[27.354702,40.052837],[27.354732,40.052718],[27.354766,40.05258],[27.354777,40.052385],[27.354587,40.052162],[27.354367,40.052118],[27.35188,40.047709],[27.355015,40.045999],[27.358196,40.038373],[27.361213,40.034989],[27.351779,40.029304],[27.348711,40.027455],[27.348279,40.026829],[27.347837,40.026345],[27.344386,40.024329],[27.341518,40.022168],[27.341206,40.018342],[27.341049,40.019059],[27.341012,40.019104],[27.340856,40.019214],[27.340749,40.019375],[27.340611,40.019533],[27.340491,40.019663],[27.340471,40.01971],[27.340426,40.019905],[27.340443,40.020116],[27.340392,40.020214],[27.340361,40.020217],[27.340201,40.020272],[27.340005,40.02025],[27.339821,40.020208],[27.339642,40.020099],[27.339364,40.019867],[27.339107,40.019957],[27.33891,40.020007],[27.338652,40.020123],[27.33834,40.020284],[27.338206,40.020336],[27.337841,40.020438],[27.337424,40.020539],[27.337478,40.021013],[27.33746,40.021182],[27.337418,40.021363],[27.337411,40.021595],[27.337369,40.021683],[27.337231,40.02179],[27.337057,40.021919],[27.336816,40.022073],[27.336628,40.022239],[27.336647,40.022384],[27.336705,40.02248],[27.336931,40.022862],[27.336591,40.023927],[27.336604,40.023984],[27.336667,40.024058],[27.336949,40.024278],[27.337227,40.024397],[27.337528,40.0246],[27.337948,40.024881],[27.338227,40.024957],[27.338425,40.025093],[27.338548,40.025098],[27.338788,40.025206],[27.338965,40.025186],[27.338904,40.025215],[27.338953,40.025443],[27.338985,40.025576],[27.338954,40.025645],[27.338954,40.025741],[27.338915,40.025774],[27.338744,40.025855],[27.338732,40.02607],[27.338683,40.026398],[27.338784,40.026425],[27.338738,40.026493],[27.338915,40.026683],[27.3387,40.026851],[27.338888,40.027233],[27.339102,40.0275],[27.339301,40.027592],[27.339404,40.027724],[27.339449,40.027915],[27.339357,40.028065],[27.339415,40.028146],[27.339335,40.028109],[27.339266,40.028211],[27.339247,40.028236],[27.339135,40.02836],[27.339112,40.028383],[27.339047,40.028431],[27.339019,40.028474],[27.339007,40.028565],[27.339001,40.028618],[27.339029,40.028675],[27.339119,40.028744],[27.339106,40.028803],[27.339113,40.028963],[27.338971,40.029162],[27.338922,40.029258],[27.338894,40.02932],[27.338919,40.029506],[27.33879,40.02957],[27.338634,40.029885],[27.338535,40.029938],[27.338415,40.029962],[27.338541,40.029789],[27.338686,40.029415],[27.338102,40.029295],[27.337719,40.029308],[27.337407,40.02963],[27.337328,40.029749],[27.337194,40.029806],[27.336974,40.030003],[27.336619,40.030083],[27.336587,40.030224],[27.336542,40.030266],[27.33638,40.03022],[27.336195,40.030475],[27.336057,40.030636],[27.336026,40.03064],[27.335852,40.030574],[27.335516,40.030515],[27.335189,40.030122],[27.335125,40.030377],[27.335056,40.03058],[27.33504,40.030626],[27.335135,40.030681],[27.335092,40.030707],[27.334964,40.030913],[27.334828,40.031005],[27.334749,40.031038],[27.334635,40.031049],[27.334409,40.031046],[27.334236,40.031084],[27.334538,40.031689],[27.334499,40.032067],[27.334281,40.032741],[27.334138,40.033386],[27.333877,40.03415],[27.333389,40.034394],[27.333112,40.034836],[27.332618,40.035115],[27.332519,40.035303],[27.332221,40.035536],[27.331895,40.035646],[27.331761,40.035832],[27.331628,40.036118],[27.331582,40.036413],[27.331766,40.036805],[27.33195,40.03709],[27.332465,40.037478],[27.332929,40.037773],[27.333164,40.03798],[27.332935,40.038862],[27.331803,40.043233],[27.329605,40.045319],[27.326723,40.048053],[27.326683,40.048095],[27.326452,40.048219],[27.326445,40.048242],[27.326402,40.048242],[27.326269,40.048248],[27.326174,40.048265],[27.325966,40.048325],[27.325837,40.048372],[27.325718,40.048439],[27.325566,40.048572],[27.325428,40.048733],[27.32529,40.048907],[27.325215,40.048999],[27.325128,40.049063],[27.324961,40.049156],[27.324841,40.049198],[27.324753,40.049209],[27.324657,40.049194],[27.320517,40.052682],[27.319004,40.05385],[27.315056,40.055892],[27.31148,40.055454],[27.310179,40.05519],[27.306417,40.054547],[27.306176,40.054573],[27.306214,40.054763],[27.306223,40.055035],[27.306296,40.055192],[27.306545,40.055464],[27.306757,40.055641],[27.306932,40.055853],[27.30702,40.055974],[27.307148,40.056237],[27.307162,40.056291],[27.307223,40.056473],[27.307203,40.056641],[27.307178,40.056906],[27.307091,40.057201],[27.307003,40.057553],[27.30701,40.057841],[27.307025,40.058318],[27.307047,40.058492],[27.30708,40.058748],[27.307069,40.058922],[27.307056,40.059084],[27.307127,40.05929],[27.307098,40.059629],[27.307025,40.060234],[27.307017,40.060627],[27.306994,40.061067],[27.306918,40.061415],[27.306867,40.061894],[27.306965,40.06212],[27.30679,40.062226],[27.306752,40.062288],[27.306536,40.062252],[27.306404,40.062123],[27.306028,40.062285],[27.3052,40.062802],[27.304621,40.064036],[27.304939,40.064765],[27.305383,40.065566],[27.305506,40.065899],[27.305151,40.066049],[27.304858,40.066384],[27.304542,40.066811],[27.304293,40.06712],[27.304486,40.067301],[27.304639,40.067462],[27.307884,40.068663],[27.307926,40.068709],[27.307962,40.06874],[27.308017,40.068771],[27.308028,40.068839],[27.309567,40.072697],[27.310687,40.075507],[27.311815,40.078334],[27.313172,40.081735],[27.315908,40.084149],[27.315983,40.084211],[27.319017,40.086892],[27.321115,40.088743],[27.322118,40.090663],[27.323958,40.094188],[27.324902,40.095995],[27.325386,40.096922],[27.326818,40.099663],[27.326913,40.099661],[27.332002,40.100222],[27.333069,40.100209],[27.335046,40.099702]]]}},{"type":"Feature","properties":{"id":"TR-Y-17-012-K-0042","level":"yerlesim","type":"mahalle","parent_id":"TR-D-17-012","province_id":"TR-P-17","district_id":"TR-D-17-012","name":"Karaköy","source_raw_name":"Karaköy","source":"Kullanıcı tarafından sağlanan KML","source_label":"Kullanıcı tarafından sağlanan KML","source_name":"Canakkale Mahalle KML - kullanici tarafindan saglandi"},"geometry":{"type":"Polygon","coordinates":[[[27.385639,40.005767],[27.385833,40.005206],[27.386675,40.0056],[27.387323,40.005483],[27.387759,40.005271],[27.38798,40.005004],[27.388266,40.004653],[27.388391,40.004307],[27.388118,40.004184],[27.387693,40.004118],[27.387221,40.003996],[27.386165,40.003513],[27.387647,40.002479],[27.387861,40.00204],[27.387908,40.00051],[27.388123,40.000233],[27.38836,40.000437],[27.3889,40.000635],[27.389187,40.000825],[27.389422,40.000905],[27.389589,40.00079],[27.389798,40.000466],[27.389738,39.999799],[27.388502,39.999145],[27.388072,39.998832],[27.388027,39.998517],[27.388252,39.997773],[27.388318,39.997373],[27.388237,39.997249],[27.388037,39.99694],[27.387731,39.996555],[27.387722,39.996145],[27.387776,39.995749],[27.388016,39.995501],[27.388189,39.995453],[27.388959,39.995683],[27.38935,39.995844],[27.38976,39.996],[27.389964,39.995937],[27.389938,39.995666],[27.39016,39.995503],[27.38981,39.995018],[27.389261,39.994305],[27.389222,39.993981],[27.390293,39.993744],[27.390579,39.993924],[27.391156,39.994113],[27.391657,39.993949],[27.391852,39.993339],[27.392104,39.993004],[27.391752,39.992181],[27.391693,39.991523],[27.392124,39.991188],[27.393232,39.990975],[27.393894,39.990744],[27.394288,39.990314],[27.394318,39.990151],[27.394061,39.989618],[27.393806,39.9894],[27.393383,39.989092],[27.392563,39.988799],[27.392406,39.988409],[27.392539,39.987822],[27.393169,39.987567],[27.393725,39.987289],[27.394133,39.986988],[27.394217,39.986582],[27.393272,39.985947],[27.392903,39.985419],[27.393261,39.985122],[27.39325,39.984317],[27.392958,39.984146],[27.392918,39.983627],[27.392855,39.983475],[27.392851,39.98275],[27.393052,39.982225],[27.393111,39.981772],[27.393319,39.981324],[27.393563,39.980508],[27.393755,39.979545],[27.394176,39.978404],[27.394471,39.977989],[27.395102,39.977753],[27.395474,39.977785],[27.39631,39.977868],[27.396453,39.977901],[27.396649,39.977514],[27.396739,39.977004],[27.396805,39.976703],[27.396731,39.975627],[27.397075,39.975077],[27.397906,39.974193],[27.398391,39.973505],[27.399006,39.972774],[27.39873,39.972031],[27.399652,39.971947],[27.402686,39.972737],[27.402826,39.972615],[27.402074,39.971811],[27.401915,39.97126],[27.400543,39.970524],[27.400332,39.97001],[27.399983,39.96889],[27.401251,39.967921],[27.401205,39.967874],[27.401132,39.96779],[27.40067,39.967582],[27.400566,39.967382],[27.400446,39.967245],[27.400098,39.967086],[27.400187,39.967017],[27.400464,39.966925],[27.40076,39.966718],[27.401246,39.966762],[27.401583,39.96673],[27.401891,39.966866],[27.402337,39.966903],[27.402673,39.966856],[27.403455,39.966716],[27.40396,39.966547],[27.404128,39.966447],[27.404246,39.966309],[27.4048,39.966101],[27.40469,39.96598],[27.404294,39.966088],[27.403303,39.966091],[27.403065,39.966008],[27.402465,39.965095],[27.402752,39.964972],[27.402801,39.96498],[27.403315,39.964803],[27.403364,39.964711],[27.4037,39.964542],[27.403997,39.964518],[27.404355,39.964662],[27.404592,39.964569],[27.405106,39.964347],[27.405166,39.964339],[27.405255,39.964415],[27.405504,39.964475],[27.405701,39.964421],[27.405958,39.964229],[27.406037,39.964168],[27.40673,39.964143],[27.407849,39.964009],[27.408086,39.963886],[27.408284,39.96384],[27.408533,39.963946],[27.408574,39.964174],[27.408386,39.964266],[27.407685,39.964711],[27.407547,39.964818],[27.40562,39.965656],[27.405443,39.965924],[27.405948,39.965914],[27.406126,39.965883],[27.406304,39.965829],[27.407273,39.965452],[27.407619,39.965299],[27.407836,39.965176],[27.407866,39.965107],[27.408389,39.964739],[27.408496,39.96448],[27.408635,39.964357],[27.409192,39.964223],[27.409571,39.96425],[27.409787,39.964364],[27.409937,39.964529],[27.410459,39.96479],[27.411084,39.964988],[27.411515,39.965027],[27.412332,39.964944],[27.412503,39.964943],[27.413819,39.964921],[27.414354,39.964862],[27.414687,39.964758],[27.414902,39.964563],[27.415019,39.964271],[27.415248,39.964127],[27.415516,39.964058],[27.41596,39.963833],[27.41642,39.963671],[27.416679,39.963499],[27.416848,39.963172],[27.417121,39.962919],[27.41758,39.962592],[27.417646,39.96242],[27.417793,39.962156],[27.418023,39.962024],[27.418237,39.96176],[27.418597,39.961107],[27.418996,39.960739],[27.419425,39.9604],[27.419691,39.960108],[27.41985,39.959484],[27.419954,39.959358],[27.420265,39.959219],[27.420486,39.958996],[27.420795,39.95848],[27.420986,39.958073],[27.421074,39.957792],[27.421162,39.957621],[27.42145,39.957316],[27.421678,39.956978],[27.421921,39.956628],[27.4222,39.956027],[27.422271,39.955603],[27.422299,39.955329],[27.422247,39.955197],[27.421903,39.954901],[27.421483,39.954331],[27.421177,39.953977],[27.420915,39.95371],[27.420392,39.953294],[27.420264,39.953043],[27.420285,39.952751],[27.42044,39.952613],[27.420589,39.952618],[27.42102,39.952731],[27.421384,39.952747],[27.421645,39.952826],[27.42195,39.952899],[27.422278,39.953047],[27.422605,39.953086],[27.423358,39.953466],[27.42356,39.953677],[27.424031,39.954099],[27.424411,39.954372],[27.424642,39.954365],[27.425221,39.954272],[27.42568,39.954041],[27.426064,39.953662],[27.426277,39.95317],[27.426334,39.952775],[27.426303,39.952643],[27.426234,39.952358],[27.426033,39.952267],[27.425788,39.952205],[27.425654,39.952245],[27.425565,39.952303],[27.425083,39.952471],[27.424467,39.952536],[27.423857,39.952401],[27.423186,39.952054],[27.422626,39.95157],[27.422444,39.951045],[27.42248,39.950804],[27.422884,39.950077],[27.422964,39.949825],[27.422977,39.949436],[27.422864,39.94931],[27.422336,39.949186],[27.422091,39.949176],[27.421806,39.949411],[27.421153,39.949489],[27.420002,39.949341],[27.419724,39.949266],[27.419328,39.949237],[27.419169,39.949191],[27.419227,39.948886],[27.418809,39.948568],[27.418172,39.948158],[27.417814,39.947961],[27.417616,39.948008],[27.41579,39.947374],[27.415332,39.947116],[27.414874,39.946675],[27.414574,39.946204],[27.413939,39.945977],[27.413344,39.945964],[27.41285,39.946103],[27.412414,39.946166],[27.411402,39.945986],[27.410628,39.945714],[27.41019,39.94538],[27.409395,39.945017],[27.408622,39.944883],[27.408106,39.944808],[27.407334,39.944857],[27.4066,39.944676],[27.406043,39.944419],[27.405901,39.943871],[27.40574,39.943337],[27.405718,39.943017],[27.405578,39.942819],[27.405082,39.942669],[27.404526,39.942518],[27.404247,39.942229],[27.404084,39.941452],[27.403581,39.940096],[27.403612,39.938693],[27.403866,39.938021],[27.403821,39.937076],[27.403481,39.936543],[27.403163,39.936392],[27.40239,39.936334],[27.401599,39.936657],[27.400829,39.937086],[27.400398,39.937911],[27.400023,39.938172],[27.399191,39.93819],[27.398021,39.93795],[27.397285,39.937434],[27.396665,39.936491],[27.395964,39.935075],[27.395402,39.933811],[27.3935,39.933772],[27.392746,39.933652],[27.392011,39.933273],[27.391808,39.932313],[27.391765,39.931871],[27.39202,39.931291],[27.392867,39.93051],[27.393459,39.930157],[27.395319,39.929709],[27.396862,39.929414],[27.397039,39.929139],[27.397333,39.928619],[27.397332,39.928619],[27.39462,39.92679],[27.389802,39.927471],[27.389298,39.927686],[27.388843,39.927817],[27.388289,39.927834],[27.387615,39.927837],[27.38719,39.927899],[27.386626,39.927977],[27.38615,39.927979],[27.385903,39.928041],[27.385548,39.92824],[27.385202,39.928363],[27.385104,39.928547],[27.384987,39.928936],[27.38484,39.929264],[27.384663,39.929402],[27.383851,39.929466],[27.383316,39.929452],[27.383158,39.929483],[27.382991,39.929819],[27.382735,39.930049],[27.382469,39.930424],[27.382076,39.93089],[27.381623,39.931326],[27.381466,39.931639],[27.38116,39.931816],[27.380715,39.932],[27.380161,39.932101],[27.379864,39.932209],[27.379628,39.932415],[27.379401,39.932653],[27.379203,39.932661],[27.378757,39.932548],[27.37852,39.932594],[27.378282,39.93271],[27.378055,39.932718],[27.377936,39.932589],[27.377935,39.932589],[27.377935,39.932589],[27.377468,39.932346],[27.376971,39.932051],[27.376504,39.931732],[27.376197,39.931817],[27.375841,39.931803],[27.375019,39.931775],[27.374742,39.931844],[27.374356,39.932028],[27.373852,39.93219],[27.373456,39.932146],[27.372821,39.932049],[27.372515,39.932141],[27.372338,39.932363],[27.37219,39.932638],[27.371894,39.932723],[27.371606,39.932716],[27.371428,39.932732],[27.370934,39.932886],[27.370597,39.932902],[27.37032,39.932995],[27.370192,39.933079],[27.369907,39.933438],[27.369603,39.934003],[27.369465,39.934286],[27.369297,39.934332],[27.368861,39.93428],[27.368446,39.934388],[27.36805,39.934519],[27.367773,39.934505],[27.367257,39.934392],[27.366921,39.934447],[27.366565,39.934539],[27.366416,39.934463],[27.365672,39.935212],[27.365673,39.935212],[27.36146,39.939451],[27.360202,39.941377],[27.359061,39.942966],[27.357464,39.944451],[27.356554,39.944667],[27.354859,39.94638],[27.354033,39.947557],[27.352492,39.948537],[27.352436,39.948703],[27.352362,39.948919],[27.35242,39.949105],[27.35233,39.949302],[27.352247,39.949556],[27.352146,39.949661],[27.351981,39.949791],[27.351786,39.949939],[27.351965,39.950049],[27.352191,39.950284],[27.351922,39.950504],[27.351449,39.950872],[27.350612,39.951481],[27.350821,39.951623],[27.350827,39.951762],[27.350827,39.95184],[27.350284,39.9527],[27.349746,39.953559],[27.349761,39.954074],[27.349802,39.954375],[27.35011,39.954639],[27.350454,39.954899],[27.350257,39.955142],[27.350056,39.955219],[27.349485,39.95587],[27.348827,39.955579],[27.34839,39.956325],[27.348003,39.957127],[27.347912,39.9574],[27.347898,39.958018],[27.347976,39.958229],[27.347781,39.958808],[27.347299,39.958912],[27.346889,39.959425],[27.34629,39.960087],[27.345615,39.960327],[27.345802,39.960481],[27.3454,39.961085],[27.344032,39.961767],[27.34376,39.961693],[27.343106,39.962359],[27.342694,39.963092],[27.347306,39.961846],[27.348107,39.96211],[27.348562,39.962349],[27.348952,39.962098],[27.349648,39.962128],[27.350041,39.961481],[27.350466,39.961213],[27.351125,39.960641],[27.351214,39.960717],[27.35175,39.960458],[27.352181,39.960771],[27.352964,39.960324],[27.352719,39.959894],[27.352984,39.959476],[27.353842,39.959563],[27.354003,39.959833],[27.354373,39.959987],[27.354749,39.960274],[27.354837,39.960579],[27.355277,39.96062],[27.35538,39.96076],[27.355895,39.961455],[27.356257,39.960856],[27.356151,39.960737],[27.356872,39.960684],[27.357065,39.960827],[27.357124,39.960927],[27.357527,39.961602],[27.357701,39.961602],[27.357753,39.961599],[27.357839,39.961921],[27.358222,39.962448],[27.358625,39.962492],[27.358734,39.962602],[27.359254,39.963189],[27.359489,39.963093],[27.359358,39.96398],[27.359494,39.964027],[27.35947,39.964256],[27.358963,39.964372],[27.358852,39.964506],[27.358705,39.964773],[27.358638,39.966184],[27.359431,39.966229],[27.359613,39.965504],[27.36006,39.965693],[27.359989,39.966256],[27.360261,39.966226],[27.360238,39.966446],[27.359866,39.966514],[27.360005,39.966933],[27.359462,39.967297],[27.359624,39.967639],[27.359799,39.967782],[27.360247,39.9682],[27.360358,39.968123],[27.360373,39.968695],[27.36025,39.96881],[27.360214,39.969],[27.361158,39.969503],[27.361581,39.969949],[27.361385,39.970217],[27.361871,39.970854],[27.361923,39.971283],[27.362344,39.971338],[27.362528,39.97089],[27.363694,39.971239],[27.364034,39.972153],[27.36396,39.972229],[27.363479,39.972698],[27.36347,39.973413],[27.36419,39.973592],[27.364161,39.972782],[27.364408,39.972638],[27.364681,39.972704],[27.365128,39.972874],[27.364709,39.973361],[27.364897,39.973761],[27.365083,39.973846],[27.365342,39.973655],[27.366422,39.973975],[27.366262,39.974252],[27.365964,39.974129],[27.365717,39.974168],[27.365631,39.974331],[27.365097,39.97418],[27.364654,39.974724],[27.363961,39.97487],[27.364024,39.974974],[27.363668,39.975604],[27.362763,39.975445],[27.362355,39.975637],[27.361762,39.976058],[27.36235,39.977105],[27.362306,39.978077],[27.362642,39.978486],[27.363225,39.978608],[27.363313,39.978818],[27.363339,39.978961],[27.362556,39.978553],[27.36148,39.978843],[27.361285,39.979463],[27.361423,39.979882],[27.361585,39.979967],[27.362415,39.979926],[27.362899,39.980144],[27.363605,39.980151],[27.362108,39.98049],[27.356967,39.983089],[27.358997,39.987476],[27.357712,39.988214],[27.35739,39.988082],[27.355469,39.988116],[27.355309,39.988326],[27.355211,39.98847],[27.355187,39.988594],[27.351885,39.993362],[27.354411,39.992673],[27.356535,39.9921],[27.360993,39.990891],[27.361682,39.991009],[27.362608,39.991103],[27.363404,39.991207],[27.364048,39.991359],[27.365526,39.991838],[27.366851,39.992025],[27.367641,39.992346],[27.368827,39.993091],[27.36897,39.993471],[27.370121,39.995263],[27.37029,39.9956],[27.370903,39.996124],[27.370242,39.996272],[27.369947,39.996776],[27.370087,39.996997],[27.370008,39.997135],[27.369654,39.99757],[27.369597,39.99802],[27.369846,39.998294],[27.370402,39.998361],[27.370779,39.998512],[27.371206,39.998572],[27.371588,39.998823],[27.371574,39.999179],[27.371555,39.999842],[27.371924,40.00061],[27.372997,40.001104],[27.373779,40.001379],[27.37407,40.001527],[27.374439,40.001623],[27.375174,40.002044],[27.375465,40.002257],[27.375529,40.002457],[27.375527,40.002792],[27.375643,40.002906],[27.375718,40.003109],[27.375692,40.003111],[27.376044,40.003391],[27.376211,40.003356],[27.376423,40.003401],[27.376636,40.003589],[27.376852,40.003708],[27.376964,40.003842],[27.37698,40.003971],[27.377253,40.004207],[27.377622,40.004418],[27.377622,40.004443],[27.377898,40.004577],[27.378558,40.004946],[27.378726,40.005],[27.379054,40.005225],[27.379368,40.005404],[27.379647,40.005449],[27.379948,40.005379],[27.380497,40.005298],[27.380762,40.005348],[27.38093,40.005456],[27.381279,40.005438],[27.381684,40.005337],[27.381847,40.005242],[27.382378,40.005091],[27.382819,40.004824],[27.382739,40.005124],[27.383083,40.005489],[27.383809,40.005681],[27.384071,40.005932],[27.385091,40.006146],[27.385469,40.00595],[27.385639,40.005767]]]}},{"type":"Feature","properties":{"id":"TR-Y-17-012-K-0043","level":"yerlesim","type":"mahalle","parent_id":"TR-D-17-012","province_id":"TR-P-17","district_id":"TR-D-17-012","name":"Karasu","source_raw_name":"Karasu","source":"Kullanıcı tarafından sağlanan KML","source_label":"Kullanıcı tarafından sağlanan KML","source_name":"Canakkale Mahalle KML - kullanici tarafindan saglandi"},"geometry":{"type":"Polygon","coordinates":[[[27.428046,40.015458],[27.431672,40.01452],[27.435334,40.014678],[27.433019,40.011033],[27.43205,40.005141],[27.431242,40.002003],[27.433666,40.00001],[27.436735,39.998125],[27.437281,39.993935],[27.440773,39.991001],[27.445185,39.986521],[27.449688,39.984906],[27.457111,39.980854],[27.457745,39.980512],[27.457453,39.979922],[27.457485,39.979617],[27.45722,39.979145],[27.456896,39.978918],[27.455244,39.978711],[27.454449,39.978382],[27.453918,39.978289],[27.453305,39.978398],[27.452961,39.978151],[27.452687,39.977176],[27.452727,39.976467],[27.452873,39.976123],[27.453242,39.975661],[27.453283,39.974763],[27.453219,39.974458],[27.453169,39.974429],[27.452621,39.974267],[27.452022,39.974292],[27.45154,39.97421],[27.451224,39.974352],[27.451037,39.974524],[27.450959,39.974677],[27.450739,39.97522],[27.45028,39.975484],[27.449824,39.975498],[27.449626,39.975464],[27.449382,39.975343],[27.448873,39.974834],[27.448758,39.974537],[27.448563,39.974404],[27.448388,39.974138],[27.447761,39.972879],[27.447317,39.972415],[27.445965,39.971799],[27.445731,39.971743],[27.444735,39.970877],[27.443818,39.970107],[27.442682,39.96912],[27.442516,39.968812],[27.442564,39.968487],[27.440605,39.967534],[27.440088,39.967231],[27.439729,39.966908],[27.439142,39.96651],[27.438645,39.966348],[27.438135,39.966323],[27.437978,39.966522],[27.437706,39.966657],[27.437147,39.966766],[27.436825,39.966839],[27.436498,39.966833],[27.436215,39.966758],[27.435912,39.966606],[27.434981,39.965927],[27.434294,39.965396],[27.434045,39.965153],[27.433837,39.964521],[27.433914,39.964059],[27.434198,39.963605],[27.434371,39.963482],[27.434718,39.963439],[27.434881,39.963369],[27.435639,39.962707],[27.436881,39.961654],[27.437004,39.961455],[27.437141,39.961165],[27.438439,39.960417],[27.439997,39.959995],[27.440194,39.959868],[27.440337,39.959632],[27.441378,39.958976],[27.441229,39.958237],[27.441109,39.958054],[27.440184,39.957447],[27.439651,39.957091],[27.439299,39.95699],[27.438367,39.956928],[27.437966,39.956876],[27.437737,39.95682],[27.437354,39.95657],[27.43686,39.955935],[27.436779,39.955653],[27.436786,39.955196],[27.436461,39.954797],[27.436183,39.954634],[27.435746,39.954494],[27.435518,39.954487],[27.434781,39.954753],[27.434486,39.955071],[27.433988,39.955389],[27.433164,39.955968],[27.432744,39.956194],[27.432201,39.956437],[27.431284,39.956375],[27.430472,39.956401],[27.430158,39.956204],[27.430092,39.955869],[27.429674,39.95487],[27.429618,39.95509],[27.428607,39.95506],[27.427856,39.954965],[27.427485,39.955024],[27.427158,39.955145],[27.427024,39.955106],[27.426979,39.955054],[27.426994,39.954951],[27.426652,39.954795],[27.426457,39.954902],[27.426376,39.954958],[27.426278,39.955025],[27.426151,39.955104],[27.426047,39.955195],[27.426004,39.955226],[27.425886,39.955307],[27.425837,39.955341],[27.425784,39.955353],[27.425679,39.955387],[27.425599,39.955449],[27.425516,39.955526],[27.425381,39.955662],[27.425313,39.955741],[27.425196,39.95581],[27.425054,39.955846],[27.42492,39.955833],[27.424778,39.955809],[27.424576,39.955777],[27.424527,39.955798],[27.424481,39.955839],[27.424425,39.95588],[27.424326,39.955923],[27.424283,39.955945],[27.424215,39.955959],[27.424126,39.955995],[27.423981,39.956055],[27.423903,39.956101],[27.423864,39.956197],[27.423884,39.956292],[27.423944,39.956357],[27.424009,39.956406],[27.424068,39.956459],[27.424133,39.956508],[27.424183,39.956554],[27.424238,39.956592],[27.424308,39.956676],[27.424418,39.956847],[27.424483,39.957014],[27.424539,39.957197],[27.424554,39.9573],[27.424514,39.957397],[27.424342,39.957354],[27.424247,39.95732],[27.424098,39.95726],[27.423825,39.9572],[27.423791,39.957196],[27.423613,39.957307],[27.423564,39.957342],[27.423411,39.957529],[27.423343,39.95764],[27.423289,39.957751],[27.423166,39.957976],[27.423142,39.958033],[27.423103,39.958247],[27.423104,39.958281],[27.423099,39.958327],[27.423109,39.958411],[27.423101,39.958583],[27.423072,39.958785],[27.42295,39.959048],[27.422758,39.959269],[27.423078,39.959295],[27.423361,39.959271],[27.423667,39.959159],[27.423864,39.958945],[27.423976,39.958594],[27.424035,39.958571],[27.424194,39.958658],[27.424374,39.958894],[27.424732,39.95914],[27.424822,39.959293],[27.424843,39.959441],[27.424909,39.95967],[27.42492,39.959887],[27.424877,39.960173],[27.424962,39.960325],[27.425128,39.960595],[27.425491,39.960834],[27.42589,39.961267],[27.426235,39.961777],[27.426177,39.962097],[27.426457,39.962375],[27.426876,39.962918],[27.427027,39.963204],[27.427072,39.963368],[27.427028,39.963497],[27.426565,39.963896],[27.426378,39.96414],[27.426277,39.964541],[27.426389,39.965784],[27.427669,39.966053],[27.427911,39.965965],[27.428011,39.966094],[27.42807,39.966094],[27.428238,39.965948],[27.428362,39.965997],[27.428496,39.965985],[27.428676,39.966244],[27.430485,39.965574],[27.430004,39.966346],[27.429842,39.966507],[27.429548,39.966996],[27.429099,39.967363],[27.428696,39.967891],[27.428439,39.968037],[27.428248,39.968373],[27.428289,39.969418],[27.428634,39.969855],[27.429028,39.970223],[27.429063,39.970395],[27.429243,39.970592],[27.429427,39.970736],[27.429487,39.970858],[27.42943,39.971186],[27.429712,39.972607],[27.429971,39.97285],[27.430096,39.973063],[27.430055,39.973593],[27.430206,39.973997],[27.430234,39.974442],[27.430557,39.974973],[27.430656,39.975287],[27.430534,39.976031],[27.430297,39.976777],[27.430212,39.977464],[27.430073,39.977598],[27.429709,39.97772],[27.429154,39.978256],[27.42893,39.97855],[27.427656,39.979332],[27.427378,39.979566],[27.426887,39.979749],[27.425696,39.979897],[27.425424,39.980067],[27.425166,39.980375],[27.425071,39.980652],[27.425061,39.980947],[27.425141,39.981343],[27.425367,39.981866],[27.425482,39.981951],[27.425349,39.981971],[27.425483,39.982154],[27.425602,39.982266],[27.425988,39.982557],[27.426107,39.982819],[27.426172,39.98334],[27.426356,39.983533],[27.426745,39.983772],[27.426862,39.984108],[27.426791,39.984136],[27.426909,39.984224],[27.426786,39.984363],[27.426721,39.984368],[27.426705,39.984411],[27.426908,39.984527],[27.427255,39.984604],[27.427491,39.984682],[27.427578,39.984767],[27.427677,39.985141],[27.427625,39.985384],[27.427512,39.985566],[27.426973,39.986133],[27.426843,39.986171],[27.426772,39.986148],[27.426581,39.985851],[27.426401,39.985689],[27.426149,39.985633],[27.425954,39.985629],[27.425999,39.985798],[27.425937,39.985855],[27.425696,39.985932],[27.425674,39.985952],[27.425734,39.986032],[27.425846,39.986118],[27.425769,39.986225],[27.425677,39.986454],[27.425655,39.986886],[27.425394,39.987139],[27.425264,39.987197],[27.425106,39.987188],[27.425004,39.9872],[27.424883,39.987265],[27.42484,39.987353],[27.424891,39.987487],[27.425135,39.987905],[27.425136,39.98802],[27.425867,39.988994],[27.42641,39.989745],[27.426077,39.990997],[27.425824,39.992035],[27.425536,39.993165],[27.425309,39.994045],[27.42507,39.99499],[27.424886,39.995702],[27.423281,39.998681],[27.420953,40.003046],[27.422855,40.005889],[27.423629,40.006763],[27.423731,40.007249],[27.424702,40.007922],[27.425113,40.008273],[27.425226,40.008444],[27.42533,40.009244],[27.428046,40.015458]]]}},{"type":"Feature","properties":{"id":"TR-Y-17-012-K-0044","level":"yerlesim","type":"mahalle","parent_id":"TR-D-17-012","province_id":"TR-P-17","district_id":"TR-D-17-012","name":"Kargacı","source_raw_name":"Kargacı","source":"Kullanıcı tarafından sağlanan KML","source_label":"Kullanıcı tarafından sağlanan KML","source_name":"Canakkale Mahalle KML - kullanici tarafindan saglandi"},"geometry":{"type":"Polygon","coordinates":[[[27.299837,39.845883],[27.298558,39.8419],[27.304531,39.842056],[27.305792,39.841881],[27.309267,39.841454],[27.31144,39.84122],[27.313073,39.842942],[27.314005,39.844015],[27.315194,39.844509],[27.315492,39.844629],[27.316019,39.844759],[27.316724,39.844751],[27.317007,39.844991],[27.317414,39.845248],[27.317123,39.84499],[27.317045,39.844892],[27.317113,39.844809],[27.317206,39.844832],[27.317379,39.84486],[27.317531,39.844874],[27.317694,39.844843],[27.317737,39.844798],[27.317725,39.844721],[27.317604,39.844688],[27.3171,39.84464],[27.31709,39.844582],[27.317215,39.844198],[27.317289,39.84411],[27.317449,39.844002],[27.316973,39.843861],[27.316942,39.843885],[27.316945,39.843978],[27.316974,39.844106],[27.31703,39.844321],[27.317003,39.844387],[27.316923,39.844516],[27.316772,39.844598],[27.316481,39.844617],[27.315999,39.844602],[27.315659,39.844579],[27.315538,39.844525],[27.315278,39.844328],[27.315138,39.844266],[27.314859,39.84416],[27.314637,39.844101],[27.314423,39.843977],[27.314187,39.843115],[27.313907,39.842101],[27.313646,39.841127],[27.31232,39.840466],[27.310737,39.839681],[27.309857,39.839264],[27.308897,39.838771],[27.308228,39.838446],[27.307097,39.837904],[27.305576,39.83714],[27.304662,39.836688],[27.303491,39.836109],[27.303389,39.836172],[27.303293,39.83616],[27.303241,39.836139],[27.302946,39.835863],[27.302658,39.835716],[27.301859,39.835346],[27.301394,39.835193],[27.301171,39.835069],[27.300973,39.834986],[27.300763,39.834961],[27.300559,39.834961],[27.300358,39.835017],[27.300262,39.835029],[27.301023,39.833726],[27.301609,39.832683],[27.302321,39.831468],[27.302894,39.830449],[27.303548,39.829315],[27.304363,39.827872],[27.305001,39.826764],[27.305731,39.825487],[27.306124,39.824819],[27.306222,39.824745],[27.306222,39.824652],[27.306274,39.824537],[27.306397,39.824394],[27.306582,39.824286],[27.306718,39.824262],[27.306842,39.824286],[27.306996,39.824345],[27.306977,39.82424],[27.307165,39.824106],[27.307181,39.824042],[27.307676,39.823686],[27.305375,39.822257],[27.303908,39.820264],[27.303724,39.820403],[27.303738,39.820946],[27.303658,39.820956],[27.302722,39.820205],[27.302368,39.819873],[27.302113,39.819554],[27.301834,39.819402],[27.301779,39.819445],[27.301048,39.819142],[27.300541,39.818962],[27.300423,39.818929],[27.300071,39.818892],[27.300101,39.818706],[27.299413,39.81835],[27.298918,39.818228],[27.297291,39.81786],[27.297106,39.817827],[27.295263,39.817713],[27.293866,39.817574],[27.292617,39.817405],[27.291764,39.817331],[27.289637,39.81717],[27.288302,39.817078],[27.286139,39.817207],[27.285752,39.817228],[27.282896,39.817593],[27.281403,39.817776],[27.279422,39.818032],[27.277931,39.818612],[27.275525,39.819542],[27.27557,39.820758],[27.275703,39.820838],[27.27619,39.821409],[27.275845,39.821532],[27.275534,39.821696],[27.275495,39.821796],[27.275267,39.821876],[27.275125,39.821987],[27.275012,39.822174],[27.275195,39.822189],[27.275402,39.822128],[27.275535,39.822131],[27.276275,39.823944],[27.276443,39.823959],[27.276501,39.824836],[27.276326,39.82558],[27.276155,39.826247],[27.276304,39.826266],[27.276566,39.826288],[27.276971,39.826314],[27.277051,39.826386],[27.277046,39.826436],[27.277107,39.826947],[27.277104,39.827259],[27.277441,39.827407],[27.277653,39.827464],[27.277985,39.827505],[27.278099,39.827543],[27.278232,39.827562],[27.278396,39.827554],[27.278509,39.827508],[27.27885,39.827373],[27.279057,39.827201],[27.279254,39.827048],[27.279694,39.826956],[27.279872,39.82694],[27.280149,39.82697],[27.280337,39.827084],[27.280739,39.827342],[27.280868,39.82749],[27.281106,39.827799],[27.281122,39.827966],[27.281064,39.828207],[27.28138,39.828248],[27.281342,39.828496],[27.281752,39.828537],[27.282113,39.828517],[27.282366,39.8286],[27.282001,39.828921],[27.281791,39.829452],[27.281752,39.829749],[27.281589,39.829769],[27.281805,39.830565],[27.281791,39.830657],[27.281743,39.83078],[27.281554,39.830945],[27.281401,39.830942],[27.280669,39.830886],[27.280481,39.830902],[27.279833,39.83085],[27.279185,39.830684],[27.279047,39.830943],[27.278786,39.831177],[27.279172,39.83126],[27.279544,39.831442],[27.279965,39.831673],[27.280074,39.831665],[27.280133,39.831715],[27.280274,39.832161],[27.27974,39.832261],[27.280141,39.832477],[27.280405,39.832854],[27.280634,39.833227],[27.280625,39.833429],[27.28069,39.8337],[27.280513,39.833963],[27.280544,39.834085],[27.280584,39.834219],[27.28048,39.834387],[27.280332,39.834452],[27.280284,39.834612],[27.2807,39.834767],[27.280823,39.834729],[27.281224,39.834892],[27.281318,39.834888],[27.28162,39.834967],[27.281606,39.83499],[27.282016,39.835073],[27.281962,39.835161],[27.282145,39.835195],[27.282457,39.835301],[27.282675,39.835399],[27.283113,39.835863],[27.283232,39.835989],[27.283202,39.836062],[27.283183,39.836111],[27.283025,39.836291],[27.283072,39.836702],[27.284835,39.83626],[27.285207,39.836381],[27.285523,39.836388],[27.285726,39.836479],[27.28584,39.83652],[27.286355,39.836679],[27.286454,39.836709],[27.286752,39.836884],[27.287272,39.837165],[27.288233,39.837563],[27.288248,39.83754],[27.288287,39.83746],[27.289085,39.837767],[27.289466,39.837811],[27.28956,39.837784],[27.289568,39.838486],[27.289152,39.83846],[27.289178,39.838788],[27.288199,39.83871],[27.287734,39.838815],[27.287408,39.838793],[27.286651,39.838901],[27.286716,39.838981],[27.286738,39.839553],[27.286704,39.839648],[27.286047,39.83978],[27.286221,39.83997],[27.28628,39.840073],[27.28639,39.840274],[27.286832,39.840674],[27.286956,39.840845],[27.287016,39.84099],[27.287057,39.841188],[27.286944,39.841474],[27.287017,39.841475],[27.287181,39.841503],[27.287184,39.841504],[27.290489,39.841468],[27.2921,39.842298],[27.2961,39.84445],[27.297413,39.844968],[27.299154,39.84551],[27.299852,39.845929],[27.299837,39.845883]]]}},{"type":"Feature","properties":{"id":"TR-Y-17-012-K-0045","level":"yerlesim","type":"mahalle","parent_id":"TR-D-17-012","province_id":"TR-P-17","district_id":"TR-D-17-012","name":"Kırıklar","source_raw_name":"Kırıklar","source":"Kullanıcı tarafından sağlanan KML","source_label":"Kullanıcı tarafından sağlanan KML","source_name":"Canakkale Mahalle KML - kullanici tarafindan saglandi"},"geometry":{"type":"Polygon","coordinates":[[[27.300009,39.781913],[27.29963,39.78156],[27.299418,39.78128],[27.299346,39.781111],[27.299417,39.781044],[27.299471,39.780872],[27.299545,39.780826],[27.299641,39.780744],[27.299712,39.780652],[27.299779,39.780644],[27.299826,39.780597],[27.299947,39.780619],[27.300051,39.780623],[27.300154,39.780558],[27.300327,39.78062],[27.300493,39.78062],[27.300601,39.780554],[27.30069,39.780595],[27.300973,39.780243],[27.301098,39.780075],[27.301245,39.779922],[27.301743,39.779605],[27.302386,39.77922],[27.303069,39.778833],[27.303251,39.778733],[27.304054,39.778182],[27.304835,39.77765],[27.304946,39.777577],[27.305187,39.777276],[27.305428,39.777035],[27.305686,39.776706],[27.306003,39.776402],[27.306293,39.776058],[27.30708,39.775246],[27.307436,39.774734],[27.307959,39.774006],[27.308162,39.773545],[27.308519,39.772661],[27.308883,39.772174],[27.309337,39.772077],[27.309297,39.771978],[27.309618,39.771995],[27.30977,39.771777],[27.309806,39.771563],[27.309808,39.771464],[27.309697,39.771422],[27.309637,39.771354],[27.309457,39.771309],[27.309653,39.771083],[27.309799,39.770951],[27.309811,39.770869],[27.309921,39.770772],[27.309921,39.770686],[27.309784,39.770628],[27.309725,39.770565],[27.309682,39.770411],[27.309558,39.770297],[27.309382,39.770312],[27.309275,39.770177],[27.308871,39.769999],[27.308688,39.769876],[27.308079,39.7695],[27.307927,39.769216],[27.307911,39.769088],[27.307918,39.768984],[27.307883,39.768865],[27.307996,39.768789],[27.308028,39.768705],[27.308156,39.768615],[27.308352,39.768836],[27.308079,39.768939],[27.308094,39.769052],[27.30807,39.769143],[27.30829,39.769261],[27.308381,39.769217],[27.308935,39.769179],[27.309087,39.769103],[27.309082,39.768946],[27.309281,39.768805],[27.309435,39.768872],[27.309507,39.768817],[27.30951,39.768818],[27.309511,39.768817],[27.309808,39.768862],[27.309831,39.769032],[27.309974,39.769083],[27.310192,39.769079],[27.310162,39.768945],[27.310248,39.768783],[27.31025,39.768691],[27.310368,39.768596],[27.310542,39.768851],[27.310706,39.768938],[27.310827,39.768972],[27.31083,39.769033],[27.311049,39.768979],[27.311239,39.76898],[27.311531,39.768932],[27.311642,39.76888],[27.312119,39.768488],[27.312158,39.768303],[27.312312,39.768019],[27.312302,39.767872],[27.312014,39.767709],[27.312056,39.767579],[27.312191,39.76746],[27.31181,39.767301],[27.311394,39.766999],[27.31129,39.767009],[27.310762,39.766887],[27.310547,39.766906],[27.31034,39.767002],[27.310232,39.767191],[27.310162,39.767401],[27.310014,39.76761],[27.309941,39.767959],[27.309979,39.76805],[27.309897,39.768076],[27.309384,39.768017],[27.309196,39.768086],[27.309078,39.768174],[27.309074,39.768174],[27.309074,39.768174],[27.308642,39.768158],[27.308441,39.768063],[27.308321,39.768138],[27.308207,39.767795],[27.307867,39.76793],[27.307808,39.767991],[27.307438,39.768177],[27.306957,39.768273],[27.306816,39.768211],[27.306812,39.768211],[27.306812,39.768211],[27.306537,39.768219],[27.30652,39.768126],[27.306945,39.768136],[27.306945,39.768136],[27.306949,39.768136],[27.306955,39.767974],[27.306822,39.767907],[27.306695,39.767792],[27.306346,39.76771],[27.306208,39.767616],[27.305636,39.767485],[27.305429,39.767518],[27.305063,39.767437],[27.304942,39.767459],[27.304844,39.767571],[27.304701,39.767562],[27.304589,39.76737],[27.304494,39.767117],[27.304402,39.767022],[27.304243,39.766919],[27.304092,39.766843],[27.303841,39.766499],[27.304153,39.766166],[27.304316,39.766002],[27.304426,39.765874],[27.304574,39.765748],[27.304608,39.765671],[27.3048,39.765429],[27.304965,39.765245],[27.305023,39.765137],[27.304961,39.765102],[27.305162,39.764766],[27.305276,39.76476],[27.305365,39.764718],[27.305406,39.764623],[27.305474,39.764382],[27.305479,39.764335],[27.305493,39.764077],[27.30542,39.76382],[27.305256,39.763651],[27.305174,39.7635],[27.305085,39.76347],[27.30504,39.763367],[27.305195,39.763171],[27.305406,39.762871],[27.3056,39.762626],[27.305964,39.762139],[27.306273,39.761728],[27.306325,39.761688],[27.306235,39.761515],[27.30607,39.761515],[27.305893,39.760948],[27.305728,39.760546],[27.305524,39.760293],[27.305477,39.760249],[27.305341,39.760171],[27.305476,39.760078],[27.305313,39.759478],[27.305055,39.759253],[27.304996,39.759322],[27.304988,39.759589],[27.30495,39.759867],[27.304886,39.760134],[27.304942,39.76044],[27.304856,39.760665],[27.304914,39.760738],[27.305018,39.760803],[27.305104,39.760854],[27.305205,39.760951],[27.305267,39.761048],[27.305315,39.761311],[27.305315,39.761413],[27.305288,39.761958],[27.305324,39.762036],[27.304491,39.762524],[27.304344,39.762666],[27.303858,39.763383],[27.30373,39.763527],[27.303563,39.763652],[27.303438,39.763801],[27.30339,39.763926],[27.302446,39.76569],[27.302466,39.765506],[27.3023,39.76533],[27.3021,39.765346],[27.301821,39.7654],[27.301711,39.765503],[27.301052,39.76574],[27.301031,39.765675],[27.300749,39.765831],[27.300581,39.765901],[27.300308,39.765982],[27.300155,39.766021],[27.300045,39.766029],[27.299824,39.766128],[27.29971,39.766141],[27.299658,39.765997],[27.299568,39.765894],[27.299522,39.765888],[27.299305,39.765974],[27.299148,39.765969],[27.299007,39.765999],[27.29895,39.766061],[27.298947,39.766126],[27.298798,39.766312],[27.298328,39.766266],[27.298228,39.766154],[27.297947,39.76601],[27.297582,39.765805],[27.297469,39.765709],[27.297358,39.76551],[27.297431,39.765457],[27.297896,39.765453],[27.298089,39.765378],[27.298262,39.76538],[27.298392,39.765317],[27.298421,39.76524],[27.298289,39.765056],[27.298217,39.765094],[27.298123,39.765107],[27.298004,39.765098],[27.297891,39.76507],[27.29778,39.76509],[27.299001,39.763536],[27.300243,39.763771],[27.300069,39.763103],[27.299325,39.762705],[27.298585,39.763347],[27.297639,39.763406],[27.297008,39.76286],[27.296958,39.762663],[27.297108,39.762453],[27.297182,39.762229],[27.297491,39.762301],[27.297753,39.7624],[27.297957,39.762406],[27.298301,39.76257],[27.298417,39.762342],[27.29823,39.761833],[27.298144,39.761742],[27.298012,39.761702],[27.298069,39.761522],[27.297986,39.761402],[27.298556,39.761273],[27.298801,39.761275],[27.299104,39.761316],[27.299138,39.76117],[27.299102,39.761043],[27.299241,39.760913],[27.29952,39.760552],[27.29945,39.760337],[27.299343,39.760229],[27.299063,39.760293],[27.298934,39.760368],[27.298197,39.76009],[27.297534,39.759776],[27.296872,39.759368],[27.296967,39.759061],[27.295937,39.758518],[27.294789,39.758722],[27.294183,39.759062],[27.293993,39.759757],[27.293902,39.760248],[27.292153,39.760276],[27.29099,39.759852],[27.290728,39.759872],[27.290114,39.760169],[27.289809,39.760453],[27.289536,39.76086],[27.288719,39.761285],[27.2884,39.761394],[27.28797,39.76137],[27.287785,39.761517],[27.287616,39.761521],[27.286868,39.761178],[27.286475,39.761109],[27.286332,39.76115],[27.285999,39.761284],[27.285801,39.761336],[27.285735,39.76132],[27.28573,39.761318],[27.286115,39.760394],[27.286108,39.760248],[27.285965,39.760081],[27.285766,39.759693],[27.285762,39.759693],[27.285476,39.759695],[27.285379,39.759634],[27.28527,39.759495],[27.284987,39.759314],[27.284971,39.759203],[27.284771,39.759227],[27.284113,39.759178],[27.28399,39.759243],[27.283911,39.759342],[27.283726,39.75947],[27.283522,39.75947],[27.283299,39.75969],[27.283161,39.759885],[27.283035,39.760042],[27.28287,39.760223],[27.282799,39.760268],[27.28279,39.760525],[27.282889,39.76051],[27.283,39.760537],[27.283097,39.760602],[27.283173,39.760728],[27.283172,39.760805],[27.282814,39.760959],[27.28279,39.761017],[27.282837,39.761144],[27.282828,39.761237],[27.282787,39.761277],[27.282835,39.761398],[27.282826,39.761464],[27.28276,39.761515],[27.282671,39.761669],[27.282613,39.761829],[27.282403,39.761994],[27.282252,39.762087],[27.282094,39.76214],[27.281333,39.762051],[27.281475,39.762295],[27.281494,39.762506],[27.281463,39.762606],[27.281554,39.762772],[27.281571,39.762899],[27.281548,39.763077],[27.281588,39.763232],[27.28157,39.763371],[27.281791,39.763716],[27.281536,39.763836],[27.281406,39.763866],[27.281354,39.763858],[27.281275,39.763815],[27.280993,39.763663],[27.280929,39.763585],[27.28092,39.7635],[27.280925,39.763337],[27.280742,39.763167],[27.280617,39.763089],[27.280633,39.762917],[27.280408,39.762741],[27.280295,39.762591],[27.280149,39.762436],[27.280086,39.762488],[27.280018,39.762732],[27.280022,39.762792],[27.28001,39.76313],[27.279979,39.763309],[27.279998,39.763466],[27.279896,39.763589],[27.279624,39.763745],[27.279429,39.763841],[27.279019,39.764179],[27.278776,39.764398],[27.278724,39.764416],[27.278485,39.764697],[27.278558,39.764731],[27.27878,39.764779],[27.27927,39.76486],[27.279261,39.764917],[27.279135,39.765183],[27.279029,39.765361],[27.278806,39.765355],[27.278789,39.765578],[27.278749,39.76586],[27.278848,39.765902],[27.278859,39.766013],[27.278816,39.766047],[27.278741,39.766044],[27.278822,39.766212],[27.279028,39.76634],[27.279214,39.766408],[27.279439,39.766442],[27.279587,39.766418],[27.279772,39.766426],[27.279873,39.766453],[27.280505,39.766995],[27.280631,39.766878],[27.280788,39.766781],[27.281014,39.766735],[27.281127,39.766809],[27.2812,39.766943],[27.281485,39.767194],[27.28159,39.767324],[27.281719,39.767597],[27.281569,39.767557],[27.28134,39.767582],[27.281139,39.767617],[27.281052,39.767731],[27.281969,39.767963],[27.282029,39.768034],[27.282104,39.768141],[27.282224,39.768177],[27.282552,39.767991],[27.282589,39.767949],[27.282799,39.76783],[27.283002,39.767792],[27.283301,39.767833],[27.283484,39.767784],[27.284119,39.76774],[27.284661,39.767869],[27.284906,39.768052],[27.285178,39.768107],[27.285357,39.768163],[27.285391,39.768178],[27.285553,39.768261],[27.285817,39.768352],[27.285909,39.768408],[27.28635,39.768662],[27.286548,39.768859],[27.286662,39.768883],[27.286755,39.768919],[27.287232,39.769582],[27.287262,39.769712],[27.287391,39.769866],[27.287518,39.76997],[27.287852,39.770445],[27.288053,39.770683],[27.288167,39.770761],[27.288217,39.770845],[27.288336,39.771337],[27.28833,39.771441],[27.288285,39.7716],[27.288271,39.772229],[27.289023,39.772274],[27.288995,39.772362],[27.289024,39.772448],[27.289068,39.772485],[27.289155,39.772524],[27.289322,39.772594],[27.289443,39.772724],[27.289515,39.772902],[27.289727,39.773189],[27.28992,39.773274],[27.290059,39.773364],[27.29018,39.773494],[27.290009,39.773668],[27.28984,39.773759],[27.28974,39.773851],[27.29001,39.774061],[27.290354,39.774262],[27.290806,39.77442],[27.290956,39.774467],[27.291359,39.774598],[27.291415,39.774655],[27.291393,39.774716],[27.291419,39.774773],[27.291567,39.774854],[27.2916,39.774979],[27.291808,39.775349],[27.291893,39.775543],[27.291936,39.775542],[27.291971,39.775582],[27.292001,39.775669],[27.29205,39.775724],[27.292188,39.775789],[27.292464,39.776178],[27.292584,39.776232],[27.292934,39.776335],[27.292971,39.776509],[27.293014,39.776613],[27.293099,39.776751],[27.293319,39.777143],[27.293438,39.777297],[27.293635,39.777593],[27.29385,39.778056],[27.294189,39.778578],[27.294493,39.778915],[27.294596,39.779118],[27.294605,39.779407],[27.294478,39.77966],[27.294441,39.779957],[27.294376,39.780061],[27.294389,39.78019],[27.29458,39.780276],[27.294938,39.780318],[27.295562,39.780333],[27.295713,39.780387],[27.295836,39.780632],[27.295934,39.780645],[27.296044,39.780635],[27.296125,39.780642],[27.296302,39.780648],[27.296294,39.780718],[27.296501,39.780818],[27.296562,39.780931],[27.296623,39.781057],[27.296759,39.781167],[27.296867,39.781452],[27.296976,39.781609],[27.297086,39.781839],[27.297204,39.781812],[27.297305,39.781722],[27.297399,39.781707],[27.29752,39.781714],[27.297607,39.781809],[27.29781,39.781919],[27.298031,39.782044],[27.2987,39.782504],[27.298998,39.783016],[27.299264,39.782787],[27.299192,39.782714],[27.299212,39.782585],[27.29933,39.78247],[27.299465,39.782395],[27.299764,39.782257],[27.299904,39.782182],[27.300103,39.781968],[27.300009,39.781913]]]}},{"type":"Feature","properties":{"id":"TR-Y-17-012-K-0046","level":"yerlesim","type":"mahalle","parent_id":"TR-D-17-012","province_id":"TR-P-17","district_id":"TR-D-17-012","name":"Kızıldam","source_raw_name":"Kızıldam","source":"Kullanıcı tarafından sağlanan KML","source_label":"Kullanıcı tarafından sağlanan KML","source_name":"Canakkale Mahalle KML - kullanici tarafindan saglandi"},"geometry":{"type":"Polygon","coordinates":[[[27.451224,39.974352],[27.45154,39.97421],[27.452022,39.974292],[27.452621,39.974267],[27.452123,39.973821],[27.451883,39.973616],[27.451716,39.973455],[27.451648,39.973309],[27.451674,39.973206],[27.451832,39.973002],[27.452091,39.972744],[27.452201,39.972561],[27.452106,39.972295],[27.451949,39.972118],[27.451424,39.971877],[27.451256,39.971812],[27.451084,39.971733],[27.450991,39.971676],[27.450976,39.97157],[27.451045,39.971333],[27.451092,39.971247],[27.451277,39.971134],[27.451374,39.971088],[27.451349,39.970797],[27.451307,39.970614],[27.451104,39.970197],[27.450808,39.969781],[27.450594,39.969493],[27.450298,39.969197],[27.450149,39.969086],[27.449705,39.96879],[27.449514,39.968633],[27.449424,39.968451],[27.44943,39.968216],[27.449613,39.967884],[27.4498,39.967388],[27.449901,39.966919],[27.449985,39.96669],[27.450381,39.966428],[27.45048,39.966362],[27.450606,39.966167],[27.450597,39.965947],[27.450555,39.96583],[27.45045,39.96561],[27.450526,39.96533],[27.450851,39.965071],[27.451165,39.96483],[27.451595,39.964605],[27.451672,39.964519],[27.451812,39.964212],[27.452051,39.963817],[27.452382,39.963381],[27.452875,39.96323],[27.453146,39.963095],[27.453771,39.962606],[27.454288,39.962175],[27.454439,39.961986],[27.454773,39.96187],[27.454857,39.961747],[27.454617,39.961379],[27.45434,39.961],[27.454313,39.960906],[27.454312,39.960788],[27.454404,39.960582],[27.454482,39.96055],[27.454578,39.960527],[27.454837,39.960289],[27.455149,39.959827],[27.455544,39.959357],[27.455848,39.958784],[27.456007,39.958677],[27.456152,39.958605],[27.456575,39.958555],[27.456787,39.95854],[27.456995,39.958479],[27.457572,39.958216],[27.458007,39.958029],[27.457832,39.957805],[27.457589,39.957738],[27.45731,39.957567],[27.456847,39.957199],[27.456526,39.956617],[27.456271,39.956214],[27.455513,39.955462],[27.455303,39.955158],[27.455017,39.954701],[27.454954,39.954099],[27.455309,39.953103],[27.455686,39.952377],[27.456023,39.95175],[27.456183,39.951197],[27.456422,39.950651],[27.456776,39.950234],[27.456295,39.950175],[27.456097,39.950202],[27.456048,39.950267],[27.456004,39.950416],[27.455955,39.950466],[27.45558,39.950692],[27.455447,39.950723],[27.455372,39.9507],[27.455233,39.95059],[27.455148,39.950576],[27.454891,39.950626],[27.454772,39.950592],[27.454591,39.950158],[27.454509,39.949713],[27.454551,39.949423],[27.454713,39.949106],[27.454911,39.949055],[27.454924,39.948826],[27.45503,39.948452],[27.455437,39.947723],[27.455514,39.947467],[27.455571,39.94707],[27.455698,39.946795],[27.456068,39.946557],[27.45622,39.946385],[27.456298,39.946122],[27.456304,39.945584],[27.456375,39.9451],[27.456501,39.944645],[27.456584,39.944485],[27.457038,39.944212],[27.457141,39.944098],[27.457278,39.94372],[27.457561,39.943158],[27.457594,39.942944],[27.457553,39.94267],[27.457437,39.942423],[27.457471,39.942278],[27.4577,39.94169],[27.457709,39.941491],[27.457775,39.941068],[27.457966,39.940701],[27.458714,39.939333],[27.458704,39.9392],[27.458731,39.938799],[27.458808,39.938559],[27.459,39.938345],[27.459128,39.93815],[27.459101,39.937814],[27.459217,39.937482],[27.458915,39.936793],[27.458967,39.936397],[27.458856,39.936012],[27.458744,39.935631],[27.458695,39.93493],[27.458516,39.934835],[27.458003,39.934452],[27.457313,39.9341],[27.456797,39.934022],[27.456457,39.931999],[27.456224,39.930574],[27.456102,39.93009],[27.455461,39.928995],[27.45442,39.927287],[27.453564,39.925883],[27.453158,39.925203],[27.453236,39.925046],[27.453345,39.924965],[27.453582,39.924923],[27.453347,39.924504],[27.453494,39.92437],[27.453791,39.924262],[27.454241,39.92423],[27.45438,39.924214],[27.454606,39.923988],[27.454704,39.923774],[27.454257,39.923704],[27.453975,39.923709],[27.453638,39.923592],[27.453418,39.923288],[27.453231,39.922819],[27.453112,39.922721],[27.452655,39.922536],[27.452214,39.922392],[27.452044,39.922206],[27.451763,39.921655],[27.45129,39.921306],[27.450846,39.920678],[27.450677,39.920729],[27.450494,39.920683],[27.450266,39.920581],[27.449993,39.920556],[27.449394,39.920634],[27.449167,39.920616],[27.448646,39.920458],[27.448507,39.920451],[27.448027,39.920491],[27.447482,39.920531],[27.447116,39.920548],[27.446358,39.920436],[27.445896,39.920301],[27.445489,39.920093],[27.445256,39.920025],[27.445013,39.920015],[27.44477,39.919928],[27.444344,39.919849],[27.443744,39.919836],[27.443357,39.919727],[27.442855,39.919386],[27.442453,39.919243],[27.441868,39.919115],[27.441328,39.919072],[27.440971,39.918985],[27.440444,39.918732],[27.439834,39.918502],[27.439472,39.918392],[27.439155,39.918409],[27.438893,39.918478],[27.438537,39.918583],[27.43821,39.918554],[27.438184,39.91834],[27.437872,39.917579],[27.437652,39.917202],[27.437497,39.917001],[27.43686,39.916469],[27.436614,39.915978],[27.436212,39.914992],[27.435774,39.913907],[27.435232,39.91357],[27.434899,39.913312],[27.434309,39.912346],[27.434217,39.912578],[27.43414,39.912634],[27.433757,39.91274],[27.432579,39.913421],[27.431937,39.913729],[27.431759,39.913887],[27.431555,39.913916],[27.431438,39.91404],[27.431366,39.914417],[27.431391,39.91445],[27.431366,39.914498],[27.430649,39.914582],[27.429271,39.913843],[27.428922,39.91354],[27.428777,39.913183],[27.428699,39.913029],[27.427312,39.912206],[27.427043,39.911902],[27.426681,39.911828],[27.425919,39.911899],[27.425531,39.911698],[27.425452,39.91171],[27.425308,39.912321],[27.425295,39.912694],[27.425282,39.913018],[27.425233,39.913091],[27.425159,39.913103],[27.425069,39.912992],[27.424945,39.91289],[27.424474,39.912026],[27.424536,39.911645],[27.424481,39.91084],[27.423692,39.910447],[27.423589,39.910546],[27.423505,39.910714],[27.42323,39.911001],[27.422668,39.91143],[27.422535,39.911454],[27.422456,39.91153],[27.422406,39.911534],[27.422293,39.911558],[27.422438,39.911904],[27.422673,39.912265],[27.422882,39.912467],[27.422893,39.912554],[27.422968,39.912646],[27.423112,39.912813],[27.423303,39.913155],[27.423398,39.913323],[27.423591,39.913417],[27.42381,39.913592],[27.424018,39.913603],[27.424098,39.913659],[27.424118,39.91372],[27.424213,39.913808],[27.424074,39.913869],[27.424065,39.913949],[27.424081,39.914113],[27.424161,39.914197],[27.424166,39.914258],[27.423653,39.914618],[27.423358,39.914978],[27.422713,39.915529],[27.422387,39.91566],[27.421875,39.91607],[27.42092,39.917057],[27.420467,39.917447],[27.419645,39.918312],[27.41908,39.918989],[27.418617,39.919307],[27.418251,39.919377],[27.417819,39.919279],[27.415863,39.919248],[27.415521,39.919188],[27.415125,39.919216],[27.414903,39.919313],[27.413958,39.919639],[27.412319,39.920438],[27.411211,39.920625],[27.410379,39.920628],[27.409628,39.920829],[27.408796,39.920893],[27.408122,39.920849],[27.407844,39.920591],[27.407268,39.920425],[27.406712,39.920214],[27.405876,39.919454],[27.405876,39.919454],[27.405875,39.919454],[27.404689,39.919809],[27.403659,39.919767],[27.402315,39.92029],[27.401761,39.920307],[27.400912,39.920798],[27.399432,39.921764],[27.397562,39.923814],[27.397445,39.924089],[27.39732,39.926529],[27.397332,39.928619],[27.397333,39.928619],[27.397039,39.929139],[27.396862,39.929414],[27.395319,39.929709],[27.393459,39.930157],[27.392867,39.93051],[27.39202,39.931291],[27.391765,39.931871],[27.391808,39.932313],[27.392011,39.933273],[27.392746,39.933652],[27.3935,39.933772],[27.395402,39.933811],[27.395964,39.935075],[27.396665,39.936491],[27.397285,39.937434],[27.398021,39.93795],[27.399191,39.93819],[27.400023,39.938172],[27.400398,39.937911],[27.400829,39.937086],[27.401599,39.936657],[27.40239,39.936334],[27.403163,39.936392],[27.403481,39.936543],[27.403821,39.937076],[27.403866,39.938021],[27.403612,39.938693],[27.403581,39.940096],[27.404084,39.941452],[27.404247,39.942229],[27.404526,39.942518],[27.405082,39.942669],[27.405578,39.942819],[27.405718,39.943017],[27.40574,39.943337],[27.405901,39.943871],[27.406043,39.944419],[27.4066,39.944676],[27.407334,39.944857],[27.408106,39.944808],[27.408622,39.944883],[27.409395,39.945017],[27.41019,39.94538],[27.410628,39.945714],[27.411402,39.945986],[27.412414,39.946166],[27.41285,39.946103],[27.413344,39.945964],[27.413939,39.945977],[27.414574,39.946204],[27.414874,39.946675],[27.415332,39.947116],[27.41579,39.947374],[27.417616,39.948008],[27.417814,39.947961],[27.418172,39.948158],[27.418809,39.948568],[27.419227,39.948886],[27.419169,39.949191],[27.419328,39.949237],[27.419724,39.949266],[27.420002,39.949341],[27.421153,39.949489],[27.421806,39.949411],[27.422091,39.949176],[27.42206,39.949039],[27.422229,39.948741],[27.422763,39.948499],[27.4234,39.948136],[27.423955,39.947888],[27.424719,39.947611],[27.425593,39.947133],[27.426579,39.946815],[27.427811,39.946524],[27.428806,39.946418],[27.428969,39.946331],[27.429265,39.946256],[27.429511,39.946255],[27.429979,39.946356],[27.430218,39.946475],[27.430613,39.946691],[27.430703,39.946885],[27.43066,39.947103],[27.430574,39.947555],[27.430649,39.947703],[27.430918,39.947914],[27.431068,39.948148],[27.431331,39.948564],[27.431452,39.94897],[27.431609,39.949135],[27.43173,39.949426],[27.431712,39.950147],[27.431611,39.950674],[27.431593,39.951354],[27.431033,39.952094],[27.430782,39.952255],[27.430427,39.952542],[27.429792,39.953254],[27.42964,39.953843],[27.429621,39.954375],[27.429683,39.954833],[27.429674,39.95487],[27.430092,39.955869],[27.430158,39.956204],[27.430472,39.956401],[27.431284,39.956375],[27.432201,39.956437],[27.432744,39.956194],[27.433164,39.955968],[27.433988,39.955389],[27.434486,39.955071],[27.434781,39.954753],[27.435518,39.954487],[27.435746,39.954494],[27.436183,39.954634],[27.436461,39.954797],[27.436786,39.955196],[27.436779,39.955653],[27.43686,39.955935],[27.437354,39.95657],[27.437737,39.95682],[27.437966,39.956876],[27.438367,39.956928],[27.439299,39.95699],[27.439651,39.957091],[27.440184,39.957447],[27.441109,39.958054],[27.441229,39.958237],[27.441378,39.958976],[27.440337,39.959632],[27.440194,39.959868],[27.439997,39.959995],[27.438439,39.960417],[27.437141,39.961165],[27.437004,39.961455],[27.436881,39.961654],[27.435639,39.962707],[27.434881,39.963369],[27.434718,39.963439],[27.434371,39.963482],[27.434198,39.963605],[27.433914,39.964059],[27.433837,39.964521],[27.434045,39.965153],[27.434294,39.965396],[27.434981,39.965927],[27.435912,39.966606],[27.436215,39.966758],[27.436498,39.966833],[27.436825,39.966839],[27.437147,39.966766],[27.437706,39.966657],[27.437978,39.966522],[27.438135,39.966323],[27.438645,39.966348],[27.439142,39.96651],[27.439729,39.966908],[27.440088,39.967231],[27.440605,39.967534],[27.442564,39.968487],[27.442516,39.968812],[27.442682,39.96912],[27.443818,39.970107],[27.444735,39.970877],[27.445731,39.971743],[27.445965,39.971799],[27.447317,39.972415],[27.447761,39.972879],[27.448388,39.974138],[27.448563,39.974404],[27.448758,39.974537],[27.448873,39.974834],[27.449382,39.975343],[27.449626,39.975464],[27.449824,39.975498],[27.45028,39.975484],[27.450739,39.97522],[27.450959,39.974677],[27.451037,39.974524],[27.451224,39.974352]]]}},{"type":"Feature","properties":{"id":"TR-Y-17-012-K-0047","level":"yerlesim","type":"mahalle","parent_id":"TR-D-17-012","province_id":"TR-P-17","district_id":"TR-D-17-012","name":"Koruköy","source_raw_name":"Koruköy","source":"Kullanıcı tarafından sağlanan KML","source_label":"Kullanıcı tarafından sağlanan KML","source_name":"Canakkale Mahalle KML - kullanici tarafindan saglandi"},"geometry":{"type":"Polygon","coordinates":[[[27.379672,39.866755],[27.379894,39.866661],[27.380508,39.866672],[27.380593,39.866588],[27.380354,39.866355],[27.380316,39.866109],[27.380136,39.865824],[27.380023,39.865567],[27.378945,39.865124],[27.378498,39.86496],[27.378902,39.864882],[27.379003,39.864786],[27.37904,39.864755],[27.379061,39.864543],[27.379159,39.864502],[27.378969,39.864258],[27.37887,39.864089],[27.379155,39.863754],[27.379709,39.863738],[27.380098,39.863692],[27.380404,39.863624],[27.380441,39.863543],[27.380647,39.863344],[27.380744,39.863127],[27.380904,39.862995],[27.380923,39.862938],[27.381016,39.862973],[27.381261,39.862568],[27.381297,39.862465],[27.381239,39.862003],[27.38122,39.861822],[27.381033,39.86156],[27.380936,39.861399],[27.380901,39.861211],[27.380725,39.860699],[27.380664,39.860365],[27.380664,39.860282],[27.380882,39.860005],[27.381068,39.859644],[27.381302,39.85937],[27.381391,39.859224],[27.381448,39.858995],[27.381525,39.85889],[27.381552,39.858706],[27.381637,39.858558],[27.381708,39.858456],[27.381747,39.858243],[27.381767,39.857893],[27.381749,39.857481],[27.381731,39.85709],[27.381632,39.856981],[27.381093,39.856861],[27.380781,39.856803],[27.380524,39.856751],[27.380055,39.8565],[27.379832,39.856305],[27.379741,39.856177],[27.379298,39.855895],[27.379127,39.855769],[27.379095,39.855676],[27.379109,39.855362],[27.379249,39.854856],[27.379927,39.855006],[27.380839,39.85511],[27.381133,39.85516],[27.380688,39.854113],[27.381361,39.85392],[27.38103,39.853223],[27.380604,39.853348],[27.380407,39.852996],[27.38145,39.852645],[27.381278,39.852297],[27.381991,39.851992],[27.381255,39.850918],[27.380977,39.850416],[27.380877,39.850204],[27.380842,39.849951],[27.380956,39.850013],[27.381201,39.850017],[27.38153,39.849809],[27.381657,39.84982],[27.381793,39.849879],[27.381911,39.849984],[27.381912,39.850012],[27.381791,39.850044],[27.381829,39.850077],[27.382135,39.850178],[27.3822,39.850173],[27.382287,39.850173],[27.382314,39.850159],[27.382314,39.850101],[27.382128,39.849947],[27.382115,39.849861],[27.382179,39.849792],[27.38225,39.849756],[27.382645,39.849652],[27.383001,39.849599],[27.38309,39.849591],[27.383177,39.849572],[27.383323,39.849691],[27.383441,39.849778],[27.383493,39.849793],[27.383564,39.849752],[27.383663,39.84972],[27.3837,39.849744],[27.383855,39.849818],[27.383917,39.849863],[27.384032,39.849979],[27.384163,39.850081],[27.384221,39.850088],[27.384354,39.849999],[27.384422,39.849968],[27.384941,39.849926],[27.384898,39.849502],[27.384443,39.849337],[27.384569,39.849138],[27.384929,39.848866],[27.385175,39.848629],[27.38522,39.848364],[27.38628,39.848385],[27.386255,39.848218],[27.386333,39.847908],[27.386462,39.847667],[27.386755,39.847508],[27.386902,39.84737],[27.386883,39.847246],[27.38678,39.847106],[27.386757,39.846774],[27.386742,39.846338],[27.386738,39.846205],[27.386798,39.84585],[27.386798,39.845335],[27.386741,39.845116],[27.386638,39.844904],[27.386513,39.844642],[27.386315,39.844171],[27.386302,39.844019],[27.386279,39.843733],[27.386294,39.843702],[27.386736,39.843724],[27.387444,39.843596],[27.387709,39.84354],[27.387999,39.843472],[27.38815,39.843324],[27.388099,39.843095],[27.387999,39.842953],[27.388088,39.84281],[27.38823,39.842754],[27.388801,39.842578],[27.389206,39.842498],[27.389289,39.842465],[27.389283,39.841898],[27.389247,39.841678],[27.389552,39.841501],[27.389595,39.841391],[27.389737,39.841334],[27.38987,39.841312],[27.390053,39.841437],[27.390238,39.841377],[27.390364,39.841334],[27.390395,39.841219],[27.390809,39.841194],[27.391078,39.841251],[27.391394,39.841428],[27.391662,39.841766],[27.391734,39.841875],[27.391775,39.842004],[27.392081,39.842003],[27.392238,39.842009],[27.392377,39.841837],[27.392478,39.841758],[27.392532,39.841446],[27.392642,39.841214],[27.392597,39.840974],[27.392716,39.840678],[27.392762,39.84059],[27.392555,39.840547],[27.392356,39.840469],[27.392052,39.840254],[27.392224,39.839931],[27.392263,39.839764],[27.392205,39.83935],[27.392356,39.838823],[27.393456,39.838628],[27.393449,39.838507],[27.393365,39.838367],[27.393308,39.838195],[27.393536,39.83809],[27.393424,39.837947],[27.393307,39.837947],[27.393324,39.837716],[27.393274,39.837597],[27.393202,39.837581],[27.392974,39.837613],[27.392726,39.837575],[27.392469,39.83749],[27.392519,39.837367],[27.392485,39.837258],[27.392118,39.837299],[27.391837,39.837369],[27.3917,39.837452],[27.391625,39.837344],[27.391614,39.837304],[27.391732,39.837244],[27.391828,39.83714],[27.392313,39.836921],[27.392526,39.836669],[27.392644,39.836514],[27.392733,39.83654],[27.393359,39.836237],[27.393514,39.836171],[27.393677,39.83605],[27.393899,39.836029],[27.394147,39.835977],[27.394258,39.835948],[27.394394,39.835753],[27.394631,39.835635],[27.394801,39.835586],[27.394782,39.835457],[27.39464,39.835161],[27.394632,39.835121],[27.39482,39.834954],[27.395223,39.834701],[27.395658,39.834248],[27.395731,39.834113],[27.395944,39.833726],[27.396227,39.833814],[27.39649,39.833785],[27.397119,39.833585],[27.397419,39.833424],[27.397534,39.833152],[27.397533,39.833012],[27.397393,39.832898],[27.397248,39.832817],[27.396912,39.832502],[27.396762,39.832278],[27.396561,39.831716],[27.396309,39.831429],[27.395909,39.83107],[27.395651,39.830955],[27.395416,39.830922],[27.395141,39.830959],[27.394525,39.831261],[27.393845,39.831302],[27.393346,39.831637],[27.393383,39.831675],[27.393719,39.831955],[27.393924,39.832136],[27.394322,39.832568],[27.394496,39.832682],[27.39462,39.832724],[27.394935,39.832771],[27.395257,39.832903],[27.395326,39.83296],[27.395512,39.833083],[27.395722,39.833054],[27.395865,39.833192],[27.395884,39.833301],[27.395662,39.833455],[27.395268,39.833661],[27.394583,39.833883],[27.393904,39.833985],[27.393168,39.834011],[27.393106,39.834045],[27.393212,39.834183],[27.392793,39.834399],[27.392681,39.834199],[27.392323,39.8343],[27.391784,39.834159],[27.391481,39.834074],[27.391332,39.834079],[27.391048,39.834142],[27.390182,39.833888],[27.3896,39.833723],[27.389358,39.833686],[27.389351,39.833552],[27.389518,39.83349],[27.389968,39.833255],[27.390406,39.833134],[27.390782,39.832895],[27.391269,39.832779],[27.391474,39.832835],[27.391956,39.832891],[27.392339,39.832746],[27.392536,39.832612],[27.392627,39.832402],[27.392502,39.832198],[27.39268,39.831954],[27.39274,39.83163],[27.392622,39.831468],[27.392535,39.831435],[27.392212,39.831093],[27.392211,39.831002],[27.391004,39.830649],[27.391355,39.830357],[27.391193,39.830162],[27.391099,39.830001],[27.391201,39.829371],[27.390478,39.829512],[27.390318,39.829603],[27.390368,39.829684],[27.390308,39.82996],[27.390106,39.830366],[27.389945,39.830362],[27.389344,39.830026],[27.388967,39.830017],[27.388886,39.829937],[27.387903,39.829873],[27.387469,39.82976],[27.386068,39.828974],[27.385571,39.828542],[27.385384,39.828242],[27.384243,39.827698],[27.383228,39.827458],[27.382789,39.827455],[27.382623,39.827493],[27.382506,39.827694],[27.382169,39.828072],[27.380856,39.828805],[27.380369,39.828992],[27.379269,39.829106],[27.378838,39.829384],[27.378581,39.829851],[27.378297,39.83],[27.378143,39.83002],[27.377945,39.82993],[27.377264,39.829784],[27.376969,39.829791],[27.376621,39.829898],[27.375915,39.830027],[27.375344,39.830303],[27.374984,39.830599],[27.374766,39.831014],[27.374389,39.831069],[27.373981,39.831913],[27.373711,39.832144],[27.373686,39.832319],[27.373242,39.832453],[27.373068,39.832716],[27.372724,39.833005],[27.372599,39.833371],[27.372527,39.833934],[27.372059,39.834492],[27.37189,39.834944],[27.371712,39.83519],[27.371592,39.835782],[27.371498,39.836878],[27.371679,39.837832],[27.372352,39.839241],[27.368921,39.840759],[27.368498,39.840539],[27.368083,39.840386],[27.368017,39.840054],[27.367609,39.839669],[27.367457,39.839433],[27.366495,39.83897],[27.366306,39.839041],[27.366203,39.838816],[27.366276,39.838725],[27.36611,39.838506],[27.366138,39.838232],[27.366295,39.838424],[27.366581,39.838527],[27.367294,39.83848],[27.367898,39.838312],[27.368066,39.838153],[27.3685,39.837973],[27.368517,39.837774],[27.368479,39.837668],[27.368604,39.837198],[27.36845,39.837032],[27.368542,39.836903],[27.368489,39.836763],[27.368563,39.836452],[27.368538,39.836269],[27.368273,39.836012],[27.368162,39.835947],[27.36816,39.835826],[27.368052,39.835818],[27.367975,39.83577],[27.367792,39.835755],[27.367994,39.835697],[27.368103,39.835731],[27.368231,39.835732],[27.368268,39.835829],[27.368465,39.835863],[27.368729,39.835885],[27.368926,39.835708],[27.369118,39.835423],[27.369383,39.835453],[27.36969,39.835442],[27.370007,39.835254],[27.370075,39.835051],[27.371,39.8345],[27.371055,39.83428],[27.370955,39.834191],[27.371055,39.834086],[27.371078,39.833612],[27.370947,39.83356],[27.370887,39.833177],[27.371043,39.832965],[27.371518,39.832744],[27.37162,39.832476],[27.3715,39.832384],[27.371344,39.832324],[27.371418,39.832107],[27.371566,39.832038],[27.37185,39.831061],[27.3715,39.83075],[27.371926,39.830373],[27.371836,39.830253],[27.371928,39.829963],[27.371476,39.829773],[27.37144,39.829579],[27.371162,39.829471],[27.371222,39.829446],[27.371154,39.829318],[27.371314,39.829203],[27.371462,39.829036],[27.371485,39.828783],[27.371366,39.828507],[27.371193,39.828455],[27.370686,39.82849],[27.370593,39.82849],[27.370537,39.828433],[27.370605,39.828309],[27.370678,39.828176],[27.370548,39.828047],[27.37025,39.827962],[27.370077,39.82792],[27.369742,39.827573],[27.369766,39.82744],[27.369907,39.827234],[27.36993,39.827044],[27.369713,39.826854],[27.369527,39.82684],[27.369082,39.826832],[27.368921,39.826694],[27.369,39.82646],[27.369325,39.825954],[27.369304,39.825549],[27.369094,39.825512],[27.368494,39.82538],[27.367936,39.82521],[27.367042,39.825528],[27.367067,39.825609],[27.364844,39.827212],[27.363687,39.828079],[27.361654,39.829515],[27.361736,39.829753],[27.361626,39.829982],[27.361394,39.830607],[27.361265,39.830703],[27.360945,39.830913],[27.360426,39.831115],[27.360396,39.831191],[27.360261,39.831478],[27.360096,39.831774],[27.359771,39.832189],[27.359333,39.832491],[27.358239,39.832461],[27.357448,39.83244],[27.357095,39.832398],[27.356625,39.832428],[27.356427,39.832386],[27.355657,39.832836],[27.353839,39.833928],[27.353686,39.83431],[27.353416,39.834549],[27.353119,39.834679],[27.352613,39.834742],[27.352162,39.834867],[27.351951,39.834649],[27.351735,39.834811],[27.351544,39.834955],[27.351256,39.835313],[27.349601,39.835728],[27.349262,39.835929],[27.349096,39.836159],[27.348844,39.836341],[27.347697,39.836949],[27.346482,39.837449],[27.345994,39.837583],[27.345834,39.837751],[27.345626,39.838171],[27.345152,39.838563],[27.344918,39.838726],[27.344417,39.838741],[27.34412,39.838661],[27.343917,39.8389],[27.343851,39.839186],[27.343858,39.839501],[27.343748,39.839654],[27.343594,39.839883],[27.343478,39.840007],[27.342928,39.840114],[27.342413,39.840276],[27.343079,39.840462],[27.343584,39.840581],[27.343867,39.840849],[27.344516,39.841424],[27.344993,39.841943],[27.345391,39.842937],[27.345848,39.843731],[27.346862,39.844809],[27.347258,39.845214],[27.348991,39.846055],[27.350625,39.846444],[27.351761,39.846698],[27.352007,39.846835],[27.352284,39.847366],[27.352657,39.847828],[27.353607,39.849158],[27.354099,39.849722],[27.354481,39.850367],[27.354641,39.851133],[27.354643,39.851597],[27.354749,39.851911],[27.355073,39.852905],[27.354978,39.853265],[27.354913,39.853666],[27.355034,39.854049],[27.355371,39.854717],[27.355821,39.855612],[27.356244,39.856098],[27.356979,39.856656],[27.357841,39.856894],[27.358707,39.85683],[27.359512,39.856584],[27.360123,39.856227],[27.360806,39.855949],[27.361659,39.855827],[27.362531,39.855834],[27.3631,39.856013],[27.363733,39.856392],[27.364173,39.856544],[27.364674,39.856628],[27.365003,39.856713],[27.365239,39.856912],[27.36542,39.857274],[27.365679,39.858297],[27.365856,39.859036],[27.365797,39.859627],[27.365505,39.860476],[27.36545,39.861711],[27.365712,39.862296],[27.366118,39.862725],[27.36626,39.862898],[27.366737,39.863506],[27.369137,39.864655],[27.370094,39.86496],[27.37156,39.865314],[27.372526,39.865505],[27.373398,39.865632],[27.374097,39.866008],[27.376774,39.86685],[27.377278,39.867042],[27.378068,39.867188],[27.378939,39.867268],[27.379212,39.86715],[27.379396,39.867029],[27.379672,39.866755]]]}},{"type":"Feature","properties":{"id":"TR-Y-17-012-K-0048","level":"yerlesim","type":"mahalle","parent_id":"TR-D-17-012","province_id":"TR-P-17","district_id":"TR-D-17-012","name":"Kovancı","source_raw_name":"Kovancı","source":"Kullanıcı tarafından sağlanan KML","source_label":"Kullanıcı tarafından sağlanan KML","source_name":"Canakkale Mahalle KML - kullanici tarafindan saglandi"},"geometry":{"type":"Polygon","coordinates":[[[27.322874,39.826843],[27.323073,39.82672],[27.323274,39.826794],[27.323273,39.826794],[27.323274,39.826794],[27.323167,39.826651],[27.323353,39.826275],[27.324198,39.825594],[27.324575,39.825357],[27.325126,39.825338],[27.325876,39.825416],[27.326604,39.825583],[27.327311,39.825719],[27.328011,39.825701],[27.32873,39.825657],[27.329422,39.825553],[27.32974,39.825462],[27.329977,39.825275],[27.330728,39.824716],[27.331069,39.824646],[27.331386,39.824619],[27.331737,39.824682],[27.332192,39.824794],[27.332742,39.825002],[27.333223,39.825153],[27.334094,39.825291],[27.334341,39.825291],[27.334551,39.825248],[27.33496,39.82502],[27.335632,39.824425],[27.335832,39.824234],[27.33606,39.823961],[27.336161,39.823349],[27.335894,39.822827],[27.335776,39.822054],[27.335575,39.821292],[27.335362,39.820738],[27.335422,39.820391],[27.335321,39.820326],[27.335029,39.820275],[27.334333,39.820093],[27.333626,39.819502],[27.333262,39.818984],[27.333145,39.818256],[27.333145,39.818256],[27.333145,39.818256],[27.333522,39.817967],[27.334105,39.817851],[27.334414,39.817442],[27.334461,39.816946],[27.334363,39.816619],[27.334191,39.815754],[27.334276,39.81547],[27.334276,39.815469],[27.334276,39.815469],[27.334206,39.815247],[27.334271,39.814951],[27.334624,39.814321],[27.334658,39.814207],[27.334658,39.814206],[27.334661,39.813738],[27.334661,39.813737],[27.334684,39.813424],[27.334792,39.813245],[27.335309,39.812935],[27.335601,39.812623],[27.336383,39.811809],[27.336755,39.811273],[27.336815,39.810798],[27.336654,39.810341],[27.336711,39.809935],[27.336847,39.809568],[27.337112,39.809244],[27.337608,39.809157],[27.338271,39.808978],[27.338722,39.808754],[27.338999,39.808518],[27.339503,39.807753],[27.339719,39.807104],[27.339991,39.806565],[27.340124,39.806508],[27.34028,39.806527],[27.34088,39.806385],[27.341131,39.806293],[27.341894,39.805356],[27.342252,39.805014],[27.34257,39.804825],[27.34354,39.804593],[27.34374,39.804481],[27.343764,39.804147],[27.343558,39.803758],[27.343613,39.803487],[27.343414,39.803098],[27.343414,39.803098],[27.34341,39.802949],[27.343494,39.802772],[27.343785,39.802459],[27.343914,39.80221],[27.344132,39.802021],[27.344127,39.801861],[27.344094,39.801804],[27.343747,39.801462],[27.34376,39.801161],[27.34376,39.801161],[27.34376,39.801161],[27.343737,39.800958],[27.343618,39.800775],[27.34328,39.800673],[27.343098,39.800654],[27.342827,39.800546],[27.3426,39.800375],[27.342618,39.800295],[27.342718,39.800204],[27.342973,39.800154],[27.343088,39.800082],[27.343139,39.799988],[27.343201,39.799705],[27.343308,39.799581],[27.343359,39.799407],[27.343436,39.799324],[27.343369,39.799201],[27.343265,39.799118],[27.343072,39.799056],[27.342781,39.798705],[27.342695,39.798591],[27.342757,39.798419],[27.342868,39.798287],[27.342669,39.797942],[27.342208,39.797609],[27.342103,39.797429],[27.342103,39.797272],[27.34205,39.797072],[27.341949,39.796897],[27.341866,39.796723],[27.341843,39.79654],[27.341939,39.79634],[27.341886,39.796226],[27.341911,39.796114],[27.341851,39.79586],[27.341578,39.79536],[27.3421,39.795264],[27.342333,39.795178],[27.342928,39.794841],[27.343322,39.794271],[27.343472,39.793896],[27.343544,39.79343],[27.343734,39.792932],[27.343915,39.792817],[27.344204,39.792764],[27.34472,39.792678],[27.342508,39.791428],[27.340967,39.791902],[27.340745,39.791898],[27.340567,39.791929],[27.340446,39.792012],[27.340143,39.792085],[27.340078,39.792083],[27.339593,39.791947],[27.339109,39.791981],[27.338556,39.791983],[27.338276,39.791974],[27.337922,39.792255],[27.337703,39.792429],[27.337281,39.792633],[27.336973,39.792906],[27.336883,39.793053],[27.336944,39.793415],[27.336944,39.793415],[27.336944,39.793415],[27.336603,39.793908],[27.336593,39.794354],[27.336255,39.794542],[27.336085,39.794609],[27.335865,39.794739],[27.335676,39.794886],[27.335116,39.794675],[27.334891,39.794608],[27.334624,39.794565],[27.334095,39.794615],[27.333334,39.794577],[27.332726,39.794577],[27.33262,39.794653],[27.33244,39.794659],[27.332291,39.794627],[27.332151,39.794633],[27.331729,39.79482],[27.331618,39.794812],[27.331564,39.794519],[27.33159,39.793801],[27.331363,39.793801],[27.331173,39.793903],[27.331048,39.794054],[27.330737,39.79415],[27.330527,39.79407],[27.330239,39.794294],[27.329815,39.794158],[27.329631,39.794348],[27.329362,39.794531],[27.328796,39.79491],[27.328598,39.795002],[27.328471,39.795228],[27.328251,39.795259],[27.327874,39.795355],[27.327671,39.79539],[27.327582,39.795369],[27.327208,39.795109],[27.326957,39.794938],[27.326779,39.794838],[27.326533,39.794686],[27.3264,39.794585],[27.326003,39.794426],[27.325573,39.794422],[27.325398,39.794392],[27.324958,39.794454],[27.324568,39.794469],[27.32443,39.794515],[27.324272,39.794652],[27.32409,39.794741],[27.323796,39.794789],[27.323222,39.794711],[27.322945,39.794629],[27.322621,39.794613],[27.32226,39.794643],[27.321595,39.795013],[27.321425,39.795124],[27.321277,39.795151],[27.320264,39.795203],[27.318947,39.7953],[27.31812,39.79632],[27.319437,39.796988],[27.316509,39.800717],[27.313057,39.804859],[27.312812,39.80534],[27.312586,39.805554],[27.31237,39.805874],[27.312326,39.806011],[27.312357,39.806244],[27.31257,39.806468],[27.312888,39.806686],[27.312964,39.807001],[27.312996,39.807248],[27.312886,39.807449],[27.31293,39.807749],[27.313005,39.807825],[27.313067,39.807849],[27.313415,39.808462],[27.31375,39.8087],[27.314054,39.808823],[27.313722,39.809267],[27.3135,39.809334],[27.312716,39.809518],[27.312377,39.809733],[27.312304,39.810119],[27.312281,39.810343],[27.312258,39.810677],[27.312178,39.810768],[27.312104,39.810811],[27.312155,39.811235],[27.312155,39.811235],[27.312155,39.811235],[27.312095,39.811622],[27.311966,39.81176],[27.31175,39.811985],[27.311652,39.812147],[27.31151,39.812186],[27.311399,39.812224],[27.311431,39.8125],[27.311259,39.812519],[27.311092,39.812582],[27.31097,39.812849],[27.310878,39.81303],[27.310724,39.813293],[27.310663,39.813498],[27.310559,39.813603],[27.310207,39.813766],[27.309882,39.814344],[27.309704,39.814478],[27.309106,39.814756],[27.308822,39.814999],[27.30878,39.8152],[27.308688,39.81529],[27.308547,39.81552],[27.308269,39.815697],[27.308159,39.81595],[27.30782,39.816217],[27.30713,39.816648],[27.306921,39.816939],[27.30681,39.817002],[27.306749,39.817111],[27.306923,39.817397],[27.306924,39.817464],[27.306726,39.817588],[27.306548,39.817736],[27.306548,39.817817],[27.306587,39.818151],[27.306384,39.818485],[27.30612,39.818743],[27.305825,39.81913],[27.305634,39.819354],[27.305474,39.819464],[27.305357,39.819608],[27.304962,39.819785],[27.304807,39.819681],[27.304561,39.819786],[27.303908,39.820264],[27.305375,39.822257],[27.307676,39.823686],[27.30813,39.82345],[27.308215,39.823519],[27.308692,39.823992],[27.309555,39.825285],[27.309944,39.826033],[27.310391,39.826561],[27.310879,39.82696],[27.311845,39.827501],[27.312404,39.828057],[27.312744,39.828496],[27.31319,39.82877],[27.314812,39.829077],[27.315859,39.829352],[27.31709,39.829952],[27.319988,39.831093],[27.321296,39.831653],[27.322335,39.832142],[27.322785,39.832485],[27.322785,39.832485],[27.323562,39.831737],[27.323519,39.830984],[27.323362,39.830372],[27.323323,39.829892],[27.32329,39.829164],[27.323026,39.828827],[27.323,39.828581],[27.322837,39.827979],[27.322794,39.827244],[27.322874,39.826843]]]}},{"type":"Feature","properties":{"id":"TR-Y-17-012-K-0049","level":"yerlesim","type":"mahalle","parent_id":"TR-D-17-012","province_id":"TR-P-17","district_id":"TR-D-17-012","name":"Kurtlar","source_raw_name":"Kurtlar","source":"Kullanıcı tarafından sağlanan KML","source_label":"Kullanıcı tarafından sağlanan KML","source_name":"Canakkale Mahalle KML - kullanici tarafindan saglandi"},"geometry":{"type":"Polygon","coordinates":[[[27.210707,39.880971],[27.211436,39.880617],[27.2125,39.880701],[27.213501,39.880251],[27.213933,39.87986],[27.214636,39.879296],[27.21562,39.877416],[27.215841,39.87672],[27.216482,39.876252],[27.217483,39.875678],[27.21816,39.874771],[27.218827,39.874227],[27.219319,39.873387],[27.220468,39.872956],[27.221763,39.871667],[27.222007,39.870894],[27.223068,39.869863],[27.224204,39.869289],[27.224263,39.868269],[27.224011,39.86682],[27.224257,39.866467],[27.22496,39.86598],[27.225354,39.865235],[27.225327,39.86474],[27.224668,39.863712],[27.224146,39.86296],[27.224033,39.862455],[27.22461,39.861014],[27.225177,39.860527],[27.226401,39.860143],[27.227872,39.859835],[27.228836,39.859767],[27.229801,39.859727],[27.230419,39.85983],[27.231447,39.86021],[27.231905,39.860228],[27.231991,39.859999],[27.23189,39.859618],[27.231964,39.859398],[27.233076,39.859139],[27.233409,39.858785],[27.233346,39.858419],[27.233116,39.858186],[27.233214,39.857904],[27.233572,39.857575],[27.23358,39.856474],[27.233795,39.856063],[27.234098,39.855882],[27.234146,39.855586],[27.234312,39.8553],[27.234385,39.855121],[27.234581,39.855093],[27.234715,39.854639],[27.234811,39.85437],[27.234934,39.854105],[27.235311,39.853579],[27.235354,39.853298],[27.235406,39.853104],[27.235509,39.852989],[27.235591,39.852972],[27.235687,39.852829],[27.235805,39.852817],[27.235894,39.852757],[27.235905,39.852611],[27.235789,39.852342],[27.235911,39.852133],[27.236048,39.852036],[27.236133,39.851993],[27.236218,39.851907],[27.236225,39.85187],[27.236764,39.851154],[27.236979,39.851016],[27.23742,39.850855],[27.237672,39.8507],[27.237961,39.850665],[27.238298,39.850538],[27.238561,39.850384],[27.23885,39.850291],[27.238932,39.850274],[27.238894,39.85024],[27.238913,39.850123],[27.239197,39.849664],[27.23967,39.849134],[27.239747,39.849111],[27.239817,39.848771],[27.23989,39.848359],[27.239907,39.847984],[27.239932,39.847819],[27.240046,39.847387],[27.240123,39.847118],[27.240078,39.846969],[27.240176,39.846568],[27.240286,39.846022],[27.240321,39.845533],[27.24038,39.84539],[27.24058,39.845209],[27.240716,39.84486],[27.240821,39.844311],[27.240941,39.843593],[27.24101,39.842949],[27.241083,39.842629],[27.241163,39.842154],[27.24124,39.842122],[27.241317,39.841691],[27.241688,39.841778],[27.242088,39.840574],[27.241828,39.840494],[27.241941,39.839928],[27.242017,39.839404],[27.24238,39.839321],[27.242386,39.839255],[27.242311,39.839102],[27.242222,39.838929],[27.242144,39.838764],[27.242058,39.838604],[27.241976,39.838427],[27.241867,39.838194],[27.241781,39.838032],[27.241691,39.837848],[27.241629,39.837732],[27.241566,39.837608],[27.241502,39.837485],[27.241445,39.837364],[27.241419,39.837253],[27.241396,39.837114],[27.241394,39.836977],[27.241401,39.836804],[27.241421,39.836575],[27.241444,39.836361],[27.241471,39.836143],[27.241493,39.83598],[27.241514,39.835815],[27.241521,39.835668],[27.241529,39.835516],[27.241531,39.835338],[27.24152,39.835169],[27.241457,39.835008],[27.241323,39.83482],[27.241191,39.834681],[27.241062,39.834571],[27.240934,39.834457],[27.240789,39.83435],[27.240729,39.834301],[27.241007,39.833656],[27.240717,39.833399],[27.239758,39.832978],[27.239883,39.832583],[27.239849,39.832377],[27.239658,39.832],[27.239598,39.831814],[27.239578,39.831343],[27.239632,39.830931],[27.239765,39.83063],[27.240109,39.830269],[27.240185,39.830014],[27.240103,39.829846],[27.239535,39.829681],[27.239539,39.829476],[27.239687,39.828967],[27.239652,39.828955],[27.2391,39.828956],[27.238649,39.828934],[27.238344,39.828861],[27.23812,39.828746],[27.238003,39.828615],[27.23756,39.828617],[27.23711,39.828522],[27.236934,39.828495],[27.236738,39.828507],[27.236637,39.828524],[27.2366,39.828425],[27.23653,39.828243],[27.236403,39.827954],[27.236443,39.827956],[27.236493,39.827793],[27.236561,39.827398],[27.236763,39.827156],[27.236896,39.827029],[27.237018,39.826845],[27.237035,39.826677],[27.237019,39.826572],[27.236979,39.826528],[27.236822,39.82638],[27.236747,39.826249],[27.236748,39.826148],[27.236776,39.826083],[27.236668,39.825895],[27.236648,39.825799],[27.236671,39.825573],[27.23638,39.82553],[27.236014,39.825332],[27.235938,39.82522],[27.235794,39.825218],[27.235669,39.825254],[27.235454,39.825423],[27.235352,39.825553],[27.23511,39.825549],[27.235011,39.825504],[27.234924,39.825399],[27.234686,39.825268],[27.234498,39.8252],[27.234338,39.825153],[27.234257,39.825287],[27.233564,39.825168],[27.233686,39.824957],[27.233698,39.824814],[27.233654,39.824668],[27.233242,39.824597],[27.233044,39.824541],[27.232957,39.824458],[27.232925,39.824353],[27.233114,39.824216],[27.233262,39.824017],[27.233429,39.823883],[27.233834,39.823758],[27.233945,39.823659],[27.233945,39.823575],[27.23323,39.823351],[27.232583,39.824046],[27.232134,39.824038],[27.23192,39.824141],[27.231699,39.824596],[27.231246,39.8246],[27.230957,39.824698],[27.230632,39.824936],[27.23055,39.82497],[27.230373,39.825245],[27.230266,39.825351],[27.230196,39.825497],[27.230179,39.825797],[27.230153,39.825923],[27.230031,39.826164],[27.229894,39.826075],[27.229574,39.82581],[27.229395,39.825624],[27.229325,39.825513],[27.229298,39.825444],[27.229124,39.825353],[27.229057,39.825228],[27.229037,39.824882],[27.229188,39.824713],[27.229392,39.824535],[27.229673,39.824237],[27.22974,39.824265],[27.229888,39.824176],[27.228803,39.823535],[27.228329,39.823908],[27.227973,39.824034],[27.227781,39.824038],[27.227751,39.824046],[27.22735,39.823907],[27.227979,39.823465],[27.227545,39.822362],[27.228052,39.822116],[27.228326,39.82182],[27.228601,39.821013],[27.228006,39.821095],[27.227759,39.821179],[27.227522,39.821371],[27.227118,39.821707],[27.226654,39.822142],[27.22622,39.822342],[27.226022,39.822411],[27.225548,39.822442],[27.225341,39.822625],[27.225131,39.822904],[27.224492,39.823113],[27.224349,39.823274],[27.224231,39.823514],[27.224056,39.823614],[27.223379,39.823884],[27.223019,39.824003],[27.222485,39.824013],[27.222264,39.823956],[27.222007,39.823856],[27.221687,39.82361],[27.221683,39.823586],[27.219545,39.823699],[27.217976,39.823783],[27.217646,39.82456],[27.217411,39.825116],[27.217059,39.825946],[27.214271,39.825941],[27.214269,39.825983],[27.21405,39.826264],[27.213569,39.826614],[27.213043,39.826764],[27.211828,39.827315],[27.210753,39.82734],[27.213417,39.827867],[27.213642,39.828587],[27.213179,39.829766],[27.213424,39.830012],[27.213706,39.830148],[27.214011,39.830188],[27.214241,39.830205],[27.214345,39.830284],[27.214338,39.830353],[27.214362,39.831085],[27.21478,39.831862],[27.214688,39.831883],[27.214569,39.831899],[27.214427,39.832015],[27.214332,39.832042],[27.214263,39.83207],[27.214004,39.832279],[27.213908,39.832316],[27.213754,39.832452],[27.213776,39.832541],[27.213664,39.832753],[27.213633,39.833003],[27.213593,39.833055],[27.213671,39.8331],[27.213734,39.833241],[27.218786,39.833362],[27.218937,39.834437],[27.219206,39.834894],[27.219226,39.83653],[27.218768,39.837331],[27.219234,39.839035],[27.219104,39.840144],[27.218214,39.840318],[27.217635,39.840319],[27.217012,39.840366],[27.216583,39.840572],[27.217177,39.840914],[27.217193,39.84128],[27.216929,39.842162],[27.21656,39.842688],[27.216071,39.842918],[27.215243,39.844086],[27.215618,39.845115],[27.216807,39.845856],[27.216856,39.847355],[27.21586,39.849438],[27.215537,39.850091],[27.215378,39.850702],[27.215,39.85238],[27.213508,39.853803],[27.212793,39.854529],[27.211797,39.856561],[27.211613,39.856885],[27.209246,39.859568],[27.208743,39.860789],[27.208547,39.861361],[27.206713,39.864386],[27.206417,39.864835],[27.205988,39.866141],[27.205805,39.866761],[27.20377,39.86909],[27.201544,39.869199],[27.197227,39.869273],[27.195683,39.8698],[27.193432,39.869995],[27.191678,39.870989],[27.189666,39.87266],[27.189123,39.873071],[27.188544,39.874139],[27.188434,39.874388],[27.189735,39.875329],[27.190702,39.875957],[27.191558,39.876756],[27.192092,39.87717],[27.192435,39.878074],[27.191913,39.879648],[27.191113,39.881055],[27.190682,39.881866],[27.191556,39.88451],[27.193167,39.885723],[27.194808,39.886173],[27.195274,39.88691],[27.194287,39.888032],[27.194507,39.889176],[27.195595,39.891032],[27.195782,39.89139],[27.197208,39.892412],[27.199574,39.893944],[27.199482,39.892647],[27.199373,39.890691],[27.201611,39.888584],[27.203795,39.886541],[27.205584,39.884888],[27.205917,39.884421],[27.207285,39.882731],[27.208274,39.882291],[27.208966,39.882175],[27.209436,39.88207],[27.210707,39.880971]]]}},{"type":"Feature","properties":{"id":"TR-Y-17-012-K-0050","level":"yerlesim","type":"mahalle","parent_id":"TR-D-17-012","province_id":"TR-P-17","district_id":"TR-D-17-012","name":"Kuzupınarı","source_raw_name":"Kuzupınarı","source":"Kullanıcı tarafından sağlanan KML","source_label":"Kullanıcı tarafından sağlanan KML","source_name":"Canakkale Mahalle KML - kullanici tarafindan saglandi"},"geometry":{"type":"Polygon","coordinates":[[[27.472086,39.812648],[27.472118,39.812092],[27.472141,39.811904],[27.472137,39.811823],[27.47211,39.811709],[27.472106,39.811654],[27.472114,39.811549],[27.472153,39.811452],[27.4722,39.8114],[27.472299,39.811326],[27.472394,39.811246],[27.472446,39.811182],[27.472681,39.810797],[27.472779,39.810608],[27.472949,39.81017],[27.473031,39.809995],[27.473061,39.809918],[27.473123,39.809794],[27.473145,39.809693],[27.473112,39.809593],[27.473041,39.809499],[27.472882,39.809351],[27.472739,39.809244],[27.472842,39.808537],[27.473059,39.808427],[27.473249,39.808311],[27.473612,39.808102],[27.473714,39.808046],[27.473766,39.807997],[27.473798,39.807945],[27.473824,39.807867],[27.473836,39.807708],[27.473833,39.807496],[27.473755,39.807344],[27.473719,39.807207],[27.473733,39.80714],[27.473818,39.806996],[27.473924,39.806754],[27.473968,39.806619],[27.468399,39.806055],[27.468295,39.806046],[27.457161,39.804916],[27.457715,39.802712],[27.458205,39.802168],[27.464074,39.799662],[27.464075,39.799661],[27.464081,39.799658],[27.464091,39.799622],[27.464076,39.799107],[27.464066,39.798988],[27.463834,39.796467],[27.46065,39.794933],[27.459806,39.793532],[27.45979,39.793487],[27.459714,39.793417],[27.459628,39.793362],[27.459612,39.793336],[27.456708,39.790847],[27.456857,39.790802],[27.457024,39.790727],[27.457137,39.790668],[27.457188,39.790635],[27.45723,39.790585],[27.45728,39.790481],[27.457317,39.790432],[27.457337,39.790407],[27.457393,39.790369],[27.457496,39.790312],[27.457595,39.790249],[27.457727,39.790161],[27.457857,39.790057],[27.457934,39.789984],[27.457968,39.789928],[27.458007,39.789845],[27.458025,39.78974],[27.458035,39.789599],[27.458029,39.78952],[27.458003,39.78946],[27.457979,39.789419],[27.457941,39.789393],[27.457864,39.789348],[27.457839,39.789322],[27.457818,39.789264],[27.457827,39.789244],[27.45799,39.789273],[27.457991,39.789273],[27.458035,39.789238],[27.458052,39.789215],[27.458041,39.788352],[27.458113,39.788362],[27.458242,39.788291],[27.458244,39.78829],[27.458249,39.788287],[27.45834,39.788218],[27.458381,39.788175],[27.458424,39.788109],[27.458434,39.788025],[27.458416,39.787956],[27.458383,39.787869],[27.458336,39.787791],[27.45825,39.787685],[27.458098,39.787513],[27.458016,39.787396],[27.457951,39.787265],[27.457922,39.787197],[27.457915,39.787134],[27.45793,39.787099],[27.457965,39.787079],[27.458005,39.787069],[27.458065,39.78706],[27.458108,39.78712],[27.458145,39.787149],[27.458239,39.787189],[27.458344,39.787172],[27.458452,39.787158],[27.45868,39.787085],[27.458825,39.78702],[27.458931,39.786957],[27.459048,39.786868],[27.459123,39.786785],[27.459205,39.786672],[27.459325,39.786431],[27.459365,39.78639],[27.45937,39.786387],[27.459372,39.786386],[27.459528,39.786304],[27.459609,39.786249],[27.459712,39.786159],[27.459869,39.786002],[27.459952,39.785884],[27.459996,39.785803],[27.460027,39.785662],[27.460045,39.785473],[27.460058,39.785336],[27.46006,39.785256],[27.460043,39.785165],[27.460014,39.785113],[27.459972,39.785064],[27.459911,39.785019],[27.459853,39.784973],[27.45977,39.784927],[27.459727,39.784906],[27.459688,39.7849],[27.459606,39.784868],[27.459478,39.784799],[27.459403,39.784734],[27.459358,39.784705],[27.45931,39.784685],[27.459212,39.784658],[27.459163,39.78463],[27.459151,39.784623],[27.45915,39.784622],[27.459118,39.784604],[27.459022,39.784571],[27.458893,39.784543],[27.458717,39.784517],[27.45865,39.784497],[27.458579,39.784466],[27.458507,39.784455],[27.458429,39.784437],[27.458401,39.784407],[27.45834,39.784325],[27.458322,39.784283],[27.458297,39.784247],[27.458211,39.784185],[27.458087,39.784126],[27.457975,39.784096],[27.457872,39.784091],[27.457806,39.784097],[27.457725,39.78412],[27.457641,39.784139],[27.457533,39.78415],[27.457457,39.784141],[27.457368,39.784119],[27.457177,39.784051],[27.457024,39.784018],[27.456821,39.783963],[27.45671,39.783947],[27.456635,39.783953],[27.456556,39.78397],[27.456467,39.784],[27.456374,39.784002],[27.456343,39.784006],[27.456336,39.784022],[27.456281,39.783987],[27.456222,39.783955],[27.456162,39.783934],[27.456132,39.783919],[27.456094,39.783915],[27.45604,39.783925],[27.455992,39.783882],[27.45596,39.783834],[27.455903,39.783708],[27.455885,39.78363],[27.455938,39.783502],[27.455961,39.783453],[27.456055,39.783274],[27.456106,39.78315],[27.456106,39.78298],[27.456125,39.782885],[27.456115,39.782827],[27.456084,39.782795],[27.45703,39.783262],[27.457288,39.783261],[27.457723,39.783285],[27.458364,39.783393],[27.459253,39.783428],[27.460255,39.783415],[27.460375,39.783391],[27.460489,39.783312],[27.460559,39.783249],[27.460627,39.783177],[27.460671,39.783109],[27.460699,39.783089],[27.461018,39.782868],[27.461099,39.782773],[27.461179,39.7827],[27.461251,39.782635],[27.461213,39.782612],[27.460999,39.782482],[27.460923,39.782443],[27.460791,39.78236],[27.460835,39.782229],[27.460949,39.782033],[27.460967,39.781996],[27.460978,39.781957],[27.460946,39.781845],[27.460945,39.781744],[27.460954,39.781691],[27.46098,39.781637],[27.460793,39.781612],[27.460629,39.781579],[27.460373,39.781495],[27.460258,39.781447],[27.46013,39.781379],[27.460033,39.781324],[27.460081,39.781279],[27.460106,39.781209],[27.460141,39.78104],[27.460142,39.780924],[27.460114,39.780759],[27.460057,39.780611],[27.460057,39.780556],[27.460076,39.780495],[27.460116,39.780422],[27.460188,39.780337],[27.460282,39.780237],[27.46042,39.780109],[27.460513,39.780104],[27.460573,39.78011],[27.460661,39.780128],[27.460756,39.780174],[27.460991,39.780304],[27.461235,39.78043],[27.461385,39.780479],[27.461503,39.780404],[27.46155,39.780369],[27.461578,39.780332],[27.461628,39.780245],[27.461669,39.780199],[27.461675,39.780195],[27.461739,39.780155],[27.461808,39.780133],[27.4619,39.780116],[27.461997,39.780119],[27.462122,39.78014],[27.461984,39.779985],[27.461881,39.779848],[27.461754,39.779708],[27.461561,39.779503],[27.461351,39.779299],[27.461248,39.779209],[27.461137,39.779092],[27.461001,39.778979],[27.460876,39.77889],[27.460598,39.7787],[27.460342,39.778542],[27.460237,39.77847],[27.460125,39.778395],[27.459874,39.778245],[27.459767,39.778192],[27.459653,39.778163],[27.45953,39.778158],[27.459367,39.778166],[27.459144,39.778185],[27.459046,39.77821],[27.458968,39.77824],[27.458963,39.778243],[27.458962,39.778244],[27.458895,39.77829],[27.458859,39.778195],[27.458918,39.778106],[27.459039,39.777903],[27.45913,39.777695],[27.459234,39.777491],[27.459297,39.777325],[27.459341,39.777244],[27.459401,39.777147],[27.459409,39.777062],[27.459289,39.77705],[27.459587,39.776652],[27.459577,39.776581],[27.459534,39.776341],[27.459483,39.776198],[27.459317,39.775802],[27.459228,39.775642],[27.459136,39.775524],[27.459051,39.77545],[27.458985,39.775415],[27.458886,39.775371],[27.458773,39.775345],[27.458603,39.775333],[27.458376,39.77531],[27.458373,39.775304],[27.458383,39.775306],[27.458247,39.77509],[27.458105,39.775031],[27.458023,39.7749],[27.457791,39.775131],[27.457425,39.775645],[27.457386,39.775724],[27.457014,39.775959],[27.456772,39.776066],[27.456299,39.776205],[27.455622,39.776304],[27.455166,39.776369],[27.454436,39.776367],[27.45414,39.776368],[27.453544,39.77625],[27.453155,39.776212],[27.452939,39.776188],[27.452713,39.776186],[27.452507,39.776183],[27.452268,39.776213],[27.452221,39.776212],[27.452162,39.776205],[27.452112,39.776187],[27.452007,39.776148],[27.451953,39.776165],[27.451769,39.776307],[27.451144,39.776674],[27.450825,39.776928],[27.450653,39.777126],[27.450421,39.777115],[27.450266,39.777018],[27.449521,39.777281],[27.449122,39.77732],[27.448222,39.777543],[27.448249,39.77781],[27.448344,39.778169],[27.448332,39.778276],[27.448091,39.778706],[27.448082,39.778847],[27.448133,39.77899],[27.448434,39.779215],[27.448725,39.779314],[27.448572,39.779998],[27.4486,39.780127],[27.448666,39.78021],[27.448765,39.780284],[27.448605,39.780318],[27.448206,39.780295],[27.447647,39.780769],[27.447241,39.780995],[27.447075,39.781129],[27.44664,39.781714],[27.44637,39.78198],[27.446015,39.782046],[27.445778,39.782125],[27.445617,39.782431],[27.445074,39.782639],[27.445035,39.782727],[27.444726,39.783018],[27.444144,39.78326],[27.444296,39.78385],[27.444401,39.783919],[27.445116,39.784518],[27.445404,39.784685],[27.445248,39.784877],[27.445169,39.785026],[27.445056,39.78529],[27.44491,39.785628],[27.444828,39.785835],[27.444655,39.786141],[27.444534,39.786354],[27.444388,39.786508],[27.444247,39.786663],[27.444101,39.786772],[27.443983,39.786827],[27.44374,39.786888],[27.443503,39.786953],[27.443271,39.787019],[27.443212,39.787054],[27.443109,39.787137],[27.443041,39.787262],[27.443034,39.787395],[27.44305,39.787712],[27.443041,39.787885],[27.442994,39.787989],[27.442951,39.788063],[27.442875,39.788146],[27.442794,39.788195],[27.442672,39.788272],[27.442599,39.788297],[27.442499,39.788318],[27.442516,39.788365],[27.442774,39.788416],[27.443283,39.788491],[27.443813,39.788668],[27.443953,39.788839],[27.443949,39.789048],[27.443777,39.789205],[27.443433,39.789428],[27.443479,39.789672],[27.443504,39.789801],[27.443456,39.789965],[27.443575,39.790102],[27.443813,39.790223],[27.444066,39.790222],[27.444604,39.790224],[27.445377,39.79053],[27.445839,39.790921],[27.446094,39.791255],[27.446377,39.791559],[27.446571,39.791684],[27.446947,39.79182],[27.447407,39.791849],[27.447128,39.792182],[27.446926,39.792343],[27.446754,39.792568],[27.44679,39.792717],[27.446914,39.792831],[27.446668,39.79298],[27.446605,39.79311],[27.44626,39.793264],[27.446142,39.793387],[27.443098,39.795758],[27.441047,39.79731],[27.439694,39.798345],[27.439592,39.798669],[27.439641,39.798685],[27.439561,39.801294],[27.439515,39.80389],[27.439854,39.804246],[27.439968,39.804646],[27.440035,39.804712],[27.440184,39.804723],[27.44066,39.805075],[27.440869,39.805269],[27.441212,39.805514],[27.441306,39.805751],[27.441555,39.80585],[27.441734,39.806021],[27.442036,39.806274],[27.442259,39.806282],[27.443641,39.806728],[27.446178,39.807565],[27.448233,39.808241],[27.450373,39.808953],[27.452688,39.809593],[27.454935,39.810176],[27.456936,39.810689],[27.458106,39.810981],[27.4583,39.811055],[27.458661,39.811262],[27.458929,39.81139],[27.459152,39.811475],[27.459522,39.811488],[27.459813,39.811615],[27.460332,39.811739],[27.460826,39.811774],[27.461167,39.811724],[27.462146,39.811763],[27.46267,39.811907],[27.463086,39.812011],[27.463352,39.811964],[27.463746,39.812106],[27.464456,39.812403],[27.465024,39.812498],[27.465743,39.812458],[27.465859,39.812503],[27.466556,39.812486],[27.46687,39.812396],[27.4671,39.812378],[27.46723,39.812415],[27.467363,39.81237],[27.467708,39.812287],[27.467931,39.812329],[27.468024,39.812366],[27.468229,39.812473],[27.468374,39.812527],[27.468762,39.812659],[27.468885,39.812644],[27.469036,39.812579],[27.469162,39.812481],[27.469301,39.812438],[27.469585,39.812372],[27.470051,39.812382],[27.470416,39.812393],[27.470719,39.812448],[27.470877,39.812498],[27.471382,39.812722],[27.471974,39.812977],[27.472069,39.813041],[27.472072,39.812822],[27.472086,39.812648]]]}},{"type":"Feature","properties":{"id":"TR-Y-17-012-K-0051","level":"yerlesim","type":"mahalle","parent_id":"TR-D-17-012","province_id":"TR-P-17","district_id":"TR-D-17-012","name":"Namazgah","source_raw_name":"Namazgah","source":"Kullanıcı tarafından sağlanan KML","source_label":"Kullanıcı tarafından sağlanan KML","source_name":"Canakkale Mahalle KML - kullanici tarafindan saglandi"},"geometry":{"type":"Polygon","coordinates":[[[27.298529,39.926392],[27.299537,39.926149],[27.300432,39.926249],[27.300483,39.92586],[27.30046,39.925624],[27.300417,39.925498],[27.300495,39.924959],[27.301124,39.925294],[27.301329,39.925367],[27.301581,39.925073],[27.30237,39.924926],[27.302979,39.924657],[27.302994,39.924679],[27.303357,39.924938],[27.303577,39.92498],[27.303603,39.924479],[27.304823,39.924641],[27.305575,39.924622],[27.305819,39.92526],[27.307099,39.925474],[27.307897,39.925545],[27.307988,39.925006],[27.309033,39.924773],[27.309599,39.924769],[27.309695,39.924785],[27.31059,39.924797],[27.311659,39.925087],[27.312263,39.925321],[27.312365,39.925228],[27.312684,39.925318],[27.313048,39.925615],[27.311868,39.923839],[27.311864,39.922809],[27.312824,39.921606],[27.313483,39.919488],[27.315257,39.917596],[27.317476,39.915588],[27.320602,39.914309],[27.320259,39.913853],[27.320049,39.913522],[27.320077,39.913167],[27.320254,39.912938],[27.319817,39.911498],[27.320229,39.910765],[27.31863,39.903581],[27.317834,39.900133],[27.316841,39.895573],[27.31499,39.892772],[27.314639,39.891829],[27.314561,39.890915],[27.317074,39.891146],[27.319112,39.89033],[27.321159,39.88879],[27.322286,39.886509],[27.323897,39.884245],[27.321556,39.883887],[27.32053,39.883232],[27.322052,39.878796],[27.321972,39.877481],[27.321222,39.875996],[27.321663,39.874987],[27.314373,39.874111],[27.312864,39.874101],[27.310815,39.874087],[27.308692,39.874089],[27.30604,39.874058],[27.30405,39.874052],[27.302626,39.874216],[27.3004,39.874458],[27.298615,39.874634],[27.29618,39.874633],[27.292622,39.874603],[27.288198,39.874569],[27.284331,39.874786],[27.28308,39.875359],[27.280773,39.876406],[27.280151,39.876807],[27.279313,39.877603],[27.279102,39.877954],[27.279,39.878492],[27.279002,39.879014],[27.278051,39.880072],[27.275341,39.885291],[27.272376,39.886514],[27.270556,39.886869],[27.268998,39.887197],[27.268503,39.887087],[27.266179,39.886525],[27.266001,39.886476],[27.263236,39.885544],[27.261057,39.883989],[27.259077,39.88248],[27.257595,39.880665],[27.256716,39.879626],[27.255607,39.878336],[27.255216,39.876995],[27.253064,39.878448],[27.249776,39.880667],[27.24897,39.880909],[27.249033,39.881663],[27.248602,39.883113],[27.249606,39.884083],[27.250538,39.886121],[27.250972,39.887058],[27.250049,39.88775],[27.249087,39.888618],[27.248984,39.888828],[27.249208,39.88922],[27.250391,39.890445],[27.250055,39.892116],[27.249336,39.892906],[27.249957,39.893572],[27.250593,39.89428],[27.250333,39.894834],[27.249942,39.896264],[27.250413,39.896621],[27.249816,39.897164],[27.249973,39.897953],[27.249697,39.898411],[27.248507,39.899142],[27.243155,39.901127],[27.237637,39.903301],[27.238259,39.904014],[27.238848,39.904513],[27.240209,39.904463],[27.240984,39.904843],[27.240618,39.906154],[27.236972,39.90771],[27.236977,39.90914],[27.237072,39.909903],[27.238033,39.910353],[27.238376,39.911091],[27.238315,39.911497],[27.238132,39.912045],[27.238258,39.912664],[27.239033,39.913139],[27.239436,39.91352],[27.239838,39.913281],[27.240087,39.913852],[27.240647,39.914661],[27.241326,39.914112],[27.242381,39.9148],[27.242519,39.9155],[27.242756,39.915589],[27.24288,39.915756],[27.242936,39.915837],[27.243141,39.915922],[27.243246,39.915927],[27.243413,39.915993],[27.243531,39.916069],[27.243544,39.916198],[27.243439,39.916317],[27.243291,39.916427],[27.243131,39.916527],[27.242884,39.916809],[27.242848,39.91709],[27.242898,39.917381],[27.242998,39.917595],[27.243135,39.917757],[27.243427,39.917907],[27.243558,39.917892],[27.244528,39.917753],[27.245221,39.917691],[27.245915,39.917842],[27.246549,39.918054],[27.246649,39.918298],[27.246531,39.918572],[27.247027,39.918693],[27.247661,39.918692],[27.247722,39.919149],[27.248832,39.919315],[27.249574,39.919266],[27.251107,39.918586],[27.252399,39.918548],[27.253735,39.918632],[27.253789,39.918629],[27.253789,39.918629],[27.254031,39.918634],[27.254794,39.918648],[27.255845,39.918155],[27.256952,39.917512],[27.257776,39.917343],[27.260371,39.917143],[27.26083,39.917294],[27.261462,39.917483],[27.261772,39.917759],[27.261909,39.918035],[27.261923,39.918454],[27.261849,39.918866],[27.261802,39.919112],[27.262847,39.92025],[27.263412,39.920527],[27.264193,39.920992],[27.264838,39.921096],[27.265135,39.921047],[27.265579,39.920865],[27.266248,39.920826],[27.266817,39.920748],[27.267324,39.920671],[27.268029,39.920478],[27.268524,39.920506],[27.268871,39.920438],[27.269242,39.920352],[27.26944,39.920466],[27.269676,39.920722],[27.269837,39.920722],[27.270395,39.920787],[27.271025,39.920586],[27.27131,39.920614],[27.27162,39.920775],[27.271819,39.920975],[27.271845,39.921203],[27.271672,39.921328],[27.271809,39.921489],[27.272069,39.921584],[27.272465,39.921621],[27.273666,39.921523],[27.274062,39.921522],[27.274569,39.921292],[27.275155,39.920866],[27.276124,39.920145],[27.276816,39.919848],[27.276965,39.919944],[27.27746,39.920075],[27.27756,39.92017],[27.277573,39.920427],[27.277525,39.920713],[27.27755,39.920866],[27.277773,39.920856],[27.277859,39.920655],[27.277858,39.920522],[27.277895,39.920322],[27.277944,39.920217],[27.278117,39.920131],[27.278315,39.920121],[27.278476,39.920196],[27.278737,39.920434],[27.278886,39.920615],[27.27906,39.920786],[27.279283,39.920719],[27.27953,39.920594],[27.279715,39.920508],[27.279766,39.920727],[27.279793,39.921308],[27.279831,39.921547],[27.280017,39.921642],[27.280302,39.921679],[27.280452,39.921993],[27.280539,39.922269],[27.280404,39.92247],[27.280417,39.92266],[27.280542,39.922841],[27.280773,39.922997],[27.281393,39.923134],[27.282175,39.923297],[27.282648,39.923284],[27.283007,39.923326],[27.283001,39.923393],[27.283051,39.923507],[27.283324,39.923556],[27.28332,39.923428],[27.28383,39.923293],[27.283861,39.923162],[27.284037,39.923161],[27.284115,39.92319],[27.284675,39.923284],[27.284756,39.923336],[27.284858,39.923319],[27.285691,39.923493],[27.285871,39.923552],[27.286106,39.923587],[27.28658,39.923622],[27.286896,39.923581],[27.287131,39.923604],[27.287339,39.923749],[27.287376,39.923658],[27.288183,39.92282],[27.288294,39.922836],[27.287953,39.923302],[27.288056,39.923604],[27.288476,39.923932],[27.288247,39.924128],[27.288198,39.92424],[27.288289,39.924361],[27.288107,39.924602],[27.2882,39.924645],[27.288551,39.925047],[27.288822,39.92533],[27.289002,39.925422],[27.289438,39.924628],[27.289494,39.92479],[27.289813,39.924674],[27.29006,39.924662],[27.290125,39.924757],[27.290138,39.924809],[27.289919,39.925005],[27.289975,39.925058],[27.290025,39.925072],[27.290231,39.925486],[27.290272,39.925755],[27.29019,39.926063],[27.290478,39.926096],[27.290912,39.926199],[27.29128,39.926174],[27.291753,39.926095],[27.293112,39.926097],[27.293224,39.925686],[27.293199,39.925502],[27.293018,39.925169],[27.292598,39.925287],[27.29242,39.925054],[27.292373,39.92488],[27.292378,39.924701],[27.292121,39.924635],[27.29187,39.924491],[27.291822,39.924083],[27.292239,39.923875],[27.292229,39.923091],[27.29246,39.922144],[27.291917,39.92108],[27.292976,39.921214],[27.292997,39.922403],[27.293748,39.923709],[27.293921,39.923632],[27.294224,39.923581],[27.294435,39.923514],[27.294959,39.923861],[27.295138,39.923767],[27.295387,39.923931],[27.295558,39.924117],[27.295641,39.924155],[27.296651,39.924355],[27.296711,39.924714],[27.29691,39.924747],[27.297711,39.92469],[27.297856,39.925984],[27.298459,39.925992],[27.298529,39.926392]]]}},{"type":"Feature","properties":{"id":"TR-Y-17-012-K-0052","level":"yerlesim","type":"mahalle","parent_id":"TR-D-17-012","province_id":"TR-P-17","district_id":"TR-D-17-012","name":"Nevruz","source_raw_name":"Nevruz","source":"Kullanıcı tarafından sağlanan KML","source_label":"Kullanıcı tarafından sağlanan KML","source_name":"Canakkale Mahalle KML - kullanici tarafindan saglandi"},"geometry":{"type":"Polygon","coordinates":[[[27.252707,39.992295],[27.253103,39.992065],[27.253252,39.99211],[27.254717,39.991459],[27.255232,39.991412],[27.255806,39.990961],[27.256707,39.990791],[27.256885,39.990321],[27.256387,39.989879],[27.256103,39.989889],[27.255841,39.989532],[27.255878,39.989494],[27.255859,39.98926],[27.256276,39.988282],[27.256549,39.988387],[27.257033,39.988624],[27.257663,39.988022],[27.256788,39.987495],[27.256799,39.987247],[27.257046,39.987132],[27.257126,39.986813],[27.258028,39.986182],[27.259077,39.986837],[27.259232,39.986775],[27.259524,39.98705],[27.260053,39.987688],[27.260246,39.987716],[27.26066,39.987524],[27.260715,39.987262],[27.26148,39.986522],[27.261685,39.986664],[27.262568,39.985838],[27.261835,39.985344],[27.261636,39.985158],[27.261728,39.984953],[27.261697,39.984786],[27.261491,39.98462],[27.261491,39.984549],[27.260927,39.984331],[27.260487,39.984522],[27.260345,39.984556],[27.260091,39.984471],[27.259985,39.984366],[27.26025,39.984075],[27.26088,39.983554],[27.260421,39.983288],[27.260371,39.98326],[27.261525,39.982008],[27.261177,39.981876],[27.26196,39.980854],[27.262003,39.980796],[27.262215,39.980882],[27.262407,39.980944],[27.262717,39.981027],[27.262949,39.981079],[27.263028,39.9811],[27.262988,39.980671],[27.262987,39.98049],[27.263222,39.980298],[27.264139,39.980354],[27.264896,39.980733],[27.264966,39.981038],[27.265314,39.981299],[27.265972,39.981779],[27.266586,39.981883],[27.266722,39.981839],[27.266864,39.981739],[27.267143,39.981686],[27.267051,39.98202],[27.267295,39.982524],[27.267767,39.982985],[27.267935,39.983037],[27.268015,39.982952],[27.26817,39.982946],[27.268338,39.983275],[27.269121,39.983816],[27.269195,39.983692],[27.270164,39.984381],[27.270711,39.98489],[27.270725,39.985338],[27.270801,39.985685],[27.270665,39.985795],[27.270661,39.9863],[27.270898,39.986657],[27.270944,39.987277],[27.271137,39.987615],[27.270834,39.987625],[27.271163,39.988126],[27.271445,39.988613],[27.271686,39.989037],[27.272042,39.98964],[27.272353,39.990138],[27.272503,39.990327],[27.272698,39.990551],[27.272846,39.990712],[27.273443,39.991007],[27.273367,39.990645],[27.274461,39.98988],[27.274467,39.989794],[27.274944,39.989922],[27.275037,39.989912],[27.275104,39.989626],[27.275159,39.989411],[27.275666,39.989124],[27.275962,39.988876],[27.276135,39.988561],[27.27606,39.988513],[27.276301,39.988322],[27.276774,39.988779],[27.276955,39.989193],[27.276968,39.98935],[27.277124,39.98954],[27.277243,39.989864],[27.277187,39.990098],[27.277218,39.990194],[27.277274,39.990302],[27.27736,39.990439],[27.277437,39.990577],[27.277498,39.990701],[27.277505,39.990791],[27.277511,39.99086],[27.277487,39.990933],[27.277433,39.991006],[27.277411,39.991045],[27.277919,39.9911],[27.278359,39.9907],[27.278599,39.990876],[27.278727,39.990804],[27.278913,39.990737],[27.279056,39.990827],[27.27918,39.990789],[27.279439,39.990574],[27.279512,39.990345],[27.27948,39.990087],[27.27984,39.990077],[27.280117,39.989686],[27.280091,39.989428],[27.280363,39.989328],[27.280896,39.988816],[27.280681,39.988463],[27.281043,39.987844],[27.280926,39.987681],[27.280479,39.987415],[27.280477,39.986881],[27.280652,39.986507],[27.281127,39.98618],[27.281411,39.985701],[27.28167,39.985366],[27.282041,39.985228],[27.2826,39.985046],[27.282499,39.984493],[27.282806,39.984183],[27.283313,39.983595],[27.284004,39.983376],[27.284525,39.983097],[27.284574,39.982911],[27.284135,39.98273],[27.283513,39.982451],[27.283412,39.982222],[27.283156,39.981594],[27.283125,39.981131],[27.282855,39.980548],[27.283792,39.979515],[27.283713,39.978447],[27.283417,39.975917],[27.282723,39.975793],[27.282252,39.975893],[27.281947,39.975633],[27.281468,39.973499],[27.280939,39.973009],[27.279849,39.973079],[27.279198,39.972923],[27.278963,39.972577],[27.278951,39.972066],[27.278588,39.97199],[27.278363,39.971629],[27.278455,39.971424],[27.278918,39.971046],[27.278955,39.970889],[27.278444,39.970294],[27.278281,39.970242],[27.278357,39.970106],[27.278718,39.969687],[27.279263,39.969564],[27.279807,39.969246],[27.27981,39.968842],[27.279213,39.968203],[27.27913,39.967338],[27.27891,39.96685],[27.279349,39.965221],[27.279714,39.96466],[27.279624,39.963398],[27.279523,39.962899],[27.277756,39.963258],[27.27636,39.963551],[27.275666,39.963514],[27.274127,39.962683],[27.273966,39.962268],[27.275121,39.960973],[27.275566,39.960785],[27.275922,39.960548],[27.276178,39.960311],[27.276277,39.960146],[27.276301,39.960013],[27.276641,39.95944],[27.277026,39.959115],[27.276795,39.958525],[27.277752,39.958534],[27.278148,39.958422],[27.278558,39.958135],[27.278616,39.957918],[27.278897,39.957563],[27.278465,39.95727],[27.278365,39.957129],[27.278777,39.957178],[27.278945,39.957155],[27.278597,39.956839],[27.278783,39.956389],[27.279084,39.956129],[27.279626,39.956562],[27.280078,39.956759],[27.280429,39.956587],[27.280581,39.956255],[27.281239,39.956021],[27.28101,39.955682],[27.280975,39.95569],[27.280796,39.955412],[27.280607,39.955397],[27.280581,39.955092],[27.280411,39.95457],[27.279817,39.954735],[27.279776,39.954457],[27.279395,39.954508],[27.279186,39.95431],[27.279032,39.954303],[27.279017,39.954146],[27.279198,39.953658],[27.27944,39.953402],[27.279419,39.953131],[27.279695,39.952818],[27.280027,39.952832],[27.280591,39.952522],[27.281345,39.952844],[27.28197,39.953075],[27.281911,39.951867],[27.281613,39.951837],[27.281531,39.951185],[27.28064,39.951176],[27.280091,39.951532],[27.279824,39.951502],[27.279648,39.950923],[27.279182,39.950791],[27.279368,39.950222],[27.280007,39.950251],[27.280619,39.949739],[27.280463,39.949221],[27.28053,39.948675],[27.281074,39.948319],[27.281765,39.947841],[27.282661,39.947549],[27.283397,39.946106],[27.28381,39.94548],[27.283926,39.94458],[27.283766,39.94429],[27.283166,39.944037],[27.283036,39.943717],[27.282997,39.943694],[27.283347,39.943369],[27.283393,39.942903],[27.283251,39.942759],[27.283027,39.942721],[27.28335,39.942059],[27.281805,39.942177],[27.281396,39.942201],[27.281023,39.942383],[27.280615,39.942453],[27.280277,39.942356],[27.279785,39.942108],[27.279197,39.941852],[27.278822,39.941774],[27.278312,39.941626],[27.277613,39.941399],[27.277055,39.941295],[27.276435,39.941241],[27.27525,39.941559],[27.273986,39.941242],[27.273592,39.941031],[27.273209,39.940989],[27.272704,39.940973],[27.272013,39.941107],[27.271286,39.941434],[27.270879,39.941735],[27.270411,39.941874],[27.269946,39.941715],[27.269567,39.941501],[27.269068,39.941325],[27.268559,39.941198],[27.268221,39.941184],[27.267645,39.9413],[27.267293,39.941489],[27.266903,39.941539],[27.266372,39.94142],[27.26539,39.941145],[27.264654,39.941043],[27.263944,39.941011],[27.263506,39.940992],[27.262982,39.941096],[27.262533,39.941211],[27.261921,39.94133],[27.261664,39.941313],[27.261404,39.941162],[27.261035,39.940906],[27.260771,39.940866],[27.260188,39.940956],[27.25965,39.941158],[27.259042,39.941428],[27.258742,39.941529],[27.258363,39.941738],[27.257981,39.941919],[27.25767,39.941946],[27.25722,39.941844],[27.256874,39.941776],[27.256539,39.941722],[27.256247,39.942012],[27.255632,39.942506],[27.254722,39.942859],[27.253803,39.94312],[27.253252,39.943288],[27.252688,39.943074],[27.252378,39.94288],[27.25179,39.942895],[27.251208,39.943025],[27.25057,39.942817],[27.24953,39.942852],[27.24854,39.943131],[27.247928,39.943371],[27.247402,39.943558],[27.246851,39.943544],[27.246553,39.943369],[27.245772,39.943061],[27.244737,39.942734],[27.244694,39.942728],[27.244664,39.942857],[27.244697,39.94305],[27.244697,39.943054],[27.244697,39.943054],[27.24469,39.9432],[27.244689,39.943215],[27.244654,39.943294],[27.244578,39.943413],[27.244563,39.943444],[27.244446,39.943705],[27.244373,39.943812],[27.244267,39.943984],[27.24424,39.944079],[27.244259,39.944209],[27.244317,39.94432],[27.244414,39.944508],[27.244392,39.944566],[27.244393,39.94457],[27.244398,39.944676],[27.244359,39.944792],[27.24426,39.944968],[27.244186,39.945126],[27.244169,39.94525],[27.244123,39.945456],[27.24414,39.945481],[27.244197,39.945483],[27.245138,39.945489],[27.245812,39.94556],[27.247258,39.945693],[27.247276,39.945672],[27.247997,39.944353],[27.248483,39.944458],[27.248899,39.94448],[27.249311,39.944609],[27.249648,39.944772],[27.249777,39.944787],[27.249971,39.944882],[27.2501,39.94492],[27.250649,39.944892],[27.250832,39.944827],[27.250941,39.9448],[27.251189,39.944754],[27.251367,39.944769],[27.251516,39.944852],[27.251724,39.944909],[27.251868,39.944947],[27.251942,39.944947],[27.251992,39.945005],[27.242723,39.952209],[27.242741,39.952472],[27.242783,39.953111],[27.242192,39.954113],[27.241711,39.954524],[27.241304,39.954866],[27.239969,39.955708],[27.239599,39.955994],[27.239129,39.956148],[27.238659,39.956511],[27.238239,39.95676],[27.237695,39.957123],[27.2373,39.957391],[27.236138,39.958098],[27.23599,39.958366],[27.235635,39.9587],[27.235227,39.958796],[27.234979,39.958797],[27.234695,39.958921],[27.23428,39.95907],[27.234002,39.959213],[27.233861,39.959461],[27.233725,39.959738],[27.233664,39.95991],[27.233758,39.960324],[27.233828,39.960815],[27.233835,39.960982],[27.233706,39.961306],[27.233806,39.961454],[27.23391,39.961651],[27.233874,39.961698],[27.233499,39.962609],[27.233525,39.962818],[27.233395,39.963023],[27.233329,39.9634],[27.233658,39.963885],[27.233585,39.964114],[27.233284,39.964763],[27.232796,39.965393],[27.232482,39.965904],[27.232712,39.966123],[27.232768,39.966242],[27.233153,39.96636],[27.233512,39.966378],[27.233755,39.96673],[27.234186,39.967716],[27.234125,39.968117],[27.235142,39.968577],[27.234976,39.968687],[27.235738,39.968804],[27.236135,39.969056],[27.236037,39.969438],[27.236137,39.969642],[27.23662,39.969713],[27.237577,39.97043],[27.237905,39.970339],[27.238121,39.970015],[27.238301,39.970143],[27.238221,39.970439],[27.238352,39.97061],[27.238892,39.971028],[27.238899,39.971333],[27.239018,39.971528],[27.238975,39.971791],[27.239305,39.97229],[27.239797,39.971146],[27.239858,39.971026],[27.23992,39.970955],[27.240063,39.971183],[27.240195,39.971559],[27.240325,39.971683],[27.240432,39.972007],[27.240501,39.972369],[27.240706,39.972654],[27.241708,39.972233],[27.242384,39.972422],[27.242695,39.972703],[27.243086,39.972964],[27.243799,39.972977],[27.244494,39.973538],[27.244811,39.973751],[27.245624,39.974174],[27.246108,39.974468],[27.245727,39.975165],[27.247165,39.975605],[27.249946,39.975394],[27.251438,39.976826],[27.250807,39.977203],[27.25027,39.977643],[27.25106,39.978409],[27.251503,39.978656],[27.250705,39.979682],[27.251723,39.980232],[27.25139,39.980591],[27.251942,39.980875],[27.252829,39.981193],[27.253023,39.981612],[27.253315,39.981768],[27.253327,39.981883],[27.253402,39.982002],[27.253026,39.982508],[27.252952,39.982513],[27.252687,39.983071],[27.251537,39.984116],[27.251826,39.984541],[27.252018,39.9848],[27.25217,39.984969],[27.252376,39.985125],[27.252468,39.985192],[27.252373,39.98523],[27.252411,39.985354],[27.252294,39.985488],[27.252083,39.985541],[27.25191,39.985698],[27.251855,39.98587],[27.25154,39.986009],[27.251373,39.98609],[27.251262,39.986167],[27.250785,39.986201],[27.250742,39.986344],[27.251089,39.986444],[27.251759,39.986561],[27.25202,39.986842],[27.252107,39.986994],[27.252127,39.987318],[27.251986,39.987748],[27.25224,39.987828],[27.252421,39.988028],[27.252508,39.988185],[27.253428,39.988864],[27.252717,39.989419],[27.25216,39.989639],[27.25171,39.990093],[27.251804,39.990417],[27.252196,39.991002],[27.252284,39.991312],[27.251704,39.991866],[27.251661,39.992023],[27.251717,39.992085],[27.251847,39.992109],[27.251904,39.992399],[27.252003,39.992447],[27.252078,39.992532],[27.251689,39.993038],[27.252601,39.993019],[27.252707,39.992295]]]}},{"type":"Feature","properties":{"id":"TR-Y-17-012-K-0053","level":"yerlesim","type":"mahalle","parent_id":"TR-D-17-012","province_id":"TR-P-17","district_id":"TR-D-17-012","name":"Oğlanalanı","source_raw_name":"Oğlanalanı","source":"Kullanıcı tarafından sağlanan KML","source_label":"Kullanıcı tarafından sağlanan KML","source_name":"Canakkale Mahalle KML - kullanici tarafindan saglandi"},"geometry":{"type":"Polygon","coordinates":[[[27.030066,39.865993],[27.030323,39.865757],[27.030595,39.86554],[27.030845,39.865447],[27.031173,39.865326],[27.03151,39.865254],[27.03185,39.86523],[27.031996,39.86524],[27.032342,39.865101],[27.032685,39.864941],[27.033038,39.86487],[27.033273,39.864896],[27.033265,39.864833],[27.033696,39.864762],[27.034453,39.864956],[27.035136,39.865162],[27.035715,39.865322],[27.036413,39.86523],[27.03668,39.865116],[27.037155,39.865184],[27.037749,39.865276],[27.038268,39.864944],[27.038728,39.864749],[27.039766,39.864667],[27.040119,39.864577],[27.041267,39.864744],[27.04138,39.864808],[27.042097,39.864954],[27.042765,39.865137],[27.043567,39.865148],[27.044175,39.864862],[27.044591,39.864335],[27.045318,39.864335],[27.046075,39.864186],[27.046535,39.863934],[27.04787,39.863419],[27.048775,39.863052],[27.049681,39.862835],[27.050289,39.862674],[27.050913,39.86272],[27.051091,39.862674],[27.050957,39.86248],[27.050526,39.862114],[27.050214,39.861622],[27.05005,39.861062],[27.05011,39.860821],[27.050599,39.860204],[27.050643,39.859803],[27.050539,39.859472],[27.050539,39.859025],[27.050806,39.858625],[27.050977,39.85866],[27.051236,39.858667],[27.05225,39.858123],[27.053548,39.857779],[27.055206,39.857874],[27.056708,39.857425],[27.057703,39.856843],[27.059317,39.856256],[27.060591,39.856417],[27.06234,39.855444],[27.064249,39.85408],[27.065034,39.85337],[27.065657,39.851844],[27.066967,39.850847],[27.066984,39.849642],[27.068009,39.848268],[27.068998,39.847605],[27.071124,39.846846],[27.072905,39.846888],[27.074969,39.845838],[27.076965,39.845313],[27.079647,39.844091],[27.079919,39.843504],[27.080048,39.843461],[27.080302,39.843275],[27.080506,39.843237],[27.080685,39.843137],[27.080852,39.842979],[27.080956,39.842732],[27.080734,39.842422],[27.081178,39.842193],[27.081425,39.841821],[27.081246,39.841559],[27.080942,39.841049],[27.080985,39.840973],[27.081257,39.840882],[27.081652,39.840558],[27.081862,39.840067],[27.081528,39.839643],[27.081948,39.839514],[27.082121,39.839376],[27.082244,39.838765],[27.082435,39.838517],[27.082454,39.838365],[27.082546,39.838184],[27.082843,39.837941],[27.083571,39.837092],[27.083806,39.836963],[27.084541,39.836729],[27.085178,39.836652],[27.085376,39.836723],[27.085641,39.836552],[27.085728,39.836413],[27.085832,39.835589],[27.086425,39.835274],[27.086616,39.834973],[27.087295,39.834344],[27.087203,39.834244],[27.087116,39.834034],[27.087394,39.833953],[27.08743,39.833552],[27.088191,39.833519],[27.088296,39.833785],[27.088568,39.834038],[27.08881,39.834033],[27.088902,39.833885],[27.088809,39.833742],[27.088846,39.833204],[27.088969,39.833099],[27.088944,39.832851],[27.088721,39.832741],[27.089525,39.832598],[27.089395,39.832874],[27.089705,39.833513],[27.090206,39.833703],[27.090522,39.833746],[27.090694,39.83345],[27.090657,39.833073],[27.090736,39.832573],[27.090272,39.832211],[27.090717,39.83202],[27.090828,39.831796],[27.091409,39.831953],[27.091692,39.830914],[27.091358,39.830347],[27.091487,39.830208],[27.091809,39.830118],[27.092124,39.830265],[27.092773,39.830389],[27.092829,39.830198],[27.09284,39.829616],[27.092881,39.829526],[27.092911,39.829528],[27.094884,39.829362],[27.095501,39.828965],[27.096066,39.829746],[27.097055,39.82999],[27.097054,39.828846],[27.096144,39.828919],[27.095911,39.828618],[27.096203,39.828328],[27.096311,39.828152],[27.095529,39.827692],[27.093942,39.827567],[27.093936,39.827293],[27.094802,39.827181],[27.094692,39.826968],[27.094271,39.826114],[27.094334,39.824967],[27.095972,39.826163],[27.09615,39.82588],[27.09805,39.826801],[27.098158,39.826668],[27.097999,39.826126],[27.098414,39.825825],[27.09872,39.825081],[27.099017,39.825081],[27.099338,39.824749],[27.099293,39.824673],[27.099639,39.824364],[27.09992,39.824333],[27.09993,39.824157],[27.099702,39.823921],[27.099672,39.823856],[27.099361,39.823704],[27.098985,39.823422],[27.098831,39.823412],[27.098801,39.823229],[27.09869,39.823172],[27.09846,39.823012],[27.098314,39.823245],[27.097981,39.823478],[27.097932,39.823607],[27.097586,39.823912],[27.097332,39.823889],[27.097111,39.824442],[27.097049,39.824504],[27.096882,39.824228],[27.096622,39.82409],[27.095955,39.824276],[27.095726,39.82419],[27.095652,39.824262],[27.095443,39.824122],[27.094846,39.823559],[27.094493,39.823329],[27.094438,39.82321],[27.094579,39.822971],[27.095172,39.822661],[27.095277,39.822623],[27.095351,39.822546],[27.095388,39.82257],[27.095549,39.822489],[27.095666,39.822389],[27.095728,39.822451],[27.096142,39.822384],[27.096488,39.822407],[27.097137,39.822269],[27.097197,39.822149],[27.097383,39.822018],[27.097234,39.821892],[27.096923,39.821846],[27.096959,39.821189],[27.096788,39.821074],[27.096958,39.82064],[27.097076,39.820354],[27.09635,39.820451],[27.095904,39.820337],[27.09589,39.820681],[27.095519,39.820566],[27.094888,39.820155],[27.095237,39.820115],[27.095391,39.819497],[27.09631,39.818478],[27.09559,39.817981],[27.096397,39.817523],[27.096345,39.817432],[27.095863,39.817358],[27.095433,39.817112],[27.095106,39.816678],[27.095174,39.816526],[27.091154,39.814585],[27.088669,39.814063],[27.087679,39.813597],[27.087691,39.812767],[27.087567,39.812386],[27.085057,39.811501],[27.083895,39.811521],[27.082993,39.811675],[27.082164,39.811199],[27.080594,39.810933],[27.079801,39.809294],[27.078874,39.809237],[27.078479,39.809609],[27.078456,39.81102],[27.077801,39.81103],[27.077577,39.809391],[27.075821,39.80882],[27.073596,39.808259],[27.072754,39.807478],[27.072581,39.806839],[27.071418,39.805458],[27.069196,39.804612],[27.066403,39.804218],[27.062805,39.803386],[27.060828,39.802619],[27.059282,39.801691],[27.0554,39.799181],[27.052767,39.798434],[27.049437,39.798488],[27.046645,39.800662],[27.042259,39.801098],[27.039021,39.801185],[27.035944,39.802163],[27.032972,39.802359],[27.031464,39.801988],[27.026478,39.800669],[27.02319,39.799135],[27.019593,39.797177],[27.016257,39.79742],[27.013501,39.797502],[27.009448,39.797507],[27.006563,39.797197],[27.002534,39.79755],[27.000582,39.796092],[26.998815,39.795715],[26.9958,39.795057],[26.990746,39.79459],[26.93508,39.782226],[26.934299,39.788409],[26.935687,39.797461],[26.937124,39.805824],[26.93797,39.812001],[26.938002,39.812006],[26.93807,39.812142],[26.938299,39.811942],[26.938386,39.811985],[26.938454,39.81168],[26.938738,39.811423],[26.939523,39.81123],[26.939607,39.81108],[26.939628,39.811268],[26.939634,39.811321],[26.939983,39.811588],[26.940027,39.81134],[26.940126,39.811309],[26.940382,39.811085],[26.940349,39.810932],[26.940648,39.810687],[26.940751,39.810625],[26.941063,39.810594],[26.941322,39.810807],[26.941396,39.810919],[26.941649,39.811179],[26.94176,39.811586],[26.941803,39.811934],[26.941794,39.812189],[26.941744,39.812406],[26.941815,39.812572],[26.941884,39.812616],[26.942445,39.812836],[26.943063,39.812897],[26.943164,39.813393],[26.943354,39.813841],[26.943608,39.814447],[26.94402,39.815429],[26.944735,39.817127],[26.946108,39.820431],[26.948586,39.826362],[26.948683,39.826574],[26.94898,39.826579],[26.949418,39.826903],[26.94935,39.827042],[26.949536,39.827013],[26.950054,39.827776],[26.950654,39.827995],[26.951117,39.827967],[26.950913,39.828382],[26.950969,39.828663],[26.951488,39.828711],[26.951178,39.829325],[26.951128,39.82994],[26.950999,39.830035],[26.95242,39.829984],[26.951332,39.831184],[26.951665,39.831251],[26.952154,39.831194],[26.951974,39.832023],[26.951905,39.833057],[26.95264,39.833692],[26.953196,39.834511],[26.953678,39.834364],[26.954365,39.834021],[26.955812,39.832721],[26.955824,39.83271],[26.955879,39.832741],[26.956017,39.832894],[26.956063,39.832966],[26.95609,39.833187],[26.956061,39.833367],[26.956159,39.833862],[26.95618,39.834015],[26.956477,39.834158],[26.956506,39.834352],[26.956731,39.834445],[26.956795,39.834516],[26.956925,39.834709],[26.957162,39.834761],[26.957287,39.834937],[26.957218,39.835236],[26.956921,39.835456],[26.9569,39.835565],[26.957054,39.835742],[26.957326,39.835804],[26.957719,39.83578],[26.95793,39.835792],[26.958225,39.836155],[26.958204,39.836431],[26.958348,39.836579],[26.958562,39.836726],[26.958968,39.836779],[26.95944,39.836679],[26.959643,39.836826],[26.960075,39.836908],[26.960191,39.837116],[26.960504,39.83708],[26.969725,39.835813],[26.97059,39.83568],[26.970652,39.835613],[26.970689,39.835194],[26.970962,39.835022],[26.971184,39.835318],[26.971147,39.83567],[26.971196,39.835823],[26.971505,39.835909],[26.971468,39.836328],[26.972321,39.837053],[26.972556,39.83712],[26.972716,39.837253],[26.972939,39.837196],[26.97305,39.837587],[26.973544,39.837787],[26.973841,39.837854],[26.974669,39.838245],[26.974966,39.83835],[26.975362,39.838664],[26.975696,39.838826],[26.97577,39.838703],[26.976153,39.838512],[26.976623,39.83855],[26.97781,39.838875],[26.979021,39.839142],[26.980072,39.839399],[26.980184,39.839266],[26.980406,39.839313],[26.980592,39.839151],[26.980666,39.838761],[26.980988,39.838789],[26.981086,39.839295],[26.981222,39.839695],[26.980963,39.839943],[26.980653,39.840133],[26.980678,39.840391],[26.980505,39.840591],[26.979379,39.844079],[26.978809,39.845766],[26.978327,39.847186],[26.98075,39.848264],[26.982778,39.849141],[26.985177,39.84978],[26.989319,39.850915],[26.990593,39.851258],[26.994971,39.849981],[26.998174,39.849095],[27.002181,39.848466],[27.006707,39.847789],[27.010429,39.847207],[27.012939,39.846825],[27.014003,39.847121],[27.015338,39.847187],[27.015746,39.847044],[27.016191,39.84714],[27.016661,39.847406],[27.017144,39.84754],[27.016983,39.847854],[27.016525,39.847797],[27.01613,39.847797],[27.015919,39.847826],[27.01561,39.847988],[27.015252,39.847969],[27.015116,39.847988],[27.015004,39.848055],[27.014621,39.847502],[27.014522,39.847445],[27.014287,39.847597],[27.014015,39.847597],[27.013088,39.848007],[27.012123,39.848465],[27.012012,39.848618],[27.01148,39.848951],[27.011146,39.848846],[27.011208,39.849123],[27.010899,39.849361],[27.01101,39.849542],[27.011023,39.849895],[27.010763,39.850314],[27.010627,39.850276],[27.010553,39.851096],[27.010504,39.851601],[27.010739,39.851982],[27.010677,39.852307],[27.01064,39.852564],[27.010529,39.853422],[27.010393,39.853422],[27.010096,39.854261],[27.010541,39.854508],[27.010479,39.854775],[27.010307,39.854955],[27.014617,39.855321],[27.016009,39.855445],[27.018124,39.855626],[27.018068,39.855511],[27.018142,39.855226],[27.018284,39.855154],[27.018383,39.85514],[27.018773,39.855297],[27.019453,39.855611],[27.019398,39.855726],[27.019466,39.855802],[27.019274,39.856336],[27.019324,39.856531],[27.01959,39.856698],[27.019825,39.856798],[27.020146,39.857084],[27.020295,39.85717],[27.020579,39.857255],[27.021105,39.85736],[27.021259,39.857432],[27.021396,39.857546],[27.021624,39.85776],[27.021853,39.85798],[27.022064,39.858075],[27.022336,39.858227],[27.022466,39.85837],[27.022725,39.858623],[27.022967,39.858875],[27.023208,39.859028],[27.023462,39.859185],[27.023455,39.85929],[27.02322,39.859585],[27.023598,39.859595],[27.023956,39.859676],[27.024235,39.859857],[27.02455,39.859904],[27.024754,39.859904],[27.025416,39.859857],[27.02554,39.859804],[27.025787,39.859652],[27.026121,39.859199],[27.026368,39.858984],[27.026442,39.858827],[27.02659,39.858284],[27.026819,39.858293],[27.027215,39.858407],[27.027555,39.858908],[27.02766,39.859013],[27.027908,39.859051],[27.028588,39.859041],[27.028934,39.859222],[27.029547,39.859889],[27.029819,39.860022],[27.029677,39.860442],[27.029696,39.860814],[27.029752,39.861457],[27.029702,39.861833],[27.029455,39.862505],[27.029084,39.862896],[27.02906,39.863135],[27.028918,39.863678],[27.028955,39.864221],[27.028894,39.864798],[27.02877,39.865313],[27.02865,39.86588],[27.028876,39.865838],[27.029064,39.86581],[27.029303,39.865841],[27.029565,39.865943],[27.029683,39.865979],[27.029918,39.866029],[27.030066,39.865993]]]}},{"type":"Feature","properties":{"id":"TR-Y-17-012-K-0054","level":"yerlesim","type":"mahalle","parent_id":"TR-D-17-012","province_id":"TR-P-17","district_id":"TR-D-17-012","name":"Öğmen","source_raw_name":"Öğmen","source":"Kullanıcı tarafından sağlanan KML","source_label":"Kullanıcı tarafından sağlanan KML","source_name":"Canakkale Mahalle KML - kullanici tarafindan saglandi"},"geometry":{"type":"Polygon","coordinates":[[[27.329362,39.794531],[27.329631,39.794348],[27.329815,39.794158],[27.330239,39.794294],[27.330527,39.79407],[27.330737,39.79415],[27.331048,39.794054],[27.331173,39.793903],[27.331363,39.793801],[27.33159,39.793801],[27.331564,39.794519],[27.331618,39.794812],[27.331729,39.79482],[27.332151,39.794633],[27.332291,39.794627],[27.33244,39.794659],[27.33262,39.794653],[27.332726,39.794577],[27.333334,39.794577],[27.334095,39.794615],[27.334624,39.794565],[27.334891,39.794608],[27.335116,39.794675],[27.335676,39.794886],[27.335865,39.794739],[27.336085,39.794609],[27.336255,39.794542],[27.336593,39.794354],[27.336603,39.793908],[27.336944,39.793415],[27.336944,39.793415],[27.336944,39.793415],[27.336883,39.793053],[27.336973,39.792906],[27.337281,39.792633],[27.337703,39.792429],[27.337922,39.792255],[27.338276,39.791974],[27.338556,39.791983],[27.339109,39.791981],[27.339593,39.791947],[27.340078,39.792083],[27.340143,39.792085],[27.340446,39.792012],[27.340567,39.791929],[27.340745,39.791898],[27.340967,39.791902],[27.342427,39.791453],[27.342427,39.791453],[27.341731,39.790161],[27.341581,39.789864],[27.341504,39.789406],[27.341672,39.788828],[27.342187,39.7881],[27.343211,39.786816],[27.344081,39.785801],[27.344303,39.785749],[27.344451,39.785589],[27.344815,39.784369],[27.344776,39.783992],[27.344372,39.783606],[27.344865,39.783209],[27.345776,39.78272],[27.346114,39.78241],[27.346169,39.782128],[27.346092,39.781599],[27.346078,39.781313],[27.346059,39.781137],[27.345809,39.780666],[27.345529,39.780152],[27.344789,39.780536],[27.343031,39.780908],[27.342821,39.78087],[27.342851,39.780131],[27.342769,39.77995],[27.341527,39.779134],[27.340411,39.779628],[27.340027,39.779415],[27.33986,39.779382],[27.339187,39.778915],[27.339002,39.778931],[27.338812,39.778899],[27.338801,39.778767],[27.339109,39.778561],[27.339076,39.778416],[27.339167,39.778294],[27.338991,39.778134],[27.339052,39.777981],[27.339032,39.77792],[27.338784,39.777833],[27.338764,39.77777],[27.338682,39.777645],[27.338571,39.777609],[27.338361,39.777631],[27.338197,39.777606],[27.337968,39.777674],[27.337746,39.777684],[27.337558,39.777671],[27.337017,39.777886],[27.336974,39.777858],[27.337481,39.776765],[27.337896,39.775715],[27.337796,39.775487],[27.337551,39.775184],[27.336479,39.774684],[27.335986,39.774497],[27.335821,39.7746],[27.335224,39.77517],[27.334801,39.775552],[27.334409,39.775901],[27.333976,39.776216],[27.333806,39.77636],[27.333812,39.77648],[27.333943,39.776584],[27.334045,39.776674],[27.33408,39.776809],[27.334121,39.777011],[27.334089,39.77712],[27.33413,39.777318],[27.333755,39.777931],[27.333596,39.778231],[27.333529,39.778347],[27.333513,39.77849],[27.333439,39.778565],[27.33342,39.778734],[27.333498,39.779066],[27.333617,39.779153],[27.333637,39.779239],[27.333534,39.779296],[27.333523,39.779533],[27.333627,39.779624],[27.33365,39.77974],[27.333589,39.779885],[27.333715,39.780053],[27.331599,39.780171],[27.331395,39.779939],[27.331551,39.779603],[27.33182,39.779027],[27.331855,39.778964],[27.331837,39.778806],[27.331727,39.778644],[27.33257,39.777789],[27.332582,39.777692],[27.332736,39.776228],[27.33275,39.776065],[27.332807,39.775615],[27.332854,39.775577],[27.332579,39.775383],[27.332404,39.775571],[27.331953,39.775812],[27.331759,39.77607],[27.331589,39.776176],[27.331473,39.77613],[27.331437,39.775884],[27.331614,39.774635],[27.33168,39.774027],[27.331861,39.773142],[27.332497,39.77326],[27.332852,39.773127],[27.333122,39.77278],[27.333466,39.772464],[27.333483,39.772327],[27.333559,39.772186],[27.333788,39.772093],[27.333874,39.772019],[27.333864,39.771849],[27.333882,39.77158],[27.333943,39.771414],[27.333844,39.77131],[27.333414,39.771393],[27.333082,39.771203],[27.332177,39.770882],[27.332038,39.770874],[27.331962,39.770892],[27.331796,39.770873],[27.331478,39.770901],[27.331404,39.770949],[27.330778,39.770823],[27.33058,39.770762],[27.330409,39.770647],[27.330095,39.770169],[27.330095,39.770097],[27.329776,39.770017],[27.328832,39.769418],[27.327753,39.769463],[27.32653,39.769542],[27.326074,39.769178],[27.32583,39.769245],[27.325508,39.769639],[27.325201,39.770078],[27.32558,39.770727],[27.325437,39.770758],[27.325212,39.770879],[27.32506,39.77097],[27.32492,39.771169],[27.324792,39.771263],[27.324488,39.771365],[27.324314,39.771537],[27.324196,39.771835],[27.324172,39.772471],[27.32423,39.772753],[27.324339,39.772761],[27.324406,39.772879],[27.324375,39.773125],[27.324619,39.773357],[27.324691,39.773469],[27.325455,39.7736],[27.32556,39.77347],[27.325793,39.773628],[27.325666,39.773739],[27.325928,39.773921],[27.325867,39.774047],[27.325488,39.774317],[27.325393,39.774098],[27.325187,39.773959],[27.325027,39.773964],[27.323829,39.774564],[27.324012,39.775156],[27.32454,39.775],[27.325359,39.774849],[27.32505,39.775266],[27.324525,39.775429],[27.323814,39.775694],[27.323356,39.775987],[27.323117,39.776518],[27.323208,39.777499],[27.322904,39.777521],[27.322533,39.777383],[27.322001,39.777318],[27.321361,39.776273],[27.320489,39.776325],[27.319821,39.776609],[27.318204,39.775893],[27.319816,39.775503],[27.320993,39.775224],[27.321469,39.774511],[27.320988,39.774051],[27.32077,39.77352],[27.320722,39.773217],[27.320662,39.773148],[27.320533,39.773061],[27.320484,39.773046],[27.320427,39.772916],[27.320013,39.772695],[27.319953,39.772592],[27.319795,39.772569],[27.319937,39.772296],[27.320109,39.772166],[27.320151,39.772035],[27.320242,39.772072],[27.320328,39.771988],[27.320489,39.771944],[27.320804,39.771762],[27.3211,39.771654],[27.321161,39.771525],[27.321046,39.771249],[27.321157,39.771044],[27.321111,39.770844],[27.320989,39.770826],[27.320821,39.770761],[27.32051,39.770831],[27.320118,39.770986],[27.319873,39.770955],[27.319786,39.770827],[27.319568,39.770677],[27.319491,39.770584],[27.319533,39.770469],[27.319515,39.770338],[27.319438,39.77029],[27.319176,39.770234],[27.318835,39.770233],[27.318707,39.770312],[27.318431,39.770566],[27.318021,39.770624],[27.318004,39.770529],[27.317966,39.770468],[27.317877,39.770379],[27.317657,39.770322],[27.317467,39.770336],[27.317435,39.770403],[27.317319,39.770472],[27.317221,39.770556],[27.317147,39.770712],[27.317135,39.770808],[27.317175,39.770887],[27.317149,39.770927],[27.317131,39.770936],[27.317049,39.770962],[27.317016,39.770979],[27.316964,39.77102],[27.316921,39.771024],[27.316846,39.771018],[27.316792,39.771048],[27.316748,39.771178],[27.31667,39.771302],[27.316606,39.771428],[27.316592,39.771505],[27.316617,39.771644],[27.316608,39.771749],[27.31664,39.771794],[27.316806,39.771901],[27.316809,39.771931],[27.316658,39.771998],[27.316622,39.772059],[27.316545,39.772088],[27.316543,39.77214],[27.316583,39.772343],[27.316549,39.772382],[27.316606,39.772542],[27.31654,39.77263],[27.316353,39.772771],[27.316253,39.772823],[27.316019,39.772913],[27.315816,39.772974],[27.315744,39.772975],[27.315254,39.773086],[27.315074,39.773115],[27.314994,39.773069],[27.314861,39.773065],[27.314763,39.773005],[27.314634,39.772995],[27.314597,39.772828],[27.314492,39.772649],[27.314023,39.772449],[27.313905,39.772254],[27.313889,39.772085],[27.313818,39.771928],[27.313818,39.771777],[27.313623,39.771725],[27.313688,39.771674],[27.313592,39.771491],[27.313262,39.771367],[27.313065,39.771355],[27.31283,39.771358],[27.312661,39.771441],[27.312584,39.771296],[27.31258,39.771105],[27.312107,39.770312],[27.312027,39.770235],[27.311733,39.770168],[27.311288,39.770176],[27.311066,39.77024],[27.310866,39.770265],[27.309921,39.770686],[27.309921,39.770772],[27.309811,39.770869],[27.309799,39.770951],[27.309653,39.771083],[27.309457,39.771309],[27.309637,39.771354],[27.309697,39.771422],[27.309808,39.771464],[27.309806,39.771563],[27.30977,39.771777],[27.309618,39.771995],[27.309297,39.771978],[27.309337,39.772077],[27.308883,39.772174],[27.308519,39.772661],[27.308162,39.773545],[27.307959,39.774006],[27.307436,39.774734],[27.30708,39.775246],[27.306293,39.776058],[27.306003,39.776402],[27.305686,39.776706],[27.305428,39.777035],[27.305187,39.777276],[27.304946,39.777577],[27.304835,39.77765],[27.304054,39.778182],[27.303251,39.778733],[27.303069,39.778833],[27.302386,39.77922],[27.301743,39.779605],[27.301245,39.779922],[27.301098,39.780075],[27.300973,39.780243],[27.300689,39.780596],[27.300837,39.780671],[27.301033,39.780656],[27.3011,39.780713],[27.301134,39.780799],[27.301171,39.780901],[27.301283,39.780895],[27.301538,39.780809],[27.301672,39.780874],[27.301642,39.780917],[27.301728,39.781109],[27.302022,39.781445],[27.301745,39.781515],[27.301805,39.781635],[27.30238,39.781793],[27.302566,39.781982],[27.303144,39.781931],[27.303314,39.781954],[27.303908,39.781981],[27.304311,39.781903],[27.304302,39.782363],[27.304374,39.78268],[27.304165,39.783167],[27.304094,39.783649],[27.304229,39.783651],[27.304496,39.783661],[27.304832,39.783596],[27.304828,39.783832],[27.304849,39.784194],[27.30484,39.784369],[27.305106,39.784396],[27.305417,39.784509],[27.30581,39.784548],[27.306196,39.784667],[27.306471,39.784695],[27.306737,39.784557],[27.307003,39.784368],[27.307523,39.784532],[27.307553,39.784572],[27.307465,39.784784],[27.307539,39.78487],[27.307888,39.785035],[27.308282,39.785222],[27.30829,39.785474],[27.308129,39.785737],[27.308021,39.786204],[27.308066,39.786218],[27.308056,39.786317],[27.308002,39.78639],[27.307988,39.786481],[27.308077,39.786569],[27.30825,39.786667],[27.308542,39.786766],[27.308706,39.786891],[27.309521,39.78704],[27.309744,39.787178],[27.309616,39.787397],[27.309061,39.787656],[27.308938,39.7878],[27.308759,39.787824],[27.308691,39.787953],[27.308982,39.788038],[27.309192,39.788028],[27.309387,39.788576],[27.309445,39.788586],[27.309653,39.788646],[27.310103,39.788763],[27.310237,39.78887],[27.310169,39.789011],[27.31007,39.789106],[27.30975,39.789259],[27.310218,39.789947],[27.310603,39.790489],[27.311374,39.791507],[27.311634,39.791582],[27.312198,39.791986],[27.313337,39.792555],[27.318947,39.7953],[27.318947,39.7953],[27.320264,39.795203],[27.321277,39.795151],[27.321425,39.795124],[27.321595,39.795013],[27.32226,39.794643],[27.322621,39.794613],[27.322945,39.794629],[27.323222,39.794711],[27.323796,39.794789],[27.32409,39.794741],[27.324272,39.794652],[27.32443,39.794515],[27.324568,39.794469],[27.324958,39.794454],[27.325398,39.794392],[27.325573,39.794422],[27.326003,39.794426],[27.3264,39.794585],[27.326533,39.794686],[27.326779,39.794838],[27.326957,39.794938],[27.327208,39.795109],[27.327582,39.795369],[27.327671,39.79539],[27.327874,39.795355],[27.328251,39.795259],[27.328471,39.795228],[27.328598,39.795002],[27.328796,39.79491],[27.329362,39.794531]]]}},{"type":"Feature","properties":{"id":"TR-Y-17-012-K-0055","level":"yerlesim","type":"mahalle","parent_id":"TR-D-17-012","province_id":"TR-P-17","district_id":"TR-D-17-012","name":"Örencik","source_raw_name":"Örencik","source":"Kullanıcı tarafından sağlanan KML","source_label":"Kullanıcı tarafından sağlanan KML","source_name":"Canakkale Mahalle KML - kullanici tarafindan saglandi"},"geometry":{"type":"Polygon","coordinates":[[[27.134098,39.87773],[27.136384,39.873644],[27.136083,39.871642],[27.135412,39.869956],[27.135185,39.867897],[27.134477,39.866383],[27.133654,39.862981],[27.133798,39.86075],[27.133461,39.859063],[27.134536,39.855857],[27.134909,39.854408],[27.13548,39.85276],[27.135651,39.849344],[27.13541,39.847758],[27.135329,39.846675],[27.135664,39.845806],[27.138173,39.844201],[27.138864,39.843316],[27.138566,39.84263],[27.138801,39.841669],[27.139413,39.840769],[27.139451,39.840036],[27.140005,39.83996],[27.140795,39.839181],[27.141047,39.836969],[27.142055,39.835569],[27.144313,39.832485],[27.146539,39.832345],[27.148727,39.83221],[27.149276,39.832171],[27.149642,39.832159],[27.151011,39.831929],[27.151787,39.831808],[27.152032,39.831758],[27.152374,39.831793],[27.152584,39.8318],[27.152741,39.831723],[27.152895,39.831595],[27.152935,39.831535],[27.152932,39.83149],[27.153055,39.831204],[27.15324,39.830677],[27.153323,39.83052],[27.153625,39.830386],[27.153644,39.83031],[27.153734,39.828995],[27.149649,39.828323],[27.149579,39.828307],[27.147145,39.827126],[27.146128,39.826681],[27.145141,39.826156],[27.144094,39.825597],[27.142877,39.825307],[27.141777,39.82465],[27.141865,39.82417],[27.142236,39.823866],[27.14245,39.823563],[27.142642,39.823048],[27.142619,39.822871],[27.142523,39.822694],[27.142507,39.822373],[27.142521,39.821881],[27.142394,39.821436],[27.14223,39.821098],[27.142015,39.821041],[27.141711,39.821036],[27.141481,39.820951],[27.141317,39.820705],[27.141302,39.820482],[27.141292,39.819618],[27.141425,39.819086],[27.14123,39.818194],[27.140584,39.817503],[27.140412,39.817274],[27.140382,39.816926],[27.140552,39.816537],[27.140581,39.816188],[27.140603,39.816073],[27.140936,39.815747],[27.141002,39.815632],[27.140979,39.815238],[27.140854,39.815472],[27.140847,39.815621],[27.140728,39.815718],[27.14061,39.815736],[27.140365,39.815753],[27.140128,39.815965],[27.13998,39.816354],[27.140056,39.816794],[27.140056,39.81704],[27.139938,39.817292],[27.139767,39.817292],[27.139582,39.817224],[27.139567,39.817436],[27.139337,39.817281],[27.139099,39.817036],[27.138832,39.816939],[27.138521,39.816934],[27.138498,39.816922],[27.138357,39.816751],[27.137704,39.816506],[27.137288,39.816432],[27.137125,39.816249],[27.136101,39.81613],[27.136649,39.815592],[27.136507,39.815209],[27.136485,39.81494],[27.136935,39.814116],[27.135036,39.813621],[27.135131,39.813203],[27.135398,39.81306],[27.135457,39.812774],[27.135345,39.812574],[27.133036,39.811095],[27.133392,39.810877],[27.132619,39.810215],[27.132374,39.810272],[27.132086,39.810427],[27.132368,39.810673],[27.132205,39.810856],[27.132109,39.810999],[27.131731,39.810971],[27.131679,39.811005],[27.131679,39.811085],[27.13076,39.811252],[27.130864,39.811498],[27.130798,39.81183],[27.130791,39.811973],[27.130813,39.81199],[27.130821,39.812098],[27.129849,39.812242],[27.129575,39.812208],[27.128121,39.811764],[27.128372,39.811552],[27.12881,39.811443],[27.12924,39.811317],[27.130055,39.811161],[27.129919,39.810871],[27.129819,39.810123],[27.129849,39.809746],[27.12996,39.809593],[27.130404,39.809412],[27.130521,39.809216],[27.130612,39.808296],[27.130606,39.808058],[27.130506,39.807887],[27.129968,39.807401],[27.12959,39.80702],[27.129386,39.806739],[27.129256,39.806544],[27.12912,39.806415],[27.128959,39.806473],[27.128885,39.80654],[27.128576,39.806378],[27.128569,39.806225],[27.128519,39.805892],[27.128408,39.805854],[27.128297,39.805878],[27.128148,39.805807],[27.127938,39.805769],[27.127753,39.805812],[27.12774,39.805507],[27.127944,39.80553],[27.128055,39.805483],[27.128184,39.80533],[27.128302,39.805273],[27.128858,39.8052],[27.128981,39.805138],[27.129024,39.805005],[27.128906,39.80449],[27.129003,39.803737],[27.128946,39.802922],[27.129014,39.802898],[27.129046,39.802889],[27.128885,39.802166],[27.128444,39.802243],[27.129036,39.801639],[27.129003,39.801656],[27.12892,39.801698],[27.128673,39.801844],[27.127487,39.802227],[27.127008,39.802357],[27.126885,39.80238],[27.126902,39.802542],[27.126892,39.802991],[27.126874,39.803329],[27.127049,39.80384],[27.127035,39.804044],[27.126798,39.804478],[27.12674,39.804816],[27.126859,39.805196],[27.126985,39.805356],[27.127286,39.805462],[27.127382,39.805613],[27.127157,39.806202],[27.127081,39.807092],[27.127008,39.80787],[27.126832,39.808513],[27.12726,39.809311],[27.127464,39.809613],[27.127354,39.810068],[27.12734,39.810552],[27.127392,39.81086],[27.127326,39.810969],[27.126995,39.810729],[27.126784,39.810661],[27.126546,39.810624],[27.126454,39.810593],[27.12629,39.810618],[27.126083,39.810702],[27.125824,39.810799],[27.125538,39.810882],[27.12555,39.811108],[27.125647,39.811343],[27.125703,39.811557],[27.125703,39.811889],[27.125756,39.812635],[27.125112,39.813136],[27.12512,39.813545],[27.125051,39.813863],[27.125685,39.814259],[27.126005,39.814479],[27.126153,39.814551],[27.125983,39.814965],[27.125472,39.81508],[27.125035,39.815292],[27.124887,39.815458],[27.12485,39.815847],[27.124717,39.816127],[27.124562,39.816293],[27.12451,39.816499],[27.124837,39.816813],[27.124986,39.817293],[27.124876,39.817877],[27.124016,39.818192],[27.123861,39.818204],[27.123498,39.818364],[27.123156,39.818268],[27.123008,39.818256],[27.122659,39.818131],[27.122073,39.818154],[27.121755,39.818303],[27.120859,39.819391],[27.121623,39.819567],[27.12189,39.819527],[27.12215,39.819681],[27.122387,39.819378],[27.122594,39.81928],[27.122995,39.819326],[27.12324,39.819434],[27.123099,39.81952],[27.122884,39.819606],[27.122744,39.819744],[27.122825,39.819886],[27.122789,39.820052],[27.12253,39.820504],[27.122092,39.820425],[27.121617,39.820157],[27.120623,39.819889],[27.120119,39.82037],[27.119963,39.820387],[27.119778,39.820639],[27.119717,39.820425],[27.119548,39.820142],[27.119414,39.820119],[27.119377,39.82013],[27.119244,39.82025],[27.118977,39.820182],[27.119065,39.820056],[27.119228,39.819953],[27.119087,39.819679],[27.118961,39.819662],[27.117741,39.819927],[27.117018,39.819521],[27.116662,39.819727],[27.116566,39.819824],[27.116484,39.819984],[27.116336,39.820116],[27.116418,39.820293],[27.116277,39.820391],[27.116241,39.820591],[27.116048,39.820568],[27.11587,39.820654],[27.11584,39.820729],[27.115789,39.821009],[27.115339,39.821169],[27.115453,39.821379],[27.115602,39.821752],[27.115622,39.821756],[27.115647,39.821935],[27.115707,39.822564],[27.115495,39.822881],[27.11516,39.823301],[27.114928,39.823659],[27.114928,39.823881],[27.115027,39.823957],[27.115319,39.824082],[27.116195,39.824337],[27.116101,39.824569],[27.116092,39.824768],[27.116073,39.825054],[27.115935,39.825729],[27.115847,39.826003],[27.115699,39.826148],[27.11601,39.826201],[27.116391,39.826346],[27.116293,39.826537],[27.115913,39.827174],[27.115573,39.827765],[27.115904,39.827921],[27.116231,39.827982],[27.116364,39.827989],[27.116622,39.828069],[27.116666,39.828195],[27.116672,39.828431],[27.116583,39.828569],[27.116361,39.828836],[27.116341,39.829026],[27.116327,39.829305],[27.116223,39.82945],[27.116041,39.829759],[27.116012,39.829926],[27.115962,39.830174],[27.115998,39.830563],[27.115929,39.83091],[27.115801,39.831284],[27.115624,39.831559],[27.115609,39.831685],[27.115654,39.831879],[27.115629,39.831974],[27.11555,39.832096],[27.11558,39.832253],[27.115739,39.832447],[27.11571,39.832672],[27.11573,39.832863],[27.115819,39.832958],[27.115716,39.833309],[27.115706,39.83348],[27.115761,39.833678],[27.115736,39.833781],[27.115573,39.83393],[27.115212,39.834125],[27.115124,39.834304],[27.11505,39.834487],[27.114828,39.834732],[27.114754,39.834949],[27.114695,39.835144],[27.114463,39.835697],[27.1143,39.835762],[27.114264,39.835825],[27.114101,39.835894],[27.11373,39.83594],[27.113513,39.836047],[27.113409,39.836486],[27.113445,39.837325],[27.113115,39.837561],[27.112888,39.837924],[27.112744,39.838111],[27.111964,39.838768],[27.111509,39.83889],[27.111322,39.839195],[27.111421,39.839523],[27.11063,39.839859],[27.10982,39.840493],[27.109584,39.84092],[27.109822,39.841401],[27.109941,39.841827],[27.109932,39.842514],[27.110171,39.84336],[27.109578,39.843719],[27.109876,39.844496],[27.110125,39.845289],[27.110584,39.848019],[27.111301,39.850733],[27.110392,39.851481],[27.10974,39.85197],[27.109147,39.852687],[27.108666,39.853157],[27.108119,39.854198],[27.107852,39.854771],[27.106415,39.856385],[27.106135,39.857586],[27.105484,39.858422],[27.10599,39.859817],[27.106051,39.860857],[27.104763,39.862609],[27.103666,39.863994],[27.105019,39.865239],[27.105378,39.866943],[27.106582,39.867926],[27.107385,39.869658],[27.109198,39.870869],[27.110253,39.871165],[27.111633,39.870958],[27.11518,39.870669],[27.116635,39.870747],[27.119769,39.871831],[27.122027,39.872915],[27.123676,39.873279],[27.128682,39.875104],[27.130481,39.876383],[27.131967,39.877102],[27.133094,39.876963],[27.134098,39.87773]]]}},{"type":"Feature","properties":{"id":"TR-Y-17-012-K-0056","level":"yerlesim","type":"mahalle","parent_id":"TR-D-17-012","province_id":"TR-P-17","district_id":"TR-D-17-012","name":"Pazarköy","source_raw_name":"Pazarköy","source":"Kullanıcı tarafından sağlanan KML","source_label":"Kullanıcı tarafından sağlanan KML","source_name":"Canakkale Mahalle KML - kullanici tarafindan saglandi"},"geometry":{"type":"Polygon","coordinates":[[[27.387673,39.882074],[27.387373,39.881299],[27.38755,39.88115],[27.387803,39.881229],[27.388291,39.880884],[27.388482,39.880575],[27.38869,39.880471],[27.38897,39.880138],[27.389662,39.879141],[27.390061,39.878865],[27.389942,39.878762],[27.391052,39.878152],[27.391276,39.878388],[27.391922,39.878346],[27.392192,39.878299],[27.392445,39.878267],[27.392437,39.878198],[27.393084,39.877836],[27.393813,39.87737],[27.394271,39.877083],[27.394327,39.877054],[27.394664,39.876941],[27.395126,39.876565],[27.395655,39.87624],[27.39623,39.875678],[27.396894,39.874995],[27.397334,39.87463],[27.396835,39.874337],[27.396459,39.874073],[27.395951,39.873651],[27.395784,39.873509],[27.395943,39.87344],[27.396058,39.873525],[27.396169,39.873487],[27.396289,39.873544],[27.396367,39.873553],[27.396467,39.873518],[27.396648,39.873417],[27.397035,39.873579],[27.397843,39.874054],[27.398183,39.873841],[27.398357,39.873703],[27.398556,39.873588],[27.399149,39.873426],[27.399738,39.873249],[27.400277,39.873934],[27.400973,39.8737],[27.40122,39.87399],[27.401827,39.873714],[27.40196,39.873622],[27.402349,39.873498],[27.402322,39.873326],[27.403471,39.873111],[27.403502,39.873388],[27.404102,39.87306],[27.404698,39.872815],[27.404595,39.872417],[27.405229,39.872229],[27.405251,39.872181],[27.405792,39.872062],[27.40612,39.872309],[27.406375,39.872205],[27.407069,39.872111],[27.408085,39.872059],[27.408611,39.871903],[27.409409,39.871869],[27.409893,39.871834],[27.409804,39.871602],[27.410352,39.871482],[27.41109,39.871417],[27.411156,39.871279],[27.411969,39.871245],[27.412685,39.871171],[27.412741,39.871155],[27.412693,39.871],[27.412573,39.870549],[27.412453,39.869985],[27.412361,39.869731],[27.412427,39.869656],[27.413387,39.869464],[27.414207,39.869478],[27.414748,39.869385],[27.415327,39.869283],[27.415708,39.869133],[27.416427,39.868987],[27.416917,39.868934],[27.417054,39.869011],[27.417488,39.869006],[27.4181,39.868938],[27.418386,39.86886],[27.418727,39.868816],[27.418723,39.868742],[27.418828,39.868364],[27.418741,39.868104],[27.41906,39.868077],[27.419465,39.86809],[27.419506,39.868115],[27.41967,39.868292],[27.420158,39.868625],[27.420419,39.868778],[27.420664,39.868898],[27.420881,39.869131],[27.421012,39.86924],[27.421302,39.869313],[27.421725,39.86946],[27.422027,39.869645],[27.422108,39.869496],[27.422125,39.869273],[27.42213,39.868892],[27.422156,39.868806],[27.422148,39.868698],[27.42218,39.868583],[27.42217,39.868117],[27.423073,39.868311],[27.423333,39.868419],[27.42366,39.868435],[27.423926,39.867705],[27.424273,39.866763],[27.425403,39.867085],[27.42611,39.867356],[27.426483,39.867604],[27.427224,39.868002],[27.427879,39.868314],[27.428128,39.868407],[27.428299,39.868424],[27.429117,39.868175],[27.429499,39.868067],[27.429859,39.868075],[27.430308,39.868139],[27.430915,39.868485],[27.431225,39.868722],[27.431429,39.868749],[27.431929,39.868613],[27.432284,39.868386],[27.432601,39.868105],[27.432742,39.868033],[27.432931,39.868035],[27.433162,39.868094],[27.433523,39.868336],[27.433524,39.868556],[27.433607,39.868653],[27.433912,39.868806],[27.434039,39.868877],[27.434232,39.868982],[27.434611,39.869046],[27.435234,39.86901],[27.435572,39.869077],[27.435873,39.869013],[27.435961,39.868918],[27.436407,39.868968],[27.436525,39.868945],[27.436673,39.868804],[27.436853,39.867994],[27.436935,39.867937],[27.437121,39.868042],[27.437322,39.868184],[27.437753,39.868265],[27.437985,39.86849],[27.438143,39.868927],[27.438748,39.868985],[27.439458,39.869071],[27.439134,39.868884],[27.439029,39.868727],[27.438999,39.868641],[27.439154,39.868535],[27.439194,39.8685],[27.439212,39.86842],[27.439238,39.86838],[27.439353,39.868402],[27.439974,39.867991],[27.440141,39.867899],[27.440219,39.867904],[27.441253,39.868412],[27.441255,39.86863],[27.441439,39.868943],[27.441236,39.869182],[27.44108,39.869085],[27.440575,39.869075],[27.440445,39.869127],[27.440121,39.869543],[27.440288,39.869994],[27.440457,39.869788],[27.440635,39.869747],[27.440817,39.869847],[27.441026,39.869923],[27.441367,39.86993],[27.441742,39.869894],[27.441864,39.869908],[27.442021,39.869988],[27.442047,39.870073],[27.442334,39.870301],[27.442822,39.870571],[27.443057,39.870793],[27.44314,39.87101],[27.443483,39.871129],[27.443461,39.871223],[27.443514,39.871352],[27.443306,39.871387],[27.443169,39.871367],[27.442614,39.871024],[27.442207,39.871337],[27.441929,39.872893],[27.442436,39.873234],[27.443434,39.873802],[27.443642,39.873801],[27.444039,39.873228],[27.444157,39.873067],[27.444394,39.872998],[27.444482,39.87278],[27.44451,39.872643],[27.444881,39.872607],[27.445014,39.872481],[27.44525,39.872319],[27.445265,39.872274],[27.445114,39.871897],[27.445187,39.871748],[27.445437,39.871392],[27.445539,39.871026],[27.445745,39.870808],[27.445774,39.870602],[27.445669,39.870408],[27.445132,39.870089],[27.444776,39.870034],[27.444581,39.869806],[27.444492,39.869737],[27.444491,39.869612],[27.444683,39.869462],[27.444875,39.869393],[27.445111,39.869186],[27.445748,39.868886],[27.445895,39.868657],[27.445893,39.868359],[27.446054,39.868096],[27.446007,39.867684],[27.446078,39.867181],[27.446268,39.866768],[27.446563,39.866401],[27.446502,39.866092],[27.446846,39.86591],[27.446985,39.866158],[27.447171,39.866249],[27.447408,39.866199],[27.44767,39.866001],[27.448052,39.865888],[27.448152,39.865916],[27.448322,39.865847],[27.448512,39.865949],[27.448683,39.865905],[27.448953,39.865781],[27.449094,39.865864],[27.449325,39.865934],[27.44934,39.865997],[27.44921,39.866046],[27.449129,39.866149],[27.449147,39.866501],[27.448954,39.867082],[27.449043,39.867116],[27.449041,39.867314],[27.449135,39.867542],[27.44899,39.867577],[27.449039,39.867668],[27.449125,39.867811],[27.449794,39.868483],[27.449776,39.868546],[27.449658,39.868609],[27.449587,39.868598],[27.449486,39.86853],[27.449405,39.868522],[27.449197,39.868563],[27.449199,39.868829],[27.449151,39.868943],[27.44905,39.869321],[27.449058,39.869495],[27.449087,39.869645],[27.448856,39.869705],[27.448553,39.869748],[27.448502,39.869918],[27.448699,39.870626],[27.448732,39.870838],[27.448818,39.870998],[27.448921,39.871125],[27.449057,39.871256],[27.449411,39.87147],[27.449754,39.871686],[27.450307,39.871968],[27.450805,39.872204],[27.451436,39.872485],[27.45174,39.872604],[27.452015,39.872681],[27.452123,39.872715],[27.452524,39.872318],[27.452552,39.872226],[27.452375,39.872081],[27.451999,39.871822],[27.451846,39.871766],[27.451559,39.871682],[27.451263,39.871526],[27.451327,39.871288],[27.451275,39.870962],[27.451315,39.8708],[27.451752,39.871018],[27.452103,39.87111],[27.452138,39.870989],[27.452084,39.870887],[27.452034,39.87084],[27.452152,39.870658],[27.45227,39.87059],[27.452329,39.8705],[27.452415,39.870408],[27.452723,39.870311],[27.452655,39.870156],[27.452861,39.870176],[27.453305,39.870002],[27.453301,39.869918],[27.4535,39.869582],[27.453662,39.869469],[27.453812,39.86946],[27.454089,39.869063],[27.454296,39.868975],[27.454474,39.868961],[27.454535,39.868878],[27.454596,39.868841],[27.454949,39.868645],[27.45555,39.86824],[27.455653,39.868228],[27.455799,39.868136],[27.455945,39.86809],[27.45601,39.868073],[27.456089,39.868004],[27.456401,39.86793],[27.45647,39.867852],[27.456528,39.867697],[27.456572,39.867171],[27.456028,39.866696],[27.456576,39.86605],[27.456511,39.866015],[27.456313,39.865774],[27.456144,39.865635],[27.455973,39.865476],[27.455853,39.865305],[27.455614,39.865062],[27.455573,39.864857],[27.455507,39.864628],[27.455704,39.864198],[27.455822,39.864238],[27.455912,39.864245],[27.456046,39.864233],[27.456164,39.864197],[27.456221,39.864185],[27.456311,39.864191],[27.456454,39.864197],[27.456446,39.864191],[27.456278,39.86415],[27.456193,39.864137],[27.456076,39.864138],[27.455899,39.864116],[27.455801,39.86407],[27.455731,39.864005],[27.455672,39.863934],[27.455594,39.863813],[27.455484,39.863682],[27.455382,39.86358],[27.455265,39.863456],[27.455242,39.863408],[27.455225,39.863241],[27.455246,39.86312],[27.455228,39.863003],[27.455202,39.862924],[27.455153,39.862849],[27.455092,39.862769],[27.455063,39.862746],[27.455002,39.862722],[27.45482,39.862665],[27.454693,39.862605],[27.454512,39.862465],[27.454461,39.862387],[27.454403,39.862334],[27.4543,39.862254],[27.454103,39.862143],[27.454012,39.862061],[27.453923,39.861954],[27.4538,39.8618],[27.453633,39.86164],[27.453551,39.861591],[27.453414,39.861549],[27.453315,39.861497],[27.453262,39.861449],[27.453148,39.861321],[27.453091,39.861244],[27.453052,39.861168],[27.453037,39.86104],[27.452997,39.860961],[27.45293,39.860842],[27.452847,39.860717],[27.452791,39.860689],[27.452702,39.860652],[27.452676,39.860609],[27.452619,39.860427],[27.452553,39.86034],[27.452535,39.860276],[27.452549,39.860174],[27.452595,39.860002],[27.452609,39.859917],[27.452572,39.859845],[27.452509,39.859785],[27.45241,39.85972],[27.45214,39.859603],[27.45202,39.85953],[27.451972,39.859477],[27.451916,39.859406],[27.451903,39.859322],[27.451915,39.859254],[27.45198,39.859021],[27.451986,39.858876],[27.451966,39.85881],[27.451894,39.858676],[27.451823,39.85853],[27.451752,39.85822],[27.451711,39.858167],[27.451653,39.858131],[27.45152,39.858083],[27.451466,39.858041],[27.451446,39.857996],[27.451458,39.857923],[27.451485,39.857817],[27.451487,39.857738],[27.451479,39.857669],[27.451448,39.857566],[27.451435,39.857494],[27.451449,39.857457],[27.45149,39.857419],[27.451557,39.857382],[27.451686,39.85733],[27.451727,39.857302],[27.451756,39.857278],[27.45178,39.857237],[27.451794,39.857207],[27.451786,39.857171],[27.451774,39.857135],[27.451718,39.857071],[27.451527,39.856947],[27.451463,39.856892],[27.4514,39.856835],[27.451353,39.856771],[27.451319,39.856694],[27.451278,39.856464],[27.451245,39.856376],[27.451212,39.856256],[27.451214,39.856192],[27.451244,39.855985],[27.451236,39.855909],[27.451188,39.855844],[27.451153,39.855813],[27.451078,39.855773],[27.450989,39.855713],[27.450948,39.855664],[27.450911,39.855563],[27.450869,39.855347],[27.450845,39.855294],[27.4508,39.855237],[27.450726,39.855161],[27.450605,39.855106],[27.45053,39.855065],[27.450466,39.855004],[27.450426,39.854913],[27.45041,39.8548],[27.450401,39.854677],[27.450371,39.854629],[27.450443,39.854566],[27.450596,39.854495],[27.450666,39.854475],[27.450732,39.854447],[27.45078,39.854411],[27.450823,39.854373],[27.450852,39.85432],[27.450861,39.854288],[27.450958,39.854157],[27.451004,39.85411],[27.451125,39.85402],[27.451161,39.853985],[27.451201,39.853923],[27.451244,39.853787],[27.45131,39.853664],[27.45137,39.853539],[27.451414,39.85339],[27.451449,39.853235],[27.451467,39.853117],[27.451453,39.853009],[27.451378,39.852835],[27.451362,39.852761],[27.451354,39.852711],[27.451367,39.852545],[27.451358,39.852456],[27.45133,39.852384],[27.45126,39.852216],[27.451221,39.852109],[27.451192,39.85199],[27.451197,39.851897],[27.451216,39.851813],[27.451288,39.851671],[27.45133,39.851574],[27.451348,39.851488],[27.451361,39.851377],[27.451399,39.851272],[27.45149,39.851102],[27.451532,39.851004],[27.451563,39.850868],[27.451555,39.850796],[27.451508,39.850494],[27.451504,39.85039],[27.451516,39.850295],[27.451528,39.850193],[27.451516,39.850086],[27.451483,39.849919],[27.451479,39.849826],[27.451486,39.849771],[27.451507,39.849716],[27.451541,39.849669],[27.451614,39.849608],[27.45172,39.849557],[27.451724,39.849554],[27.451727,39.849553],[27.451812,39.849492],[27.451817,39.849452],[27.451817,39.849382],[27.451828,39.849321],[27.451887,39.8492],[27.451879,39.849133],[27.451851,39.848987],[27.45185,39.848877],[27.451795,39.848692],[27.45188,39.848637],[27.451932,39.848621],[27.452055,39.848558],[27.45214,39.848532],[27.452271,39.84851],[27.452375,39.848472],[27.452444,39.84843],[27.452524,39.848378],[27.452643,39.848291],[27.452691,39.84822],[27.452769,39.848037],[27.452826,39.84795],[27.452926,39.847679],[27.452969,39.847561],[27.453027,39.847372],[27.453073,39.847289],[27.453143,39.847195],[27.453276,39.847049],[27.453392,39.846945],[27.453502,39.846815],[27.453659,39.846674],[27.453779,39.846574],[27.453898,39.846481],[27.453992,39.846411],[27.454159,39.846316],[27.454166,39.846312],[27.454166,39.846312],[27.454364,39.846188],[27.454476,39.846106],[27.454563,39.846026],[27.454695,39.845903],[27.454773,39.845827],[27.454837,39.845736],[27.454964,39.845639],[27.455096,39.84552],[27.45519,39.845424],[27.455257,39.845333],[27.455321,39.845249],[27.455399,39.845165],[27.455432,39.845054],[27.455469,39.844955],[27.455535,39.84485],[27.455599,39.844792],[27.455762,39.844704],[27.455836,39.844671],[27.455916,39.844653],[27.455999,39.844614],[27.456003,39.844612],[27.456006,39.84461],[27.456085,39.844552],[27.456166,39.844482],[27.456247,39.844392],[27.456331,39.844322],[27.457088,39.842036],[27.457084,39.842009],[27.448481,39.838718],[27.447877,39.837141],[27.447801,39.836787],[27.447912,39.835712],[27.448103,39.835345],[27.448502,39.835069],[27.449679,39.834596],[27.449885,39.834458],[27.450027,39.834145],[27.449763,39.833856],[27.449648,39.833647],[27.449392,39.833144],[27.448887,39.832967],[27.448777,39.832888],[27.448825,39.83262],[27.448507,39.832442],[27.448299,39.832314],[27.448105,39.832128],[27.447825,39.831675],[27.447477,39.831455],[27.447011,39.831236],[27.446673,39.831035],[27.4465,39.830986],[27.445898,39.831179],[27.44575,39.831191],[27.445393,39.831051],[27.445101,39.831022],[27.444854,39.831076],[27.444636,39.831031],[27.444547,39.831005],[27.444417,39.830834],[27.44404,39.83063],[27.443118,39.830259],[27.442875,39.830211],[27.442683,39.830288],[27.442574,39.830338],[27.442449,39.8308],[27.442306,39.830865],[27.441688,39.830985],[27.441095,39.830995],[27.440416,39.830819],[27.440016,39.830809],[27.439907,39.830802],[27.439164,39.830614],[27.438253,39.830533],[27.437131,39.830526],[27.436765,39.83047],[27.435372,39.830742],[27.434845,39.831152],[27.434283,39.831406],[27.433972,39.831453],[27.433085,39.831929],[27.432201,39.832207],[27.43198,39.832357],[27.43171,39.832754],[27.431227,39.832988],[27.430813,39.833261],[27.430522,39.833388],[27.430066,39.83318],[27.429654,39.832899],[27.429553,39.832655],[27.429553,39.831744],[27.429224,39.830655],[27.428949,39.830107],[27.428546,39.829777],[27.427376,39.829228],[27.425954,39.828829],[27.424568,39.82864],[27.423679,39.8287],[27.422914,39.828981],[27.421776,39.829687],[27.421634,39.827591],[27.420559,39.826348],[27.417562,39.826248],[27.412551,39.826064],[27.409158,39.826766],[27.407815,39.826999],[27.405957,39.828077],[27.404153,39.829128],[27.401143,39.831015],[27.397419,39.833424],[27.397119,39.833585],[27.39649,39.833785],[27.396227,39.833814],[27.395944,39.833726],[27.395731,39.834113],[27.395658,39.834248],[27.395223,39.834701],[27.39482,39.834954],[27.394632,39.835121],[27.39464,39.835161],[27.394782,39.835457],[27.394801,39.835586],[27.394631,39.835635],[27.394394,39.835753],[27.394258,39.835948],[27.394147,39.835977],[27.393899,39.836029],[27.393677,39.83605],[27.393514,39.836171],[27.393359,39.836237],[27.392733,39.83654],[27.392644,39.836514],[27.392526,39.836669],[27.392313,39.836921],[27.391828,39.83714],[27.391732,39.837244],[27.391614,39.837304],[27.391625,39.837344],[27.3917,39.837452],[27.391837,39.837369],[27.392118,39.837299],[27.392485,39.837258],[27.392519,39.837367],[27.392469,39.83749],[27.392726,39.837575],[27.392974,39.837613],[27.393202,39.837581],[27.393274,39.837597],[27.393324,39.837716],[27.393307,39.837947],[27.393424,39.837947],[27.393536,39.83809],[27.393308,39.838195],[27.393365,39.838367],[27.393449,39.838507],[27.393456,39.838628],[27.392356,39.838823],[27.392205,39.83935],[27.392263,39.839764],[27.392224,39.839931],[27.392052,39.840254],[27.392356,39.840469],[27.392555,39.840547],[27.392762,39.84059],[27.392716,39.840678],[27.392597,39.840974],[27.392642,39.841214],[27.392532,39.841446],[27.392478,39.841758],[27.392377,39.841837],[27.392238,39.842009],[27.392081,39.842003],[27.391775,39.842004],[27.391734,39.841875],[27.391662,39.841766],[27.391394,39.841428],[27.391078,39.841251],[27.390809,39.841194],[27.390395,39.841219],[27.390364,39.841334],[27.390238,39.841377],[27.390053,39.841437],[27.38987,39.841312],[27.389737,39.841334],[27.389595,39.841391],[27.389552,39.841501],[27.389247,39.841678],[27.389283,39.841898],[27.389289,39.842465],[27.389206,39.842498],[27.388801,39.842578],[27.38823,39.842754],[27.388088,39.84281],[27.387999,39.842953],[27.388099,39.843095],[27.38815,39.843324],[27.387999,39.843472],[27.387709,39.84354],[27.387444,39.843596],[27.386736,39.843724],[27.386294,39.843702],[27.386279,39.843733],[27.386302,39.844019],[27.386315,39.844171],[27.386513,39.844642],[27.386638,39.844904],[27.386741,39.845116],[27.386798,39.845335],[27.386798,39.84585],[27.386738,39.846205],[27.386742,39.846338],[27.386757,39.846774],[27.38678,39.847106],[27.386883,39.847246],[27.386902,39.84737],[27.386755,39.847508],[27.386462,39.847667],[27.386333,39.847908],[27.386255,39.848218],[27.38628,39.848385],[27.38522,39.848364],[27.385175,39.848629],[27.384929,39.848866],[27.384569,39.849138],[27.384443,39.849337],[27.384898,39.849502],[27.384941,39.849926],[27.384422,39.849968],[27.384354,39.849999],[27.384221,39.850088],[27.384163,39.850081],[27.384032,39.849979],[27.383917,39.849863],[27.383855,39.849818],[27.3837,39.849744],[27.383663,39.84972],[27.383564,39.849752],[27.383493,39.849793],[27.383441,39.849778],[27.383323,39.849691],[27.383177,39.849572],[27.38309,39.849591],[27.383001,39.849599],[27.382645,39.849652],[27.38225,39.849756],[27.382179,39.849792],[27.382115,39.849861],[27.382128,39.849947],[27.382314,39.850101],[27.382314,39.850159],[27.382287,39.850173],[27.3822,39.850173],[27.382135,39.850178],[27.381829,39.850077],[27.381791,39.850044],[27.381912,39.850012],[27.381911,39.849984],[27.381793,39.849879],[27.381657,39.84982],[27.38153,39.849809],[27.381201,39.850017],[27.380956,39.850013],[27.380842,39.849951],[27.380877,39.850204],[27.380977,39.850416],[27.381255,39.850918],[27.381991,39.851992],[27.381278,39.852297],[27.38145,39.852645],[27.380407,39.852996],[27.380604,39.853348],[27.38103,39.853223],[27.381361,39.85392],[27.380688,39.854113],[27.381133,39.85516],[27.380839,39.85511],[27.379927,39.855006],[27.379249,39.854856],[27.379109,39.855362],[27.379095,39.855676],[27.379127,39.855769],[27.379298,39.855895],[27.379741,39.856177],[27.379832,39.856305],[27.380055,39.8565],[27.380524,39.856751],[27.380781,39.856803],[27.381093,39.856861],[27.381632,39.856981],[27.381731,39.85709],[27.381749,39.857481],[27.381767,39.857893],[27.381747,39.858243],[27.381708,39.858456],[27.381637,39.858558],[27.381552,39.858706],[27.381525,39.85889],[27.381448,39.858995],[27.381391,39.859224],[27.381302,39.85937],[27.381068,39.859644],[27.380882,39.860005],[27.380664,39.860282],[27.380664,39.860365],[27.380725,39.860699],[27.380901,39.861211],[27.380936,39.861399],[27.381033,39.86156],[27.38122,39.861822],[27.381239,39.862003],[27.381297,39.862465],[27.381261,39.862568],[27.381016,39.862973],[27.380923,39.862938],[27.380904,39.862995],[27.380744,39.863127],[27.380647,39.863344],[27.380441,39.863543],[27.380404,39.863624],[27.380098,39.863692],[27.379709,39.863738],[27.379155,39.863754],[27.37887,39.864089],[27.378969,39.864258],[27.379159,39.864502],[27.379061,39.864543],[27.37904,39.864755],[27.379003,39.864786],[27.378902,39.864882],[27.378498,39.86496],[27.378945,39.865124],[27.380023,39.865567],[27.380136,39.865824],[27.380316,39.866109],[27.380354,39.866355],[27.380593,39.866588],[27.380508,39.866672],[27.38056,39.866713],[27.381163,39.8669],[27.381751,39.867338],[27.382162,39.867817],[27.382122,39.868561],[27.381886,39.868888],[27.381407,39.869467],[27.380954,39.869809],[27.380626,39.869983],[27.380268,39.870198],[27.380122,39.870585],[27.380217,39.870909],[27.380467,39.871427],[27.380848,39.872017],[27.381279,39.872261],[27.381908,39.872514],[27.382845,39.873007],[27.383342,39.873396],[27.383498,39.873767],[27.383445,39.874158],[27.38339,39.874377],[27.383058,39.874738],[27.38268,39.875059],[27.382257,39.875177],[27.381966,39.875145],[27.381725,39.875157],[27.381541,39.875344],[27.381077,39.875995],[27.380934,39.876407],[27.380954,39.876682],[27.381065,39.877219],[27.381086,39.877663],[27.380809,39.878121],[27.380771,39.878375],[27.380888,39.878841],[27.381077,39.879401],[27.381448,39.880031],[27.381963,39.88057],[27.382299,39.880923],[27.382787,39.881265],[27.383219,39.881409],[27.383829,39.881619],[27.384653,39.881736],[27.38561,39.881691],[27.386104,39.881555],[27.386599,39.881553],[27.387164,39.881765],[27.387673,39.882074]]]}},{"type":"Feature","properties":{"id":"TR-Y-17-012-K-0057","level":"yerlesim","type":"mahalle","parent_id":"TR-D-17-012","province_id":"TR-P-17","district_id":"TR-D-17-012","name":"Reşadiye","source_raw_name":"Reşadiye","source":"Kullanıcı tarafından sağlanan KML","source_label":"Kullanıcı tarafından sağlanan KML","source_name":"Canakkale Mahalle KML - kullanici tarafindan saglandi"},"geometry":{"type":"Polygon","coordinates":[[[27.199574,39.893944],[27.197208,39.892412],[27.195782,39.89139],[27.195595,39.891032],[27.194507,39.889176],[27.194287,39.888032],[27.195274,39.88691],[27.194808,39.886173],[27.193167,39.885723],[27.191556,39.88451],[27.190682,39.881866],[27.191113,39.881055],[27.191913,39.879648],[27.192435,39.878074],[27.192092,39.87717],[27.191558,39.876756],[27.190702,39.875957],[27.189735,39.875329],[27.188434,39.874388],[27.188544,39.874139],[27.189123,39.873071],[27.189666,39.87266],[27.191678,39.870989],[27.193432,39.869995],[27.195683,39.8698],[27.197227,39.869273],[27.201544,39.869199],[27.20377,39.86909],[27.205805,39.866761],[27.205988,39.866141],[27.206417,39.864835],[27.206713,39.864386],[27.208547,39.861361],[27.208743,39.860789],[27.209246,39.859568],[27.211613,39.856885],[27.211797,39.856561],[27.212793,39.854529],[27.213508,39.853803],[27.215,39.85238],[27.215378,39.850702],[27.215537,39.850091],[27.21586,39.849438],[27.216856,39.847355],[27.216807,39.845856],[27.215618,39.845115],[27.215243,39.844086],[27.216071,39.842918],[27.21656,39.842688],[27.216929,39.842162],[27.217193,39.84128],[27.217177,39.840914],[27.216583,39.840572],[27.217012,39.840366],[27.217635,39.840319],[27.218214,39.840318],[27.219104,39.840144],[27.219234,39.839035],[27.218768,39.837331],[27.219226,39.83653],[27.219206,39.834894],[27.218937,39.834437],[27.218786,39.833362],[27.213734,39.833241],[27.213671,39.8331],[27.213593,39.833055],[27.213633,39.833003],[27.213664,39.832753],[27.213776,39.832541],[27.213754,39.832452],[27.213908,39.832316],[27.214004,39.832279],[27.214263,39.83207],[27.214332,39.832042],[27.214427,39.832015],[27.214569,39.831899],[27.214688,39.831883],[27.21478,39.831862],[27.214362,39.831085],[27.214338,39.830353],[27.214345,39.830284],[27.214241,39.830205],[27.214011,39.830188],[27.213706,39.830148],[27.213424,39.830012],[27.213179,39.829766],[27.213642,39.828587],[27.213417,39.827867],[27.210753,39.82734],[27.211828,39.827315],[27.213043,39.826764],[27.213569,39.826614],[27.21405,39.826264],[27.214269,39.825983],[27.214271,39.825941],[27.209171,39.825933],[27.209168,39.825933],[27.208129,39.825935],[27.206175,39.825653],[27.204171,39.825179],[27.203478,39.824857],[27.202661,39.82442],[27.201743,39.823392],[27.200701,39.822364],[27.200601,39.822251],[27.199708,39.822263],[27.195781,39.822316],[27.195424,39.822462],[27.195604,39.822633],[27.196427,39.823132],[27.195767,39.823571],[27.195311,39.823901],[27.194774,39.824183],[27.19444,39.824346],[27.194052,39.82457],[27.193743,39.824609],[27.193681,39.824676],[27.193657,39.824924],[27.193632,39.824967],[27.193132,39.825168],[27.193406,39.825787],[27.193629,39.825853],[27.194291,39.826028],[27.194556,39.825999],[27.194594,39.826271],[27.19507,39.826313],[27.195355,39.826455],[27.195504,39.826775],[27.195474,39.826984],[27.195369,39.826975],[27.195177,39.826913],[27.194899,39.826852],[27.194578,39.826948],[27.194512,39.827748],[27.195019,39.827829],[27.195062,39.827929],[27.194964,39.828205],[27.195027,39.828639],[27.194954,39.828853],[27.194855,39.829011],[27.194825,39.829206],[27.19595,39.829262],[27.195784,39.829433],[27.195382,39.829539],[27.195308,39.829572],[27.195228,39.829596],[27.195141,39.829463],[27.194708,39.82945],[27.194108,39.829412],[27.193911,39.829451],[27.193732,39.829442],[27.193782,39.829761],[27.192635,39.831891],[27.191927,39.833339],[27.192448,39.833675],[27.192568,39.83395],[27.192487,39.83423],[27.192498,39.834402],[27.192488,39.834514],[27.192388,39.834657],[27.192359,39.834963],[27.192352,39.835123],[27.192408,39.835269],[27.192405,39.835389],[27.192386,39.835457],[27.192134,39.835509],[27.192045,39.835527],[27.191986,39.835587],[27.192035,39.835775],[27.19202,39.835847],[27.191728,39.836059],[27.191698,39.836133],[27.191717,39.836173],[27.191817,39.836216],[27.19198,39.836216],[27.192081,39.836199],[27.192155,39.836207],[27.192225,39.836278],[27.192155,39.83645],[27.192159,39.836584],[27.192204,39.836699],[27.192019,39.836731],[27.191926,39.836802],[27.191912,39.836842],[27.191938,39.836908],[27.19219,39.837005],[27.192131,39.837102],[27.192009,39.83723],[27.192008,39.83723],[27.191992,39.837296],[27.191498,39.837533],[27.191006,39.837781],[27.190742,39.838108],[27.190288,39.838475],[27.190249,39.838704],[27.190112,39.83907],[27.190113,39.839405],[27.189758,39.83997],[27.189814,39.840573],[27.189338,39.842804],[27.188235,39.846208],[27.187719,39.847725],[27.187203,39.848755],[27.186428,39.850158],[27.185949,39.85156],[27.18584,39.852446],[27.185918,39.853962],[27.186144,39.855105],[27.184181,39.856309],[27.183441,39.856997],[27.183892,39.859169],[27.184198,39.862743],[27.184169,39.865803],[27.183542,39.867291],[27.182765,39.868207],[27.182964,39.872982],[27.182557,39.873526],[27.179738,39.874217],[27.179072,39.875104],[27.177255,39.875565],[27.175288,39.875596],[27.173546,39.8764],[27.171752,39.877522],[27.172497,39.878379],[27.172314,39.879404],[27.172872,39.880237],[27.174545,39.88114],[27.176869,39.882638],[27.180056,39.883371],[27.180864,39.884681],[27.181861,39.887443],[27.182825,39.889205],[27.185085,39.889845],[27.188865,39.891984],[27.190195,39.892196],[27.19196,39.892836],[27.194249,39.892737],[27.197409,39.894043],[27.199574,39.893944]]]}},{"type":"Feature","properties":{"id":"TR-Y-17-012-K-0058","level":"yerlesim","type":"mahalle","parent_id":"TR-D-17-012","province_id":"TR-P-17","district_id":"TR-D-17-012","name":"Sameteli","source_raw_name":"Sameteli","source":"Kullanıcı tarafından sağlanan KML","source_label":"Kullanıcı tarafından sağlanan KML","source_name":"Canakkale Mahalle KML - kullanici tarafindan saglandi"},"geometry":{"type":"Polygon","coordinates":[[[27.400842,39.897035],[27.40097,39.897015],[27.40097,39.897016],[27.40097,39.897016],[27.400936,39.895977],[27.400933,39.895528],[27.40136,39.894937],[27.401035,39.893342],[27.400901,39.892504],[27.40097,39.891761],[27.401115,39.89112],[27.401249,39.890349],[27.401205,39.889457],[27.401391,39.889105],[27.401469,39.888922],[27.401626,39.888746],[27.401645,39.888609],[27.401536,39.888518],[27.401109,39.888374],[27.400692,39.888155],[27.399952,39.888144],[27.398891,39.888161],[27.398029,39.88811],[27.397553,39.887952],[27.397146,39.887664],[27.396051,39.886752],[27.395712,39.886311],[27.395495,39.88582],[27.395391,39.885573],[27.394904,39.885163],[27.394546,39.884836],[27.393861,39.88451],[27.393524,39.88445],[27.39297,39.884437],[27.392756,39.884508],[27.392595,39.88469],[27.39215,39.884798],[27.391367,39.884603],[27.390583,39.884193],[27.389679,39.883632],[27.388686,39.883041],[27.388265,39.882759],[27.388268,39.8826],[27.388267,39.882432],[27.388038,39.882212],[27.387673,39.882074],[27.387164,39.881765],[27.386599,39.881553],[27.386104,39.881555],[27.38561,39.881691],[27.384653,39.881736],[27.383829,39.881619],[27.383219,39.881409],[27.382787,39.881265],[27.382299,39.880923],[27.381963,39.88057],[27.381448,39.880031],[27.381077,39.879401],[27.380888,39.878841],[27.380771,39.878375],[27.380809,39.878121],[27.381086,39.877663],[27.381065,39.877219],[27.380954,39.876682],[27.380934,39.876407],[27.381077,39.875995],[27.381541,39.875344],[27.381725,39.875157],[27.381966,39.875145],[27.382257,39.875177],[27.38268,39.875059],[27.383058,39.874738],[27.38339,39.874377],[27.383445,39.874158],[27.383498,39.873767],[27.383342,39.873396],[27.382845,39.873007],[27.381908,39.872514],[27.381279,39.872261],[27.380848,39.872017],[27.380467,39.871427],[27.380217,39.870909],[27.380122,39.870585],[27.380268,39.870198],[27.380626,39.869983],[27.380954,39.869809],[27.381407,39.869467],[27.381886,39.868888],[27.382122,39.868561],[27.382162,39.867817],[27.381751,39.867338],[27.381163,39.8669],[27.38056,39.866713],[27.380508,39.866672],[27.379894,39.866661],[27.379672,39.866755],[27.379396,39.867029],[27.379212,39.86715],[27.378939,39.867268],[27.378068,39.867188],[27.377278,39.867042],[27.376774,39.86685],[27.376419,39.866738],[27.376328,39.867086],[27.376201,39.867722],[27.375441,39.868471],[27.375175,39.868953],[27.37493,39.869364],[27.374886,39.869815],[27.374797,39.869996],[27.37457,39.870316],[27.374518,39.870402],[27.374426,39.870543],[27.37402,39.870463],[27.373999,39.870635],[27.373969,39.870766],[27.37384,39.870976],[27.37369,39.871127],[27.373557,39.871129],[27.373387,39.871128],[27.373393,39.871204],[27.373453,39.871304],[27.373555,39.871415],[27.373516,39.871585],[27.373325,39.87179],[27.373371,39.872212],[27.373334,39.872217],[27.373,39.872158],[27.37248,39.872212],[27.372011,39.872316],[27.372114,39.872488],[27.372096,39.872669],[27.372053,39.872748],[27.372112,39.872766],[27.371785,39.873499],[27.37149,39.873741],[27.370981,39.874038],[27.371195,39.874225],[27.371488,39.874522],[27.371861,39.874886],[27.372419,39.874691],[27.372559,39.874705],[27.37187,39.875429],[27.3718,39.875708],[27.371766,39.876175],[27.37162,39.876078],[27.371418,39.876002],[27.37096,39.875808],[27.370671,39.875578],[27.370216,39.875534],[27.369346,39.875926],[27.369545,39.876158],[27.36895,39.876627],[27.369447,39.876995],[27.368345,39.877985],[27.368106,39.878341],[27.368442,39.878726],[27.368267,39.878874],[27.368122,39.879065],[27.367864,39.879421],[27.36773,39.879655],[27.367665,39.87971],[27.367573,39.879813],[27.367536,39.879873],[27.367583,39.879961],[27.367732,39.880063],[27.367766,39.880196],[27.367623,39.880504],[27.367435,39.88065],[27.367259,39.880669],[27.366894,39.880716],[27.366347,39.880892],[27.366308,39.881011],[27.366531,39.881601],[27.366668,39.881796],[27.366814,39.881979],[27.366981,39.882055],[27.367134,39.88215],[27.366994,39.882176],[27.366911,39.882253],[27.366705,39.882501],[27.36585,39.882704],[27.365878,39.882861],[27.365771,39.883031],[27.365581,39.883329],[27.365396,39.883466],[27.365041,39.883522],[27.364791,39.883639],[27.364533,39.883554],[27.36445,39.883595],[27.364192,39.883865],[27.363974,39.884264],[27.363802,39.884474],[27.363666,39.884489],[27.36349,39.884549],[27.363385,39.884609],[27.363058,39.884688],[27.363324,39.884764],[27.363476,39.884804],[27.363548,39.884904],[27.363613,39.884954],[27.363722,39.885022],[27.363821,39.885051],[27.363985,39.885102],[27.364199,39.885152],[27.364165,39.885219],[27.364023,39.885379],[27.363783,39.885561],[27.363716,39.885642],[27.363704,39.885737],[27.363859,39.885846],[27.363887,39.885901],[27.363854,39.885999],[27.363712,39.886061],[27.363644,39.886064],[27.363455,39.886019],[27.363105,39.885958],[27.362918,39.885879],[27.362762,39.885912],[27.362725,39.886065],[27.362808,39.886374],[27.362899,39.886752],[27.363,39.886883],[27.363005,39.886968],[27.362997,39.887046],[27.362899,39.887087],[27.362739,39.887225],[27.362704,39.887341],[27.362758,39.887765],[27.362866,39.88812],[27.362804,39.888268],[27.362656,39.888418],[27.36293,39.888536],[27.362976,39.888553],[27.364329,39.888866],[27.365494,39.889358],[27.365309,39.889811],[27.365205,39.889988],[27.365131,39.890224],[27.364677,39.890254],[27.363708,39.890321],[27.363619,39.89048],[27.36353,39.890831],[27.363476,39.891122],[27.363563,39.891467],[27.363577,39.89177],[27.363684,39.892136],[27.363778,39.892317],[27.363846,39.892622],[27.363938,39.892796],[27.364229,39.89277],[27.364321,39.89282],[27.364458,39.892977],[27.364503,39.893167],[27.364627,39.893481],[27.36473,39.893534],[27.36509,39.893696],[27.365504,39.893855],[27.3657,39.893891],[27.3664,39.893991],[27.366958,39.893982],[27.367894,39.893924],[27.368696,39.893862],[27.369414,39.893794],[27.36968,39.893827],[27.370002,39.893766],[27.370095,39.893723],[27.370164,39.89361],[27.370235,39.893567],[27.370357,39.893571],[27.370468,39.893582],[27.370541,39.893559],[27.37064,39.893421],[27.370774,39.89344],[27.370856,39.893492],[27.370878,39.893538],[27.370972,39.893693],[27.371063,39.893743],[27.371208,39.893796],[27.371313,39.89387],[27.371462,39.894002],[27.371592,39.894019],[27.371834,39.894024],[27.372001,39.894114],[27.372073,39.894303],[27.37228,39.894467],[27.372172,39.894567],[27.372257,39.894769],[27.372326,39.89494],[27.372459,39.895155],[27.372626,39.895297],[27.372756,39.895471],[27.372439,39.895791],[27.372291,39.895874],[27.371867,39.896062],[27.371695,39.896156],[27.37159,39.896241],[27.371543,39.896286],[27.371582,39.896341],[27.371646,39.896359],[27.37168,39.896353],[27.37168,39.896353],[27.371679,39.896352],[27.371912,39.896294],[27.37205,39.896305],[27.372145,39.896366],[27.372303,39.896354],[27.372401,39.896243],[27.372555,39.896269],[27.372555,39.89627],[27.372556,39.89627],[27.372616,39.896448],[27.372853,39.896425],[27.373238,39.896267],[27.373316,39.89613],[27.373668,39.896235],[27.373906,39.896231],[27.374054,39.896162],[27.374133,39.896039],[27.374186,39.895807],[27.374186,39.895807],[27.374186,39.895807],[27.374346,39.896032],[27.37455,39.896259],[27.374995,39.896185],[27.375197,39.896047],[27.375467,39.895581],[27.375654,39.895516],[27.376285,39.895842],[27.376876,39.895386],[27.377063,39.89518],[27.37657,39.894518],[27.377212,39.894237],[27.377212,39.894238],[27.377212,39.894238],[27.377232,39.894326],[27.377307,39.894379],[27.377351,39.894329],[27.377499,39.894248],[27.377607,39.894099],[27.377844,39.893977],[27.378431,39.893612],[27.378371,39.893403],[27.378567,39.89301],[27.378817,39.892669],[27.378787,39.892635],[27.378856,39.892528],[27.378697,39.892342],[27.379198,39.891707],[27.37974,39.891202],[27.380799,39.892057],[27.381102,39.892342],[27.380697,39.892564],[27.380901,39.892727],[27.381139,39.892875],[27.381441,39.892962],[27.38181,39.892461],[27.382016,39.892117],[27.382331,39.89175],[27.383043,39.891191],[27.383639,39.891618],[27.38375,39.891594],[27.384493,39.891615],[27.384724,39.891757],[27.385346,39.891469],[27.385336,39.890983],[27.385851,39.890279],[27.385888,39.890222],[27.38639,39.889887],[27.386776,39.889711],[27.387121,39.889596],[27.387699,39.889401],[27.38819,39.889311],[27.38857,39.889265],[27.388571,39.889265],[27.388571,39.889265],[27.388764,39.88955],[27.388886,39.889731],[27.389104,39.88999],[27.38921,39.890109],[27.389386,39.890235],[27.38974,39.890344],[27.38974,39.890344],[27.38974,39.890344],[27.389822,39.890506],[27.390156,39.890724],[27.390338,39.89078],[27.391206,39.891091],[27.391713,39.891147],[27.392246,39.891269],[27.392295,39.89124],[27.392419,39.891249],[27.392419,39.89125],[27.39242,39.89125],[27.392482,39.891392],[27.392531,39.89142],[27.392767,39.891496],[27.3934,39.891799],[27.393685,39.891855],[27.394056,39.891882],[27.394937,39.892232],[27.395693,39.892553],[27.395694,39.892554],[27.395694,39.892554],[27.395918,39.892782],[27.396092,39.893],[27.396479,39.893457],[27.396702,39.893617],[27.397408,39.893834],[27.398289,39.894117],[27.398821,39.89423],[27.398995,39.894324],[27.399479,39.89458],[27.399479,39.89458],[27.39948,39.894581],[27.399654,39.89478],[27.399704,39.894894],[27.399664,39.896486],[27.399704,39.89701],[27.399767,39.897162],[27.400114,39.897285],[27.400447,39.897217],[27.400842,39.897035]]]}},{"type":"Feature","properties":{"id":"TR-Y-17-012-K-0059","level":"yerlesim","type":"mahalle","parent_id":"TR-D-17-012","province_id":"TR-P-17","district_id":"TR-D-17-012","name":"Sarıçayır","source_raw_name":"Sarıçayır","source":"Kullanıcı tarafından sağlanan KML","source_label":"Kullanıcı tarafından sağlanan KML","source_name":"Canakkale Mahalle KML - kullanici tarafindan saglandi"},"geometry":{"type":"Polygon","coordinates":[[[27.387285,40.08776],[27.388138,40.087233],[27.389206,40.087268],[27.389514,40.086876],[27.389746,40.086237],[27.390773,40.085823],[27.391889,40.085553],[27.392226,40.086009],[27.392825,40.086541],[27.393086,40.086616],[27.394461,40.086287],[27.394928,40.085438],[27.395073,40.084837],[27.395807,40.085015],[27.397379,40.084343],[27.398296,40.084235],[27.398938,40.083613],[27.399602,40.082514],[27.400916,40.081164],[27.401076,40.081101],[27.400948,40.080809],[27.401051,40.080692],[27.401804,40.078905],[27.402347,40.078151],[27.402254,40.077622],[27.402291,40.077619],[27.402406,40.077562],[27.402513,40.077347],[27.402549,40.077069],[27.40253,40.076964],[27.402784,40.076565],[27.402843,40.076451],[27.402971,40.076076],[27.402973,40.075844],[27.402909,40.075721],[27.40303,40.075389],[27.403241,40.075097],[27.403339,40.074785],[27.403728,40.074426],[27.403516,40.074373],[27.402144,40.074011],[27.402136,40.073931],[27.40221,40.073882],[27.402429,40.073839],[27.402434,40.073447],[27.402482,40.073252],[27.402262,40.072593],[27.40257,40.072537],[27.40254,40.072357],[27.402662,40.072257],[27.402676,40.072179],[27.402594,40.072042],[27.402582,40.071988],[27.402417,40.071794],[27.402759,40.071659],[27.4028,40.071667],[27.403042,40.071723],[27.403236,40.071743],[27.403246,40.07162],[27.403283,40.071511],[27.403311,40.071251],[27.403281,40.071162],[27.403217,40.071057],[27.403153,40.070928],[27.403025,40.070688],[27.403118,40.070671],[27.40318,40.070522],[27.403206,40.070485],[27.403183,40.070376],[27.403126,40.070242],[27.402711,40.069795],[27.402784,40.069537],[27.402857,40.069408],[27.402916,40.06923],[27.402918,40.069042],[27.402876,40.068836],[27.402995,40.068747],[27.40321,40.068646],[27.403471,40.068685],[27.403746,40.068673],[27.403696,40.068353],[27.403825,40.068112],[27.404043,40.067874],[27.403975,40.067671],[27.403877,40.06748],[27.40387,40.067008],[27.403929,40.066842],[27.404111,40.066736],[27.40421,40.06661],[27.404183,40.06645],[27.40382,40.066139],[27.403712,40.065991],[27.403674,40.065899],[27.403568,40.065568],[27.403417,40.065223],[27.403069,40.065001],[27.402808,40.06487],[27.402562,40.064782],[27.402267,40.064543],[27.402303,40.064366],[27.402458,40.064148],[27.40261,40.064019],[27.402687,40.063858],[27.402697,40.06377],[27.402656,40.063681],[27.402525,40.063593],[27.402298,40.063551],[27.402164,40.063537],[27.402063,40.063512],[27.401966,40.063426],[27.401921,40.063292],[27.40205,40.063106],[27.402172,40.063057],[27.402325,40.063053],[27.402402,40.062967],[27.402613,40.062715],[27.402805,40.062477],[27.403313,40.062098],[27.403397,40.061929],[27.403414,40.061597],[27.40335,40.061406],[27.403338,40.061331],[27.403349,40.060699],[27.403364,40.060633],[27.403407,40.06047],[27.403407,40.060319],[27.403462,40.060236],[27.403603,40.060158],[27.403703,40.06002],[27.403816,40.059754],[27.403648,40.059552],[27.403472,40.059472],[27.403174,40.059325],[27.402987,40.059248],[27.402841,40.059128],[27.402729,40.059012],[27.402605,40.058835],[27.402529,40.058595],[27.402594,40.058269],[27.402701,40.058128],[27.402856,40.057867],[27.402903,40.057595],[27.402854,40.057481],[27.402667,40.057408],[27.40244,40.057394],[27.402261,40.057329],[27.40216,40.057086],[27.402036,40.056927],[27.401883,40.056861],[27.401667,40.056825],[27.401521,40.056662],[27.401381,40.056391],[27.401196,40.056008],[27.401146,40.055782],[27.401026,40.055588],[27.400838,40.055311],[27.400637,40.055186],[27.400398,40.055124],[27.400227,40.055136],[27.399921,40.055006],[27.399765,40.055003],[27.399463,40.054921],[27.399396,40.054893],[27.399328,40.054745],[27.399107,40.054508],[27.398941,40.054054],[27.398858,40.053908],[27.398622,40.053689],[27.398279,40.053524],[27.398067,40.053525],[27.397599,40.053621],[27.397483,40.053501],[27.397803,40.052986],[27.39788,40.052788],[27.397949,40.052456],[27.397258,40.052055],[27.397131,40.051844],[27.397138,40.051778],[27.396936,40.050984],[27.397058,40.050881],[27.396835,40.05029],[27.396721,40.049807],[27.397,40.049188],[27.398033,40.048304],[27.397942,40.04811],[27.397299,40.047583],[27.397381,40.047566],[27.396649,40.047131],[27.396445,40.046568],[27.396329,40.046385],[27.39641,40.046193],[27.396342,40.046071],[27.396394,40.045379],[27.396042,40.045117],[27.395606,40.044938],[27.395171,40.044997],[27.394753,40.044738],[27.393984,40.044363],[27.393321,40.044148],[27.393194,40.044],[27.393048,40.043903],[27.392363,40.043771],[27.392031,40.043729],[27.39167,40.043636],[27.391253,40.043586],[27.390786,40.043239],[27.390605,40.043143],[27.390411,40.043031],[27.390217,40.042881],[27.390062,40.042735],[27.38995,40.042614],[27.389864,40.042477],[27.389788,40.042232],[27.389673,40.041893],[27.389549,40.041539],[27.389466,40.041313],[27.389407,40.041162],[27.389318,40.041],[27.389215,40.04088],[27.389109,40.040753],[27.388977,40.040658],[27.388815,40.040539],[27.388698,40.04046],[27.388562,40.040407],[27.388378,40.040328],[27.38836,40.04032],[27.388318,40.040405],[27.38815,40.040371],[27.387599,40.040273],[27.387226,40.040148],[27.386986,40.039646],[27.386698,40.039429],[27.386544,40.039255],[27.386099,40.038859],[27.386055,40.038156],[27.386218,40.037438],[27.386483,40.036877],[27.3868,40.036492],[27.387134,40.03634],[27.387147,40.035896],[27.387125,40.034697],[27.387089,40.034695],[27.38704,40.034695],[27.386894,40.034698],[27.38681,40.034697],[27.38667,40.034678],[27.385831,40.03543],[27.383773,40.035594],[27.382631,40.035312],[27.382569,40.035231],[27.382332,40.035132],[27.382326,40.03507],[27.382046,40.034942],[27.381878,40.034862],[27.38181,40.034881],[27.380696,40.0346],[27.379793,40.034557],[27.379085,40.034647],[27.378362,40.034844],[27.376192,40.035274],[27.376257,40.035388],[27.376114,40.035522],[27.375797,40.03576],[27.375263,40.036055],[27.37383,40.036959],[27.373517,40.037753],[27.373527,40.037852],[27.373431,40.038398],[27.372859,40.038953],[27.37201,40.039771],[27.36798,40.040345],[27.367518,40.040243],[27.367219,40.040414],[27.367052,40.040428],[27.366949,40.040295],[27.366824,40.04008],[27.366724,40.040078],[27.366505,40.039998],[27.366312,40.040045],[27.366078,40.039885],[27.365667,40.040104],[27.365604,40.040352],[27.36568,40.040584],[27.363683,40.038242],[27.362126,40.036405],[27.361418,40.035556],[27.361213,40.034989],[27.358196,40.038373],[27.355015,40.045999],[27.35188,40.047709],[27.354367,40.052118],[27.354587,40.052162],[27.354777,40.052385],[27.354766,40.05258],[27.354732,40.052718],[27.354702,40.052837],[27.354857,40.053068],[27.354603,40.053261],[27.35521,40.054373],[27.356353,40.058917],[27.356715,40.061907],[27.356727,40.061992],[27.356739,40.062095],[27.356834,40.062251],[27.356861,40.062302],[27.356932,40.062441],[27.357034,40.062617],[27.357246,40.062749],[27.357674,40.06289],[27.357653,40.062959],[27.357716,40.063018],[27.35758,40.063132],[27.357474,40.063247],[27.357407,40.063352],[27.357364,40.063504],[27.357379,40.063621],[27.35742,40.063744],[27.357563,40.063922],[27.357668,40.064026],[27.357745,40.064097],[27.357944,40.06419],[27.358017,40.064284],[27.358071,40.064374],[27.358074,40.064571],[27.357903,40.064897],[27.357814,40.065057],[27.357587,40.065109],[27.357397,40.065142],[27.357166,40.065402],[27.356868,40.065911],[27.356599,40.066419],[27.356526,40.066746],[27.356398,40.066832],[27.356483,40.066836],[27.356655,40.067104],[27.356688,40.067525],[27.356736,40.06791],[27.356763,40.068219],[27.356735,40.068314],[27.357129,40.068417],[27.360024,40.073118],[27.360639,40.073444],[27.361493,40.076163],[27.362468,40.079277],[27.362672,40.079788],[27.363063,40.080452],[27.363158,40.080855],[27.367354,40.083723],[27.369785,40.083807],[27.370182,40.084542],[27.373761,40.084187],[27.374015,40.085136],[27.37579,40.085487],[27.379739,40.088259],[27.380444,40.088657],[27.381464,40.089475],[27.381474,40.089529],[27.38289,40.089634],[27.383956,40.089392],[27.384638,40.089371],[27.385432,40.089311],[27.386609,40.088954],[27.38709,40.088485],[27.387285,40.08776]]]}},{"type":"Feature","properties":{"id":"TR-Y-17-012-K-0060","level":"yerlesim","type":"mahalle","parent_id":"TR-D-17-012","province_id":"TR-P-17","district_id":"TR-D-17-012","name":"Sazak","source_raw_name":"Sazak","source":"Kullanıcı tarafından sağlanan KML","source_label":"Kullanıcı tarafından sağlanan KML","source_name":"Canakkale Mahalle KML - kullanici tarafindan saglandi"},"geometry":{"type":"Polygon","coordinates":[[[27.178635,39.944758],[27.178352,39.944444],[27.178192,39.944169],[27.178098,39.944012],[27.178028,39.943849],[27.177968,39.943656],[27.177917,39.94354],[27.17784,39.943429],[27.177616,39.943166],[27.177626,39.943044],[27.177884,39.94302],[27.177028,39.941634],[27.177497,39.939274],[27.178495,39.934674],[27.181016,39.932531],[27.184354,39.930799],[27.19067,39.926065],[27.195867,39.925107],[27.204747,39.923948],[27.207091,39.922743],[27.209896,39.921925],[27.21074,39.922087],[27.211736,39.922295],[27.213243,39.922837],[27.214589,39.923284],[27.215144,39.923497],[27.215798,39.923572],[27.216373,39.923845],[27.216929,39.92421],[27.217186,39.924149],[27.217424,39.924011],[27.217383,39.923645],[27.217282,39.923051],[27.21724,39.922349],[27.21716,39.922075],[27.217278,39.921632],[27.217553,39.920991],[27.217871,39.921509],[27.217969,39.921128],[27.218186,39.920792],[27.218165,39.920334],[27.218222,39.91977],[27.218122,39.919343],[27.218141,39.918992],[27.217782,39.918322],[27.217443,39.917514],[27.217383,39.917347],[27.217621,39.917483],[27.218136,39.917391],[27.21857,39.91707],[27.218867,39.916993],[27.219224,39.917206],[27.220037,39.917509],[27.220671,39.917554],[27.221245,39.917294],[27.22168,39.917278],[27.222531,39.916818],[27.22245,39.916453],[27.222984,39.916314],[27.223203,39.916375],[27.223322,39.916558],[27.2236,39.916801],[27.223877,39.916557],[27.224865,39.916128],[27.225756,39.915775],[27.227003,39.915651],[27.227934,39.915695],[27.228746,39.915846],[27.22946,39.916088],[27.229592,39.916128],[27.229678,39.916111],[27.229746,39.916082],[27.229845,39.916038],[27.230027,39.915924],[27.230321,39.915826],[27.230429,39.915751],[27.230457,39.915699],[27.230432,39.915647],[27.230361,39.915573],[27.230221,39.915447],[27.230213,39.91541],[27.230234,39.915363],[27.230338,39.915275],[27.230464,39.915263],[27.230576,39.915306],[27.230799,39.915439],[27.231152,39.915642],[27.231469,39.915754],[27.231642,39.915724],[27.232394,39.91568],[27.232875,39.915683],[27.233612,39.915624],[27.234582,39.915455],[27.235003,39.915477],[27.235944,39.915612],[27.236662,39.915664],[27.236964,39.915469],[27.237564,39.915195],[27.237693,39.915275],[27.237879,39.915299],[27.23804,39.915327],[27.238238,39.91535],[27.238409,39.915411],[27.238457,39.915462],[27.238432,39.915529],[27.238348,39.915657],[27.238265,39.915802],[27.238267,39.915876],[27.238302,39.915937],[27.238379,39.915998],[27.238493,39.916076],[27.2387,39.91621],[27.239532,39.916437],[27.240243,39.91664],[27.241612,39.916327],[27.24257,39.915753],[27.242381,39.9148],[27.241326,39.914112],[27.240647,39.914661],[27.240087,39.913852],[27.239838,39.913281],[27.239436,39.91352],[27.239033,39.913139],[27.238258,39.912664],[27.238132,39.912045],[27.238315,39.911497],[27.238376,39.911091],[27.238033,39.910353],[27.237072,39.909903],[27.236977,39.90914],[27.236972,39.90771],[27.240618,39.906154],[27.240984,39.904843],[27.240209,39.904463],[27.238848,39.904513],[27.238259,39.904014],[27.237637,39.903301],[27.242965,39.901202],[27.242168,39.900988],[27.23882,39.899455],[27.235353,39.898391],[27.233621,39.898623],[27.23169,39.898532],[27.229515,39.899432],[27.226348,39.899724],[27.224216,39.898642],[27.221418,39.898475],[27.217404,39.897319],[27.210258,39.897714],[27.20766,39.897956],[27.204812,39.89739],[27.2023,39.895249],[27.199574,39.893944],[27.197409,39.894043],[27.194249,39.892737],[27.19196,39.892836],[27.190195,39.892196],[27.188865,39.891984],[27.185085,39.889845],[27.182825,39.889205],[27.181861,39.887443],[27.180864,39.884681],[27.180056,39.883371],[27.176869,39.882638],[27.174545,39.88114],[27.172872,39.880237],[27.172314,39.879404],[27.172497,39.878379],[27.171752,39.877522],[27.168843,39.876764],[27.166807,39.876313],[27.163913,39.876443],[27.161598,39.876973],[27.156031,39.876935],[27.154813,39.876673],[27.151633,39.87519],[27.150439,39.87247],[27.147215,39.871193],[27.143565,39.871712],[27.143437,39.874766],[27.142028,39.875408],[27.139847,39.876086],[27.139433,39.876738],[27.13929,39.879266],[27.137925,39.879657],[27.136858,39.880573],[27.136113,39.87927],[27.133094,39.876963],[27.131967,39.877102],[27.130481,39.876383],[27.128682,39.875104],[27.123676,39.873279],[27.122027,39.872915],[27.119769,39.871831],[27.116635,39.870747],[27.11518,39.870669],[27.111633,39.870958],[27.110253,39.871165],[27.109198,39.870869],[27.107385,39.869658],[27.104953,39.871193],[27.102938,39.873562],[27.102746,39.874558],[27.100715,39.876104],[27.099351,39.877603],[27.099562,39.87965],[27.098364,39.882911],[27.097851,39.886],[27.099098,39.892672],[27.088237,39.915413],[27.096348,39.917218],[27.1,39.91731],[27.103468,39.919071],[27.107865,39.920639],[27.111335,39.922542],[27.112393,39.92602],[27.114315,39.927877],[27.115309,39.929973],[27.143049,39.933612],[27.155111,39.928783],[27.152984,39.939284],[27.153139,39.939434],[27.153328,39.940089],[27.152815,39.940875],[27.152825,39.941028],[27.153004,39.941073],[27.153183,39.941493],[27.153391,39.941386],[27.153441,39.941675],[27.15356,39.941606],[27.153727,39.94137],[27.153876,39.941408],[27.153796,39.941141],[27.154192,39.940866],[27.154618,39.940843],[27.154806,39.940705],[27.154795,39.940484],[27.155628,39.940628],[27.155728,39.941024],[27.155194,39.941452],[27.154531,39.941796],[27.154591,39.942139],[27.154483,39.942475],[27.154582,39.942604],[27.15594,39.943052],[27.156426,39.94299],[27.157219,39.943302],[27.15716,39.943424],[27.15723,39.943592],[27.157815,39.943827],[27.158817,39.944451],[27.159054,39.944321],[27.159847,39.944435],[27.160174,39.944434],[27.160699,39.944502],[27.160926,39.944342],[27.161352,39.944318],[27.16169,39.944691],[27.162285,39.944805],[27.162294,39.94469],[27.162611,39.944667],[27.162611,39.944324],[27.163344,39.94443],[27.163274,39.944094],[27.164323,39.943788],[27.165245,39.943931],[27.165224,39.943459],[27.165869,39.943961],[27.166018,39.94393],[27.166561,39.94348],[27.166164,39.943038],[27.16657,39.943045],[27.166678,39.942465],[27.167778,39.942715],[27.168125,39.942905],[27.168394,39.943393],[27.168562,39.943355],[27.168791,39.94369],[27.169752,39.943566],[27.170148,39.943604],[27.171198,39.943778],[27.171921,39.943411],[27.172525,39.943311],[27.173013,39.944256],[27.173043,39.94466],[27.173429,39.944491],[27.173915,39.94459],[27.174113,39.944498],[27.174587,39.944032],[27.1753,39.943825],[27.175567,39.943832],[27.175845,39.943984],[27.175656,39.943611],[27.175348,39.943284],[27.175367,39.943093],[27.175526,39.943047],[27.175665,39.943199],[27.175943,39.943321],[27.176211,39.943717],[27.176488,39.94364],[27.176838,39.944791],[27.177472,39.944645],[27.17783,39.945118],[27.178087,39.945033],[27.178493,39.944972],[27.178731,39.944948],[27.178775,39.944937],[27.178635,39.944758]]]}},{"type":"Feature","properties":{"id":"TR-Y-17-012-K-0061","level":"yerlesim","type":"mahalle","parent_id":"TR-D-17-012","province_id":"TR-P-17","district_id":"TR-D-17-012","name":"Seyvan","source_raw_name":"Seyvan","source":"Kullanıcı tarafından sağlanan KML","source_label":"Kullanıcı tarafından sağlanan KML","source_name":"Canakkale Mahalle KML - kullanici tarafindan saglandi"},"geometry":{"type":"Polygon","coordinates":[[[27.316813,39.941795],[27.317128,39.941729],[27.317521,39.94193],[27.317671,39.941913],[27.317929,39.94197],[27.318902,39.941539],[27.319357,39.941729],[27.320299,39.942026],[27.321067,39.942256],[27.321235,39.941394],[27.321433,39.941232],[27.321283,39.941002],[27.321134,39.940961],[27.321097,39.940647],[27.321126,39.940476],[27.320961,39.940281],[27.321055,39.940118],[27.321149,39.939878],[27.32197,39.940103],[27.321867,39.939689],[27.321798,39.939315],[27.321878,39.939068],[27.322002,39.938522],[27.322222,39.938083],[27.32241,39.937955],[27.322306,39.937813],[27.322415,39.937766],[27.322337,39.937533],[27.322421,39.937273],[27.322527,39.937171],[27.322609,39.936928],[27.322595,39.936127],[27.322381,39.935983],[27.322284,39.935973],[27.322132,39.935776],[27.322115,39.935514],[27.321843,39.935437],[27.321974,39.935032],[27.321829,39.934957],[27.321913,39.934514],[27.322047,39.934462],[27.322066,39.933844],[27.321908,39.933516],[27.32182,39.933142],[27.321664,39.932895],[27.321403,39.932614],[27.321234,39.932815],[27.320715,39.933029],[27.320732,39.932704],[27.320304,39.932486],[27.320578,39.932193],[27.320866,39.932168],[27.320891,39.931572],[27.320491,39.931495],[27.319849,39.931189],[27.319604,39.93184],[27.319331,39.931765],[27.31923,39.932006],[27.319011,39.932056],[27.318441,39.93196],[27.318023,39.931847],[27.318252,39.931284],[27.318094,39.931153],[27.317766,39.931169],[27.317414,39.931517],[27.31708,39.931599],[27.316817,39.931509],[27.316851,39.931481],[27.317378,39.93112],[27.317346,39.930746],[27.317572,39.930106],[27.317695,39.929891],[27.317412,39.929697],[27.317196,39.929888],[27.316606,39.930026],[27.316351,39.929845],[27.316693,39.929513],[27.317083,39.929374],[27.317153,39.929159],[27.317509,39.929215],[27.317957,39.928437],[27.317817,39.928292],[27.318393,39.92753],[27.318157,39.927398],[27.31798,39.927286],[27.31736,39.92719],[27.317004,39.927217],[27.316546,39.927197],[27.316228,39.927234],[27.316261,39.927846],[27.315673,39.927824],[27.315462,39.927658],[27.315076,39.927068],[27.314849,39.927025],[27.314736,39.927193],[27.31458,39.926917],[27.314508,39.926826],[27.313914,39.926864],[27.312653,39.926669],[27.312712,39.926598],[27.312699,39.926414],[27.312849,39.926211],[27.312815,39.92614],[27.313048,39.925615],[27.312684,39.925318],[27.312365,39.925228],[27.312263,39.925321],[27.311659,39.925087],[27.31059,39.924797],[27.309695,39.924785],[27.309599,39.924769],[27.309033,39.924773],[27.307988,39.925006],[27.307897,39.925545],[27.307099,39.925474],[27.305819,39.92526],[27.305575,39.924622],[27.304823,39.924641],[27.303603,39.924479],[27.303577,39.92498],[27.303357,39.924938],[27.302994,39.924679],[27.302979,39.924657],[27.30237,39.924926],[27.301581,39.925073],[27.301329,39.925367],[27.301124,39.925294],[27.300495,39.924959],[27.300417,39.925498],[27.30046,39.925624],[27.300483,39.92586],[27.300432,39.926249],[27.299537,39.926149],[27.298529,39.926392],[27.298459,39.925992],[27.297856,39.925984],[27.297711,39.92469],[27.29691,39.924747],[27.296711,39.924714],[27.296651,39.924355],[27.295641,39.924155],[27.295558,39.924117],[27.295387,39.923931],[27.295138,39.923767],[27.294959,39.923861],[27.294435,39.923514],[27.294224,39.923581],[27.293921,39.923632],[27.293748,39.923709],[27.292997,39.922403],[27.292976,39.921214],[27.291917,39.92108],[27.29246,39.922144],[27.292229,39.923091],[27.292239,39.923875],[27.291822,39.924083],[27.29187,39.924491],[27.292121,39.924635],[27.292378,39.924701],[27.292373,39.92488],[27.29242,39.925054],[27.292598,39.925287],[27.293018,39.925169],[27.293199,39.925502],[27.293224,39.925686],[27.293112,39.926097],[27.291753,39.926095],[27.29128,39.926174],[27.290912,39.926199],[27.290478,39.926096],[27.29019,39.926063],[27.290272,39.925755],[27.290231,39.925486],[27.290025,39.925072],[27.289975,39.925058],[27.289919,39.925005],[27.290138,39.924809],[27.290125,39.924757],[27.29006,39.924662],[27.289813,39.924674],[27.289494,39.92479],[27.289438,39.924628],[27.289002,39.925422],[27.288822,39.92533],[27.288551,39.925047],[27.2882,39.924645],[27.288107,39.924602],[27.288289,39.924361],[27.288198,39.92424],[27.288247,39.924128],[27.288476,39.923932],[27.288056,39.923604],[27.287953,39.923302],[27.288294,39.922836],[27.288183,39.92282],[27.287376,39.923658],[27.287339,39.923749],[27.287131,39.923604],[27.286896,39.923581],[27.28658,39.923622],[27.286106,39.923587],[27.285871,39.923552],[27.285691,39.923493],[27.284858,39.923319],[27.284756,39.923336],[27.284675,39.923284],[27.284115,39.92319],[27.284037,39.923161],[27.283861,39.923162],[27.28383,39.923293],[27.28332,39.923428],[27.283324,39.923556],[27.283051,39.923507],[27.283001,39.923393],[27.283007,39.923326],[27.282648,39.923284],[27.282175,39.923297],[27.281393,39.923134],[27.280773,39.922997],[27.280873,39.923192],[27.280963,39.923243],[27.281215,39.923266],[27.28146,39.923294],[27.281528,39.923379],[27.281565,39.923482],[27.281402,39.923511],[27.281202,39.923557],[27.281142,39.92358],[27.281284,39.923849],[27.281518,39.924592],[27.281601,39.924923],[27.281609,39.925186],[27.281617,39.925312],[27.281551,39.925438],[27.281507,39.925593],[27.281523,39.92577],[27.281419,39.925782],[27.281345,39.925856],[27.281278,39.926011],[27.28113,39.926143],[27.280967,39.926264],[27.280879,39.926332],[27.280835,39.926486],[27.28101,39.926971],[27.281076,39.927332],[27.280977,39.927444],[27.280862,39.927687],[27.280729,39.927848],[27.280551,39.927945],[27.280544,39.928071],[27.28065,39.928489],[27.280688,39.928866],[27.280845,39.929371],[27.280841,39.92943],[27.280973,39.92946],[27.28093,39.929866],[27.281502,39.929768],[27.281749,39.930202],[27.28163,39.93027],[27.280775,39.930392],[27.279677,39.930533],[27.279769,39.931081],[27.279807,39.931276],[27.280642,39.932332],[27.281248,39.933085],[27.280759,39.933332],[27.28057,39.933395],[27.280553,39.933645],[27.2806,39.933712],[27.28063,39.933828],[27.280649,39.934066],[27.280686,39.934376],[27.2805,39.934409],[27.280498,39.93444],[27.280633,39.935606],[27.280897,39.935718],[27.281091,39.935843],[27.281292,39.935917],[27.28153,39.935945],[27.281435,39.936334],[27.281406,39.936506],[27.281355,39.936798],[27.281401,39.937101],[27.281446,39.937255],[27.281469,39.937426],[27.281157,39.93757],[27.281202,39.93761],[27.281226,39.938103],[27.281363,39.938141],[27.281785,39.938216],[27.282008,39.938263],[27.282132,39.93832],[27.282322,39.938549],[27.282415,39.938706],[27.282459,39.938854],[27.282391,39.93894],[27.28228,39.938926],[27.282162,39.938931],[27.282057,39.938998],[27.28194,39.939013],[27.281785,39.938989],[27.281544,39.939042],[27.281544,39.939109],[27.2816,39.939194],[27.281526,39.939304],[27.281384,39.939395],[27.281229,39.939448],[27.281121,39.93983],[27.280978,39.940116],[27.280427,39.939979],[27.280329,39.940422],[27.280813,39.940626],[27.281232,39.940789],[27.281439,39.940834],[27.281786,39.940886],[27.281948,39.940933],[27.281981,39.941429],[27.281988,39.941805],[27.281871,39.941829],[27.281623,39.941916],[27.281469,39.942021],[27.281396,39.942201],[27.281805,39.942177],[27.28335,39.942059],[27.283027,39.942721],[27.283251,39.942759],[27.283393,39.942903],[27.283509,39.942976],[27.284443,39.94264],[27.284486,39.942659],[27.285241,39.942495],[27.285432,39.942242],[27.286052,39.942431],[27.286739,39.942453],[27.286746,39.94261],[27.28744,39.942651],[27.288016,39.942657],[27.288402,39.942591],[27.288617,39.943025],[27.289027,39.942791],[27.289601,39.94266],[27.290483,39.94283],[27.290554,39.942868],[27.290569,39.942893],[27.290674,39.94298],[27.291046,39.943128],[27.291487,39.94326],[27.291983,39.943374],[27.292159,39.943377],[27.292456,39.943374],[27.292934,39.943354],[27.293323,39.943309],[27.293624,39.943279],[27.293878,39.943222],[27.294528,39.943122],[27.294822,39.942973],[27.29525,39.942825],[27.295822,39.942745],[27.296305,39.942807],[27.296543,39.942864],[27.297557,39.94288],[27.299067,39.942732],[27.299549,39.942105],[27.299988,39.941624],[27.301791,39.941516],[27.302992,39.941109],[27.302998,39.941326],[27.30294,39.941658],[27.303625,39.941839],[27.303794,39.942014],[27.304806,39.942362],[27.304826,39.942438],[27.305724,39.942676],[27.306149,39.942492],[27.306549,39.942335],[27.306712,39.942163],[27.306948,39.941674],[27.308943,39.941558],[27.310446,39.940803],[27.3131,39.940708],[27.31282,39.941292],[27.312723,39.941739],[27.312387,39.941896],[27.312071,39.942321],[27.312421,39.94236],[27.31308,39.942457],[27.314118,39.942814],[27.314984,39.943212],[27.315204,39.943404],[27.315753,39.943889],[27.315937,39.9439],[27.315981,39.943586],[27.31637,39.943231],[27.316191,39.943096],[27.316278,39.942596],[27.316386,39.94233],[27.316813,39.941795]]]}},{"type":"Feature","properties":{"id":"TR-Y-17-012-K-0062","level":"yerlesim","type":"mahalle","parent_id":"TR-D-17-012","province_id":"TR-P-17","district_id":"TR-D-17-012","name":"Sofular","source_raw_name":"Sofular","source":"Kullanıcı tarafından sağlanan KML","source_label":"Kullanıcı tarafından sağlanan KML","source_name":"Canakkale Mahalle KML - kullanici tarafindan saglandi"},"geometry":{"type":"Polygon","coordinates":[[[27.306028,40.062285],[27.306404,40.062123],[27.306536,40.062252],[27.306752,40.062288],[27.30679,40.062226],[27.306965,40.06212],[27.306867,40.061894],[27.306918,40.061415],[27.306994,40.061067],[27.307017,40.060627],[27.307025,40.060234],[27.307098,40.059629],[27.307127,40.05929],[27.307056,40.059084],[27.307069,40.058922],[27.30708,40.058748],[27.307047,40.058492],[27.307025,40.058318],[27.30701,40.057841],[27.307003,40.057553],[27.307091,40.057201],[27.307178,40.056906],[27.307203,40.056641],[27.307223,40.056473],[27.307162,40.056291],[27.307148,40.056237],[27.30702,40.055974],[27.306932,40.055853],[27.306757,40.055641],[27.306545,40.055464],[27.306296,40.055192],[27.306223,40.055035],[27.306214,40.054763],[27.306176,40.054573],[27.306417,40.054547],[27.310179,40.05519],[27.31148,40.055454],[27.315056,40.055892],[27.319004,40.05385],[27.320517,40.052682],[27.324585,40.049255],[27.324657,40.049194],[27.324753,40.049209],[27.324841,40.049198],[27.324961,40.049156],[27.325128,40.049063],[27.325215,40.048999],[27.32529,40.048907],[27.325428,40.048733],[27.325566,40.048572],[27.325718,40.048439],[27.325837,40.048372],[27.325966,40.048325],[27.326174,40.048265],[27.326269,40.048248],[27.326402,40.048242],[27.326445,40.048242],[27.326452,40.048219],[27.326683,40.048095],[27.326723,40.048053],[27.329605,40.045319],[27.331803,40.043233],[27.332935,40.038862],[27.333164,40.03798],[27.332929,40.037773],[27.332465,40.037478],[27.33195,40.03709],[27.331766,40.036805],[27.331582,40.036413],[27.331628,40.036118],[27.331761,40.035832],[27.331895,40.035646],[27.332221,40.035536],[27.332519,40.035303],[27.332618,40.035115],[27.333112,40.034836],[27.333389,40.034394],[27.333877,40.03415],[27.334138,40.033386],[27.334281,40.032741],[27.334499,40.032067],[27.334538,40.031689],[27.334236,40.031084],[27.334409,40.031046],[27.334635,40.031049],[27.334749,40.031038],[27.334828,40.031005],[27.334964,40.030913],[27.335092,40.030707],[27.335135,40.030681],[27.33504,40.030626],[27.335056,40.03058],[27.335125,40.030377],[27.335189,40.030122],[27.335516,40.030515],[27.335852,40.030574],[27.336026,40.03064],[27.336057,40.030636],[27.336195,40.030475],[27.33638,40.03022],[27.336542,40.030266],[27.336587,40.030224],[27.336619,40.030083],[27.336974,40.030003],[27.337194,40.029806],[27.337328,40.029749],[27.337407,40.02963],[27.337719,40.029308],[27.338102,40.029295],[27.338686,40.029415],[27.338541,40.029789],[27.338415,40.029962],[27.338535,40.029938],[27.338634,40.029885],[27.33879,40.02957],[27.338919,40.029506],[27.338894,40.02932],[27.338922,40.029258],[27.338971,40.029162],[27.339113,40.028963],[27.339106,40.028803],[27.339119,40.028744],[27.339029,40.028675],[27.339001,40.028618],[27.339007,40.028565],[27.339019,40.028474],[27.339047,40.028431],[27.339112,40.028383],[27.339135,40.02836],[27.339247,40.028236],[27.339266,40.028211],[27.339335,40.028109],[27.339415,40.028146],[27.339357,40.028065],[27.339449,40.027915],[27.339404,40.027724],[27.339301,40.027592],[27.339102,40.0275],[27.338888,40.027233],[27.3387,40.026851],[27.338915,40.026683],[27.338738,40.026493],[27.338784,40.026425],[27.338683,40.026398],[27.338732,40.02607],[27.338744,40.025855],[27.338915,40.025774],[27.338954,40.025741],[27.338954,40.025645],[27.338985,40.025576],[27.338953,40.025443],[27.338904,40.025215],[27.338965,40.025186],[27.338788,40.025206],[27.338548,40.025098],[27.338425,40.025093],[27.338227,40.024957],[27.337948,40.024881],[27.337528,40.0246],[27.337227,40.024397],[27.336949,40.024278],[27.336667,40.024058],[27.336604,40.023984],[27.336591,40.023927],[27.336931,40.022862],[27.336705,40.02248],[27.336647,40.022384],[27.336628,40.022239],[27.336816,40.022073],[27.337057,40.021919],[27.337231,40.02179],[27.337369,40.021683],[27.337411,40.021595],[27.337418,40.021363],[27.33746,40.021182],[27.337478,40.021013],[27.337424,40.020539],[27.337841,40.020438],[27.338206,40.020336],[27.33834,40.020284],[27.338652,40.020123],[27.33891,40.020007],[27.339107,40.019957],[27.339364,40.019867],[27.339642,40.020099],[27.339821,40.020208],[27.340005,40.02025],[27.340201,40.020272],[27.340361,40.020217],[27.340392,40.020214],[27.340443,40.020116],[27.340426,40.019905],[27.340471,40.01971],[27.340491,40.019663],[27.340611,40.019533],[27.340749,40.019375],[27.340856,40.019214],[27.341012,40.019104],[27.341049,40.019059],[27.341181,40.018457],[27.341181,40.018404],[27.340856,40.017833],[27.340358,40.017425],[27.340011,40.017455],[27.339838,40.01757],[27.339678,40.017675],[27.339614,40.01738],[27.339192,40.017228],[27.338894,40.017105],[27.338757,40.017058],[27.338522,40.01703],[27.338223,40.016898],[27.338223,40.016764],[27.338086,40.016574],[27.337785,40.016376],[27.337708,40.016353],[27.337657,40.016193],[27.337275,40.016141],[27.336764,40.016119],[27.336594,40.016215],[27.336527,40.016315],[27.336083,40.016177],[27.3339,40.016004],[27.331562,40.015481],[27.330563,40.01525],[27.329382,40.014667],[27.32879,40.013997],[27.325354,40.013425],[27.324028,40.01096],[27.322995,40.009958],[27.323086,40.009533],[27.32262,40.009387],[27.322304,40.009345],[27.322225,40.009669],[27.321958,40.009513],[27.321771,40.009303],[27.321708,40.009204],[27.321124,40.008886],[27.320795,40.008777],[27.3194,40.008633],[27.318979,40.008587],[27.31849,40.00875],[27.318118,40.008704],[27.317589,40.008314],[27.317491,40.008524],[27.317084,40.008983],[27.316997,40.008921],[27.316693,40.008893],[27.316607,40.00896],[27.316395,40.008846],[27.316012,40.009024],[27.312612,40.00819],[27.307743,40.007373],[27.307797,40.007011],[27.307604,40.006759],[27.307566,40.006635],[27.307224,40.006374],[27.30713,40.006107],[27.307086,40.006031],[27.307116,40.005793],[27.306868,40.005808],[27.306627,40.005908],[27.303241,40.003987],[27.30321,40.003911],[27.303129,40.003773],[27.302681,40.003374],[27.302525,40.003193],[27.302469,40.003146],[27.302183,40.003027],[27.301843,40.003071],[27.301607,40.002967],[27.301476,40.002843],[27.301291,40.002925],[27.301223,40.003106],[27.299748,40.002919],[27.299308,40.002925],[27.299209,40.003059],[27.298969,40.003403],[27.298814,40.003432],[27.298633,40.003089],[27.298471,40.00287],[27.298192,40.00289],[27.295037,40.004085],[27.294783,40.004128],[27.294547,40.004119],[27.294139,40.004287],[27.293107,40.004938],[27.291399,40.005657],[27.288826,40.005411],[27.288655,40.006012],[27.288156,40.006666],[27.288281,40.006756],[27.288849,40.007832],[27.289464,40.008164],[27.289117,40.008246],[27.288796,40.008366],[27.288566,40.008376],[27.288176,40.00852],[27.288009,40.008415],[27.287482,40.008383],[27.287173,40.008765],[27.286739,40.008652],[27.286669,40.008218],[27.286408,40.008124],[27.286411,40.007299],[27.286157,40.007309],[27.286297,40.006737],[27.286149,40.006733],[27.285647,40.006734],[27.285604,40.006896],[27.28516,40.007431],[27.28449,40.007185],[27.284625,40.007013],[27.284792,40.006932],[27.284612,40.006741],[27.28424,40.006718],[27.284101,40.006399],[27.284253,40.006037],[27.285014,40.005528],[27.284943,40.005469],[27.284861,40.005235],[27.285064,40.005008],[27.28506,40.004908],[27.284913,40.00436],[27.284927,40.004088],[27.285112,40.003913],[27.285362,40.003395],[27.285338,40.002972],[27.284632,40.003011],[27.284462,40.002425],[27.284143,40.002428],[27.283924,40.002535],[27.283522,40.002444],[27.283012,40.002443],[27.282543,40.002267],[27.282385,40.001795],[27.282255,40.001807],[27.281832,40.002011],[27.281848,40.002308],[27.282206,40.002499],[27.282018,40.00288],[27.282085,40.003017],[27.282459,40.003393],[27.282504,40.00351],[27.282511,40.003611],[27.282885,40.004084],[27.282832,40.004599],[27.282285,40.004695],[27.282033,40.004878],[27.281739,40.004791],[27.28162,40.004774],[27.281449,40.004745],[27.281263,40.004755],[27.281244,40.004643],[27.280932,40.00467],[27.281002,40.005447],[27.280786,40.005482],[27.280994,40.006279],[27.280875,40.0063],[27.280849,40.007246],[27.281026,40.007646],[27.280878,40.007909],[27.28111,40.008203],[27.281276,40.008818],[27.28163,40.008871],[27.281322,40.009149],[27.280609,40.00926],[27.280407,40.009112],[27.280206,40.009158],[27.280305,40.009486],[27.280516,40.009452],[27.280871,40.009885],[27.281606,40.010404],[27.281771,40.01069],[27.281548,40.010704],[27.281582,40.010844],[27.281765,40.010987],[27.281609,40.011167],[27.281334,40.011248],[27.281138,40.011446],[27.281012,40.011481],[27.280883,40.011921],[27.280532,40.012311],[27.280398,40.012449],[27.280266,40.012701],[27.28017,40.012998],[27.280178,40.013175],[27.279956,40.013496],[27.279904,40.013451],[27.278962,40.013193],[27.278639,40.013248],[27.278223,40.013329],[27.278125,40.013958],[27.278037,40.014387],[27.277817,40.014988],[27.278715,40.015424],[27.278917,40.015735],[27.278869,40.015843],[27.278633,40.016842],[27.278304,40.016857],[27.277943,40.016438],[27.277947,40.015914],[27.277741,40.015481],[27.277126,40.015325],[27.276846,40.014982],[27.276474,40.014826],[27.276473,40.01474],[27.276245,40.014884],[27.275649,40.014795],[27.275593,40.014666],[27.275066,40.014739],[27.275152,40.014581],[27.274465,40.014783],[27.274155,40.014722],[27.273751,40.014456],[27.273931,40.014398],[27.274928,40.014353],[27.274816,40.014125],[27.274109,40.01394],[27.273997,40.014036],[27.273562,40.013699],[27.273716,40.013408],[27.273926,40.013188],[27.27299,40.01309],[27.2726,40.013363],[27.272278,40.013392],[27.271571,40.013274],[27.271192,40.013856],[27.272286,40.014616],[27.273912,40.015117],[27.274001,40.015641],[27.274323,40.015641],[27.274746,40.015945],[27.27471,40.016212],[27.274648,40.016278],[27.274189,40.01627],[27.274041,40.016442],[27.27429,40.016603],[27.274416,40.017108],[27.274144,40.017433],[27.273512,40.01753],[27.273603,40.018378],[27.273392,40.018521],[27.272685,40.018428],[27.272787,40.018942],[27.272579,40.019734],[27.271491,40.020575],[27.271814,40.020555],[27.272297,40.02043],[27.27304,40.020247],[27.273202,40.020552],[27.272608,40.020839],[27.271978,40.021289],[27.271895,40.022175],[27.27238,40.022689],[27.272047,40.023061],[27.271292,40.023406],[27.271009,40.023931],[27.272389,40.025034],[27.272775,40.025309],[27.27311,40.025461],[27.274714,40.026582],[27.274976,40.027086],[27.275353,40.02821],[27.274041,40.028871],[27.272537,40.031],[27.272413,40.031086],[27.272204,40.031458],[27.271797,40.032003],[27.271798,40.032127],[27.271552,40.032737],[27.271168,40.032938],[27.270897,40.033234],[27.267874,40.037054],[27.267641,40.04102],[27.265919,40.043298],[27.269393,40.043108],[27.271665,40.04378],[27.273718,40.044876],[27.273789,40.044756],[27.274069,40.044654],[27.274122,40.044748],[27.274472,40.044865],[27.274727,40.044754],[27.274829,40.044933],[27.275087,40.044796],[27.275254,40.044764],[27.275395,40.044595],[27.275481,40.044589],[27.275648,40.044637],[27.275827,40.044646],[27.276307,40.044819],[27.276393,40.044767],[27.276642,40.044701],[27.276798,40.044746],[27.277045,40.044992],[27.277008,40.045163],[27.277143,40.045303],[27.277002,40.045372],[27.277115,40.045735],[27.277387,40.046012],[27.277545,40.04634],[27.277862,40.046479],[27.278019,40.046616],[27.278101,40.04675],[27.2799,40.048027],[27.280791,40.048671],[27.281071,40.048719],[27.281305,40.048647],[27.28152,40.048604],[27.28177,40.048589],[27.28206,40.048537],[27.282273,40.048896],[27.282493,40.049053],[27.28274,40.049221],[27.282818,40.049378],[27.283318,40.049509],[27.283575,40.049551],[27.283929,40.049845],[27.283986,40.050196],[27.284146,40.050159],[27.284273,40.050273],[27.284348,40.050384],[27.285457,40.050381],[27.285989,40.050411],[27.286091,40.050663],[27.286092,40.050894],[27.286276,40.051443],[27.286475,40.051828],[27.286519,40.052603],[27.286826,40.052957],[27.286856,40.053146],[27.286924,40.053223],[27.286954,40.05336],[27.287025,40.053446],[27.287112,40.053637],[27.286882,40.053966],[27.286824,40.054378],[27.286904,40.054675],[27.286982,40.054658],[27.289974,40.054814],[27.29009,40.054802],[27.290224,40.054919],[27.290395,40.054947],[27.291328,40.055542],[27.293531,40.056515],[27.294173,40.056796],[27.294459,40.056781],[27.294652,40.056652],[27.294733,40.056506],[27.295002,40.056748],[27.295055,40.056897],[27.295201,40.057068],[27.29519,40.057162],[27.295836,40.05777],[27.297006,40.058848],[27.297096,40.059016],[27.297159,40.059085],[27.297339,40.059218],[27.29767,40.059223],[27.29831,40.059299],[27.298616,40.05949],[27.298439,40.05979],[27.29806,40.059914],[27.302125,40.059428],[27.304662,40.063949],[27.3052,40.062802],[27.306028,40.062285]]]}},{"type":"Feature","properties":{"id":"TR-Y-17-012-K-0063","level":"yerlesim","type":"mahalle","parent_id":"TR-D-17-012","province_id":"TR-P-17","district_id":"TR-D-17-012","name":"Soğucak","source_raw_name":"Soğucak","source":"Kullanıcı tarafından sağlanan KML","source_label":"Kullanıcı tarafından sağlanan KML","source_name":"Canakkale Mahalle KML - kullanici tarafindan saglandi"},"geometry":{"type":"Polygon","coordinates":[[[27.365667,40.040104],[27.366078,40.039885],[27.366312,40.040045],[27.366505,40.039998],[27.366724,40.040078],[27.366824,40.04008],[27.366949,40.040295],[27.367052,40.040428],[27.367219,40.040414],[27.367518,40.040243],[27.36798,40.040345],[27.37201,40.039771],[27.372859,40.038953],[27.373431,40.038398],[27.373527,40.037852],[27.373517,40.037753],[27.37383,40.036959],[27.375263,40.036055],[27.375797,40.03576],[27.376114,40.035522],[27.376257,40.035388],[27.376192,40.035274],[27.378362,40.034844],[27.379085,40.034647],[27.379793,40.034557],[27.380696,40.0346],[27.38181,40.034881],[27.381878,40.034862],[27.382046,40.034942],[27.382326,40.03507],[27.382332,40.035132],[27.382569,40.035231],[27.382631,40.035312],[27.383773,40.035594],[27.385831,40.03543],[27.386979,40.034401],[27.387716,40.033909],[27.389248,40.034356],[27.389776,40.034403],[27.390015,40.034562],[27.390153,40.034664],[27.390456,40.034989],[27.390826,40.035157],[27.39237,40.034614],[27.39198,40.033346],[27.391853,40.032731],[27.39051,40.031964],[27.390295,40.031401],[27.390517,40.03056],[27.390853,40.03017],[27.391128,40.029494],[27.390704,40.028237],[27.390441,40.027718],[27.390392,40.027581],[27.390282,40.027212],[27.389116,40.025629],[27.390161,40.024871],[27.391358,40.024801],[27.39242,40.024491],[27.392421,40.02412],[27.39179,40.023587],[27.390706,40.022679],[27.389473,40.021642],[27.389844,40.020866],[27.390321,40.019795],[27.390402,40.019577],[27.389786,40.018596],[27.389602,40.017561],[27.389352,40.016004],[27.387969,40.014856],[27.38538,40.013995],[27.385161,40.013424],[27.385428,40.012723],[27.386418,40.010163],[27.386311,40.00972],[27.385783,40.009013],[27.385732,40.008544],[27.386111,40.007771],[27.386026,40.007371],[27.3858,40.006822],[27.385853,40.006342],[27.386675,40.0056],[27.385833,40.005206],[27.385639,40.005767],[27.385469,40.00595],[27.385091,40.006146],[27.384071,40.005932],[27.383809,40.005681],[27.383083,40.005489],[27.382739,40.005124],[27.382819,40.004824],[27.382378,40.005091],[27.381847,40.005242],[27.381684,40.005337],[27.381279,40.005438],[27.38093,40.005456],[27.380762,40.005348],[27.380497,40.005298],[27.379948,40.005379],[27.379647,40.005449],[27.379368,40.005404],[27.379054,40.005225],[27.378726,40.005],[27.378558,40.004946],[27.377898,40.004577],[27.377622,40.004443],[27.377622,40.004418],[27.377253,40.004207],[27.37698,40.003971],[27.376964,40.003842],[27.376852,40.003708],[27.376636,40.003589],[27.376423,40.003401],[27.376211,40.003356],[27.376044,40.003391],[27.375692,40.003111],[27.375718,40.003109],[27.375643,40.002906],[27.375527,40.002792],[27.375529,40.002457],[27.375465,40.002257],[27.375174,40.002044],[27.374439,40.001623],[27.37407,40.001527],[27.373779,40.001379],[27.372997,40.001104],[27.371924,40.00061],[27.371555,39.999842],[27.371574,39.999179],[27.371588,39.998823],[27.371206,39.998572],[27.370779,39.998512],[27.370402,39.998361],[27.369846,39.998294],[27.369597,39.99802],[27.369654,39.99757],[27.370008,39.997135],[27.370087,39.996997],[27.369947,39.996776],[27.370242,39.996272],[27.370903,39.996124],[27.37029,39.9956],[27.370121,39.995263],[27.36897,39.993471],[27.368827,39.993091],[27.367641,39.992346],[27.366851,39.992025],[27.365526,39.991838],[27.364048,39.991359],[27.363404,39.991207],[27.362608,39.991103],[27.361682,39.991009],[27.360993,39.990891],[27.356535,39.9921],[27.354411,39.992673],[27.351885,39.993362],[27.350647,39.998155],[27.347138,40.000155],[27.343005,40.002516],[27.342044,40.002664],[27.338883,40.005151],[27.33585,40.007234],[27.335314,40.00732],[27.335227,40.007709],[27.335298,40.00796],[27.332384,40.011934],[27.3339,40.016004],[27.336083,40.016177],[27.336527,40.016315],[27.336594,40.016215],[27.336764,40.016119],[27.337275,40.016141],[27.337657,40.016193],[27.337708,40.016353],[27.337785,40.016376],[27.338086,40.016574],[27.338223,40.016764],[27.338223,40.016898],[27.338522,40.01703],[27.338757,40.017058],[27.338894,40.017105],[27.339192,40.017228],[27.339614,40.01738],[27.339678,40.017675],[27.339838,40.01757],[27.340011,40.017455],[27.340358,40.017425],[27.340856,40.017833],[27.341181,40.018404],[27.341181,40.018457],[27.341206,40.018342],[27.341518,40.022168],[27.344386,40.024329],[27.347837,40.026345],[27.348279,40.026829],[27.348711,40.027455],[27.351779,40.029304],[27.361213,40.034989],[27.361418,40.035556],[27.362126,40.036405],[27.363683,40.038242],[27.36568,40.040584],[27.365604,40.040352],[27.365667,40.040104]]]}},{"type":"Feature","properties":{"id":"TR-Y-17-012-K-0064","level":"yerlesim","type":"mahalle","parent_id":"TR-D-17-012","province_id":"TR-P-17","district_id":"TR-D-17-012","name":"Suuçtu","source_raw_name":"Suuçtu","source":"Kullanıcı tarafından sağlanan KML","source_label":"Kullanıcı tarafından sağlanan KML","source_name":"Canakkale Mahalle KML - kullanici tarafindan saglandi"},"geometry":{"type":"Polygon","coordinates":[[[27.365882,39.803303],[27.366687,39.802969],[27.367985,39.803001],[27.368163,39.802767],[27.368174,39.802588],[27.368126,39.802207],[27.368249,39.802075],[27.36847,39.801972],[27.368711,39.801983],[27.368995,39.801873],[27.369244,39.801612],[27.369707,39.801477],[27.37022,39.801033],[27.370497,39.800708],[27.371365,39.799685],[27.37181,39.79915],[27.37233,39.798714],[27.372576,39.798454],[27.372557,39.798323],[27.37219,39.797881],[27.372325,39.797735],[27.373102,39.797444],[27.373327,39.797312],[27.373813,39.797046],[27.374153,39.797048],[27.374342,39.797097],[27.374676,39.797217],[27.375217,39.797232],[27.376115,39.797146],[27.376319,39.797091],[27.376407,39.797111],[27.376488,39.797047],[27.377449,39.796729],[27.377559,39.796731],[27.377741,39.79667],[27.377995,39.796468],[27.378156,39.796281],[27.378231,39.796197],[27.378448,39.796156],[27.37879,39.796203],[27.379299,39.796352],[27.379523,39.796426],[27.379765,39.796483],[27.380479,39.796528],[27.380745,39.796515],[27.381239,39.796336],[27.381406,39.796246],[27.381818,39.796014],[27.382118,39.795874],[27.382173,39.795896],[27.382252,39.795805],[27.38256,39.795762],[27.382691,39.795738],[27.383013,39.795443],[27.383133,39.795022],[27.38316,39.794834],[27.383361,39.794437],[27.383408,39.794269],[27.383392,39.793909],[27.383399,39.793699],[27.383418,39.793241],[27.383399,39.792948],[27.383454,39.792568],[27.383432,39.792147],[27.383829,39.791817],[27.383962,39.791647],[27.384008,39.791151],[27.383894,39.790618],[27.38391,39.790189],[27.384094,39.789888],[27.384708,39.789252],[27.384874,39.789142],[27.385059,39.789079],[27.385096,39.788912],[27.385032,39.788626],[27.384695,39.787984],[27.384414,39.787461],[27.38416,39.787223],[27.383967,39.786985],[27.383904,39.786733],[27.383939,39.786409],[27.383831,39.785937],[27.383908,39.785284],[27.383907,39.785103],[27.383807,39.784922],[27.383899,39.784693],[27.383712,39.784436],[27.383773,39.784293],[27.383598,39.783903],[27.383597,39.783751],[27.383377,39.783165],[27.383228,39.782951],[27.383172,39.782808],[27.383208,39.782618],[27.383556,39.782011],[27.383525,39.781892],[27.383276,39.78155],[27.383318,39.781307],[27.384079,39.779388],[27.383578,39.779299],[27.383542,39.779466],[27.383754,39.779866],[27.383594,39.779962],[27.38352,39.779981],[27.38326,39.77981],[27.383174,39.779868],[27.383237,39.780125],[27.383244,39.780263],[27.382818,39.780164],[27.382632,39.779993],[27.382764,39.779297],[27.383267,39.778666],[27.383381,39.7788],[27.383664,39.777895],[27.384198,39.776612],[27.384944,39.776226],[27.385699,39.776081],[27.386452,39.775982],[27.386449,39.775951],[27.372211,39.771385],[27.372209,39.771384],[27.372189,39.771378],[27.372081,39.770751],[27.371729,39.770003],[27.370926,39.769588],[27.369976,39.769254],[27.369372,39.768512],[27.368666,39.768246],[27.36801,39.76759],[27.367134,39.767221],[27.366518,39.767074],[27.365286,39.766821],[27.364446,39.766326],[27.363187,39.765037],[27.361756,39.763475],[27.360679,39.762992],[27.359951,39.762542],[27.359238,39.762356],[27.358396,39.761403],[27.358052,39.760764],[27.357703,39.759284],[27.357457,39.75889],[27.356693,39.758869],[27.352787,39.758624],[27.350839,39.758859],[27.350025,39.757626],[27.349491,39.757473],[27.349225,39.757651],[27.347632,39.757701],[27.345888,39.75853],[27.344947,39.76006],[27.343731,39.761408],[27.342515,39.762875],[27.342908,39.764287],[27.343289,39.764898],[27.343409,39.765332],[27.343198,39.766162],[27.342882,39.766615],[27.342775,39.76745],[27.342022,39.767973],[27.341552,39.768809],[27.339949,39.769917],[27.339563,39.77144],[27.339101,39.772311],[27.338205,39.773983],[27.337551,39.775184],[27.337796,39.775487],[27.337896,39.775715],[27.337481,39.776765],[27.336974,39.777858],[27.337017,39.777886],[27.337558,39.777671],[27.337746,39.777684],[27.337968,39.777674],[27.338197,39.777606],[27.338361,39.777631],[27.338571,39.777609],[27.338682,39.777645],[27.338764,39.77777],[27.338784,39.777833],[27.339032,39.77792],[27.339052,39.777981],[27.338991,39.778134],[27.339167,39.778294],[27.339076,39.778416],[27.339109,39.778561],[27.338801,39.778767],[27.338812,39.778899],[27.339002,39.778931],[27.339187,39.778915],[27.33986,39.779382],[27.340027,39.779415],[27.340411,39.779628],[27.341527,39.779134],[27.342769,39.77995],[27.342851,39.780131],[27.342821,39.78087],[27.343031,39.780908],[27.344789,39.780536],[27.345529,39.780152],[27.345809,39.780666],[27.346059,39.781137],[27.346078,39.781313],[27.346092,39.781599],[27.346169,39.782128],[27.346114,39.78241],[27.345776,39.78272],[27.344865,39.783209],[27.344372,39.783606],[27.344776,39.783992],[27.344815,39.784369],[27.344451,39.785589],[27.344303,39.785749],[27.344081,39.785801],[27.343211,39.786816],[27.342187,39.7881],[27.341672,39.788828],[27.341504,39.789406],[27.341581,39.789864],[27.341731,39.790161],[27.342427,39.791453],[27.342427,39.791453],[27.342508,39.791428],[27.344719,39.792677],[27.34472,39.792677],[27.34545,39.793042],[27.345543,39.793049],[27.346422,39.792784],[27.346608,39.792907],[27.347171,39.793092],[27.347797,39.793423],[27.348196,39.793475],[27.348474,39.793579],[27.34862,39.793707],[27.348741,39.793718],[27.348929,39.793637],[27.34911,39.793548],[27.350328,39.792458],[27.350236,39.791869],[27.350625,39.791224],[27.350738,39.789911],[27.350936,39.789851],[27.351216,39.789755],[27.351272,39.789767],[27.3519,39.78986],[27.352293,39.790016],[27.352609,39.790206],[27.352662,39.790301],[27.352533,39.790573],[27.35317,39.791131],[27.353757,39.79128],[27.354577,39.791527],[27.35518,39.791695],[27.355317,39.791766],[27.355722,39.791943],[27.35584,39.792098],[27.355878,39.792241],[27.35586,39.792298],[27.355811,39.792458],[27.35565,39.792901],[27.355584,39.793331],[27.355378,39.79355],[27.355256,39.793827],[27.355421,39.794065],[27.355367,39.794277],[27.355553,39.794448],[27.355579,39.794765],[27.355785,39.795158],[27.355971,39.795889],[27.356518,39.79593],[27.356552,39.796607],[27.356386,39.796726],[27.356372,39.796888],[27.35653,39.797036],[27.356556,39.79725],[27.356315,39.797353],[27.356211,39.797485],[27.35624,39.797661],[27.356355,39.797782],[27.356798,39.798009],[27.357197,39.798137],[27.357883,39.798151],[27.35841,39.798564],[27.35895,39.798963],[27.359109,39.799232],[27.359453,39.799464],[27.359493,39.799521],[27.359686,39.799809],[27.360216,39.800012],[27.360519,39.80014],[27.36073,39.800404],[27.360891,39.800456],[27.360981,39.80051],[27.36168,39.801307],[27.362579,39.802476],[27.362898,39.802442],[27.362974,39.802906],[27.36399,39.804028],[27.364578,39.804665],[27.364641,39.806355],[27.364986,39.805605],[27.365578,39.804119],[27.365882,39.803303]]]}},{"type":"Feature","properties":{"id":"TR-Y-17-012-K-0065","level":"yerlesim","type":"mahalle","parent_id":"TR-D-17-012","province_id":"TR-P-17","district_id":"TR-D-17-012","name":"Taban","source_raw_name":"Taban","source":"Kullanıcı tarafından sağlanan KML","source_label":"Kullanıcı tarafından sağlanan KML","source_name":"Canakkale Mahalle KML - kullanici tarafindan saglandi"},"geometry":{"type":"Polygon","coordinates":[[[27.385956,40.102114],[27.4043,40.100813],[27.4105,40.100887],[27.415312,40.096966],[27.4255,40.100452],[27.441823,40.093535],[27.457534,40.088523],[27.46012,40.07847],[27.45284,40.074895],[27.448893,40.071499],[27.4472,40.065396],[27.452019,40.059981],[27.455666,40.054664],[27.454929,40.047261],[27.453316,40.037679],[27.452284,40.034468],[27.449815,40.030313],[27.445534,40.029548],[27.442783,40.029026],[27.440966,40.02868],[27.43842,40.028518],[27.435042,40.028405],[27.429155,40.029124],[27.422486,40.028739],[27.422628,40.029257],[27.422958,40.02979],[27.423079,40.030125],[27.422983,40.030522],[27.422926,40.030941],[27.422967,40.031132],[27.423166,40.03136],[27.423317,40.031603],[27.423249,40.03187],[27.423232,40.03232],[27.423343,40.032701],[27.423306,40.033045],[27.423486,40.033395],[27.423617,40.033615],[27.423618,40.033867],[27.423699,40.034126],[27.423859,40.034217],[27.424347,40.034604],[27.424537,40.03484],[27.424595,40.038211],[27.42445,40.038328],[27.424426,40.038373],[27.424294,40.038574],[27.424282,40.038634],[27.424245,40.038691],[27.424219,40.039444],[27.424197,40.039923],[27.424148,40.040128],[27.424109,40.040235],[27.424214,40.040664],[27.424127,40.041124],[27.424023,40.041401],[27.423687,40.041776],[27.423502,40.041865],[27.423353,40.041894],[27.42322,40.041902],[27.423018,40.041907],[27.42296,40.041972],[27.422954,40.042044],[27.422613,40.04198],[27.422343,40.041908],[27.422193,40.041837],[27.421823,40.041676],[27.421786,40.041714],[27.421688,40.041896],[27.421673,40.041984],[27.421649,40.041993],[27.421593,40.041987],[27.421391,40.04193],[27.421345,40.041959],[27.42125,40.042147],[27.421074,40.042301],[27.420922,40.042256],[27.420663,40.042054],[27.420287,40.041853],[27.420213,40.041942],[27.420276,40.042158],[27.420324,40.042291],[27.420288,40.042585],[27.420236,40.04269],[27.420165,40.042771],[27.420109,40.042712],[27.419931,40.042483],[27.419796,40.042265],[27.419678,40.042184],[27.419234,40.042081],[27.41901,40.041941],[27.418879,40.041882],[27.418526,40.041914],[27.417903,40.041912],[27.41801,40.042085],[27.418188,40.042299],[27.418356,40.042403],[27.418484,40.042632],[27.418644,40.042846],[27.418893,40.043064],[27.419018,40.043254],[27.419062,40.043404],[27.419218,40.043539],[27.41943,40.043679],[27.419511,40.043831],[27.419686,40.04405],[27.419855,40.044218],[27.419939,40.044335],[27.419872,40.044562],[27.419857,40.044643],[27.419811,40.044717],[27.419666,40.044796],[27.419462,40.044851],[27.41927,40.044859],[27.419013,40.044946],[27.418893,40.04507],[27.418773,40.045328],[27.41912,40.045751],[27.419164,40.045841],[27.419236,40.04597],[27.419365,40.046174],[27.419486,40.046298],[27.419478,40.0465],[27.419528,40.04656],[27.419554,40.046669],[27.419592,40.046886],[27.419439,40.047113],[27.419278,40.047218],[27.41912,40.047295],[27.419105,40.047345],[27.419106,40.047536],[27.419067,40.047648],[27.418958,40.047694],[27.418866,40.047722],[27.418789,40.04782],[27.41875,40.048059],[27.418849,40.048039],[27.418942,40.048056],[27.419041,40.048086],[27.4191,40.048067],[27.419156,40.047991],[27.419205,40.047976],[27.419363,40.047985],[27.419459,40.047963],[27.419481,40.047916],[27.41949,40.047842],[27.419551,40.047813],[27.419657,40.047822],[27.41979,40.047819],[27.420007,40.047745],[27.420056,40.047744],[27.420109,40.047785],[27.420284,40.047979],[27.420522,40.048307],[27.420207,40.04858],[27.419896,40.048924],[27.419757,40.04893],[27.419281,40.048715],[27.41925,40.048689],[27.41924,40.048674],[27.419255,40.048491],[27.419063,40.048487],[27.418923,40.048499],[27.418713,40.048574],[27.418657,40.048591],[27.418483,40.048615],[27.418261,40.048733],[27.418172,40.048826],[27.418184,40.048873],[27.418225,40.048897],[27.418331,40.048952],[27.418331,40.048999],[27.41821,40.049074],[27.41813,40.04911],[27.41805,40.0493],[27.41765,40.049655],[27.417446,40.049808],[27.417322,40.04982],[27.417136,40.049778],[27.416901,40.049996],[27.416623,40.050661],[27.416242,40.050658],[27.416114,40.050625],[27.415987,40.050511],[27.415837,40.050402],[27.415626,40.050339],[27.415415,40.050246],[27.415153,40.050021],[27.415052,40.049797],[27.414836,40.049896],[27.414752,40.049906],[27.414674,40.049894],[27.414516,40.04979],[27.414288,40.049569],[27.414174,40.049646],[27.413987,40.049582],[27.413848,40.049575],[27.413634,40.049595],[27.413422,40.04947],[27.413211,40.049463],[27.413071,40.049757],[27.412901,40.049962],[27.413162,40.050014],[27.413407,40.050094],[27.413482,40.05016],[27.413881,40.05044],[27.414036,40.050497],[27.414213,40.050577],[27.414521,40.05074],[27.414435,40.050829],[27.414435,40.050867],[27.414377,40.051022],[27.414211,40.051156],[27.414109,40.051285],[27.41399,40.051598],[27.413895,40.051722],[27.413187,40.052244],[27.413234,40.052589],[27.413294,40.052815],[27.412946,40.053043],[27.41284,40.053097],[27.412488,40.053186],[27.412416,40.053188],[27.412272,40.053149],[27.412145,40.053081],[27.412137,40.053122],[27.412342,40.053278],[27.412546,40.053418],[27.412697,40.053513],[27.412793,40.053564],[27.412876,40.053593],[27.412965,40.05361],[27.412961,40.053842],[27.412952,40.054031],[27.412918,40.05422],[27.41289,40.054449],[27.412953,40.054549],[27.412925,40.054551],[27.412864,40.054595],[27.412814,40.054657],[27.41274,40.054689],[27.412626,40.054739],[27.41252,40.05481],[27.412414,40.054872],[27.412112,40.055035],[27.412082,40.055441],[27.411063,40.055967],[27.410957,40.056],[27.410595,40.056052],[27.410449,40.05611],[27.410253,40.056164],[27.409896,40.056192],[27.409788,40.056307],[27.409756,40.056425],[27.409792,40.056555],[27.40992,40.056798],[27.409868,40.056772],[27.409768,40.056677],[27.409638,40.05661],[27.409452,40.056596],[27.409224,40.056616],[27.408761,40.056753],[27.408469,40.056824],[27.408258,40.056848],[27.408042,40.056851],[27.407858,40.056804],[27.407657,40.056732],[27.407267,40.056619],[27.406701,40.05656],[27.406298,40.056412],[27.405556,40.056301],[27.405,40.056316],[27.404858,40.056238],[27.404621,40.056018],[27.404531,40.055902],[27.404299,40.055615],[27.404014,40.055296],[27.403867,40.055201],[27.403529,40.055076],[27.403474,40.054996],[27.403205,40.054824],[27.403094,40.054834],[27.40293,40.054903],[27.402788,40.055199],[27.402771,40.055262],[27.402773,40.055647],[27.402356,40.055944],[27.402196,40.056089],[27.402055,40.056155],[27.40173,40.056221],[27.401545,40.056395],[27.401443,40.056431],[27.401381,40.056391],[27.401521,40.056662],[27.401667,40.056825],[27.401883,40.056861],[27.402036,40.056927],[27.40216,40.057086],[27.402261,40.057329],[27.40244,40.057394],[27.402667,40.057408],[27.402854,40.057481],[27.402903,40.057595],[27.402856,40.057867],[27.402701,40.058128],[27.402594,40.058269],[27.402529,40.058595],[27.402605,40.058835],[27.402729,40.059012],[27.402841,40.059128],[27.402987,40.059248],[27.403174,40.059325],[27.403472,40.059472],[27.403648,40.059552],[27.403816,40.059754],[27.403703,40.06002],[27.403603,40.060158],[27.403462,40.060236],[27.403407,40.060319],[27.403407,40.06047],[27.403364,40.060633],[27.403349,40.060699],[27.403338,40.061331],[27.40335,40.061406],[27.403414,40.061597],[27.403397,40.061929],[27.403313,40.062098],[27.402805,40.062477],[27.402613,40.062715],[27.402402,40.062967],[27.402325,40.063053],[27.402172,40.063057],[27.40205,40.063106],[27.401921,40.063292],[27.401966,40.063426],[27.402063,40.063512],[27.402164,40.063537],[27.402298,40.063551],[27.402525,40.063593],[27.402656,40.063681],[27.402697,40.06377],[27.402687,40.063858],[27.40261,40.064019],[27.402458,40.064148],[27.402303,40.064366],[27.402267,40.064543],[27.402562,40.064782],[27.402808,40.06487],[27.403069,40.065001],[27.403417,40.065223],[27.403568,40.065568],[27.403674,40.065899],[27.403712,40.065991],[27.40382,40.066139],[27.404183,40.06645],[27.40421,40.06661],[27.404111,40.066736],[27.403929,40.066842],[27.40387,40.067008],[27.403877,40.06748],[27.403975,40.067671],[27.404043,40.067874],[27.403825,40.068112],[27.403696,40.068353],[27.403746,40.068673],[27.403471,40.068685],[27.40321,40.068646],[27.402995,40.068747],[27.402876,40.068836],[27.402918,40.069042],[27.402916,40.06923],[27.402857,40.069408],[27.402784,40.069537],[27.402711,40.069795],[27.403126,40.070242],[27.403183,40.070376],[27.403206,40.070485],[27.40318,40.070522],[27.403118,40.070671],[27.403025,40.070688],[27.403153,40.070928],[27.403217,40.071057],[27.403281,40.071162],[27.403311,40.071251],[27.403283,40.071511],[27.403246,40.07162],[27.403236,40.071743],[27.403042,40.071723],[27.4028,40.071667],[27.402759,40.071659],[27.402417,40.071794],[27.402582,40.071988],[27.402594,40.072042],[27.402676,40.072179],[27.402662,40.072257],[27.40254,40.072357],[27.40257,40.072537],[27.402262,40.072593],[27.402482,40.073252],[27.402434,40.073447],[27.402429,40.073839],[27.40221,40.073882],[27.402136,40.073931],[27.402144,40.074011],[27.403516,40.074373],[27.403728,40.074426],[27.403339,40.074785],[27.403241,40.075097],[27.40303,40.075389],[27.402909,40.075721],[27.402973,40.075844],[27.402971,40.076076],[27.402843,40.076451],[27.402784,40.076565],[27.40253,40.076964],[27.402549,40.077069],[27.402513,40.077347],[27.402406,40.077562],[27.402291,40.077619],[27.402254,40.077622],[27.402347,40.078151],[27.401804,40.078905],[27.401051,40.080692],[27.400948,40.080809],[27.401076,40.081101],[27.400916,40.081164],[27.399602,40.082514],[27.398938,40.083613],[27.398296,40.084235],[27.397379,40.084343],[27.395807,40.085015],[27.395073,40.084837],[27.394928,40.085438],[27.394461,40.086287],[27.393086,40.086616],[27.392825,40.086541],[27.392226,40.086009],[27.391889,40.085553],[27.390773,40.085823],[27.389746,40.086237],[27.389514,40.086876],[27.389206,40.087268],[27.388138,40.087233],[27.387285,40.08776],[27.38709,40.088485],[27.386609,40.088954],[27.385432,40.089311],[27.384638,40.089371],[27.383956,40.089392],[27.38289,40.089634],[27.381474,40.089529],[27.382485,40.094863],[27.38201,40.096245],[27.381967,40.096371],[27.381257,40.098436],[27.385197,40.099355],[27.385956,40.102114]]]}},{"type":"Feature","properties":{"id":"TR-Y-17-012-K-0066","level":"yerlesim","type":"mahalle","parent_id":"TR-D-17-012","province_id":"TR-P-17","district_id":"TR-D-17-012","name":"Torhasan","source_raw_name":"Torhasan","source":"Kullanıcı tarafından sağlanan KML","source_label":"Kullanıcı tarafından sağlanan KML","source_name":"Canakkale Mahalle KML - kullanici tarafindan saglandi"},"geometry":{"type":"Polygon","coordinates":[[[27.249138,40.049811],[27.24946,40.049724],[27.249702,40.049733],[27.250545,40.049617],[27.250594,40.049546],[27.250755,40.049509],[27.250848,40.049469],[27.251723,40.049612],[27.252346,40.04962],[27.25267,40.049057],[27.252852,40.048921],[27.252842,40.048647],[27.253012,40.048556],[27.252838,40.048433],[27.253367,40.047983],[27.253351,40.0479],[27.253489,40.047569],[27.253943,40.04797],[27.253919,40.048051],[27.254224,40.048299],[27.254411,40.048698],[27.25515,40.049064],[27.255888,40.049062],[27.255831,40.048795],[27.255563,40.048338],[27.25599,40.048137],[27.25666,40.04816],[27.256889,40.047964],[27.257181,40.048097],[27.25733,40.048263],[27.257697,40.048443],[27.257951,40.0484],[27.258161,40.048204],[27.258061,40.04799],[27.258104,40.047866],[27.25809,40.047375],[27.258275,40.04727],[27.258517,40.047298],[27.258721,40.047221],[27.259069,40.047263],[27.259224,40.047344],[27.259379,40.047324],[27.25949,40.047181],[27.259788,40.047152],[27.259949,40.047256],[27.259931,40.047385],[27.260075,40.047547],[27.260475,40.046926],[27.260455,40.046583],[27.260815,40.046501],[27.261353,40.046076],[27.261618,40.045894],[27.261705,40.045828],[27.261754,40.045584],[27.262205,40.04514],[27.262285,40.04513],[27.262446,40.045087],[27.262725,40.04501],[27.262866,40.044676],[27.263021,40.044571],[27.26304,40.044494],[27.263113,40.044309],[27.26312,40.044289],[27.26325,40.044334],[27.263375,40.044406],[27.263477,40.044489],[27.263532,40.044561],[27.263603,40.044672],[27.263629,40.044742],[27.263819,40.044773],[27.264056,40.044572],[27.264335,40.044508],[27.264562,40.044579],[27.264457,40.044228],[27.264511,40.043985],[27.264842,40.04387],[27.265421,40.043568],[27.265744,40.043419],[27.265919,40.043298],[27.267641,40.04102],[27.267874,40.037054],[27.270897,40.033234],[27.271168,40.032938],[27.271552,40.032737],[27.271798,40.032127],[27.271797,40.032003],[27.272204,40.031458],[27.272413,40.031086],[27.272537,40.031],[27.274041,40.028871],[27.275353,40.02821],[27.274976,40.027086],[27.274714,40.026582],[27.27311,40.025461],[27.272775,40.025309],[27.272389,40.025034],[27.271009,40.023931],[27.271292,40.023406],[27.272047,40.023061],[27.27238,40.022689],[27.271895,40.022175],[27.271978,40.021289],[27.272608,40.020839],[27.273202,40.020552],[27.27304,40.020247],[27.272297,40.02043],[27.271814,40.020555],[27.271491,40.020575],[27.272579,40.019734],[27.272787,40.018942],[27.272685,40.018428],[27.273392,40.018521],[27.273603,40.018378],[27.273512,40.01753],[27.274144,40.017433],[27.274416,40.017108],[27.27429,40.016603],[27.274041,40.016442],[27.274189,40.01627],[27.274648,40.016278],[27.27471,40.016212],[27.274746,40.015945],[27.274323,40.015641],[27.274001,40.015641],[27.273912,40.015117],[27.272286,40.014616],[27.271192,40.013856],[27.270848,40.013804],[27.270663,40.014079],[27.270337,40.014205],[27.270084,40.014383],[27.270172,40.014083],[27.270347,40.013283],[27.270187,40.01307],[27.270265,40.012636],[27.270258,40.011984],[27.270078,40.011675],[27.2704,40.011648],[27.270589,40.011727],[27.270722,40.011586],[27.27097,40.011479],[27.270328,40.010996],[27.269598,40.010773],[27.269806,40.010521],[27.269939,40.010444],[27.26978,40.010269],[27.27016,40.009982],[27.270442,40.009699],[27.270505,40.009253],[27.270372,40.008331],[27.270406,40.008033],[27.270474,40.007869],[27.270786,40.007811],[27.270945,40.007845],[27.271039,40.007704],[27.270972,40.007189],[27.270781,40.00642],[27.27026,40.006345],[27.270042,40.006265],[27.269926,40.005869],[27.269597,40.005313],[27.269738,40.004821],[27.269658,40.004585],[27.269196,40.004307],[27.269045,40.004153],[27.269124,40.004077],[27.268984,40.003871],[27.268914,40.003749],[27.268874,40.003673],[27.268874,40.003528],[27.268754,40.003277],[27.268296,40.002836],[27.268097,40.002775],[27.267819,40.002631],[27.267393,40.002541],[27.267252,40.002182],[27.267123,40.002152],[27.266856,40.002183],[27.266598,40.002214],[27.266233,40.002802],[27.265409,40.00253],[27.265042,40.002325],[27.265229,40.002118],[27.265199,40.001974],[27.264812,40.001792],[27.264397,40.002227],[27.263764,40.002625],[27.263478,40.002931],[27.262933,40.003115],[27.262805,40.003352],[27.262567,40.003474],[27.262409,40.00352],[27.261774,40.003453],[27.261565,40.00311],[27.261455,40.002912],[27.261127,40.002852],[27.26086,40.002914],[27.260682,40.00296],[27.260038,40.003327],[27.259891,40.003732],[27.259673,40.003603],[27.259534,40.00358],[27.259145,40.003047],[27.258917,40.003109],[27.258975,40.002674],[27.258535,40.002307],[27.258309,40.001673],[27.257815,40.00073],[27.257986,40.000678],[27.257769,40.000341],[27.257813,40.000107],[27.257894,40.000027],[27.25799,39.999683],[27.257885,39.999535],[27.257757,39.999049],[27.257473,39.998821],[27.256522,39.998869],[27.256337,39.999104],[27.256276,39.998703],[27.255976,39.998201],[27.255841,39.997784],[27.255893,39.997732],[27.255824,39.99716],[27.255711,39.99696],[27.255584,39.996692],[27.255487,39.996629],[27.255361,39.996652],[27.255293,39.996492],[27.255419,39.9962],[27.255634,39.996097],[27.25567,39.99596],[27.25619,39.995827],[27.256219,39.995587],[27.256338,39.995627],[27.256408,39.995603],[27.256576,39.995435],[27.257434,39.994267],[27.257561,39.993725],[27.257411,39.99355],[27.257607,39.992955],[27.257447,39.99249],[27.256799,39.99147],[27.256707,39.990791],[27.255806,39.990961],[27.255232,39.991412],[27.254717,39.991459],[27.253252,39.99211],[27.253103,39.992065],[27.252707,39.992295],[27.252601,39.993019],[27.252276,39.9935],[27.25197,39.994073],[27.25139,39.99537],[27.252285,39.99591],[27.252742,39.996336],[27.252915,39.997426],[27.253275,39.998241],[27.253057,39.998463],[27.252404,39.99867],[27.251186,39.9991],[27.250888,39.9991],[27.25071,39.998994],[27.250341,39.998499],[27.250249,39.997874],[27.249939,39.997089],[27.249331,39.996252],[27.248833,39.99562],[27.247995,39.994878],[27.246758,39.994115],[27.246414,39.994969],[27.246157,39.995134],[27.244971,39.99599],[27.244619,39.996155],[27.244559,39.995831],[27.244489,39.995683],[27.244131,39.995371],[27.243759,39.995375],[27.243516,39.995403],[27.243357,39.995338],[27.242621,39.996007],[27.242459,39.996392],[27.242227,39.996599],[27.241261,39.996906],[27.241112,39.997017],[27.241041,39.996791],[27.24081,39.996746],[27.240361,39.996936],[27.240012,39.997237],[27.240106,39.997545],[27.239947,39.99758],[27.239626,39.997355],[27.239317,39.997241],[27.239146,39.997121],[27.23936,39.99672],[27.239162,39.996561],[27.239014,39.996767],[27.238914,39.996807],[27.238441,39.996494],[27.238244,39.996451],[27.237849,39.996289],[27.237805,39.996381],[27.237418,39.996401],[27.237605,39.995715],[27.236835,39.995482],[27.236377,39.995274],[27.235756,39.995361],[27.235635,39.995647],[27.235449,39.995745],[27.234464,39.995747],[27.234334,39.995819],[27.23403,39.995919],[27.233075,39.996141],[27.232227,39.996223],[27.232196,39.995809],[27.231979,39.995732],[27.231756,39.995784],[27.231346,39.995573],[27.23099,39.995791],[27.230722,39.995763],[27.230217,39.996061],[27.230112,39.995724],[27.229538,39.995576],[27.228912,39.995515],[27.22836,39.995449],[27.228019,39.995355],[27.22706,39.995685],[27.226867,39.99549],[27.226532,39.995396],[27.226247,39.995325],[27.226097,39.995015],[27.226047,39.994796],[27.225736,39.994554],[27.225766,39.99421],[27.226472,39.993918],[27.226897,39.99325],[27.227095,39.993183],[27.227233,39.993664],[27.227537,39.993964],[27.227927,39.99361],[27.227994,39.993477],[27.227788,39.993005],[27.228624,39.992661],[27.229043,39.992169],[27.2296,39.991844],[27.229854,39.991886],[27.229823,39.99181],[27.230157,39.99169],[27.230696,39.991694],[27.230956,39.991593],[27.231464,39.99143],[27.231649,39.99133],[27.231872,39.991387],[27.232003,39.991496],[27.23217,39.991505],[27.232288,39.991619],[27.232381,39.991586],[27.232691,39.991585],[27.233019,39.991427],[27.233111,39.991246],[27.232769,39.991013],[27.234359,39.99008],[27.234835,39.989975],[27.234863,39.989968],[27.234833,39.989838],[27.234755,39.989442],[27.234647,39.989084],[27.234302,39.9881],[27.233745,39.988309],[27.23364,39.98829],[27.232268,39.989165],[27.231727,39.988789],[27.232104,39.988493],[27.230609,39.987781],[27.230322,39.987253],[27.228881,39.986322],[27.22764,39.9855],[27.227008,39.985491],[27.22661,39.985316],[27.226038,39.986442],[27.223873,39.985631],[27.223796,39.984807],[27.223164,39.984689],[27.22333,39.984298],[27.223062,39.983883],[27.221965,39.983857],[27.221655,39.9837],[27.221593,39.983591],[27.221567,39.983133],[27.221647,39.98299],[27.222456,39.982283],[27.222015,39.981998],[27.222447,39.981387],[27.222538,39.981011],[27.219453,39.980897],[27.219452,39.980664],[27.219228,39.980173],[27.218926,39.978878],[27.218165,39.978993],[27.217297,39.978881],[27.217333,39.978518],[27.217903,39.978546],[27.218187,39.978321],[27.217943,39.977655],[27.217291,39.976903],[27.21725,39.975883],[27.21707,39.975621],[27.216648,39.97547],[27.215384,39.973294],[27.214893,39.972933],[27.214758,39.97319],[27.214517,39.973296],[27.214686,39.973929],[27.21421,39.974345],[27.211708,39.976499],[27.211139,39.978754],[27.210453,39.979408],[27.208785,39.980946],[27.209047,39.983457],[27.207655,39.984236],[27.204792,39.985924],[27.204038,39.986678],[27.20326,39.98747],[27.202972,39.988643],[27.202666,39.989969],[27.202526,39.990665],[27.202225,39.991523],[27.201354,39.992675],[27.201147,39.992734],[27.201197,39.992916],[27.201198,39.993225],[27.201129,39.99345],[27.20109,39.99363],[27.201051,39.99374],[27.201106,39.993973],[27.201142,39.994266],[27.201162,39.994404],[27.201177,39.994522],[27.201212,39.994655],[27.201297,39.994819],[27.201342,39.994952],[27.201377,39.995078],[27.201367,39.995257],[27.201389,39.995711],[27.201409,39.99586],[27.201424,39.995982],[27.20144,39.996248],[27.20141,39.996643],[27.201409,39.996647],[27.201306,39.997137],[27.200976,39.998712],[27.200744,39.999818],[27.201435,40.001051],[27.202538,40.003037],[27.203148,40.00416],[27.203958,40.005589],[27.204747,40.006312],[27.206003,40.00752],[27.208524,40.010967],[27.210114,40.012691],[27.212255,40.014997],[27.213875,40.01675],[27.214175,40.01751],[27.215307,40.020362],[27.215735,40.021551],[27.21642,40.021995],[27.219402,40.023969],[27.220893,40.024972],[27.221857,40.026274],[27.223748,40.028907],[27.224441,40.029358],[27.225352,40.030488],[27.226776,40.031234],[27.227523,40.032428],[27.227965,40.033114],[27.228519,40.034125],[27.228744,40.034811],[27.229096,40.035502],[27.229231,40.035668],[27.229926,40.03661],[27.230374,40.037106],[27.230969,40.036992],[27.230969,40.036992],[27.230976,40.036991],[27.231416,40.037264],[27.231877,40.037355],[27.232993,40.037233],[27.233966,40.036773],[27.234245,40.037934],[27.234532,40.038957],[27.234476,40.040123],[27.23505,40.04046],[27.234672,40.040855],[27.235282,40.040774],[27.235039,40.041495],[27.235143,40.041535],[27.235493,40.041517],[27.235465,40.041957],[27.235487,40.042094],[27.235666,40.042054],[27.2358,40.042191],[27.236091,40.042391],[27.236114,40.042614],[27.236018,40.04266],[27.236338,40.042905],[27.236445,40.043499],[27.236511,40.043459],[27.236727,40.043504],[27.236861,40.043464],[27.237003,40.043504],[27.237019,40.043979],[27.236911,40.044302],[27.240131,40.046556],[27.243933,40.048359],[27.24748,40.04839],[27.247708,40.048815],[27.247848,40.049006],[27.248028,40.049082],[27.247995,40.04926],[27.248111,40.049613],[27.248559,40.049984],[27.248865,40.049942],[27.249138,40.049811]]]}},{"type":"Feature","properties":{"id":"TR-Y-17-012-K-0067","level":"yerlesim","type":"mahalle","parent_id":"TR-D-17-012","province_id":"TR-P-17","district_id":"TR-D-17-012","name":"Üçkabaağaç","source_raw_name":"Üçkabaağaç","source":"Kullanıcı tarafından sağlanan KML","source_label":"Kullanıcı tarafından sağlanan KML","source_name":"Canakkale Mahalle KML - kullanici tarafindan saglandi"},"geometry":{"type":"Polygon","coordinates":[[[27.240687,39.829938],[27.241019,39.829271],[27.241383,39.829336],[27.24208,39.829294],[27.242049,39.82906],[27.24203,39.828991],[27.242223,39.828799],[27.242341,39.828699],[27.242437,39.828693],[27.242791,39.829033],[27.242884,39.829124],[27.243236,39.829046],[27.243399,39.828903],[27.243479,39.828602],[27.243492,39.827916],[27.243431,39.82747],[27.243714,39.826775],[27.243869,39.826626],[27.244176,39.826473],[27.244402,39.826436],[27.244509,39.826201],[27.244705,39.825909],[27.245099,39.82529],[27.245521,39.825064],[27.245849,39.825312],[27.24593,39.825317],[27.246045,39.825157],[27.24607,39.825065],[27.246411,39.824827],[27.246592,39.824775],[27.246715,39.824809],[27.247163,39.824674],[27.247912,39.82477],[27.249059,39.82495],[27.249456,39.825064],[27.249501,39.825047],[27.250017,39.825148],[27.250488,39.825333],[27.250692,39.825381],[27.251212,39.825638],[27.251436,39.825983],[27.251905,39.826448],[27.251991,39.8265],[27.252187,39.826516],[27.252369,39.82661],[27.252425,39.826679],[27.252953,39.826898],[27.253926,39.827325],[27.254368,39.827481],[27.254735,39.827589],[27.255159,39.827754],[27.25547,39.82777],[27.255868,39.827827],[27.255896,39.828501],[27.256091,39.829176],[27.256433,39.829389],[27.256666,39.829469],[27.258962,39.827819],[27.25836,39.827225],[27.258347,39.826996],[27.258501,39.826776],[27.258599,39.826662],[27.25879,39.826409],[27.259295,39.826031],[27.259468,39.825778],[27.259219,39.825445],[27.259689,39.825354],[27.259886,39.825296],[27.260158,39.8252],[27.259494,39.824687],[27.259395,39.82452],[27.259189,39.824025],[27.259009,39.823811],[27.258878,39.823511],[27.258956,39.822762],[27.258941,39.822129],[27.259089,39.822057],[27.259206,39.821942],[27.259311,39.821818],[27.25918,39.821513],[27.259525,39.821217],[27.25969,39.820731],[27.259892,39.820425],[27.259971,39.820001],[27.260488,39.819299],[27.260832,39.818888],[27.260597,39.818703],[27.261051,39.818011],[27.261578,39.818248],[27.261725,39.817962],[27.261805,39.817885],[27.261737,39.817771],[27.261848,39.817752],[27.261996,39.817832],[27.26269,39.817086],[27.261756,39.8171],[27.260197,39.816699],[27.259553,39.816409],[27.259471,39.816124],[27.259266,39.815819],[27.258851,39.815358],[27.258374,39.815073],[27.258213,39.814997],[27.257279,39.81497],[27.256553,39.814833],[27.255974,39.814643],[27.255413,39.814327],[27.254822,39.814005],[27.253911,39.813295],[27.252781,39.812757],[27.251958,39.812539],[27.250629,39.812176],[27.249081,39.811727],[27.247544,39.811339],[27.246531,39.811129],[27.245626,39.810922],[27.244898,39.810698],[27.244215,39.810388],[27.243472,39.809955],[27.243071,39.809787],[27.242518,39.809708],[27.241569,39.809641],[27.240601,39.80958],[27.239937,39.80949],[27.239377,39.80936],[27.238905,39.809143],[27.238148,39.808993],[27.23695,39.808893],[27.236201,39.8089],[27.235686,39.808961],[27.235394,39.809111],[27.235164,39.8093],[27.23458,39.809759],[27.2339,39.810323],[27.233189,39.810794],[27.232319,39.810454],[27.232045,39.81025],[27.232044,39.810248],[27.231502,39.810388],[27.230506,39.810579],[27.229384,39.810795],[27.227054,39.811608],[27.225558,39.813184],[27.225606,39.813376],[27.22546,39.813932],[27.225316,39.814313],[27.225084,39.814675],[27.224876,39.814923],[27.224408,39.815191],[27.224016,39.815318],[27.223426,39.815994],[27.223367,39.816131],[27.223188,39.816341],[27.223242,39.817302],[27.223772,39.819661],[27.223666,39.82145],[27.223414,39.82202],[27.223212,39.822242],[27.223036,39.822405],[27.222679,39.822934],[27.222077,39.823565],[27.221683,39.823586],[27.221687,39.82361],[27.222007,39.823856],[27.222264,39.823956],[27.222485,39.824013],[27.223019,39.824003],[27.223379,39.823884],[27.224056,39.823614],[27.224231,39.823514],[27.224349,39.823274],[27.224492,39.823113],[27.225131,39.822904],[27.225341,39.822625],[27.225548,39.822442],[27.226022,39.822411],[27.22622,39.822342],[27.226654,39.822142],[27.227118,39.821707],[27.227522,39.821371],[27.227759,39.821179],[27.228006,39.821095],[27.228601,39.821013],[27.228326,39.82182],[27.228052,39.822116],[27.227545,39.822362],[27.227979,39.823465],[27.22735,39.823907],[27.227751,39.824046],[27.227781,39.824038],[27.227973,39.824034],[27.228329,39.823908],[27.228803,39.823535],[27.229888,39.824176],[27.22974,39.824265],[27.229673,39.824237],[27.229392,39.824535],[27.229188,39.824713],[27.229037,39.824882],[27.229057,39.825228],[27.229124,39.825353],[27.229298,39.825444],[27.229325,39.825513],[27.229395,39.825624],[27.229574,39.82581],[27.229894,39.826075],[27.230031,39.826164],[27.230153,39.825923],[27.230179,39.825797],[27.230196,39.825497],[27.230266,39.825351],[27.230373,39.825245],[27.23055,39.82497],[27.230632,39.824936],[27.230957,39.824698],[27.231246,39.8246],[27.231699,39.824596],[27.23192,39.824141],[27.232134,39.824038],[27.232583,39.824046],[27.23323,39.823351],[27.233945,39.823575],[27.233945,39.823659],[27.233834,39.823758],[27.233429,39.823883],[27.233262,39.824017],[27.233114,39.824216],[27.232925,39.824353],[27.232957,39.824458],[27.233044,39.824541],[27.233242,39.824597],[27.233654,39.824668],[27.233698,39.824814],[27.233686,39.824957],[27.233564,39.825168],[27.234257,39.825287],[27.234338,39.825153],[27.234498,39.8252],[27.234686,39.825268],[27.234924,39.825399],[27.235011,39.825504],[27.23511,39.825549],[27.235352,39.825553],[27.235454,39.825423],[27.235669,39.825254],[27.235794,39.825218],[27.235938,39.82522],[27.236014,39.825332],[27.23638,39.82553],[27.236671,39.825573],[27.236648,39.825799],[27.236668,39.825895],[27.236776,39.826083],[27.236748,39.826148],[27.236747,39.826249],[27.236822,39.82638],[27.236979,39.826528],[27.237019,39.826572],[27.237035,39.826677],[27.237018,39.826845],[27.236896,39.827029],[27.236763,39.827156],[27.236561,39.827398],[27.236493,39.827793],[27.236443,39.827956],[27.236403,39.827954],[27.23653,39.828243],[27.2366,39.828425],[27.236637,39.828524],[27.236738,39.828507],[27.236934,39.828495],[27.23711,39.828522],[27.23756,39.828617],[27.238003,39.828615],[27.23812,39.828746],[27.238344,39.828861],[27.238649,39.828934],[27.2391,39.828956],[27.239652,39.828955],[27.239687,39.828967],[27.239539,39.829476],[27.239535,39.829681],[27.240103,39.829846],[27.240687,39.829938]]]}},{"type":"Feature","properties":{"id":"TR-Y-17-012-K-0068","level":"yerlesim","type":"mahalle","parent_id":"TR-D-17-012","province_id":"TR-P-17","district_id":"TR-D-17-012","name":"Umurlar","source_raw_name":"Umurlar","source":"Kullanıcı tarafından sağlanan KML","source_label":"Kullanıcı tarafından sağlanan KML","source_name":"Canakkale Mahalle KML - kullanici tarafindan saglandi"},"geometry":{"type":"Polygon","coordinates":[[[27.324835,39.914134],[27.326966,39.9125],[27.329265,39.910752],[27.331396,39.909114],[27.33179,39.908815],[27.332509,39.908935],[27.332883,39.909495],[27.33321,39.909619],[27.33361,39.909321],[27.333936,39.909232],[27.334094,39.909098],[27.334624,39.909085],[27.334693,39.909219],[27.335204,39.909427],[27.335421,39.909258],[27.335813,39.909303],[27.336174,39.909245],[27.338256,39.909845],[27.341271,39.91069],[27.343685,39.911385],[27.344192,39.911787],[27.344653,39.911942],[27.345967,39.913223],[27.348223,39.913948],[27.348967,39.914221],[27.349483,39.914265],[27.349776,39.914481],[27.351956,39.913811],[27.353182,39.913434],[27.3534,39.913529],[27.355055,39.913668],[27.357229,39.912992],[27.358034,39.911024],[27.358033,39.911024],[27.358033,39.911024],[27.357409,39.910775],[27.35757,39.910477],[27.35729,39.909895],[27.358605,39.909305],[27.35925,39.909249],[27.359995,39.908926],[27.360094,39.90876],[27.360265,39.908754],[27.360265,39.908656],[27.360301,39.908542],[27.361163,39.908565],[27.361788,39.908792],[27.361873,39.908865],[27.362137,39.908882],[27.362351,39.908761],[27.363416,39.908629],[27.363832,39.908487],[27.363832,39.907158],[27.365091,39.904007],[27.365194,39.903831],[27.365277,39.903606],[27.365594,39.903643],[27.36582,39.903726],[27.365933,39.903484],[27.366006,39.903327],[27.366228,39.902638],[27.366256,39.902423],[27.366541,39.9025],[27.366707,39.90252],[27.36688,39.902527],[27.367217,39.902505],[27.367181,39.902343],[27.367216,39.90232],[27.367315,39.902293],[27.368544,39.902038],[27.368351,39.901659],[27.36839,39.901529],[27.369085,39.901449],[27.369093,39.901159],[27.369481,39.901047],[27.37,39.900806],[27.370323,39.901028],[27.37073,39.90083],[27.370724,39.900567],[27.37039,39.900242],[27.370183,39.899934],[27.370207,39.899829],[27.370333,39.899737],[27.370263,39.899554],[27.370104,39.899421],[27.37013,39.899196],[27.370283,39.898713],[27.3703,39.898629],[27.370294,39.898368],[27.370233,39.898084],[27.370339,39.898101],[27.370715,39.898005],[27.370762,39.897984],[27.371122,39.897777],[27.371339,39.897644],[27.371566,39.897428],[27.371766,39.897313],[27.371819,39.89709],[27.371783,39.89694],[27.371884,39.896707],[27.372058,39.896453],[27.37168,39.896353],[27.371646,39.896359],[27.371582,39.896341],[27.371543,39.896286],[27.37159,39.896241],[27.371695,39.896156],[27.371867,39.896062],[27.372291,39.895874],[27.372439,39.895791],[27.372756,39.895471],[27.372626,39.895297],[27.372459,39.895155],[27.372326,39.89494],[27.372257,39.894769],[27.372172,39.894567],[27.37228,39.894467],[27.372073,39.894303],[27.372001,39.894114],[27.371834,39.894024],[27.371592,39.894019],[27.371462,39.894002],[27.371313,39.89387],[27.371208,39.893796],[27.371063,39.893743],[27.370972,39.893693],[27.370878,39.893538],[27.370856,39.893492],[27.370774,39.89344],[27.37064,39.893421],[27.370541,39.893559],[27.370468,39.893582],[27.370357,39.893571],[27.370235,39.893567],[27.370164,39.89361],[27.370095,39.893723],[27.370002,39.893766],[27.36968,39.893827],[27.369414,39.893794],[27.368696,39.893862],[27.367894,39.893924],[27.366958,39.893982],[27.3664,39.893991],[27.3657,39.893891],[27.365504,39.893855],[27.36509,39.893696],[27.36473,39.893534],[27.364627,39.893481],[27.364503,39.893167],[27.364458,39.892977],[27.364321,39.89282],[27.364229,39.89277],[27.363938,39.892796],[27.363846,39.892622],[27.363778,39.892317],[27.363684,39.892136],[27.363577,39.89177],[27.363563,39.891467],[27.363476,39.891122],[27.36353,39.890831],[27.363619,39.89048],[27.363708,39.890321],[27.364677,39.890254],[27.365131,39.890224],[27.365205,39.889988],[27.365309,39.889811],[27.365494,39.889358],[27.364329,39.888866],[27.362976,39.888553],[27.36293,39.888536],[27.362656,39.888418],[27.362804,39.888268],[27.362866,39.88812],[27.362758,39.887765],[27.362704,39.887341],[27.362739,39.887225],[27.362899,39.887087],[27.362997,39.887046],[27.363005,39.886968],[27.363,39.886883],[27.362899,39.886752],[27.362808,39.886374],[27.362725,39.886065],[27.362762,39.885912],[27.362918,39.885879],[27.362771,39.885804],[27.362692,39.885831],[27.362663,39.885888],[27.362529,39.885907],[27.362386,39.886056],[27.362344,39.886461],[27.362286,39.886751],[27.361784,39.887278],[27.361512,39.887333],[27.361359,39.887322],[27.361279,39.887291],[27.36105,39.887086],[27.360951,39.886999],[27.360407,39.886204],[27.360263,39.886094],[27.360194,39.886063],[27.360031,39.886113],[27.359559,39.886835],[27.35929,39.887294],[27.359181,39.887405],[27.35904,39.88741],[27.358026,39.887193],[27.357769,39.887082],[27.357197,39.886286],[27.356909,39.885889],[27.356618,39.885607],[27.356481,39.885545],[27.356034,39.885426],[27.355186,39.885789],[27.355804,39.88605],[27.355826,39.88611],[27.355746,39.886273],[27.355583,39.886391],[27.355505,39.88636],[27.355376,39.886486],[27.354631,39.886786],[27.35452,39.886809],[27.354427,39.886795],[27.354214,39.886615],[27.354095,39.886596],[27.353851,39.886662],[27.353777,39.886708],[27.353655,39.886812],[27.353483,39.886681],[27.353386,39.886567],[27.353319,39.886467],[27.353207,39.886381],[27.353001,39.88607],[27.35302,39.886016],[27.353134,39.885898],[27.35323,39.885709],[27.353374,39.885589],[27.353348,39.88552],[27.353262,39.885435],[27.353165,39.885355],[27.353049,39.885295],[27.352919,39.885281],[27.352727,39.885368],[27.352413,39.88566],[27.352299,39.885858],[27.352256,39.886238],[27.352396,39.886681],[27.352583,39.887075],[27.352684,39.887183],[27.352748,39.887246],[27.35277,39.887315],[27.352715,39.887384],[27.352659,39.887395],[27.352589,39.887447],[27.352385,39.88739],[27.352196,39.887542],[27.351927,39.887872],[27.351772,39.887995],[27.351516,39.888114],[27.351401,39.888145],[27.351282,39.888143],[27.35103,39.888075],[27.350963,39.888044],[27.350773,39.888036],[27.350398,39.888031],[27.350287,39.887997],[27.350067,39.887852],[27.349673,39.887702],[27.339329,39.89009],[27.336731,39.890193],[27.325968,39.890605],[27.320154,39.890907],[27.316245,39.894671],[27.316841,39.895573],[27.317834,39.900133],[27.31863,39.903581],[27.320229,39.910765],[27.319817,39.911498],[27.320254,39.912938],[27.320077,39.913167],[27.320049,39.913522],[27.320259,39.913853],[27.320602,39.914309],[27.320913,39.914148],[27.32128,39.914133],[27.321632,39.914204],[27.321866,39.914497],[27.322502,39.914965],[27.323093,39.915489],[27.324835,39.914134]]]}},{"type":"Feature","properties":{"id":"TR-Y-17-012-K-0069","level":"yerlesim","type":"mahalle","parent_id":"TR-D-17-012","province_id":"TR-P-17","district_id":"TR-D-17-012","name":"Yağdıran","source_raw_name":"Yağdıran","source":"Kullanıcı tarafından sağlanan KML","source_label":"Kullanıcı tarafından sağlanan KML","source_name":"Canakkale Mahalle KML - kullanici tarafindan saglandi"},"geometry":{"type":"Polygon","coordinates":[[[27.334801,39.775552],[27.335224,39.77517],[27.335821,39.7746],[27.335986,39.774497],[27.336479,39.774684],[27.337551,39.775184],[27.338205,39.773983],[27.339101,39.772311],[27.339563,39.77144],[27.339949,39.769917],[27.341552,39.768809],[27.342022,39.767973],[27.342775,39.76745],[27.342882,39.766615],[27.343198,39.766162],[27.343409,39.765332],[27.343289,39.764898],[27.342908,39.764287],[27.342515,39.762875],[27.343731,39.761408],[27.344947,39.76006],[27.345888,39.75853],[27.347227,39.757894],[27.347632,39.757701],[27.349225,39.757651],[27.349491,39.757473],[27.350025,39.757626],[27.350839,39.758859],[27.352787,39.758624],[27.356693,39.758869],[27.357457,39.75889],[27.357703,39.759284],[27.358052,39.760764],[27.358396,39.761403],[27.359238,39.762356],[27.359951,39.762542],[27.360679,39.762992],[27.361756,39.763475],[27.363187,39.765037],[27.364446,39.766326],[27.365286,39.766821],[27.366518,39.767074],[27.367134,39.767221],[27.36801,39.76759],[27.368666,39.768246],[27.369372,39.768512],[27.369976,39.769254],[27.370926,39.769588],[27.371729,39.770003],[27.372081,39.770751],[27.372189,39.771378],[27.372209,39.771384],[27.372459,39.771208],[27.37309,39.770765],[27.373841,39.770065],[27.373823,39.769425],[27.373361,39.768912],[27.373255,39.768432],[27.37337,39.767838],[27.373722,39.767242],[27.37465,39.766199],[27.374826,39.765855],[27.374627,39.764736],[27.374729,39.764313],[27.375881,39.763852],[27.375891,39.762914],[27.376081,39.762365],[27.377642,39.759989],[27.377041,39.7576],[27.375506,39.755773],[27.373846,39.754818],[27.372875,39.753838],[27.371696,39.753],[27.371487,39.753016],[27.370985,39.752654],[27.371127,39.751953],[27.371414,39.751637],[27.370982,39.751107],[27.370665,39.750681],[27.370207,39.750062],[27.369325,39.749464],[27.369014,39.749201],[27.368722,39.748951],[27.368632,39.748874],[27.368351,39.748701],[27.367911,39.748297],[27.367634,39.74815],[27.367306,39.74794],[27.367008,39.747619],[27.366985,39.747419],[27.367166,39.747041],[27.367379,39.746403],[27.367752,39.746146],[27.367903,39.745846],[27.368283,39.745697],[27.368478,39.74552],[27.369037,39.745258],[27.369341,39.744939],[27.369661,39.744324],[27.369554,39.744149],[27.369149,39.743977],[27.368728,39.743985],[27.368684,39.743857],[27.369214,39.743195],[27.369422,39.743093],[27.369528,39.742924],[27.369591,39.742728],[27.369639,39.742453],[27.36985,39.742115],[27.369911,39.741822],[27.370063,39.741679],[27.370052,39.741662],[27.369986,39.7416],[27.369876,39.741532],[27.369837,39.741521],[27.369598,39.741438],[27.369516,39.741404],[27.369462,39.741384],[27.369365,39.741339],[27.369262,39.74128],[27.368996,39.74115],[27.368893,39.741078],[27.368807,39.741029],[27.368643,39.740939],[27.368515,39.740876],[27.368406,39.740826],[27.368303,39.740768],[27.36809,39.740645],[27.367974,39.740569],[27.367834,39.74046],[27.367727,39.740359],[27.367613,39.740229],[27.36753,39.740103],[27.367438,39.739961],[27.367362,39.739833],[27.3673,39.739707],[27.367232,39.739594],[27.367105,39.739419],[27.367037,39.739335],[27.366937,39.739232],[27.366861,39.739167],[27.36679,39.739111],[27.366711,39.739055],[27.366593,39.738976],[27.366498,39.738916],[27.366336,39.738835],[27.366206,39.73878],[27.366043,39.738706],[27.365932,39.738661],[27.365833,39.738619],[27.365741,39.738583],[27.365668,39.738548],[27.365626,39.738532],[27.365505,39.73847],[27.365387,39.738399],[27.365089,39.738213],[27.364954,39.738126],[27.364799,39.738038],[27.364654,39.737947],[27.364509,39.737872],[27.364338,39.737773],[27.364255,39.737721],[27.364204,39.737702],[27.364142,39.73767],[27.364105,39.737646],[27.364074,39.737586],[27.364074,39.737555],[27.364053,39.737495],[27.364032,39.737447],[27.363913,39.7374],[27.363836,39.737384],[27.363743,39.737345],[27.363675,39.737301],[27.363641,39.737268],[27.363534,39.737171],[27.363432,39.737061],[27.363346,39.736954],[27.363313,39.736879],[27.363288,39.736775],[27.363274,39.736698],[27.363289,39.736532],[27.363249,39.736458],[27.363216,39.736415],[27.363142,39.736336],[27.362989,39.736187],[27.362872,39.736087],[27.362775,39.736007],[27.362699,39.735922],[27.362457,39.735843],[27.362222,39.735748],[27.362043,39.735669],[27.361764,39.735568],[27.361522,39.735437],[27.361218,39.735258],[27.361039,39.735096],[27.360813,39.734929],[27.360617,39.734744],[27.360414,39.734522],[27.36023,39.734368],[27.359989,39.734207],[27.359813,39.734077],[27.35967,39.73398],[27.35961,39.733931],[27.359576,39.733876],[27.359553,39.733821],[27.359553,39.733757],[27.359486,39.733676],[27.359287,39.733615],[27.359092,39.733615],[27.35909,39.733615],[27.359088,39.733615],[27.358891,39.733575],[27.358728,39.73351],[27.358622,39.733456],[27.358525,39.733404],[27.358452,39.733346],[27.358268,39.733292],[27.358188,39.733239],[27.35802,39.733162],[27.357867,39.733073],[27.357843,39.732988],[27.357776,39.732822],[27.357712,39.732725],[27.35759,39.732692],[27.357483,39.732673],[27.357307,39.732644],[27.357057,39.732639],[27.356968,39.732652],[27.35689,39.732631],[27.356711,39.732635],[27.356509,39.732692],[27.356368,39.732749],[27.356189,39.732682],[27.356146,39.73257],[27.35614,39.732539],[27.35607,39.732543],[27.35581,39.732484],[27.355703,39.732468],[27.355615,39.73246],[27.355528,39.73246],[27.355421,39.732468],[27.355335,39.732487],[27.355233,39.732522],[27.355098,39.732559],[27.354954,39.732568],[27.353556,39.732331],[27.353147,39.732302],[27.352972,39.732188],[27.352857,39.732173],[27.352814,39.73212],[27.352729,39.732099],[27.352652,39.731939],[27.352492,39.731708],[27.352226,39.731576],[27.351928,39.731522],[27.35211,39.731392],[27.352124,39.731317],[27.35212,39.731255],[27.35213,39.731203],[27.352116,39.731157],[27.352111,39.731023],[27.352078,39.73093],[27.352027,39.730839],[27.351953,39.730675],[27.351863,39.730465],[27.351898,39.730218],[27.351786,39.730088],[27.351657,39.729999],[27.351495,39.729932],[27.35133,39.729919],[27.351297,39.729922],[27.351138,39.729936],[27.351124,39.729937],[27.351039,39.729945],[27.350908,39.729877],[27.350735,39.729841],[27.350729,39.729845],[27.350729,39.729845],[27.350642,39.729901],[27.35053,39.729896],[27.350311,39.729415],[27.350135,39.729347],[27.350046,39.729376],[27.349825,39.729167],[27.349856,39.728971],[27.349732,39.728513],[27.349363,39.728273],[27.349208,39.728079],[27.349226,39.727932],[27.34911,39.727579],[27.348758,39.727506],[27.348567,39.727241],[27.34876,39.727069],[27.348742,39.726692],[27.349016,39.726253],[27.348426,39.725841],[27.348311,39.725682],[27.34822,39.725499],[27.348223,39.725046],[27.348015,39.724872],[27.34786,39.724911],[27.342671,39.723972],[27.340488,39.723599],[27.339452,39.722306],[27.338467,39.721894],[27.338311,39.721811],[27.338132,39.72163],[27.337869,39.721412],[27.337384,39.719827],[27.337359,39.719835],[27.327708,39.723149],[27.31952,39.727054],[27.314762,39.73249],[27.314566,39.732713],[27.317166,39.733876],[27.315011,39.733934],[27.313701,39.733542],[27.312268,39.73361],[27.311849,39.733689],[27.31154,39.73393],[27.311407,39.734299],[27.311434,39.734532],[27.311795,39.734777],[27.31339,39.7352],[27.313617,39.735335],[27.314081,39.735839],[27.31415,39.736253],[27.313552,39.738271],[27.313553,39.738616],[27.313648,39.739484],[27.313491,39.739815],[27.313173,39.740081],[27.312714,39.740607],[27.312163,39.741049],[27.31059,39.741726],[27.309385,39.742063],[27.308498,39.74239],[27.308435,39.742761],[27.309066,39.74345],[27.309079,39.743848],[27.308947,39.744246],[27.308657,39.744584],[27.308424,39.745008],[27.308437,39.745406],[27.309123,39.746139],[27.309531,39.747046],[27.3096,39.747452],[27.309528,39.749077],[27.308749,39.7501],[27.308728,39.750489],[27.309011,39.750989],[27.309272,39.751775],[27.309151,39.752294],[27.308629,39.753342],[27.308367,39.754856],[27.307836,39.755651],[27.307021,39.756364],[27.306468,39.756537],[27.305605,39.756453],[27.305604,39.756454],[27.305601,39.756453],[27.305156,39.756602],[27.304713,39.757094],[27.304779,39.757457],[27.305035,39.758015],[27.305062,39.759218],[27.305053,39.759251],[27.305313,39.759478],[27.305476,39.760078],[27.305341,39.760171],[27.305477,39.760249],[27.305524,39.760293],[27.305728,39.760546],[27.305893,39.760948],[27.30607,39.761515],[27.306235,39.761515],[27.306325,39.761688],[27.306273,39.761728],[27.305964,39.762139],[27.3056,39.762626],[27.305406,39.762871],[27.305195,39.763171],[27.30504,39.763367],[27.305085,39.76347],[27.305174,39.7635],[27.305256,39.763651],[27.30542,39.76382],[27.305493,39.764077],[27.305479,39.764335],[27.305474,39.764382],[27.305406,39.764623],[27.305365,39.764718],[27.305276,39.76476],[27.305162,39.764766],[27.304961,39.765102],[27.305023,39.765137],[27.304965,39.765245],[27.3048,39.765429],[27.304608,39.765671],[27.304574,39.765748],[27.304426,39.765874],[27.304316,39.766002],[27.304153,39.766166],[27.303841,39.766499],[27.304092,39.766843],[27.304243,39.766919],[27.304402,39.767022],[27.304494,39.767117],[27.304589,39.76737],[27.304701,39.767562],[27.304844,39.767571],[27.304942,39.767459],[27.305063,39.767437],[27.305429,39.767518],[27.305636,39.767485],[27.306208,39.767616],[27.306346,39.76771],[27.306695,39.767792],[27.306822,39.767907],[27.306955,39.767974],[27.306949,39.768136],[27.306945,39.768136],[27.306945,39.768136],[27.30652,39.768126],[27.306537,39.768219],[27.306812,39.768211],[27.306812,39.768211],[27.306816,39.768211],[27.306957,39.768273],[27.307438,39.768177],[27.307808,39.767991],[27.307867,39.76793],[27.308207,39.767795],[27.308321,39.768138],[27.308441,39.768063],[27.308642,39.768158],[27.309074,39.768174],[27.309074,39.768174],[27.309078,39.768174],[27.309196,39.768086],[27.309384,39.768017],[27.309897,39.768076],[27.309979,39.76805],[27.309941,39.767959],[27.310014,39.76761],[27.310162,39.767401],[27.310232,39.767191],[27.31034,39.767002],[27.310547,39.766906],[27.310762,39.766887],[27.31129,39.767009],[27.311394,39.766999],[27.31181,39.767301],[27.312191,39.76746],[27.312056,39.767579],[27.312014,39.767709],[27.312302,39.767872],[27.312312,39.768019],[27.312158,39.768303],[27.312119,39.768488],[27.311642,39.76888],[27.311531,39.768932],[27.311239,39.76898],[27.311049,39.768979],[27.31083,39.769033],[27.310827,39.768972],[27.310706,39.768938],[27.310542,39.768851],[27.310368,39.768596],[27.31025,39.768691],[27.310248,39.768783],[27.310162,39.768945],[27.310192,39.769079],[27.309974,39.769083],[27.309831,39.769032],[27.309808,39.768862],[27.309511,39.768817],[27.30951,39.768818],[27.309507,39.768817],[27.309435,39.768872],[27.309281,39.768805],[27.309082,39.768946],[27.309087,39.769103],[27.308935,39.769179],[27.308381,39.769217],[27.30829,39.769261],[27.30807,39.769143],[27.308094,39.769052],[27.308079,39.768939],[27.308352,39.768836],[27.308156,39.768615],[27.308028,39.768705],[27.307996,39.768789],[27.307883,39.768865],[27.307918,39.768984],[27.307911,39.769088],[27.307927,39.769216],[27.308079,39.7695],[27.308688,39.769876],[27.308871,39.769999],[27.309275,39.770177],[27.309382,39.770312],[27.309558,39.770297],[27.309682,39.770411],[27.309725,39.770565],[27.309784,39.770628],[27.309921,39.770686],[27.310866,39.770265],[27.311066,39.77024],[27.311288,39.770176],[27.311733,39.770168],[27.312027,39.770235],[27.312107,39.770312],[27.31258,39.771105],[27.312584,39.771296],[27.312661,39.771441],[27.31283,39.771358],[27.313065,39.771355],[27.313262,39.771367],[27.313592,39.771491],[27.313688,39.771674],[27.313623,39.771725],[27.313818,39.771777],[27.313818,39.771928],[27.313889,39.772085],[27.313905,39.772254],[27.314023,39.772449],[27.314492,39.772649],[27.314597,39.772828],[27.314634,39.772995],[27.314763,39.773005],[27.314861,39.773065],[27.314994,39.773069],[27.315074,39.773115],[27.315254,39.773086],[27.315744,39.772975],[27.315816,39.772974],[27.316019,39.772913],[27.316253,39.772823],[27.316353,39.772771],[27.31654,39.77263],[27.316606,39.772542],[27.316549,39.772382],[27.316583,39.772343],[27.316543,39.77214],[27.316545,39.772088],[27.316622,39.772059],[27.316658,39.771998],[27.316809,39.771931],[27.316806,39.771901],[27.31664,39.771794],[27.316608,39.771749],[27.316617,39.771644],[27.316592,39.771505],[27.316606,39.771428],[27.31667,39.771302],[27.316748,39.771178],[27.316792,39.771048],[27.316846,39.771018],[27.316921,39.771024],[27.316964,39.77102],[27.317016,39.770979],[27.317049,39.770962],[27.317131,39.770936],[27.317149,39.770927],[27.317175,39.770887],[27.317135,39.770808],[27.317147,39.770712],[27.317221,39.770556],[27.317319,39.770472],[27.317435,39.770403],[27.317467,39.770336],[27.317657,39.770322],[27.317877,39.770379],[27.317966,39.770468],[27.318004,39.770529],[27.318021,39.770624],[27.318431,39.770566],[27.318707,39.770312],[27.318835,39.770233],[27.319176,39.770234],[27.319438,39.77029],[27.319515,39.770338],[27.319533,39.770469],[27.319491,39.770584],[27.319568,39.770677],[27.319786,39.770827],[27.319873,39.770955],[27.320118,39.770986],[27.32051,39.770831],[27.320821,39.770761],[27.320989,39.770826],[27.321111,39.770844],[27.321157,39.771044],[27.321046,39.771249],[27.321161,39.771525],[27.3211,39.771654],[27.320804,39.771762],[27.320489,39.771944],[27.320328,39.771988],[27.320242,39.772072],[27.320151,39.772035],[27.320109,39.772166],[27.319937,39.772296],[27.319795,39.772569],[27.319953,39.772592],[27.320013,39.772695],[27.320427,39.772916],[27.320484,39.773046],[27.320533,39.773061],[27.320662,39.773148],[27.320722,39.773217],[27.32077,39.77352],[27.320988,39.774051],[27.321469,39.774511],[27.320993,39.775224],[27.319816,39.775503],[27.318204,39.775893],[27.319821,39.776609],[27.320489,39.776325],[27.321361,39.776273],[27.322001,39.777318],[27.322533,39.777383],[27.322904,39.777521],[27.323208,39.777499],[27.323117,39.776518],[27.323356,39.775987],[27.323814,39.775694],[27.324525,39.775429],[27.32505,39.775266],[27.325359,39.774849],[27.32454,39.775],[27.324012,39.775156],[27.323829,39.774564],[27.325027,39.773964],[27.325187,39.773959],[27.325393,39.774098],[27.325488,39.774317],[27.325867,39.774047],[27.325928,39.773921],[27.325666,39.773739],[27.325793,39.773628],[27.32556,39.77347],[27.325455,39.7736],[27.324691,39.773469],[27.324619,39.773357],[27.324375,39.773125],[27.324406,39.772879],[27.324339,39.772761],[27.32423,39.772753],[27.324172,39.772471],[27.324196,39.771835],[27.324314,39.771537],[27.324488,39.771365],[27.324792,39.771263],[27.32492,39.771169],[27.32506,39.77097],[27.325212,39.770879],[27.325437,39.770758],[27.32558,39.770727],[27.325201,39.770078],[27.325508,39.769639],[27.32583,39.769245],[27.326074,39.769178],[27.32653,39.769542],[27.327753,39.769463],[27.328832,39.769418],[27.329776,39.770017],[27.330095,39.770097],[27.330095,39.770169],[27.330409,39.770647],[27.33058,39.770762],[27.330778,39.770823],[27.331404,39.770949],[27.331478,39.770901],[27.331796,39.770873],[27.331962,39.770892],[27.332038,39.770874],[27.332177,39.770882],[27.333082,39.771203],[27.333414,39.771393],[27.333844,39.77131],[27.333943,39.771414],[27.333882,39.77158],[27.333864,39.771849],[27.333874,39.772019],[27.333788,39.772093],[27.333559,39.772186],[27.333483,39.772327],[27.333466,39.772464],[27.333122,39.77278],[27.332852,39.773127],[27.332497,39.77326],[27.331861,39.773142],[27.33168,39.774027],[27.331614,39.774635],[27.331437,39.775884],[27.331473,39.77613],[27.331589,39.776176],[27.331759,39.77607],[27.331953,39.775812],[27.332404,39.775571],[27.332579,39.775383],[27.332854,39.775577],[27.332807,39.775615],[27.33275,39.776065],[27.332736,39.776228],[27.332582,39.777692],[27.33257,39.777789],[27.331727,39.778644],[27.331837,39.778806],[27.331855,39.778964],[27.33182,39.779027],[27.331551,39.779603],[27.331395,39.779939],[27.331599,39.780171],[27.333715,39.780053],[27.333589,39.779885],[27.33365,39.77974],[27.333627,39.779624],[27.333523,39.779533],[27.333534,39.779296],[27.333637,39.779239],[27.333617,39.779153],[27.333498,39.779066],[27.33342,39.778734],[27.333439,39.778565],[27.333513,39.77849],[27.333529,39.778347],[27.333596,39.778231],[27.333755,39.777931],[27.33413,39.777318],[27.334089,39.77712],[27.334121,39.777011],[27.33408,39.776809],[27.334045,39.776674],[27.333943,39.776584],[27.333812,39.77648],[27.333806,39.77636],[27.333976,39.776216],[27.334409,39.775901],[27.334801,39.775552]]]}},{"type":"Feature","properties":{"id":"TR-Y-17-012-K-0070","level":"yerlesim","type":"mahalle","parent_id":"TR-D-17-012","province_id":"TR-P-17","district_id":"TR-D-17-012","name":"Yalıoba","source_raw_name":"Yalıoba","source":"Kullanıcı tarafından sağlanan KML","source_label":"Kullanıcı tarafından sağlanan KML","source_name":"Canakkale Mahalle KML - kullanici tarafindan saglandi"},"geometry":{"type":"Polygon","coordinates":[[[27.459977,39.979307],[27.462648,39.977865],[27.479309,39.976173],[27.507304,39.959498],[27.508416,39.957327],[27.513795,39.949262],[27.513728,39.949167],[27.513602,39.949159],[27.513421,39.949177],[27.513358,39.949275],[27.513288,39.949285],[27.513207,39.949274],[27.513067,39.949206],[27.512878,39.94901],[27.512854,39.948761],[27.512744,39.948746],[27.512618,39.94879],[27.512495,39.948772],[27.512367,39.948597],[27.512336,39.948469],[27.512262,39.948462],[27.512173,39.948537],[27.512008,39.948593],[27.511635,39.948741],[27.511528,39.948736],[27.51152,39.948679],[27.511508,39.948635],[27.51147,39.948618],[27.511322,39.948695],[27.511207,39.948772],[27.511101,39.948888],[27.511035,39.949003],[27.511031,39.9491],[27.511038,39.949112],[27.511065,39.949102],[27.511174,39.94901],[27.511257,39.949016],[27.511258,39.949144],[27.511243,39.94919],[27.51114,39.949208],[27.510831,39.949232],[27.510097,39.949458],[27.509235,39.949408],[27.50728,39.94931],[27.50622,39.949181],[27.505088,39.949094],[27.50489,39.949104],[27.504479,39.94934],[27.50429,39.949381],[27.50374,39.949352],[27.503469,39.949396],[27.503402,39.949465],[27.503192,39.949634],[27.502999,39.949649],[27.50269,39.949593],[27.50228,39.949378],[27.502126,39.949193],[27.50193,39.949092],[27.502041,39.949359],[27.502064,39.949425],[27.502059,39.94949],[27.502032,39.949528],[27.502004,39.949542],[27.502007,39.949555],[27.502166,39.949921],[27.502546,39.950142],[27.502525,39.950222],[27.501967,39.950145],[27.501751,39.950151],[27.501373,39.950181],[27.501024,39.95024],[27.500704,39.950156],[27.500058,39.950301],[27.500304,39.950323],[27.500378,39.95038],[27.500401,39.950466],[27.500536,39.950568],[27.500492,39.950654],[27.50047,39.950677],[27.500456,39.950889],[27.500375,39.951004],[27.500271,39.950981],[27.500174,39.950901],[27.500102,39.951216],[27.499627,39.951236],[27.499434,39.951351],[27.499271,39.951369],[27.498965,39.951193],[27.498667,39.951068],[27.498644,39.951051],[27.498953,39.950598],[27.498914,39.950301],[27.498812,39.950286],[27.498534,39.950074],[27.498287,39.950189],[27.497814,39.950396],[27.497688,39.950442],[27.497559,39.950445],[27.497448,39.950431],[27.497384,39.950414],[27.497309,39.950358],[27.497047,39.950055],[27.496826,39.949767],[27.49658,39.949418],[27.496427,39.949186],[27.496318,39.949033],[27.496088,39.948834],[27.495798,39.9486],[27.49568,39.948511],[27.495598,39.948474],[27.495522,39.948447],[27.495361,39.948419],[27.495123,39.948361],[27.495007,39.94832],[27.494923,39.948268],[27.494846,39.948206],[27.494756,39.948116],[27.494622,39.947944],[27.494518,39.947829],[27.494438,39.947779],[27.494301,39.94772],[27.493891,39.947548],[27.493578,39.94739],[27.493271,39.947299],[27.493011,39.947257],[27.492545,39.947209],[27.492334,39.94717],[27.492222,39.947133],[27.492123,39.947078],[27.492033,39.946993],[27.49195,39.946897],[27.491906,39.946792],[27.491849,39.946646],[27.491781,39.946428],[27.491711,39.946284],[27.491636,39.946184],[27.491544,39.946017],[27.491626,39.946239],[27.491743,39.946634],[27.491844,39.94705],[27.491894,39.947191],[27.491974,39.947304],[27.492098,39.947415],[27.492347,39.947609],[27.492697,39.947868],[27.493299,39.948285],[27.493834,39.94862],[27.494125,39.948768],[27.494338,39.948904],[27.494547,39.949071],[27.494697,39.94925],[27.494755,39.949392],[27.494965,39.950106],[27.494973,39.950228],[27.494975,39.950427],[27.494915,39.950881],[27.494874,39.951014],[27.494825,39.951124],[27.494812,39.95121],[27.494808,39.95142],[27.494842,39.951559],[27.494891,39.95169],[27.495057,39.951973],[27.495072,39.952087],[27.49501,39.952842],[27.494939,39.953201],[27.494847,39.953361],[27.494749,39.953452],[27.494685,39.953426],[27.493813,39.953834],[27.493276,39.953999],[27.492786,39.953977],[27.492352,39.953845],[27.491825,39.953828],[27.491448,39.953873],[27.491114,39.953979],[27.49038,39.954335],[27.490028,39.954565],[27.489399,39.954835],[27.488848,39.95488],[27.487992,39.954722],[27.487472,39.954714],[27.48699,39.954845],[27.486058,39.955283],[27.485118,39.955781],[27.484528,39.955607],[27.483671,39.955206],[27.482925,39.954875],[27.482086,39.954407],[27.480925,39.954054],[27.480085,39.954272],[27.479837,39.954302],[27.479391,39.954266],[27.479012,39.954129],[27.478535,39.954098],[27.477333,39.954856],[27.476603,39.95493],[27.476206,39.95487],[27.475635,39.954605],[27.474959,39.954541],[27.474551,39.954581],[27.473993,39.954531],[27.473472,39.954452],[27.472436,39.954208],[27.471749,39.954245],[27.471298,39.954375],[27.470884,39.954424],[27.4699,39.954648],[27.468999,39.954975],[27.467689,39.955457],[27.467206,39.955483],[27.466852,39.955365],[27.466622,39.955214],[27.466195,39.955168],[27.465836,39.955241],[27.465645,39.955346],[27.465245,39.955701],[27.464744,39.955931],[27.464534,39.955927],[27.464113,39.955924],[27.463921,39.95603],[27.463676,39.956298],[27.463558,39.956346],[27.462704,39.956459],[27.461893,39.9565],[27.461045,39.956542],[27.460823,39.956652],[27.460744,39.956924],[27.460406,39.957293],[27.460042,39.957499],[27.459703,39.957653],[27.459245,39.957774],[27.458564,39.957838],[27.458007,39.958029],[27.457572,39.958216],[27.456995,39.958479],[27.456787,39.95854],[27.456575,39.958555],[27.456152,39.958605],[27.456007,39.958677],[27.455848,39.958784],[27.455544,39.959357],[27.455149,39.959827],[27.454837,39.960289],[27.454578,39.960527],[27.454482,39.96055],[27.454404,39.960582],[27.454312,39.960788],[27.454313,39.960906],[27.45434,39.961],[27.454617,39.961379],[27.454857,39.961747],[27.454773,39.96187],[27.454439,39.961986],[27.454288,39.962175],[27.453771,39.962606],[27.453146,39.963095],[27.452875,39.96323],[27.452382,39.963381],[27.452051,39.963817],[27.451812,39.964212],[27.451672,39.964519],[27.451595,39.964605],[27.451165,39.96483],[27.450851,39.965071],[27.450526,39.96533],[27.45045,39.96561],[27.450555,39.96583],[27.450597,39.965947],[27.450606,39.966167],[27.45048,39.966362],[27.450381,39.966428],[27.449985,39.96669],[27.449901,39.966919],[27.4498,39.967388],[27.449613,39.967884],[27.44943,39.968216],[27.449424,39.968451],[27.449514,39.968633],[27.449705,39.96879],[27.450149,39.969086],[27.450298,39.969197],[27.450594,39.969493],[27.450808,39.969781],[27.451104,39.970197],[27.451307,39.970614],[27.451349,39.970797],[27.451374,39.971088],[27.451277,39.971134],[27.451092,39.971247],[27.451045,39.971333],[27.450976,39.97157],[27.450991,39.971676],[27.451084,39.971733],[27.451256,39.971812],[27.451424,39.971877],[27.451949,39.972118],[27.452106,39.972295],[27.452201,39.972561],[27.452091,39.972744],[27.451832,39.973002],[27.451674,39.973206],[27.451648,39.973309],[27.451716,39.973455],[27.451883,39.973616],[27.452123,39.973821],[27.452621,39.974267],[27.453169,39.974429],[27.453219,39.974458],[27.453283,39.974763],[27.453242,39.975661],[27.452873,39.976123],[27.452727,39.976467],[27.452687,39.977176],[27.452961,39.978151],[27.453305,39.978398],[27.453918,39.978289],[27.454449,39.978382],[27.455244,39.978711],[27.456896,39.978918],[27.45722,39.979145],[27.457485,39.979617],[27.457453,39.979922],[27.457745,39.980512],[27.459977,39.979307]]]}},{"type":"Feature","properties":{"id":"TR-Y-17-012-K-0071","level":"yerlesim","type":"mahalle","parent_id":"TR-D-17-012","province_id":"TR-P-17","district_id":"TR-D-17-012","name":"Yarış","source_raw_name":"Yarış","source":"Kullanıcı tarafından sağlanan KML","source_label":"Kullanıcı tarafından sağlanan KML","source_name":"Canakkale Mahalle KML - kullanici tarafindan saglandi"},"geometry":{"type":"Polygon","coordinates":[[[27.284208,39.798205],[27.283958,39.798112],[27.28424,39.798073],[27.284187,39.797948],[27.284269,39.797954],[27.284506,39.796979],[27.284405,39.796947],[27.284138,39.796733],[27.283641,39.796812],[27.283363,39.796801],[27.283292,39.796661],[27.283173,39.796595],[27.282936,39.796553],[27.283345,39.795949],[27.283341,39.795854],[27.283266,39.795755],[27.283199,39.795689],[27.28318,39.795597],[27.283213,39.795328],[27.283215,39.79521],[27.283279,39.795122],[27.283415,39.795034],[27.283462,39.79501],[27.283799,39.794786],[27.283863,39.794711],[27.283972,39.794629],[27.284026,39.7946],[27.284149,39.794548],[27.284181,39.794516],[27.284184,39.794487],[27.284238,39.794396],[27.284359,39.79435],[27.284512,39.794273],[27.284573,39.79409],[27.284562,39.794016],[27.284592,39.793951],[27.284586,39.793831],[27.284591,39.793741],[27.284625,39.79367],[27.284848,39.793639],[27.284912,39.793656],[27.284939,39.793717],[27.285028,39.793582],[27.28503,39.793553],[27.285131,39.793438],[27.28519,39.793404],[27.285234,39.793331],[27.285303,39.793251],[27.285377,39.793205],[27.285411,39.793156],[27.285424,39.793108],[27.285445,39.793031],[27.285512,39.792982],[27.285686,39.792947],[27.286378,39.790757],[27.28622,39.790731],[27.286222,39.790715],[27.28626,39.790555],[27.285978,39.790307],[27.286121,39.790242],[27.286204,39.790021],[27.286396,39.789944],[27.286935,39.789606],[27.286446,39.789202],[27.2861,39.789155],[27.285926,39.789094],[27.285729,39.789037],[27.285703,39.788927],[27.285753,39.78887],[27.285492,39.788651],[27.285628,39.788532],[27.285682,39.788327],[27.285904,39.788231],[27.287108,39.787499],[27.286907,39.787497],[27.286803,39.787475],[27.286595,39.787324],[27.28642,39.787153],[27.286256,39.78687],[27.286099,39.786653],[27.286021,39.78661],[27.285969,39.786576],[27.285248,39.786066],[27.284817,39.785821],[27.284509,39.78575],[27.284116,39.785611],[27.283707,39.785332],[27.283335,39.785133],[27.282922,39.784733],[27.283424,39.784932],[27.284344,39.785156],[27.284749,39.78456],[27.285112,39.784615],[27.284756,39.784375],[27.284335,39.78414],[27.283979,39.784049],[27.283612,39.783924],[27.283216,39.783666],[27.282785,39.783419],[27.282424,39.783056],[27.281997,39.78274],[27.28187,39.782688],[27.281202,39.782401],[27.28067,39.782233],[27.2802,39.782241],[27.279895,39.782261],[27.279706,39.782233],[27.279329,39.78211],[27.278915,39.782006],[27.278296,39.781707],[27.278026,39.781498],[27.277813,39.781385],[27.277401,39.781295],[27.277238,39.781245],[27.277077,39.781231],[27.276857,39.781088],[27.276643,39.780942],[27.276524,39.78084],[27.276153,39.78048],[27.276004,39.780316],[27.275861,39.78022],[27.275701,39.780155],[27.27559,39.780127],[27.2754,39.780087],[27.275279,39.780003],[27.275085,39.779799],[27.274895,39.779383],[27.274829,39.779181],[27.274706,39.778932],[27.274471,39.778716],[27.274053,39.778385],[27.273772,39.778166],[27.273678,39.778023],[27.27346,39.777796],[27.273146,39.777418],[27.273013,39.777236],[27.272842,39.777023],[27.272807,39.776635],[27.272778,39.776333],[27.272573,39.775866],[27.272373,39.775453],[27.272181,39.775191],[27.272069,39.775033],[27.27198,39.774842],[27.27203,39.774487],[27.272009,39.774276],[27.271929,39.774086],[27.27181,39.774005],[27.27059,39.775288],[27.270308,39.775081],[27.270235,39.775013],[27.270226,39.774903],[27.270218,39.774868],[27.270183,39.774835],[27.269982,39.774733],[27.269463,39.774836],[27.269235,39.774523],[27.269167,39.774417],[27.269002,39.774256],[27.268949,39.774172],[27.268924,39.774002],[27.268721,39.773593],[27.268556,39.77342],[27.268449,39.773379],[27.268307,39.773337],[27.268107,39.773328],[27.26774,39.77332],[27.267589,39.773285],[27.267528,39.773216],[27.267449,39.773185],[27.267158,39.773101],[27.266988,39.77312],[27.266943,39.772721],[27.266793,39.772738],[27.266768,39.772764],[27.266686,39.772866],[27.266535,39.773138],[27.266387,39.77324],[27.266209,39.773314],[27.266148,39.773464],[27.265938,39.773679],[27.265579,39.773964],[27.265434,39.774222],[27.265284,39.774408],[27.265162,39.774497],[27.264864,39.774604],[27.264472,39.774774],[27.264215,39.774938],[27.264097,39.775035],[27.263983,39.775238],[27.264402,39.775771],[27.264478,39.77583],[27.264431,39.775957],[27.264387,39.77599],[27.264221,39.77602],[27.264152,39.776041],[27.264085,39.776098],[27.264083,39.776143],[27.264173,39.77621],[27.264218,39.776215],[27.264315,39.776221],[27.26438,39.776254],[27.264446,39.776312],[27.264462,39.776316],[27.264627,39.77662],[27.264204,39.776787],[27.264009,39.776909],[27.263613,39.777052],[27.263585,39.777044],[27.262886,39.777153],[27.262599,39.77728],[27.262513,39.777138],[27.262693,39.776884],[27.262884,39.776814],[27.263147,39.776586],[27.263699,39.776151],[27.263449,39.775832],[27.263389,39.775742],[27.263322,39.775595],[27.263157,39.775568],[27.262664,39.775549],[27.262572,39.77555],[27.262077,39.775588],[27.261763,39.775649],[27.261522,39.775775],[27.261374,39.775939],[27.261146,39.776245],[27.260721,39.776612],[27.260515,39.776904],[27.26046,39.77715],[27.260506,39.777482],[27.260614,39.77769],[27.260562,39.777773],[27.260422,39.777811],[27.260027,39.77734],[27.259811,39.77704],[27.259554,39.776769],[27.258994,39.776499],[27.258719,39.776445],[27.258423,39.776474],[27.25839,39.776569],[27.25849,39.776729],[27.258702,39.776885],[27.258776,39.776902],[27.259129,39.777087],[27.259178,39.777196],[27.259334,39.777224],[27.25946,39.777361],[27.259792,39.777975],[27.259785,39.778124],[27.259567,39.778116],[27.259315,39.778159],[27.258725,39.777906],[27.258798,39.777794],[27.258932,39.777737],[27.259057,39.777499],[27.25906,39.777428],[27.259004,39.777359],[27.258176,39.776932],[27.258062,39.777013],[27.257948,39.777256],[27.257807,39.777368],[27.257644,39.777448],[27.257526,39.777417],[27.257259,39.777212],[27.256882,39.777568],[27.256757,39.777734],[27.256564,39.77786],[27.256424,39.778018],[27.256421,39.778124],[27.256054,39.778265],[27.25591,39.778242],[27.255728,39.778288],[27.255551,39.778343],[27.255161,39.778304],[27.255113,39.77827],[27.254887,39.77821],[27.254459,39.778803],[27.254482,39.778869],[27.25446,39.779115],[27.254136,39.779547],[27.25421,39.779607],[27.255022,39.779722],[27.255652,39.779744],[27.255652,39.77979],[27.25556,39.779824],[27.255412,39.779925],[27.255225,39.780523],[27.255192,39.78052],[27.25416,39.781068],[27.25396,39.781149],[27.254031,39.781209],[27.254154,39.781546],[27.254344,39.78186],[27.254449,39.782197],[27.254654,39.7824],[27.254791,39.782442],[27.254554,39.782506],[27.254369,39.782538],[27.254173,39.782681],[27.254052,39.782873],[27.2536,39.783126],[27.253531,39.783403],[27.253428,39.783764],[27.253225,39.784004],[27.25303,39.784371],[27.252958,39.784763],[27.252929,39.785097],[27.252864,39.785584],[27.252848,39.78619],[27.252782,39.786407],[27.252117,39.787061],[27.251748,39.787342],[27.251241,39.787532],[27.2513,39.788721],[27.25125,39.789104],[27.251407,39.789507],[27.25176,39.789844],[27.251998,39.789943],[27.252992,39.790067],[27.253407,39.790993],[27.253742,39.791512],[27.254464,39.792223],[27.255319,39.79293],[27.255573,39.793276],[27.256087,39.793958],[27.257056,39.794519],[27.257288,39.795048],[27.257746,39.795681],[27.258435,39.796406],[27.258712,39.797186],[27.258587,39.79735],[27.25848,39.79767],[27.258327,39.798245],[27.258446,39.798256],[27.258405,39.798316],[27.258495,39.798665],[27.258552,39.798954],[27.258724,39.799434],[27.260928,39.798721],[27.260994,39.798538],[27.261172,39.798486],[27.261431,39.798257],[27.261743,39.79845],[27.261914,39.79877],[27.262182,39.798844],[27.262397,39.799004],[27.2641,39.799749],[27.271938,39.80024],[27.282618,39.800917],[27.282815,39.800916],[27.283013,39.801007],[27.283547,39.800853],[27.284208,39.798205]]]}},{"type":"Feature","properties":{"id":"TR-Y-17-012-K-0072","level":"yerlesim","type":"mahalle","parent_id":"TR-D-17-012","province_id":"TR-P-17","district_id":"TR-D-17-012","name":"Yeniköy","source_raw_name":"Yeniköy","source":"Kullanıcı tarafından sağlanan KML","source_label":"Kullanıcı tarafından sağlanan KML","source_name":"Canakkale Mahalle KML - kullanici tarafindan saglandi"},"geometry":{"type":"Polygon","coordinates":[[[27.399512,39.780112],[27.401369,39.779782],[27.401512,39.779789],[27.403042,39.778586],[27.403823,39.777798],[27.404292,39.776954],[27.404399,39.776698],[27.404872,39.776437],[27.405084,39.776284],[27.40593,39.775606],[27.406344,39.775456],[27.406937,39.775488],[27.407234,39.775632],[27.407685,39.775726],[27.408139,39.775776],[27.408587,39.775193],[27.408616,39.774996],[27.408852,39.774875],[27.408941,39.774763],[27.408976,39.774517],[27.409296,39.774101],[27.409311,39.774056],[27.409579,39.773749],[27.41003,39.773401],[27.410413,39.773091],[27.410814,39.772595],[27.41105,39.772411],[27.411148,39.77201],[27.411288,39.771855],[27.411221,39.771252],[27.411945,39.770858],[27.413267,39.768783],[27.414606,39.766605],[27.414615,39.766594],[27.414595,39.76658],[27.405524,39.761212],[27.405496,39.761166],[27.405409,39.761092],[27.405346,39.761043],[27.405276,39.760969],[27.40523,39.760908],[27.405082,39.760771],[27.404946,39.760696],[27.40489,39.760656],[27.404766,39.760536],[27.404627,39.760334],[27.404549,39.760247],[27.404424,39.76006],[27.404294,39.759865],[27.404279,39.759789],[27.404309,39.759637],[27.40429,39.759492],[27.404211,39.759315],[27.40417,39.759233],[27.404112,39.759209],[27.404175,39.759146],[27.404222,39.759114],[27.404265,39.759039],[27.404308,39.758989],[27.404369,39.758942],[27.404424,39.758934],[27.40448,39.75892],[27.404585,39.758915],[27.404713,39.758952],[27.404788,39.758963],[27.404836,39.758991],[27.404857,39.759025],[27.40487,39.759066],[27.404906,39.759087],[27.405078,39.759093],[27.405278,39.759089],[27.40561,39.759061],[27.40573,39.759061],[27.405824,39.759028],[27.405922,39.758981],[27.406024,39.758941],[27.406115,39.758867],[27.406188,39.758759],[27.406192,39.758759],[27.406194,39.758755],[27.406389,39.758747],[27.406466,39.758763],[27.406699,39.75884],[27.40674,39.758863],[27.40685,39.758912],[27.406955,39.758963],[27.40703,39.759012],[27.407184,39.758955],[27.40723,39.758914],[27.407263,39.75887],[27.40736,39.758787],[27.407364,39.758786],[27.407367,39.758783],[27.407414,39.758765],[27.407548,39.75875],[27.407838,39.758736],[27.407889,39.758726],[27.408056,39.758746],[27.408168,39.758744],[27.408261,39.758726],[27.40835,39.75867],[27.408395,39.758593],[27.408412,39.758514],[27.40841,39.758426],[27.408387,39.758342],[27.408409,39.758202],[27.408277,39.758046],[27.408201,39.757985],[27.408087,39.757918],[27.407941,39.757806],[27.4078,39.75771],[27.407677,39.757647],[27.407516,39.757571],[27.407458,39.757563],[27.407331,39.757603],[27.407126,39.757717],[27.406929,39.75765],[27.406811,39.757628],[27.406659,39.757614],[27.406472,39.757628],[27.404521,39.757726],[27.404491,39.757679],[27.404411,39.757603],[27.404285,39.757558],[27.403952,39.757478],[27.403702,39.757425],[27.403591,39.75739],[27.403659,39.757356],[27.4038,39.757381],[27.403902,39.757376],[27.403955,39.757362],[27.403959,39.757353],[27.40403,39.757239],[27.404093,39.757156],[27.404175,39.757065],[27.404253,39.757003],[27.404332,39.756962],[27.404414,39.756926],[27.404601,39.756802],[27.404633,39.756773],[27.404666,39.756713],[27.404665,39.756558],[27.404643,39.756488],[27.404619,39.756437],[27.40457,39.756403],[27.404495,39.756365],[27.404429,39.756328],[27.404326,39.756263],[27.404274,39.756226],[27.404237,39.75618],[27.404221,39.75611],[27.404158,39.756028],[27.40426,39.755885],[27.404287,39.755799],[27.404329,39.755715],[27.404374,39.755663],[27.404474,39.755594],[27.404496,39.755555],[27.404522,39.755478],[27.40455,39.755406],[27.404493,39.755326],[27.404412,39.755263],[27.404339,39.755194],[27.404228,39.7551],[27.404184,39.755064],[27.404132,39.755042],[27.404079,39.755044],[27.404018,39.755067],[27.403949,39.755122],[27.403947,39.755123],[27.403774,39.755183],[27.403709,39.755229],[27.403664,39.755278],[27.403627,39.75535],[27.403599,39.75548],[27.403589,39.75562],[27.403572,39.755697],[27.403477,39.755648],[27.40341,39.755643],[27.403245,39.755671],[27.40309,39.755688],[27.403035,39.755643],[27.402997,39.755594],[27.402978,39.755548],[27.402932,39.755465],[27.40291,39.755401],[27.402863,39.755341],[27.40299,39.755257],[27.403078,39.755212],[27.403147,39.755139],[27.403185,39.75508],[27.403173,39.754834],[27.403169,39.754796],[27.403149,39.754793],[27.403103,39.754779],[27.403029,39.754738],[27.402947,39.754701],[27.40284,39.754655],[27.402635,39.75459],[27.40238,39.754545],[27.402151,39.754502],[27.401993,39.754467],[27.401834,39.754449],[27.401713,39.754427],[27.40153,39.754385],[27.401394,39.75436],[27.401169,39.754302],[27.400832,39.754274],[27.400714,39.754238],[27.400492,39.75413],[27.400363,39.754082],[27.40026,39.754063],[27.400037,39.754053],[27.399731,39.754003],[27.399372,39.75392],[27.398939,39.753811],[27.398826,39.753766],[27.398618,39.753685],[27.398317,39.753598],[27.398059,39.753557],[27.397868,39.75353],[27.397784,39.753527],[27.397699,39.753553],[27.397527,39.753634],[27.397392,39.753698],[27.397235,39.753722],[27.397124,39.753762],[27.397018,39.753836],[27.396902,39.753901],[27.396803,39.753815],[27.396674,39.753731],[27.396603,39.753679],[27.396533,39.753615],[27.396423,39.753552],[27.396284,39.753483],[27.396172,39.753437],[27.396141,39.753418],[27.39612,39.753385],[27.396088,39.753159],[27.396075,39.753037],[27.396047,39.752855],[27.395926,39.752572],[27.395818,39.752307],[27.395515,39.751716],[27.395513,39.751712],[27.395501,39.751688],[27.395358,39.751503],[27.395328,39.751454],[27.395315,39.751456],[27.394811,39.751248],[27.394384,39.751297],[27.394148,39.751305],[27.393974,39.751202],[27.393613,39.751423],[27.393335,39.751537],[27.393143,39.751624],[27.392785,39.751744],[27.392697,39.751878],[27.392354,39.753238],[27.392345,39.753274],[27.392201,39.753841],[27.392023,39.754549],[27.392305,39.7547],[27.392309,39.754763],[27.392212,39.754798],[27.392096,39.754752],[27.39201,39.754793],[27.391951,39.754917],[27.392031,39.755131],[27.392065,39.755283],[27.392019,39.755401],[27.391993,39.75546],[27.391857,39.755749],[27.391835,39.755783],[27.391833,39.755789],[27.391641,39.755803],[27.391252,39.755648],[27.390945,39.755557],[27.390392,39.755451],[27.390115,39.755463],[27.390006,39.755519],[27.389744,39.755665],[27.389656,39.755804],[27.389721,39.75591],[27.389744,39.756028],[27.38975,39.756112],[27.389784,39.756246],[27.389939,39.756363],[27.390349,39.756453],[27.390517,39.756465],[27.390723,39.756471],[27.390904,39.756521],[27.391225,39.756762],[27.391411,39.756809],[27.391741,39.756869],[27.391953,39.756945],[27.392144,39.757072],[27.392251,39.757296],[27.392239,39.757419],[27.392341,39.757581],[27.39227,39.757721],[27.392144,39.757783],[27.39193,39.757742],[27.391778,39.757762],[27.391433,39.757761],[27.391149,39.757678],[27.391016,39.757575],[27.390956,39.757725],[27.39082,39.757905],[27.391254,39.758692],[27.391353,39.759055],[27.391008,39.759134],[27.390845,39.759193],[27.390698,39.759471],[27.390254,39.760474],[27.390071,39.760881],[27.389249,39.762701],[27.388742,39.763041],[27.388665,39.76326],[27.388504,39.763457],[27.388348,39.763462],[27.387781,39.763755],[27.38739,39.763824],[27.387111,39.763795],[27.386756,39.763814],[27.386674,39.763862],[27.387298,39.764385],[27.387386,39.764634],[27.387593,39.764958],[27.38787,39.765238],[27.38828,39.765563],[27.387903,39.765659],[27.387924,39.76582],[27.388083,39.765989],[27.387804,39.766139],[27.387728,39.766262],[27.387582,39.766645],[27.387357,39.766836],[27.387135,39.766984],[27.386778,39.767055],[27.386514,39.767328],[27.386165,39.767313],[27.385166,39.768216],[27.384256,39.769063],[27.384473,39.769251],[27.384691,39.769463],[27.384926,39.769791],[27.385243,39.770117],[27.385284,39.770151],[27.38549,39.770325],[27.385624,39.770438],[27.386188,39.770715],[27.386583,39.770813],[27.386467,39.770976],[27.386461,39.770985],[27.386447,39.771004],[27.386142,39.77119],[27.385773,39.771337],[27.385954,39.771682],[27.3862,39.772107],[27.386414,39.772221],[27.386471,39.772362],[27.386797,39.772289],[27.387074,39.772732],[27.387083,39.772913],[27.387011,39.773072],[27.386874,39.773279],[27.386853,39.77342],[27.387046,39.77348],[27.387343,39.773511],[27.387408,39.773519],[27.387832,39.773581],[27.387587,39.773963],[27.386449,39.775951],[27.386452,39.775982],[27.385699,39.776081],[27.384944,39.776226],[27.384198,39.776612],[27.383664,39.777895],[27.383381,39.7788],[27.383267,39.778666],[27.382764,39.779297],[27.382632,39.779993],[27.382818,39.780164],[27.383244,39.780263],[27.383237,39.780125],[27.383174,39.779868],[27.38326,39.77981],[27.38352,39.779981],[27.383594,39.779962],[27.383754,39.779866],[27.383542,39.779466],[27.383578,39.779299],[27.384079,39.779388],[27.384135,39.779291],[27.384559,39.779198],[27.385113,39.779322],[27.385465,39.77942],[27.385766,39.779453],[27.386409,39.779562],[27.386612,39.779611],[27.38681,39.779701],[27.386909,39.779716],[27.38725,39.779658],[27.387805,39.779908],[27.387959,39.780045],[27.388089,39.780345],[27.388312,39.780516],[27.388387,39.780596],[27.388398,39.780828],[27.388428,39.780958],[27.388478,39.780973],[27.38874,39.781056],[27.388894,39.781174],[27.389094,39.781673],[27.389358,39.781878],[27.389413,39.782129],[27.392005,39.781686],[27.394364,39.781075],[27.396007,39.780677],[27.399181,39.780117],[27.399512,39.780112]]]}},{"type":"Feature","properties":{"id":"TR-Y-17-012-K-0073","level":"yerlesim","type":"mahalle","parent_id":"TR-D-17-012","province_id":"TR-P-17","district_id":"TR-D-17-012","name":"Yeşilköy","source_raw_name":"Yeşilköy","source":"Kullanıcı tarafından sağlanan KML","source_label":"Kullanıcı tarafından sağlanan KML","source_name":"Canakkale Mahalle KML - kullanici tarafindan saglandi"},"geometry":{"type":"Polygon","coordinates":[[[27.500102,39.951216],[27.500174,39.950901],[27.500271,39.950981],[27.500375,39.951004],[27.500456,39.950889],[27.50047,39.950677],[27.500492,39.950654],[27.500536,39.950568],[27.500401,39.950466],[27.500378,39.95038],[27.500304,39.950323],[27.500058,39.950301],[27.500704,39.950156],[27.501024,39.95024],[27.501373,39.950181],[27.501751,39.950151],[27.501967,39.950145],[27.502525,39.950222],[27.502546,39.950142],[27.502166,39.949921],[27.502007,39.949555],[27.502004,39.949542],[27.502032,39.949528],[27.502059,39.94949],[27.502064,39.949425],[27.502041,39.949359],[27.50193,39.949092],[27.502126,39.949193],[27.50228,39.949378],[27.50269,39.949593],[27.502999,39.949649],[27.503192,39.949634],[27.503402,39.949465],[27.503469,39.949396],[27.50374,39.949352],[27.50429,39.949381],[27.504479,39.94934],[27.50489,39.949104],[27.505088,39.949094],[27.50622,39.949181],[27.50728,39.94931],[27.509235,39.949408],[27.510097,39.949458],[27.510831,39.949232],[27.51114,39.949208],[27.511243,39.94919],[27.511258,39.949144],[27.511257,39.949016],[27.511174,39.94901],[27.511065,39.949102],[27.511038,39.949112],[27.511031,39.9491],[27.511035,39.949003],[27.511101,39.948888],[27.511207,39.948772],[27.511322,39.948695],[27.51147,39.948618],[27.511508,39.948635],[27.51152,39.948679],[27.511528,39.948736],[27.511635,39.948741],[27.512008,39.948593],[27.512173,39.948537],[27.512262,39.948462],[27.512336,39.948469],[27.512367,39.948597],[27.512495,39.948772],[27.512618,39.94879],[27.512744,39.948746],[27.512854,39.948761],[27.512878,39.94901],[27.513067,39.949206],[27.513207,39.949274],[27.513288,39.949285],[27.513358,39.949275],[27.513421,39.949177],[27.513602,39.949159],[27.513728,39.949167],[27.513795,39.949262],[27.514037,39.948899],[27.517011,39.944522],[27.516133,39.942079],[27.517843,39.941014],[27.528351,39.936502],[27.538275,39.929539],[27.538167,39.929473],[27.538089,39.929392],[27.538072,39.929338],[27.538088,39.92929],[27.538182,39.929233],[27.538293,39.929169],[27.53833,39.929112],[27.53838,39.929051],[27.538418,39.928992],[27.538411,39.928857],[27.538379,39.928724],[27.538277,39.928715],[27.538116,39.928711],[27.537923,39.928699],[27.537892,39.928706],[27.537858,39.928723],[27.537855,39.928725],[27.537851,39.928727],[27.53781,39.928763],[27.537777,39.92878],[27.537292,39.928807],[27.537308,39.928933],[27.537248,39.928955],[27.537152,39.92898],[27.537078,39.928991],[27.537022,39.928977],[27.536968,39.928942],[27.53694,39.928927],[27.536875,39.928923],[27.536837,39.928939],[27.536787,39.928967],[27.536784,39.928968],[27.53678,39.928971],[27.536671,39.92905],[27.536519,39.929123],[27.536397,39.929165],[27.536265,39.929227],[27.536219,39.929206],[27.536074,39.92907],[27.53601,39.929],[27.53594,39.928829],[27.535886,39.928777],[27.535759,39.928783],[27.535603,39.928763],[27.53555,39.928744],[27.535453,39.92866],[27.535356,39.928576],[27.535247,39.928448],[27.535208,39.928385],[27.535252,39.928359],[27.535353,39.928345],[27.535437,39.928365],[27.535502,39.92836],[27.535596,39.928326],[27.535701,39.928307],[27.535806,39.92838],[27.535902,39.928436],[27.53597,39.928469],[27.536033,39.928489],[27.536159,39.928457],[27.536288,39.928476],[27.536396,39.928517],[27.536549,39.928552],[27.536689,39.928531],[27.536775,39.92849],[27.536825,39.92847],[27.536901,39.928467],[27.537012,39.928458],[27.537031,39.928434],[27.53697,39.928297],[27.536968,39.928257],[27.536991,39.928211],[27.536992,39.928154],[27.536959,39.928083],[27.536939,39.927998],[27.536924,39.927965],[27.536852,39.927957],[27.536829,39.927909],[27.536828,39.927856],[27.536935,39.927807],[27.537012,39.927739],[27.537074,39.927665],[27.537121,39.927554],[27.537124,39.927512],[27.537102,39.927387],[27.537064,39.927288],[27.537018,39.92722],[27.536911,39.927128],[27.536774,39.927031],[27.536605,39.926949],[27.536455,39.926868],[27.536374,39.926829],[27.534424,39.925481],[27.534604,39.9254],[27.534704,39.925334],[27.534736,39.925279],[27.534725,39.925208],[27.534628,39.925019],[27.53458,39.924978],[27.534445,39.924962],[27.534295,39.924951],[27.533975,39.923991],[27.533411,39.922451],[27.533353,39.922481],[27.533242,39.922498],[27.533099,39.922477],[27.532968,39.922432],[27.532927,39.922409],[27.532852,39.922353],[27.532746,39.92226],[27.532675,39.92218],[27.532627,39.922106],[27.532606,39.922022],[27.532612,39.921949],[27.532625,39.921913],[27.532693,39.921894],[27.532762,39.921889],[27.532799,39.921868],[27.532891,39.921781],[27.532956,39.921732],[27.533005,39.921728],[27.53306,39.921657],[27.533112,39.921554],[27.533159,39.921471],[27.533194,39.921432],[27.533252,39.921419],[27.533248,39.921335],[27.533176,39.921097],[27.533162,39.920949],[27.533122,39.920776],[27.533225,39.920706],[27.533297,39.920643],[27.533354,39.920566],[27.533384,39.920439],[27.533403,39.920342],[27.533427,39.920266],[27.533489,39.920155],[27.533533,39.92005],[27.533605,39.919911],[27.533602,39.919834],[27.533598,39.919776],[27.533582,39.919732],[27.533479,39.919642],[27.53335,39.919565],[27.533267,39.919506],[27.533193,39.919402],[27.533125,39.919344],[27.533059,39.919327],[27.532952,39.919279],[27.532902,39.919234],[27.532878,39.919199],[27.532872,39.91913],[27.532909,39.91908],[27.532911,39.918987],[27.532879,39.918916],[27.532651,39.918703],[27.532588,39.918618],[27.532495,39.918516],[27.532473,39.91846],[27.532449,39.918396],[27.532482,39.918239],[27.532483,39.918116],[27.532457,39.918045],[27.532297,39.917837],[27.532129,39.917634],[27.532064,39.917537],[27.532009,39.917334],[27.531978,39.917274],[27.531907,39.917223],[27.531594,39.917153],[27.531531,39.917126],[27.530722,39.917176],[27.530746,39.917137],[27.530757,39.917068],[27.530744,39.916971],[27.530722,39.916924],[27.530646,39.916893],[27.530577,39.916882],[27.530432,39.916871],[27.530269,39.916866],[27.530238,39.916801],[27.530196,39.916755],[27.530058,39.91666],[27.529998,39.916602],[27.529971,39.916561],[27.529998,39.916531],[27.530031,39.916503],[27.530076,39.916493],[27.530104,39.916462],[27.530102,39.916439],[27.530077,39.916397],[27.530038,39.916397],[27.529919,39.916419],[27.529794,39.916413],[27.529618,39.916382],[27.529543,39.91639],[27.529405,39.916397],[27.529398,39.916401],[27.529398,39.916401],[27.529345,39.916436],[27.529339,39.91644],[27.529283,39.91648],[27.529232,39.91649],[27.529182,39.916487],[27.529065,39.916459],[27.528988,39.91646],[27.528925,39.916484],[27.528922,39.916487],[27.528918,39.916489],[27.528801,39.916592],[27.528717,39.916632],[27.528617,39.916657],[27.528463,39.916669],[27.528157,39.916671],[27.528088,39.916687],[27.528007,39.91671],[27.527908,39.91676],[27.527843,39.91672],[27.527771,39.916687],[27.527661,39.916652],[27.527563,39.91664],[27.527398,39.916643],[27.527236,39.916658],[27.527036,39.916657],[27.527023,39.916699],[27.52687,39.916742],[27.526521,39.916849],[27.526435,39.916887],[27.526326,39.916927],[27.526266,39.916962],[27.526341,39.917035],[27.526356,39.917097],[27.526198,39.917092],[27.526019,39.917077],[27.525815,39.917068],[27.525545,39.916994],[27.525272,39.916904],[27.525106,39.916823],[27.524982,39.91674],[27.524861,39.916682],[27.524746,39.916639],[27.524633,39.916608],[27.524492,39.916572],[27.52436,39.916546],[27.524205,39.916526],[27.523955,39.91666],[27.523774,39.916765],[27.523618,39.916848],[27.523533,39.916871],[27.523476,39.916871],[27.523293,39.916785],[27.523167,39.916744],[27.523,39.916697],[27.522703,39.916639],[27.522478,39.916609],[27.522285,39.9166],[27.522,39.916561],[27.52184,39.916509],[27.521719,39.91645],[27.521673,39.916402],[27.521678,39.916347],[27.521694,39.916279],[27.521687,39.916231],[27.521638,39.916182],[27.521536,39.916122],[27.521438,39.916045],[27.521302,39.915882],[27.521195,39.915784],[27.521074,39.915762],[27.52089,39.915716],[27.5207,39.915663],[27.520376,39.915516],[27.520191,39.915424],[27.52013,39.915357],[27.520078,39.915267],[27.520021,39.915076],[27.519985,39.914982],[27.519905,39.914916],[27.519641,39.914754],[27.519467,39.91467],[27.519209,39.914548],[27.518999,39.914455],[27.518844,39.914363],[27.518917,39.914359],[27.518853,39.914314],[27.518394,39.91392],[27.517948,39.913887],[27.517632,39.913935],[27.517573,39.914076],[27.517415,39.914115],[27.517252,39.914146],[27.51692,39.914117],[27.516845,39.913984],[27.516766,39.913969],[27.516513,39.91397],[27.516448,39.913905],[27.516166,39.913968],[27.515925,39.914129],[27.515773,39.914278],[27.515647,39.914641],[27.515407,39.915008],[27.51535,39.915355],[27.515126,39.915814],[27.515032,39.915856],[27.514931,39.91567],[27.514747,39.915461],[27.514671,39.915316],[27.514164,39.915063],[27.51405,39.914946],[27.513889,39.914672],[27.513794,39.914565],[27.51358,39.914437],[27.513519,39.914204],[27.513707,39.913731],[27.513417,39.913641],[27.513251,39.913315],[27.513086,39.913181],[27.513041,39.913356],[27.513137,39.913373],[27.513172,39.913432],[27.513136,39.913537],[27.513042,39.9136],[27.512951,39.913563],[27.512851,39.913437],[27.512723,39.91326],[27.512538,39.913073],[27.512455,39.912856],[27.512246,39.912668],[27.512202,39.912456],[27.512198,39.91227],[27.512059,39.912569],[27.511964,39.912684],[27.511846,39.91283],[27.511727,39.912884],[27.511559,39.913241],[27.511471,39.913375],[27.511703,39.913585],[27.511815,39.913613],[27.511917,39.913725],[27.512078,39.913809],[27.512123,39.913839],[27.512139,39.913942],[27.512119,39.914224],[27.511853,39.914101],[27.510854,39.914292],[27.510865,39.914405],[27.51092,39.914536],[27.510582,39.914646],[27.510517,39.914851],[27.510103,39.915094],[27.509955,39.915271],[27.509545,39.915303],[27.509274,39.915495],[27.509033,39.915684],[27.508905,39.915868],[27.508738,39.91605],[27.508444,39.916421],[27.508365,39.916478],[27.508237,39.916548],[27.508084,39.916577],[27.507789,39.916611],[27.507624,39.916642],[27.507228,39.916724],[27.506802,39.916731],[27.506656,39.916669],[27.506374,39.916722],[27.505784,39.916919],[27.505279,39.917039],[27.504721,39.91712],[27.504626,39.917114],[27.504303,39.917169],[27.504215,39.917101],[27.504219,39.91696],[27.504159,39.916882],[27.504033,39.916823],[27.503901,39.916818],[27.5035,39.91673],[27.503158,39.916743],[27.503104,39.916757],[27.502553,39.916931],[27.502283,39.916978],[27.502047,39.91708],[27.501738,39.917171],[27.501552,39.917202],[27.501347,39.917258],[27.500907,39.917262],[27.500629,39.917256],[27.500491,39.917311],[27.500062,39.917554],[27.49983,39.917633],[27.499788,39.917633],[27.499328,39.917684],[27.498885,39.917749],[27.498882,39.917728],[27.498545,39.917922],[27.497763,39.918036],[27.497584,39.917909],[27.497631,39.917772],[27.497575,39.917645],[27.49745,39.917735],[27.4973,39.917776],[27.497103,39.917854],[27.497042,39.917935],[27.496927,39.918013],[27.49676,39.918067],[27.496591,39.918104],[27.496473,39.918192],[27.496128,39.918388],[27.496066,39.918395],[27.496001,39.918513],[27.496013,39.918622],[27.495944,39.918769],[27.495834,39.9188],[27.4955,39.918841],[27.495248,39.918876],[27.494834,39.918945],[27.494524,39.918977],[27.493919,39.918942],[27.493663,39.918885],[27.493493,39.918902],[27.493353,39.918954],[27.493218,39.919048],[27.49313,39.919146],[27.492945,39.919218],[27.492597,39.919293],[27.492362,39.919327],[27.491861,39.919407],[27.491812,39.919541],[27.491633,39.919694],[27.491554,39.919812],[27.491532,39.920002],[27.491554,39.920022],[27.491683,39.920012],[27.491713,39.920025],[27.491651,39.920084],[27.491723,39.920126],[27.491881,39.920087],[27.491916,39.920138],[27.491695,39.920301],[27.491477,39.920636],[27.491513,39.921187],[27.491405,39.921319],[27.486733,39.922227],[27.481761,39.925074],[27.48573,39.930215],[27.491267,39.930728],[27.49146,39.93104],[27.491204,39.931218],[27.491021,39.931667],[27.491077,39.931894],[27.491183,39.932118],[27.490773,39.932295],[27.490185,39.932546],[27.489981,39.932705],[27.489887,39.933077],[27.489886,39.933321],[27.489837,39.933397],[27.489863,39.933571],[27.489933,39.933681],[27.490088,39.933797],[27.490347,39.933963],[27.490622,39.934061],[27.490487,39.934275],[27.490719,39.9344],[27.490963,39.934601],[27.49118,39.934905],[27.491241,39.935056],[27.491254,39.935143],[27.491158,39.935296],[27.491026,39.935417],[27.490791,39.93545],[27.490461,39.935446],[27.489638,39.935251],[27.489859,39.935372],[27.490013,39.935446],[27.490187,39.935508],[27.490458,39.935669],[27.490512,39.935695],[27.490771,39.93582],[27.490984,39.935867],[27.491203,39.935996],[27.491353,39.936235],[27.490926,39.936449],[27.49068,39.936981],[27.490564,39.9373],[27.490521,39.937544],[27.490228,39.937773],[27.490102,39.937899],[27.489955,39.938084],[27.489898,39.93814],[27.489677,39.938305],[27.489611,39.938423],[27.489581,39.938623],[27.489343,39.938827],[27.489322,39.938933],[27.489349,39.9391],[27.489476,39.939215],[27.489564,39.93921],[27.48956,39.939324],[27.489452,39.939454],[27.489463,39.939619],[27.489504,39.939768],[27.489718,39.93999],[27.489742,39.940106],[27.489723,39.940239],[27.489821,39.940299],[27.489865,39.940313],[27.489889,39.940699],[27.489966,39.940919],[27.490038,39.941258],[27.490087,39.941475],[27.490275,39.942202],[27.490282,39.942217],[27.490474,39.942519],[27.490662,39.942928],[27.490697,39.943031],[27.490704,39.943133],[27.490734,39.943865],[27.490751,39.944058],[27.49078,39.944193],[27.490846,39.944331],[27.490896,39.944476],[27.491078,39.944843],[27.491343,39.945468],[27.491498,39.94587],[27.491544,39.946017],[27.491636,39.946184],[27.491711,39.946284],[27.491781,39.946428],[27.491849,39.946646],[27.491906,39.946792],[27.49195,39.946897],[27.492033,39.946993],[27.492123,39.947078],[27.492222,39.947133],[27.492334,39.94717],[27.492545,39.947209],[27.493011,39.947257],[27.493271,39.947299],[27.493578,39.94739],[27.493891,39.947548],[27.494301,39.94772],[27.494438,39.947779],[27.494518,39.947829],[27.494622,39.947944],[27.494756,39.948116],[27.494846,39.948206],[27.494923,39.948268],[27.495007,39.94832],[27.495123,39.948361],[27.495361,39.948419],[27.495522,39.948447],[27.495598,39.948474],[27.49568,39.948511],[27.495798,39.9486],[27.496088,39.948834],[27.496318,39.949033],[27.496427,39.949186],[27.49658,39.949418],[27.496826,39.949767],[27.497047,39.950055],[27.497309,39.950358],[27.497384,39.950414],[27.497448,39.950431],[27.497559,39.950445],[27.497688,39.950442],[27.497814,39.950396],[27.498287,39.950189],[27.498534,39.950074],[27.498812,39.950286],[27.498914,39.950301],[27.498953,39.950598],[27.498644,39.951051],[27.498667,39.951068],[27.498965,39.951193],[27.499271,39.951369],[27.499434,39.951351],[27.499627,39.951236],[27.500102,39.951216]]]}},{"type":"Feature","properties":{"id":"TR-Y-17-012-K-0074","level":"yerlesim","type":"mahalle","parent_id":"TR-D-17-012","province_id":"TR-P-17","district_id":"TR-D-17-012","name":"Yukarıçavuş","source_raw_name":"Yukarıçavuş","source":"Kullanıcı tarafından sağlanan KML","source_label":"Kullanıcı tarafından sağlanan KML","source_name":"Canakkale Mahalle KML - kullanici tarafindan saglandi"},"geometry":{"type":"Polygon","coordinates":[[[27.105378,39.866943],[27.105019,39.865239],[27.103666,39.863994],[27.104763,39.862609],[27.106051,39.860857],[27.10599,39.859817],[27.105484,39.858422],[27.106135,39.857586],[27.106415,39.856385],[27.107852,39.854771],[27.108119,39.854198],[27.108666,39.853157],[27.109147,39.852687],[27.10974,39.85197],[27.110392,39.851481],[27.111301,39.850733],[27.110584,39.848019],[27.110125,39.845289],[27.109876,39.844496],[27.109578,39.843719],[27.110171,39.84336],[27.109932,39.842514],[27.109941,39.841827],[27.109822,39.841401],[27.109584,39.84092],[27.10982,39.840493],[27.11063,39.839859],[27.111421,39.839523],[27.111322,39.839195],[27.111509,39.83889],[27.111964,39.838768],[27.112744,39.838111],[27.112888,39.837924],[27.113115,39.837561],[27.113445,39.837325],[27.113409,39.836486],[27.113513,39.836047],[27.11373,39.83594],[27.114101,39.835894],[27.114264,39.835825],[27.1143,39.835762],[27.114463,39.835697],[27.114695,39.835144],[27.114754,39.834949],[27.114828,39.834732],[27.11505,39.834487],[27.115124,39.834304],[27.115212,39.834125],[27.115573,39.83393],[27.115736,39.833781],[27.115761,39.833678],[27.115706,39.83348],[27.115716,39.833309],[27.115819,39.832958],[27.11573,39.832863],[27.11571,39.832672],[27.115739,39.832447],[27.11558,39.832253],[27.11555,39.832096],[27.115629,39.831974],[27.115654,39.831879],[27.115609,39.831685],[27.115624,39.831559],[27.115801,39.831284],[27.115929,39.83091],[27.115998,39.830563],[27.115962,39.830174],[27.116012,39.829926],[27.116041,39.829759],[27.116223,39.82945],[27.116327,39.829305],[27.116341,39.829026],[27.116361,39.828836],[27.116583,39.828569],[27.116672,39.828431],[27.116666,39.828195],[27.116622,39.828069],[27.116364,39.827989],[27.116231,39.827982],[27.115904,39.827921],[27.115573,39.827765],[27.115913,39.827174],[27.116293,39.826537],[27.116391,39.826346],[27.11601,39.826201],[27.115699,39.826148],[27.115847,39.826003],[27.115935,39.825729],[27.116073,39.825054],[27.116092,39.824768],[27.116101,39.824569],[27.116195,39.824337],[27.115319,39.824082],[27.115027,39.823957],[27.114928,39.823881],[27.114928,39.823659],[27.11516,39.823301],[27.115495,39.822881],[27.115707,39.822564],[27.115647,39.821935],[27.115622,39.821756],[27.115602,39.821752],[27.115453,39.821379],[27.115339,39.821169],[27.113787,39.821956],[27.112665,39.822556],[27.112502,39.822567],[27.11182,39.822515],[27.11047,39.822428],[27.110692,39.822142],[27.110765,39.821879],[27.11076,39.821711],[27.110325,39.821624],[27.110112,39.82162],[27.10989,39.821853],[27.109693,39.822322],[27.109659,39.82265],[27.109699,39.822803],[27.109699,39.822921],[27.109719,39.823085],[27.109685,39.82318],[27.109196,39.823524],[27.109043,39.823726],[27.108583,39.823807],[27.108509,39.823761],[27.108424,39.82354],[27.108231,39.823193],[27.107672,39.822896],[27.107484,39.823011],[27.107266,39.823019],[27.106896,39.823339],[27.10656,39.823515],[27.106432,39.823709],[27.106363,39.823999],[27.106413,39.824297],[27.106398,39.824506],[27.106314,39.82464],[27.10625,39.824712],[27.106156,39.824731],[27.106028,39.82464],[27.105582,39.824198],[27.105424,39.824126],[27.10531,39.824019],[27.104582,39.823463],[27.104666,39.823185],[27.104641,39.823051],[27.104542,39.822857],[27.104398,39.822781],[27.104591,39.822746],[27.104774,39.822674],[27.105065,39.822483],[27.105258,39.822227],[27.105767,39.822154],[27.105752,39.82199],[27.105653,39.821922],[27.105336,39.821751],[27.105158,39.821499],[27.105059,39.821434],[27.104935,39.821255],[27.104816,39.821191],[27.104732,39.821126],[27.103544,39.820456],[27.10345,39.820517],[27.102807,39.820239],[27.102649,39.820213],[27.102298,39.820301],[27.102105,39.820286],[27.102139,39.819855],[27.101897,39.819779],[27.101056,39.820088],[27.100844,39.820066],[27.100726,39.820477],[27.100795,39.820702],[27.100815,39.820885],[27.100702,39.821015],[27.100489,39.821248],[27.10049,39.821332],[27.100356,39.821473],[27.100288,39.822091],[27.100362,39.822174],[27.100422,39.822384],[27.100328,39.822609],[27.100383,39.822857],[27.099517,39.822629],[27.099498,39.823018],[27.098985,39.823422],[27.099361,39.823704],[27.099672,39.823856],[27.099702,39.823921],[27.09993,39.824157],[27.09992,39.824333],[27.099639,39.824364],[27.099293,39.824673],[27.099338,39.824749],[27.099017,39.825081],[27.09872,39.825081],[27.098414,39.825825],[27.097999,39.826126],[27.098158,39.826668],[27.09805,39.826801],[27.09615,39.82588],[27.095972,39.826163],[27.094334,39.824967],[27.094271,39.826114],[27.094692,39.826968],[27.094802,39.827181],[27.093936,39.827293],[27.093942,39.827567],[27.095529,39.827692],[27.096311,39.828152],[27.096203,39.828328],[27.095911,39.828618],[27.096144,39.828919],[27.097054,39.828846],[27.097055,39.82999],[27.096066,39.829746],[27.095501,39.828965],[27.094884,39.829362],[27.092911,39.829528],[27.092881,39.829526],[27.09284,39.829616],[27.092829,39.830198],[27.092773,39.830389],[27.092124,39.830265],[27.091809,39.830118],[27.091487,39.830208],[27.091358,39.830347],[27.091692,39.830914],[27.091409,39.831953],[27.090828,39.831796],[27.090717,39.83202],[27.090272,39.832211],[27.090736,39.832573],[27.090657,39.833073],[27.090694,39.83345],[27.090522,39.833746],[27.090206,39.833703],[27.089705,39.833513],[27.089395,39.832874],[27.089525,39.832598],[27.088721,39.832741],[27.088944,39.832851],[27.088969,39.833099],[27.088846,39.833204],[27.088809,39.833742],[27.088902,39.833885],[27.08881,39.834033],[27.088568,39.834038],[27.088296,39.833785],[27.088191,39.833519],[27.08743,39.833552],[27.087394,39.833953],[27.087116,39.834034],[27.087203,39.834244],[27.087295,39.834344],[27.086616,39.834973],[27.086425,39.835274],[27.085832,39.835589],[27.085728,39.836413],[27.085641,39.836552],[27.085376,39.836723],[27.085178,39.836652],[27.084541,39.836729],[27.083806,39.836963],[27.083571,39.837092],[27.082843,39.837941],[27.082546,39.838184],[27.082454,39.838365],[27.082435,39.838517],[27.082244,39.838765],[27.082121,39.839376],[27.081948,39.839514],[27.081528,39.839643],[27.081862,39.840067],[27.081652,39.840558],[27.081257,39.840882],[27.080985,39.840973],[27.080942,39.841049],[27.081246,39.841559],[27.081425,39.841821],[27.081178,39.842193],[27.080734,39.842422],[27.080956,39.842732],[27.080852,39.842979],[27.080685,39.843137],[27.080506,39.843237],[27.080302,39.843275],[27.080048,39.843461],[27.079919,39.843504],[27.079647,39.844091],[27.076965,39.845313],[27.074969,39.845838],[27.072905,39.846888],[27.071124,39.846846],[27.068998,39.847605],[27.068009,39.848268],[27.066984,39.849642],[27.066967,39.850847],[27.065657,39.851844],[27.065034,39.85337],[27.064249,39.85408],[27.06234,39.855444],[27.060591,39.856417],[27.059317,39.856256],[27.057703,39.856843],[27.056708,39.857425],[27.055206,39.857874],[27.053548,39.857779],[27.05225,39.858123],[27.051236,39.858667],[27.050977,39.85866],[27.050806,39.858625],[27.050539,39.859025],[27.050539,39.859472],[27.050643,39.859803],[27.050599,39.860204],[27.05011,39.860821],[27.05005,39.861062],[27.050214,39.861622],[27.050526,39.862114],[27.050957,39.86248],[27.051091,39.862674],[27.050913,39.86272],[27.050289,39.862674],[27.049681,39.862835],[27.048775,39.863052],[27.04787,39.863419],[27.046535,39.863934],[27.046075,39.864186],[27.045318,39.864335],[27.044591,39.864335],[27.044175,39.864862],[27.043567,39.865148],[27.042765,39.865137],[27.042097,39.864954],[27.04138,39.864808],[27.041267,39.864744],[27.040119,39.864577],[27.039766,39.864667],[27.038728,39.864749],[27.038268,39.864944],[27.037749,39.865276],[27.037155,39.865184],[27.03668,39.865116],[27.036413,39.86523],[27.035715,39.865322],[27.035136,39.865162],[27.034453,39.864956],[27.033696,39.864762],[27.033265,39.864833],[27.033273,39.864896],[27.033898,39.867843],[27.033991,39.868997],[27.034622,39.875342],[27.034934,39.878679],[27.036357,39.878816],[27.041331,39.879291],[27.046348,39.879752],[27.049695,39.880494],[27.051768,39.880998],[27.052887,39.881269],[27.053655,39.881453],[27.057813,39.882461],[27.062562,39.883617],[27.06646,39.884575],[27.071209,39.885747],[27.074411,39.886519],[27.078632,39.887553],[27.08069,39.888054],[27.083137,39.888658],[27.086207,39.889404],[27.088917,39.890062],[27.090622,39.890487],[27.09259,39.890965],[27.093958,39.891299],[27.096468,39.891912],[27.099076,39.892557],[27.097851,39.886],[27.098364,39.882911],[27.099562,39.87965],[27.099351,39.877603],[27.100715,39.876104],[27.102746,39.874558],[27.102938,39.873562],[27.104953,39.871193],[27.107385,39.869658],[27.106582,39.867926],[27.105378,39.866943]]]}},{"type":"Feature","properties":{"id":"TR-Y-17-012-K-0075","level":"yerlesim","type":"mahalle","parent_id":"TR-D-17-012","province_id":"TR-P-17","district_id":"TR-D-17-012","name":"Yukarıinova","source_raw_name":"Yukarıinova","source":"Kullanıcı tarafından sağlanan KML","source_label":"Kullanıcı tarafından sağlanan KML","source_name":"Canakkale Mahalle KML - kullanici tarafindan saglandi"},"geometry":{"type":"Polygon","coordinates":[[[27.267758,40.098575],[27.267986,40.098422],[27.268116,40.09862],[27.268195,40.098543],[27.268913,40.099228],[27.268862,40.098862],[27.269604,40.098311],[27.269664,40.098319],[27.270904,40.09808],[27.270836,40.097894],[27.271289,40.097544],[27.271191,40.097361],[27.270788,40.097128],[27.270199,40.097003],[27.27094,40.096041],[27.272829,40.093652],[27.274001,40.092528],[27.274349,40.092012],[27.274799,40.090993],[27.275157,40.090964],[27.276151,40.090047],[27.276209,40.089778],[27.276758,40.089313],[27.276795,40.089153],[27.277017,40.088895],[27.277039,40.088689],[27.277307,40.088631],[27.277492,40.088482],[27.277529,40.088402],[27.277589,40.088396],[27.27764,40.088196],[27.277729,40.088247],[27.277945,40.088155],[27.278116,40.088195],[27.278496,40.088079],[27.278585,40.087993],[27.279135,40.08782],[27.279329,40.087877],[27.279552,40.087762],[27.279774,40.087516],[27.279826,40.087367],[27.280071,40.087303],[27.280339,40.087309],[27.280562,40.087176],[27.280591,40.087091],[27.280606,40.087022],[27.281179,40.086935],[27.281223,40.086889],[27.281238,40.086792],[27.281245,40.08674],[27.281453,40.0867],[27.281914,40.086418],[27.281958,40.086195],[27.281883,40.086121],[27.281838,40.085984],[27.281718,40.08591],[27.28148,40.085836],[27.28098,40.085551],[27.280636,40.085409],[27.280291,40.085119],[27.280154,40.084978],[27.279957,40.084658],[27.279974,40.084553],[27.279976,40.084401],[27.280124,40.084343],[27.280236,40.084305],[27.28037,40.084226],[27.280525,40.084106],[27.280738,40.083955],[27.280938,40.083758],[27.281101,40.083535],[27.281166,40.083563],[27.281314,40.083408],[27.281634,40.083255],[27.281874,40.083073],[27.282042,40.082951],[27.282232,40.082745],[27.282254,40.082653],[27.282132,40.082585],[27.281934,40.082536],[27.282222,40.08215],[27.28218,40.082066],[27.282338,40.081986],[27.282422,40.081785],[27.28252,40.081617],[27.282533,40.081552],[27.282624,40.081398],[27.282718,40.081407],[27.282867,40.081401],[27.282919,40.081395],[27.282966,40.081401],[27.283033,40.081401],[27.28308,40.081402],[27.283182,40.0814],[27.283249,40.081459],[27.283343,40.081297],[27.28338,40.08122],[27.283469,40.081171],[27.283741,40.081033],[27.283878,40.080956],[27.283967,40.080884],[27.284095,40.080744],[27.284226,40.080599],[27.284382,40.08045],[27.28454,40.08028],[27.284742,40.080005],[27.284814,40.079877],[27.284843,40.079806],[27.28488,40.079657],[27.284949,40.079545],[27.285131,40.079295],[27.285183,40.079224],[27.285621,40.079402],[27.286168,40.079656],[27.28647,40.079807],[27.286667,40.079955],[27.286861,40.080112],[27.287006,40.080198],[27.287152,40.080276],[27.287291,40.080329],[27.287532,40.080395],[27.287729,40.080434],[27.288009,40.080478],[27.28831,40.080526],[27.288546,40.080585],[27.288737,40.080504],[27.288863,40.080488],[27.289057,40.080448],[27.289127,40.080418],[27.289229,40.08037],[27.289296,40.080329],[27.289321,40.080305],[27.289367,40.08027],[27.289415,40.080206],[27.289444,40.080151],[27.289468,40.080066],[27.289489,40.079999],[27.289513,40.079882],[27.289518,40.079837],[27.289504,40.079782],[27.289383,40.079566],[27.289296,40.079459],[27.289204,40.079343],[27.289123,40.079232],[27.289015,40.079084],[27.288961,40.079014],[27.288934,40.078971],[27.288868,40.078827],[27.288787,40.078711],[27.288666,40.078542],[27.288646,40.07851],[27.288455,40.078229],[27.288434,40.078148],[27.288469,40.078097],[27.288573,40.078005],[27.288746,40.077793],[27.288865,40.077653],[27.289012,40.077486],[27.289084,40.077405],[27.289089,40.077372],[27.289118,40.077336],[27.289057,40.076876],[27.289328,40.076394],[27.289615,40.076055],[27.289853,40.075704],[27.290156,40.075453],[27.290384,40.075229],[27.290414,40.074871],[27.290413,40.074612],[27.290311,40.073938],[27.29031,40.07373],[27.290407,40.073318],[27.290337,40.072963],[27.290511,40.072908],[27.290913,40.072735],[27.29137,40.072975],[27.291479,40.072896],[27.291481,40.072743],[27.291684,40.072352],[27.291975,40.072122],[27.291694,40.071875],[27.291242,40.07191],[27.290956,40.071772],[27.290823,40.071854],[27.290711,40.071775],[27.290598,40.071516],[27.290663,40.071468],[27.29061,40.07134],[27.290294,40.070833],[27.290331,40.070659],[27.290446,40.070087],[27.290574,40.069498],[27.292652,40.06801],[27.292798,40.068115],[27.292857,40.068103],[27.293015,40.068005],[27.293376,40.067613],[27.293933,40.067314],[27.293967,40.067423],[27.293925,40.067592],[27.293956,40.067614],[27.293836,40.067886],[27.294131,40.067916],[27.294195,40.067742],[27.294796,40.066816],[27.294991,40.066687],[27.295071,40.066532],[27.295194,40.066398],[27.295286,40.066102],[27.29557,40.065796],[27.295674,40.065522],[27.295683,40.065324],[27.295363,40.065213],[27.294892,40.065443],[27.294592,40.065642],[27.294743,40.06602],[27.294565,40.066426],[27.293745,40.066256],[27.29364,40.066192],[27.293652,40.066092],[27.293295,40.066098],[27.293146,40.06606],[27.29296,40.066101],[27.292889,40.06623],[27.292731,40.06624],[27.292432,40.065881],[27.292295,40.065836],[27.29231,40.065662],[27.292474,40.065549],[27.292731,40.065506],[27.292821,40.065401],[27.29265,40.065356],[27.292419,40.065137],[27.292434,40.064987],[27.293118,40.064618],[27.292966,40.064514],[27.292758,40.064576],[27.292628,40.064617],[27.292327,40.064625],[27.29219,40.064437],[27.292196,40.064394],[27.292264,40.064282],[27.292288,40.064251],[27.292251,40.064122],[27.292554,40.063926],[27.292454,40.063843],[27.292283,40.063796],[27.29245,40.063595],[27.292593,40.063631],[27.292959,40.063794],[27.293062,40.06382],[27.29326,40.063822],[27.293307,40.063774],[27.293122,40.063379],[27.29334,40.062959],[27.293883,40.062164],[27.293771,40.061517],[27.294486,40.060979],[27.294727,40.060916],[27.295171,40.061017],[27.295845,40.061266],[27.295891,40.061766],[27.295732,40.061738],[27.295512,40.06247],[27.295538,40.062811],[27.295312,40.063469],[27.295377,40.063571],[27.29566,40.063611],[27.295794,40.063749],[27.295813,40.063901],[27.296029,40.064265],[27.295949,40.064499],[27.297623,40.062167],[27.297919,40.062573],[27.297791,40.062931],[27.29759,40.063094],[27.297708,40.063184],[27.298788,40.063381],[27.299118,40.063676],[27.299427,40.062634],[27.299907,40.06263],[27.300299,40.06276],[27.300476,40.06281],[27.300791,40.062659],[27.300657,40.062504],[27.300515,40.062517],[27.300665,40.062152],[27.300795,40.061997],[27.300834,40.061772],[27.300929,40.061589],[27.300785,40.061146],[27.300551,40.060973],[27.300452,40.060854],[27.29806,40.059914],[27.298439,40.05979],[27.298616,40.05949],[27.29831,40.059299],[27.29767,40.059223],[27.297339,40.059218],[27.297159,40.059085],[27.297096,40.059016],[27.297006,40.058848],[27.295836,40.05777],[27.29519,40.057162],[27.295201,40.057068],[27.295055,40.056897],[27.295002,40.056748],[27.294733,40.056506],[27.294652,40.056652],[27.294459,40.056781],[27.294173,40.056796],[27.293531,40.056515],[27.291328,40.055542],[27.290395,40.054947],[27.290224,40.054919],[27.29009,40.054802],[27.289974,40.054814],[27.286982,40.054658],[27.286904,40.054675],[27.286824,40.054378],[27.286882,40.053966],[27.287112,40.053637],[27.287025,40.053446],[27.286954,40.05336],[27.286924,40.053223],[27.286856,40.053146],[27.286826,40.052957],[27.286519,40.052603],[27.286475,40.051828],[27.286276,40.051443],[27.286092,40.050894],[27.286091,40.050663],[27.285989,40.050411],[27.285457,40.050381],[27.284348,40.050384],[27.284273,40.050273],[27.284146,40.050159],[27.283986,40.050196],[27.283929,40.049845],[27.283575,40.049551],[27.283318,40.049509],[27.282818,40.049378],[27.28274,40.049221],[27.282493,40.049053],[27.282273,40.048896],[27.28206,40.048537],[27.28177,40.048589],[27.28152,40.048604],[27.281305,40.048647],[27.281071,40.048719],[27.280791,40.048671],[27.2799,40.048027],[27.278101,40.04675],[27.278019,40.046616],[27.277862,40.046479],[27.277545,40.04634],[27.277387,40.046012],[27.277115,40.045735],[27.277002,40.045372],[27.277143,40.045303],[27.277008,40.045163],[27.277045,40.044992],[27.276798,40.044746],[27.276642,40.044701],[27.276393,40.044767],[27.276307,40.044819],[27.275827,40.044646],[27.275648,40.044637],[27.275481,40.044589],[27.275395,40.044595],[27.275254,40.044764],[27.275087,40.044796],[27.274829,40.044933],[27.274727,40.044754],[27.274472,40.044865],[27.274122,40.044748],[27.274069,40.044654],[27.273789,40.044756],[27.273718,40.044876],[27.271665,40.04378],[27.269393,40.043108],[27.265919,40.043298],[27.265744,40.043419],[27.265421,40.043568],[27.264842,40.04387],[27.264511,40.043985],[27.264457,40.044228],[27.264562,40.044579],[27.264335,40.044508],[27.264056,40.044572],[27.263819,40.044773],[27.263629,40.044742],[27.263603,40.044672],[27.263532,40.044561],[27.263477,40.044489],[27.263375,40.044406],[27.26325,40.044334],[27.26312,40.044289],[27.263113,40.044309],[27.26304,40.044494],[27.263021,40.044571],[27.262866,40.044676],[27.262725,40.04501],[27.262446,40.045087],[27.262285,40.04513],[27.262205,40.04514],[27.261754,40.045584],[27.261705,40.045828],[27.261618,40.045894],[27.261353,40.046076],[27.260815,40.046501],[27.260455,40.046583],[27.260475,40.046926],[27.260075,40.047547],[27.259931,40.047385],[27.259949,40.047256],[27.259788,40.047152],[27.25949,40.047181],[27.259379,40.047324],[27.259224,40.047344],[27.259069,40.047263],[27.258721,40.047221],[27.258517,40.047298],[27.258275,40.04727],[27.25809,40.047375],[27.258104,40.047866],[27.258061,40.04799],[27.258161,40.048204],[27.257951,40.0484],[27.257697,40.048443],[27.25733,40.048263],[27.257181,40.048097],[27.256889,40.047964],[27.25666,40.04816],[27.25599,40.048137],[27.255563,40.048338],[27.255831,40.048795],[27.255888,40.049062],[27.25515,40.049064],[27.254411,40.048698],[27.254224,40.048299],[27.253919,40.048051],[27.253943,40.04797],[27.253489,40.047569],[27.253351,40.0479],[27.253367,40.047983],[27.252838,40.048433],[27.253012,40.048556],[27.252842,40.048647],[27.252852,40.048921],[27.25267,40.049057],[27.252346,40.04962],[27.251723,40.049612],[27.250848,40.049469],[27.250755,40.049509],[27.250594,40.049546],[27.250545,40.049617],[27.249702,40.049733],[27.24946,40.049724],[27.249138,40.049811],[27.248865,40.049942],[27.248559,40.049984],[27.248111,40.049613],[27.247995,40.04926],[27.248028,40.049082],[27.247848,40.049006],[27.247708,40.048815],[27.24748,40.04839],[27.243933,40.048359],[27.240131,40.046556],[27.236911,40.044302],[27.237631,40.046069],[27.23762,40.046541],[27.237936,40.046578],[27.23854,40.049055],[27.238014,40.049261],[27.238039,40.049337],[27.238344,40.049656],[27.23832,40.049837],[27.238438,40.049937],[27.238407,40.050128],[27.239103,40.050546],[27.238571,40.050814],[27.238169,40.051062],[27.23768,40.051392],[27.237575,40.051616],[27.238045,40.052788],[27.238369,40.053306],[27.238494,40.053716],[27.238495,40.053892],[27.238489,40.05405],[27.238527,40.054183],[27.237835,40.054976],[27.237633,40.055767],[27.238574,40.056918],[27.238804,40.057118],[27.239755,40.057774],[27.24077,40.058968],[27.241311,40.059291],[27.242093,40.059551],[27.242763,40.059631],[27.242514,40.062663],[27.242337,40.065227],[27.240855,40.067198],[27.239775,40.068635],[27.239373,40.06916],[27.239275,40.069332],[27.238828,40.069442],[27.238637,40.069767],[27.238234,40.069887],[27.237961,40.069797],[27.23783,40.070043],[27.238297,40.070771],[27.238248,40.070848],[27.238366,40.070852],[27.242857,40.074446],[27.243447,40.074602],[27.243528,40.074602],[27.243622,40.074935],[27.243691,40.075107],[27.243965,40.075282],[27.24414,40.075658],[27.244227,40.075777],[27.244445,40.075982],[27.244837,40.076296],[27.244979,40.076124],[27.245214,40.07608],[27.245253,40.07638],[27.245148,40.076514],[27.245353,40.076804],[27.24559,40.076914],[27.245509,40.076985],[27.245933,40.077461],[27.246058,40.077708],[27.246365,40.078513],[27.246507,40.078394],[27.246693,40.078298],[27.246611,40.078155],[27.246785,40.077979],[27.2474,40.078354],[27.24724,40.078726],[27.247321,40.078802],[27.247384,40.078954],[27.247409,40.079069],[27.247373,40.079326],[27.247429,40.079555],[27.247654,40.080045],[27.247835,40.080216],[27.247978,40.080197],[27.248034,40.080473],[27.248059,40.080473],[27.248575,40.082364],[27.248927,40.083655],[27.249373,40.085145],[27.249761,40.086031],[27.250505,40.087721],[27.251931,40.090919],[27.254766,40.09716],[27.255598,40.097187],[27.255684,40.096996],[27.255733,40.09691],[27.255869,40.096853],[27.256106,40.097062],[27.256206,40.097224],[27.262053,40.097554],[27.265908,40.099585],[27.266491,40.099584],[27.266496,40.099435],[27.2665,40.099256],[27.266916,40.098973],[27.267144,40.098935],[27.267401,40.098644],[27.267758,40.098575]]]}},{"type":"Feature","properties":{"id":"TR-Y-17-012-K-0076","level":"yerlesim","type":"mahalle","parent_id":"TR-D-17-012","province_id":"TR-P-17","district_id":"TR-D-17-012","name":"Yukarıkaraaşık","source_raw_name":"Yukarıkaraaşık","source":"Kullanıcı tarafından sağlanan KML","source_label":"Kullanıcı tarafından sağlanan KML","source_name":"Canakkale Mahalle KML - kullanici tarafindan saglandi"},"geometry":{"type":"Polygon","coordinates":[[[27.195015,40.019639],[27.198325,40.018802],[27.198513,40.018725],[27.201263,40.017794],[27.204349,40.016763],[27.206678,40.016282],[27.205831,40.014961],[27.204995,40.013971],[27.204277,40.012512],[27.204517,40.011761],[27.205029,40.0103],[27.205593,40.010066],[27.205668,40.010234],[27.205999,40.009871],[27.208524,40.010967],[27.206003,40.00752],[27.204747,40.006312],[27.203958,40.005589],[27.203148,40.00416],[27.202538,40.003037],[27.201435,40.001051],[27.200744,39.999818],[27.200976,39.998712],[27.201306,39.997137],[27.201409,39.996647],[27.199503,39.996447],[27.19446,39.995929],[27.190621,39.995284],[27.186739,39.994637],[27.185844,39.994484],[27.184795,39.994314],[27.183962,39.994181],[27.182393,39.993184],[27.181509,39.992618],[27.180895,39.992227],[27.180145,39.991754],[27.178607,39.990768],[27.178075,39.990434],[27.178007,39.990275],[27.177892,39.990097],[27.177691,39.989885],[27.177176,39.990091],[27.176907,39.990134],[27.176773,39.990013],[27.175842,39.990201],[27.175574,39.99022],[27.175476,39.990329],[27.175337,39.990244],[27.175134,39.990203],[27.174991,39.990103],[27.174898,39.989943],[27.174676,39.989969],[27.17439,39.989915],[27.174273,39.989875],[27.174053,39.989743],[27.173929,39.989725],[27.173046,39.990894],[27.172957,39.990909],[27.172479,39.991321],[27.172336,39.992236],[27.172091,39.993798],[27.17197,39.994533],[27.172527,39.995602],[27.173397,39.997296],[27.17355,39.997599],[27.17215,39.998064],[27.170943,39.998501],[27.169668,39.998914],[27.168212,39.999394],[27.166766,39.999284],[27.165338,39.999201],[27.163179,39.999916],[27.162441,40.000472],[27.161862,40.001033],[27.161283,40.001514],[27.160998,40.002072],[27.160025,40.002737],[27.160112,40.003354],[27.159857,40.004069],[27.159344,40.0043],[27.158059,40.004548],[27.157531,40.004806],[27.156409,40.005033],[27.155539,40.005429],[27.155575,40.005664],[27.154777,40.007907],[27.15493,40.009874],[27.15625,40.011072],[27.156694,40.012235],[27.158856,40.014313],[27.160629,40.015676],[27.160918,40.015904],[27.162576,40.016973],[27.164255,40.01818],[27.165974,40.019519],[27.166606,40.02025],[27.166731,40.020982],[27.169355,40.019255],[27.172405,40.01726],[27.173665,40.017384],[27.174711,40.017482],[27.177087,40.017734],[27.178099,40.017824],[27.178467,40.018117],[27.17868,40.018192],[27.179256,40.018256],[27.179916,40.018701],[27.180353,40.018991],[27.180408,40.018987],[27.182552,40.019696],[27.185212,40.020558],[27.186135,40.020861],[27.188938,40.021226],[27.192039,40.02041],[27.192235,40.020364],[27.195015,40.019639]]]}},{"type":"Feature","properties":{"id":"TR-Y-17-012-M-0001","level":"yerlesim","type":"mahalle","parent_id":"TR-D-17-012","province_id":"TR-P-17","district_id":"TR-D-17-012","name":"Atatürk","source_raw_name":"Atatürk","source":"Kullanıcı tarafından sağlanan KML","source_label":"Kullanıcı tarafından sağlanan KML","source_name":"Canakkale Mahalle KML - kullanici tarafindan saglandi"},"geometry":{"type":"Polygon","coordinates":[[[27.211048,39.822281],[27.211088,39.82221],[27.211196,39.82206],[27.211326,39.821893],[27.211473,39.821739],[27.211634,39.821566],[27.211756,39.82143],[27.211884,39.821302],[27.211996,39.821222],[27.212185,39.821124],[27.212374,39.821041],[27.212624,39.820967],[27.212851,39.820881],[27.212956,39.820834],[27.213108,39.820759],[27.213009,39.820614],[27.212848,39.82039],[27.212723,39.82023],[27.212653,39.820107],[27.212598,39.819959],[27.212574,39.81977],[27.212522,39.819624],[27.212456,39.819525],[27.21234,39.819428],[27.2122,39.819336],[27.212028,39.819252],[27.211908,39.819144],[27.211882,39.818988],[27.211862,39.818841],[27.211864,39.81872],[27.211864,39.818649],[27.211844,39.81849],[27.211831,39.818311],[27.211812,39.818119],[27.211825,39.818005],[27.211843,39.817866],[27.211922,39.817717],[27.212033,39.817524],[27.212175,39.817347],[27.212298,39.817209],[27.212407,39.816994],[27.212545,39.816764],[27.212655,39.816613],[27.212736,39.8165],[27.212843,39.816318],[27.212907,39.816123],[27.212926,39.815943],[27.212959,39.815849],[27.213038,39.815718],[27.213208,39.815565],[27.213382,39.815418],[27.213463,39.815311],[27.213475,39.815207],[27.213483,39.815071],[27.213479,39.814993],[27.213477,39.814965],[27.21347,39.814823],[27.21347,39.814811],[27.213487,39.814498],[27.213528,39.814254],[27.213552,39.813971],[27.213593,39.813753],[27.213611,39.813425],[27.213615,39.813163],[27.213558,39.81294],[27.213465,39.812834],[27.213391,39.812707],[27.213356,39.812577],[27.213375,39.812494],[27.213488,39.812295],[27.213621,39.81203],[27.213756,39.811722],[27.21391,39.811388],[27.214005,39.811095],[27.213935,39.811007],[27.213874,39.810882],[27.213842,39.810598],[27.213803,39.810416],[27.21374,39.810255],[27.213675,39.810079],[27.213562,39.809854],[27.213419,39.809667],[27.213283,39.809518],[27.213202,39.80943],[27.213044,39.809268],[27.212936,39.809152],[27.212877,39.809102],[27.212793,39.808952],[27.212749,39.808735],[27.212755,39.808411],[27.212748,39.808169],[27.212742,39.808052],[27.212776,39.807938],[27.212782,39.807815],[27.212743,39.807684],[27.21266,39.807498],[27.212583,39.807381],[27.212495,39.807283],[27.212308,39.807157],[27.212137,39.807091],[27.21189,39.806996],[27.211654,39.806895],[27.211521,39.806832],[27.211171,39.806671],[27.210898,39.806541],[27.210426,39.806288],[27.210319,39.806229],[27.210076,39.806079],[27.209888,39.805937],[27.20968,39.805805],[27.209442,39.80565],[27.2092,39.805503],[27.208964,39.805365],[27.208709,39.805231],[27.20853,39.805131],[27.208241,39.804999],[27.20801,39.804861],[27.207822,39.804756],[27.20761,39.804639],[27.207444,39.804533],[27.207187,39.80439],[27.20701,39.80429],[27.206777,39.804169],[27.2066,39.804079],[27.20637,39.803964],[27.206126,39.803831],[27.205928,39.803708],[27.205792,39.803611],[27.205598,39.803467],[27.205422,39.803324],[27.205196,39.803188],[27.205024,39.803068],[27.204875,39.802932],[27.204615,39.802745],[27.204478,39.802662],[27.204336,39.80259],[27.204088,39.80248],[27.203933,39.802358],[27.203814,39.802251],[27.203696,39.802114],[27.203609,39.801949],[27.203532,39.801784],[27.203475,39.801643],[27.2034,39.801479],[27.203327,39.801354],[27.203261,39.801231],[27.203143,39.801021],[27.203029,39.8008],[27.202954,39.800576],[27.202881,39.800331],[27.202879,39.800326],[27.202817,39.800158],[27.202759,39.799989],[27.202731,39.799921],[27.202681,39.799781],[27.202633,39.799643],[27.202621,39.799608],[27.202575,39.799483],[27.202532,39.799335],[27.202515,39.799202],[27.202507,39.799153],[27.202495,39.799072],[27.202494,39.799069],[27.202494,39.799067],[27.202493,39.799062],[27.202468,39.798951],[27.202401,39.798821],[27.202309,39.798701],[27.202252,39.798569],[27.202205,39.79841],[27.202199,39.798268],[27.202208,39.79814],[27.202223,39.797986],[27.202246,39.797867],[27.202292,39.797759],[27.202332,39.797664],[27.20239,39.797575],[27.202476,39.797476],[27.202549,39.797353],[27.202647,39.797169],[27.202717,39.797035],[27.202802,39.796931],[27.202911,39.796829],[27.203021,39.796757],[27.202833,39.796662],[27.193803,39.793527],[27.196345,39.798246],[27.197404,39.802639],[27.197064,39.803024],[27.197165,39.80318],[27.197054,39.803345],[27.19714,39.803548],[27.197396,39.80366],[27.197627,39.803627],[27.197918,39.803732],[27.197969,39.804146],[27.198038,39.805959],[27.19802,39.806136],[27.197971,39.806253],[27.19728,39.806224],[27.196917,39.8063],[27.196407,39.806252],[27.19581,39.80631],[27.195504,39.806228],[27.19513,39.806028],[27.194548,39.805868],[27.193982,39.806508],[27.192321,39.807521],[27.19105,39.808334],[27.188508,39.80931],[27.183213,39.811954],[27.186602,39.814394],[27.1887,39.816637],[27.192109,39.822365],[27.199708,39.822263],[27.200601,39.822251],[27.200701,39.822364],[27.201743,39.823392],[27.202661,39.82442],[27.203478,39.824857],[27.204171,39.825179],[27.206175,39.825653],[27.208129,39.825935],[27.209166,39.825933],[27.209267,39.825817],[27.209371,39.825656],[27.209437,39.825499],[27.209582,39.825297],[27.209689,39.825171],[27.209873,39.825029],[27.210049,39.824857],[27.210182,39.824658],[27.210334,39.824418],[27.210436,39.824262],[27.210542,39.82405],[27.210638,39.823799],[27.210692,39.823535],[27.210702,39.823302],[27.210703,39.823276],[27.210746,39.823171],[27.210874,39.822973],[27.210918,39.822819],[27.210959,39.822633],[27.210997,39.822372],[27.211048,39.822281]]]}},{"type":"Feature","properties":{"id":"TR-Y-17-012-M-0002","level":"yerlesim","type":"mahalle","parent_id":"TR-D-17-012","province_id":"TR-P-17","district_id":"TR-D-17-012","name":"Cumhuriyet","source_raw_name":"Cumhuriyet","source":"Kullanıcı tarafından sağlanan KML","source_label":"Kullanıcı tarafından sağlanan KML","source_name":"Canakkale Mahalle KML - kullanici tarafindan saglandi"},"geometry":{"type":"Polygon","coordinates":[[[27.206934,39.798734],[27.203021,39.796757],[27.202911,39.796829],[27.202802,39.796931],[27.202717,39.797035],[27.202647,39.797169],[27.202549,39.797353],[27.202476,39.797476],[27.20239,39.797575],[27.202332,39.797664],[27.202292,39.797759],[27.202246,39.797867],[27.202223,39.797986],[27.202208,39.79814],[27.202199,39.798268],[27.202205,39.79841],[27.202252,39.798569],[27.202309,39.798701],[27.202401,39.798821],[27.202468,39.798951],[27.202493,39.799062],[27.202494,39.799067],[27.202494,39.799069],[27.202495,39.799072],[27.202507,39.799153],[27.202515,39.799202],[27.202532,39.799335],[27.202575,39.799483],[27.202621,39.799608],[27.202633,39.799643],[27.202681,39.799781],[27.202731,39.799921],[27.202759,39.799989],[27.202817,39.800158],[27.202879,39.800326],[27.202881,39.800331],[27.202954,39.800576],[27.203029,39.8008],[27.203143,39.801021],[27.203261,39.801231],[27.203327,39.801354],[27.2034,39.801479],[27.203475,39.801643],[27.203532,39.801784],[27.203609,39.801949],[27.203696,39.802114],[27.203814,39.802251],[27.203933,39.802358],[27.204088,39.80248],[27.204336,39.80259],[27.204478,39.802662],[27.204615,39.802745],[27.204875,39.802932],[27.205024,39.803068],[27.205196,39.803188],[27.205422,39.803324],[27.205598,39.803467],[27.205792,39.803611],[27.205928,39.803708],[27.206126,39.803831],[27.20637,39.803964],[27.2066,39.804079],[27.206777,39.804169],[27.20701,39.80429],[27.207187,39.80439],[27.207444,39.804533],[27.20761,39.804639],[27.207822,39.804756],[27.20801,39.804861],[27.208241,39.804999],[27.20853,39.805131],[27.208709,39.805231],[27.208964,39.805365],[27.2092,39.805503],[27.209442,39.80565],[27.20968,39.805805],[27.209888,39.805937],[27.210076,39.806079],[27.210319,39.806229],[27.210426,39.806288],[27.210898,39.806541],[27.211171,39.806671],[27.211521,39.806832],[27.211654,39.806895],[27.21189,39.806996],[27.212137,39.807091],[27.212308,39.807157],[27.212495,39.807283],[27.212583,39.807381],[27.21266,39.807498],[27.212743,39.807684],[27.212782,39.807815],[27.212776,39.807938],[27.212742,39.808052],[27.212748,39.808169],[27.212755,39.808411],[27.212749,39.808735],[27.212793,39.808952],[27.212877,39.809102],[27.212936,39.809152],[27.213044,39.809268],[27.213202,39.80943],[27.213283,39.809518],[27.213419,39.809667],[27.213562,39.809854],[27.213675,39.810079],[27.21374,39.810255],[27.213803,39.810416],[27.213842,39.810598],[27.213874,39.810882],[27.213935,39.811007],[27.214005,39.811095],[27.21391,39.811388],[27.213756,39.811722],[27.213621,39.81203],[27.213488,39.812295],[27.213375,39.812494],[27.213356,39.812577],[27.213391,39.812707],[27.213465,39.812834],[27.213558,39.81294],[27.213615,39.813163],[27.213611,39.813425],[27.213593,39.813753],[27.213552,39.813971],[27.213528,39.814254],[27.213487,39.814498],[27.21347,39.814811],[27.21347,39.814823],[27.213477,39.814965],[27.213479,39.814993],[27.213483,39.815071],[27.213475,39.815207],[27.213463,39.815311],[27.213382,39.815418],[27.213208,39.815565],[27.213038,39.815718],[27.212959,39.815849],[27.212926,39.815943],[27.212907,39.816123],[27.212843,39.816318],[27.212736,39.8165],[27.212655,39.816613],[27.212545,39.816764],[27.212407,39.816994],[27.212298,39.817209],[27.212175,39.817347],[27.212033,39.817524],[27.211922,39.817717],[27.211843,39.817866],[27.211825,39.818005],[27.211812,39.818119],[27.211831,39.818311],[27.211844,39.81849],[27.211864,39.818649],[27.211864,39.81872],[27.211862,39.818841],[27.211882,39.818988],[27.211908,39.819144],[27.212028,39.819252],[27.2122,39.819336],[27.21234,39.819428],[27.212456,39.819525],[27.212522,39.819624],[27.212574,39.81977],[27.212598,39.819959],[27.212653,39.820107],[27.212723,39.82023],[27.212848,39.82039],[27.213009,39.820614],[27.213108,39.820759],[27.212956,39.820834],[27.212851,39.820881],[27.212624,39.820967],[27.212374,39.821041],[27.212185,39.821124],[27.211996,39.821222],[27.211884,39.821302],[27.211756,39.82143],[27.211634,39.821566],[27.211473,39.821739],[27.211326,39.821893],[27.211196,39.82206],[27.211088,39.82221],[27.210997,39.822372],[27.210959,39.822633],[27.210918,39.822819],[27.210874,39.822973],[27.210746,39.823171],[27.210703,39.823276],[27.210702,39.823302],[27.210692,39.823535],[27.210638,39.823799],[27.210542,39.82405],[27.210436,39.824262],[27.210334,39.824418],[27.210182,39.824658],[27.210049,39.824857],[27.209873,39.825029],[27.209689,39.825171],[27.209582,39.825297],[27.209437,39.825499],[27.209371,39.825656],[27.209267,39.825817],[27.209166,39.825933],[27.209168,39.825933],[27.209177,39.825933],[27.217059,39.825946],[27.217233,39.825536],[27.217976,39.823783],[27.219545,39.823699],[27.22009,39.82367],[27.222077,39.823565],[27.222679,39.822934],[27.223036,39.822405],[27.223212,39.822242],[27.223414,39.82202],[27.223666,39.82145],[27.223772,39.819661],[27.223242,39.817302],[27.223188,39.816341],[27.223367,39.816131],[27.223426,39.815994],[27.224016,39.815318],[27.224408,39.815191],[27.224876,39.814923],[27.225084,39.814675],[27.225316,39.814313],[27.22546,39.813932],[27.225606,39.813376],[27.225558,39.813184],[27.227054,39.811608],[27.228199,39.811209],[27.229384,39.810795],[27.230506,39.810579],[27.231502,39.810388],[27.233514,39.809869],[27.230972,39.806697],[27.227591,39.806052],[27.224089,39.804267],[27.216677,39.802965],[27.21117,39.801338],[27.207993,39.799711],[27.206934,39.798734]]]}},{"type":"Feature","properties":{"id":"TR-Y-17-012-M-0003","level":"yerlesim","type":"mahalle","parent_id":"TR-D-17-012","province_id":"TR-P-17","district_id":"TR-D-17-012","name":"Eskiyenice","source_raw_name":"Eskiyenice","source":"Kullanıcı tarafından sağlanan KML","source_label":"Kullanıcı tarafından sağlanan KML","source_name":"Canakkale Mahalle KML - kullanici tarafindan saglandi"},"geometry":{"type":"Polygon","coordinates":[[[27.22294,39.926474],[27.223199,39.92605],[27.223741,39.926066],[27.224016,39.9261],[27.224254,39.926197],[27.224626,39.926407],[27.224952,39.926006],[27.225227,39.926069],[27.226163,39.926084],[27.226772,39.926157],[27.227307,39.926088],[27.22796,39.925921],[27.228198,39.925954],[27.228934,39.92617],[27.229937,39.926306],[27.230227,39.926316],[27.230568,39.926133],[27.23085,39.926172],[27.231177,39.92612],[27.231615,39.925988],[27.23203,39.925752],[27.232453,39.925546],[27.232705,39.925385],[27.232884,39.925528],[27.233189,39.925693],[27.233255,39.925634],[27.233399,39.925376],[27.233439,39.924987],[27.233465,39.924721],[27.233522,39.924738],[27.233657,39.924774],[27.233748,39.924774],[27.233869,39.924765],[27.234255,39.924692],[27.234558,39.924583],[27.234815,39.924539],[27.235116,39.924442],[27.235424,39.924347],[27.23588,39.924241],[27.235943,39.924216],[27.23612,39.923953],[27.236189,39.923882],[27.236255,39.923862],[27.236373,39.923842],[27.2365,39.923803],[27.23666,39.923742],[27.236779,39.923702],[27.236918,39.923674],[27.237141,39.923668],[27.237258,39.923681],[27.23734,39.923705],[27.237536,39.923774],[27.237917,39.923883],[27.237964,39.923894],[27.237951,39.923713],[27.239236,39.923786],[27.239471,39.923819],[27.239509,39.924029],[27.239595,39.923995],[27.2398,39.923981],[27.240351,39.923975],[27.240493,39.923955],[27.240461,39.923741],[27.24059,39.923517],[27.240557,39.922702],[27.2404,39.922254],[27.240666,39.922073],[27.240944,39.922015],[27.241023,39.922037],[27.241172,39.922083],[27.241353,39.922784],[27.241798,39.92273],[27.241738,39.922516],[27.2419,39.922477],[27.243286,39.922302],[27.243731,39.922159],[27.244176,39.921938],[27.244152,39.9221],[27.244364,39.922443],[27.244686,39.92269],[27.244959,39.922823],[27.245689,39.922774],[27.246364,39.922795],[27.246467,39.922718],[27.246586,39.922657],[27.2467,39.922668],[27.24675,39.92271],[27.246814,39.922664],[27.246868,39.922573],[27.247022,39.92261],[27.247126,39.922782],[27.247142,39.922942],[27.247216,39.922942],[27.247469,39.922934],[27.247647,39.922933],[27.247593,39.923071],[27.247494,39.923223],[27.247366,39.923429],[27.247298,39.923635],[27.247279,39.923857],[27.24722,39.924162],[27.246945,39.924589],[27.247203,39.924703],[27.247372,39.924878],[27.248266,39.9248],[27.24846,39.924822],[27.248673,39.925112],[27.249169,39.92521],[27.250278,39.925185],[27.251311,39.92512],[27.251207,39.925325],[27.25122,39.92563],[27.251227,39.925666],[27.251502,39.925611],[27.251934,39.925524],[27.252095,39.925621],[27.252166,39.925665],[27.252242,39.925709],[27.252337,39.925734],[27.252338,39.925734],[27.252338,39.925734],[27.252444,39.92573],[27.252523,39.925704],[27.252606,39.925661],[27.252699,39.925607],[27.252742,39.925559],[27.252816,39.925477],[27.252878,39.925393],[27.252951,39.925316],[27.253067,39.925234],[27.253163,39.925164],[27.253262,39.925066],[27.253366,39.925001],[27.253367,39.925],[27.253522,39.924975],[27.253611,39.924979],[27.253695,39.924989],[27.25384,39.924996],[27.253837,39.925007],[27.253841,39.925077],[27.253875,39.925147],[27.253964,39.92523],[27.254072,39.925331],[27.254197,39.925443],[27.254364,39.925529],[27.25454,39.925642],[27.254673,39.925714],[27.254815,39.925792],[27.254886,39.925685],[27.255092,39.925423],[27.255138,39.92537],[27.255455,39.925407],[27.255751,39.925431],[27.256026,39.925459],[27.256304,39.925487],[27.256595,39.925513],[27.25694,39.925532],[27.257253,39.92556],[27.257641,39.925594],[27.25794,39.925613],[27.257941,39.925613],[27.258202,39.925956],[27.258175,39.926269],[27.258231,39.926248],[27.258337,39.926255],[27.258591,39.926309],[27.258703,39.926316],[27.25884,39.926344],[27.259081,39.926387],[27.259397,39.926415],[27.259672,39.926451],[27.25971,39.926452],[27.25976,39.926454],[27.25976,39.926454],[27.259827,39.926457],[27.259827,39.926457],[27.260102,39.926461],[27.260102,39.926461],[27.260355,39.92643],[27.260591,39.9264],[27.260797,39.926352],[27.261056,39.926294],[27.261246,39.926252],[27.261478,39.926214],[27.261757,39.926147],[27.262062,39.92609],[27.262537,39.925992],[27.26276,39.925945],[27.262988,39.925876],[27.263126,39.925841],[27.263324,39.925793],[27.263465,39.925755],[27.26364,39.925883],[27.264772,39.925664],[27.264772,39.925664],[27.264856,39.925673],[27.265145,39.926182],[27.265664,39.926174],[27.266733,39.92608],[27.267097,39.926102],[27.267223,39.926124],[27.267379,39.926141],[27.267587,39.926141],[27.267877,39.926111],[27.268077,39.926037],[27.268241,39.926048],[27.268345,39.926133],[27.268427,39.926133],[27.268762,39.926401],[27.269193,39.926331],[27.26964,39.926828],[27.269766,39.926702],[27.269914,39.926604],[27.270003,39.926535],[27.270174,39.926478],[27.270337,39.926506],[27.270523,39.926609],[27.270598,39.926631],[27.270798,39.926579],[27.270622,39.926313],[27.270869,39.92616],[27.27049,39.925732],[27.270595,39.925626],[27.270885,39.925483],[27.271312,39.925339],[27.271472,39.925243],[27.271912,39.925209],[27.272178,39.925203],[27.272519,39.925388],[27.273011,39.925346],[27.273165,39.925112],[27.273263,39.924998],[27.273139,39.924807],[27.273187,39.924607],[27.273383,39.924063],[27.273246,39.92373],[27.273357,39.923644],[27.273815,39.9237],[27.274249,39.923728],[27.275165,39.923716],[27.275375,39.923677],[27.275635,39.923572],[27.275845,39.923533],[27.275981,39.92359],[27.276328,39.923694],[27.276625,39.923713],[27.276749,39.923636],[27.276797,39.923159],[27.277069,39.923133],[27.277372,39.92319],[27.277812,39.923251],[27.278109,39.92325],[27.278536,39.923192],[27.279,39.923243],[27.279211,39.923319],[27.279447,39.923356],[27.279657,39.92328],[27.279898,39.92316],[27.279966,39.923131],[27.280114,39.923193],[27.280245,39.923378],[27.280437,39.923473],[27.280716,39.923553],[27.281142,39.92358],[27.281202,39.923557],[27.281402,39.923511],[27.281565,39.923482],[27.281528,39.923379],[27.28146,39.923294],[27.281215,39.923266],[27.280963,39.923243],[27.280873,39.923192],[27.280773,39.922997],[27.280542,39.922841],[27.280417,39.92266],[27.280404,39.92247],[27.280539,39.922269],[27.280452,39.921993],[27.280302,39.921679],[27.280017,39.921642],[27.279831,39.921547],[27.279793,39.921308],[27.279766,39.920727],[27.279715,39.920508],[27.27953,39.920594],[27.279283,39.920719],[27.27906,39.920786],[27.278886,39.920615],[27.278737,39.920434],[27.278476,39.920196],[27.278315,39.920121],[27.278117,39.920131],[27.277944,39.920217],[27.277895,39.920322],[27.277858,39.920522],[27.277859,39.920655],[27.277773,39.920856],[27.27755,39.920866],[27.277525,39.920713],[27.277573,39.920427],[27.27756,39.92017],[27.27746,39.920075],[27.276965,39.919944],[27.276816,39.919848],[27.276124,39.920145],[27.275155,39.920866],[27.274569,39.921292],[27.274062,39.921522],[27.273666,39.921523],[27.272465,39.921621],[27.272069,39.921584],[27.271809,39.921489],[27.271672,39.921328],[27.271845,39.921203],[27.271819,39.920975],[27.27162,39.920775],[27.27131,39.920614],[27.271025,39.920586],[27.270395,39.920787],[27.269837,39.920722],[27.269676,39.920722],[27.26944,39.920466],[27.269242,39.920352],[27.268871,39.920438],[27.268524,39.920506],[27.268029,39.920478],[27.267324,39.920671],[27.266817,39.920748],[27.266248,39.920826],[27.265579,39.920865],[27.265135,39.921047],[27.264838,39.921096],[27.264193,39.920992],[27.263412,39.920527],[27.262847,39.92025],[27.261802,39.919112],[27.261849,39.918866],[27.261923,39.918454],[27.261909,39.918035],[27.261772,39.917759],[27.261462,39.917483],[27.26083,39.917294],[27.260371,39.917143],[27.257776,39.917343],[27.256952,39.917512],[27.255845,39.918155],[27.254794,39.918648],[27.254031,39.918634],[27.253789,39.918629],[27.253789,39.918629],[27.253735,39.918632],[27.252399,39.918548],[27.251107,39.918586],[27.249574,39.919266],[27.248832,39.919315],[27.247722,39.919149],[27.247661,39.918692],[27.247027,39.918693],[27.246531,39.918572],[27.246649,39.918298],[27.246549,39.918054],[27.245915,39.917842],[27.245221,39.917691],[27.244528,39.917753],[27.243558,39.917892],[27.243427,39.917907],[27.243135,39.917757],[27.242998,39.917595],[27.242898,39.917381],[27.242848,39.91709],[27.242884,39.916809],[27.243131,39.916527],[27.243291,39.916427],[27.243439,39.916317],[27.243544,39.916198],[27.243531,39.916069],[27.243413,39.915993],[27.243246,39.915927],[27.243141,39.915922],[27.242936,39.915837],[27.24288,39.915756],[27.242756,39.915589],[27.242519,39.9155],[27.24257,39.915753],[27.241612,39.916327],[27.240243,39.91664],[27.239532,39.916437],[27.2387,39.91621],[27.238493,39.916076],[27.238379,39.915998],[27.238302,39.915937],[27.238267,39.915876],[27.238265,39.915802],[27.238348,39.915657],[27.238432,39.915529],[27.238457,39.915462],[27.238409,39.915411],[27.238238,39.91535],[27.23804,39.915327],[27.237879,39.915299],[27.237693,39.915275],[27.237564,39.915195],[27.236964,39.915469],[27.236662,39.915664],[27.235944,39.915612],[27.235003,39.915477],[27.234582,39.915455],[27.233612,39.915624],[27.232875,39.915683],[27.232394,39.91568],[27.231642,39.915724],[27.231469,39.915754],[27.231152,39.915642],[27.230799,39.915439],[27.230576,39.915306],[27.230464,39.915263],[27.230338,39.915275],[27.230234,39.915363],[27.230213,39.91541],[27.230221,39.915447],[27.230361,39.915573],[27.230432,39.915647],[27.230457,39.915699],[27.230429,39.915751],[27.230321,39.915826],[27.230027,39.915924],[27.229845,39.916038],[27.229746,39.916082],[27.229678,39.916111],[27.229592,39.916128],[27.22946,39.916088],[27.228746,39.915846],[27.227934,39.915695],[27.227003,39.915651],[27.225756,39.915775],[27.224865,39.916128],[27.223877,39.916557],[27.2236,39.916801],[27.223322,39.916558],[27.223203,39.916375],[27.222984,39.916314],[27.22245,39.916453],[27.222531,39.916818],[27.22168,39.917278],[27.221245,39.917294],[27.220671,39.917554],[27.220037,39.917509],[27.219224,39.917206],[27.218867,39.916993],[27.21857,39.91707],[27.218136,39.917391],[27.217621,39.917483],[27.217383,39.917347],[27.217443,39.917514],[27.217782,39.918322],[27.218141,39.918992],[27.218122,39.919343],[27.218222,39.91977],[27.218165,39.920334],[27.218186,39.920792],[27.217969,39.921128],[27.217871,39.921509],[27.217553,39.920991],[27.217278,39.921632],[27.21716,39.922075],[27.21724,39.922349],[27.217282,39.923051],[27.217383,39.923645],[27.217424,39.924011],[27.217186,39.924149],[27.216929,39.92421],[27.216373,39.923845],[27.215798,39.923572],[27.215144,39.923497],[27.214589,39.923284],[27.214372,39.92359],[27.215046,39.923924],[27.215702,39.924411],[27.216198,39.924639],[27.216556,39.925233],[27.216973,39.925674],[27.21741,39.926101],[27.217519,39.926234],[27.217739,39.926072],[27.217694,39.925923],[27.217768,39.925786],[27.217961,39.925671],[27.218228,39.925602],[27.21854,39.925498],[27.218733,39.925452],[27.219075,39.92568],[27.21967,39.925862],[27.220459,39.926192],[27.22092,39.926352],[27.221454,39.926202],[27.221647,39.926247],[27.221841,39.926373],[27.222346,39.926532],[27.222184,39.926967],[27.22272,39.927126],[27.222748,39.926806],[27.22294,39.926474]]]}},{"type":"Feature","properties":{"id":"TR-Y-17-012-M-0004","level":"yerlesim","type":"mahalle","parent_id":"TR-D-17-012","province_id":"TR-P-17","district_id":"TR-D-17-012","name":"Kışlalar","source_raw_name":"Kışlalar","source":"Kullanıcı tarafından sağlanan KML","source_label":"Kullanıcı tarafından sağlanan KML","source_name":"Canakkale Mahalle KML - kullanici tarafindan saglandi"},"geometry":{"type":"Polygon","coordinates":[[[27.281981,39.941429],[27.281948,39.940933],[27.281786,39.940886],[27.281439,39.940834],[27.281232,39.940789],[27.280813,39.940626],[27.280329,39.940422],[27.280427,39.939979],[27.280978,39.940116],[27.281121,39.93983],[27.281229,39.939448],[27.281384,39.939395],[27.281526,39.939304],[27.2816,39.939194],[27.281544,39.939109],[27.281544,39.939042],[27.281785,39.938989],[27.28194,39.939013],[27.282057,39.938998],[27.282162,39.938931],[27.28228,39.938926],[27.282391,39.93894],[27.282459,39.938854],[27.282415,39.938706],[27.282322,39.938549],[27.282132,39.93832],[27.282008,39.938263],[27.281785,39.938216],[27.281363,39.938141],[27.281226,39.938103],[27.281202,39.93761],[27.281157,39.93757],[27.281469,39.937426],[27.281446,39.937255],[27.281401,39.937101],[27.281355,39.936798],[27.281406,39.936506],[27.281435,39.936334],[27.28153,39.935945],[27.281292,39.935917],[27.281091,39.935843],[27.280897,39.935718],[27.280633,39.935606],[27.280498,39.93444],[27.2805,39.934409],[27.280686,39.934376],[27.280649,39.934066],[27.28063,39.933828],[27.2806,39.933712],[27.280553,39.933645],[27.28057,39.933395],[27.280759,39.933332],[27.281248,39.933085],[27.280642,39.932332],[27.279807,39.931276],[27.279769,39.931081],[27.279677,39.930533],[27.280775,39.930392],[27.28163,39.93027],[27.281749,39.930202],[27.281502,39.929768],[27.28093,39.929866],[27.280973,39.92946],[27.280841,39.92943],[27.280845,39.929371],[27.280688,39.928866],[27.28065,39.928489],[27.280544,39.928071],[27.280551,39.927945],[27.280729,39.927848],[27.280862,39.927687],[27.280977,39.927444],[27.281076,39.927332],[27.28101,39.926971],[27.280835,39.926486],[27.280879,39.926332],[27.280967,39.926264],[27.28113,39.926143],[27.281278,39.926011],[27.281345,39.925856],[27.281419,39.925782],[27.281523,39.92577],[27.281507,39.925593],[27.281551,39.925438],[27.281617,39.925312],[27.281609,39.925186],[27.281601,39.924923],[27.281518,39.924592],[27.281284,39.923849],[27.281142,39.92358],[27.280716,39.923553],[27.280437,39.923473],[27.280245,39.923378],[27.280114,39.923193],[27.279966,39.923131],[27.279898,39.92316],[27.279657,39.92328],[27.279447,39.923356],[27.279211,39.923319],[27.279,39.923243],[27.278536,39.923192],[27.278109,39.92325],[27.277812,39.923251],[27.277372,39.92319],[27.277069,39.923133],[27.276797,39.923159],[27.276749,39.923636],[27.276625,39.923713],[27.276328,39.923694],[27.275981,39.92359],[27.275845,39.923533],[27.275635,39.923572],[27.275375,39.923677],[27.275165,39.923716],[27.274249,39.923728],[27.273815,39.9237],[27.273357,39.923644],[27.273246,39.92373],[27.273383,39.924063],[27.273187,39.924607],[27.273139,39.924807],[27.273263,39.924998],[27.273165,39.925112],[27.273011,39.925346],[27.272519,39.925388],[27.272178,39.925203],[27.271912,39.925209],[27.271472,39.925243],[27.271312,39.925339],[27.270885,39.925483],[27.270595,39.925626],[27.27049,39.925732],[27.270869,39.92616],[27.270622,39.926313],[27.270798,39.926579],[27.270598,39.926631],[27.270523,39.926609],[27.270337,39.926506],[27.270174,39.926478],[27.270003,39.926535],[27.269914,39.926604],[27.269766,39.926702],[27.26964,39.926828],[27.269193,39.926331],[27.268762,39.926401],[27.268427,39.926133],[27.268345,39.926133],[27.268241,39.926048],[27.268077,39.926037],[27.267877,39.926111],[27.267587,39.926141],[27.267379,39.926141],[27.267223,39.926124],[27.267097,39.926102],[27.266733,39.92608],[27.265664,39.926174],[27.265145,39.926182],[27.264856,39.925673],[27.264772,39.925664],[27.264772,39.925664],[27.26364,39.925883],[27.263465,39.925755],[27.263324,39.925793],[27.263126,39.925841],[27.262988,39.925876],[27.26276,39.925945],[27.262537,39.925992],[27.262062,39.92609],[27.261757,39.926147],[27.261478,39.926214],[27.261246,39.926252],[27.261056,39.926294],[27.260797,39.926352],[27.260591,39.9264],[27.260355,39.92643],[27.260102,39.926461],[27.260102,39.926461],[27.259827,39.926457],[27.259827,39.926457],[27.25976,39.926454],[27.25976,39.926454],[27.25971,39.926452],[27.259672,39.926451],[27.259397,39.926415],[27.259081,39.926387],[27.25884,39.926344],[27.258703,39.926316],[27.258591,39.926309],[27.258661,39.926338],[27.258723,39.926454],[27.258926,39.926997],[27.259062,39.927379],[27.25946,39.92805],[27.259715,39.928482],[27.259653,39.92856],[27.25977,39.928575],[27.259816,39.928651],[27.259992,39.929006],[27.26013,39.929422],[27.260115,39.929427],[27.260064,39.929444],[27.260125,39.929447],[27.260143,39.929469],[27.260294,39.929517],[27.260492,39.92982],[27.260611,39.930018],[27.260793,39.930315],[27.260938,39.930606],[27.261167,39.930941],[27.261375,39.931258],[27.26152,39.931521],[27.261618,39.9317],[27.261678,39.931927],[27.261753,39.932201],[27.261821,39.93243],[27.261879,39.932695],[27.261922,39.932892],[27.262,39.933222],[27.262086,39.933411],[27.262174,39.933518],[27.262301,39.933672],[27.262474,39.933883],[27.262697,39.934206],[27.262916,39.934442],[27.263083,39.934564],[27.263355,39.934711],[27.263478,39.934762],[27.263621,39.934814],[27.26408,39.935002],[27.26422,39.935243],[27.264374,39.935513],[27.26451,39.935762],[27.264655,39.935979],[27.264729,39.93612],[27.264831,39.936327],[27.264875,39.936524],[27.264931,39.936728],[27.264972,39.936914],[27.265002,39.93708],[27.265071,39.937434],[27.265111,39.937646],[27.265156,39.937852],[27.265208,39.938019],[27.26528,39.93825],[27.265328,39.938423],[27.26539,39.938618],[27.265507,39.938865],[27.265605,39.939084],[27.265742,39.939393],[27.265859,39.939608],[27.265919,39.939783],[27.265997,39.940014],[27.26607,39.940258],[27.266172,39.940495],[27.266262,39.940714],[27.266312,39.940834],[27.266349,39.940952],[27.266437,39.941246],[27.266358,39.941387],[27.266345,39.941412],[27.266372,39.94142],[27.266903,39.941539],[27.267293,39.941489],[27.267645,39.9413],[27.268221,39.941184],[27.268559,39.941198],[27.269068,39.941325],[27.269567,39.941501],[27.269946,39.941715],[27.270411,39.941874],[27.270879,39.941735],[27.271286,39.941434],[27.272013,39.941107],[27.272704,39.940973],[27.273209,39.940989],[27.273592,39.941031],[27.273986,39.941242],[27.27525,39.941559],[27.276435,39.941241],[27.277055,39.941295],[27.277613,39.941399],[27.278312,39.941626],[27.278822,39.941774],[27.279197,39.941852],[27.279785,39.942108],[27.280277,39.942356],[27.280615,39.942453],[27.281023,39.942383],[27.281396,39.942201],[27.281469,39.942021],[27.281623,39.941916],[27.281871,39.941829],[27.281988,39.941805],[27.281981,39.941429]]]}},{"type":"Feature","properties":{"id":"TR-Y-17-012-M-0005","level":"yerlesim","type":"mahalle","parent_id":"TR-D-17-012","province_id":"TR-P-17","district_id":"TR-D-17-012","name":"Kurtuluş","source_raw_name":"Kurtuluş","source":"Kullanıcı tarafından sağlanan KML","source_label":"Kullanıcı tarafından sağlanan KML","source_name":"Canakkale Mahalle KML - kullanici tarafindan saglandi"},"geometry":{"type":"Polygon","coordinates":[[[27.217027,39.963246],[27.217119,39.962964],[27.217007,39.962703],[27.217334,39.962573],[27.218392,39.962061],[27.218001,39.961938],[27.218001,39.961876],[27.218013,39.961752],[27.218711,39.961108],[27.220199,39.961681],[27.221268,39.960774],[27.22225,39.960105],[27.222398,39.959742],[27.22288,39.959641],[27.223053,39.959517],[27.222649,39.958989],[27.222221,39.95867],[27.22033,39.958102],[27.220459,39.957616],[27.221354,39.956685],[27.220677,39.956186],[27.221393,39.955398],[27.222578,39.956077],[27.222815,39.956734],[27.223194,39.957039],[27.223629,39.957605],[27.224113,39.95789],[27.225623,39.957358],[27.226292,39.957542],[27.226116,39.958482],[27.226297,39.958915],[27.232142,39.960481],[27.233346,39.961222],[27.233874,39.961698],[27.23391,39.961651],[27.233806,39.961454],[27.233706,39.961306],[27.233835,39.960982],[27.233828,39.960815],[27.233758,39.960324],[27.233664,39.95991],[27.233725,39.959738],[27.233861,39.959461],[27.234002,39.959213],[27.23428,39.95907],[27.234695,39.958921],[27.234979,39.958797],[27.235227,39.958796],[27.235635,39.9587],[27.23599,39.958366],[27.236138,39.958098],[27.2373,39.957391],[27.237695,39.957123],[27.238239,39.95676],[27.238659,39.956511],[27.239129,39.956148],[27.239599,39.955994],[27.239969,39.955708],[27.241304,39.954866],[27.241711,39.954524],[27.242192,39.954113],[27.242783,39.953111],[27.242723,39.952209],[27.251992,39.945005],[27.251942,39.944947],[27.251868,39.944947],[27.251724,39.944909],[27.251516,39.944852],[27.251367,39.944769],[27.251189,39.944754],[27.250941,39.9448],[27.250832,39.944827],[27.250649,39.944892],[27.2501,39.94492],[27.249971,39.944882],[27.249777,39.944787],[27.249648,39.944772],[27.249311,39.944609],[27.248899,39.94448],[27.248483,39.944458],[27.247997,39.944353],[27.247276,39.945672],[27.247258,39.945693],[27.245812,39.94556],[27.245138,39.945489],[27.244197,39.945483],[27.24414,39.945481],[27.244123,39.945456],[27.244169,39.94525],[27.244186,39.945126],[27.24426,39.944968],[27.244359,39.944792],[27.244398,39.944676],[27.244392,39.944566],[27.244414,39.944508],[27.244317,39.94432],[27.244259,39.944209],[27.24424,39.944079],[27.244267,39.943984],[27.244373,39.943812],[27.244446,39.943705],[27.244563,39.943444],[27.244578,39.943413],[27.244654,39.943294],[27.244689,39.943215],[27.244697,39.943054],[27.244664,39.942857],[27.244694,39.942728],[27.244737,39.942734],[27.245772,39.943061],[27.246553,39.943369],[27.246851,39.943544],[27.247402,39.943558],[27.247928,39.943371],[27.24854,39.943131],[27.24953,39.942852],[27.25057,39.942817],[27.251208,39.943025],[27.25179,39.942895],[27.252378,39.94288],[27.252688,39.943074],[27.253252,39.943288],[27.253803,39.94312],[27.254722,39.942859],[27.255632,39.942506],[27.256247,39.942012],[27.256539,39.941722],[27.256874,39.941776],[27.25722,39.941844],[27.25767,39.941946],[27.257981,39.941919],[27.258363,39.941738],[27.258742,39.941529],[27.259042,39.941428],[27.25965,39.941158],[27.260188,39.940956],[27.260771,39.940866],[27.261035,39.940906],[27.261404,39.941162],[27.261664,39.941313],[27.261921,39.94133],[27.262533,39.941211],[27.262982,39.941096],[27.263506,39.940992],[27.263944,39.941011],[27.264654,39.941043],[27.26539,39.941145],[27.266345,39.941412],[27.266358,39.941387],[27.266437,39.941246],[27.266349,39.940952],[27.266312,39.940834],[27.266262,39.940714],[27.266172,39.940495],[27.26607,39.940258],[27.265997,39.940014],[27.265919,39.939783],[27.265859,39.939608],[27.265742,39.939393],[27.265605,39.939084],[27.265507,39.938865],[27.26539,39.938618],[27.265328,39.938423],[27.26528,39.93825],[27.265208,39.938019],[27.265156,39.937852],[27.265111,39.937646],[27.265071,39.937434],[27.265002,39.93708],[27.264972,39.936914],[27.264931,39.936728],[27.264875,39.936524],[27.264831,39.936327],[27.264729,39.93612],[27.264655,39.935979],[27.26451,39.935762],[27.264374,39.935513],[27.26422,39.935243],[27.26408,39.935002],[27.263621,39.934814],[27.263478,39.934762],[27.263355,39.934711],[27.263083,39.934564],[27.262916,39.934442],[27.262697,39.934206],[27.262474,39.933883],[27.262301,39.933672],[27.262174,39.933518],[27.262086,39.933411],[27.262,39.933222],[27.261922,39.932892],[27.261879,39.932695],[27.261821,39.93243],[27.261753,39.932201],[27.261678,39.931927],[27.261618,39.9317],[27.26152,39.931521],[27.261375,39.931258],[27.261167,39.930941],[27.260938,39.930606],[27.260793,39.930315],[27.260611,39.930018],[27.260492,39.92982],[27.260294,39.929517],[27.260143,39.929469],[27.260125,39.929447],[27.260064,39.929444],[27.259916,39.929458],[27.259612,39.929492],[27.259537,39.929499],[27.259421,39.929507],[27.25927,39.929541],[27.259052,39.929574],[27.258813,39.929645],[27.25857,39.929671],[27.258228,39.929708],[27.257851,39.929794],[27.257535,39.929829],[27.257133,39.929883],[27.256733,39.929945],[27.25638,39.929989],[27.25582,39.930074],[27.255275,39.930156],[27.254889,39.930245],[27.254477,39.930347],[27.254142,39.930419],[27.253872,39.930443],[27.253874,39.93045],[27.253874,39.93045],[27.253874,39.930453],[27.253873,39.930457],[27.253873,39.930457],[27.253873,39.93046],[27.253871,39.930464],[27.253868,39.930471],[27.253868,39.930471],[27.253863,39.930478],[27.253863,39.930478],[27.253857,39.930483],[27.253857,39.930483],[27.25385,39.930488],[27.25385,39.930488],[27.253842,39.930492],[27.253842,39.930492],[27.253834,39.930495],[27.253824,39.930496],[27.253814,39.930497],[27.253804,39.930496],[27.253795,39.930494],[27.253786,39.930491],[27.253778,39.930487],[27.253771,39.930481],[27.253765,39.930475],[27.253761,39.930468],[27.253758,39.930461],[27.253757,39.930454],[27.253757,39.930446],[27.253726,39.930447],[27.25367,39.930451],[27.253659,39.930452],[27.253429,39.930473],[27.252728,39.930547],[27.252084,39.930614],[27.251641,39.930698],[27.251489,39.93075],[27.250636,39.931107],[27.250051,39.931383],[27.249444,39.931662],[27.248852,39.931913],[27.248284,39.932151],[27.24775,39.932373],[27.247256,39.932598],[27.246756,39.932807],[27.246286,39.933003],[27.245778,39.933193],[27.24556,39.933411],[27.245479,39.933833],[27.245104,39.93382],[27.244662,39.933846],[27.244348,39.933892],[27.244018,39.933954],[27.243512,39.934099],[27.24312,39.934216],[27.241867,39.934628],[27.240497,39.935079],[27.239784,39.935321],[27.23978,39.935322],[27.239329,39.935473],[27.2384,39.935781],[27.237376,39.936126],[27.236307,39.936497],[27.235045,39.93692],[27.233954,39.937272],[27.233076,39.937601],[27.232527,39.937879],[27.231848,39.938401],[27.231226,39.939044],[27.23054,39.939759],[27.229755,39.940593],[27.229215,39.941315],[27.228727,39.942036],[27.228262,39.942796],[27.227643,39.943737],[27.227155,39.944499],[27.226709,39.945102],[27.226361,39.945472],[27.226023,39.945761],[27.225326,39.946229],[27.224404,39.94675],[27.222616,39.947765],[27.221605,39.948353],[27.220537,39.948913],[27.219543,39.949495],[27.219165,39.949734],[27.218829,39.950009],[27.218313,39.950522],[27.217593,39.951599],[27.217209,39.952402],[27.2168,39.953176],[27.21666,39.953491],[27.21655,39.954073],[27.216525,39.954234],[27.216344,39.955377],[27.216186,39.95638],[27.216153,39.956927],[27.21622,39.957688],[27.216384,39.958612],[27.216514,39.959077],[27.216545,39.959412],[27.216553,39.959662],[27.216512,39.959912],[27.21631,39.960387],[27.216165,39.960667],[27.215772,39.961078],[27.215475,39.961344],[27.214873,39.961671],[27.21497,39.961777],[27.21613,39.96315],[27.216364,39.963114],[27.216903,39.963303],[27.217027,39.963246]]]}},{"type":"Feature","properties":{"id":"TR-Y-17-012-M-0006","level":"yerlesim","type":"mahalle","parent_id":"TR-D-17-012","province_id":"TR-P-17","district_id":"TR-D-17-012","name":"Yeni","source_raw_name":"Yeni","source":"Kullanıcı tarafından sağlanan KML","source_label":"Kullanıcı tarafından sağlanan KML","source_name":"Canakkale Mahalle KML - kullanici tarafindan saglandi"},"geometry":{"type":"Polygon","coordinates":[[[27.214566,39.961729],[27.214829,39.961624],[27.214873,39.961671],[27.215475,39.961344],[27.215772,39.961078],[27.216165,39.960667],[27.21631,39.960387],[27.216512,39.959912],[27.216553,39.959662],[27.216545,39.959412],[27.216514,39.959077],[27.216384,39.958612],[27.21622,39.957688],[27.216153,39.956927],[27.216186,39.95638],[27.216344,39.955377],[27.216525,39.954234],[27.21655,39.954073],[27.21666,39.953491],[27.2168,39.953176],[27.217209,39.952402],[27.217593,39.951599],[27.218313,39.950522],[27.218829,39.950009],[27.219165,39.949734],[27.219543,39.949495],[27.220537,39.948913],[27.221605,39.948353],[27.222616,39.947765],[27.224404,39.94675],[27.225326,39.946229],[27.226023,39.945761],[27.226361,39.945472],[27.226709,39.945102],[27.227155,39.944499],[27.227643,39.943737],[27.228262,39.942796],[27.228727,39.942036],[27.229215,39.941315],[27.229755,39.940593],[27.23054,39.939759],[27.231226,39.939044],[27.231848,39.938401],[27.232527,39.937879],[27.233076,39.937601],[27.233954,39.937272],[27.235045,39.93692],[27.236307,39.936497],[27.237376,39.936126],[27.2384,39.935781],[27.239329,39.935473],[27.23978,39.935322],[27.239784,39.935321],[27.240497,39.935079],[27.241867,39.934628],[27.24312,39.934216],[27.243512,39.934099],[27.244018,39.933954],[27.244348,39.933892],[27.244662,39.933846],[27.245104,39.93382],[27.245479,39.933833],[27.24556,39.933411],[27.245778,39.933193],[27.246286,39.933003],[27.246756,39.932807],[27.247256,39.932598],[27.24775,39.932373],[27.248284,39.932151],[27.248852,39.931913],[27.249444,39.931662],[27.250051,39.931383],[27.250636,39.931107],[27.251489,39.93075],[27.251641,39.930698],[27.252084,39.930614],[27.252728,39.930547],[27.253429,39.930473],[27.253659,39.930452],[27.25367,39.930451],[27.253726,39.930447],[27.253757,39.930446],[27.253757,39.930454],[27.253758,39.930461],[27.253761,39.930468],[27.253765,39.930475],[27.253771,39.930481],[27.253778,39.930487],[27.253786,39.930491],[27.253795,39.930494],[27.253804,39.930496],[27.253814,39.930497],[27.253824,39.930496],[27.253834,39.930495],[27.253842,39.930492],[27.253842,39.930492],[27.25385,39.930488],[27.25385,39.930488],[27.253857,39.930483],[27.253857,39.930483],[27.253863,39.930478],[27.253863,39.930478],[27.253868,39.930471],[27.253868,39.930471],[27.253871,39.930464],[27.253873,39.93046],[27.253873,39.930457],[27.253873,39.930457],[27.253874,39.930453],[27.253874,39.93045],[27.253874,39.93045],[27.253872,39.930443],[27.254142,39.930419],[27.254477,39.930347],[27.254889,39.930245],[27.255275,39.930156],[27.25582,39.930074],[27.25638,39.929989],[27.256733,39.929945],[27.257133,39.929883],[27.257535,39.929829],[27.257851,39.929794],[27.258228,39.929708],[27.25857,39.929671],[27.258813,39.929645],[27.259052,39.929574],[27.25927,39.929541],[27.259421,39.929507],[27.259537,39.929499],[27.259612,39.929492],[27.259916,39.929458],[27.260064,39.929444],[27.260115,39.929427],[27.26013,39.929422],[27.259992,39.929006],[27.259816,39.928651],[27.25977,39.928575],[27.259653,39.92856],[27.259715,39.928482],[27.25946,39.92805],[27.259062,39.927379],[27.258926,39.926997],[27.258723,39.926454],[27.258661,39.926338],[27.258591,39.926309],[27.258337,39.926255],[27.258231,39.926248],[27.258175,39.926269],[27.258202,39.925956],[27.257941,39.925613],[27.25794,39.925613],[27.257641,39.925594],[27.257253,39.92556],[27.25694,39.925532],[27.256595,39.925513],[27.256304,39.925487],[27.256026,39.925459],[27.255751,39.925431],[27.255455,39.925407],[27.255138,39.92537],[27.255092,39.925423],[27.254886,39.925685],[27.254815,39.925792],[27.254673,39.925714],[27.25454,39.925642],[27.254364,39.925529],[27.254197,39.925443],[27.254072,39.925331],[27.253964,39.92523],[27.253875,39.925147],[27.253841,39.925077],[27.253837,39.925007],[27.25384,39.924996],[27.253695,39.924989],[27.253611,39.924979],[27.253522,39.924975],[27.253367,39.925],[27.253366,39.925001],[27.253262,39.925066],[27.253163,39.925164],[27.253067,39.925234],[27.252951,39.925316],[27.252878,39.925393],[27.252816,39.925477],[27.252742,39.925559],[27.252699,39.925607],[27.252606,39.925661],[27.252523,39.925704],[27.252444,39.92573],[27.252338,39.925734],[27.252338,39.925734],[27.252337,39.925734],[27.252242,39.925709],[27.252166,39.925665],[27.252095,39.925621],[27.251934,39.925524],[27.251502,39.925611],[27.251227,39.925666],[27.25122,39.92563],[27.251207,39.925325],[27.251311,39.92512],[27.250278,39.925185],[27.249169,39.92521],[27.248673,39.925112],[27.24846,39.924822],[27.248266,39.9248],[27.247372,39.924878],[27.247203,39.924703],[27.246945,39.924589],[27.24722,39.924162],[27.247279,39.923857],[27.247298,39.923635],[27.247366,39.923429],[27.247494,39.923223],[27.247593,39.923071],[27.247647,39.922933],[27.247469,39.922934],[27.247216,39.922942],[27.247142,39.922942],[27.247126,39.922782],[27.247022,39.92261],[27.246868,39.922573],[27.246814,39.922664],[27.24675,39.92271],[27.2467,39.922668],[27.246586,39.922657],[27.246467,39.922718],[27.246364,39.922795],[27.245689,39.922774],[27.244959,39.922823],[27.244686,39.92269],[27.244364,39.922443],[27.244152,39.9221],[27.244176,39.921938],[27.243731,39.922159],[27.243286,39.922302],[27.2419,39.922477],[27.241738,39.922516],[27.241798,39.92273],[27.241353,39.922784],[27.241172,39.922083],[27.241023,39.922037],[27.240944,39.922015],[27.240666,39.922073],[27.2404,39.922254],[27.240557,39.922702],[27.24059,39.923517],[27.240461,39.923741],[27.240493,39.923955],[27.240351,39.923975],[27.2398,39.923981],[27.239595,39.923995],[27.239509,39.924029],[27.239471,39.923819],[27.239236,39.923786],[27.237951,39.923713],[27.237964,39.923894],[27.237917,39.923883],[27.237536,39.923774],[27.23734,39.923705],[27.237258,39.923681],[27.237141,39.923668],[27.236918,39.923674],[27.236779,39.923702],[27.23666,39.923742],[27.2365,39.923803],[27.236373,39.923842],[27.236255,39.923862],[27.236189,39.923882],[27.23612,39.923953],[27.235943,39.924216],[27.23588,39.924241],[27.235424,39.924347],[27.235116,39.924442],[27.234815,39.924539],[27.234558,39.924583],[27.234255,39.924692],[27.233869,39.924765],[27.233748,39.924774],[27.233657,39.924774],[27.233522,39.924738],[27.233465,39.924721],[27.233439,39.924987],[27.233399,39.925376],[27.233255,39.925634],[27.233189,39.925693],[27.232884,39.925528],[27.232705,39.925385],[27.232453,39.925546],[27.23203,39.925752],[27.231615,39.925988],[27.231177,39.92612],[27.23085,39.926172],[27.230568,39.926133],[27.230227,39.926316],[27.229937,39.926306],[27.228934,39.92617],[27.228198,39.925954],[27.22796,39.925921],[27.227307,39.926088],[27.226772,39.926157],[27.226163,39.926084],[27.225227,39.926069],[27.224952,39.926006],[27.224626,39.926407],[27.224254,39.926197],[27.224016,39.9261],[27.223741,39.926066],[27.223199,39.92605],[27.22294,39.926474],[27.222748,39.926806],[27.22272,39.927126],[27.222184,39.926967],[27.222346,39.926532],[27.221841,39.926373],[27.221647,39.926247],[27.221454,39.926202],[27.22092,39.926352],[27.220459,39.926192],[27.21967,39.925862],[27.219075,39.92568],[27.218733,39.925452],[27.21854,39.925498],[27.218228,39.925602],[27.217961,39.925671],[27.217768,39.925786],[27.217694,39.925923],[27.217739,39.926072],[27.217519,39.926234],[27.217768,39.926542],[27.218324,39.926922],[27.21886,39.927181],[27.219079,39.927622],[27.219656,39.928353],[27.219956,39.929253],[27.220307,39.929763],[27.221021,39.930877],[27.221021,39.930877],[27.218719,39.931072],[27.216218,39.931287],[27.216192,39.931683],[27.216192,39.931683],[27.216213,39.932026],[27.216213,39.932026],[27.216195,39.932423],[27.216096,39.93256],[27.215898,39.932606],[27.21576,39.93266],[27.215681,39.932782],[27.215096,39.932722],[27.214444,39.933143],[27.213969,39.933258],[27.213603,39.933404],[27.213316,39.933686],[27.21291,39.933687],[27.212196,39.933505],[27.211892,39.933094],[27.211787,39.932843],[27.211118,39.932718],[27.210968,39.932181],[27.210597,39.932353],[27.210346,39.932765],[27.209676,39.932355],[27.209526,39.93208],[27.208799,39.932379],[27.208532,39.932551],[27.207759,39.932415],[27.207032,39.932542],[27.206393,39.932624],[27.206871,39.933584],[27.207319,39.934258],[27.207439,39.934543],[27.207856,39.934748],[27.208124,39.935057],[27.208289,39.935445],[27.208587,39.935742],[27.208632,39.935902],[27.208708,39.936531],[27.208916,39.93668],[27.209259,39.936862],[27.20923,39.937159],[27.20883,39.937515],[27.208548,39.937824],[27.208312,39.938282],[27.208179,39.938648],[27.20818,39.93874],[27.208566,39.93859],[27.208788,39.938304],[27.209292,39.938132],[27.209679,39.938142],[27.209932,39.938268],[27.210081,39.938553],[27.210542,39.938724],[27.210796,39.939044],[27.210916,39.939318],[27.211005,39.939512],[27.211066,39.939958],[27.211259,39.939832],[27.211719,39.939728],[27.212091,39.939842],[27.212374,39.939956],[27.212612,39.940184],[27.212524,39.940493],[27.212317,39.940837],[27.212258,39.941077],[27.212051,39.941398],[27.211977,39.941535],[27.212379,39.941512],[27.212853,39.941316],[27.213269,39.941315],[27.213567,39.941487],[27.213821,39.941886],[27.213823,39.942447],[27.213703,39.942922],[27.213395,39.943542],[27.213181,39.944258],[27.212933,39.94433],[27.212904,39.94483],[27.212904,39.94483],[27.21275,39.945021],[27.212813,39.945402],[27.212814,39.94564],[27.21266,39.945927],[27.212877,39.946188],[27.212632,39.946999],[27.212447,39.947118],[27.21276,39.948214],[27.213257,39.948761],[27.214187,39.949165],[27.214531,39.950308],[27.214459,39.950518],[27.21457,39.950474],[27.214653,39.950285],[27.214636,39.950071],[27.214516,39.949831],[27.214488,39.949482],[27.214905,39.949045],[27.214872,39.948751],[27.214664,39.948541],[27.214587,39.948431],[27.214614,39.948019],[27.214795,39.947679],[27.215223,39.947342],[27.215332,39.947406],[27.214943,39.947771],[27.214866,39.947981],[27.214965,39.948255],[27.215058,39.948293],[27.214927,39.948406],[27.214943,39.948667],[27.215135,39.948944],[27.215195,39.949264],[27.215009,39.949428],[27.214855,39.949672],[27.214998,39.950092],[27.21508,39.95031],[27.215047,39.950479],[27.214883,39.950806],[27.214965,39.95092],[27.214954,39.951088],[27.214845,39.951366],[27.214845,39.951475],[27.214724,39.951643],[27.21474,39.95187],[27.21502,39.952072],[27.215157,39.952223],[27.215854,39.95216],[27.215908,39.952286],[27.216095,39.952253],[27.216073,39.952337],[27.215744,39.952458],[27.215875,39.952715],[27.216095,39.952711],[27.216084,39.95277],[27.2157,39.9529],[27.215431,39.953072],[27.215168,39.953472],[27.215206,39.953732],[27.215135,39.954056],[27.215206,39.954195],[27.215124,39.954363],[27.215234,39.954548],[27.215327,39.954699],[27.215234,39.954829],[27.215327,39.954913],[27.215634,39.954993],[27.215886,39.954993],[27.215897,39.955119],[27.215673,39.955271],[27.215267,39.955359],[27.215267,39.95551],[27.215349,39.955695],[27.21525,39.955985],[27.215278,39.956204],[27.21519,39.956326],[27.21519,39.956414],[27.215064,39.956473],[27.215064,39.9567],[27.214949,39.956834],[27.215047,39.957074],[27.215047,39.957229],[27.215157,39.957372],[27.215069,39.957503],[27.215283,39.95773],[27.215316,39.957818],[27.215201,39.958003],[27.215228,39.958108],[27.215393,39.958427],[27.215607,39.958747],[27.215585,39.958936],[27.215579,39.959154],[27.215744,39.959348],[27.215634,39.959428],[27.213638,39.959852],[27.213485,39.95981],[27.213451,39.959761],[27.213402,39.959688],[27.21343,39.959487],[27.213331,39.959331],[27.212947,39.959281],[27.213035,39.959188],[27.213002,39.959087],[27.213112,39.959045],[27.213046,39.958684],[27.212772,39.958461],[27.212876,39.958373],[27.213325,39.957881],[27.213232,39.95773],[27.213375,39.957612],[27.213309,39.957393],[27.213523,39.957263],[27.213419,39.957036],[27.213095,39.956712],[27.212859,39.956553],[27.213287,39.956553],[27.213419,39.956456],[27.213419,39.956065],[27.213342,39.95591],[27.21304,39.955746],[27.212196,39.955477],[27.212075,39.955393],[27.211653,39.954939],[27.211401,39.954859],[27.211258,39.95472],[27.210902,39.95472],[27.210737,39.954623],[27.210408,39.954539],[27.210386,39.954493],[27.210611,39.954443],[27.210611,39.954304],[27.210414,39.954056],[27.210249,39.953745],[27.210288,39.953606],[27.210463,39.953648],[27.210644,39.953816],[27.210759,39.954068],[27.211083,39.954312],[27.211362,39.954476],[27.211724,39.954514],[27.212234,39.954678],[27.212574,39.95464],[27.212953,39.95467],[27.213243,39.954573],[27.213512,39.954581],[27.213616,39.954506],[27.213616,39.954333],[27.213615,39.954329],[27.213615,39.954408],[27.213213,39.95448],[27.212593,39.954481],[27.212067,39.954554],[27.211509,39.954245],[27.21033,39.953485],[27.209772,39.953152],[27.209401,39.953415],[27.209402,39.953417],[27.209494,39.953653],[27.20952,39.953689],[27.20952,39.95369],[27.209646,39.954024],[27.209585,39.95431],[27.209091,39.954882],[27.20835,39.95561],[27.209161,39.95586],[27.209796,39.955365],[27.210539,39.95515],[27.210973,39.955268],[27.211388,39.955389],[27.21162,39.95549],[27.212164,39.956032],[27.211571,39.956462],[27.21151,39.95682],[27.212406,39.957216],[27.212376,39.957811],[27.212037,39.95836],[27.211889,39.958485],[27.212125,39.958618],[27.212262,39.95878],[27.212176,39.959066],[27.212053,39.959285],[27.211954,39.959352],[27.212115,39.959324],[27.212314,39.959505],[27.212698,39.959819],[27.212947,39.960162],[27.212862,39.960572],[27.21244,39.960449],[27.211865,39.960413],[27.211457,39.960366],[27.210892,39.960387],[27.210842,39.960463],[27.211504,39.960891],[27.211911,39.961035],[27.212586,39.961534],[27.213023,39.962094],[27.213517,39.961988],[27.214022,39.961871],[27.214566,39.961729]],[[27.213751,39.941502],[27.213554,39.941187],[27.2128,39.941193],[27.212295,39.941344],[27.212423,39.940963],[27.212954,39.940596],[27.212672,39.940609],[27.212663,39.940398],[27.212586,39.940057],[27.212303,39.939886],[27.212235,39.939774],[27.211678,39.939518],[27.211198,39.939617],[27.211216,39.93938],[27.21101,39.939236],[27.210693,39.938638],[27.210187,39.938382],[27.209982,39.938119],[27.209502,39.937922],[27.20892,39.937962],[27.208308,39.938348],[27.208534,39.937902],[27.208825,39.937587],[27.209142,39.937305],[27.209416,39.937331],[27.209502,39.937213],[27.209331,39.936773],[27.209134,39.936425],[27.208868,39.936201],[27.208817,39.935985],[27.20862,39.935663],[27.208534,39.935216],[27.208243,39.934822],[27.208329,39.934336],[27.2082,39.934172],[27.2082,39.933942],[27.207832,39.933824],[27.207823,39.933305],[27.208072,39.933489],[27.208157,39.933764],[27.208568,39.93385],[27.208817,39.934119],[27.209108,39.934566],[27.209725,39.935058],[27.210513,39.935492],[27.210779,39.935374],[27.210916,39.935479],[27.210933,39.935643],[27.211258,39.935781],[27.211618,39.935965],[27.211567,39.936326],[27.211875,39.936136],[27.212132,39.936438],[27.212363,39.936661],[27.213271,39.937075],[27.21352,39.936983],[27.21364,39.937298],[27.213897,39.937692],[27.214265,39.938021],[27.214599,39.938159],[27.215276,39.938776],[27.215653,39.938967],[27.215876,39.939236],[27.216621,39.939532],[27.217298,39.939098],[27.21776,39.938855],[27.217777,39.938553],[27.21806,39.938415],[27.218163,39.938146],[27.218566,39.937653],[27.218694,39.936976],[27.218857,39.936865],[27.218823,39.937233],[27.219105,39.937686],[27.218797,39.938796],[27.218694,39.93938],[27.218865,39.939643],[27.218737,39.939893],[27.218763,39.940136],[27.218882,39.940458],[27.218608,39.940497],[27.218283,39.940681],[27.218223,39.940957],[27.218514,39.941318],[27.218797,39.941463],[27.218574,39.941554],[27.218411,39.941692],[27.218231,39.941561],[27.217872,39.941436],[27.217837,39.941699],[27.21794,39.941896],[27.21788,39.942027],[27.217529,39.942152],[27.217366,39.942664],[27.217537,39.942934],[27.217126,39.94292],[27.216861,39.943032],[27.214359,39.942947],[27.21406,39.942461],[27.213922,39.942198],[27.213991,39.941771],[27.213751,39.941502]]]}}]}