{"type":"FeatureCollection","name":"turkiye_map.dist.mahalle_geometrileri_by_district.TR-D-09-008","features":[{"type":"Feature","properties":{"id":"TR-Y-09-008-M-0001","level":"yerlesim","type":"mahalle","parent_id":"TR-D-09-008","province_id":"TR-P-09","district_id":"TR-D-09-008","name":"Alemler","source_raw_name":"Alemler","source":"Kullanıcı tarafından sağlanan KML","source_label":"Kullanıcı tarafından sağlanan KML","source_name":"Aydin Mahalle KML - kullanici tarafindan saglandi"},"geometry":{"type":"Polygon","coordinates":[[[28.576423,37.770287],[28.576354,37.76994],[28.576677,37.769496],[28.576871,37.769303],[28.57644,37.769113],[28.576425,37.769102],[28.576293,37.769009],[28.576264,37.768675],[28.576263,37.768671],[28.576254,37.768562],[28.576254,37.768561],[28.576254,37.768558],[28.576238,37.768572],[28.576218,37.768589],[28.575751,37.768223],[28.57536,37.768103],[28.57511,37.768026],[28.574267,37.767766],[28.573795,37.76762],[28.573641,37.767591],[28.573258,37.767447],[28.573015,37.767422],[28.57243,37.767226],[28.572236,37.767001],[28.572203,37.766971],[28.57185,37.766707],[28.571531,37.76642],[28.5715,37.766415],[28.571201,37.766201],[28.570261,37.765229],[28.569918,37.764398],[28.569856,37.764248],[28.569636,37.763322],[28.569711,37.763251],[28.570332,37.762739],[28.570568,37.762692],[28.570878,37.762404],[28.570844,37.76219],[28.571043,37.761925],[28.570898,37.761826],[28.570751,37.761726],[28.570732,37.761709],[28.570762,37.761716],[28.571092,37.761421],[28.571524,37.761034],[28.571585,37.760979],[28.572385,37.760262],[28.572417,37.760233],[28.572513,37.760155],[28.573237,37.759585],[28.573325,37.759516],[28.573805,37.759137],[28.574119,37.758727],[28.574121,37.758685],[28.574142,37.758028],[28.574263,37.758032],[28.574672,37.757997],[28.575422,37.757934],[28.576226,37.757866],[28.576318,37.757858],[28.576548,37.757839],[28.576749,37.75762],[28.57685,37.757526],[28.577088,37.757303],[28.577179,37.757217],[28.577592,37.75683],[28.578422,37.756125],[28.578445,37.75613],[28.578461,37.756097],[28.578785,37.75582],[28.579006,37.755261],[28.57914,37.755004],[28.579168,37.754949],[28.579277,37.75474],[28.579398,37.754507],[28.579408,37.754488],[28.579427,37.754428],[28.579429,37.754422],[28.57943,37.754419],[28.579412,37.754378],[28.579414,37.754373],[28.579272,37.754061],[28.579258,37.754029],[28.579213,37.753929],[28.579025,37.753718],[28.578347,37.753179],[28.578343,37.753184],[28.578334,37.753196],[28.57832,37.753166],[28.578253,37.753117],[28.578157,37.753046],[28.577796,37.75284],[28.577726,37.752808],[28.577337,37.752591],[28.577264,37.752546],[28.577279,37.752499],[28.577358,37.752389],[28.577386,37.752349],[28.577625,37.752015],[28.577793,37.75178],[28.577911,37.75169],[28.577827,37.751665],[28.577817,37.751662],[28.577813,37.751661],[28.577727,37.75165],[28.57764,37.751647],[28.577553,37.751657],[28.577372,37.751681],[28.577266,37.751685],[28.577192,37.751681],[28.577132,37.751674],[28.576967,37.751637],[28.575778,37.751224],[28.575083,37.75074],[28.574977,37.750184],[28.574584,37.749873],[28.574431,37.749718],[28.574253,37.749619],[28.574134,37.749324],[28.573987,37.749111],[28.573948,37.748857],[28.573287,37.748766],[28.572641,37.748333],[28.571663,37.747131],[28.571519,37.746954],[28.571351,37.746907],[28.571243,37.746696],[28.570892,37.746289],[28.570917,37.746203],[28.570427,37.744671],[28.569705,37.744835],[28.569046,37.745168],[28.568863,37.745111],[28.568678,37.744906],[28.568201,37.745091],[28.567768,37.745308],[28.567222,37.745161],[28.566991,37.745099],[28.566397,37.745357],[28.565171,37.745022],[28.564997,37.744752],[28.56494,37.744728],[28.564636,37.744591],[28.564461,37.744543],[28.564378,37.744587],[28.564184,37.744586],[28.562659,37.744562],[28.562482,37.744626],[28.562355,37.74462],[28.558792,37.746014],[28.558471,37.745943],[28.558171,37.745799],[28.557921,37.7458],[28.557431,37.745922],[28.556713,37.74558],[28.556512,37.745427],[28.55616,37.745425],[28.555802,37.745363],[28.555701,37.745232],[28.555572,37.745017],[28.555367,37.744717],[28.555252,37.744422],[28.555398,37.744307],[28.555407,37.744167],[28.555456,37.743902],[28.555199,37.743804],[28.554926,37.743918],[28.554676,37.743675],[28.553837,37.743965],[28.55346,37.743949],[28.5531,37.74391],[28.552832,37.743686],[28.551856,37.744132],[28.551564,37.743766],[28.551006,37.743076],[28.550711,37.743744],[28.550115,37.743878],[28.549915,37.743769],[28.548682,37.743625],[28.548343,37.743389],[28.54798,37.743532],[28.547345,37.743645],[28.546825,37.743592],[28.545922,37.743178],[28.544592,37.743231],[28.543208,37.743204],[28.542356,37.743154],[28.540446,37.742188],[28.539612,37.742718],[28.539062,37.74283],[28.537484,37.742706],[28.537239,37.742653],[28.53593,37.742368],[28.534415,37.741853],[28.533848,37.74207],[28.53347,37.742075],[28.532834,37.742083],[28.531463,37.74191],[28.529924,37.741886],[28.529708,37.741882],[28.528605,37.741642],[28.527824,37.740908],[28.527106,37.740385],[28.526287,37.740188],[28.525683,37.740228],[28.525562,37.740235],[28.524526,37.740303],[28.524324,37.740316],[28.524263,37.740373],[28.524233,37.740401],[28.523959,37.740655],[28.522358,37.742142],[28.522331,37.742167],[28.521537,37.742904],[28.521614,37.743796],[28.521702,37.744807],[28.52335,37.745496],[28.524191,37.747803],[28.524193,37.747917],[28.524349,37.748315],[28.52435,37.748317],[28.525677,37.749427],[28.525904,37.749339],[28.525427,37.749911],[28.525328,37.750172],[28.525177,37.750568],[28.525481,37.751036],[28.52815,37.751212],[28.529609,37.753929],[28.53031,37.754983],[28.530337,37.755024],[28.530696,37.755565],[28.530803,37.755655],[28.531461,37.75621],[28.531782,37.756217],[28.531825,37.756182],[28.53194,37.755952],[28.531949,37.755888],[28.532147,37.755515],[28.532301,37.755439],[28.532416,37.755384],[28.532536,37.755302],[28.532604,37.755271],[28.532609,37.755269],[28.532767,37.755196],[28.532895,37.755046],[28.533056,37.754963],[28.5331,37.754916],[28.533108,37.754922],[28.533531,37.755525],[28.533553,37.755539],[28.533573,37.755584],[28.533574,37.755586],[28.533841,37.755966],[28.533841,37.75597],[28.533857,37.756126],[28.533862,37.756173],[28.534043,37.757927],[28.534061,37.758103],[28.534026,37.758384],[28.534023,37.758412],[28.533952,37.758984],[28.535733,37.759472],[28.538529,37.760239],[28.540908,37.762611],[28.544438,37.763939],[28.547959,37.764387],[28.549392,37.764657],[28.551745,37.7651],[28.555545,37.764211],[28.557862,37.764361],[28.558778,37.763479],[28.558819,37.763499],[28.558878,37.763535],[28.558932,37.763604],[28.558968,37.76365],[28.559017,37.763684],[28.559023,37.763688],[28.559028,37.763691],[28.559079,37.763707],[28.559113,37.763718],[28.559211,37.763733],[28.559296,37.763762],[28.559323,37.763782],[28.559349,37.763799],[28.559353,37.763799],[28.559356,37.763807],[28.559401,37.763867],[28.559425,37.763938],[28.559484,37.764029],[28.559566,37.764077],[28.559663,37.764098],[28.55977,37.7641],[28.559995,37.764071],[28.559998,37.764071],[28.560091,37.764079],[28.560198,37.764113],[28.560232,37.764117],[28.560258,37.764132],[28.56052,37.764215],[28.560643,37.764248],[28.560864,37.764359],[28.560936,37.764404],[28.560979,37.764431],[28.561144,37.764524],[28.561293,37.764622],[28.561393,37.764667],[28.56148,37.764686],[28.561737,37.764755],[28.5618,37.764781],[28.561878,37.764828],[28.561931,37.764871],[28.561935,37.764877],[28.562046,37.765047],[28.562076,37.765093],[28.5623,37.765209],[28.562342,37.765242],[28.562366,37.765256],[28.562435,37.765298],[28.562471,37.765312],[28.56252,37.765318],[28.562742,37.76529],[28.563011,37.765256],[28.563349,37.765247],[28.563569,37.765256],[28.563578,37.765256],[28.563605,37.765258],[28.563619,37.765255],[28.563676,37.765243],[28.563766,37.765236],[28.563771,37.765236],[28.56387,37.765216],[28.564049,37.76519],[28.564118,37.76518],[28.564156,37.765178],[28.564172,37.765177],[28.564191,37.765172],[28.56426,37.765156],[28.564301,37.765164],[28.564309,37.765167],[28.564359,37.765185],[28.564382,37.76519],[28.56445,37.765205],[28.564465,37.765209],[28.564529,37.765222],[28.564592,37.765233],[28.564685,37.76524],[28.564765,37.765245],[28.564888,37.765263],[28.56493,37.765268],[28.565001,37.765276],[28.565043,37.76528],[28.5651,37.765288],[28.565156,37.765296],[28.565202,37.765308],[28.565271,37.765313],[28.565375,37.765336],[28.565452,37.765347],[28.565523,37.765364],[28.565566,37.765369],[28.565622,37.765385],[28.56569,37.765411],[28.565742,37.765438],[28.565793,37.765464],[28.565836,37.765497],[28.565881,37.765528],[28.565945,37.765569],[28.566045,37.765636],[28.566064,37.765649],[28.56607,37.765651],[28.566119,37.76567],[28.566196,37.765708],[28.566272,37.765734],[28.566346,37.765766],[28.566448,37.765806],[28.566476,37.765819],[28.566548,37.76585],[28.566632,37.765885],[28.566701,37.765903],[28.566721,37.765908],[28.5668,37.765933],[28.566879,37.765948],[28.566905,37.765955],[28.566935,37.765962],[28.567025,37.765978],[28.567048,37.765978],[28.5671,37.765978],[28.56715,37.765987],[28.567224,37.766009],[28.567287,37.766025],[28.567381,37.766076],[28.567478,37.766149],[28.567556,37.766208],[28.567636,37.766274],[28.567714,37.766337],[28.56778,37.766381],[28.567858,37.766427],[28.567892,37.766442],[28.567907,37.766449],[28.567975,37.766475],[28.568036,37.766486],[28.568107,37.766493],[28.568159,37.766501],[28.568218,37.76652],[28.56826,37.76654],[28.568265,37.766544],[28.568328,37.76659],[28.568405,37.766655],[28.568548,37.766788],[28.568622,37.766842],[28.568685,37.76689],[28.568835,37.766923],[28.568863,37.766919],[28.569425,37.766989],[28.569696,37.767003],[28.570039,37.767022],[28.570186,37.766957],[28.570306,37.766979],[28.570457,37.766907],[28.57056,37.766962],[28.570848,37.767035],[28.570938,37.766953],[28.571211,37.76719],[28.571253,37.767246],[28.570625,37.767697],[28.570606,37.767726],[28.57059,37.767749],[28.570861,37.767891],[28.571094,37.7681],[28.571356,37.76831],[28.571831,37.768681],[28.571999,37.768691],[28.572024,37.768872],[28.571986,37.768988],[28.571634,37.768952],[28.571862,37.769708],[28.572055,37.769545],[28.572875,37.770317],[28.57302,37.770339],[28.573343,37.770339],[28.573524,37.770291],[28.574046,37.770426],[28.576259,37.770296],[28.576423,37.770287]]]}},{"type":"Feature","properties":{"id":"TR-Y-09-008-M-0002","level":"yerlesim","type":"mahalle","parent_id":"TR-D-09-008","province_id":"TR-P-09","district_id":"TR-D-09-008","name":"Aşağıgörle","source_raw_name":"Aşağıgörle","source":"Kullanıcı tarafından sağlanan KML","source_label":"Kullanıcı tarafından sağlanan KML","source_name":"Aydin Mahalle KML - kullanici tarafindan saglandi"},"geometry":{"type":"Polygon","coordinates":[[[28.626394,37.587047],[28.626342,37.586783],[28.626323,37.586441],[28.626395,37.586414],[28.626606,37.586335],[28.626922,37.586244],[28.627195,37.586178],[28.627476,37.586123],[28.627753,37.586053],[28.627973,37.58599],[28.62809,37.585976],[28.628225,37.585957],[28.628495,37.585933],[28.628515,37.585694],[28.628519,37.585428],[28.628554,37.585157],[28.628536,37.584878],[28.628639,37.584849],[28.628821,37.58481],[28.628845,37.584777],[28.629214,37.584702],[28.629556,37.584658],[28.629927,37.584633],[28.630248,37.58461],[28.630306,37.584606],[28.630434,37.584417],[28.63048,37.584353],[28.630534,37.584313],[28.631002,37.584029],[28.631185,37.583608],[28.631528,37.583394],[28.631511,37.583168],[28.631657,37.582676],[28.631344,37.582672],[28.631109,37.58181],[28.631012,37.581695],[28.630968,37.581627],[28.630894,37.58152],[28.63079,37.581341],[28.630685,37.581188],[28.630279,37.580847],[28.629985,37.579947],[28.629835,37.579321],[28.629824,37.579274],[28.629702,37.578765],[28.629696,37.578739],[28.629611,37.578386],[28.629489,37.577876],[28.629349,37.576439],[28.628943,37.575522],[28.628793,37.57546],[28.628792,37.575268],[28.628762,37.575196],[28.628059,37.573554],[28.627732,37.57279],[28.627783,37.572286],[28.62882,37.571047],[28.628455,37.569537],[28.628286,37.568841],[28.628285,37.568808],[28.628234,37.567312],[28.62886,37.566903],[28.629195,37.566684],[28.629069,37.565608],[28.62891,37.565065],[28.628486,37.564967],[28.627918,37.563502],[28.627347,37.561974],[28.626951,37.560914],[28.626027,37.558508],[28.626377,37.557298],[28.6264,37.557218],[28.626556,37.556681],[28.62702,37.5566],[28.627256,37.55658],[28.62734,37.556339],[28.627409,37.55614],[28.62751,37.555852],[28.627512,37.555846],[28.627513,37.555828],[28.627512,37.555814],[28.627494,37.555516],[28.627476,37.555512],[28.627498,37.555308],[28.62755,37.555173],[28.627599,37.555095],[28.627647,37.555018],[28.627659,37.554999],[28.627681,37.554967],[28.627697,37.554941],[28.627711,37.55492],[28.627725,37.554871],[28.627725,37.554866],[28.627681,37.554833],[28.6275,37.554659],[28.627615,37.554526],[28.627753,37.554383],[28.627872,37.554232],[28.627774,37.55406],[28.627787,37.554045],[28.627775,37.553917],[28.627839,37.553933],[28.628038,37.553998],[28.628191,37.553825],[28.628102,37.553712],[28.628318,37.553528],[28.628201,37.553327],[28.628055,37.553179],[28.627992,37.553121],[28.627869,37.553057],[28.62789,37.552991],[28.62775,37.552782],[28.627584,37.552798],[28.627426,37.55283],[28.627287,37.55283],[28.626873,37.552734],[28.626564,37.552638],[28.626349,37.552544],[28.626235,37.552494],[28.626212,37.552484],[28.626199,37.552478],[28.625979,37.552445],[28.625865,37.552428],[28.625868,37.552146],[28.625891,37.552158],[28.62593,37.552151],[28.625931,37.551984],[28.626126,37.551464],[28.625926,37.551127],[28.625883,37.550992],[28.625826,37.550814],[28.625805,37.550747],[28.625562,37.550444],[28.625191,37.549978],[28.62504,37.54979],[28.625118,37.548278],[28.625116,37.547715],[28.625556,37.544867],[28.625068,37.542796],[28.625068,37.542796],[28.625068,37.542796],[28.623442,37.543002],[28.62043,37.542863],[28.616273,37.542565],[28.613461,37.541719],[28.610484,37.541308],[28.608598,37.541411],[28.60607,37.542194],[28.603145,37.543223],[28.600319,37.543127],[28.597497,37.542843],[28.594754,37.542498],[28.591433,37.543709],[28.58841,37.545736],[28.585122,37.547933],[28.585017,37.548462],[28.585949,37.551871],[28.585966,37.553707],[28.585954,37.553746],[28.584439,37.558443],[28.584469,37.558813],[28.584561,37.559917],[28.586005,37.561877],[28.586381,37.562387],[28.587339,37.563381],[28.588064,37.563632],[28.589543,37.563421],[28.590179,37.563603],[28.590825,37.563981],[28.591928,37.564974],[28.593289,37.567302],[28.595045,37.567888],[28.59584,37.568194],[28.596153,37.568315],[28.596166,37.56832],[28.596211,37.568337],[28.597204,37.568847],[28.598269,37.569394],[28.599888,37.571092],[28.600698,37.571942],[28.601498,37.570379],[28.602543,37.569972],[28.602594,37.569952],[28.603636,37.569545],[28.605967,37.570073],[28.606575,37.570113],[28.607494,37.572144],[28.607675,37.572712],[28.607856,37.57328],[28.608019,37.573792],[28.608429,37.574723],[28.610249,37.57454],[28.61107,37.574457],[28.611326,37.574504],[28.612868,37.574788],[28.613123,37.574783],[28.613414,37.574774],[28.613666,37.574872],[28.613803,37.574884],[28.614553,37.574658],[28.61481,37.574628],[28.614933,37.575268],[28.615234,37.575319],[28.615508,37.575345],[28.615875,37.575408],[28.615984,37.575428],[28.616056,37.575438],[28.616265,37.575478],[28.616412,37.575489],[28.616561,37.5755],[28.616813,37.57551],[28.616882,37.575513],[28.617258,37.575491],[28.617707,37.575506],[28.617797,37.575481],[28.617888,37.575396],[28.617969,37.575648],[28.61804,37.576047],[28.618091,37.576274],[28.618099,37.576291],[28.619088,37.576317],[28.619396,37.576144],[28.620967,37.576867],[28.621086,37.577012],[28.621342,37.576739],[28.621499,37.57667],[28.621885,37.577009],[28.622336,37.577406],[28.622254,37.577508],[28.622334,37.577686],[28.622239,37.577649],[28.6222,37.578407],[28.622145,37.578509],[28.622261,37.578559],[28.622114,37.57873],[28.621929,37.578994],[28.621888,37.579163],[28.621773,37.579359],[28.621559,37.579651],[28.621405,37.579929],[28.621302,37.580115],[28.621196,37.580342],[28.621125,37.580512],[28.620984,37.580728],[28.620832,37.581015],[28.620646,37.581279],[28.620451,37.581638],[28.62043,37.581676],[28.620287,37.58196],[28.620199,37.58217],[28.620223,37.582307],[28.620309,37.582406],[28.620398,37.582507],[28.620539,37.582667],[28.620618,37.582864],[28.620691,37.583085],[28.620948,37.583064],[28.621026,37.583307],[28.621261,37.583322],[28.621386,37.583346],[28.621401,37.583557],[28.621425,37.583991],[28.621511,37.584188],[28.621595,37.584321],[28.621661,37.584488],[28.621676,37.584518],[28.621693,37.584542],[28.621705,37.584566],[28.621733,37.584624],[28.621796,37.584769],[28.621995,37.584735],[28.622258,37.584682],[28.62245,37.58503],[28.622592,37.585299],[28.622668,37.585444],[28.622709,37.585522],[28.622755,37.585609],[28.62278,37.585667],[28.622869,37.585832],[28.622917,37.585939],[28.622937,37.585998],[28.622928,37.585999],[28.622646,37.586056],[28.622189,37.58615],[28.621779,37.586216],[28.621442,37.586283],[28.62123,37.586336],[28.621509,37.586543],[28.621913,37.586801],[28.622097,37.586902],[28.622316,37.586987],[28.622613,37.586818],[28.622846,37.586734],[28.62321,37.586608],[28.623381,37.586569],[28.623525,37.586535],[28.623607,37.586654],[28.623716,37.586776],[28.62391,37.586927],[28.624126,37.586891],[28.624365,37.586873],[28.624451,37.587149],[28.624514,37.587352],[28.624587,37.587515],[28.624851,37.587437],[28.62537,37.587266],[28.625724,37.587212],[28.626043,37.587124],[28.626394,37.587047]]]}},{"type":"Feature","properties":{"id":"TR-Y-09-008-M-0003","level":"yerlesim","type":"mahalle","parent_id":"TR-D-09-008","province_id":"TR-P-09","district_id":"TR-D-09-008","name":"Ataeymir","source_raw_name":"Ataeymir","source":"Kullanıcı tarafından sağlanan KML","source_label":"Kullanıcı tarafından sağlanan KML","source_name":"Aydin Mahalle KML - kullanici tarafindan saglandi"},"geometry":{"type":"Polygon","coordinates":[[[28.769619,37.724541],[28.771648,37.723172],[28.772196,37.72365],[28.773347,37.724655],[28.773786,37.725038],[28.774629,37.724843],[28.777171,37.723288],[28.777268,37.723271],[28.777364,37.723254],[28.777618,37.723236],[28.777917,37.723214],[28.778354,37.723183],[28.779263,37.72336],[28.781055,37.723709],[28.781187,37.723734],[28.781443,37.723784],[28.782215,37.723777],[28.783199,37.723768],[28.783259,37.723767],[28.784783,37.723752],[28.785288,37.723666],[28.785542,37.723623],[28.787567,37.723288],[28.787739,37.72326],[28.789419,37.723756],[28.789419,37.723756],[28.789419,37.723718],[28.789419,37.723392],[28.789419,37.723238],[28.789419,37.723216],[28.789419,37.722902],[28.789419,37.722413],[28.789419,37.721394],[28.789547,37.721206],[28.78956,37.721193],[28.790247,37.720484],[28.79043,37.720296],[28.790987,37.718784],[28.791062,37.718406],[28.791109,37.718165],[28.79111,37.718159],[28.791276,37.717317],[28.791613,37.715609],[28.792028,37.714996],[28.79203,37.714995],[28.792028,37.714992],[28.791566,37.71401],[28.791266,37.712891],[28.790666,37.710654],[28.790522,37.710117],[28.790522,37.710116],[28.790526,37.705174],[28.790526,37.705173],[28.790771,37.70181],[28.792003,37.696485],[28.79214,37.695554],[28.792389,37.69385],[28.792389,37.69385],[28.792365,37.693821],[28.792348,37.693802],[28.792294,37.693738],[28.788869,37.68969],[28.785122,37.685436],[28.780525,37.679565],[28.780484,37.679499],[28.779038,37.677154],[28.777599,37.674167],[28.776849,37.671844],[28.776468,37.670662],[28.776038,37.669329],[28.775374,37.665592],[28.775374,37.665591],[28.776147,37.662688],[28.776604,37.662136],[28.777392,37.661185],[28.778925,37.660732],[28.778924,37.660732],[28.778802,37.660701],[28.778281,37.66057],[28.775379,37.660304],[28.775187,37.660306],[28.775184,37.660306],[28.774301,37.660316],[28.774205,37.660317],[28.773506,37.660324],[28.771463,37.660722],[28.770837,37.660845],[28.769326,37.660935],[28.767483,37.661045],[28.766055,37.66099],[28.766042,37.660959],[28.765392,37.659377],[28.765392,37.659377],[28.765868,37.657424],[28.767425,37.652622],[28.768649,37.650128],[28.768843,37.648848],[28.768843,37.648843],[28.768812,37.64887],[28.768658,37.649009],[28.768444,37.649161],[28.768154,37.649279],[28.767919,37.649479],[28.767739,37.649736],[28.767616,37.649633],[28.767456,37.649528],[28.767176,37.649431],[28.766956,37.649466],[28.766942,37.649467],[28.76683,37.649478],[28.766322,37.649515],[28.766235,37.649507],[28.766175,37.649478],[28.766133,37.64944],[28.76607,37.649315],[28.76602,37.649215],[28.765976,37.64906],[28.76591,37.648799],[28.765554,37.648303],[28.765384,37.648103],[28.764812,37.648017],[28.764578,37.64797],[28.76418,37.647876],[28.763882,37.647837],[28.76361,37.647734],[28.763472,37.647636],[28.76335,37.647402],[28.763048,37.647178],[28.762835,37.646931],[28.762551,37.646685],[28.762281,37.646674],[28.761931,37.64673],[28.761641,37.646641],[28.761351,37.646517],[28.760973,37.646529],[28.760775,37.646525],[28.760341,37.646403],[28.759826,37.646311],[28.759628,37.646322],[28.759482,37.646289],[28.759108,37.646321],[28.759103,37.646319],[28.759051,37.646302],[28.758798,37.646188],[28.758657,37.646171],[28.758213,37.646227],[28.758136,37.646227],[28.758124,37.646224],[28.7581,37.646219],[28.757934,37.646103],[28.757824,37.646019],[28.757737,37.645979],[28.757654,37.645958],[28.757556,37.645951],[28.75749,37.645936],[28.757421,37.645905],[28.757358,37.645855],[28.757316,37.645815],[28.757306,37.645811],[28.757063,37.645736],[28.756984,37.645708],[28.756843,37.6456],[28.756582,37.645387],[28.756561,37.645365],[28.756437,37.645237],[28.756379,37.645199],[28.756193,37.645165],[28.756162,37.64516],[28.756018,37.645138],[28.755999,37.645128],[28.755793,37.645151],[28.755739,37.645169],[28.755705,37.645192],[28.755558,37.645256],[28.755465,37.645282],[28.755212,37.645355],[28.755132,37.645386],[28.755106,37.645401],[28.755094,37.645408],[28.755062,37.645438],[28.755039,37.64547],[28.755002,37.645496],[28.754963,37.645507],[28.75485,37.64554],[28.75467,37.645621],[28.754488,37.645665],[28.754287,37.645695],[28.754286,37.645695],[28.75407,37.645809],[28.754009,37.64583],[28.753958,37.645866],[28.7539,37.645908],[28.753663,37.645991],[28.753329,37.646052],[28.753116,37.646177],[28.752903,37.646302],[28.752817,37.646346],[28.75279,37.646371],[28.752756,37.646403],[28.752726,37.646485],[28.752673,37.646629],[28.752645,37.646679],[28.752624,37.646712],[28.752572,37.646736],[28.752509,37.646771],[28.75249,37.646789],[28.752456,37.646823],[28.752435,37.646862],[28.752414,37.646917],[28.752389,37.646961],[28.752335,37.647019],[28.752307,37.647049],[28.752298,37.647194],[28.752282,37.647265],[28.752258,37.647332],[28.752219,37.647407],[28.752199,37.647476],[28.752191,37.647544],[28.752181,37.647581],[28.752155,37.647626],[28.752132,37.647649],[28.752106,37.647665],[28.752081,37.647681],[28.752045,37.647707],[28.752017,37.647727],[28.751976,37.64775],[28.751899,37.647793],[28.751842,37.647822],[28.75178,37.647865],[28.751704,37.647934],[28.751644,37.647978],[28.751556,37.647998],[28.751408,37.648039],[28.75107,37.648141],[28.75099,37.648142],[28.750859,37.648128],[28.750569,37.648098],[28.750555,37.648098],[28.750383,37.648171],[28.750364,37.648187],[28.750315,37.648226],[28.750244,37.648253],[28.750199,37.648264],[28.750153,37.648274],[28.750046,37.648273],[28.749999,37.648272],[28.749926,37.64827],[28.749838,37.64828],[28.749736,37.648329],[28.749672,37.648379],[28.749636,37.648406],[28.749605,37.648425],[28.749584,37.648425],[28.749546,37.648405],[28.749513,37.648372],[28.749425,37.648496],[28.749375,37.648626],[28.749328,37.648711],[28.749262,37.648775],[28.749191,37.648822],[28.749122,37.648867],[28.748922,37.649],[28.748618,37.649232],[28.748582,37.649255],[28.748383,37.649383],[28.748204,37.649454],[28.74811,37.649491],[28.74787,37.649524],[28.747846,37.64953],[28.747843,37.649531],[28.747847,37.649535],[28.748015,37.649708],[28.748408,37.65019],[28.748407,37.650193],[28.748379,37.650262],[28.74838,37.650265],[28.748427,37.650548],[28.748581,37.650688],[28.749324,37.652078],[28.749374,37.652172],[28.749923,37.6532],[28.750143,37.653742],[28.750142,37.653745],[28.750097,37.653976],[28.749606,37.656443],[28.749473,37.657241],[28.749228,37.657497],[28.74875,37.657866],[28.748668,37.658003],[28.748646,37.65804],[28.748644,37.658041],[28.748494,37.658162],[28.748303,37.65819],[28.748303,37.65819],[28.748288,37.658189],[28.748167,37.658176],[28.74794,37.658252],[28.747618,37.658543],[28.747615,37.65855],[28.747609,37.658563],[28.746465,37.661111],[28.746458,37.661126],[28.745594,37.661611],[28.744755,37.661352],[28.743944,37.661628],[28.743147,37.661899],[28.743141,37.6619],[28.743142,37.661905],[28.743356,37.663297],[28.743356,37.663299],[28.743355,37.6633],[28.743097,37.663579],[28.741897,37.664876],[28.741878,37.664896],[28.741881,37.664898],[28.74189,37.664904],[28.743413,37.665957],[28.743412,37.665961],[28.743381,37.66604],[28.742604,37.668017],[28.742575,37.668092],[28.742573,37.668097],[28.742572,37.668099],[28.742371,37.668612],[28.742315,37.668792],[28.74076,37.670538],[28.7393,37.672176],[28.736989,37.67477],[28.736851,37.674874],[28.736835,37.674886],[28.736833,37.674955],[28.736828,37.675123],[28.73691,37.675256],[28.737613,37.676464],[28.738336,37.676643],[28.738411,37.676661],[28.738411,37.676661],[28.73891,37.677197],[28.738862,37.677517],[28.738813,37.677856],[28.738867,37.678258],[28.738805,37.678938],[28.738804,37.678953],[28.738836,37.679448],[28.738801,37.679631],[28.738771,37.679786],[28.738769,37.679799],[28.738747,37.679915],[28.738638,37.680272],[28.738507,37.68064],[28.738501,37.680657],[28.738398,37.680933],[28.738277,37.681256],[28.738263,37.681295],[28.738226,37.681393],[28.738057,37.681791],[28.738036,37.681841],[28.73787,37.682206],[28.737726,37.682468],[28.737529,37.682977],[28.737247,37.683535],[28.73722,37.683588],[28.736962,37.684267],[28.736638,37.685179],[28.73654,37.68538],[28.736469,37.685537],[28.736321,37.685528],[28.736206,37.685535],[28.735976,37.685321],[28.73571,37.685126],[28.734906,37.685108],[28.733054,37.685239],[28.732842,37.6853],[28.732769,37.685328],[28.731858,37.686578],[28.731782,37.686571],[28.731253,37.687394],[28.731336,37.688379],[28.731309,37.688622],[28.731316,37.688827],[28.731412,37.689088],[28.731439,37.68918],[28.731459,37.689242],[28.731536,37.689499],[28.731562,37.689611],[28.731519,37.68981],[28.731468,37.689981],[28.731403,37.690126],[28.731329,37.690314],[28.73129,37.690439],[28.731347,37.690531],[28.731381,37.690585],[28.731148,37.6908],[28.730947,37.691017],[28.730743,37.691274],[28.730553,37.691537],[28.730341,37.691799],[28.730262,37.691915],[28.730117,37.692144],[28.729974,37.692378],[28.729802,37.69264],[28.729641,37.692885],[28.729593,37.692977],[28.729457,37.693241],[28.729348,37.693477],[28.729201,37.693785],[28.729042,37.694064],[28.728879,37.694322],[28.728768,37.694537],[28.728705,37.694676],[28.728668,37.69488],[28.728654,37.695023],[28.728635,37.695255],[28.728458,37.695994],[28.728411,37.696265],[28.728372,37.696487],[28.728306,37.696637],[28.728245,37.696864],[28.728173,37.697099],[28.728507,37.697129],[28.728959,37.697137],[28.729203,37.697126],[28.729364,37.697126],[28.729388,37.697126],[28.729763,37.697127],[28.730115,37.697097],[28.730416,37.697091],[28.730511,37.69709],[28.730701,37.697089],[28.731297,37.697098],[28.731692,37.697108],[28.732036,37.69711],[28.732269,37.697113],[28.732547,37.697106],[28.732547,37.697106],[28.73291,37.697092],[28.73325,37.697085],[28.733513,37.697102],[28.73384,37.697132],[28.734135,37.697159],[28.734374,37.697193],[28.734391,37.697195],[28.734409,37.697201],[28.734078,37.697555],[28.733868,37.697776],[28.733712,37.69801],[28.733439,37.698457],[28.733292,37.698678],[28.733176,37.698858],[28.732919,37.699195],[28.733496,37.699215],[28.733678,37.699213],[28.733907,37.699186],[28.734189,37.699138],[28.734417,37.699119],[28.734717,37.699109],[28.735052,37.699086],[28.735341,37.699065],[28.735584,37.699038],[28.735762,37.699065],[28.7358,37.699187],[28.73583,37.69932],[28.735888,37.699556],[28.735891,37.699718],[28.735891,37.699778],[28.735896,37.69979],[28.735932,37.699886],[28.735987,37.700031],[28.735975,37.700077],[28.735945,37.700217],[28.735982,37.700246],[28.73613,37.700319],[28.736259,37.700352],[28.736236,37.700442],[28.73612,37.700532],[28.736015,37.700647],[28.736026,37.70067],[28.736091,37.700802],[28.736125,37.700968],[28.736157,37.701184],[28.73616,37.70131],[28.736145,37.701417],[28.736141,37.701576],[28.736124,37.701727],[28.736126,37.701913],[28.736126,37.701955],[28.736109,37.70213],[28.736207,37.702221],[28.736316,37.702272],[28.736487,37.702279],[28.736576,37.702265],[28.736627,37.702258],[28.73682,37.702198],[28.737044,37.702135],[28.737187,37.702107],[28.737353,37.702093],[28.737394,37.702091],[28.737499,37.702085],[28.737499,37.702106],[28.737499,37.702112],[28.737498,37.702135],[28.737467,37.702237],[28.737431,37.702358],[28.737285,37.702691],[28.737295,37.702951],[28.737267,37.703203],[28.737249,37.703473],[28.737236,37.70365],[28.737231,37.703719],[28.737209,37.703901],[28.736928,37.703906],[28.736654,37.703917],[28.73664,37.703917],[28.736663,37.704164],[28.736669,37.704341],[28.736675,37.704478],[28.736717,37.70473],[28.736708,37.704769],[28.736706,37.70478],[28.736712,37.704968],[28.736693,37.705247],[28.736675,37.70539],[28.736635,37.705601],[28.736769,37.705634],[28.736786,37.705683],[28.736912,37.705951],[28.736912,37.70597],[28.736916,37.706229],[28.73691,37.706364],[28.736903,37.706541],[28.736784,37.706582],[28.736775,37.706694],[28.736761,37.706893],[28.736752,37.707114],[28.736874,37.707438],[28.736951,37.707562],[28.736788,37.707868],[28.736567,37.70828],[28.736553,37.708306],[28.736904,37.708273],[28.737548,37.708204],[28.737994,37.708154],[28.738388,37.708077],[28.738792,37.70803],[28.738792,37.70803],[28.738818,37.708036],[28.739206,37.70799],[28.739608,37.707939],[28.740037,37.707899],[28.740493,37.70785],[28.740771,37.707831],[28.740987,37.707844],[28.741734,37.708035],[28.741971,37.708066],[28.742359,37.708085],[28.743135,37.708083],[28.744197,37.708088],[28.745231,37.708116],[28.745377,37.708116],[28.74597,37.708116],[28.746644,37.708103],[28.746661,37.708219],[28.746667,37.708261],[28.74684,37.70899],[28.746919,37.709443],[28.746987,37.710016],[28.747037,37.710228],[28.747161,37.710751],[28.747186,37.710969],[28.747266,37.711406],[28.747324,37.711823],[28.747353,37.711977],[28.747433,37.712382],[28.7476,37.713282],[28.747705,37.713758],[28.74777,37.714426],[28.74807,37.715041],[28.748069,37.715044],[28.74807,37.715046],[28.747963,37.715418],[28.747815,37.716034],[28.747957,37.716264],[28.749221,37.71779],[28.749277,37.717804],[28.752159,37.718544],[28.752191,37.718559],[28.752246,37.718573],[28.752924,37.718911],[28.755259,37.719845],[28.756837,37.720184],[28.756886,37.720216],[28.759402,37.72186],[28.759716,37.723638],[28.759877,37.724738],[28.759957,37.725176],[28.760866,37.725638],[28.761002,37.725706],[28.76106,37.725728],[28.761082,37.725741],[28.761616,37.725939],[28.762377,37.726156],[28.762696,37.726208],[28.763737,37.726354],[28.765405,37.726587],[28.767148,37.725184],[28.767166,37.72517],[28.767232,37.725153],[28.768998,37.7247],[28.769619,37.724541]]]}},{"type":"Feature","properties":{"id":"TR-Y-09-008-M-0004","level":"yerlesim","type":"mahalle","parent_id":"TR-D-09-008","province_id":"TR-P-09","district_id":"TR-D-09-008","name":"Ataköy","source_raw_name":"Ataköy","source":"Kullanıcı tarafından sağlanan KML","source_label":"Kullanıcı tarafından sağlanan KML","source_name":"Aydin Mahalle KML - kullanici tarafindan saglandi"},"geometry":{"type":"Polygon","coordinates":[[[28.756919,37.821867],[28.761,37.813562],[28.761,37.813562],[28.761002,37.813559],[28.761002,37.813559],[28.759501,37.812167],[28.758415,37.811155],[28.757854,37.810235],[28.757852,37.810232],[28.759924,37.808878],[28.761733,37.807563],[28.76215,37.807187],[28.764613,37.804967],[28.765876,37.803748],[28.766109,37.803524],[28.767177,37.802451],[28.768622,37.800882],[28.769598,37.799058],[28.769599,37.799057],[28.769599,37.799057],[28.771312,37.796717],[28.771312,37.796717],[28.77382,37.794718],[28.776028,37.792163],[28.778065,37.790302],[28.778199,37.79018],[28.77862,37.789796],[28.779339,37.789069],[28.780665,37.78773],[28.781074,37.787319],[28.780887,37.785736],[28.780883,37.785706],[28.780883,37.785706],[28.780883,37.785705],[28.780883,37.785704],[28.780883,37.785699],[28.780882,37.785692],[28.780859,37.785673],[28.780838,37.785656],[28.780766,37.785596],[28.780746,37.785578],[28.780726,37.785562],[28.780581,37.78544],[28.780526,37.785395],[28.779626,37.784641],[28.778563,37.783751],[28.778513,37.783709],[28.77761,37.782953],[28.777036,37.782472],[28.77656,37.782073],[28.774103,37.780825],[28.773618,37.780161],[28.773617,37.78016],[28.773612,37.780153],[28.773639,37.780075],[28.773735,37.780007],[28.773884,37.779965],[28.77402,37.779936],[28.774188,37.779969],[28.774319,37.780007],[28.774408,37.78],[28.774486,37.779959],[28.774461,37.77987],[28.774366,37.779732],[28.774144,37.779576],[28.7737,37.779511],[28.773343,37.779456],[28.773175,37.779514],[28.773156,37.77953],[28.77307,37.779597],[28.772981,37.779657],[28.772848,37.779653],[28.772758,37.779573],[28.772803,37.77942],[28.772928,37.779254],[28.772967,37.77905],[28.773094,37.778841],[28.7732,37.778681],[28.773247,37.778646],[28.773336,37.77858],[28.773473,37.778583],[28.773546,37.778572],[28.773506,37.778519],[28.773345,37.778397],[28.773232,37.778322],[28.773208,37.778306],[28.773025,37.7781],[28.772872,37.777962],[28.77269,37.777855],[28.772341,37.777777],[28.77207,37.777753],[28.771823,37.777715],[28.771717,37.777689],[28.771548,37.77767],[28.771293,37.777736],[28.770789,37.777876],[28.770555,37.777885],[28.770435,37.777851],[28.770283,37.777738],[28.770184,37.777607],[28.770156,37.77745],[28.770195,37.777205],[28.77023,37.777004],[28.770301,37.776847],[28.770299,37.776726],[28.770232,37.776595],[28.770156,37.776359],[28.770226,37.77623],[28.770296,37.776118],[28.770315,37.776075],[28.770292,37.776021],[28.77027,37.775983],[28.770201,37.775909],[28.770093,37.775779],[28.770022,37.775694],[28.769711,37.775425],[28.769491,37.775277],[28.769348,37.775206],[28.768883,37.775122],[28.768732,37.775075],[28.768543,37.774997],[28.76824,37.774846],[28.76789,37.774652],[28.767732,37.774568],[28.767625,37.774548],[28.767487,37.774573],[28.767243,37.774664],[28.767001,37.774728],[28.766741,37.774777],[28.766682,37.774788],[28.766488,37.774799],[28.766251,37.77473],[28.765776,37.77455],[28.765714,37.774521],[28.765412,37.774377],[28.765298,37.774328],[28.765137,37.774299],[28.764964,37.77429],[28.764957,37.774288],[28.764826,37.774244],[28.76368,37.773792],[28.763173,37.773716],[28.762778,37.773645],[28.762366,37.773571],[28.761839,37.773505],[28.761503,37.773547],[28.761436,37.773556],[28.761119,37.773497],[28.760678,37.773498],[28.760163,37.773498],[28.759934,37.773528],[28.758547,37.773721],[28.757988,37.773853],[28.757607,37.773772],[28.756666,37.774493],[28.756583,37.774481],[28.755504,37.774133],[28.755392,37.774125],[28.754661,37.774073],[28.754293,37.774047],[28.75366,37.774012],[28.75331,37.773986],[28.752577,37.773978],[28.75195,37.773974],[28.751887,37.773973],[28.748002,37.772655],[28.747455,37.77247],[28.747401,37.772449],[28.746394,37.772051],[28.745573,37.77203],[28.744569,37.771696],[28.744452,37.771348],[28.742766,37.769473],[28.741699,37.769122],[28.741336,37.769003],[28.739699,37.767969],[28.73738,37.767387],[28.737064,37.766893],[28.737004,37.766877],[28.736947,37.766863],[28.736941,37.766856],[28.735726,37.765562],[28.735688,37.765521],[28.734898,37.764302],[28.7348,37.764151],[28.73452,37.763718],[28.733597,37.762294],[28.732641,37.762081],[28.73132,37.761786],[28.730085,37.761511],[28.726446,37.758977],[28.725314,37.757503],[28.724593,37.756563],[28.724592,37.756562],[28.724709,37.755849],[28.724709,37.755847],[28.72443,37.755836],[28.723449,37.755356],[28.723221,37.755193],[28.722949,37.755001],[28.719041,37.753201],[28.718875,37.752947],[28.718525,37.752409],[28.718507,37.752543],[28.718506,37.752544],[28.718416,37.752705],[28.718254,37.752492],[28.717892,37.752366],[28.71741,37.752082],[28.717333,37.752036],[28.717216,37.751852],[28.717101,37.75136],[28.717098,37.751226],[28.717098,37.751223],[28.717209,37.751019],[28.717209,37.751018],[28.71721,37.751016],[28.716462,37.751077],[28.716202,37.750649],[28.7157,37.749823],[28.7157,37.749822],[28.715725,37.749152],[28.715725,37.74915],[28.715144,37.748044],[28.715096,37.747527],[28.715079,37.747168],[28.715076,37.74711],[28.715071,37.746997],[28.715063,37.746821],[28.714148,37.745615],[28.713811,37.745787],[28.713407,37.745921],[28.713178,37.745592],[28.713178,37.745591],[28.713308,37.74498],[28.713308,37.744977],[28.712879,37.74495],[28.712567,37.744707],[28.712326,37.744561],[28.711835,37.744184],[28.711775,37.743675],[28.710433,37.743502],[28.709193,37.742454],[28.709192,37.742453],[28.709244,37.742351],[28.709848,37.741151],[28.710049,37.740944],[28.710286,37.740708],[28.710451,37.740534],[28.710452,37.740532],[28.709452,37.739564],[28.709009,37.739008],[28.708708,37.738778],[28.708459,37.73831],[28.708415,37.7382],[28.7083,37.737919],[28.70768,37.737487],[28.707378,37.737269],[28.707239,37.737169],[28.706778,37.737067],[28.706303,37.737202],[28.705966,37.73711],[28.705689,37.737038],[28.705053,37.736681],[28.704921,37.736609],[28.704759,37.736484],[28.70426,37.736109],[28.703997,37.73542],[28.703617,37.735136],[28.702769,37.734826],[28.702335,37.73455],[28.701918,37.733883],[28.701701,37.733808],[28.700007,37.732884],[28.699727,37.73286],[28.699176,37.732687],[28.69841,37.732122],[28.698101,37.732037],[28.697752,37.731918],[28.696896,37.732194],[28.696818,37.732268],[28.696416,37.732364],[28.696283,37.73237],[28.696123,37.732384],[28.695959,37.73239],[28.695703,37.732048],[28.695636,37.731958],[28.695379,37.731821],[28.695292,37.731508],[28.695249,37.731327],[28.695077,37.731064],[28.69484,37.731001],[28.69461,37.73094],[28.694256,37.730846],[28.693932,37.730646],[28.693635,37.730464],[28.693375,37.729905],[28.693249,37.72963],[28.693249,37.729628],[28.693404,37.72939],[28.693405,37.729388],[28.691471,37.72857],[28.691401,37.728593],[28.691378,37.7286],[28.690997,37.728492],[28.690997,37.728492],[28.690997,37.728284],[28.691041,37.72805],[28.691634,37.727498],[28.691635,37.727497],[28.690906,37.726932],[28.690121,37.726324],[28.689947,37.726282],[28.689486,37.725775],[28.689486,37.725775],[28.689486,37.725681],[28.689596,37.724869],[28.689589,37.724839],[28.689511,37.724777],[28.689455,37.724729],[28.689399,37.724681],[28.689293,37.724581],[28.689159,37.724445],[28.689104,37.724367],[28.689029,37.724293],[28.688778,37.723991],[28.688686,37.723881],[28.688644,37.72383],[28.688507,37.723651],[28.688398,37.723507],[28.688186,37.723238],[28.687922,37.722937],[28.687702,37.722668],[28.687512,37.722506],[28.687447,37.722441],[28.68742,37.722401],[28.687375,37.722339],[28.687326,37.722156],[28.687215,37.722032],[28.687097,37.721906],[28.686749,37.721522],[28.686596,37.72141],[28.686436,37.721318],[28.686156,37.721213],[28.686089,37.721199],[28.686013,37.721184],[28.685909,37.721173],[28.685806,37.721163],[28.685666,37.721167],[28.685585,37.721192],[28.685512,37.721188],[28.6854,37.721155],[28.685315,37.721072],[28.685319,37.721039],[28.685323,37.721018],[28.685323,37.720961],[28.685326,37.720887],[28.6853,37.720838],[28.685102,37.720783],[28.684925,37.720725],[28.684784,37.720658],[28.684697,37.720584],[28.684645,37.720525],[28.684421,37.720341],[28.684383,37.72032],[28.684279,37.720264],[28.68362,37.719909],[28.682247,37.718581],[28.682152,37.718572],[28.681992,37.718542],[28.681894,37.718524],[28.68181,37.718473],[28.681698,37.718384],[28.681548,37.718225],[28.681405,37.718109],[28.68124,37.71799],[28.680981,37.717943],[28.68076,37.717873],[28.68057,37.717807],[28.680456,37.717758],[28.680173,37.717597],[28.680004,37.71745],[28.67998,37.717409],[28.679937,37.717335],[28.679928,37.717192],[28.679892,37.716839],[28.679886,37.71682],[28.679875,37.716789],[28.679832,37.716643],[28.679794,37.716541],[28.679757,37.716472],[28.679687,37.716363],[28.679622,37.716301],[28.679616,37.716295],[28.679539,37.716222],[28.679345,37.716122],[28.679287,37.716102],[28.679277,37.716098],[28.679109,37.716038],[28.679059,37.71602],[28.678764,37.715839],[28.678663,37.715794],[28.678658,37.715792],[28.678499,37.715721],[28.678376,37.715709],[28.678243,37.715719],[28.678147,37.71579],[28.678144,37.715792],[28.67814,37.715795],[28.678048,37.715911],[28.67803,37.715963],[28.678022,37.715989],[28.678015,37.716014],[28.677916,37.716279],[28.677845,37.716485],[28.677763,37.716511],[28.677642,37.716459],[28.677532,37.716436],[28.677519,37.716437],[28.677515,37.716438],[28.677424,37.716448],[28.677376,37.7165],[28.677363,37.716516],[28.677301,37.716589],[28.677294,37.716597],[28.677216,37.716688],[28.677203,37.716723],[28.677193,37.716749],[28.67718,37.716783],[28.677067,37.716834],[28.677052,37.716841],[28.676964,37.71687],[28.676959,37.716872],[28.676924,37.716883],[28.676905,37.716886],[28.676886,37.71689],[28.676832,37.716899],[28.676638,37.716914],[28.676494,37.716917],[28.676469,37.716914],[28.676282,37.716891],[28.67619,37.716864],[28.676124,37.716844],[28.67594,37.716795],[28.675815,37.716791],[28.675713,37.716786],[28.675612,37.716814],[28.675563,37.716861],[28.675489,37.716946],[28.675477,37.71696],[28.675415,37.717035],[28.675405,37.717042],[28.675387,37.717057],[28.675333,37.717097],[28.675269,37.717183],[28.675181,37.717262],[28.675116,37.717266],[28.675003,37.717245],[28.674949,37.717206],[28.674873,37.717145],[28.674722,37.716978],[28.674684,37.716928],[28.674615,37.716821],[28.674564,37.716727],[28.674538,37.716629],[28.674537,37.716627],[28.674476,37.71655],[28.674382,37.716464],[28.674328,37.716419],[28.674226,37.716376],[28.674193,37.716365],[28.674095,37.716332],[28.674051,37.716331],[28.673874,37.716328],[28.673814,37.716335],[28.673755,37.716342],[28.673635,37.716356],[28.673606,37.716337],[28.673579,37.716319],[28.673551,37.716302],[28.673329,37.716131],[28.673223,37.715966],[28.673221,37.715817],[28.673208,37.715662],[28.673169,37.715561],[28.673151,37.715514],[28.673017,37.715434],[28.672812,37.715378],[28.672768,37.715365],[28.672608,37.715321],[28.672593,37.715311],[28.672549,37.71528],[28.672312,37.715113],[28.672089,37.714865],[28.672021,37.714811],[28.671997,37.714802],[28.671931,37.714777],[28.67182,37.714776],[28.671756,37.714805],[28.671561,37.715041],[28.67155,37.715055],[28.671396,37.715186],[28.671266,37.715249],[28.671155,37.715257],[28.671063,37.715226],[28.671006,37.715178],[28.670969,37.715125],[28.670967,37.715123],[28.670963,37.715063],[28.670972,37.714959],[28.670981,37.714872],[28.67098,37.714855],[28.67098,37.714786],[28.670948,37.714683],[28.670943,37.714669],[28.670814,37.714473],[28.670773,37.714446],[28.670728,37.714442],[28.670677,37.714445],[28.67063,37.714461],[28.670556,37.714518],[28.670535,37.714534],[28.670492,37.714567],[28.67031,37.714663],[28.670091,37.714762],[28.670039,37.714771],[28.669943,37.714775],[28.669744,37.714734],[28.669698,37.71472],[28.669624,37.714682],[28.669494,37.714668],[28.669342,37.714669],[28.669214,37.714702],[28.669181,37.714712],[28.669062,37.714749],[28.668956,37.714698],[28.668852,37.714614],[28.668765,37.714546],[28.668729,37.714497],[28.668711,37.714472],[28.668704,37.714462],[28.668612,37.71432],[28.668609,37.714315],[28.66853,37.714207],[28.668446,37.714132],[28.668428,37.714115],[28.668333,37.714058],[28.668208,37.71404],[28.668099,37.714005],[28.668036,37.71396],[28.667962,37.713932],[28.66787,37.713918],[28.66777,37.713926],[28.667746,37.713955],[28.667747,37.714005],[28.667772,37.714046],[28.667783,37.714058],[28.667874,37.714153],[28.667871,37.714208],[28.667805,37.714224],[28.667736,37.714203],[28.667561,37.714125],[28.667382,37.714071],[28.667256,37.714062],[28.667229,37.714049],[28.667167,37.714018],[28.667101,37.713933],[28.666914,37.713767],[28.666672,37.713621],[28.66662,37.71359],[28.666424,37.713505],[28.666365,37.713451],[28.666316,37.713346],[28.666228,37.713218],[28.666037,37.713044],[28.665993,37.712948],[28.665972,37.712903],[28.665916,37.712782],[28.665817,37.712574],[28.665727,37.712507],[28.665684,37.712438],[28.665639,37.712349],[28.665636,37.712338],[28.665628,37.71231],[28.665618,37.712272],[28.665577,37.712206],[28.665501,37.712161],[28.665391,37.712148],[28.665206,37.712192],[28.665119,37.712225],[28.66498,37.712277],[28.664843,37.712249],[28.664709,37.712188],[28.664646,37.712148],[28.664581,37.712102],[28.664564,37.71209],[28.664464,37.712057],[28.664383,37.712068],[28.66422,37.712174],[28.664099,37.712197],[28.663968,37.712185],[28.663809,37.712179],[28.663685,37.712217],[28.6636,37.712245],[28.663581,37.712251],[28.663555,37.71226],[28.663462,37.712307],[28.663412,37.712377],[28.663407,37.712439],[28.663378,37.712533],[28.66336,37.712598],[28.663321,37.712637],[28.66329,37.712669],[28.663234,37.712682],[28.663147,37.712688],[28.663074,37.712685],[28.662954,37.712676],[28.662534,37.712647],[28.662447,37.71262],[28.662351,37.712589],[28.662263,37.712552],[28.662243,37.712544],[28.662208,37.712529],[28.662149,37.712512],[28.662071,37.712489],[28.661989,37.712444],[28.66196,37.71243],[28.66188,37.712392],[28.661668,37.712348],[28.661596,37.712339],[28.661465,37.712307],[28.661334,37.71224],[28.661322,37.712245],[28.66129,37.712258],[28.661224,37.712198],[28.66124,37.712127],[28.661303,37.712079],[28.661327,37.71206],[28.661392,37.712015],[28.661479,37.711949],[28.661544,37.711875],[28.661549,37.71182],[28.661538,37.711758],[28.66148,37.711655],[28.661421,37.711607],[28.661262,37.711573],[28.66118,37.711582],[28.661169,37.711656],[28.661117,37.711718],[28.661028,37.711822],[28.660713,37.712209],[28.660448,37.71248],[28.66031,37.71258],[28.660247,37.712622],[28.660099,37.712652],[28.660086,37.71265],[28.65991,37.712615],[28.659791,37.712528],[28.659724,37.712472],[28.659679,37.712434],[28.659624,37.712388],[28.659528,37.712319],[28.659487,37.712289],[28.658994,37.712047],[28.658626,37.711911],[28.658601,37.711903],[28.658473,37.71186],[28.658008,37.711704],[28.657987,37.711697],[28.657766,37.711664],[28.657633,37.711665],[28.657399,37.711753],[28.657122,37.711928],[28.65656,37.712336],[28.656219,37.712516],[28.656042,37.712596],[28.655924,37.712652],[28.655805,37.712709],[28.655663,37.712773],[28.655523,37.712828],[28.655383,37.712884],[28.655065,37.71301],[28.654935,37.713083],[28.654899,37.713135],[28.654897,37.713234],[28.654984,37.713474],[28.655245,37.71377],[28.655424,37.714094],[28.6555,37.714232],[28.655626,37.71446],[28.655725,37.714656],[28.655751,37.714867],[28.655724,37.714985],[28.655709,37.715051],[28.655686,37.715154],[28.655674,37.715207],[28.655553,37.715408],[28.655546,37.715414],[28.655475,37.715478],[28.65522,37.715532],[28.654937,37.715476],[28.654786,37.715409],[28.654687,37.715366],[28.654447,37.715257],[28.654265,37.715161],[28.654069,37.715083],[28.65386,37.715018],[28.653594,37.714971],[28.65339,37.714944],[28.653248,37.714941],[28.653077,37.714986],[28.652848,37.715014],[28.652695,37.715023],[28.652537,37.715044],[28.65234,37.715095],[28.652153,37.715158],[28.652039,37.715221],[28.651887,37.715406],[28.651787,37.715731],[28.651721,37.715971],[28.651685,37.716124],[28.65163,37.716244],[28.651598,37.716391],[28.65147,37.716678],[28.651331,37.716734],[28.651223,37.716796],[28.651069,37.716936],[28.651014,37.717027],[28.650941,37.717147],[28.650807,37.717251],[28.650648,37.717418],[28.650517,37.717654],[28.650474,37.717933],[28.650442,37.718134],[28.650782,37.718049],[28.65107,37.718015],[28.651218,37.718005],[28.651291,37.718],[28.651754,37.717844],[28.651754,37.717843],[28.651754,37.717843],[28.651757,37.717843],[28.651828,37.717835],[28.651828,37.717835],[28.652015,37.717843],[28.652176,37.71785],[28.652176,37.71785],[28.652178,37.717851],[28.652469,37.718042],[28.652693,37.718189],[28.652914,37.718325],[28.652915,37.718325],[28.653371,37.718255],[28.653371,37.718255],[28.653605,37.718432],[28.653679,37.718489],[28.65374,37.718563],[28.653977,37.718852],[28.654158,37.718954],[28.654687,37.718796],[28.654687,37.718796],[28.655208,37.718808],[28.655208,37.718808],[28.65556,37.719284],[28.655602,37.71934],[28.655602,37.719342],[28.655613,37.719998],[28.655818,37.720149],[28.655857,37.720178],[28.656067,37.720334],[28.656355,37.720467],[28.656604,37.720582],[28.657273,37.720658],[28.657273,37.720658],[28.657467,37.720909],[28.657539,37.721029],[28.65765,37.720914],[28.657974,37.720783],[28.657974,37.720783],[28.658104,37.72087],[28.658141,37.720948],[28.658141,37.720949],[28.658061,37.721132],[28.658061,37.721133],[28.658128,37.721235],[28.658302,37.721319],[28.658493,37.721491],[28.658655,37.72164],[28.65885,37.721817],[28.659256,37.721629],[28.660012,37.722453],[28.660136,37.722588],[28.660962,37.723156],[28.661016,37.723478],[28.661517,37.723864],[28.662087,37.723945],[28.662207,37.723819],[28.662207,37.723819],[28.662764,37.723765],[28.662764,37.723765],[28.663082,37.723973],[28.66345,37.724088],[28.66387,37.72422],[28.66387,37.72422],[28.664566,37.724568],[28.664747,37.72528],[28.664747,37.725281],[28.664647,37.72568],[28.664647,37.72568],[28.664647,37.72568],[28.665556,37.725649],[28.666045,37.725471],[28.666045,37.725471],[28.666405,37.725752],[28.666837,37.725637],[28.666837,37.725637],[28.666874,37.725667],[28.667412,37.726098],[28.667567,37.726176],[28.667673,37.726226],[28.667746,37.726271],[28.66781,37.726387],[28.667855,37.726495],[28.667955,37.726603],[28.668058,37.72671],[28.668316,37.726958],[28.668426,37.727042],[28.668542,37.727075],[28.668715,37.727118],[28.668832,37.72718],[28.669033,37.72732],[28.669272,37.727514],[28.669382,37.727607],[28.669459,37.727694],[28.669505,37.727785],[28.669532,37.727876],[28.669584,37.727961],[28.669691,37.72806],[28.669758,37.728159],[28.669765,37.728302],[28.669678,37.728429],[28.669604,37.728519],[28.669548,37.728577],[28.669527,37.728626],[28.669601,37.728705],[28.669705,37.728852],[28.669745,37.729006],[28.669818,37.729071],[28.670179,37.729266],[28.670419,37.729357],[28.670639,37.729405],[28.670803,37.729463],[28.670884,37.72953],[28.67095,37.729587],[28.671029,37.72974],[28.671064,37.729874],[28.671098,37.729931],[28.671151,37.730038],[28.671194,37.730215],[28.671249,37.730423],[28.671286,37.730466],[28.671389,37.73053],[28.671496,37.730643],[28.671577,37.730722],[28.671659,37.730878],[28.67172,37.731034],[28.671773,37.731148],[28.671743,37.731249],[28.671688,37.731341],[28.671682,37.731392],[28.671735,37.731526],[28.671868,37.731822],[28.672021,37.732103],[28.672048,37.732154],[28.672233,37.732387],[28.672282,37.732448],[28.672291,37.732464],[28.672349,37.732564],[28.672382,37.732733],[28.672428,37.732886],[28.672466,37.732954],[28.672472,37.732969],[28.672474,37.732975],[28.672549,37.732982],[28.672572,37.732984],[28.672658,37.732991],[28.67266,37.732992],[28.672762,37.733001],[28.672762,37.733001],[28.673183,37.733182],[28.67323,37.733203],[28.673269,37.733301],[28.673273,37.733303],[28.67367,37.733517],[28.673867,37.733905],[28.67403,37.734431],[28.67418,37.734935],[28.674839,37.734824],[28.674839,37.734824],[28.675144,37.735026],[28.675288,37.735407],[28.675315,37.73573],[28.675555,37.735907],[28.675913,37.736254],[28.676352,37.736902],[28.676963,37.736827],[28.676963,37.736827],[28.677514,37.737083],[28.677765,37.737201],[28.677765,37.737203],[28.67755,37.73767],[28.677528,37.737716],[28.677521,37.737732],[28.677455,37.737874],[28.677457,37.737874],[28.677986,37.73769],[28.677986,37.73769],[28.678367,37.737706],[28.678367,37.737706],[28.678379,37.738034],[28.678379,37.738034],[28.67823,37.738342],[28.678231,37.738342],[28.678448,37.738407],[28.678679,37.738227],[28.678679,37.738227],[28.679062,37.738351],[28.679062,37.738351],[28.679399,37.739016],[28.679596,37.739603],[28.679979,37.739868],[28.680079,37.740547],[28.680527,37.74037],[28.681332,37.740735],[28.681394,37.74092],[28.681768,37.741117],[28.682214,37.741245],[28.682214,37.741245],[28.682393,37.741584],[28.682648,37.741757],[28.683062,37.741902],[28.683062,37.741902],[28.683353,37.741975],[28.683465,37.742241],[28.683965,37.742665],[28.685327,37.743534],[28.685339,37.743542],[28.685339,37.743542],[28.685436,37.743529],[28.686106,37.743809],[28.686904,37.744087],[28.687771,37.744381],[28.688145,37.744347],[28.688747,37.744498],[28.68888,37.744611],[28.688879,37.744612],[28.688706,37.744726],[28.688707,37.744728],[28.689421,37.745464],[28.690146,37.746008],[28.691566,37.747012],[28.691565,37.747014],[28.691504,37.747468],[28.691497,37.74793],[28.69133,37.748225],[28.691044,37.74853],[28.690918,37.748665],[28.690493,37.749387],[28.690311,37.749825],[28.690292,37.749975],[28.690293,37.749976],[28.690592,37.750343],[28.693022,37.752869],[28.693839,37.753718],[28.694048,37.753935],[28.695107,37.755036],[28.699833,37.759947],[28.700934,37.760949],[28.702072,37.763386],[28.703131,37.765651],[28.70313,37.765651],[28.701476,37.767208],[28.699908,37.768683],[28.698351,37.770148],[28.698352,37.770149],[28.698974,37.770878],[28.699317,37.771653],[28.699555,37.77219],[28.700278,37.77313],[28.70141,37.774951],[28.70173,37.775588],[28.702716,37.77712],[28.704043,37.7776],[28.704043,37.7776],[28.704375,37.777646],[28.704375,37.777646],[28.705086,37.777779],[28.705086,37.777779],[28.705749,37.778444],[28.70661,37.778607],[28.70661,37.778607],[28.707807,37.779185],[28.707807,37.779187],[28.706931,37.781965],[28.706808,37.782355],[28.706808,37.782357],[28.706858,37.782589],[28.706858,37.78259],[28.706467,37.783928],[28.705276,37.788529],[28.705276,37.78853],[28.705642,37.789427],[28.70593,37.790133],[28.706583,37.791732],[28.708041,37.793328],[28.709528,37.793345],[28.709528,37.793345],[28.710272,37.795001],[28.711274,37.795838],[28.712686,37.797017],[28.712764,37.799624],[28.713759,37.799635],[28.714003,37.799637],[28.714003,37.799637],[28.714636,37.802447],[28.714636,37.802447],[28.713077,37.803508],[28.712372,37.803987],[28.712262,37.804062],[28.712335,37.804096],[28.712431,37.804128],[28.712577,37.804177],[28.71267,37.804242],[28.712705,37.804284],[28.712739,37.804324],[28.712797,37.804488],[28.712888,37.804648],[28.712974,37.804784],[28.713005,37.804832],[28.71306,37.804991],[28.71311,37.805141],[28.713156,37.805281],[28.713188,37.805429],[28.713188,37.805429],[28.713236,37.805533],[28.713374,37.805659],[28.713515,37.805821],[28.713535,37.805839],[28.713627,37.805923],[28.713669,37.806011],[28.71367,37.806049],[28.713671,37.806116],[28.713663,37.806148],[28.713637,37.806253],[28.71365,37.806394],[28.713677,37.806619],[28.713622,37.806842],[28.713547,37.807123],[28.713537,37.807176],[28.713512,37.807314],[28.713482,37.807479],[28.713479,37.807629],[28.713465,37.807791],[28.713455,37.807827],[28.713447,37.807856],[28.713441,37.807874],[28.713348,37.807983],[28.713191,37.808133],[28.713102,37.808253],[28.712966,37.808395],[28.712925,37.808441],[28.712885,37.808487],[28.712794,37.808583],[28.712735,37.808646],[28.712727,37.808693],[28.712726,37.808768],[28.712729,37.808801],[28.712734,37.80886],[28.712729,37.80895],[28.71268,37.809027],[28.712676,37.809031],[28.712647,37.809058],[28.712584,37.809091],[28.712514,37.809157],[28.712475,37.809223],[28.712451,37.809298],[28.712438,37.80934],[28.712433,37.809405],[28.712425,37.809502],[28.712404,37.809577],[28.712383,37.809654],[28.712386,37.809758],[28.712404,37.809876],[28.712403,37.810021],[28.712394,37.810141],[28.712417,37.810219],[28.712474,37.810263],[28.712519,37.810281],[28.712613,37.810317],[28.712906,37.810413],[28.712941,37.810496],[28.712959,37.810637],[28.712983,37.810804],[28.713005,37.810897],[28.713011,37.810921],[28.713054,37.81098],[28.713119,37.811025],[28.713239,37.81107],[28.713353,37.811127],[28.713412,37.811204],[28.713445,37.811292],[28.713469,37.811392],[28.713509,37.811458],[28.713548,37.811487],[28.71368,37.811533],[28.71373,37.811541],[28.713985,37.811582],[28.714223,37.811601],[28.714291,37.811622],[28.714364,37.811697],[28.714423,37.811801],[28.714485,37.811915],[28.71455,37.81202],[28.714576,37.812121],[28.714546,37.812251],[28.714492,37.812387],[28.714474,37.81252],[28.714514,37.812589],[28.714537,37.81263],[28.714644,37.812775],[28.714721,37.812971],[28.71478,37.8131],[28.714879,37.813246],[28.714949,37.813437],[28.714972,37.813497],[28.715029,37.81364],[28.71509,37.813714],[28.715179,37.81382],[28.715333,37.814059],[28.715528,37.814189],[28.715591,37.81425],[28.715641,37.814298],[28.715681,37.814392],[28.715708,37.814513],[28.715718,37.814627],[28.71573,37.81472],[28.715794,37.814857],[28.715823,37.814944],[28.715819,37.815005],[28.715762,37.815114],[28.715741,37.815176],[28.715765,37.815248],[28.715845,37.815387],[28.715941,37.815544],[28.716063,37.815733],[28.716174,37.815953],[28.716263,37.816084],[28.716277,37.816105],[28.71636,37.816236],[28.7164,37.816352],[28.716406,37.816443],[28.716444,37.816531],[28.716448,37.816569],[28.716626,37.816637],[28.716662,37.816657],[28.716772,37.816715],[28.716803,37.816737],[28.716847,37.816767],[28.716945,37.816856],[28.716964,37.81687],[28.717069,37.816952],[28.717169,37.817022],[28.717361,37.817094],[28.717546,37.817112],[28.717586,37.817116],[28.717721,37.817144],[28.7179,37.817171],[28.718117,37.817207],[28.718294,37.817227],[28.718306,37.817228],[28.718392,37.817228],[28.718507,37.817215],[28.718634,37.817252],[28.718672,37.81726],[28.718774,37.817281],[28.718866,37.8173],[28.719019,37.817297],[28.719056,37.817297],[28.71916,37.817312],[28.719222,37.817342],[28.719311,37.817373],[28.719468,37.817369],[28.719485,37.817368],[28.719565,37.817362],[28.719637,37.817339],[28.719642,37.817336],[28.719706,37.817303],[28.71976,37.817275],[28.719813,37.817264],[28.719856,37.817269],[28.719916,37.817295],[28.719975,37.817332],[28.720047,37.817397],[28.720102,37.817415],[28.72015,37.817395],[28.720162,37.817386],[28.720183,37.81737],[28.720229,37.817314],[28.720294,37.817306],[28.720367,37.817329],[28.720482,37.817391],[28.720571,37.817426],[28.720657,37.817419],[28.720731,37.817368],[28.72079,37.817285],[28.720843,37.817254],[28.720914,37.817254],[28.720971,37.817253],[28.721109,37.81725],[28.721254,37.817229],[28.721339,37.81722],[28.721467,37.817185],[28.721477,37.817183],[28.7216,37.817155],[28.721734,37.817121],[28.72184,37.817043],[28.721918,37.816996],[28.722043,37.816989],[28.722103,37.816987],[28.722145,37.816967],[28.722202,37.816939],[28.722313,37.816885],[28.722467,37.816841],[28.722515,37.81683],[28.722593,37.816813],[28.722735,37.816801],[28.722832,37.816779],[28.722944,37.816733],[28.72304,37.816687],[28.723046,37.816687],[28.723136,37.816686],[28.723229,37.81672],[28.723302,37.81674],[28.72334,37.816736],[28.723398,37.816695],[28.723446,37.816628],[28.723515,37.816568],[28.723623,37.816525],[28.723782,37.816451],[28.723789,37.816449],[28.724105,37.816383],[28.7242,37.816354],[28.724302,37.816315],[28.724417,37.816286],[28.724476,37.816269],[28.724537,37.816246],[28.724648,37.816197],[28.724716,37.816183],[28.724734,37.816188],[28.724763,37.816198],[28.724851,37.816229],[28.724936,37.816232],[28.725007,37.816219],[28.725087,37.816194],[28.725169,37.816177],[28.725237,37.816182],[28.72534,37.816201],[28.725433,37.816229],[28.725482,37.816251],[28.725545,37.816279],[28.725655,37.816308],[28.725734,37.816357],[28.72582,37.816377],[28.725892,37.816368],[28.726058,37.816336],[28.726178,37.816323],[28.726227,37.816325],[28.726349,37.816353],[28.726365,37.81636],[28.726447,37.816397],[28.72655,37.816411],[28.726756,37.816419],[28.726915,37.816435],[28.727019,37.816428],[28.727121,37.816387],[28.727181,37.816348],[28.72722,37.816331],[28.727246,37.81633],[28.727318,37.816375],[28.727427,37.816421],[28.727438,37.816424],[28.727608,37.816484],[28.727609,37.816484],[28.727708,37.816528],[28.727805,37.816556],[28.727835,37.816565],[28.727918,37.816565],[28.728035,37.81654],[28.728125,37.81654],[28.728137,37.816545],[28.728175,37.816562],[28.728267,37.816645],[28.728294,37.816689],[28.728853,37.816733],[28.730504,37.816533],[28.730504,37.816533],[28.731694,37.816745],[28.732195,37.816688],[28.732335,37.816441],[28.732343,37.816444],[28.732344,37.816444],[28.732636,37.816542],[28.733562,37.816536],[28.733984,37.816665],[28.734577,37.816839],[28.734869,37.817041],[28.735852,37.817093],[28.736525,37.817029],[28.736752,37.817007],[28.737765,37.81691],[28.737767,37.81691],[28.737411,37.816529],[28.73741,37.816528],[28.738107,37.815997],[28.738281,37.815864],[28.73832,37.815835],[28.73832,37.815835],[28.738258,37.815019],[28.738117,37.814482],[28.738117,37.81448],[28.738495,37.814193],[28.756919,37.821867]]]}},{"type":"Feature","properties":{"id":"TR-Y-09-008-M-0005","level":"yerlesim","type":"mahalle","parent_id":"TR-D-09-008","province_id":"TR-P-09","district_id":"TR-D-09-008","name":"Bahçeköy","source_raw_name":"Bahçeköy","source":"Kullanıcı tarafından sağlanan KML","source_label":"Kullanıcı tarafından sağlanan KML","source_name":"Aydin Mahalle KML - kullanici tarafindan saglandi"},"geometry":{"type":"Polygon","coordinates":[[[28.542845,37.845965],[28.543464,37.845314],[28.543771,37.845448],[28.543955,37.844762],[28.543995,37.844612],[28.544118,37.844155],[28.543538,37.843976],[28.543679,37.843475],[28.543717,37.843028],[28.543867,37.842625],[28.543895,37.842557],[28.543948,37.841212],[28.544751,37.841094],[28.544999,37.840756],[28.545034,37.840709],[28.545439,37.840155],[28.545531,37.84003],[28.545562,37.839943],[28.545589,37.839867],[28.546207,37.839926],[28.54641,37.839949],[28.546494,37.839959],[28.546526,37.839903],[28.546572,37.839822],[28.546586,37.839798],[28.546637,37.83971],[28.54746,37.839796],[28.547562,37.839806],[28.547813,37.839221],[28.547997,37.839096],[28.548035,37.839085],[28.548368,37.839084],[28.548598,37.83911],[28.548685,37.838997],[28.548895,37.83843],[28.549345,37.838367],[28.549397,37.838057],[28.54963,37.837837],[28.549665,37.837777],[28.549815,37.837519],[28.549824,37.837491],[28.549881,37.837461],[28.550105,37.837412],[28.550432,37.837272],[28.550429,37.836944],[28.550442,37.836962],[28.550551,37.837012],[28.550706,37.836987],[28.550741,37.836975],[28.55084,37.836962],[28.551053,37.836908],[28.55115,37.836918],[28.551255,37.836958],[28.551353,37.836769],[28.551079,37.836508],[28.550923,37.836234],[28.550902,37.836197],[28.550924,37.836189],[28.550941,37.836182],[28.551005,37.836146],[28.551449,37.835893],[28.55158,37.835744],[28.551586,37.835694],[28.551533,37.835383],[28.551401,37.835196],[28.552042,37.834982],[28.552404,37.834884],[28.551913,37.834667],[28.552076,37.834526],[28.552218,37.834483],[28.552294,37.83446],[28.552305,37.834388],[28.552409,37.834341],[28.552472,37.834083],[28.55281,37.833979],[28.553132,37.83375],[28.553319,37.833714],[28.553435,37.833668],[28.553481,37.833671],[28.553526,37.833632],[28.553605,37.8336],[28.553746,37.833447],[28.553801,37.833388],[28.553826,37.833347],[28.553837,37.833336],[28.554155,37.832911],[28.554184,37.832872],[28.554222,37.832822],[28.554213,37.832793],[28.554285,37.832827],[28.554482,37.832921],[28.554693,37.832767],[28.55501,37.832535],[28.555024,37.832523],[28.555073,37.832485],[28.555079,37.832437],[28.555086,37.832378],[28.555092,37.832331],[28.555006,37.832276],[28.554652,37.83204],[28.554576,37.831947],[28.5545,37.831766],[28.554492,37.831594],[28.554552,37.831185],[28.554928,37.830962],[28.554994,37.830924],[28.555356,37.830349],[28.555453,37.829854],[28.555531,37.829665],[28.555544,37.829635],[28.555551,37.829619],[28.555831,37.829035],[28.557121,37.829351],[28.557256,37.829174],[28.557601,37.829212],[28.558654,37.829825],[28.558866,37.82958],[28.557603,37.828405],[28.557246,37.827187],[28.556992,37.82716],[28.55696,37.827098],[28.556931,37.827043],[28.556824,37.826541],[28.556822,37.826534],[28.556712,37.826486],[28.556376,37.82634],[28.556415,37.826258],[28.556448,37.826228],[28.556478,37.826201],[28.556544,37.826142],[28.556419,37.826088],[28.556427,37.826077],[28.556438,37.826062],[28.55677,37.825942],[28.556837,37.825873],[28.556834,37.825831],[28.556828,37.825737],[28.556838,37.825337],[28.55685,37.825026],[28.556863,37.824845],[28.556873,37.824712],[28.556995,37.824515],[28.55694,37.824401],[28.556926,37.824376],[28.556908,37.824308],[28.556811,37.82389],[28.556643,37.823678],[28.556435,37.823432],[28.556435,37.823403],[28.556534,37.823152],[28.556532,37.822717],[28.556317,37.822424],[28.556216,37.822431],[28.556056,37.822442],[28.556113,37.822384],[28.556113,37.822383],[28.556008,37.821853],[28.555766,37.820821],[28.556064,37.820692],[28.556264,37.820604],[28.556452,37.820526],[28.556646,37.820445],[28.556829,37.820316],[28.557076,37.820221],[28.557036,37.820132],[28.556917,37.819989],[28.556908,37.819977],[28.556653,37.819922],[28.556427,37.819845],[28.556021,37.819774],[28.556013,37.819723],[28.556108,37.819544],[28.556087,37.819345],[28.556016,37.819152],[28.556015,37.818856],[28.556235,37.818272],[28.556501,37.818296],[28.556404,37.818278],[28.556201,37.818241],[28.554852,37.818187],[28.554834,37.818187],[28.554807,37.818186],[28.5545,37.81818],[28.55433,37.818149],[28.553993,37.818087],[28.553968,37.818098],[28.553662,37.818235],[28.552641,37.818288],[28.552164,37.818257],[28.551914,37.818241],[28.551534,37.818227],[28.551277,37.818392],[28.551228,37.818405],[28.551157,37.818419],[28.550865,37.818477],[28.550186,37.818637],[28.550166,37.818599],[28.549451,37.818315],[28.549342,37.818315],[28.549013,37.818315],[28.547947,37.818553],[28.546816,37.81825],[28.546811,37.818214],[28.546894,37.818121],[28.547524,37.818149],[28.547892,37.81803],[28.547992,37.817369],[28.547702,37.817334],[28.546957,37.816795],[28.546003,37.816812],[28.545533,37.81682],[28.545209,37.81641],[28.545163,37.816353],[28.544876,37.815991],[28.544709,37.815953],[28.544684,37.815947],[28.544512,37.815907],[28.540896,37.815068],[28.539987,37.814857],[28.537302,37.813665],[28.536511,37.813314],[28.534232,37.813888],[28.531618,37.81338],[28.529814,37.813029],[28.528366,37.812748],[28.527227,37.812578],[28.525725,37.812353],[28.52461,37.812688],[28.522337,37.81337],[28.518491,37.812597],[28.517719,37.812442],[28.513821,37.811532],[28.512609,37.811249],[28.509759,37.810912],[28.508072,37.810359],[28.506295,37.809776],[28.502934,37.807828],[28.498087,37.808188],[28.496508,37.808101],[28.494319,37.805362],[28.491044,37.803949],[28.488899,37.80089],[28.488492,37.800309],[28.484306,37.799389],[28.482345,37.798959],[28.48214,37.798913],[28.480604,37.798576],[28.480438,37.798539],[28.478099,37.799653],[28.470596,37.803226],[28.460662,37.805854],[28.4606,37.806139],[28.459977,37.807387],[28.459421,37.808132],[28.454544,37.810725],[28.452984,37.811469],[28.452368,37.811905],[28.451191,37.812587],[28.449904,37.813128],[28.449264,37.813574],[28.447557,37.814796],[28.44586,37.815895],[28.444652,37.816186],[28.443721,37.816317],[28.4458,37.824121],[28.446103,37.824994],[28.448065,37.824016],[28.451981,37.823751],[28.452149,37.82377],[28.452278,37.82375],[28.452504,37.823765],[28.452649,37.823766],[28.45277,37.823737],[28.452923,37.823719],[28.452969,37.823728],[28.453123,37.823795],[28.453292,37.823792],[28.453384,37.823746],[28.453445,37.823724],[28.453724,37.823708],[28.453828,37.823663],[28.453891,37.823622],[28.453963,37.823574],[28.453991,37.823435],[28.453983,37.823276],[28.453991,37.823029],[28.454029,37.822835],[28.454066,37.822748],[28.454146,37.822565],[28.45418,37.822553],[28.454214,37.822541],[28.454282,37.822591],[28.454387,37.822756],[28.454449,37.822935],[28.454493,37.823031],[28.454625,37.823117],[28.454817,37.823182],[28.454995,37.823256],[28.455021,37.823278],[28.455031,37.823287],[28.455051,37.823339],[28.455011,37.823526],[28.455003,37.823546],[28.45498,37.823608],[28.455016,37.823691],[28.455046,37.82376],[28.455112,37.823825],[28.455253,37.823867],[28.455345,37.823844],[28.455541,37.823697],[28.455773,37.823523],[28.455827,37.82349],[28.455906,37.823443],[28.455956,37.823444],[28.455976,37.823445],[28.455996,37.82346],[28.455993,37.823479],[28.455984,37.823549],[28.455976,37.823753],[28.456022,37.823851],[28.456134,37.823889],[28.456238,37.82385],[28.456314,37.823887],[28.456501,37.823828],[28.456702,37.823795],[28.456825,37.823752],[28.456881,37.823732],[28.456899,37.823739],[28.456964,37.823765],[28.457049,37.823855],[28.457115,37.823878],[28.457224,37.823871],[28.457357,37.823813],[28.457398,37.823732],[28.457439,37.823692],[28.45745,37.82369],[28.457497,37.823682],[28.45758,37.823704],[28.457674,37.823718],[28.457793,37.823684],[28.457913,37.823626],[28.457953,37.823607],[28.458071,37.823529],[28.458182,37.823444],[28.458313,37.82337],[28.458346,37.82332],[28.458387,37.823257],[28.458447,37.823187],[28.458495,37.823227],[28.458504,37.823198],[28.458527,37.823174],[28.45854,37.823179],[28.458567,37.823225],[28.458589,37.823303],[28.458626,37.823433],[28.458761,37.823718],[28.458843,37.823731],[28.458933,37.823738],[28.459163,37.823649],[28.459366,37.823573],[28.459526,37.823512],[28.45971,37.823487],[28.459863,37.823471],[28.459984,37.823472],[28.460104,37.823518],[28.460138,37.8236],[28.460183,37.823775],[28.460242,37.823837],[28.460376,37.823925],[28.460765,37.824062],[28.461144,37.824214],[28.461397,37.824284],[28.461489,37.824303],[28.461511,37.824274],[28.461511,37.824236],[28.461514,37.82406],[28.461522,37.823764],[28.461545,37.823692],[28.461558,37.823654],[28.461618,37.823577],[28.461705,37.823554],[28.461883,37.823584],[28.462055,37.823612],[28.462174,37.823602],[28.462225,37.823567],[28.462304,37.823486],[28.462355,37.823447],[28.462471,37.823408],[28.462595,37.823398],[28.462762,37.823391],[28.462859,37.823352],[28.463009,37.823261],[28.463173,37.823113],[28.463255,37.822999],[28.463418,37.822657],[28.46345,37.822634],[28.463494,37.822648],[28.463497,37.822649],[28.46351,37.822653],[28.46375,37.822891],[28.463875,37.823007],[28.463886,37.823018],[28.463952,37.823214],[28.464025,37.823385],[28.464113,37.82356],[28.464075,37.823756],[28.46414,37.82387],[28.464245,37.823934],[28.464294,37.823985],[28.464302,37.824151],[28.46427,37.824352],[28.464264,37.82439],[28.464293,37.824591],[28.464313,37.824677],[28.464382,37.824718],[28.464487,37.82474],[28.464527,37.824724],[28.464647,37.824571],[28.464753,37.824469],[28.464795,37.82443],[28.464935,37.824356],[28.465079,37.824209],[28.46513,37.823985],[28.46519,37.82388],[28.465207,37.823878],[28.465243,37.823876],[28.465428,37.823975],[28.465566,37.824194],[28.465631,37.824384],[28.465604,37.82454],[28.465566,37.824666],[28.465565,37.824673],[28.465629,37.824743],[28.465701,37.824781],[28.465714,37.824787],[28.465843,37.824934],[28.46594,37.825191],[28.466007,37.825231],[28.466187,37.825372],[28.466291,37.825427],[28.46641,37.825457],[28.466525,37.825494],[28.466622,37.825506],[28.466729,37.825499],[28.46687,37.825458],[28.467045,37.825414],[28.46721,37.825396],[28.467369,37.825379],[28.467516,37.825384],[28.467546,37.825394],[28.467586,37.825407],[28.46767,37.825455],[28.467767,37.825529],[28.467852,37.825568],[28.467947,37.825566],[28.468108,37.825546],[28.468227,37.825527],[28.468235,37.825526],[28.468344,37.825496],[28.468439,37.825463],[28.468521,37.825418],[28.468609,37.825378],[28.468649,37.825363],[28.468697,37.825363],[28.468804,37.825426],[28.468981,37.825509],[28.469139,37.825573],[28.469218,37.825599],[28.469343,37.82563],[28.469425,37.825634],[28.469609,37.82564],[28.469801,37.825619],[28.469922,37.825616],[28.469997,37.825607],[28.470118,37.825558],[28.470189,37.825515],[28.470244,37.825479],[28.470288,37.825457],[28.470356,37.825454],[28.470359,37.825455],[28.470417,37.825487],[28.470466,37.825568],[28.470499,37.8257],[28.470517,37.82584],[28.470505,37.825923],[28.470467,37.826019],[28.470431,37.826128],[28.470419,37.826194],[28.470447,37.826251],[28.470503,37.826312],[28.470555,37.826342],[28.470643,37.826374],[28.470729,37.826379],[28.470832,37.826362],[28.470965,37.826343],[28.47109,37.826348],[28.471208,37.826363],[28.471407,37.826387],[28.471605,37.826398],[28.471749,37.826447],[28.471899,37.826492],[28.472065,37.826525],[28.472206,37.826562],[28.472361,37.826612],[28.472425,37.826629],[28.472425,37.826629],[28.472457,37.826637],[28.472598,37.826728],[28.472681,37.826762],[28.472786,37.826787],[28.472895,37.826803],[28.4731,37.826813],[28.473238,37.82683],[28.473287,37.826836],[28.473465,37.826871],[28.47359,37.82689],[28.473705,37.826909],[28.473758,37.82693],[28.473798,37.826991],[28.47386,37.827063],[28.473938,37.82712],[28.473999,37.827142],[28.474077,37.827159],[28.474193,37.827164],[28.47421,37.827164],[28.4743,37.827167],[28.474437,37.827187],[28.474578,37.827214],[28.474676,37.827237],[28.474765,37.827266],[28.474815,37.827292],[28.474873,37.827372],[28.47493,37.827406],[28.474955,37.827413],[28.475041,37.827422],[28.475134,37.827395],[28.475305,37.827308],[28.475462,37.827233],[28.475492,37.827235],[28.475561,37.82725],[28.475607,37.827281],[28.475633,37.827316],[28.475657,37.827349],[28.475711,37.827458],[28.475764,37.827508],[28.475857,37.827557],[28.47595,37.827598],[28.476055,37.827645],[28.476227,37.827723],[28.476453,37.827866],[28.476609,37.827975],[28.476739,37.828039],[28.47683,37.828076],[28.476941,37.828109],[28.477068,37.828147],[28.477225,37.828161],[28.477393,37.828166],[28.477617,37.828156],[28.477748,37.828154],[28.477856,37.828212],[28.477976,37.828297],[28.478052,37.82836],[28.478076,37.828408],[28.478077,37.828532],[28.478096,37.828637],[28.478137,37.828717],[28.478211,37.828829],[28.478233,37.82893],[28.478246,37.82908],[28.478271,37.82919],[28.478477,37.829431],[28.478569,37.829456],[28.478631,37.829475],[28.478848,37.829537],[28.479055,37.829642],[28.479201,37.829699],[28.479306,37.829721],[28.479352,37.82973],[28.479427,37.829737],[28.479487,37.829711],[28.479514,37.829648],[28.479509,37.829541],[28.479495,37.829398],[28.479512,37.829333],[28.479574,37.829275],[28.479661,37.829242],[28.479739,37.829237],[28.479755,37.829246],[28.479805,37.829276],[28.479907,37.829389],[28.480054,37.829535],[28.480128,37.829669],[28.480168,37.829829],[28.480191,37.829985],[28.480181,37.830096],[28.480154,37.830205],[28.480152,37.830273],[28.480211,37.830349],[28.480333,37.830417],[28.480391,37.830425],[28.480544,37.830441],[28.480662,37.83041],[28.480957,37.830271],[28.48107,37.830229],[28.481143,37.830222],[28.481159,37.83025],[28.481182,37.83029],[28.481144,37.830353],[28.480965,37.83055],[28.480906,37.830675],[28.480903,37.830753],[28.480933,37.830846],[28.481007,37.830974],[28.481129,37.831108],[28.481269,37.831202],[28.481455,37.831402],[28.481537,37.831521],[28.481557,37.831603],[28.481687,37.831741],[28.481831,37.831977],[28.481985,37.832099],[28.482111,37.832148],[28.482203,37.832226],[28.482279,37.832336],[28.482395,37.832416],[28.482549,37.832484],[28.482605,37.832532],[28.482711,37.832662],[28.482757,37.832717],[28.482819,37.832744],[28.482899,37.832757],[28.48298,37.832735],[28.483306,37.832584],[28.483549,37.832479],[28.483654,37.832455],[28.483721,37.832436],[28.483752,37.832468],[28.483761,37.832478],[28.483769,37.832501],[28.483727,37.832608],[28.483685,37.832734],[28.483694,37.832802],[28.483813,37.832878],[28.483872,37.83295],[28.483889,37.832999],[28.483866,37.833139],[28.483858,37.833252],[28.483872,37.833329],[28.483935,37.833398],[28.483994,37.833432],[28.48412,37.833478],[28.48423,37.83348],[28.484343,37.833448],[28.484478,37.833306],[28.484593,37.833208],[28.484767,37.833118],[28.484844,37.833096],[28.485008,37.833121],[28.485159,37.833129],[28.485322,37.833126],[28.485461,37.833065],[28.485635,37.833018],[28.48578,37.833028],[28.485971,37.833008],[28.486161,37.832973],[28.486233,37.83297],[28.486314,37.832991],[28.486459,37.833063],[28.48661,37.833139],[28.486753,37.833189],[28.486873,37.833178],[28.487031,37.833113],[28.487341,37.832969],[28.487643,37.832865],[28.48789,37.832783],[28.488144,37.832776],[28.488311,37.832762],[28.488412,37.832743],[28.488573,37.832682],[28.48872,37.832594],[28.488808,37.832594],[28.488849,37.832621],[28.488951,37.832699],[28.489106,37.832858],[28.489385,37.832959],[28.489625,37.833022],[28.489801,37.832966],[28.489996,37.832867],[28.490095,37.832832],[28.490221,37.832832],[28.490283,37.832846],[28.49038,37.832901],[28.490545,37.833068],[28.490697,37.833242],[28.490783,37.833278],[28.490936,37.833294],[28.491118,37.833272],[28.491413,37.83326],[28.491548,37.833293],[28.491626,37.833312],[28.491758,37.833381],[28.491907,37.833555],[28.492064,37.833782],[28.492334,37.833985],[28.492603,37.834152],[28.49283,37.834323],[28.492962,37.834442],[28.493012,37.834586],[28.493163,37.834672],[28.493502,37.83479],[28.493921,37.834945],[28.493994,37.834966],[28.494201,37.834976],[28.494298,37.835003],[28.494451,37.835115],[28.494732,37.835348],[28.494967,37.835557],[28.495165,37.835737],[28.49522,37.835787],[28.495348,37.835902],[28.495515,37.836006],[28.495599,37.836026],[28.495738,37.83603],[28.495912,37.835963],[28.496022,37.835899],[28.496148,37.835877],[28.496148,37.835877],[28.496208,37.835879],[28.496279,37.835881],[28.496488,37.835941],[28.496784,37.835982],[28.4969,37.836007],[28.496989,37.836075],[28.497025,37.836181],[28.497179,37.836365],[28.497341,37.836473],[28.497551,37.836585],[28.497756,37.836669],[28.498092,37.836757],[28.498382,37.83677],[28.498513,37.836782],[28.498624,37.836863],[28.498738,37.837009],[28.498813,37.837053],[28.498937,37.837093],[28.499398,37.837116],[28.499642,37.837089],[28.499955,37.837022],[28.499999,37.837019],[28.5,37.837019],[28.500116,37.83701],[28.500181,37.837009],[28.500382,37.837003],[28.500551,37.837002],[28.500639,37.836987],[28.500727,37.836934],[28.500807,37.836886],[28.500911,37.836834],[28.500962,37.836827],[28.500973,37.836825],[28.501048,37.836861],[28.501124,37.836946],[28.501214,37.837128],[28.50127,37.837171],[28.50132,37.837187],[28.501393,37.837193],[28.50155,37.837218],[28.501595,37.837244],[28.501615,37.837264],[28.501647,37.837294],[28.501702,37.837352],[28.501752,37.837398],[28.501816,37.83744],[28.501902,37.837477],[28.50197,37.837491],[28.502039,37.837487],[28.50211,37.837468],[28.502176,37.83743],[28.502264,37.837368],[28.50233,37.837333],[28.502399,37.837326],[28.502461,37.837345],[28.502578,37.837389],[28.502605,37.837399],[28.502663,37.837448],[28.502689,37.837495],[28.502769,37.837804],[28.502792,37.837906],[28.502837,37.838075],[28.502858,37.838128],[28.502893,37.83816],[28.502961,37.8382],[28.503215,37.838304],[28.50326,37.83832],[28.503277,37.838326],[28.503381,37.838359],[28.503525,37.838244],[28.503568,37.838225],[28.503614,37.838222],[28.50368,37.83823],[28.503738,37.838236],[28.503787,37.838225],[28.503831,37.838195],[28.503932,37.838068],[28.503981,37.838044],[28.504049,37.838029],[28.50411,37.838019],[28.504178,37.837982],[28.5043,37.837929],[28.50437,37.837908],[28.504448,37.837898],[28.504561,37.837852],[28.504607,37.837826],[28.504656,37.837796],[28.504703,37.837775],[28.504725,37.837769],[28.504759,37.837759],[28.504829,37.837753],[28.504897,37.837749],[28.504947,37.837734],[28.504986,37.837698],[28.505009,37.837677],[28.505027,37.83764],[28.505027,37.837602],[28.505007,37.837465],[28.504992,37.837396],[28.504986,37.837345],[28.504987,37.837297],[28.504995,37.837241],[28.505012,37.83718],[28.50503,37.83714],[28.505049,37.837109],[28.505085,37.837082],[28.505131,37.837078],[28.505181,37.837096],[28.505233,37.837137],[28.505281,37.837162],[28.505335,37.837181],[28.505394,37.837205],[28.505452,37.837224],[28.505502,37.837255],[28.505572,37.837283],[28.50563,37.837305],[28.505651,37.837307],[28.505739,37.837303],[28.505857,37.837265],[28.50589,37.837244],[28.505924,37.837222],[28.506093,37.837087],[28.506141,37.837056],[28.506214,37.837021],[28.506272,37.836996],[28.506318,37.836976],[28.506413,37.836941],[28.50648,37.836912],[28.50654,37.836873],[28.506646,37.836794],[28.506724,37.836736],[28.508446,37.837884],[28.509093,37.837849],[28.509358,37.837834],[28.510522,37.83777],[28.510923,37.837748],[28.511404,37.837722],[28.512943,37.839633],[28.513627,37.840265],[28.513991,37.840601],[28.514171,37.840767],[28.514251,37.840788],[28.514339,37.84081],[28.514732,37.84091],[28.515629,37.841139],[28.516311,37.840982],[28.517483,37.840711],[28.517734,37.840653],[28.517844,37.840628],[28.517895,37.840616],[28.518151,37.840557],[28.519032,37.840354],[28.52133,37.84089],[28.522048,37.84111],[28.522292,37.841184],[28.523237,37.841473],[28.524385,37.841768],[28.526198,37.842234],[28.528314,37.842889],[28.528376,37.842908],[28.529996,37.843152],[28.530208,37.843208],[28.530536,37.843238],[28.530577,37.843239],[28.531521,37.843381],[28.533001,37.844902],[28.533013,37.844915],[28.533469,37.845383],[28.533484,37.845412],[28.53378,37.845946],[28.534206,37.846346],[28.534658,37.846244],[28.535432,37.846411],[28.535635,37.846146],[28.535997,37.845774],[28.540455,37.847121],[28.540648,37.847179],[28.541243,37.84685],[28.542845,37.845965]]]}},{"type":"Feature","properties":{"id":"TR-Y-09-008-M-0006","level":"yerlesim","type":"mahalle","parent_id":"TR-D-09-008","province_id":"TR-P-09","district_id":"TR-D-09-008","name":"Bereketli","source_raw_name":"Bereketli","source":"Kullanıcı tarafından sağlanan KML","source_label":"Kullanıcı tarafından sağlanan KML","source_name":"Aydin Mahalle KML - kullanici tarafindan saglandi"},"geometry":{"type":"Polygon","coordinates":[[[28.602302,37.758669],[28.602402,37.758489],[28.602427,37.758406],[28.602739,37.758322],[28.602875,37.758285],[28.603072,37.758186],[28.603338,37.757939],[28.603475,37.757865],[28.603677,37.757654],[28.603798,37.757499],[28.604063,37.757316],[28.603991,37.757119],[28.60402,37.756991],[28.604136,37.75677],[28.604231,37.756453],[28.604207,37.755984],[28.604194,37.755959],[28.604181,37.755932],[28.604184,37.755511],[28.6045,37.755114],[28.604996,37.754579],[28.605338,37.754379],[28.606107,37.754075],[28.606275,37.754029],[28.606398,37.75369],[28.606457,37.753646],[28.606541,37.753667],[28.606977,37.753909],[28.607971,37.753744],[28.607324,37.752986],[28.60769,37.751248],[28.608507,37.751597],[28.609434,37.751992],[28.609944,37.752209],[28.611507,37.753542],[28.611412,37.753597],[28.611237,37.753685],[28.611359,37.753764],[28.611286,37.75381],[28.611188,37.753807],[28.611152,37.753805],[28.611102,37.753911],[28.611079,37.754025],[28.611237,37.754284],[28.611669,37.754483],[28.611971,37.754653],[28.612934,37.755139],[28.613221,37.755804],[28.613302,37.755991],[28.613627,37.756256],[28.613784,37.756328],[28.613939,37.756399],[28.614051,37.75645],[28.613966,37.756959],[28.613952,37.75763],[28.614269,37.757977],[28.614823,37.757578],[28.614959,37.757313],[28.615661,37.756656],[28.61596,37.756661],[28.616054,37.756682],[28.616362,37.75675],[28.616655,37.756963],[28.61676,37.757236],[28.616636,37.757818],[28.616243,37.758006],[28.616598,37.75812],[28.616976,37.758088],[28.617156,37.758081],[28.617554,37.757963],[28.61846,37.757694],[28.618012,37.757038],[28.618008,37.757032],[28.61799,37.757005],[28.618069,37.75671],[28.618031,37.756496],[28.617519,37.756092],[28.617619,37.7557],[28.617278,37.75554],[28.617214,37.754982],[28.61765,37.754808],[28.61786,37.75458],[28.618148,37.754258],[28.618527,37.75398],[28.618246,37.753423],[28.618145,37.753415],[28.617617,37.753049],[28.617969,37.752192],[28.617922,37.752029],[28.617791,37.751804],[28.617882,37.751557],[28.617948,37.751278],[28.618151,37.750912],[28.617924,37.750818],[28.61783,37.75078],[28.617847,37.750394],[28.61798,37.750232],[28.617941,37.750115],[28.617925,37.749852],[28.617987,37.749755],[28.618047,37.749661],[28.617548,37.749024],[28.617225,37.748916],[28.617054,37.748803],[28.616996,37.74867],[28.616895,37.748449],[28.616709,37.748336],[28.616355,37.748271],[28.615868,37.747669],[28.615824,37.7473],[28.615808,37.746983],[28.615799,37.746813],[28.615789,37.746622],[28.615961,37.745995],[28.615525,37.745686],[28.614873,37.744596],[28.614695,37.744368],[28.614553,37.744222],[28.614272,37.744022],[28.614254,37.743988],[28.614238,37.743969],[28.614116,37.743829],[28.61402,37.743587],[28.613688,37.743445],[28.613344,37.743315],[28.613296,37.743265],[28.613162,37.74293],[28.612528,37.742808],[28.612285,37.742581],[28.61187,37.742554],[28.61199,37.742127],[28.611811,37.741982],[28.611679,37.741812],[28.611498,37.741665],[28.611182,37.741262],[28.611097,37.741218],[28.611097,37.741053],[28.610586,37.740822],[28.610374,37.740555],[28.610093,37.740383],[28.609839,37.740064],[28.61002,37.739705],[28.609544,37.739563],[28.609474,37.739433],[28.609544,37.739016],[28.609222,37.738799],[28.609156,37.738703],[28.60927,37.738601],[28.609243,37.738342],[28.608989,37.738105],[28.609014,37.737884],[28.608976,37.737849],[28.608989,37.737776],[28.609029,37.737719],[28.609049,37.737572],[28.608902,37.737428],[28.608757,37.737148],[28.608651,37.737062],[28.608328,37.736933],[28.608085,37.736825],[28.607828,37.736805],[28.607643,37.736759],[28.607177,37.736509],[28.606918,37.736346],[28.606654,37.736265],[28.606505,37.73618],[28.606441,37.736114],[28.606349,37.73602],[28.606062,37.735916],[28.605711,37.735776],[28.605645,37.735749],[28.605371,37.735706],[28.60509,37.73549],[28.604929,37.735427],[28.604729,37.735336],[28.604641,37.735178],[28.604753,37.734928],[28.604677,37.734776],[28.604636,37.734744],[28.604466,37.734387],[28.604527,37.734266],[28.604372,37.73411],[28.604244,37.733967],[28.60424,37.733966],[28.604239,37.733962],[28.604182,37.733812],[28.604043,37.733743],[28.60387,37.733551],[28.603565,37.733586],[28.603559,37.733608],[28.603505,37.733612],[28.603338,37.733552],[28.603167,37.73342],[28.603129,37.733353],[28.60307,37.733171],[28.603065,37.733135],[28.603,37.73307],[28.602705,37.732859],[28.602514,37.732732],[28.602344,37.732759],[28.602026,37.73266],[28.601919,37.732616],[28.601919,37.732616],[28.601827,37.732598],[28.601704,37.732575],[28.601692,37.732572],[28.601519,37.732539],[28.601513,37.732538],[28.601497,37.732534],[28.601476,37.732535],[28.601359,37.732495],[28.601311,37.732448],[28.60131,37.732448],[28.60123,37.732408],[28.601127,37.732355],[28.601018,37.732295],[28.600974,37.732271],[28.600784,37.732166],[28.600738,37.732156],[28.600655,37.732138],[28.600579,37.732121],[28.600542,37.732113],[28.600509,37.732106],[28.600393,37.732068],[28.600348,37.732071],[28.600345,37.73207],[28.600333,37.732066],[28.600287,37.732086],[28.600284,37.732087],[28.600278,37.73209],[28.600277,37.73209],[28.600226,37.732112],[28.599911,37.732066],[28.599256,37.731578],[28.598784,37.731376],[28.598455,37.731297],[28.59839,37.731085],[28.598305,37.731035],[28.598166,37.730974],[28.598063,37.73099],[28.597728,37.73085],[28.597619,37.730649],[28.597407,37.730483],[28.597285,37.730342],[28.59728,37.730337],[28.597095,37.730314],[28.597075,37.730307],[28.59701,37.73028],[28.59685,37.730214],[28.596651,37.730126],[28.596237,37.730088],[28.595977,37.73002],[28.595782,37.730077],[28.595585,37.730054],[28.595583,37.730054],[28.595327,37.730036],[28.595069,37.729884],[28.594838,37.729677],[28.594598,37.729429],[28.594367,37.72939],[28.594358,37.729386],[28.594242,37.72933],[28.594228,37.729319],[28.594198,37.729295],[28.594027,37.72916],[28.593785,37.729114],[28.593661,37.728968],[28.593484,37.728761],[28.593328,37.728666],[28.593314,37.728657],[28.593185,37.728601],[28.593092,37.72856],[28.592855,37.728508],[28.592806,37.728475],[28.592776,37.728455],[28.592705,37.728408],[28.592506,37.728341],[28.592374,37.728257],[28.592296,37.728232],[28.592224,37.728236],[28.592168,37.728201],[28.592048,37.728196],[28.59187,37.728088],[28.591728,37.727878],[28.591329,37.727759],[28.590583,37.727395],[28.590136,37.727435],[28.589562,37.727545],[28.58889,37.727694],[28.588413,37.727711],[28.588113,37.727522],[28.588005,37.727408],[28.587533,37.72691],[28.587274,37.726544],[28.586801,37.725874],[28.586179,37.725273],[28.586116,37.725219],[28.586047,37.725161],[28.58582,37.724734],[28.58557,37.724313],[28.585368,37.724272],[28.585347,37.724082],[28.585149,37.724013],[28.584983,37.724044],[28.584881,37.723821],[28.584909,37.723406],[28.584903,37.723277],[28.585275,37.72276],[28.584562,37.722324],[28.584435,37.722252],[28.584114,37.722072],[28.583922,37.721989],[28.583678,37.721846],[28.583589,37.721701],[28.583388,37.721633],[28.583206,37.721648],[28.582964,37.72146],[28.582367,37.721295],[28.58238,37.721281],[28.582279,37.72116],[28.582048,37.721083],[28.582011,37.721036],[28.581885,37.720786],[28.581711,37.720501],[28.581535,37.720392],[28.581059,37.719897],[28.58087,37.719524],[28.580607,37.719426],[28.580587,37.719448],[28.579861,37.719286],[28.579821,37.719259],[28.579834,37.719055],[28.579633,37.718819],[28.579044,37.718723],[28.578631,37.718367],[28.578089,37.718123],[28.577768,37.718162],[28.577583,37.718093],[28.577578,37.717981],[28.577595,37.717916],[28.577725,37.717761],[28.577712,37.71769],[28.577559,37.717525],[28.577393,37.717384],[28.576926,37.717196],[28.576599,37.716908],[28.576234,37.717101],[28.575502,37.716955],[28.575324,37.716607],[28.575143,37.716528],[28.574995,37.716424],[28.574968,37.716403],[28.574846,37.716305],[28.574766,37.71624],[28.57439,37.715893],[28.574169,37.715619],[28.574143,37.715587],[28.573988,37.715233],[28.573871,37.715173],[28.573811,37.715148],[28.57369,37.715099],[28.573533,37.715036],[28.573474,37.715011],[28.573329,37.71495],[28.573246,37.714915],[28.57269,37.714794],[28.572592,37.714768],[28.572414,37.714721],[28.572124,37.714391],[28.572024,37.714362],[28.571725,37.714276],[28.571276,37.714263],[28.571143,37.714189],[28.571077,37.714153],[28.570904,37.714057],[28.570438,37.714085],[28.570011,37.714153],[28.569943,37.714162],[28.569906,37.714166],[28.569801,37.714179],[28.569471,37.71408],[28.568988,37.713912],[28.568745,37.713828],[28.568409,37.713714],[28.567943,37.713707],[28.567943,37.713707],[28.567784,37.713647],[28.567653,37.713598],[28.567371,37.713518],[28.566994,37.713514],[28.566793,37.713542],[28.566677,37.713473],[28.566663,37.713398],[28.566632,37.713225],[28.566505,37.713108],[28.566347,37.713019],[28.566071,37.712865],[28.566003,37.712869],[28.565856,37.712879],[28.565453,37.713034],[28.565441,37.713038],[28.565336,37.713067],[28.565002,37.712996],[28.564876,37.712985],[28.564639,37.712965],[28.564296,37.712987],[28.564085,37.713097],[28.564048,37.713108],[28.563769,37.713193],[28.563743,37.713193],[28.563426,37.713187],[28.563371,37.713173],[28.563004,37.713074],[28.562436,37.712909],[28.562372,37.71289],[28.562001,37.712816],[28.561716,37.712772],[28.561622,37.712758],[28.561147,37.712735],[28.560907,37.712705],[28.560795,37.712762],[28.560717,37.712801],[28.560649,37.712773],[28.56024,37.712735],[28.560162,37.712713],[28.55997,37.712659],[28.559945,37.712669],[28.559894,37.712688],[28.559745,37.712746],[28.559718,37.712752],[28.558839,37.712705],[28.558728,37.71249],[28.558674,37.712192],[28.558669,37.712164],[28.558655,37.712082],[28.558647,37.711926],[28.558644,37.711859],[28.558698,37.71168],[28.558714,37.711586],[28.55872,37.711543],[28.557447,37.711699],[28.556263,37.711591],[28.555436,37.711519],[28.554038,37.711394],[28.552695,37.711042],[28.551776,37.710911],[28.55065,37.71089],[28.550225,37.710658],[28.549834,37.710603],[28.549249,37.710599],[28.54859,37.710703],[28.548261,37.710731],[28.547536,37.710538],[28.54663,37.710252],[28.546344,37.710208],[28.545317,37.711769],[28.545213,37.71181],[28.544586,37.712061],[28.54399,37.712299],[28.541903,37.712672],[28.541364,37.713795],[28.541147,37.714246],[28.541119,37.714285],[28.541116,37.714289],[28.540229,37.715541],[28.539993,37.715874],[28.538541,37.716918],[28.538003,37.717306],[28.537883,37.717439],[28.537755,37.717581],[28.535958,37.719579],[28.535782,37.719796],[28.535177,37.720543],[28.534923,37.72112],[28.534713,37.721599],[28.53439,37.723411],[28.534077,37.724831],[28.53404,37.725954],[28.534002,37.726373],[28.533894,37.727578],[28.533737,37.728179],[28.53361,37.728667],[28.533572,37.728815],[28.533539,37.728939],[28.533091,37.729555],[28.532891,37.729832],[28.532388,37.730523],[28.532109,37.730813],[28.531625,37.731316],[28.531283,37.731672],[28.53077,37.732205],[28.528744,37.73406],[28.52788,37.734471],[28.527619,37.734594],[28.526798,37.73481],[28.526508,37.735027],[28.525901,37.736517],[28.525115,37.737876],[28.524875,37.738615],[28.524788,37.738885],[28.524467,37.739875],[28.524324,37.740316],[28.524526,37.740303],[28.525562,37.740235],[28.525683,37.740228],[28.526287,37.740188],[28.527106,37.740385],[28.527824,37.740908],[28.528605,37.741642],[28.529708,37.741882],[28.529924,37.741886],[28.531463,37.74191],[28.532834,37.742083],[28.53347,37.742075],[28.533848,37.74207],[28.534415,37.741853],[28.53593,37.742368],[28.537239,37.742653],[28.537484,37.742706],[28.539062,37.74283],[28.539612,37.742718],[28.540446,37.742188],[28.542356,37.743154],[28.543208,37.743204],[28.544592,37.743231],[28.545922,37.743178],[28.546825,37.743592],[28.547345,37.743645],[28.54798,37.743532],[28.548343,37.743389],[28.548682,37.743625],[28.549915,37.743769],[28.550115,37.743878],[28.550711,37.743744],[28.551006,37.743076],[28.551564,37.743766],[28.551856,37.744132],[28.552832,37.743686],[28.5531,37.74391],[28.55346,37.743949],[28.553837,37.743965],[28.554676,37.743675],[28.554926,37.743918],[28.555199,37.743804],[28.555456,37.743902],[28.555407,37.744167],[28.555398,37.744307],[28.555252,37.744422],[28.555367,37.744717],[28.555572,37.745017],[28.555701,37.745232],[28.555802,37.745363],[28.55616,37.745425],[28.556512,37.745427],[28.556713,37.74558],[28.557431,37.745922],[28.557921,37.7458],[28.558171,37.745799],[28.558471,37.745943],[28.558792,37.746014],[28.562355,37.74462],[28.562482,37.744626],[28.562659,37.744562],[28.564184,37.744586],[28.564378,37.744587],[28.564461,37.744543],[28.564636,37.744591],[28.56494,37.744728],[28.564997,37.744752],[28.565171,37.745022],[28.566397,37.745357],[28.566991,37.745099],[28.567222,37.745161],[28.567768,37.745308],[28.568201,37.745091],[28.568678,37.744906],[28.568863,37.745111],[28.569046,37.745168],[28.569705,37.744835],[28.570427,37.744671],[28.570917,37.746203],[28.570892,37.746289],[28.571243,37.746696],[28.571351,37.746907],[28.571519,37.746954],[28.571663,37.747131],[28.572641,37.748333],[28.573287,37.748766],[28.573948,37.748857],[28.573987,37.749111],[28.574134,37.749324],[28.574253,37.749619],[28.574431,37.749718],[28.574584,37.749873],[28.574977,37.750184],[28.575083,37.75074],[28.575778,37.751224],[28.576967,37.751637],[28.577132,37.751674],[28.577192,37.751681],[28.577266,37.751685],[28.577372,37.751681],[28.577553,37.751657],[28.57764,37.751647],[28.577727,37.75165],[28.577813,37.751661],[28.577817,37.751662],[28.577827,37.751665],[28.577911,37.75169],[28.578062,37.751734],[28.578076,37.751739],[28.57811,37.751733],[28.578087,37.751479],[28.578191,37.751447],[28.578175,37.751302],[28.57817,37.751257],[28.578418,37.750685],[28.578584,37.750305],[28.578585,37.750251],[28.578247,37.750163],[28.579149,37.749098],[28.579341,37.74893],[28.580059,37.748082],[28.580073,37.74721],[28.579621,37.74623],[28.579625,37.746212],[28.57963,37.746186],[28.579695,37.746183],[28.580836,37.746134],[28.580927,37.746046],[28.581457,37.746092],[28.581543,37.746145],[28.581829,37.746191],[28.581995,37.746184],[28.582004,37.746184],[28.582016,37.74618],[28.582454,37.745995],[28.582546,37.7459],[28.582691,37.74577],[28.582982,37.745622],[28.583185,37.745559],[28.58335,37.74557],[28.583507,37.745581],[28.58383,37.745664],[28.58404,37.745717],[28.58406,37.745723],[28.584019,37.745683],[28.584143,37.745726],[28.584431,37.74572],[28.584562,37.745741],[28.584742,37.745828],[28.584782,37.745847],[28.584784,37.745848],[28.584871,37.74589],[28.585032,37.746029],[28.585127,37.746219],[28.585137,37.746396],[28.585098,37.746448],[28.58508,37.746473],[28.584956,37.746639],[28.584943,37.746655],[28.584867,37.746889],[28.584791,37.747122],[28.584666,37.747509],[28.584647,37.74781],[28.584642,37.747894],[28.584636,37.747988],[28.584606,37.748157],[28.584616,37.748353],[28.584676,37.748485],[28.584737,37.748509],[28.584744,37.748521],[28.584775,37.748524],[28.584882,37.748566],[28.585368,37.748879],[28.585381,37.748887],[28.58556,37.748959],[28.58564,37.749139],[28.585827,37.749341],[28.585889,37.749435],[28.5859,37.749461],[28.585914,37.749472],[28.585962,37.749544],[28.586192,37.749718],[28.586347,37.749871],[28.586434,37.749957],[28.58657,37.750014],[28.586599,37.750027],[28.586751,37.750193],[28.587023,37.750727],[28.587094,37.750822],[28.587095,37.750824],[28.587098,37.750827],[28.587119,37.750854],[28.587158,37.750905],[28.587317,37.750979],[28.587344,37.750991],[28.587391,37.751013],[28.587424,37.751028],[28.587827,37.751189],[28.588222,37.751387],[28.588333,37.75147],[28.588337,37.751473],[28.588466,37.751591],[28.588547,37.751665],[28.588624,37.751748],[28.588759,37.751815],[28.58885,37.751846],[28.588865,37.751851],[28.588912,37.751883],[28.588964,37.751918],[28.589004,37.751966],[28.58903,37.751997],[28.589044,37.752024],[28.589098,37.752132],[28.589108,37.752197],[28.589127,37.75226],[28.58915,37.752308],[28.589205,37.752364],[28.589294,37.752423],[28.589404,37.752463],[28.589539,37.752513],[28.589616,37.752558],[28.589689,37.752641],[28.589758,37.752725],[28.589817,37.752771],[28.589891,37.752827],[28.589987,37.752849],[28.590148,37.752885],[28.590229,37.752896],[28.590368,37.75291],[28.590475,37.75291],[28.59058,37.752913],[28.590695,37.752926],[28.590786,37.752957],[28.590875,37.753014],[28.590921,37.75306],[28.590934,37.753072],[28.591015,37.753173],[28.591073,37.753246],[28.591116,37.753326],[28.591117,37.753327],[28.591143,37.753387],[28.591177,37.753467],[28.591228,37.753537],[28.591325,37.753594],[28.591651,37.753714],[28.591722,37.753758],[28.59178,37.753781],[28.591852,37.753783],[28.591945,37.753763],[28.591978,37.753754],[28.592327,37.753973],[28.593013,37.75467],[28.593017,37.75467],[28.593035,37.754688],[28.593284,37.754758],[28.593362,37.754768],[28.593498,37.75478],[28.593638,37.754781],[28.593749,37.754772],[28.593844,37.754759],[28.593937,37.754756],[28.593985,37.754762],[28.594021,37.754767],[28.594123,37.754791],[28.59423,37.754837],[28.594372,37.754956],[28.594411,37.755016],[28.594436,37.755058],[28.594451,37.755125],[28.594454,37.755206],[28.594452,37.75524],[28.594451,37.755265],[28.594448,37.755328],[28.594524,37.755486],[28.594525,37.755487],[28.594625,37.755522],[28.594725,37.755551],[28.594789,37.755592],[28.594877,37.755666],[28.594919,37.755691],[28.594997,37.755705],[28.595084,37.755707],[28.595168,37.755715],[28.595232,37.755747],[28.59526,37.755811],[28.595308,37.756],[28.59532,37.756051],[28.595371,37.756093],[28.595425,37.756103],[28.595452,37.756109],[28.595569,37.756125],[28.595618,37.756139],[28.595764,37.756201],[28.595868,37.756288],[28.595949,37.756368],[28.595992,37.75644],[28.596033,37.756506],[28.59608,37.756547],[28.596141,37.756604],[28.596341,37.75673],[28.596391,37.756765],[28.59648,37.756816],[28.596598,37.75687],[28.596676,37.756899],[28.596756,37.75692],[28.596822,37.756947],[28.597186,37.756997],[28.597198,37.756996],[28.597262,37.756987],[28.597363,37.756986],[28.597445,37.756995],[28.597533,37.757003],[28.597547,37.757002],[28.597623,37.757045],[28.597677,37.757075],[28.597963,37.757233],[28.598192,37.757321],[28.598461,37.757424],[28.598498,37.757447],[28.5985,37.757448],[28.598729,37.757583],[28.598779,37.757631],[28.598791,37.757643],[28.598821,37.75769],[28.598869,37.757788],[28.598899,37.757886],[28.598913,37.757931],[28.599032,37.758085],[28.599042,37.75809],[28.599124,37.758126],[28.599224,37.758157],[28.599253,37.758164],[28.599333,37.758181],[28.599348,37.758185],[28.599433,37.758213],[28.599523,37.75825],[28.599528,37.758252],[28.599603,37.758295],[28.599682,37.758328],[28.599783,37.758366],[28.599837,37.758384],[28.599849,37.758388],[28.599873,37.758396],[28.599932,37.758436],[28.599954,37.758451],[28.600027,37.758525],[28.600079,37.758548],[28.600157,37.758568],[28.600243,37.758578],[28.600475,37.758596],[28.600551,37.758596],[28.600569,37.758596],[28.600641,37.758597],[28.600728,37.75862],[28.600881,37.758671],[28.600898,37.758679],[28.600988,37.758721],[28.601037,37.758735],[28.601098,37.75874],[28.601134,37.758739],[28.601173,37.758738],[28.60125,37.758724],[28.601285,37.75871],[28.601321,37.758696],[28.601372,37.758676],[28.601469,37.758639],[28.601512,37.758629],[28.601605,37.758623],[28.601795,37.758661],[28.601842,37.758676],[28.601933,37.758706],[28.602042,37.75873],[28.60224,37.758766],[28.602302,37.758669]]]}},{"type":"Feature","properties":{"id":"TR-Y-09-008-M-0007","level":"yerlesim","type":"mahalle","parent_id":"TR-D-09-008","province_id":"TR-P-09","district_id":"TR-D-09-008","name":"Bingeç","source_raw_name":"Bingeç","source":"Kullanıcı tarafından sağlanan KML","source_label":"Kullanıcı tarafından sağlanan KML","source_name":"Aydin Mahalle KML - kullanici tarafindan saglandi"},"geometry":{"type":"Polygon","coordinates":[[[28.621307,37.653274],[28.62446,37.651999],[28.627041,37.65222],[28.629568,37.650529],[28.632565,37.650109],[28.63501,37.648508],[28.63625,37.648706],[28.639965,37.648837],[28.640911,37.648631],[28.643507,37.648014],[28.645894,37.646252],[28.647973,37.646238],[28.651796,37.646084],[28.655636,37.644527],[28.657096,37.643502],[28.658926,37.643959],[28.660772,37.643611],[28.662477,37.644538],[28.664805,37.645806],[28.664812,37.645809],[28.664813,37.645809],[28.66452,37.645234],[28.663596,37.64419],[28.662758,37.642076],[28.661432,37.640252],[28.660892,37.639802],[28.659201,37.638951],[28.658641,37.635981],[28.657054,37.634661],[28.656976,37.634532],[28.656905,37.634433],[28.656822,37.634358],[28.6567,37.634264],[28.656582,37.634143],[28.655924,37.633455],[28.655133,37.632612],[28.654796,37.632211],[28.654035,37.631411],[28.653843,37.631157],[28.65378,37.631019],[28.653754,37.63091],[28.653746,37.630829],[28.653744,37.630729],[28.653753,37.63034],[28.653799,37.629821],[28.653845,37.628859],[28.653881,37.628324],[28.653926,37.628186],[28.653953,37.628102],[28.654083,37.627887],[28.654418,37.627394],[28.654623,37.627103],[28.654556,37.626709],[28.654474,37.626374],[28.654355,37.62595],[28.654307,37.625689],[28.654197,37.625358],[28.654085,37.625032],[28.654002,37.624775],[28.653785,37.624491],[28.653675,37.624236],[28.65351,37.623872],[28.653364,37.623615],[28.653201,37.623221],[28.653061,37.622775],[28.653048,37.622746],[28.652938,37.622497],[28.652617,37.62195],[28.652408,37.621726],[28.65209,37.621383],[28.651903,37.621064],[28.651758,37.620846],[28.651555,37.620641],[28.65129,37.620469],[28.650952,37.620301],[28.650459,37.620048],[28.65016,37.619863],[28.649929,37.619732],[28.649602,37.619656],[28.649206,37.619605],[28.648898,37.619551],[28.648539,37.61941],[28.64785,37.619311],[28.647369,37.619208],[28.6472,37.619206],[28.646926,37.619205],[28.646723,37.619187],[28.646352,37.619145],[28.646145,37.619142],[28.645977,37.619141],[28.645839,37.619134],[28.645742,37.619115],[28.645611,37.619073],[28.645351,37.619016],[28.645133,37.618938],[28.644919,37.618856],[28.644714,37.618774],[28.644624,37.618721],[28.644451,37.61862],[28.644335,37.618553],[28.644101,37.618417],[28.643899,37.6183],[28.643674,37.618169],[28.64349,37.618082],[28.643341,37.618017],[28.643155,37.617952],[28.643062,37.61792],[28.642908,37.61786],[28.642743,37.617765],[28.642568,37.617639],[28.642462,37.617573],[28.642274,37.617457],[28.64213,37.617383],[28.641906,37.617319],[28.641779,37.617283],[28.641777,37.617283],[28.641776,37.617283],[28.641443,37.617231],[28.641145,37.617186],[28.640848,37.617139],[28.64052,37.617068],[28.640258,37.617012],[28.640024,37.616975],[28.640021,37.616974],[28.639855,37.616949],[28.639658,37.616913],[28.63946,37.616877],[28.639426,37.61687],[28.639177,37.616784],[28.638898,37.616686],[28.638642,37.616612],[28.63864,37.616611],[28.63864,37.616611],[28.638505,37.616597],[28.638375,37.616586],[28.638317,37.61658],[28.638137,37.616565],[28.636045,37.615131],[28.635998,37.615101],[28.634865,37.61379],[28.633336,37.612014],[28.632825,37.610725],[28.631387,37.607104],[28.631369,37.607046],[28.631337,37.606941],[28.631304,37.60681],[28.631262,37.606707],[28.631209,37.606578],[28.631165,37.606475],[28.631112,37.606345],[28.631067,37.606241],[28.630987,37.606092],[28.630867,37.605865],[28.630801,37.605683],[28.630762,37.605551],[28.630715,37.605393],[28.630653,37.605183],[28.630616,37.605023],[28.630584,37.604887],[28.630568,37.604782],[28.630522,37.604649],[28.630474,37.604521],[28.630406,37.604368],[28.630301,37.60414],[28.630197,37.60391],[28.630093,37.603679],[28.630026,37.603553],[28.629959,37.603427],[28.629905,37.603327],[28.629837,37.603203],[28.629773,37.603107],[28.629718,37.603175],[28.629352,37.603304],[28.629132,37.603405],[28.628804,37.60355],[28.628228,37.603702],[28.628155,37.603728],[28.627933,37.603798],[28.627742,37.603799],[28.627302,37.603875],[28.626884,37.60406],[28.626555,37.604372],[28.626297,37.604659],[28.625884,37.604937],[28.625801,37.604975],[28.625389,37.605164],[28.625133,37.605243],[28.624629,37.605372],[28.62412,37.605501],[28.623764,37.60558],[28.623385,37.605639],[28.623242,37.605675],[28.623109,37.605717],[28.622855,37.605796],[28.622415,37.605952],[28.622142,37.606003],[28.621964,37.606113],[28.621804,37.606219],[28.621755,37.606231],[28.621584,37.606283],[28.62133,37.606344],[28.621142,37.606395],[28.621016,37.606429],[28.620694,37.606522],[28.620354,37.606643],[28.620062,37.606728],[28.619758,37.606746],[28.619474,37.606786],[28.61932,37.606809],[28.618963,37.606856],[28.618846,37.606867],[28.618614,37.606888],[28.618461,37.606912],[28.618419,37.606919],[28.61797,37.607003],[28.61762,37.606918],[28.617274,37.606861],[28.617038,37.606861],[28.616444,37.606797],[28.615896,37.606748],[28.615588,37.606786],[28.615569,37.606787],[28.615199,37.606803],[28.614906,37.606888],[28.614635,37.607013],[28.614158,37.607128],[28.613669,37.607176],[28.613385,37.607113],[28.613101,37.607178],[28.61274,37.607143],[28.611938,37.607157],[28.611583,37.607284],[28.611422,37.607301],[28.611352,37.607311],[28.610436,37.607375],[28.610124,37.607333],[28.609367,37.607251],[28.608575,37.607174],[28.608071,37.607162],[28.607932,37.607165],[28.607131,37.607298],[28.606906,37.607346],[28.606728,37.607405],[28.606475,37.607459],[28.606255,37.607515],[28.605991,37.607601],[28.60594,37.607624],[28.605661,37.607715],[28.605302,37.607785],[28.605097,37.60773],[28.604709,37.607603],[28.604408,37.607484],[28.604383,37.607474],[28.604256,37.607423],[28.603974,37.607428],[28.603391,37.607494],[28.602966,37.607561],[28.602619,37.607599],[28.602433,37.607619],[28.601975,37.607674],[28.601658,37.607729],[28.601528,37.607665],[28.601203,37.607701],[28.601001,37.607702],[28.599462,37.607014],[28.599227,37.606975],[28.599124,37.607111],[28.599195,37.607298],[28.599321,37.607444],[28.599438,37.607888],[28.599421,37.608024],[28.599468,37.608212],[28.599235,37.608336],[28.599153,37.608517],[28.59902,37.608817],[28.598899,37.608998],[28.598759,37.609223],[28.598672,37.609757],[28.598472,37.61009],[28.598598,37.610408],[28.598416,37.610655],[28.598397,37.61101],[28.598382,37.611088],[28.598622,37.611394],[28.598676,37.611571],[28.598433,37.612179],[28.598245,37.612639],[28.59802,37.613236],[28.597603,37.614032],[28.597602,37.614914],[28.59767,37.615569],[28.59775,37.616284],[28.597757,37.616796],[28.597499,37.617326],[28.597501,37.61805],[28.59743,37.618747],[28.597212,37.619152],[28.596929,37.619484],[28.596902,37.620039],[28.596832,37.620592],[28.59667,37.621325],[28.596936,37.621701],[28.596993,37.622182],[28.597169,37.622635],[28.597188,37.623058],[28.597021,37.623922],[28.596948,37.624446],[28.596822,37.62502],[28.596665,37.625513],[28.596526,37.626186],[28.596464,37.626776],[28.59637,37.627371],[28.596282,37.628127],[28.596441,37.628591],[28.596357,37.628939],[28.595986,37.62945],[28.59599,37.629556],[28.595863,37.629679],[28.595547,37.629789],[28.594668,37.629896],[28.594141,37.629998],[28.593852,37.630157],[28.593631,37.629996],[28.591959,37.63053],[28.591419,37.630751],[28.591431,37.630816],[28.591396,37.630997],[28.591748,37.632828],[28.591841,37.633166],[28.591928,37.633498],[28.591967,37.63362],[28.592029,37.633798],[28.59216,37.634081],[28.592428,37.634596],[28.592544,37.634831],[28.592833,37.635421],[28.592999,37.635765],[28.593326,37.636471],[28.593557,37.63713],[28.593673,37.637415],[28.593729,37.637671],[28.593638,37.637884],[28.593559,37.63822],[28.593552,37.638349],[28.593511,37.638924],[28.593619,37.639372],[28.593694,37.639599],[28.59374,37.639805],[28.593794,37.639938],[28.593853,37.640181],[28.593912,37.640436],[28.593976,37.640536],[28.594008,37.640665],[28.594344,37.641848],[28.594413,37.641857],[28.595026,37.644324],[28.594799,37.644454],[28.595016,37.644922],[28.594555,37.645698],[28.594018,37.646316],[28.595281,37.648697],[28.595614,37.650447],[28.596732,37.652151],[28.597306,37.655052],[28.597418,37.657246],[28.597309,37.657353],[28.596665,37.65864],[28.596166,37.659896],[28.594456,37.66248],[28.595002,37.664785],[28.595039,37.664967],[28.59586,37.66673],[28.595938,37.667514],[28.596114,37.667997],[28.595591,37.669311],[28.595238,37.670101],[28.595565,37.67031],[28.596705,37.672802],[28.596919,37.672737],[28.596935,37.672217],[28.59767,37.670394],[28.598293,37.668835],[28.598396,37.667439],[28.598092,37.666561],[28.601691,37.663032],[28.607353,37.659555],[28.613659,37.657948],[28.616916,37.655474],[28.61906,37.655207],[28.620462,37.654437],[28.621307,37.653274]]]}},{"type":"Feature","properties":{"id":"TR-Y-09-008-M-0008","level":"yerlesim","type":"mahalle","parent_id":"TR-D-09-008","province_id":"TR-P-09","district_id":"TR-D-09-008","name":"Büyükdağlı","source_raw_name":"Büyükdağlı","source":"Kullanıcı tarafından sağlanan KML","source_label":"Kullanıcı tarafından sağlanan KML","source_name":"Aydin Mahalle KML - kullanici tarafindan saglandi"},"geometry":{"type":"Polygon","coordinates":[[[28.604862,37.723698],[28.605008,37.723537],[28.605238,37.723287],[28.6053,37.72322],[28.605333,37.723187],[28.605484,37.723041],[28.60553,37.722997],[28.605541,37.722987],[28.605642,37.722892],[28.605691,37.722836],[28.60582,37.722688],[28.605835,37.72267],[28.605859,37.722643],[28.605916,37.722472],[28.605907,37.722432],[28.605901,37.722409],[28.605901,37.722405],[28.605903,37.72226],[28.605905,37.722176],[28.605905,37.722156],[28.605905,37.72212],[28.605906,37.722097],[28.605973,37.722015],[28.60598,37.722007],[28.606066,37.721955],[28.606175,37.721889],[28.606235,37.721854],[28.606371,37.721775],[28.606533,37.721681],[28.606632,37.721624],[28.606747,37.721559],[28.606847,37.721502],[28.606863,37.721493],[28.606893,37.721493],[28.606893,37.721493],[28.606905,37.721493],[28.606917,37.721493],[28.60693,37.721488],[28.607116,37.721417],[28.607226,37.721338],[28.60727,37.721307],[28.607488,37.721153],[28.607489,37.721153],[28.607528,37.721125],[28.607528,37.721125],[28.607541,37.721116],[28.607588,37.721083],[28.607614,37.721064],[28.607709,37.72098],[28.607725,37.720967],[28.607771,37.720925],[28.607773,37.720924],[28.607805,37.720885],[28.607814,37.720874],[28.607857,37.720821],[28.607858,37.720819],[28.607859,37.720818],[28.607906,37.72076],[28.60795,37.720706],[28.608031,37.720606],[28.608077,37.720538],[28.608083,37.720529],[28.608227,37.720313],[28.608232,37.720304],[28.608337,37.720147],[28.608368,37.720112],[28.608995,37.720339],[28.608997,37.720319],[28.608998,37.72031],[28.609001,37.720265],[28.609028,37.720226],[28.609047,37.719925],[28.609048,37.719919],[28.609052,37.719855],[28.609054,37.719825],[28.609056,37.719794],[28.609071,37.719557],[28.609091,37.71924],[28.609103,37.719054],[28.609148,37.718453],[28.609159,37.718307],[28.609235,37.718036],[28.609391,37.717796],[28.609443,37.717716],[28.609485,37.717635],[28.609604,37.717404],[28.609696,37.717183],[28.609802,37.716876],[28.61,37.716267],[28.610042,37.716136],[28.610065,37.716065],[28.610094,37.715973],[28.610167,37.715745],[28.610194,37.715611],[28.610168,37.71542],[28.610097,37.715198],[28.610001,37.714993],[28.60996,37.714906],[28.609905,37.71465],[28.609937,37.714369],[28.609938,37.71436],[28.609975,37.714201],[28.610015,37.714033],[28.610076,37.713771],[28.61024,37.71282],[28.61028,37.712584],[28.610288,37.712538],[28.610369,37.71207],[28.610413,37.711809],[28.610678,37.710213],[28.610754,37.709543],[28.610877,37.709142],[28.611005,37.708727],[28.611093,37.708442],[28.61111,37.708379],[28.611267,37.707796],[28.611269,37.707786],[28.611321,37.707473],[28.611329,37.707267],[28.611337,37.707097],[28.611349,37.706694],[28.61135,37.706662],[28.611352,37.706588],[28.611385,37.706502],[28.611483,37.706139],[28.611523,37.705715],[28.611513,37.705233],[28.611464,37.704863],[28.611428,37.704593],[28.611422,37.704548],[28.611381,37.704407],[28.611222,37.703866],[28.611193,37.703697],[28.6112,37.703454],[28.611258,37.703158],[28.611278,37.703074],[28.61128,37.703056],[28.611389,37.702912],[28.612108,37.702317],[28.612208,37.702235],[28.612309,37.702104],[28.612412,37.701843],[28.61243,37.701797],[28.612573,37.701611],[28.612734,37.701383],[28.612847,37.70129],[28.612988,37.701206],[28.613067,37.701132],[28.613176,37.701031],[28.613407,37.700771],[28.613587,37.700552],[28.613756,37.700347],[28.613974,37.700062],[28.614163,37.699929],[28.614375,37.699822],[28.614898,37.69948],[28.615427,37.699182],[28.61559,37.699093],[28.615935,37.698906],[28.615938,37.698904],[28.616316,37.69867],[28.616412,37.698598],[28.616447,37.698556],[28.616505,37.698484],[28.616615,37.698308],[28.616775,37.698024],[28.617031,37.697561],[28.617085,37.697029],[28.617136,37.696612],[28.617132,37.69616],[28.61713,37.696041],[28.617151,37.69591],[28.617152,37.695907],[28.617174,37.69577],[28.617281,37.695363],[28.617536,37.694402],[28.617593,37.694159],[28.617611,37.694082],[28.617702,37.693698],[28.617729,37.693611],[28.617776,37.693458],[28.617806,37.693382],[28.617813,37.693364],[28.617761,37.693332],[28.617548,37.693204],[28.617498,37.693139],[28.617067,37.693064],[28.61625,37.692929],[28.615763,37.693053],[28.615811,37.692773],[28.615584,37.69261],[28.615301,37.692406],[28.614996,37.692276],[28.614882,37.692227],[28.614858,37.692205],[28.614031,37.692197],[28.614255,37.691931],[28.608677,37.691283],[28.607726,37.691172],[28.607145,37.691194],[28.605427,37.691097],[28.603482,37.690986],[28.601373,37.690867],[28.600038,37.690108],[28.599363,37.688215],[28.597856,37.687153],[28.597893,37.686802],[28.597881,37.686229],[28.598161,37.685653],[28.599163,37.685159],[28.59976,37.684842],[28.60093,37.684268],[28.601102,37.684135],[28.601305,37.683977],[28.601671,37.683619],[28.602089,37.683477],[28.602213,37.683176],[28.602559,37.682289],[28.603084,37.681885],[28.602401,37.681286],[28.602315,37.681225],[28.601855,37.680821],[28.601494,37.680502],[28.601094,37.680152],[28.600718,37.67983],[28.600293,37.679453],[28.599884,37.679093],[28.599552,37.678801],[28.599397,37.678655],[28.599069,37.678375],[28.598939,37.678097],[28.598819,37.677813],[28.598028,37.675945],[28.597257,37.67428],[28.596705,37.672802],[28.595565,37.67031],[28.595238,37.670101],[28.594758,37.671173],[28.594342,37.671991],[28.593636,37.672644],[28.592942,37.673178],[28.592442,37.673626],[28.590914,37.675125],[28.589572,37.675851],[28.588964,37.675638],[28.58807,37.675478],[28.58758,37.675742],[28.587403,37.676703],[28.58712,37.676957],[28.586606,37.677331],[28.585689,37.678202],[28.584899,37.679453],[28.584352,37.67967],[28.581253,37.679559],[28.581187,37.679846],[28.580717,37.68031],[28.580773,37.680691],[28.581144,37.681182],[28.581155,37.681697],[28.580319,37.681608],[28.578164,37.683618],[28.577645,37.684598],[28.577657,37.685184],[28.576893,37.686811],[28.575113,37.687097],[28.574421,37.687747],[28.57429,37.687871],[28.574042,37.688359],[28.573272,37.68867],[28.572101,37.688991],[28.570887,37.689855],[28.570904,37.689873],[28.571962,37.691009],[28.572434,37.691514],[28.573211,37.692135],[28.573207,37.692282],[28.573204,37.69242],[28.573207,37.692485],[28.57321,37.692565],[28.573212,37.692631],[28.573221,37.692849],[28.573225,37.69294],[28.573243,37.693],[28.573304,37.693199],[28.573349,37.693349],[28.573381,37.693454],[28.573425,37.693611],[28.573471,37.693779],[28.573527,37.693981],[28.573542,37.694036],[28.573543,37.69406],[28.573547,37.69413],[28.573595,37.694267],[28.573668,37.694474],[28.573709,37.69459],[28.573759,37.694723],[28.573833,37.69492],[28.573878,37.695039],[28.57392,37.695113],[28.574021,37.695292],[28.574132,37.695366],[28.574431,37.695565],[28.574477,37.695595],[28.574748,37.69581],[28.574905,37.695935],[28.574968,37.69599],[28.575001,37.69602],[28.575131,37.696107],[28.575268,37.696199],[28.575457,37.696295],[28.575533,37.696332],[28.575812,37.696405],[28.57602,37.696458],[28.57635,37.696583],[28.576522,37.696647],[28.57673,37.696766],[28.576905,37.696866],[28.577095,37.696972],[28.577196,37.697029],[28.577433,37.697148],[28.577475,37.69717],[28.577629,37.69754],[28.577815,37.69799],[28.577865,37.698112],[28.578088,37.698393],[28.578308,37.698669],[28.578311,37.698679],[28.578428,37.699087],[28.578434,37.699186],[28.578453,37.699516],[28.578479,37.699628],[28.578514,37.699782],[28.578634,37.699909],[28.578649,37.699926],[28.578918,37.700085],[28.578957,37.700108],[28.579172,37.700073],[28.579322,37.700035],[28.579364,37.700036],[28.579384,37.700036],[28.579403,37.700036],[28.579448,37.700036],[28.579752,37.7001],[28.579886,37.700178],[28.580095,37.700301],[28.580106,37.700311],[28.580287,37.700463],[28.580391,37.700551],[28.580546,37.700682],[28.580567,37.7007],[28.580879,37.701081],[28.581094,37.701343],[28.581167,37.701396],[28.581503,37.701639],[28.581742,37.701747],[28.581896,37.701817],[28.582462,37.701793],[28.582553,37.701789],[28.582867,37.701776],[28.583051,37.701826],[28.583131,37.701926],[28.583143,37.702016],[28.583148,37.702195],[28.583277,37.702353],[28.583405,37.702447],[28.583547,37.702551],[28.58394,37.702668],[28.583999,37.702686],[28.584264,37.702861],[28.584465,37.703099],[28.584489,37.703113],[28.585121,37.703499],[28.585236,37.703562],[28.585764,37.703855],[28.585962,37.703957],[28.58608,37.704017],[28.586107,37.704031],[28.586325,37.704164],[28.586354,37.704353],[28.586305,37.704525],[28.586196,37.704901],[28.586196,37.704902],[28.586156,37.704959],[28.586165,37.704979],[28.586137,37.705048],[28.586056,37.705251],[28.586157,37.705499],[28.586219,37.705577],[28.586261,37.705629],[28.586318,37.705701],[28.586365,37.705843],[28.586439,37.706068],[28.586489,37.706158],[28.586588,37.706335],[28.586633,37.706415],[28.586816,37.706659],[28.587043,37.707065],[28.587075,37.707121],[28.587069,37.707142],[28.587106,37.707177],[28.587173,37.707297],[28.587488,37.707784],[28.587526,37.707845],[28.587535,37.708031],[28.587691,37.708082],[28.587818,37.708221],[28.587835,37.70824],[28.587985,37.708405],[28.588227,37.708695],[28.588274,37.708673],[28.588303,37.708659],[28.588395,37.708644],[28.588514,37.708638],[28.588647,37.70865],[28.588751,37.708678],[28.588869,37.708707],[28.589049,37.708774],[28.589198,37.708844],[28.589344,37.708908],[28.589441,37.708957],[28.589541,37.708995],[28.589657,37.709029],[28.589676,37.709033],[28.589754,37.709052],[28.589862,37.70907],[28.590022,37.709092],[28.590118,37.709117],[28.590188,37.709147],[28.590244,37.70919],[28.59029,37.709244],[28.590342,37.709331],[28.590356,37.709382],[28.590356,37.709469],[28.590345,37.709572],[28.590357,37.709689],[28.590369,37.709794],[28.590401,37.709865],[28.590451,37.709962],[28.590533,37.710031],[28.590607,37.710061],[28.590686,37.710072],[28.590805,37.710087],[28.5909,37.710104],[28.590967,37.710129],[28.591038,37.710189],[28.591091,37.710234],[28.591091,37.710234],[28.591145,37.710281],[28.591232,37.710367],[28.591308,37.710437],[28.591409,37.710511],[28.591512,37.710566],[28.591631,37.710636],[28.591737,37.710724],[28.591815,37.710795],[28.591838,37.710807],[28.591945,37.710862],[28.59212,37.710908],[28.592111,37.710985],[28.592115,37.71105],[28.592117,37.711069],[28.592134,37.711148],[28.592159,37.711239],[28.592169,37.711272],[28.592279,37.711224],[28.592309,37.711218],[28.592424,37.711317],[28.592444,37.711343],[28.592471,37.711379],[28.592523,37.711415],[28.592607,37.711509],[28.592657,37.711592],[28.59268,37.711631],[28.59268,37.71165],[28.592726,37.711709],[28.592776,37.711835],[28.592783,37.711852],[28.592825,37.711955],[28.592845,37.711978],[28.592851,37.712005],[28.592887,37.712027],[28.592945,37.712095],[28.592987,37.712143],[28.593055,37.712221],[28.593241,37.712437],[28.593244,37.712441],[28.593245,37.712442],[28.593267,37.71247],[28.593288,37.712499],[28.593395,37.712639],[28.593511,37.712707],[28.593668,37.7128],[28.593692,37.712833],[28.593722,37.712875],[28.59378,37.712956],[28.59381,37.712997],[28.593873,37.713085],[28.594161,37.713485],[28.594182,37.713534],[28.594264,37.713581],[28.594462,37.713694],[28.594465,37.713699],[28.594502,37.713733],[28.594508,37.713958],[28.594511,37.714032],[28.594517,37.714074],[28.594532,37.714077],[28.594536,37.714087],[28.594544,37.714102],[28.594571,37.714133],[28.594594,37.714171],[28.594601,37.714225],[28.594633,37.714272],[28.594721,37.714398],[28.594726,37.714597],[28.59469,37.714598],[28.594692,37.714688],[28.594704,37.71474],[28.594717,37.714814],[28.594709,37.714845],[28.594699,37.714845],[28.594687,37.71486],[28.594727,37.714927],[28.594742,37.714952],[28.594743,37.714954],[28.594863,37.715075],[28.595012,37.715121],[28.595171,37.715151],[28.59517,37.715161],[28.595242,37.715171],[28.595321,37.715186],[28.595438,37.715271],[28.595437,37.715317],[28.595461,37.715333],[28.595512,37.715369],[28.595588,37.71554],[28.595587,37.715562],[28.595621,37.715756],[28.59563,37.715792],[28.595658,37.715912],[28.595691,37.715962],[28.595719,37.716003],[28.595728,37.71605],[28.595836,37.716197],[28.59586,37.71622],[28.595887,37.716245],[28.595897,37.716252],[28.595988,37.71635],[28.59603,37.716378],[28.59601,37.716401],[28.59601,37.716402],[28.596009,37.71643],[28.596158,37.716553],[28.59625,37.716671],[28.596327,37.716726],[28.596384,37.716761],[28.596413,37.716784],[28.596491,37.716856],[28.596521,37.716887],[28.596545,37.716911],[28.596606,37.717023],[28.596727,37.717159],[28.59679,37.717204],[28.596821,37.717208],[28.596833,37.71724],[28.596884,37.717323],[28.596876,37.717373],[28.596822,37.717419],[28.596817,37.717423],[28.596806,37.71742],[28.5967,37.717554],[28.596624,37.717686],[28.596593,37.717782],[28.596596,37.717837],[28.596625,37.717882],[28.596721,37.717981],[28.596833,37.718036],[28.596937,37.718094],[28.597108,37.718241],[28.59713,37.718316],[28.597177,37.718364],[28.597198,37.718398],[28.597207,37.718434],[28.597227,37.71851],[28.597229,37.718557],[28.59723,37.718597],[28.59724,37.718605],[28.59724,37.718606],[28.597306,37.718671],[28.597388,37.718752],[28.597502,37.718944],[28.597508,37.718955],[28.597515,37.718967],[28.597595,37.719102],[28.597623,37.719155],[28.597639,37.71918],[28.597673,37.719228],[28.597705,37.719274],[28.597864,37.719505],[28.597876,37.719521],[28.597881,37.719528],[28.597882,37.71953],[28.597988,37.719639],[28.597994,37.719645],[28.598035,37.719681],[28.598088,37.719727],[28.598137,37.719773],[28.598218,37.719849],[28.59822,37.719851],[28.598297,37.719977],[28.598299,37.71998],[28.5983,37.720012],[28.598302,37.720078],[28.598299,37.720118],[28.598298,37.720138],[28.598294,37.720197],[28.598293,37.72021],[28.598288,37.720293],[28.598294,37.720432],[28.598297,37.720457],[28.598298,37.720461],[28.598305,37.720518],[28.598317,37.72053],[28.598342,37.720554],[28.598362,37.720574],[28.598363,37.720575],[28.598451,37.720619],[28.598558,37.720672],[28.598615,37.7207],[28.598618,37.720702],[28.598653,37.720722],[28.598738,37.720769],[28.598748,37.720779],[28.59875,37.720781],[28.598762,37.720793],[28.598766,37.720797],[28.598857,37.720893],[28.598859,37.720894],[28.598878,37.720914],[28.59897,37.721013],[28.598972,37.721015],[28.599006,37.721108],[28.599009,37.721133],[28.599012,37.721161],[28.599016,37.721193],[28.599028,37.721287],[28.599031,37.721316],[28.599037,37.721361],[28.599055,37.721462],[28.599064,37.721519],[28.59908,37.721618],[28.599087,37.721661],[28.599151,37.721809],[28.599158,37.721827],[28.599167,37.721847],[28.599269,37.722084],[28.599316,37.722193],[28.599324,37.722206],[28.599367,37.722283],[28.59939,37.722322],[28.599446,37.72242],[28.599502,37.722518],[28.599557,37.722563],[28.599636,37.722627],[28.599674,37.722658],[28.599729,37.722703],[28.599988,37.722768],[28.600175,37.722804],[28.600403,37.722903],[28.600405,37.722905],[28.600458,37.722921],[28.60049,37.722931],[28.600495,37.722932],[28.600613,37.722968],[28.600491,37.723041],[28.600409,37.723105],[28.600402,37.723112],[28.600506,37.723134],[28.60071,37.723234],[28.600814,37.723224],[28.600825,37.723223],[28.600864,37.723219],[28.600919,37.723214],[28.601037,37.723203],[28.6012,37.723218],[28.60138,37.723304],[28.601392,37.72331],[28.60142,37.723324],[28.601484,37.723353],[28.601493,37.723354],[28.601643,37.723367],[28.601652,37.723368],[28.601715,37.723374],[28.601718,37.723373],[28.601796,37.72335],[28.601885,37.723323],[28.60189,37.723326],[28.601947,37.723354],[28.601975,37.72345],[28.601977,37.723457],[28.601977,37.723458],[28.60198,37.723465],[28.60198,37.723466],[28.601986,37.723477],[28.601986,37.723479],[28.60199,37.723486],[28.602002,37.723509],[28.602021,37.723546],[28.602024,37.723552],[28.602055,37.723575],[28.602076,37.723591],[28.602099,37.723608],[28.602298,37.723757],[28.60254,37.723851],[28.602571,37.723872],[28.602612,37.7239],[28.602645,37.723923],[28.602875,37.72408],[28.602916,37.724108],[28.602988,37.724157],[28.603046,37.724197],[28.603081,37.724221],[28.603166,37.724256],[28.603179,37.724257],[28.603269,37.724287],[28.603333,37.724303],[28.603421,37.724326],[28.603516,37.724339],[28.603584,37.724298],[28.603719,37.724237],[28.603988,37.724142],[28.604096,37.724104],[28.604246,37.724072],[28.604556,37.724041],[28.604737,37.724031],[28.604801,37.723996],[28.604832,37.723965],[28.604851,37.723892],[28.604846,37.723846],[28.6048,37.723767],[28.604849,37.723713],[28.604862,37.723698]]]}},{"type":"Feature","properties":{"id":"TR-Y-09-008-M-0009","level":"yerlesim","type":"mahalle","parent_id":"TR-D-09-008","province_id":"TR-P-09","district_id":"TR-D-09-008","name":"Cabi","source_raw_name":"Cabi","source":"Kullanıcı tarafından sağlanan KML","source_label":"Kullanıcı tarafından sağlanan KML","source_name":"Aydin Mahalle KML - kullanici tarafindan saglandi"},"geometry":{"type":"Polygon","coordinates":[[[28.603458,37.727703],[28.603601,37.727491],[28.603602,37.727492],[28.60363,37.727504],[28.603638,37.727507],[28.603854,37.727597],[28.604,37.727658],[28.604052,37.72768],[28.604262,37.72777],[28.604568,37.7279],[28.604613,37.727919],[28.604659,37.727906],[28.604683,37.727877],[28.604691,37.727867],[28.604694,37.727863],[28.604734,37.727813],[28.604773,37.727765],[28.604774,37.727763],[28.60483,37.727694],[28.604839,37.727683],[28.604846,37.727676],[28.604875,37.727643],[28.604898,37.727616],[28.604942,37.727567],[28.604949,37.72756],[28.604985,37.727519],[28.605028,37.727471],[28.605058,37.727438],[28.605107,37.727387],[28.605121,37.727373],[28.605182,37.727308],[28.605209,37.72728],[28.60524,37.727247],[28.6053,37.727185],[28.605303,37.727181],[28.605353,37.727128],[28.605451,37.727023],[28.605459,37.727014],[28.605513,37.726958],[28.605424,37.726888],[28.605414,37.726879],[28.605411,37.726877],[28.605366,37.726841],[28.605359,37.726836],[28.605347,37.726827],[28.605346,37.726827],[28.605324,37.726811],[28.605274,37.726775],[28.605257,37.726765],[28.605209,37.726738],[28.605148,37.726703],[28.605147,37.726703],[28.60508,37.726665],[28.60508,37.726665],[28.605068,37.726657],[28.605066,37.726657],[28.605064,37.726655],[28.605043,37.726644],[28.605041,37.726642],[28.605038,37.726641],[28.605027,37.726636],[28.605017,37.726631],[28.605013,37.726629],[28.605011,37.726628],[28.605011,37.726628],[28.605012,37.726626],[28.605014,37.726625],[28.605036,37.726601],[28.605046,37.726591],[28.605048,37.726588],[28.605102,37.726531],[28.605122,37.72651],[28.605162,37.72647],[28.605167,37.726465],[28.605241,37.726393],[28.605258,37.726377],[28.605314,37.726316],[28.605406,37.726217],[28.605409,37.726213],[28.605413,37.726209],[28.605454,37.72616],[28.605494,37.726113],[28.605525,37.726097],[28.605609,37.726057],[28.605596,37.726032],[28.60559,37.725942],[28.605662,37.725773],[28.60572,37.725652],[28.605778,37.725511],[28.605887,37.725419],[28.60596,37.725357],[28.605946,37.725308],[28.605927,37.725236],[28.605876,37.725052],[28.605865,37.725013],[28.605854,37.724972],[28.605815,37.724934],[28.605757,37.724878],[28.605699,37.724822],[28.605576,37.724794],[28.605449,37.724833],[28.605412,37.724845],[28.605405,37.724846],[28.605404,37.724846],[28.605382,37.724851],[28.605372,37.724853],[28.605372,37.724853],[28.60537,37.724853],[28.605369,37.724854],[28.605257,37.724877],[28.605225,37.724843],[28.605187,37.724802],[28.605173,37.724781],[28.605161,37.724765],[28.605155,37.724756],[28.605153,37.724753],[28.605152,37.724753],[28.605148,37.724747],[28.605147,37.724745],[28.605097,37.724676],[28.60499,37.724656],[28.604954,37.724649],[28.60495,37.724649],[28.60494,37.724647],[28.604841,37.724619],[28.60475,37.724594],[28.604706,37.724582],[28.604653,37.724567],[28.604568,37.724571],[28.604553,37.724571],[28.60449,37.724574],[28.604484,37.724574],[28.604375,37.724615],[28.604337,37.72463],[28.604262,37.724647],[28.604246,37.72465],[28.604226,37.724655],[28.604222,37.724656],[28.604213,37.724658],[28.604212,37.724658],[28.604211,37.724658],[28.60421,37.724659],[28.604194,37.724662],[28.604174,37.724659],[28.604017,37.724633],[28.603949,37.724607],[28.603889,37.724583],[28.60381,37.724575],[28.603804,37.724575],[28.60378,37.724572],[28.603779,37.724572],[28.603769,37.724571],[28.603727,37.724567],[28.603706,37.724565],[28.603675,37.724562],[28.603667,37.724558],[28.603651,37.724551],[28.603623,37.724538],[28.603617,37.724535],[28.603613,37.724533],[28.603605,37.72453],[28.603595,37.724525],[28.603583,37.724519],[28.60358,37.724518],[28.603577,37.724517],[28.603577,37.724517],[28.603576,37.724517],[28.603576,37.724517],[28.603572,37.724515],[28.603529,37.724495],[28.60352,37.724491],[28.603416,37.724442],[28.603349,37.724411],[28.603294,37.724372],[28.603271,37.724356],[28.603223,37.724322],[28.603223,37.724322],[28.603184,37.724264],[28.603179,37.724257],[28.603166,37.724256],[28.603081,37.724221],[28.603046,37.724197],[28.602988,37.724157],[28.602916,37.724108],[28.602875,37.72408],[28.602645,37.723923],[28.602612,37.7239],[28.602571,37.723872],[28.60254,37.723851],[28.602298,37.723757],[28.602099,37.723608],[28.602076,37.723591],[28.602055,37.723575],[28.602024,37.723552],[28.602021,37.723546],[28.602002,37.723509],[28.60199,37.723486],[28.601986,37.723479],[28.601986,37.723477],[28.60198,37.723466],[28.60198,37.723465],[28.601977,37.723458],[28.601977,37.723457],[28.601975,37.72345],[28.601947,37.723354],[28.60189,37.723326],[28.601885,37.723323],[28.601796,37.72335],[28.601718,37.723373],[28.601715,37.723374],[28.601652,37.723368],[28.601643,37.723367],[28.601493,37.723354],[28.601484,37.723353],[28.60142,37.723324],[28.601392,37.72331],[28.60138,37.723304],[28.6012,37.723218],[28.601037,37.723203],[28.600919,37.723214],[28.600864,37.723219],[28.600902,37.723243],[28.601386,37.723544],[28.601537,37.72365],[28.601552,37.72366],[28.601674,37.723746],[28.601851,37.723869],[28.602362,37.724306],[28.602641,37.724646],[28.602607,37.724784],[28.602607,37.724785],[28.602603,37.724829],[28.602598,37.724852],[28.602597,37.724854],[28.602594,37.724862],[28.602587,37.724878],[28.602581,37.724887],[28.602576,37.724895],[28.602571,37.7249],[28.60256,37.724913],[28.602559,37.724915],[28.602557,37.724916],[28.602539,37.724931],[28.602433,37.725021],[28.602429,37.725025],[28.602419,37.725033],[28.602418,37.725034],[28.602411,37.72504],[28.602365,37.725026],[28.602295,37.725005],[28.602231,37.724986],[28.602165,37.724965],[28.602132,37.724955],[28.602101,37.724946],[28.602093,37.724943],[28.602052,37.72493],[28.602018,37.724919],[28.602013,37.724918],[28.601985,37.724909],[28.601956,37.724901],[28.60195,37.7249],[28.60195,37.7249],[28.601774,37.725117],[28.601635,37.725259],[28.601597,37.725295],[28.601452,37.725406],[28.601412,37.72544],[28.601337,37.725502],[28.601326,37.725511],[28.601265,37.725562],[28.601241,37.725582],[28.601096,37.7257],[28.601021,37.725762],[28.600714,37.726012],[28.600711,37.726015],[28.600709,37.726016],[28.600698,37.726029],[28.600614,37.726125],[28.600569,37.726183],[28.60056,37.726195],[28.600518,37.726249],[28.600459,37.726317],[28.600322,37.726474],[28.600347,37.726494],[28.600388,37.726524],[28.600389,37.726525],[28.60042,37.726555],[28.600424,37.726559],[28.600428,37.726564],[28.600449,37.726593],[28.600453,37.726597],[28.600454,37.726599],[28.600473,37.726639],[28.600448,37.726667],[28.600406,37.726714],[28.600337,37.726791],[28.600332,37.726797],[28.600281,37.726853],[28.600195,37.726952],[28.600161,37.726989],[28.600089,37.727033],[28.600046,37.727055],[28.599964,37.727096],[28.599876,37.72714],[28.599862,37.727147],[28.59982,37.727168],[28.599808,37.727174],[28.599746,37.727217],[28.599745,37.727217],[28.599727,37.727232],[28.599689,37.727263],[28.599688,37.727264],[28.599687,37.727265],[28.599638,37.727314],[28.599487,37.727482],[28.599486,37.727483],[28.599458,37.727513],[28.599457,37.727515],[28.599388,37.727591],[28.599269,37.727744],[28.599226,37.7278],[28.599219,37.727809],[28.599195,37.727842],[28.599168,37.727877],[28.599158,37.727895],[28.599157,37.727896],[28.599155,37.727902],[28.599151,37.727915],[28.59915,37.727924],[28.599148,37.727934],[28.599148,37.727936],[28.599148,37.727938],[28.599148,37.727945],[28.599149,37.727957],[28.599149,37.727959],[28.59915,37.727961],[28.599155,37.72798],[28.599155,37.72798],[28.599156,37.727981],[28.599165,37.728],[28.599191,37.728011],[28.599199,37.728015],[28.59932,37.728068],[28.599334,37.728074],[28.599563,37.728182],[28.599739,37.72826],[28.599744,37.728263],[28.599874,37.728321],[28.600106,37.728427],[28.600117,37.728432],[28.600117,37.728432],[28.600248,37.728492],[28.600416,37.72857],[28.600494,37.728601],[28.600682,37.728681],[28.600903,37.72878],[28.601041,37.72884],[28.601205,37.72891],[28.601421,37.729012],[28.601564,37.729076],[28.601991,37.729266],[28.602131,37.729333],[28.602204,37.729366],[28.602206,37.729366],[28.602216,37.729371],[28.60222,37.729372],[28.602277,37.729398],[28.602294,37.729377],[28.602303,37.729365],[28.60231,37.729357],[28.602349,37.729298],[28.602352,37.729294],[28.6024,37.729223],[28.60244,37.729164],[28.602458,37.729139],[28.602469,37.729123],[28.602499,37.729079],[28.602553,37.729],[28.602579,37.728962],[28.602586,37.728952],[28.602595,37.728939],[28.60266,37.728845],[28.602674,37.728825],[28.602852,37.728572],[28.60293,37.728461],[28.603005,37.728354],[28.603044,37.728298],[28.603101,37.728217],[28.603128,37.728179],[28.60317,37.728119],[28.603243,37.728015],[28.603294,37.727942],[28.603318,37.727908],[28.603328,37.727893],[28.603357,37.727853],[28.603401,37.727788],[28.603458,37.727703]]]}},{"type":"Feature","properties":{"id":"TR-Y-09-008-M-0010","level":"yerlesim","type":"mahalle","parent_id":"TR-D-09-008","province_id":"TR-P-09","district_id":"TR-D-09-008","name":"Çamarası","source_raw_name":"Çamarası","source":"Kullanıcı tarafından sağlanan KML","source_label":"Kullanıcı tarafından sağlanan KML","source_name":"Aydin Mahalle KML - kullanici tarafindan saglandi"},"geometry":{"type":"Polygon","coordinates":[[[28.719944,37.665023],[28.719921,37.664993],[28.719896,37.664961],[28.720572,37.663337],[28.720931,37.662472],[28.719713,37.660162],[28.719836,37.658962],[28.71984,37.658919],[28.719944,37.657912],[28.718753,37.653998],[28.718911,37.648143],[28.718862,37.647933],[28.71881,37.647707],[28.718331,37.645642],[28.718391,37.643444],[28.717025,37.640515],[28.716778,37.639715],[28.716449,37.638132],[28.716381,37.637805],[28.715609,37.634431],[28.715589,37.634345],[28.71535,37.6333],[28.715329,37.633206],[28.707658,37.633758],[28.702514,37.634128],[28.699334,37.634987],[28.698503,37.635415],[28.694844,37.635845],[28.694377,37.635883],[28.691956,37.636081],[28.690759,37.637298],[28.690486,37.637576],[28.690224,37.637842],[28.69016,37.637851],[28.689478,37.637947],[28.688013,37.638551],[28.687209,37.638883],[28.683771,37.63969],[28.682027,37.640833],[28.681297,37.641222],[28.681391,37.641415],[28.681511,37.641565],[28.681556,37.641623],[28.681785,37.641909],[28.682031,37.642218],[28.682081,37.642632],[28.68209,37.642712],[28.682266,37.642906],[28.682679,37.643363],[28.682898,37.643867],[28.682941,37.644267],[28.682949,37.644346],[28.682979,37.644628],[28.683108,37.644912],[28.68351,37.645801],[28.683527,37.645839],[28.684062,37.646365],[28.684317,37.646617],[28.684349,37.646772],[28.684634,37.648133],[28.684678,37.649046],[28.684424,37.649627],[28.684016,37.650562],[28.683538,37.651292],[28.683544,37.652442],[28.684493,37.653507],[28.685663,37.654417],[28.689335,37.654691],[28.690282,37.655224],[28.690243,37.655339],[28.692156,37.657653],[28.692528,37.658171],[28.69269,37.658363],[28.69366,37.659517],[28.694165,37.660118],[28.695004,37.661115],[28.702366,37.666546],[28.702833,37.666891],[28.707466,37.670307],[28.711876,37.669755],[28.711954,37.669745],[28.711989,37.669626],[28.712029,37.669444],[28.71211,37.669342],[28.712175,37.669196],[28.71214,37.668885],[28.712194,37.668655],[28.712287,37.668434],[28.712285,37.668302],[28.712182,37.668174],[28.711966,37.668036],[28.711888,37.667963],[28.711837,37.66782],[28.711812,37.667652],[28.711855,37.667421],[28.711851,37.667166],[28.711793,37.66699],[28.711742,37.666795],[28.711247,37.665127],[28.713258,37.665308],[28.717216,37.66559],[28.719355,37.66515],[28.719941,37.66503],[28.719944,37.665023]]]}},{"type":"Feature","properties":{"id":"TR-Y-09-008-M-0011","level":"yerlesim","type":"mahalle","parent_id":"TR-D-09-008","province_id":"TR-P-09","district_id":"TR-D-09-008","name":"Çamköy","source_raw_name":"Çamköy","source":"Kullanıcı tarafından sağlanan KML","source_label":"Kullanıcı tarafından sağlanan KML","source_name":"Aydin Mahalle KML - kullanici tarafindan saglandi"},"geometry":{"type":"Polygon","coordinates":[[[28.59491,37.81574],[28.596219,37.814286],[28.59618,37.814242],[28.596145,37.814175],[28.596119,37.814127],[28.596086,37.813999],[28.596068,37.813964],[28.596044,37.813881],[28.596022,37.813814],[28.596002,37.813766],[28.595983,37.813723],[28.595952,37.813684],[28.595897,37.813643],[28.595846,37.813629],[28.595784,37.813629],[28.595724,37.813636],[28.595626,37.813651],[28.595486,37.813708],[28.595429,37.813729],[28.595364,37.81375],[28.5953,37.813755],[28.595246,37.813745],[28.595197,37.813719],[28.595179,37.813698],[28.595164,37.813679],[28.595148,37.813624],[28.595148,37.813566],[28.595148,37.813521],[28.595132,37.813479],[28.595097,37.813448],[28.595019,37.813444],[28.594954,37.813471],[28.59489,37.813507],[28.594751,37.813592],[28.594676,37.813607],[28.5946,37.813615],[28.594526,37.813614],[28.594449,37.813606],[28.594374,37.813584],[28.594298,37.813548],[28.594257,37.813498],[28.594234,37.813438],[28.594214,37.813358],[28.594187,37.813254],[28.594143,37.813194],[28.5941,37.813127],[28.594082,37.812992],[28.594088,37.812934],[28.594118,37.812833],[28.594169,37.812763],[28.594225,37.812706],[28.594267,37.812649],[28.594292,37.812595],[28.594305,37.812545],[28.594312,37.81248],[28.594248,37.812384],[28.594206,37.81234],[28.594189,37.812306],[28.594184,37.812296],[28.594175,37.812246],[28.594186,37.812199],[28.594229,37.812141],[28.59428,37.812089],[28.594304,37.812044],[28.594301,37.811984],[28.594268,37.811913],[28.594199,37.811833],[28.594146,37.811777],[28.59408,37.811699],[28.594066,37.811644],[28.594068,37.811552],[28.594089,37.811479],[28.594147,37.811431],[28.594198,37.811387],[28.594226,37.81135],[28.594236,37.811304],[28.594232,37.811253],[28.594209,37.811199],[28.59417,37.811171],[28.5941,37.811156],[28.594,37.811148],[28.59389,37.811135],[28.593753,37.811085],[28.593666,37.81103],[28.593588,37.810964],[28.593524,37.810878],[28.593497,37.810846],[28.593475,37.810827],[28.593443,37.810801],[28.593382,37.810776],[28.593337,37.81073],[28.593317,37.810661],[28.593302,37.810586],[28.593293,37.81051],[28.593287,37.810468],[28.593175,37.810294],[28.593115,37.810245],[28.593056,37.810223],[28.592996,37.810217],[28.592935,37.810236],[28.592871,37.810273],[28.592804,37.810326],[28.592747,37.810356],[28.59268,37.810374],[28.592618,37.810347],[28.592549,37.810293],[28.592445,37.810183],[28.592355,37.810095],[28.592232,37.809973],[28.592156,37.809888],[28.592059,37.809817],[28.591996,37.809769],[28.591942,37.809709],[28.591919,37.809636],[28.592073,37.80884],[28.592015,37.808635],[28.591641,37.80765],[28.591626,37.807635],[28.590705,37.807458],[28.590312,37.807408],[28.590294,37.807076],[28.589658,37.806928],[28.588851,37.806749],[28.588456,37.806641],[28.587865,37.80648],[28.586996,37.805573],[28.586744,37.805239],[28.586012,37.805191],[28.58545,37.805154],[28.584733,37.805352],[28.5843,37.805491],[28.584186,37.805528],[28.583607,37.805521],[28.583355,37.805608],[28.583201,37.805922],[28.582124,37.806435],[28.582001,37.807139],[28.581813,37.807063],[28.581557,37.806823],[28.581517,37.806789],[28.580856,37.806247],[28.580503,37.806051],[28.580465,37.805966],[28.580424,37.805872],[28.580372,37.805751],[28.58016,37.805804],[28.58012,37.805154],[28.579949,37.805197],[28.579905,37.805159],[28.579805,37.805075],[28.579787,37.805065],[28.579618,37.804972],[28.579548,37.804944],[28.57948,37.804917],[28.579462,37.80491],[28.579433,37.804898],[28.579421,37.804893],[28.579359,37.804869],[28.579315,37.804862],[28.579282,37.804857],[28.579213,37.804846],[28.579145,37.804816],[28.579089,37.804776],[28.579037,37.80469],[28.579004,37.804644],[28.578929,37.804628],[28.578847,37.804624],[28.578777,37.804601],[28.578718,37.804542],[28.578679,37.804474],[28.578624,37.804417],[28.578575,37.80439],[28.578527,37.80438],[28.578494,37.804373],[28.578405,37.804357],[28.578326,37.804334],[28.578258,37.804322],[28.578251,37.804321],[28.57817,37.804324],[28.578087,37.804345],[28.577996,37.804369],[28.577771,37.804388],[28.577644,37.804373],[28.577541,37.804344],[28.577453,37.804306],[28.577448,37.804302],[28.5774,37.804267],[28.577336,37.804201],[28.57728,37.804127],[28.577204,37.804012],[28.577165,37.803971],[28.577136,37.803941],[28.577087,37.803889],[28.577056,37.803859],[28.576998,37.803802],[28.57692,37.803771],[28.57689,37.80376],[28.576797,37.803747],[28.576773,37.803744],[28.57668,37.803712],[28.576621,37.803665],[28.576577,37.803617],[28.576553,37.803572],[28.576535,37.803484],[28.576532,37.803472],[28.57651,37.803365],[28.576482,37.803319],[28.576434,37.80324],[28.576374,37.803169],[28.576325,37.803148],[28.576275,37.803127],[28.576262,37.803125],[28.576154,37.803103],[28.576124,37.803096],[28.576066,37.80308],[28.576031,37.803062],[28.575993,37.803043],[28.575984,37.803038],[28.575965,37.803029],[28.575966,37.803028],[28.575075,37.802874],[28.573269,37.801971],[28.572356,37.801823],[28.572134,37.801695],[28.571998,37.801808],[28.571802,37.801531],[28.570792,37.801234],[28.570691,37.800971],[28.570317,37.800608],[28.570087,37.800947],[28.56982,37.800854],[28.568685,37.800369],[28.568489,37.800261],[28.565895,37.7996],[28.565898,37.799285],[28.565572,37.799289],[28.564412,37.798695],[28.563808,37.798462],[28.56355,37.798362],[28.563369,37.798376],[28.562815,37.798536],[28.562138,37.798585],[28.561409,37.798678],[28.561069,37.798499],[28.560861,37.798077],[28.561044,37.797802],[28.560994,37.79728],[28.560673,37.797136],[28.5602,37.796716],[28.560302,37.796167],[28.560427,37.795765],[28.560634,37.795098],[28.560465,37.794387],[28.560073,37.794425],[28.559229,37.794722],[28.557534,37.794576],[28.556952,37.794875],[28.556686,37.794282],[28.555732,37.793551],[28.555198,37.793142],[28.554623,37.792325],[28.552991,37.790506],[28.552954,37.790484],[28.550417,37.788988],[28.548717,37.789344],[28.546982,37.789544],[28.546781,37.789527],[28.54632,37.789489],[28.545156,37.789392],[28.537234,37.78873],[28.531364,37.78824],[28.530805,37.788491],[28.530308,37.788627],[28.52828,37.788576],[28.527157,37.788547],[28.526554,37.788367],[28.522947,37.78729],[28.518259,37.787148],[28.517463,37.787124],[28.515088,37.786875],[28.513421,37.787353],[28.507381,37.786799],[28.505404,37.78611],[28.504094,37.785654],[28.501382,37.783464],[28.497122,37.782288],[28.491217,37.782617],[28.489555,37.782709],[28.488869,37.782747],[28.48363,37.784393],[28.483383,37.784471],[28.483088,37.785879],[28.483074,37.785945],[28.482717,37.787651],[28.482419,37.789073],[28.482322,37.78954],[28.481666,37.792676],[28.481281,37.794513],[28.48054,37.798053],[28.480476,37.798362],[28.480438,37.798539],[28.480604,37.798576],[28.48214,37.798913],[28.482345,37.798959],[28.484306,37.799389],[28.488492,37.800309],[28.488899,37.80089],[28.491044,37.803949],[28.494319,37.805362],[28.496508,37.808101],[28.498087,37.808188],[28.502934,37.807828],[28.506295,37.809776],[28.508072,37.810359],[28.509759,37.810912],[28.512609,37.811249],[28.513821,37.811532],[28.517719,37.812442],[28.518491,37.812597],[28.522337,37.81337],[28.52461,37.812688],[28.525725,37.812353],[28.527227,37.812578],[28.528366,37.812748],[28.529814,37.813029],[28.531618,37.81338],[28.534232,37.813888],[28.536511,37.813314],[28.537302,37.813665],[28.539987,37.814857],[28.540896,37.815068],[28.544512,37.815907],[28.544684,37.815947],[28.544709,37.815953],[28.544876,37.815991],[28.545163,37.816353],[28.545209,37.81641],[28.545533,37.81682],[28.546003,37.816812],[28.546957,37.816795],[28.547702,37.817334],[28.547992,37.817369],[28.547892,37.81803],[28.547524,37.818149],[28.546894,37.818121],[28.546811,37.818214],[28.546816,37.81825],[28.547947,37.818553],[28.549013,37.818315],[28.549342,37.818315],[28.549451,37.818315],[28.550166,37.818599],[28.550186,37.818637],[28.550865,37.818477],[28.551157,37.818419],[28.551228,37.818405],[28.551277,37.818392],[28.551534,37.818227],[28.551914,37.818241],[28.552164,37.818257],[28.552641,37.818288],[28.553662,37.818235],[28.553968,37.818098],[28.553993,37.818087],[28.55433,37.818149],[28.5545,37.81818],[28.554807,37.818186],[28.554834,37.818187],[28.554852,37.818187],[28.556201,37.818241],[28.556404,37.818278],[28.556501,37.818296],[28.556668,37.818326],[28.55673,37.818316],[28.556965,37.818278],[28.55751,37.81865],[28.557786,37.818828],[28.55804,37.819001],[28.558511,37.819323],[28.558932,37.819479],[28.559232,37.81946],[28.559265,37.819458],[28.559406,37.819449],[28.559483,37.819475],[28.559937,37.81946],[28.560058,37.819456],[28.560099,37.819446],[28.560544,37.819535],[28.561026,37.819537],[28.56105,37.819517],[28.561088,37.819188],[28.561488,37.818778],[28.561701,37.818579],[28.561786,37.818541],[28.562041,37.818464],[28.562034,37.818407],[28.562293,37.818334],[28.562316,37.818277],[28.562349,37.818279],[28.562438,37.818217],[28.562445,37.818203],[28.562572,37.818274],[28.562787,37.817931],[28.56305,37.817701],[28.563515,37.81801],[28.56361,37.817971],[28.563851,37.81787],[28.563958,37.817723],[28.564291,37.81771],[28.564567,37.817603],[28.564717,37.817517],[28.564803,37.817526],[28.564843,37.81749],[28.56491,37.817484],[28.564963,37.81731],[28.565155,37.81725],[28.565287,37.817244],[28.565516,37.817296],[28.565637,37.817261],[28.565646,37.817227],[28.565738,37.817233],[28.565795,37.817215],[28.565848,37.817228],[28.566264,37.817279],[28.566282,37.81726],[28.566353,37.817268],[28.566488,37.817284],[28.566544,37.817251],[28.566516,37.816779],[28.566738,37.816805],[28.566852,37.816829],[28.567081,37.816847],[28.567166,37.816862],[28.567201,37.816867],[28.567259,37.817038],[28.567257,37.817181],[28.567483,37.817244],[28.567531,37.817071],[28.567646,37.817075],[28.567656,37.816993],[28.567809,37.816909],[28.567895,37.816895],[28.568004,37.816946],[28.568368,37.816962],[28.568355,37.81692],[28.568534,37.816869],[28.568794,37.816919],[28.568849,37.816893],[28.568837,37.816861],[28.568834,37.816846],[28.568913,37.816854],[28.568969,37.81686],[28.568994,37.816799],[28.569009,37.816746],[28.568792,37.815886],[28.568768,37.81582],[28.56889,37.815811],[28.56934,37.81578],[28.569326,37.815675],[28.569458,37.81567],[28.569394,37.815163],[28.569383,37.815072],[28.569253,37.815003],[28.569243,37.814998],[28.569226,37.814947],[28.569336,37.814898],[28.569518,37.814792],[28.569528,37.814786],[28.569693,37.814608],[28.569829,37.814399],[28.570106,37.814605],[28.570741,37.814947],[28.571059,37.815096],[28.571368,37.815277],[28.57188,37.815424],[28.571982,37.815449],[28.572093,37.815476],[28.572186,37.815387],[28.572635,37.814921],[28.572856,37.814572],[28.572981,37.81444],[28.573082,37.814475],[28.573229,37.814546],[28.573749,37.814691],[28.573906,37.814736],[28.573984,37.814798],[28.574197,37.814976],[28.574347,37.815111],[28.574606,37.815293],[28.574806,37.815399],[28.574985,37.815563],[28.575008,37.815583],[28.575184,37.815704],[28.575259,37.8158],[28.57536,37.815859],[28.57537,37.815931],[28.575499,37.816025],[28.575703,37.816118],[28.575826,37.81601],[28.575853,37.816065],[28.575904,37.816032],[28.576135,37.815878],[28.576177,37.815744],[28.57642,37.815495],[28.57649,37.815477],[28.576538,37.815491],[28.576536,37.815531],[28.576573,37.815701],[28.576591,37.815785],[28.576608,37.815861],[28.576752,37.816029],[28.576821,37.816109],[28.576745,37.816418],[28.576698,37.816681],[28.576686,37.816747],[28.576592,37.816948],[28.576591,37.816988],[28.576585,37.817041],[28.576563,37.817267],[28.576423,37.817446],[28.576412,37.817459],[28.576577,37.817649],[28.576582,37.817767],[28.576938,37.818149],[28.576716,37.81841],[28.576753,37.818548],[28.5768,37.818574],[28.576744,37.818621],[28.577157,37.818872],[28.577277,37.818944],[28.577567,37.819158],[28.577569,37.819159],[28.577914,37.819204],[28.578061,37.81913],[28.57807,37.819134],[28.578115,37.819123],[28.578812,37.819328],[28.578809,37.81936],[28.579375,37.819511],[28.579891,37.819752],[28.580076,37.819896],[28.580354,37.819668],[28.580379,37.819559],[28.580552,37.819386],[28.580492,37.819241],[28.580582,37.819198],[28.580585,37.819182],[28.58102,37.819032],[28.581341,37.819017],[28.581382,37.819058],[28.581593,37.818829],[28.581683,37.818638],[28.581721,37.81865],[28.582138,37.818327],[28.582426,37.818179],[28.582772,37.81808],[28.583018,37.81794],[28.583239,37.817754],[28.583324,37.817702],[28.583512,37.817587],[28.583723,37.817415],[28.583833,37.817267],[28.583949,37.817134],[28.58414,37.817018],[28.584506,37.816942],[28.584643,37.816836],[28.584671,37.816811],[28.584827,37.816665],[28.584994,37.816512],[28.585104,37.816411],[28.585134,37.816365],[28.585295,37.816195],[28.58536,37.81607],[28.585448,37.815983],[28.58543,37.81589],[28.585445,37.815843],[28.585465,37.815875],[28.58565,37.815869],[28.58585,37.8159],[28.586125,37.815985],[28.586318,37.815891],[28.58634,37.81568],[28.586355,37.815671],[28.586377,37.815491],[28.586321,37.815258],[28.586364,37.815251],[28.586521,37.815224],[28.586536,37.815222],[28.586548,37.815231],[28.586813,37.815175],[28.587666,37.815031],[28.589416,37.814954],[28.592812,37.814803],[28.592851,37.814858],[28.59272,37.815482],[28.592308,37.816077],[28.59346,37.816536],[28.59462,37.816284],[28.59491,37.81574]]]}},{"type":"Feature","properties":{"id":"TR-Y-09-008-M-0012","level":"yerlesim","type":"mahalle","parent_id":"TR-D-09-008","province_id":"TR-P-09","district_id":"TR-D-09-008","name":"Cuma","source_raw_name":"Cuma","source":"Kullanıcı tarafından sağlanan KML","source_label":"Kullanıcı tarafından sağlanan KML","source_name":"Aydin Mahalle KML - kullanici tarafindan saglandi"},"geometry":{"type":"Polygon","coordinates":[[[28.633318,37.73628],[28.633634,37.736252],[28.634093,37.736293],[28.634305,37.736322],[28.634484,37.736442],[28.634667,37.736387],[28.63474,37.736204],[28.634787,37.735918],[28.634874,37.735725],[28.634929,37.735511],[28.635001,37.735244],[28.63495,37.734988],[28.634991,37.734381],[28.635013,37.734066],[28.635722,37.733766],[28.635749,37.733754],[28.635875,37.733638],[28.636193,37.733328],[28.636228,37.733294],[28.636258,37.733265],[28.636373,37.733144],[28.636756,37.732763],[28.636594,37.731625],[28.637036,37.731459],[28.637139,37.73142],[28.637146,37.731417],[28.637412,37.731317],[28.637409,37.731316],[28.637407,37.731315],[28.637405,37.731314],[28.637403,37.731313],[28.637385,37.731305],[28.637164,37.731204],[28.636967,37.731114],[28.63702,37.731115],[28.63713,37.731119],[28.63723,37.731123],[28.637304,37.730941],[28.637282,37.730811],[28.637205,37.730758],[28.637101,37.730716],[28.637039,37.730714],[28.636903,37.730717],[28.63681,37.730717],[28.63671,37.730681],[28.636541,37.730618],[28.636404,37.730561],[28.636289,37.7305],[28.636212,37.730459],[28.636118,37.730414],[28.636045,37.73038],[28.635987,37.730359],[28.636025,37.729961],[28.636028,37.729935],[28.635701,37.729227],[28.635716,37.729211],[28.635856,37.728924],[28.635869,37.728694],[28.635885,37.728536],[28.635863,37.728446],[28.63584,37.728357],[28.635776,37.728227],[28.635697,37.728047],[28.635671,37.72793],[28.635725,37.727812],[28.635789,37.727766],[28.635805,37.727679],[28.635774,37.727606],[28.635686,37.727559],[28.63555,37.727506],[28.635347,37.727453],[28.635228,37.727443],[28.635105,37.727423],[28.634973,37.727412],[28.634857,37.727423],[28.634575,37.727542],[28.634561,37.72754],[28.634462,37.727522],[28.634441,37.72748],[28.634779,37.727159],[28.634921,37.726964],[28.634984,37.726885],[28.634938,37.726775],[28.634875,37.726607],[28.6348,37.726539],[28.634694,37.726443],[28.634605,37.726397],[28.634491,37.726356],[28.634412,37.726301],[28.634362,37.726225],[28.63436,37.726222],[28.634336,37.726159],[28.634338,37.726145],[28.634338,37.726145],[28.634343,37.726088],[28.634362,37.726063],[28.63438,37.726039],[28.634458,37.725992],[28.634525,37.72595],[28.634687,37.725862],[28.634739,37.7258],[28.634717,37.72574],[28.634692,37.725715],[28.634645,37.725669],[28.634594,37.725634],[28.634476,37.725571],[28.634375,37.725499],[28.634289,37.725426],[28.634207,37.725339],[28.63415,37.725225],[28.634159,37.725117],[28.634237,37.724951],[28.634287,37.724809],[28.634287,37.724765],[28.634288,37.724726],[28.634239,37.724599],[28.634212,37.724568],[28.634221,37.724559],[28.634367,37.724214],[28.634385,37.724199],[28.634451,37.724089],[28.634497,37.723886],[28.634494,37.723808],[28.634492,37.723753],[28.634431,37.723617],[28.634377,37.723556],[28.634291,37.723486],[28.634237,37.72344],[28.634183,37.723393],[28.634048,37.723272],[28.633998,37.723165],[28.633977,37.723119],[28.633974,37.723073],[28.633979,37.722987],[28.633999,37.722918],[28.634019,37.722854],[28.634022,37.722777],[28.634042,37.722681],[28.634047,37.722575],[28.633931,37.72241],[28.633902,37.722298],[28.633882,37.722009],[28.633855,37.721916],[28.633822,37.721825],[28.633827,37.721722],[28.633891,37.721638],[28.633891,37.721636],[28.633901,37.721528],[28.633914,37.721396],[28.633903,37.721339],[28.633886,37.72124],[28.633882,37.72113],[28.633828,37.72103],[28.633761,37.720967],[28.63368,37.720925],[28.633594,37.720891],[28.633489,37.720841],[28.63339,37.720759],[28.633364,37.720734],[28.633255,37.720627],[28.633248,37.720519],[28.633251,37.720497],[28.633251,37.720497],[28.633247,37.720494],[28.633241,37.720409],[28.633244,37.720322],[28.633246,37.720236],[28.633263,37.720126],[28.633268,37.719751],[28.633263,37.71963],[28.633232,37.719549],[28.633174,37.719499],[28.633173,37.719498],[28.632969,37.719161],[28.632969,37.719161],[28.63286,37.719091],[28.632888,37.718841],[28.632872,37.718696],[28.632829,37.718583],[28.632821,37.718559],[28.63273,37.718393],[28.632655,37.718095],[28.632663,37.718065],[28.632678,37.718005],[28.632707,37.717943],[28.632742,37.717865],[28.632781,37.71778],[28.632783,37.717688],[28.632727,37.717488],[28.632688,37.717416],[28.632627,37.717308],[28.632553,37.717243],[28.632357,37.717154],[28.632235,37.717037],[28.632133,37.71694],[28.632095,37.716882],[28.632002,37.716757],[28.631935,37.716637],[28.631891,37.716442],[28.631878,37.716327],[28.631866,37.716235],[28.631852,37.716133],[28.631694,37.715801],[28.631696,37.7157],[28.6317,37.715622],[28.631704,37.715531],[28.63178,37.715291],[28.631807,37.715202],[28.631818,37.715111],[28.631726,37.714985],[28.631672,37.714869],[28.631691,37.714759],[28.631783,37.714523],[28.631799,37.714481],[28.631807,37.714123],[28.631794,37.713919],[28.631691,37.713728],[28.631591,37.71363],[28.631518,37.713449],[28.631497,37.713289],[28.631526,37.713153],[28.631554,37.713024],[28.631545,37.712911],[28.631507,37.712798],[28.631435,37.712543],[28.631321,37.71244],[28.631216,37.71235],[28.631131,37.712226],[28.63107,37.712093],[28.631069,37.71209],[28.630975,37.711927],[28.630926,37.71177],[28.630892,37.711498],[28.630803,37.711383],[28.630759,37.711314],[28.630714,37.711245],[28.630664,37.7111],[28.630686,37.710962],[28.630708,37.710884],[28.63073,37.710806],[28.630672,37.710641],[28.630597,37.710488],[28.63013,37.710134],[28.630129,37.71007],[28.630106,37.709929],[28.630043,37.709837],[28.629927,37.709736],[28.6298,37.709632],[28.629763,37.709602],[28.629637,37.70951],[28.629487,37.709439],[28.629097,37.709196],[28.628662,37.70883],[28.628567,37.708703],[28.628443,37.708571],[28.628444,37.708561],[28.628444,37.708561],[28.628428,37.708556],[28.628314,37.708434],[28.628174,37.70832],[28.628058,37.708225],[28.627986,37.708134],[28.627969,37.708075],[28.627914,37.707881],[28.627789,37.707741],[28.627758,37.707716],[28.627839,37.707606],[28.62755,37.70696],[28.627163,37.706093],[28.627084,37.705916],[28.626838,37.705365],[28.626402,37.703967],[28.625338,37.703044],[28.625202,37.703034],[28.625204,37.702919],[28.625264,37.70281],[28.625349,37.702719],[28.625454,37.702637],[28.625582,37.702539],[28.62567,37.702452],[28.625705,37.702417],[28.625716,37.702339],[28.625488,37.702119],[28.6254,37.702048],[28.625317,37.701951],[28.625331,37.70184],[28.625474,37.701674],[28.62558,37.701568],[28.625626,37.701468],[28.625592,37.701381],[28.625538,37.701321],[28.625482,37.701259],[28.625401,37.701135],[28.625348,37.701022],[28.625336,37.700887],[28.625289,37.70078],[28.625209,37.700651],[28.625035,37.700535],[28.624999,37.700519],[28.624891,37.700469],[28.624795,37.700378],[28.624767,37.700244],[28.624806,37.700153],[28.624874,37.70003],[28.62488,37.700018],[28.624803,37.699908],[28.624665,37.699858],[28.624515,37.699809],[28.624422,37.69977],[28.624364,37.699747],[28.624306,37.699723],[28.624229,37.699628],[28.624219,37.699334],[28.624039,37.69918],[28.623865,37.699168],[28.623733,37.699158],[28.623711,37.699148],[28.623523,37.69906],[28.623483,37.698936],[28.623533,37.698886],[28.623547,37.698726],[28.623561,37.69869],[28.623561,37.69869],[28.623512,37.698536],[28.623512,37.698535],[28.623127,37.698479],[28.623056,37.698424],[28.623035,37.698354],[28.623035,37.698354],[28.623013,37.698325],[28.622871,37.698033],[28.622877,37.697834],[28.622852,37.697664],[28.62286,37.697623],[28.622842,37.6976],[28.62283,37.697519],[28.622829,37.697511],[28.622812,37.697459],[28.622802,37.69743],[28.622777,37.697356],[28.622725,37.697201],[28.622757,37.697071],[28.622839,37.696739],[28.622862,37.69636],[28.622853,37.696344],[28.62284,37.69632],[28.622808,37.696264],[28.622529,37.696107],[28.622353,37.696103],[28.622167,37.696007],[28.622116,37.696005],[28.622008,37.696001],[28.621864,37.695881],[28.62171,37.695681],[28.621557,37.695647],[28.621396,37.695623],[28.621022,37.695506],[28.621013,37.69543],[28.621006,37.695371],[28.620851,37.695252],[28.620679,37.695116],[28.620661,37.695102],[28.62055,37.695015],[28.620276,37.694802],[28.620206,37.694708],[28.620098,37.694469],[28.619771,37.694609],[28.619614,37.694676],[28.619465,37.694572],[28.619232,37.69441],[28.619086,37.694291],[28.619154,37.69419],[28.619126,37.694096],[28.618653,37.693866],[28.618319,37.693477],[28.618097,37.693391],[28.617932,37.693252],[28.617907,37.693285],[28.617896,37.693299],[28.617848,37.693361],[28.617841,37.693381],[28.617829,37.693374],[28.617813,37.693364],[28.617806,37.693382],[28.617776,37.693458],[28.617729,37.693611],[28.617702,37.693698],[28.617611,37.694082],[28.617593,37.694159],[28.617536,37.694402],[28.617281,37.695363],[28.617174,37.69577],[28.617152,37.695907],[28.617151,37.69591],[28.61713,37.696041],[28.617132,37.69616],[28.617136,37.696612],[28.617085,37.697029],[28.617031,37.697561],[28.616775,37.698024],[28.616615,37.698308],[28.616505,37.698484],[28.616447,37.698556],[28.616412,37.698598],[28.616316,37.69867],[28.615938,37.698904],[28.615935,37.698906],[28.61559,37.699093],[28.615427,37.699182],[28.614898,37.69948],[28.614375,37.699822],[28.614163,37.699929],[28.613974,37.700062],[28.613756,37.700347],[28.613587,37.700552],[28.613407,37.700771],[28.613176,37.701031],[28.613067,37.701132],[28.612988,37.701206],[28.612847,37.70129],[28.612734,37.701383],[28.612573,37.701611],[28.61243,37.701797],[28.612412,37.701843],[28.612309,37.702104],[28.612208,37.702235],[28.612108,37.702317],[28.611389,37.702912],[28.61128,37.703056],[28.611278,37.703074],[28.611258,37.703158],[28.6112,37.703454],[28.611193,37.703697],[28.611222,37.703866],[28.611381,37.704407],[28.611422,37.704548],[28.611428,37.704593],[28.611464,37.704863],[28.611513,37.705233],[28.611523,37.705715],[28.611483,37.706139],[28.611385,37.706502],[28.611352,37.706588],[28.61135,37.706662],[28.611349,37.706694],[28.611337,37.707097],[28.611329,37.707267],[28.611321,37.707473],[28.611269,37.707786],[28.611267,37.707796],[28.61111,37.708379],[28.611093,37.708442],[28.611005,37.708727],[28.610877,37.709142],[28.610754,37.709543],[28.610678,37.710213],[28.610413,37.711809],[28.610369,37.71207],[28.610288,37.712538],[28.61028,37.712584],[28.61024,37.71282],[28.610076,37.713771],[28.610015,37.714033],[28.609975,37.714201],[28.609938,37.71436],[28.609937,37.714369],[28.609905,37.71465],[28.60996,37.714906],[28.610001,37.714993],[28.610097,37.715198],[28.610168,37.71542],[28.610194,37.715611],[28.610167,37.715745],[28.610094,37.715973],[28.610065,37.716065],[28.610042,37.716136],[28.61,37.716267],[28.609802,37.716876],[28.609696,37.717183],[28.609604,37.717404],[28.609485,37.717635],[28.609443,37.717716],[28.609391,37.717796],[28.609235,37.718036],[28.609159,37.718307],[28.609148,37.718453],[28.609103,37.719054],[28.609091,37.71924],[28.609071,37.719557],[28.609056,37.719794],[28.609054,37.719825],[28.609052,37.719855],[28.609048,37.719919],[28.609047,37.719925],[28.609028,37.720226],[28.609001,37.720265],[28.608998,37.72031],[28.608997,37.720319],[28.608995,37.720339],[28.608368,37.720112],[28.608337,37.720147],[28.608232,37.720304],[28.608227,37.720313],[28.608083,37.720529],[28.608077,37.720538],[28.608031,37.720606],[28.60795,37.720706],[28.607906,37.72076],[28.607859,37.720818],[28.607858,37.720819],[28.607857,37.720821],[28.607814,37.720874],[28.607805,37.720885],[28.607773,37.720924],[28.607771,37.720925],[28.607725,37.720967],[28.607709,37.72098],[28.607614,37.721064],[28.607588,37.721083],[28.607541,37.721116],[28.607528,37.721125],[28.607528,37.721125],[28.607489,37.721153],[28.607488,37.721153],[28.60727,37.721307],[28.607226,37.721338],[28.607116,37.721417],[28.60693,37.721488],[28.606917,37.721493],[28.606905,37.721493],[28.606893,37.721493],[28.606893,37.721493],[28.606863,37.721493],[28.606847,37.721502],[28.606747,37.721559],[28.606632,37.721624],[28.606533,37.721681],[28.606371,37.721775],[28.606235,37.721854],[28.606175,37.721889],[28.606066,37.721955],[28.60598,37.722007],[28.605973,37.722015],[28.605906,37.722097],[28.605905,37.72212],[28.605905,37.722156],[28.605905,37.722176],[28.605903,37.72226],[28.605901,37.722405],[28.605901,37.722409],[28.605907,37.722432],[28.605916,37.722472],[28.605859,37.722643],[28.605835,37.72267],[28.60582,37.722688],[28.605691,37.722836],[28.605642,37.722892],[28.605541,37.722987],[28.60553,37.722997],[28.605484,37.723041],[28.605333,37.723187],[28.6053,37.72322],[28.605238,37.723287],[28.605008,37.723537],[28.604862,37.723698],[28.604849,37.723713],[28.6048,37.723767],[28.604846,37.723846],[28.604851,37.723892],[28.604832,37.723965],[28.604801,37.723996],[28.604737,37.724031],[28.604556,37.724041],[28.604246,37.724072],[28.604096,37.724104],[28.603988,37.724142],[28.603719,37.724237],[28.603584,37.724298],[28.603516,37.724339],[28.603421,37.724326],[28.603333,37.724303],[28.603269,37.724287],[28.603179,37.724257],[28.603184,37.724264],[28.603223,37.724322],[28.603223,37.724322],[28.603271,37.724356],[28.603294,37.724372],[28.603349,37.724411],[28.603416,37.724442],[28.60352,37.724491],[28.603529,37.724495],[28.603572,37.724515],[28.603576,37.724517],[28.603576,37.724517],[28.603577,37.724517],[28.603577,37.724517],[28.60358,37.724518],[28.603583,37.724519],[28.603595,37.724525],[28.603605,37.72453],[28.603613,37.724533],[28.603617,37.724535],[28.603623,37.724538],[28.603651,37.724551],[28.603667,37.724558],[28.603675,37.724562],[28.603706,37.724565],[28.603727,37.724567],[28.603769,37.724571],[28.603779,37.724572],[28.60378,37.724572],[28.603804,37.724575],[28.60381,37.724575],[28.603889,37.724583],[28.603949,37.724607],[28.604017,37.724633],[28.604174,37.724659],[28.604194,37.724662],[28.60421,37.724659],[28.604211,37.724658],[28.604212,37.724658],[28.604213,37.724658],[28.604222,37.724656],[28.604226,37.724655],[28.604246,37.72465],[28.604262,37.724647],[28.604337,37.72463],[28.604375,37.724615],[28.604484,37.724574],[28.60449,37.724574],[28.604553,37.724571],[28.604568,37.724571],[28.604653,37.724567],[28.604706,37.724582],[28.60475,37.724594],[28.604841,37.724619],[28.60494,37.724647],[28.60495,37.724649],[28.604954,37.724649],[28.60499,37.724656],[28.605097,37.724676],[28.605147,37.724745],[28.605148,37.724747],[28.605152,37.724753],[28.605153,37.724753],[28.605155,37.724756],[28.605161,37.724765],[28.605173,37.724781],[28.605187,37.724802],[28.605225,37.724843],[28.605257,37.724877],[28.605369,37.724854],[28.60537,37.724853],[28.605372,37.724853],[28.605372,37.724853],[28.605382,37.724851],[28.605404,37.724846],[28.605405,37.724846],[28.605412,37.724845],[28.605449,37.724833],[28.605576,37.724794],[28.605699,37.724822],[28.605757,37.724878],[28.605815,37.724934],[28.605854,37.724972],[28.605865,37.725013],[28.605876,37.725052],[28.605927,37.725236],[28.605946,37.725308],[28.60596,37.725357],[28.605965,37.72555],[28.605966,37.725566],[28.605968,37.725635],[28.605968,37.725637],[28.605971,37.72568],[28.605981,37.725852],[28.605994,37.725863],[28.60606,37.725916],[28.606162,37.725997],[28.606408,37.726145],[28.606489,37.726189],[28.60649,37.72619],[28.606494,37.726192],[28.606511,37.726201],[28.606525,37.726209],[28.60653,37.726211],[28.606595,37.726247],[28.606615,37.726258],[28.606616,37.726259],[28.60669,37.72629],[28.606854,37.726361],[28.606912,37.726386],[28.60694,37.726398],[28.606951,37.726402],[28.607026,37.726421],[28.60733,37.726497],[28.60757,37.726628],[28.607571,37.726629],[28.607571,37.726629],[28.607572,37.72663],[28.607575,37.726634],[28.607592,37.726654],[28.607597,37.726661],[28.607601,37.726666],[28.607602,37.726666],[28.607606,37.726672],[28.607607,37.726673],[28.60761,37.726676],[28.607624,37.726693],[28.607634,37.726705],[28.607669,37.726747],[28.607741,37.726835],[28.607768,37.726868],[28.607829,37.726943],[28.607856,37.726952],[28.607974,37.726995],[28.607977,37.726996],[28.607977,37.726996],[28.607977,37.726996],[28.607978,37.726996],[28.607979,37.726997],[28.60798,37.726997],[28.607982,37.726998],[28.607983,37.726998],[28.607991,37.727001],[28.608044,37.72702],[28.608154,37.72706],[28.608197,37.727075],[28.608268,37.727101],[28.608287,37.727108],[28.608321,37.72712],[28.608376,37.72714],[28.608381,37.727142],[28.608451,37.727167],[28.608452,37.727168],[28.608594,37.727219],[28.608604,37.727222],[28.608764,37.72728],[28.608892,37.727326],[28.608954,37.727348],[28.608968,37.727354],[28.609012,37.727381],[28.609018,37.727385],[28.609044,37.727401],[28.609046,37.727402],[28.60909,37.72743],[28.609096,37.727434],[28.609112,37.727443],[28.609135,37.727457],[28.609247,37.727491],[28.609254,37.727493],[28.609287,37.727503],[28.609359,37.727524],[28.609442,37.727549],[28.609453,37.72755],[28.609468,37.727552],[28.609702,37.727581],[28.61008,37.727549],[28.610281,37.727532],[28.61029,37.72753],[28.610304,37.727527],[28.610918,37.727394],[28.610919,37.727393],[28.611046,37.727367],[28.611065,37.727363],[28.611096,37.727356],[28.611297,37.72731],[28.611532,37.727303],[28.611733,37.727395],[28.611938,37.727489],[28.61194,37.72749],[28.612009,37.727521],[28.612077,37.72754],[28.612551,37.727667],[28.612935,37.727774],[28.61324,37.727858],[28.613623,37.727892],[28.613628,37.727889],[28.613801,37.727907],[28.613874,37.727913],[28.614294,37.72795],[28.614973,37.727952],[28.615106,37.728035],[28.615217,37.728243],[28.615245,37.72826],[28.615302,37.728294],[28.615445,37.728272],[28.615387,37.728012],[28.615603,37.727777],[28.615962,37.727715],[28.616098,37.727759],[28.616206,37.727779],[28.616307,37.727771],[28.616346,37.727727],[28.616401,37.727693],[28.61641,37.727693],[28.616642,37.727688],[28.616722,37.727705],[28.616771,37.727715],[28.616895,37.727741],[28.616904,37.727743],[28.617225,37.727776],[28.617347,37.727788],[28.617557,37.72792],[28.617639,37.727971],[28.617898,37.728079],[28.617923,37.728089],[28.618367,37.728087],[28.618565,37.728141],[28.618571,37.728143],[28.618714,37.728245],[28.618626,37.728421],[28.618686,37.728508],[28.618956,37.728505],[28.619032,37.728521],[28.61912,37.72862],[28.619412,37.728659],[28.619467,37.72873],[28.619523,37.728802],[28.620007,37.728876],[28.620092,37.728927],[28.620185,37.728979],[28.620242,37.72916],[28.620315,37.729249],[28.620392,37.729232],[28.620517,37.729108],[28.621056,37.72943],[28.621336,37.72943],[28.621367,37.72945],[28.621923,37.729825],[28.621982,37.729843],[28.622601,37.730028],[28.622727,37.730152],[28.623284,37.730083],[28.623677,37.730169],[28.623992,37.730211],[28.624061,37.73022],[28.624129,37.730404],[28.624168,37.730434],[28.624417,37.730626],[28.624605,37.730539],[28.624834,37.730438],[28.625227,37.730408],[28.625682,37.730765],[28.626115,37.730921],[28.626145,37.731049],[28.627003,37.731158],[28.627539,37.731126],[28.627848,37.731295],[28.628201,37.731211],[28.628427,37.7315],[28.628828,37.731589],[28.629452,37.731914],[28.629843,37.732179],[28.630069,37.732292],[28.630354,37.732621],[28.630529,37.732635],[28.63053,37.732635],[28.630531,37.732635],[28.63054,37.732636],[28.630655,37.73265],[28.630637,37.732707],[28.630656,37.732742],[28.630667,37.732763],[28.630693,37.73281],[28.630732,37.732882],[28.630798,37.732939],[28.630886,37.733013],[28.630964,37.733078],[28.630994,37.733103],[28.631087,37.733177],[28.631091,37.73318],[28.631317,37.733355],[28.631351,37.733381],[28.631681,37.733583],[28.631794,37.733672],[28.631906,37.733765],[28.631987,37.733879],[28.632064,37.734057],[28.632068,37.734071],[28.632114,37.734254],[28.632114,37.734255],[28.632409,37.734563],[28.632372,37.735049],[28.632383,37.73511],[28.632388,37.735183],[28.632396,37.735295],[28.632374,37.735391],[28.632337,37.735462],[28.632277,37.735512],[28.632391,37.736507],[28.632738,37.736478],[28.633067,37.736335],[28.633318,37.73628]]]}},{"type":"Feature","properties":{"id":"TR-Y-09-008-M-0013","level":"yerlesim","type":"mahalle","parent_id":"TR-D-09-008","province_id":"TR-P-09","district_id":"TR-D-09-008","name":"Dedeler","source_raw_name":"Dedeler","source":"Kullanıcı tarafından sağlanan KML","source_label":"Kullanıcı tarafından sağlanan KML","source_name":"Aydin Mahalle KML - kullanici tarafindan saglandi"},"geometry":{"type":"Polygon","coordinates":[[[28.714636,37.802447],[28.714003,37.799637],[28.714003,37.799637],[28.713759,37.799635],[28.712764,37.799624],[28.712686,37.797017],[28.711274,37.795838],[28.710272,37.795001],[28.709528,37.793345],[28.709528,37.793345],[28.708041,37.793328],[28.706583,37.791732],[28.70593,37.790133],[28.705642,37.789427],[28.705276,37.78853],[28.705276,37.788529],[28.706467,37.783928],[28.706858,37.78259],[28.706858,37.782589],[28.706808,37.782357],[28.706808,37.782355],[28.706931,37.781965],[28.707807,37.779187],[28.707807,37.779185],[28.70661,37.778607],[28.70661,37.778607],[28.705749,37.778444],[28.705086,37.777779],[28.705086,37.777779],[28.704375,37.777646],[28.704375,37.777646],[28.704043,37.7776],[28.704043,37.7776],[28.702716,37.77712],[28.70173,37.775588],[28.70141,37.774951],[28.700278,37.77313],[28.699555,37.77219],[28.699317,37.771653],[28.698974,37.770878],[28.698352,37.770149],[28.698351,37.770148],[28.699908,37.768683],[28.701476,37.767208],[28.70313,37.765651],[28.703131,37.765651],[28.702072,37.763386],[28.700934,37.760949],[28.699833,37.759947],[28.695107,37.755036],[28.694048,37.753935],[28.693839,37.753718],[28.693022,37.752869],[28.690592,37.750343],[28.690293,37.749976],[28.690292,37.749975],[28.690311,37.749825],[28.690493,37.749387],[28.690918,37.748665],[28.691044,37.74853],[28.69133,37.748225],[28.691497,37.74793],[28.691504,37.747468],[28.691565,37.747014],[28.691566,37.747012],[28.690146,37.746008],[28.689421,37.745464],[28.688707,37.744728],[28.688706,37.744726],[28.688879,37.744612],[28.68888,37.744611],[28.688747,37.744498],[28.688145,37.744347],[28.687771,37.744381],[28.686904,37.744087],[28.686106,37.743809],[28.685436,37.743529],[28.685339,37.743542],[28.685339,37.743542],[28.685327,37.743534],[28.683965,37.742665],[28.683465,37.742241],[28.683353,37.741975],[28.683062,37.741902],[28.683062,37.741902],[28.682648,37.741757],[28.682393,37.741584],[28.682214,37.741245],[28.682214,37.741245],[28.681768,37.741117],[28.681394,37.74092],[28.681332,37.740735],[28.680527,37.74037],[28.680079,37.740547],[28.679979,37.739868],[28.679596,37.739603],[28.679399,37.739016],[28.679062,37.738351],[28.679062,37.738351],[28.678679,37.738227],[28.678679,37.738227],[28.678448,37.738407],[28.678231,37.738342],[28.67823,37.738342],[28.678379,37.738034],[28.678379,37.738034],[28.678367,37.737706],[28.678367,37.737706],[28.677986,37.73769],[28.677986,37.73769],[28.677457,37.737874],[28.677455,37.737874],[28.677521,37.737732],[28.677528,37.737716],[28.67755,37.73767],[28.677765,37.737203],[28.677765,37.737201],[28.677514,37.737083],[28.676963,37.736827],[28.676963,37.736827],[28.676352,37.736902],[28.675913,37.736254],[28.675555,37.735907],[28.675315,37.73573],[28.675288,37.735407],[28.675144,37.735026],[28.674839,37.734824],[28.674839,37.734824],[28.67418,37.734935],[28.67403,37.734431],[28.673867,37.733905],[28.67367,37.733517],[28.673273,37.733303],[28.673269,37.733301],[28.67323,37.733203],[28.673183,37.733182],[28.672762,37.733001],[28.672762,37.733001],[28.67266,37.732992],[28.672658,37.732991],[28.672572,37.732984],[28.672549,37.732982],[28.672474,37.732975],[28.672472,37.732969],[28.672466,37.732954],[28.672428,37.732886],[28.672382,37.732733],[28.672349,37.732564],[28.672291,37.732464],[28.672282,37.732448],[28.672233,37.732387],[28.672048,37.732154],[28.672021,37.732103],[28.671868,37.731822],[28.671735,37.731526],[28.671682,37.731392],[28.671688,37.731341],[28.671743,37.731249],[28.671773,37.731148],[28.67172,37.731034],[28.671659,37.730878],[28.671577,37.730722],[28.671496,37.730643],[28.671389,37.73053],[28.671286,37.730466],[28.671249,37.730423],[28.671194,37.730215],[28.671151,37.730038],[28.671098,37.729931],[28.671064,37.729874],[28.671029,37.72974],[28.67095,37.729587],[28.670884,37.72953],[28.670803,37.729463],[28.670639,37.729405],[28.670419,37.729357],[28.670179,37.729266],[28.669818,37.729071],[28.669745,37.729006],[28.669705,37.728852],[28.669601,37.728705],[28.669527,37.728626],[28.669548,37.728577],[28.669604,37.728519],[28.669678,37.728429],[28.669765,37.728302],[28.669758,37.728159],[28.669691,37.72806],[28.669584,37.727961],[28.669532,37.727876],[28.669505,37.727785],[28.669459,37.727694],[28.669382,37.727607],[28.669272,37.727514],[28.669033,37.72732],[28.668832,37.72718],[28.668715,37.727118],[28.668542,37.727075],[28.668426,37.727042],[28.668316,37.726958],[28.668058,37.72671],[28.667955,37.726603],[28.667855,37.726495],[28.66781,37.726387],[28.667746,37.726271],[28.667673,37.726226],[28.667567,37.726176],[28.667412,37.726098],[28.666874,37.725667],[28.666837,37.725637],[28.666837,37.725637],[28.666405,37.725752],[28.666045,37.725471],[28.666045,37.725471],[28.665556,37.725649],[28.664647,37.72568],[28.664647,37.72568],[28.664647,37.72568],[28.664747,37.725281],[28.664747,37.72528],[28.664566,37.724568],[28.66387,37.72422],[28.66387,37.72422],[28.66345,37.724088],[28.663082,37.723973],[28.662764,37.723765],[28.662764,37.723765],[28.662207,37.723819],[28.662207,37.723819],[28.662087,37.723945],[28.661517,37.723864],[28.661016,37.723478],[28.660962,37.723156],[28.660136,37.722588],[28.660012,37.722453],[28.659256,37.721629],[28.65885,37.721817],[28.658655,37.72164],[28.658493,37.721491],[28.658302,37.721319],[28.658128,37.721235],[28.658061,37.721133],[28.658061,37.721132],[28.658141,37.720949],[28.658141,37.720948],[28.658104,37.72087],[28.657974,37.720783],[28.657974,37.720783],[28.65765,37.720914],[28.657539,37.721029],[28.657467,37.720909],[28.657273,37.720658],[28.657273,37.720658],[28.656604,37.720582],[28.656355,37.720467],[28.656067,37.720334],[28.655857,37.720178],[28.655818,37.720149],[28.655613,37.719998],[28.655602,37.719342],[28.655602,37.71934],[28.65556,37.719284],[28.655208,37.718808],[28.655208,37.718808],[28.654687,37.718796],[28.654687,37.718796],[28.654158,37.718954],[28.653977,37.718852],[28.65374,37.718563],[28.653679,37.718489],[28.653605,37.718432],[28.653371,37.718255],[28.653371,37.718255],[28.652915,37.718325],[28.652914,37.718325],[28.652693,37.718189],[28.652469,37.718042],[28.652178,37.717851],[28.652176,37.71785],[28.652176,37.71785],[28.652015,37.717843],[28.651828,37.717835],[28.651828,37.717835],[28.651757,37.717843],[28.651754,37.717843],[28.651754,37.717843],[28.651754,37.717844],[28.651291,37.718],[28.651218,37.718005],[28.65107,37.718015],[28.650782,37.718049],[28.650442,37.718134],[28.650375,37.718387],[28.650368,37.718413],[28.650284,37.71857],[28.650148,37.718687],[28.650036,37.718748],[28.649914,37.718754],[28.649796,37.718726],[28.649676,37.718722],[28.649412,37.718707],[28.649062,37.718692],[28.64875,37.718659],[28.648121,37.718515],[28.647895,37.718418],[28.647728,37.718346],[28.647551,37.718282],[28.647376,37.718224],[28.647176,37.718172],[28.647053,37.718152],[28.64697,37.718136],[28.646817,37.718161],[28.646716,37.718195],[28.646647,37.718251],[28.646621,37.718304],[28.646596,37.718358],[28.646516,37.718518],[28.646409,37.719208],[28.646213,37.719773],[28.64623,37.72008],[28.646199,37.720221],[28.646097,37.72034],[28.64601,37.720444],[28.645911,37.720491],[28.645685,37.720545],[28.645568,37.720551],[28.64539,37.720553],[28.645268,37.720751],[28.645176,37.720836],[28.645146,37.720915],[28.645139,37.721022],[28.645135,37.721151],[28.645126,37.721253],[28.645063,37.721561],[28.645075,37.721615],[28.645109,37.721766],[28.645196,37.721985],[28.645284,37.722203],[28.645403,37.722423],[28.64546,37.72253],[28.645528,37.722681],[28.645477,37.722784],[28.645369,37.722835],[28.645307,37.722835],[28.645246,37.722834],[28.645053,37.722808],[28.644844,37.722766],[28.644805,37.722752],[28.644283,37.72257],[28.643953,37.722514],[28.643711,37.72246],[28.643603,37.722473],[28.643515,37.722537],[28.643465,37.722578],[28.643247,37.723024],[28.643176,37.723326],[28.643098,37.723496],[28.643007,37.723596],[28.642815,37.723671],[28.642607,37.723694],[28.642317,37.723716],[28.642029,37.723693],[28.641683,37.723725],[28.641199,37.72378],[28.640958,37.723829],[28.640781,37.723893],[28.64069,37.723945],[28.640649,37.72402],[28.64061,37.724075],[28.640596,37.724171],[28.640579,37.724257],[28.640526,37.724369],[28.640483,37.724453],[28.64045,37.724512],[28.640436,37.724554],[28.640418,37.724628],[28.640579,37.724774],[28.640753,37.724876],[28.640944,37.724915],[28.64112,37.725022],[28.641217,37.725113],[28.641299,37.725215],[28.641329,37.725314],[28.641325,37.725382],[28.641297,37.72544],[28.641133,37.7257],[28.641006,37.725798],[28.64086,37.725903],[28.640792,37.725951],[28.640428,37.726211],[28.640135,37.726445],[28.639842,37.72668],[28.639646,37.726777],[28.639292,37.726825],[28.638699,37.726743],[28.63841,37.72667],[28.63776,37.726677],[28.637681,37.726713],[28.63766,37.726741],[28.63763,37.726832],[28.637617,37.726957],[28.637626,37.727155],[28.63768,37.727303],[28.637771,37.727636],[28.638086,37.727671],[28.638086,37.72767],[28.63809,37.727672],[28.638249,37.727737],[28.63825,37.727737],[28.638382,37.727816],[28.63846,37.72785],[28.638553,37.72789],[28.638743,37.727984],[28.638706,37.728104],[28.63879,37.728199],[28.638851,37.728235],[28.638959,37.7283],[28.63921,37.72845],[28.639215,37.728449],[28.639213,37.728451],[28.639368,37.728411],[28.639537,37.728369],[28.639784,37.728422],[28.640029,37.728472],[28.640183,37.728527],[28.640332,37.728578],[28.640408,37.728604],[28.640458,37.728639],[28.640479,37.728643],[28.640452,37.728809],[28.640476,37.72898],[28.640613,37.729119],[28.64074,37.729153],[28.640819,37.729174],[28.64101,37.729207],[28.641104,37.729215],[28.641455,37.729221],[28.641509,37.729249],[28.64157,37.72931],[28.641681,37.729506],[28.64171,37.729607],[28.641706,37.729777],[28.641737,37.729938],[28.641743,37.730105],[28.642354,37.730434],[28.642318,37.730558],[28.642252,37.730702],[28.642151,37.730777],[28.641983,37.730902],[28.64197,37.730919],[28.641863,37.731062],[28.641954,37.73107],[28.642055,37.73108],[28.642174,37.730975],[28.642256,37.730933],[28.642316,37.730902],[28.642862,37.730788],[28.643233,37.730759],[28.643572,37.730798],[28.64372,37.730906],[28.643724,37.730909],[28.643897,37.731035],[28.644428,37.731289],[28.644519,37.731321],[28.644731,37.731351],[28.644802,37.731401],[28.644832,37.731459],[28.644833,37.731462],[28.644851,37.731454],[28.645022,37.731381],[28.645125,37.731404],[28.645319,37.731584],[28.645398,37.731658],[28.645417,37.731675],[28.645417,37.731675],[28.645426,37.731683],[28.645458,37.731672],[28.645496,37.731722],[28.645599,37.731857],[28.645648,37.73192],[28.645791,37.73207],[28.646084,37.732379],[28.646029,37.732446],[28.645897,37.732502],[28.645593,37.732597],[28.645432,37.732703],[28.645195,37.732766],[28.645102,37.732821],[28.644948,37.733024],[28.644728,37.733122],[28.644484,37.733274],[28.644305,37.733428],[28.64422,37.733481],[28.644146,37.733491],[28.644022,37.733492],[28.643836,37.733536],[28.643614,37.733583],[28.643356,37.7336],[28.643119,37.733643],[28.642926,37.73366],[28.642703,37.733706],[28.642587,37.733603],[28.642049,37.73369],[28.641897,37.733713],[28.641741,37.733733],[28.641471,37.733746],[28.641452,37.733747],[28.641277,37.733756],[28.641005,37.733719],[28.640709,37.733703],[28.640555,37.733727],[28.640511,37.733734],[28.640149,37.733767],[28.640029,37.733779],[28.639997,37.733807],[28.639609,37.734057],[28.639484,37.73409],[28.639347,37.734174],[28.639093,37.734396],[28.639103,37.734423],[28.639115,37.734456],[28.639161,37.734491],[28.639016,37.734643],[28.63897,37.73514],[28.638933,37.735281],[28.638752,37.735557],[28.638561,37.735707],[28.638094,37.736023],[28.638013,37.736392],[28.637922,37.736391],[28.637954,37.736524],[28.638026,37.736526],[28.637993,37.73694],[28.638044,37.737147],[28.63805,37.737426],[28.638244,37.737799],[28.638205,37.73784],[28.637904,37.738036],[28.63725,37.738465],[28.637244,37.738466],[28.635307,37.738842],[28.635081,37.738886],[28.633001,37.73929],[28.632521,37.739384],[28.632371,37.739413],[28.632211,37.739541],[28.632182,37.739804],[28.632111,37.739972],[28.63182,37.739986],[28.631575,37.740128],[28.63132,37.740358],[28.631183,37.740482],[28.631089,37.740567],[28.631162,37.740701],[28.631065,37.740897],[28.630942,37.741007],[28.630814,37.741283],[28.630691,37.741243],[28.630562,37.74153],[28.630455,37.741793],[28.630298,37.742753],[28.629806,37.743481],[28.629531,37.74389],[28.628454,37.745616],[28.62792,37.746656],[28.627608,37.747197],[28.627478,37.747115],[28.626578,37.747265],[28.625547,37.748329],[28.625195,37.748734],[28.624754,37.749126],[28.624592,37.749325],[28.625322,37.749607],[28.625333,37.749611],[28.625323,37.749611],[28.624728,37.749625],[28.624557,37.749629],[28.624566,37.749638],[28.624588,37.749661],[28.624621,37.749696],[28.624545,37.749906],[28.624899,37.750154],[28.625025,37.750323],[28.625531,37.749932],[28.626081,37.749802],[28.626262,37.749845],[28.627205,37.750073],[28.627263,37.750087],[28.627838,37.750226],[28.627942,37.750251],[28.628602,37.75041],[28.629535,37.750873],[28.630109,37.751158],[28.630498,37.751508],[28.631384,37.750879],[28.633673,37.751197],[28.634331,37.751842],[28.635141,37.751189],[28.63601,37.751883],[28.636648,37.751891],[28.637297,37.752226],[28.638449,37.751738],[28.639736,37.752827],[28.639863,37.752907],[28.642609,37.754641],[28.643575,37.754886],[28.644526,37.755359],[28.64584,37.755313],[28.646413,37.755488],[28.647109,37.755674],[28.647585,37.756176],[28.648892,37.755905],[28.649862,37.756231],[28.651175,37.756489],[28.651239,37.75768],[28.654913,37.757231],[28.656053,37.757238],[28.657647,37.757536],[28.658446,37.757921],[28.659364,37.758911],[28.660237,37.759802],[28.660971,37.760626],[28.661445,37.762386],[28.662814,37.762695],[28.663157,37.763388],[28.663709,37.764504],[28.66365,37.7651],[28.664815,37.766559],[28.665276,37.76731],[28.665353,37.768076],[28.666055,37.768292],[28.669074,37.769225],[28.672224,37.769039],[28.672742,37.768969],[28.674998,37.768663],[28.675633,37.769052],[28.676425,37.768956],[28.677251,37.768754],[28.678045,37.769084],[28.679128,37.770122],[28.679929,37.769842],[28.680881,37.770432],[28.680843,37.771154],[28.68157,37.773257],[28.681862,37.774632],[28.681879,37.774918],[28.68191,37.775433],[28.682493,37.776184],[28.682161,37.777139],[28.683728,37.778729],[28.684118,37.779124],[28.684514,37.779526],[28.685674,37.780645],[28.685715,37.780707],[28.6868,37.782336],[28.687105,37.783031],[28.687986,37.783733],[28.688733,37.784329],[28.689818,37.784965],[28.690944,37.785513],[28.692177,37.78645],[28.692671,37.787282],[28.694191,37.788339],[28.694634,37.788646],[28.695735,37.789113],[28.697243,37.791029],[28.698047,37.791461],[28.699093,37.793452],[28.699779,37.794287],[28.700296,37.794917],[28.700419,37.795481],[28.700337,37.795688],[28.700179,37.796088],[28.702124,37.798486],[28.7047,37.80053],[28.70493,37.800622],[28.704957,37.800628],[28.705023,37.800624],[28.705082,37.800622],[28.705161,37.800608],[28.70523,37.800598],[28.705263,37.800593],[28.705398,37.800563],[28.705477,37.800547],[28.705567,37.800551],[28.705682,37.800578],[28.705781,37.800633],[28.705821,37.800722],[28.705858,37.800803],[28.705894,37.80083],[28.705921,37.800851],[28.706028,37.800863],[28.706191,37.800874],[28.706294,37.800903],[28.70647,37.80101],[28.706611,37.801126],[28.706664,37.80121],[28.706665,37.801211],[28.706675,37.801226],[28.706733,37.801312],[28.706808,37.80135],[28.706874,37.80136],[28.706989,37.801352],[28.707003,37.801353],[28.707097,37.801358],[28.707163,37.801355],[28.707217,37.801349],[28.70726,37.80136],[28.707281,37.801374],[28.707372,37.801436],[28.707431,37.801434],[28.707523,37.80141],[28.707608,37.801397],[28.707669,37.801354],[28.707723,37.801335],[28.707832,37.801336],[28.707941,37.801347],[28.707951,37.801348],[28.707996,37.801383],[28.708031,37.801416],[28.708034,37.801433],[28.708041,37.801482],[28.708039,37.801519],[28.708034,37.801657],[28.708032,37.801748],[28.708068,37.801793],[28.708161,37.801808],[28.708353,37.801786],[28.708612,37.80177],[28.708781,37.801799],[28.708856,37.801832],[28.708889,37.8019],[28.708877,37.801988],[28.708852,37.802097],[28.70886,37.802132],[28.709097,37.802215],[28.709188,37.802196],[28.709326,37.802178],[28.709448,37.802177],[28.709527,37.802183],[28.709617,37.802212],[28.709677,37.802224],[28.709775,37.802216],[28.709882,37.802207],[28.709914,37.802215],[28.709995,37.802237],[28.710068,37.802299],[28.710109,37.80237],[28.710134,37.802415],[28.710201,37.802503],[28.710343,37.802578],[28.710501,37.802657],[28.710561,37.802693],[28.710666,37.802756],[28.710731,37.802833],[28.71076,37.802919],[28.710751,37.803012],[28.710727,37.80313],[28.710734,37.803239],[28.710776,37.803361],[28.710781,37.803371],[28.710843,37.803485],[28.710895,37.803531],[28.710938,37.803547],[28.710993,37.803568],[28.711192,37.803643],[28.711358,37.803729],[28.711497,37.803774],[28.711708,37.803805],[28.711835,37.803812],[28.711915,37.803837],[28.712038,37.80391],[28.712066,37.803932],[28.712192,37.804028],[28.712236,37.804049],[28.712262,37.804062],[28.712372,37.803987],[28.713077,37.803508],[28.714636,37.802447],[28.714636,37.802447]]]}},{"type":"Feature","properties":{"id":"TR-Y-09-008-M-0014","level":"yerlesim","type":"mahalle","parent_id":"TR-D-09-008","province_id":"TR-P-09","district_id":"TR-D-09-008","name":"Dereköy","source_raw_name":"Dereköy","source":"Kullanıcı tarafından sağlanan KML","source_label":"Kullanıcı tarafından sağlanan KML","source_name":"Aydin Mahalle KML - kullanici tarafindan saglandi"},"geometry":{"type":"Polygon","coordinates":[[[28.603016,37.778009],[28.603174,37.777729],[28.603212,37.777601],[28.60325,37.777498],[28.603328,37.777349],[28.603382,37.777246],[28.603463,37.777132],[28.603503,37.777047],[28.60353,37.776991],[28.603584,37.776854],[28.603635,37.776784],[28.603669,37.776737],[28.603771,37.776622],[28.603892,37.776385],[28.603958,37.776241],[28.603983,37.776166],[28.604008,37.776091],[28.604039,37.776013],[28.60406,37.775962],[28.604078,37.775918],[28.603998,37.77587],[28.603923,37.775829],[28.603779,37.77575],[28.603732,37.775715],[28.603678,37.77567],[28.603617,37.775627],[28.60356,37.775596],[28.6035,37.775574],[28.603371,37.775549],[28.603258,37.775517],[28.60319,37.775496],[28.60312,37.775466],[28.603075,37.775449],[28.603061,37.775444],[28.602989,37.775431],[28.602927,37.775424],[28.602689,37.775429],[28.602623,37.775437],[28.602428,37.775447],[28.602358,37.775451],[28.602298,37.775452],[28.602258,37.775443],[28.602199,37.775415],[28.602156,37.77538],[28.602149,37.775375],[28.602124,37.77534],[28.602101,37.775323],[28.601954,37.775215],[28.601827,37.775159],[28.601776,37.775129],[28.601712,37.775084],[28.601664,37.775037],[28.601622,37.774988],[28.601595,37.774948],[28.601588,37.774928],[28.601548,37.774808],[28.601555,37.774566],[28.601543,37.77448],[28.601515,37.774412],[28.601473,37.774262],[28.601478,37.7742],[28.601524,37.774075],[28.601573,37.773993],[28.601583,37.773976],[28.601603,37.773939],[28.60165,37.773856],[28.601657,37.773843],[28.601702,37.773763],[28.601711,37.773749],[28.601711,37.773749],[28.601747,37.773693],[28.601792,37.773642],[28.601882,37.773597],[28.602015,37.773529],[28.602073,37.773489],[28.602106,37.773441],[28.602122,37.773399],[28.602144,37.773298],[28.602145,37.773249],[28.602139,37.773197],[28.602132,37.773163],[28.602031,37.773014],[28.601993,37.772967],[28.60193,37.772907],[28.601788,37.772802],[28.60174,37.772758],[28.601716,37.772714],[28.601715,37.772682],[28.601737,37.772643],[28.601784,37.77261],[28.601857,37.772575],[28.601908,37.772536],[28.601927,37.772489],[28.601926,37.772477],[28.601924,37.77245],[28.601903,37.772411],[28.601882,37.772389],[28.60174,37.77227],[28.601673,37.772212],[28.601625,37.772138],[28.601609,37.772079],[28.601611,37.77195],[28.601615,37.7719],[28.601619,37.771844],[28.601613,37.771654],[28.601596,37.771587],[28.601565,37.771549],[28.601501,37.771493],[28.601428,37.771451],[28.601314,37.771409],[28.601271,37.771385],[28.601246,37.771361],[28.601225,37.771339],[28.601202,37.771289],[28.601199,37.771226],[28.601201,37.771154],[28.601168,37.770997],[28.601166,37.770951],[28.601177,37.770879],[28.60121,37.77072],[28.601196,37.770651],[28.601153,37.770587],[28.601091,37.770512],[28.601037,37.770426],[28.601004,37.770346],[28.600989,37.770275],[28.600988,37.770201],[28.600975,37.770134],[28.600923,37.770055],[28.600875,37.770019],[28.60082,37.769986],[28.600745,37.769972],[28.600735,37.769971],[28.600726,37.769967],[28.600707,37.769959],[28.600676,37.769946],[28.600644,37.769913],[28.600625,37.769869],[28.600613,37.769814],[28.600601,37.769773],[28.600587,37.769728],[28.600583,37.769713],[28.600574,37.769684],[28.601324,37.769467],[28.60157,37.769396],[28.602107,37.76921],[28.602685,37.769059],[28.603437,37.76883],[28.603986,37.768697],[28.60411,37.768638],[28.604766,37.768398],[28.604885,37.768364],[28.605034,37.768261],[28.605441,37.767981],[28.605861,37.767628],[28.606277,37.767141],[28.606273,37.767078],[28.60628,37.766999],[28.606286,37.766802],[28.606277,37.766717],[28.606211,37.766424],[28.606207,37.766407],[28.606119,37.766207],[28.606044,37.766061],[28.606027,37.766027],[28.605905,37.765791],[28.605909,37.765748],[28.605927,37.76569],[28.605942,37.765662],[28.606111,37.76546],[28.606143,37.765425],[28.606281,37.765395],[28.606588,37.765327],[28.607267,37.76525],[28.60739,37.76524],[28.607432,37.765239],[28.607469,37.765241],[28.607488,37.765242],[28.607597,37.765257],[28.60766,37.765158],[28.607861,37.764846],[28.608421,37.764056],[28.609136,37.762995],[28.609891,37.761959],[28.610208,37.761506],[28.610193,37.7615],[28.609949,37.761395],[28.609694,37.761276],[28.609628,37.761216],[28.609589,37.761171],[28.609548,37.761106],[28.609496,37.760945],[28.609475,37.760848],[28.609505,37.760783],[28.609571,37.760736],[28.609583,37.760731],[28.609562,37.760701],[28.60953,37.760688],[28.609349,37.760665],[28.609282,37.760674],[28.609112,37.760709],[28.60911,37.76071],[28.608976,37.760741],[28.608922,37.76075],[28.608861,37.76075],[28.608787,37.760743],[28.608723,37.760735],[28.608561,37.760688],[28.608347,37.760607],[28.608199,37.760483],[28.60815,37.760466],[28.608089,37.760469],[28.608008,37.760501],[28.607923,37.760542],[28.607838,37.760571],[28.607666,37.760618],[28.607584,37.760619],[28.607492,37.760606],[28.60749,37.760606],[28.607434,37.760592],[28.60736,37.760575],[28.607272,37.760567],[28.607203,37.760561],[28.607168,37.760557],[28.607074,37.760545],[28.606977,37.760533],[28.60691,37.760535],[28.606871,37.760552],[28.606866,37.760554],[28.606814,37.760592],[28.606757,37.760622],[28.606721,37.76063],[28.606657,37.760624],[28.606605,37.760598],[28.606566,37.76056],[28.606537,37.76053],[28.606511,37.760477],[28.606472,37.76035],[28.60645,37.760292],[28.606445,37.76028],[28.606405,37.760219],[28.606376,37.760185],[28.606274,37.760098],[28.606118,37.759966],[28.606049,37.759912],[28.605883,37.759793],[28.605785,37.759745],[28.605749,37.759727],[28.605694,37.759699],[28.60551,37.759592],[28.605435,37.759537],[28.605403,37.759509],[28.605273,37.759416],[28.605074,37.75942],[28.604971,37.75942],[28.604902,37.75942],[28.604814,37.759418],[28.604812,37.759417],[28.604783,37.759412],[28.604775,37.75941],[28.604737,37.759392],[28.604698,37.759358],[28.604646,37.759316],[28.604597,37.759294],[28.604502,37.759284],[28.604383,37.759249],[28.604307,37.759238],[28.604228,37.759229],[28.604132,37.75923],[28.604038,37.759231],[28.603888,37.75923],[28.60383,37.759219],[28.603794,37.759202],[28.60377,37.759191],[28.603738,37.759164],[28.603696,37.75912],[28.603644,37.759072],[28.60357,37.759025],[28.603523,37.759017],[28.603494,37.759019],[28.603475,37.75902],[28.603438,37.759038],[28.603378,37.759067],[28.603305,37.759098],[28.603276,37.759106],[28.603217,37.759124],[28.60314,37.759142],[28.603028,37.759158],[28.602979,37.759166],[28.602882,37.75916],[28.602839,37.759148],[28.602795,37.759124],[28.602767,37.759099],[28.602639,37.758982],[28.602404,37.758823],[28.602322,37.758799],[28.602257,37.758773],[28.60224,37.758766],[28.602042,37.75873],[28.601933,37.758706],[28.601842,37.758676],[28.601795,37.758661],[28.601605,37.758623],[28.601512,37.758629],[28.601469,37.758639],[28.601372,37.758676],[28.601321,37.758696],[28.601285,37.75871],[28.60125,37.758724],[28.601173,37.758738],[28.601134,37.758739],[28.601098,37.75874],[28.601037,37.758735],[28.600988,37.758721],[28.600898,37.758679],[28.600881,37.758671],[28.600728,37.75862],[28.600641,37.758597],[28.600569,37.758596],[28.600551,37.758596],[28.600475,37.758596],[28.600243,37.758578],[28.600157,37.758568],[28.600079,37.758548],[28.600027,37.758525],[28.599954,37.758451],[28.599932,37.758436],[28.599873,37.758396],[28.599849,37.758388],[28.599837,37.758384],[28.599783,37.758366],[28.599682,37.758328],[28.599603,37.758295],[28.599528,37.758252],[28.599523,37.75825],[28.599433,37.758213],[28.599348,37.758185],[28.599333,37.758181],[28.599253,37.758164],[28.599224,37.758157],[28.599124,37.758126],[28.599042,37.75809],[28.599032,37.758085],[28.598913,37.757931],[28.598899,37.757886],[28.598869,37.757788],[28.598821,37.75769],[28.598791,37.757643],[28.598779,37.757631],[28.598729,37.757583],[28.5985,37.757448],[28.598498,37.757447],[28.598461,37.757424],[28.598192,37.757321],[28.597963,37.757233],[28.597677,37.757075],[28.597623,37.757045],[28.597547,37.757002],[28.597533,37.757003],[28.597445,37.756995],[28.597363,37.756986],[28.597262,37.756987],[28.597198,37.756996],[28.597186,37.756997],[28.596822,37.756947],[28.596756,37.75692],[28.596676,37.756899],[28.596598,37.75687],[28.59648,37.756816],[28.596391,37.756765],[28.596341,37.75673],[28.596141,37.756604],[28.59608,37.756547],[28.596033,37.756506],[28.595992,37.75644],[28.595949,37.756368],[28.595868,37.756288],[28.595764,37.756201],[28.595618,37.756139],[28.595569,37.756125],[28.595452,37.756109],[28.595425,37.756103],[28.595371,37.756093],[28.59532,37.756051],[28.595308,37.756],[28.59526,37.755811],[28.595232,37.755747],[28.595168,37.755715],[28.595084,37.755707],[28.594997,37.755705],[28.594919,37.755691],[28.594877,37.755666],[28.594789,37.755592],[28.594725,37.755551],[28.594625,37.755522],[28.594525,37.755487],[28.594524,37.755486],[28.594448,37.755328],[28.594451,37.755265],[28.594452,37.75524],[28.594454,37.755206],[28.594451,37.755125],[28.594436,37.755058],[28.594411,37.755016],[28.594372,37.754956],[28.59423,37.754837],[28.594123,37.754791],[28.594021,37.754767],[28.593985,37.754762],[28.593937,37.754756],[28.593844,37.754759],[28.593749,37.754772],[28.593638,37.754781],[28.593498,37.75478],[28.593362,37.754768],[28.593284,37.754758],[28.593035,37.754688],[28.593017,37.75467],[28.593013,37.75467],[28.592327,37.753973],[28.591978,37.753754],[28.591945,37.753763],[28.591852,37.753783],[28.59178,37.753781],[28.591722,37.753758],[28.591651,37.753714],[28.591325,37.753594],[28.591228,37.753537],[28.591177,37.753467],[28.591143,37.753387],[28.591117,37.753327],[28.591116,37.753326],[28.591073,37.753246],[28.591015,37.753173],[28.590934,37.753072],[28.590921,37.75306],[28.590875,37.753014],[28.590786,37.752957],[28.590695,37.752926],[28.59058,37.752913],[28.590475,37.75291],[28.590368,37.75291],[28.590229,37.752896],[28.590148,37.752885],[28.589987,37.752849],[28.589891,37.752827],[28.589817,37.752771],[28.589758,37.752725],[28.589689,37.752641],[28.589616,37.752558],[28.589539,37.752513],[28.589404,37.752463],[28.589294,37.752423],[28.589205,37.752364],[28.58915,37.752308],[28.589127,37.75226],[28.589108,37.752197],[28.589098,37.752132],[28.589044,37.752024],[28.58903,37.751997],[28.589004,37.751966],[28.588964,37.751918],[28.588912,37.751883],[28.588865,37.751851],[28.58885,37.751846],[28.588759,37.751815],[28.588624,37.751748],[28.588547,37.751665],[28.588466,37.751591],[28.588337,37.751473],[28.588333,37.75147],[28.588222,37.751387],[28.587827,37.751189],[28.587424,37.751028],[28.587391,37.751013],[28.587344,37.750991],[28.587317,37.750979],[28.587158,37.750905],[28.587119,37.750854],[28.587098,37.750827],[28.587095,37.750824],[28.587094,37.750822],[28.587023,37.750727],[28.586751,37.750193],[28.586599,37.750027],[28.58657,37.750014],[28.586434,37.749957],[28.586347,37.749871],[28.586192,37.749718],[28.585962,37.749544],[28.585914,37.749472],[28.5859,37.749461],[28.585889,37.749435],[28.585827,37.749341],[28.58564,37.749139],[28.58556,37.748959],[28.585381,37.748887],[28.585368,37.748879],[28.584882,37.748566],[28.584775,37.748524],[28.584744,37.748521],[28.584737,37.748509],[28.584676,37.748485],[28.584616,37.748353],[28.584606,37.748157],[28.584636,37.747988],[28.584642,37.747894],[28.584647,37.74781],[28.584666,37.747509],[28.584791,37.747122],[28.584867,37.746889],[28.584943,37.746655],[28.584956,37.746639],[28.58508,37.746473],[28.585098,37.746448],[28.585137,37.746396],[28.585127,37.746219],[28.585032,37.746029],[28.584871,37.74589],[28.584784,37.745848],[28.584782,37.745847],[28.584742,37.745828],[28.584562,37.745741],[28.584431,37.74572],[28.584143,37.745726],[28.584019,37.745683],[28.58406,37.745723],[28.58404,37.745717],[28.58383,37.745664],[28.583507,37.745581],[28.58335,37.74557],[28.583185,37.745559],[28.582982,37.745622],[28.582691,37.74577],[28.582546,37.7459],[28.582454,37.745995],[28.582016,37.74618],[28.582004,37.746184],[28.581995,37.746184],[28.581829,37.746191],[28.581543,37.746145],[28.581457,37.746092],[28.580927,37.746046],[28.580836,37.746134],[28.579695,37.746183],[28.57963,37.746186],[28.579625,37.746212],[28.579621,37.74623],[28.580073,37.74721],[28.580059,37.748082],[28.579341,37.74893],[28.579149,37.749098],[28.578247,37.750163],[28.578585,37.750251],[28.578584,37.750305],[28.578418,37.750685],[28.57817,37.751257],[28.578175,37.751302],[28.578191,37.751447],[28.578087,37.751479],[28.57811,37.751733],[28.578076,37.751739],[28.578062,37.751734],[28.577911,37.75169],[28.577793,37.75178],[28.577625,37.752015],[28.577386,37.752349],[28.577358,37.752389],[28.577279,37.752499],[28.577264,37.752546],[28.577337,37.752591],[28.577726,37.752808],[28.577796,37.75284],[28.578157,37.753046],[28.578253,37.753117],[28.57832,37.753166],[28.578334,37.753196],[28.578343,37.753184],[28.578347,37.753179],[28.579025,37.753718],[28.579213,37.753929],[28.579258,37.754029],[28.579272,37.754061],[28.579414,37.754373],[28.579412,37.754378],[28.57943,37.754419],[28.579429,37.754422],[28.579427,37.754428],[28.579408,37.754488],[28.579398,37.754507],[28.579277,37.75474],[28.579168,37.754949],[28.57914,37.755004],[28.579006,37.755261],[28.578785,37.75582],[28.578461,37.756097],[28.578445,37.75613],[28.578422,37.756125],[28.577592,37.75683],[28.577179,37.757217],[28.577088,37.757303],[28.57685,37.757526],[28.576749,37.75762],[28.576548,37.757839],[28.576318,37.757858],[28.576226,37.757866],[28.575422,37.757934],[28.574672,37.757997],[28.574263,37.758032],[28.574142,37.758028],[28.574121,37.758685],[28.574119,37.758727],[28.573805,37.759137],[28.573325,37.759516],[28.573237,37.759585],[28.572513,37.760155],[28.572417,37.760233],[28.572385,37.760262],[28.571585,37.760979],[28.571524,37.761034],[28.571092,37.761421],[28.570762,37.761716],[28.570732,37.761709],[28.570751,37.761726],[28.570898,37.761826],[28.571043,37.761925],[28.570844,37.76219],[28.570878,37.762404],[28.570568,37.762692],[28.570332,37.762739],[28.569711,37.763251],[28.569636,37.763322],[28.569856,37.764248],[28.569918,37.764398],[28.570261,37.765229],[28.571201,37.766201],[28.5715,37.766415],[28.571531,37.76642],[28.57185,37.766707],[28.572203,37.766971],[28.572236,37.767001],[28.57243,37.767226],[28.573015,37.767422],[28.573258,37.767447],[28.573641,37.767591],[28.573795,37.76762],[28.574267,37.767766],[28.57511,37.768026],[28.57536,37.768103],[28.575751,37.768223],[28.576218,37.768589],[28.576238,37.768572],[28.576254,37.768558],[28.576262,37.768551],[28.576433,37.768485],[28.576465,37.768473],[28.576547,37.768442],[28.576684,37.76839],[28.57689,37.768501],[28.577203,37.768553],[28.577295,37.768601],[28.577658,37.768789],[28.577687,37.768805],[28.577839,37.768854],[28.577897,37.768848],[28.578041,37.768833],[28.57805,37.768775],[28.578087,37.768774],[28.578104,37.768773],[28.578186,37.768771],[28.57824,37.768775],[28.578285,37.768768],[28.578349,37.768749],[28.578509,37.768666],[28.578533,37.768658],[28.578574,37.768643],[28.578635,37.768639],[28.578657,37.768636],[28.578726,37.768628],[28.578934,37.768656],[28.578986,37.768663],[28.579069,37.768693],[28.579363,37.768766],[28.579413,37.768774],[28.579445,37.768779],[28.579505,37.768801],[28.579561,37.768833],[28.579571,37.768838],[28.5796,37.768861],[28.579651,37.768901],[28.579784,37.769028],[28.579856,37.769111],[28.579879,37.769138],[28.579948,37.769197],[28.57995,37.769199],[28.579982,37.769224],[28.580038,37.769268],[28.580108,37.769323],[28.580161,37.769366],[28.58019,37.769389],[28.580249,37.769421],[28.580312,37.76945],[28.58038,37.769471],[28.58045,37.769499],[28.580512,37.769521],[28.580547,37.769534],[28.580637,37.769551],[28.580804,37.769577],[28.580831,37.769581],[28.580835,37.769584],[28.582357,37.769058],[28.582358,37.769033],[28.58237,37.769025],[28.582409,37.769001],[28.582486,37.768953],[28.582549,37.768917],[28.582677,37.768856],[28.582782,37.768836],[28.582822,37.768828],[28.582866,37.768859],[28.582962,37.768927],[28.583029,37.768965],[28.583098,37.769008],[28.583101,37.769009],[28.583174,37.769064],[28.583291,37.769116],[28.583331,37.76912],[28.583392,37.769123],[28.583452,37.769131],[28.583498,37.769139],[28.583553,37.769166],[28.583588,37.769204],[28.583616,37.769257],[28.583627,37.769298],[28.583645,37.76935],[28.583685,37.769402],[28.583728,37.769441],[28.583769,37.769459],[28.584036,37.769481],[28.584107,37.769497],[28.584133,37.769511],[28.584171,37.769543],[28.584288,37.769622],[28.58425,37.769749],[28.58428,37.769806],[28.584308,37.769843],[28.584363,37.769895],[28.584397,37.769953],[28.584473,37.770021],[28.584516,37.770054],[28.584542,37.770067],[28.584573,37.770084],[28.584624,37.7701],[28.584696,37.770115],[28.584972,37.769992],[28.58513,37.77016],[28.585136,37.770178],[28.585683,37.770355],[28.586064,37.770738],[28.586279,37.770761],[28.586694,37.770914],[28.586909,37.770992],[28.587136,37.771287],[28.587214,37.771303],[28.587267,37.771319],[28.587248,37.771541],[28.587517,37.771551],[28.587581,37.771554],[28.587843,37.771632],[28.587985,37.77172],[28.588089,37.772017],[28.58829,37.772307],[28.589005,37.772739],[28.590099,37.773445],[28.590712,37.772733],[28.59058,37.77266],[28.590233,37.771756],[28.590263,37.771749],[28.590295,37.771741],[28.590599,37.771498],[28.590605,37.771458],[28.590655,37.7711],[28.591087,37.770961],[28.59116,37.770937],[28.591168,37.770864],[28.590813,37.770516],[28.590605,37.770308],[28.591269,37.769964],[28.59129,37.769945],[28.591331,37.769861],[28.59137,37.769781],[28.591342,37.769501],[28.591337,37.76945],[28.591998,37.768725],[28.59246,37.768519],[28.5925,37.768544],[28.59256,37.76858],[28.592551,37.768686],[28.592547,37.768725],[28.592644,37.76882],[28.592544,37.769029],[28.59257,37.769152],[28.592555,37.769192],[28.592381,37.769462],[28.592367,37.769483],[28.592219,37.769829],[28.592263,37.770024],[28.592335,37.770118],[28.592418,37.770224],[28.592408,37.770294],[28.592419,37.77032],[28.592607,37.770463],[28.592575,37.770631],[28.592536,37.770838],[28.592716,37.771051],[28.592737,37.7711],[28.592856,37.771223],[28.592836,37.771342],[28.59356,37.771764],[28.59369,37.771823],[28.593877,37.771908],[28.594024,37.772034],[28.594435,37.772125],[28.594401,37.772334],[28.594718,37.772405],[28.594824,37.772585],[28.595099,37.772897],[28.595112,37.772908],[28.595141,37.772932],[28.595538,37.77313],[28.595496,37.773217],[28.595689,37.773451],[28.595703,37.773476],[28.59587,37.773788],[28.595952,37.773985],[28.596389,37.774214],[28.596445,37.774243],[28.596476,37.774331],[28.596479,37.774339],[28.596582,37.774635],[28.596696,37.774755],[28.596844,37.775046],[28.596825,37.775349],[28.597037,37.775496],[28.597083,37.775813],[28.596996,37.776108],[28.597007,37.776273],[28.597119,37.776761],[28.597523,37.777105],[28.597904,37.77743],[28.598524,37.777321],[28.599413,37.777608],[28.600196,37.777861],[28.601346,37.777829],[28.601478,37.777967],[28.601825,37.778333],[28.601954,37.778713],[28.602662,37.77897],[28.60282,37.779027],[28.602836,37.778998],[28.602831,37.778994],[28.602695,37.7784],[28.602747,37.778364],[28.602758,37.778357],[28.602821,37.778291],[28.602888,37.778208],[28.602957,37.778099],[28.603016,37.778009]]]}},{"type":"Feature","properties":{"id":"TR-Y-09-008-M-0015","level":"yerlesim","type":"mahalle","parent_id":"TR-D-09-008","province_id":"TR-P-09","district_id":"TR-D-09-008","name":"Dikmen","source_raw_name":"Dikmen","source":"Kullanıcı tarafından sağlanan KML","source_label":"Kullanıcı tarafından sağlanan KML","source_name":"Aydin Mahalle KML - kullanici tarafindan saglandi"},"geometry":{"type":"Polygon","coordinates":[[[28.890661,37.722352],[28.89212,37.720029],[28.897024,37.715703],[28.897024,37.715702],[28.901306,37.713865],[28.901307,37.713864],[28.901322,37.713857],[28.901322,37.713857],[28.901322,37.713858],[28.901322,37.713858],[28.901322,37.713858],[28.904575,37.712079],[28.905632,37.711184],[28.905655,37.711134],[28.905863,37.710693],[28.905863,37.710692],[28.905863,37.710692],[28.905863,37.710692],[28.905849,37.710694],[28.905725,37.710717],[28.905725,37.710716],[28.9035,37.711112],[28.901102,37.711257],[28.899506,37.711209],[28.896151,37.710643],[28.893515,37.709884],[28.891233,37.709923],[28.891273,37.709887],[28.891123,37.709889],[28.889464,37.710609],[28.887293,37.711502],[28.884297,37.712508],[28.881846,37.713164],[28.879449,37.7142],[28.876614,37.715305],[28.873973,37.715187],[28.872811,37.716329],[28.870729,37.717674],[28.867497,37.71931],[28.865802,37.720295],[28.862501,37.721446],[28.858795,37.721622],[28.855496,37.721319],[28.855494,37.721319],[28.855478,37.721317],[28.851491,37.719914],[28.847671,37.717571],[28.844803,37.71542],[28.842308,37.713788],[28.840148,37.712797],[28.837756,37.711516],[28.835743,37.711058],[28.833723,37.710856],[28.829661,37.711877],[28.828579,37.712094],[28.827784,37.712253],[28.827217,37.71229],[28.824956,37.712437],[28.823355,37.712234],[28.822099,37.712075],[28.82041,37.712039],[28.819389,37.712017],[28.819294,37.711983],[28.819279,37.711983],[28.816393,37.710949],[28.815027,37.710646],[28.814128,37.710446],[28.814008,37.710419],[28.813994,37.710416],[28.810976,37.710568],[28.8094,37.711464],[28.808356,37.712058],[28.8082,37.71217],[28.808132,37.712218],[28.807647,37.712566],[28.807635,37.712574],[28.806708,37.713238],[28.806692,37.713249],[28.80631,37.713523],[28.802993,37.715261],[28.80296,37.715278],[28.801301,37.716353],[28.800106,37.716974],[28.800116,37.716974],[28.800156,37.716962],[28.800188,37.716953],[28.800818,37.716777],[28.800841,37.71677],[28.801044,37.717609],[28.801072,37.717725],[28.801116,37.717907],[28.80122,37.718333],[28.801394,37.718584],[28.801902,37.719319],[28.80224,37.719806],[28.802948,37.72036],[28.80354,37.720508],[28.804046,37.720572],[28.804582,37.721403],[28.805197,37.721751],[28.805215,37.721765],[28.805827,37.722237],[28.807752,37.723498],[28.808541,37.724111],[28.810056,37.725287],[28.81264,37.727107],[28.813958,37.728227],[28.814838,37.728976],[28.817474,37.730702],[28.818433,37.731358],[28.818627,37.731491],[28.818904,37.73168],[28.819111,37.731821],[28.867394,37.741987],[28.869552,37.740987],[28.872086,37.739431],[28.873187,37.737497],[28.8747,37.734546],[28.875599,37.733736],[28.876588,37.73321],[28.877412,37.732404],[28.877412,37.732404],[28.878776,37.73008],[28.884441,37.725761],[28.890661,37.722352]]]}},{"type":"Feature","properties":{"id":"TR-Y-09-008-M-0016","level":"yerlesim","type":"mahalle","parent_id":"TR-D-09-008","province_id":"TR-P-09","district_id":"TR-D-09-008","name":"Esençay","source_raw_name":"Esençay","source":"Kullanıcı tarafından sağlanan KML","source_label":"Kullanıcı tarafından sağlanan KML","source_name":"Aydin Mahalle KML - kullanici tarafindan saglandi"},"geometry":{"type":"Polygon","coordinates":[[[28.513098,37.749251],[28.513427,37.750006],[28.513097,37.750149],[28.512617,37.750359],[28.51235,37.750897],[28.512332,37.75091],[28.512075,37.751098],[28.512011,37.75107],[28.511642,37.751557],[28.511642,37.751556],[28.511641,37.751557],[28.511561,37.751595],[28.510887,37.750739],[28.510166,37.750174],[28.510025,37.750064],[28.509668,37.750021],[28.509178,37.749987],[28.50904,37.749978],[28.508487,37.749931],[28.507581,37.749704],[28.506578,37.749443],[28.505803,37.749404],[28.505484,37.749388],[28.505043,37.749459],[28.50484,37.749563],[28.504192,37.749896],[28.503154,37.750181],[28.502492,37.750133],[28.501813,37.750168],[28.501517,37.751108],[28.501058,37.751245],[28.500455,37.751124],[28.499331,37.751061],[28.498447,37.751129],[28.497597,37.751268],[28.496791,37.75093],[28.496388,37.750807],[28.496337,37.750792],[28.496165,37.75074],[28.495027,37.750395],[28.494186,37.750217],[28.493709,37.749833],[28.493041,37.749454],[28.492253,37.748981],[28.491068,37.749044],[28.489147,37.748986],[28.489136,37.748986],[28.489115,37.748985],[28.488203,37.749003],[28.488084,37.749005],[28.486385,37.749038],[28.486383,37.749038],[28.485924,37.749047],[28.485878,37.749048],[28.485331,37.749332],[28.484184,37.750867],[28.483759,37.751436],[28.482501,37.751675],[28.482436,37.751688],[28.482218,37.751877],[28.482218,37.751877],[28.482124,37.751959],[28.481881,37.751949],[28.481478,37.751932],[28.480538,37.751893],[28.479743,37.751845],[28.479131,37.751801],[28.478795,37.751776],[28.478247,37.751812],[28.478023,37.751834],[28.477166,37.751917],[28.476354,37.751814],[28.473962,37.751452],[28.472662,37.751256],[28.472017,37.750996],[28.472013,37.750996],[28.471663,37.75094],[28.471537,37.75092],[28.470797,37.750968],[28.47031,37.750999],[28.46969,37.751039],[28.469284,37.751252],[28.469135,37.751331],[28.469027,37.751387],[28.468962,37.751422],[28.468963,37.751422],[28.46866,37.751813],[28.467982,37.752373],[28.46792,37.75252],[28.467908,37.752548],[28.467656,37.752681],[28.467655,37.752681],[28.467655,37.752681],[28.466998,37.752563],[28.466573,37.752624],[28.466434,37.752644],[28.466358,37.752655],[28.466304,37.752715],[28.466153,37.752883],[28.466031,37.75289],[28.465307,37.752936],[28.465221,37.752941],[28.464606,37.753276],[28.464557,37.753303],[28.464443,37.753303],[28.464044,37.753305],[28.464025,37.753357],[28.46401,37.753399],[28.463815,37.753403],[28.463747,37.753472],[28.463672,37.753474],[28.463599,37.753477],[28.463465,37.753891],[28.463438,37.753994],[28.46335,37.754327],[28.463304,37.754503],[28.462881,37.755036],[28.462826,37.755106],[28.462874,37.755683],[28.462875,37.755696],[28.462955,37.756657],[28.462985,37.756889],[28.463087,37.757271],[28.463159,37.757543],[28.462862,37.757705],[28.462459,37.757893],[28.462156,37.757764],[28.461932,37.757669],[28.461479,37.757707],[28.460819,37.757451],[28.459856,37.757582],[28.459465,37.757636],[28.459458,37.758727],[28.459451,37.759874],[28.459446,37.760706],[28.459444,37.761158],[28.459443,37.761217],[28.459443,37.761349],[28.459441,37.761561],[28.459441,37.761601],[28.45944,37.761717],[28.459438,37.762196],[28.459434,37.762874],[28.459433,37.762924],[28.459433,37.762988],[28.45943,37.763421],[28.45943,37.7635],[28.459438,37.763508],[28.459438,37.763509],[28.459442,37.763513],[28.459478,37.763552],[28.459501,37.763577],[28.459687,37.763779],[28.45978,37.76388],[28.459853,37.763959],[28.459874,37.763982],[28.459953,37.764068],[28.460575,37.764743],[28.460736,37.764919],[28.461287,37.765518],[28.461672,37.765935],[28.462084,37.766233],[28.462452,37.766498],[28.462636,37.76663],[28.463598,37.767323],[28.465475,37.767794],[28.465486,37.767802],[28.466055,37.768188],[28.466598,37.768556],[28.46692,37.768775],[28.46743,37.769121],[28.468543,37.770819],[28.468966,37.771027],[28.469015,37.771051],[28.469024,37.771056],[28.469633,37.771355],[28.470003,37.771627],[28.47011,37.771706],[28.471015,37.772374],[28.471614,37.772563],[28.47314,37.773045],[28.473757,37.77324],[28.474866,37.773859],[28.475651,37.774298],[28.476874,37.775667],[28.476964,37.775768],[28.47752,37.776887],[28.478536,37.777968],[28.479318,37.778801],[28.479318,37.778801],[28.479329,37.77934],[28.479329,37.779342],[28.479959,37.779625],[28.480302,37.77978],[28.480876,37.780088],[28.482013,37.78124],[28.482122,37.781351],[28.482325,37.781556],[28.48276,37.782307],[28.48285,37.782463],[28.48336,37.783345],[28.483381,37.784403],[28.483382,37.784471],[28.483383,37.784471],[28.48363,37.784393],[28.488869,37.782747],[28.489555,37.782709],[28.491217,37.782617],[28.497122,37.782288],[28.501382,37.783464],[28.504094,37.785654],[28.505404,37.78611],[28.507381,37.786799],[28.513421,37.787353],[28.515088,37.786875],[28.517463,37.787124],[28.518259,37.787148],[28.522947,37.78729],[28.526554,37.788367],[28.527157,37.788547],[28.52828,37.788576],[28.530308,37.788627],[28.530805,37.788491],[28.531364,37.78824],[28.537234,37.78873],[28.545156,37.789392],[28.54632,37.789489],[28.546781,37.789527],[28.546982,37.789544],[28.548717,37.789344],[28.550417,37.788988],[28.552954,37.790484],[28.552991,37.790506],[28.554623,37.792325],[28.555198,37.793142],[28.555732,37.793551],[28.556686,37.794282],[28.556952,37.794875],[28.557534,37.794576],[28.559229,37.794722],[28.560073,37.794425],[28.560465,37.794387],[28.560634,37.795098],[28.560427,37.795765],[28.560302,37.796167],[28.5602,37.796716],[28.560673,37.797136],[28.560994,37.79728],[28.561044,37.797802],[28.560861,37.798077],[28.561069,37.798499],[28.561409,37.798678],[28.562138,37.798585],[28.562815,37.798536],[28.563369,37.798376],[28.56355,37.798362],[28.563808,37.798462],[28.564412,37.798695],[28.565572,37.799289],[28.565898,37.799285],[28.565895,37.7996],[28.568489,37.800261],[28.568685,37.800369],[28.56982,37.800854],[28.570087,37.800947],[28.570317,37.800608],[28.570691,37.800971],[28.570792,37.801234],[28.571802,37.801531],[28.571998,37.801808],[28.572134,37.801695],[28.572356,37.801823],[28.573269,37.801971],[28.575075,37.802874],[28.575966,37.803028],[28.575965,37.803029],[28.575984,37.803038],[28.575993,37.803043],[28.576031,37.803062],[28.576066,37.80308],[28.576124,37.803096],[28.576154,37.803103],[28.576262,37.803125],[28.576275,37.803127],[28.576325,37.803148],[28.576374,37.803169],[28.576434,37.80324],[28.576482,37.803319],[28.57651,37.803365],[28.576532,37.803472],[28.576535,37.803484],[28.576553,37.803572],[28.576577,37.803617],[28.576621,37.803665],[28.57668,37.803712],[28.576773,37.803744],[28.576797,37.803747],[28.57689,37.80376],[28.57692,37.803771],[28.576998,37.803802],[28.577056,37.803859],[28.577087,37.803889],[28.577136,37.803941],[28.577165,37.803971],[28.577204,37.804012],[28.57728,37.804127],[28.577336,37.804201],[28.5774,37.804267],[28.577448,37.804302],[28.577453,37.804306],[28.577541,37.804344],[28.577644,37.804373],[28.577771,37.804388],[28.577996,37.804369],[28.578087,37.804345],[28.57817,37.804324],[28.578251,37.804321],[28.578258,37.804322],[28.578326,37.804334],[28.578405,37.804357],[28.578494,37.804373],[28.578527,37.80438],[28.578575,37.80439],[28.578624,37.804417],[28.578679,37.804474],[28.578718,37.804542],[28.578777,37.804601],[28.578847,37.804624],[28.578929,37.804628],[28.579004,37.804644],[28.579037,37.80469],[28.579089,37.804776],[28.579145,37.804816],[28.579213,37.804846],[28.579282,37.804857],[28.579315,37.804862],[28.579359,37.804869],[28.579421,37.804893],[28.579433,37.804898],[28.579462,37.80491],[28.57948,37.804917],[28.579548,37.804944],[28.579618,37.804972],[28.579787,37.805065],[28.579805,37.805075],[28.579905,37.805159],[28.579949,37.805197],[28.58012,37.805154],[28.58016,37.805804],[28.580372,37.805751],[28.580424,37.805872],[28.580465,37.805966],[28.580503,37.806051],[28.580856,37.806247],[28.581517,37.806789],[28.581557,37.806823],[28.581813,37.807063],[28.582001,37.807139],[28.582124,37.806435],[28.583201,37.805922],[28.583355,37.805608],[28.583607,37.805521],[28.584186,37.805528],[28.5843,37.805491],[28.584733,37.805352],[28.58545,37.805154],[28.586012,37.805191],[28.586744,37.805239],[28.586996,37.805573],[28.587865,37.80648],[28.588456,37.806641],[28.588851,37.806749],[28.589658,37.806928],[28.590294,37.807076],[28.590312,37.807408],[28.590705,37.807458],[28.591626,37.807635],[28.591641,37.80765],[28.592015,37.808635],[28.592073,37.80884],[28.591919,37.809636],[28.591942,37.809709],[28.591996,37.809769],[28.592059,37.809817],[28.592156,37.809888],[28.592232,37.809973],[28.592355,37.810095],[28.592445,37.810183],[28.592549,37.810293],[28.592618,37.810347],[28.59268,37.810374],[28.592747,37.810356],[28.592804,37.810326],[28.592871,37.810273],[28.592935,37.810236],[28.592996,37.810217],[28.593056,37.810223],[28.593115,37.810245],[28.593175,37.810294],[28.593287,37.810468],[28.593293,37.81051],[28.593302,37.810586],[28.593317,37.810661],[28.593337,37.81073],[28.593382,37.810776],[28.593443,37.810801],[28.593475,37.810827],[28.593497,37.810846],[28.593524,37.810878],[28.593588,37.810964],[28.593666,37.81103],[28.593753,37.811085],[28.59389,37.811135],[28.594,37.811148],[28.5941,37.811156],[28.59417,37.811171],[28.594209,37.811199],[28.594232,37.811253],[28.594236,37.811304],[28.594226,37.81135],[28.594198,37.811387],[28.594147,37.811431],[28.594089,37.811479],[28.594068,37.811552],[28.594066,37.811644],[28.59408,37.811699],[28.594146,37.811777],[28.594199,37.811833],[28.594268,37.811913],[28.594301,37.811984],[28.594304,37.812044],[28.59428,37.812089],[28.594229,37.812141],[28.594186,37.812199],[28.594175,37.812246],[28.594184,37.812296],[28.594189,37.812306],[28.594206,37.81234],[28.594248,37.812384],[28.594312,37.81248],[28.594305,37.812545],[28.594292,37.812595],[28.594267,37.812649],[28.594225,37.812706],[28.594169,37.812763],[28.594118,37.812833],[28.594088,37.812934],[28.594082,37.812992],[28.5941,37.813127],[28.594143,37.813194],[28.594187,37.813254],[28.594214,37.813358],[28.594234,37.813438],[28.594257,37.813498],[28.594298,37.813548],[28.594374,37.813584],[28.594449,37.813606],[28.594526,37.813614],[28.5946,37.813615],[28.594676,37.813607],[28.594751,37.813592],[28.59489,37.813507],[28.594954,37.813471],[28.595019,37.813444],[28.595097,37.813448],[28.595132,37.813479],[28.595148,37.813521],[28.595148,37.813566],[28.595148,37.813624],[28.595164,37.813679],[28.595179,37.813698],[28.595197,37.813719],[28.595246,37.813745],[28.5953,37.813755],[28.595364,37.81375],[28.595429,37.813729],[28.595486,37.813708],[28.595626,37.813651],[28.595724,37.813636],[28.595784,37.813629],[28.595846,37.813629],[28.595897,37.813643],[28.595952,37.813684],[28.595983,37.813723],[28.596002,37.813766],[28.596022,37.813814],[28.596044,37.813881],[28.596068,37.813964],[28.596086,37.813999],[28.596119,37.814127],[28.596145,37.814175],[28.59618,37.814242],[28.596219,37.814286],[28.597741,37.813249],[28.598,37.812929],[28.598045,37.811788],[28.598675,37.810035],[28.599798,37.808633],[28.600544,37.808093],[28.600659,37.807911],[28.601346,37.807675],[28.601245,37.807284],[28.601509,37.807103],[28.602021,37.806694],[28.603564,37.805827],[28.604136,37.805152],[28.6047,37.80487],[28.606011,37.804352],[28.607341,37.80406],[28.610712,37.802953],[28.612701,37.802556],[28.613461,37.802284],[28.616502,37.80192],[28.620645,37.801089],[28.621628,37.797428],[28.62158,37.797399],[28.621502,37.797337],[28.621413,37.797238],[28.621351,37.797171],[28.621279,37.797094],[28.621237,37.79705],[28.621189,37.796995],[28.621116,37.796888],[28.621091,37.796841],[28.621052,37.796803],[28.621031,37.796785],[28.621016,37.796771],[28.620975,37.796751],[28.620922,37.796744],[28.620912,37.796743],[28.620854,37.796754],[28.620806,37.796771],[28.620741,37.796807],[28.620537,37.796914],[28.620452,37.796949],[28.620384,37.796973],[28.620299,37.796995],[28.620239,37.797008],[28.620152,37.797014],[28.620122,37.797012],[28.62008,37.797001],[28.620037,37.796982],[28.620003,37.79695],[28.619964,37.796908],[28.619926,37.796872],[28.61988,37.796843],[28.61982,37.79681],[28.619819,37.79681],[28.619738,37.79678],[28.619595,37.796748],[28.61953,37.796739],[28.61945,37.796728],[28.619379,37.796719],[28.619274,37.796678],[28.619226,37.796642],[28.619194,37.796605],[28.619177,37.796563],[28.619165,37.796514],[28.619159,37.796453],[28.619171,37.796414],[28.61919,37.796343],[28.619214,37.796294],[28.619231,37.796253],[28.619265,37.796208],[28.619289,37.796182],[28.619306,37.796156],[28.619314,37.796128],[28.619303,37.796095],[28.619279,37.796082],[28.619404,37.796027],[28.619484,37.795992],[28.619563,37.795952],[28.61976,37.79577],[28.619921,37.795675],[28.619987,37.795643],[28.620138,37.795572],[28.62021,37.795524],[28.620278,37.79546],[28.62035,37.795389],[28.620416,37.795327],[28.620489,37.795278],[28.62053,37.795224],[28.62058,37.795107],[28.620612,37.795068],[28.620661,37.795033],[28.620735,37.79498],[28.620826,37.794926],[28.620907,37.794866],[28.620984,37.79481],[28.621064,37.794772],[28.621163,37.794758],[28.621249,37.79474],[28.621307,37.794736],[28.621421,37.794727],[28.621526,37.794715],[28.621596,37.794682],[28.621648,37.79466],[28.621724,37.794632],[28.621819,37.794624],[28.621862,37.794615],[28.62192,37.794588],[28.621979,37.794559],[28.621979,37.794559],[28.622039,37.794544],[28.622083,37.794547],[28.622253,37.794583],[28.622263,37.794585],[28.62257,37.794631],[28.622586,37.794633],[28.622944,37.793667],[28.623368,37.793051],[28.623361,37.792967],[28.623368,37.792886],[28.623388,37.792738],[28.623393,37.792704],[28.623443,37.792562],[28.623492,37.792415],[28.623494,37.792408],[28.62355,37.792201],[28.623557,37.792175],[28.623584,37.792126],[28.623616,37.792065],[28.623632,37.791999],[28.623646,37.79193],[28.623649,37.791915],[28.623655,37.791845],[28.62365,37.791786],[28.623632,37.79163],[28.623632,37.791629],[28.623646,37.791587],[28.623682,37.791541],[28.623697,37.791501],[28.623711,37.791405],[28.623797,37.79127],[28.623815,37.791185],[28.623827,37.791123],[28.623839,37.791056],[28.623887,37.790995],[28.623951,37.790948],[28.623989,37.790899],[28.624005,37.790842],[28.624039,37.79067],[28.624077,37.790622],[28.624138,37.790568],[28.624201,37.790495],[28.624205,37.790489],[28.624236,37.79046],[28.624252,37.790444],[28.624291,37.790406],[28.624873,37.789994],[28.625793,37.789653],[28.627447,37.789375],[28.626693,37.788624],[28.625568,37.788282],[28.624036,37.787417],[28.623197,37.786985],[28.622347,37.785996],[28.620556,37.784876],[28.619919,37.784599],[28.619435,37.783862],[28.618431,37.783261],[28.61612,37.781405],[28.612513,37.781282],[28.610287,37.78025],[28.609932,37.779837],[28.60282,37.779027],[28.602662,37.77897],[28.601954,37.778713],[28.601825,37.778333],[28.601478,37.777967],[28.601346,37.777829],[28.600196,37.777861],[28.599413,37.777608],[28.598524,37.777321],[28.597904,37.77743],[28.597523,37.777105],[28.597119,37.776761],[28.597007,37.776273],[28.596996,37.776108],[28.597083,37.775813],[28.597037,37.775496],[28.596825,37.775349],[28.596844,37.775046],[28.596696,37.774755],[28.596582,37.774635],[28.596479,37.774339],[28.596476,37.774331],[28.596445,37.774243],[28.596389,37.774214],[28.595952,37.773985],[28.59587,37.773788],[28.595703,37.773476],[28.595689,37.773451],[28.595496,37.773217],[28.595538,37.77313],[28.595141,37.772932],[28.595112,37.772908],[28.595099,37.772897],[28.594824,37.772585],[28.594718,37.772405],[28.594401,37.772334],[28.594435,37.772125],[28.594024,37.772034],[28.593877,37.771908],[28.59369,37.771823],[28.59356,37.771764],[28.592836,37.771342],[28.592856,37.771223],[28.592737,37.7711],[28.592716,37.771051],[28.592536,37.770838],[28.592575,37.770631],[28.592607,37.770463],[28.592419,37.77032],[28.592408,37.770294],[28.592418,37.770224],[28.592335,37.770118],[28.592263,37.770024],[28.592219,37.769829],[28.592367,37.769483],[28.592381,37.769462],[28.592555,37.769192],[28.59257,37.769152],[28.592544,37.769029],[28.592644,37.76882],[28.592547,37.768725],[28.592551,37.768686],[28.59256,37.76858],[28.5925,37.768544],[28.59246,37.768519],[28.591998,37.768725],[28.591337,37.76945],[28.591342,37.769501],[28.59137,37.769781],[28.591331,37.769861],[28.59129,37.769945],[28.591269,37.769964],[28.590605,37.770308],[28.590813,37.770516],[28.591168,37.770864],[28.59116,37.770937],[28.591087,37.770961],[28.590655,37.7711],[28.590605,37.771458],[28.590599,37.771498],[28.590295,37.771741],[28.590263,37.771749],[28.590233,37.771756],[28.59058,37.77266],[28.590712,37.772733],[28.590099,37.773445],[28.589005,37.772739],[28.58829,37.772307],[28.588089,37.772017],[28.587985,37.77172],[28.587843,37.771632],[28.587581,37.771554],[28.587517,37.771551],[28.587248,37.771541],[28.587267,37.771319],[28.587214,37.771303],[28.587136,37.771287],[28.586909,37.770992],[28.586694,37.770914],[28.586279,37.770761],[28.586064,37.770738],[28.585683,37.770355],[28.585136,37.770178],[28.58513,37.77016],[28.584972,37.769992],[28.584696,37.770115],[28.584624,37.7701],[28.584573,37.770084],[28.584542,37.770067],[28.584516,37.770054],[28.584473,37.770021],[28.584397,37.769953],[28.584363,37.769895],[28.584308,37.769843],[28.58428,37.769806],[28.58425,37.769749],[28.584288,37.769622],[28.584171,37.769543],[28.584133,37.769511],[28.584107,37.769497],[28.584036,37.769481],[28.583769,37.769459],[28.583728,37.769441],[28.583685,37.769402],[28.583645,37.76935],[28.583627,37.769298],[28.583616,37.769257],[28.583588,37.769204],[28.583553,37.769166],[28.583498,37.769139],[28.583452,37.769131],[28.583392,37.769123],[28.583331,37.76912],[28.583291,37.769116],[28.583174,37.769064],[28.583101,37.769009],[28.583098,37.769008],[28.583029,37.768965],[28.582962,37.768927],[28.582866,37.768859],[28.582822,37.768828],[28.582782,37.768836],[28.582677,37.768856],[28.582549,37.768917],[28.582486,37.768953],[28.582409,37.769001],[28.58237,37.769025],[28.582358,37.769033],[28.582357,37.769058],[28.580835,37.769584],[28.580831,37.769581],[28.580804,37.769577],[28.580637,37.769551],[28.580547,37.769534],[28.580512,37.769521],[28.58045,37.769499],[28.58038,37.769471],[28.580312,37.76945],[28.580249,37.769421],[28.58019,37.769389],[28.580161,37.769366],[28.580108,37.769323],[28.580038,37.769268],[28.579982,37.769224],[28.57995,37.769199],[28.579948,37.769197],[28.579879,37.769138],[28.579856,37.769111],[28.579784,37.769028],[28.579651,37.768901],[28.5796,37.768861],[28.579571,37.768838],[28.579561,37.768833],[28.579505,37.768801],[28.579445,37.768779],[28.579413,37.768774],[28.579363,37.768766],[28.579069,37.768693],[28.578986,37.768663],[28.578934,37.768656],[28.578726,37.768628],[28.578657,37.768636],[28.578635,37.768639],[28.578574,37.768643],[28.578533,37.768658],[28.578509,37.768666],[28.578349,37.768749],[28.578285,37.768768],[28.57824,37.768775],[28.578186,37.768771],[28.578104,37.768773],[28.578087,37.768774],[28.57805,37.768775],[28.578041,37.768833],[28.577897,37.768848],[28.577839,37.768854],[28.577687,37.768805],[28.577658,37.768789],[28.577295,37.768601],[28.577203,37.768553],[28.57689,37.768501],[28.576684,37.76839],[28.576547,37.768442],[28.576465,37.768473],[28.576433,37.768485],[28.576262,37.768551],[28.576254,37.768558],[28.576254,37.768561],[28.576254,37.768562],[28.576263,37.768671],[28.576264,37.768675],[28.576293,37.769009],[28.576425,37.769102],[28.57644,37.769113],[28.576871,37.769303],[28.576677,37.769496],[28.576354,37.76994],[28.576423,37.770287],[28.576259,37.770296],[28.574046,37.770426],[28.573524,37.770291],[28.573343,37.770339],[28.57302,37.770339],[28.572875,37.770317],[28.572055,37.769545],[28.571862,37.769708],[28.571634,37.768952],[28.571986,37.768988],[28.572024,37.768872],[28.571999,37.768691],[28.571831,37.768681],[28.571356,37.76831],[28.571094,37.7681],[28.570861,37.767891],[28.57059,37.767749],[28.570606,37.767726],[28.570625,37.767697],[28.571253,37.767246],[28.571211,37.76719],[28.570938,37.766953],[28.570848,37.767035],[28.57056,37.766962],[28.570457,37.766907],[28.570306,37.766979],[28.570186,37.766957],[28.570039,37.767022],[28.569696,37.767003],[28.569425,37.766989],[28.568863,37.766919],[28.568835,37.766923],[28.568685,37.76689],[28.568622,37.766842],[28.568548,37.766788],[28.568405,37.766655],[28.568328,37.76659],[28.568265,37.766544],[28.56826,37.76654],[28.568218,37.76652],[28.568159,37.766501],[28.568107,37.766493],[28.568036,37.766486],[28.567975,37.766475],[28.567907,37.766449],[28.567892,37.766442],[28.567858,37.766427],[28.56778,37.766381],[28.567714,37.766337],[28.567636,37.766274],[28.567556,37.766208],[28.567478,37.766149],[28.567381,37.766076],[28.567287,37.766025],[28.567224,37.766009],[28.56715,37.765987],[28.5671,37.765978],[28.567048,37.765978],[28.567025,37.765978],[28.566935,37.765962],[28.566905,37.765955],[28.566879,37.765948],[28.5668,37.765933],[28.566721,37.765908],[28.566701,37.765903],[28.566632,37.765885],[28.566548,37.76585],[28.566476,37.765819],[28.566448,37.765806],[28.566346,37.765766],[28.566272,37.765734],[28.566196,37.765708],[28.566119,37.76567],[28.56607,37.765651],[28.566064,37.765649],[28.566045,37.765636],[28.565945,37.765569],[28.565881,37.765528],[28.565836,37.765497],[28.565793,37.765464],[28.565742,37.765438],[28.56569,37.765411],[28.565622,37.765385],[28.565566,37.765369],[28.565523,37.765364],[28.565452,37.765347],[28.565375,37.765336],[28.565271,37.765313],[28.565202,37.765308],[28.565156,37.765296],[28.5651,37.765288],[28.565043,37.76528],[28.565001,37.765276],[28.56493,37.765268],[28.564888,37.765263],[28.564765,37.765245],[28.564685,37.76524],[28.564592,37.765233],[28.564529,37.765222],[28.564465,37.765209],[28.56445,37.765205],[28.564382,37.76519],[28.564359,37.765185],[28.564309,37.765167],[28.564301,37.765164],[28.56426,37.765156],[28.564191,37.765172],[28.564172,37.765177],[28.564156,37.765178],[28.564118,37.76518],[28.564049,37.76519],[28.56387,37.765216],[28.563771,37.765236],[28.563766,37.765236],[28.563676,37.765243],[28.563619,37.765255],[28.563605,37.765258],[28.563578,37.765256],[28.563569,37.765256],[28.563349,37.765247],[28.563011,37.765256],[28.562742,37.76529],[28.56252,37.765318],[28.562471,37.765312],[28.562435,37.765298],[28.562366,37.765256],[28.562342,37.765242],[28.5623,37.765209],[28.562076,37.765093],[28.562046,37.765047],[28.561935,37.764877],[28.561931,37.764871],[28.561878,37.764828],[28.5618,37.764781],[28.561737,37.764755],[28.56148,37.764686],[28.561393,37.764667],[28.561293,37.764622],[28.561144,37.764524],[28.560979,37.764431],[28.560936,37.764404],[28.560864,37.764359],[28.560643,37.764248],[28.56052,37.764215],[28.560258,37.764132],[28.560232,37.764117],[28.560198,37.764113],[28.560091,37.764079],[28.559998,37.764071],[28.559995,37.764071],[28.55977,37.7641],[28.559663,37.764098],[28.559566,37.764077],[28.559484,37.764029],[28.559425,37.763938],[28.559401,37.763867],[28.559356,37.763807],[28.559353,37.763799],[28.559349,37.763799],[28.559323,37.763782],[28.559296,37.763762],[28.559211,37.763733],[28.559113,37.763718],[28.559079,37.763707],[28.559028,37.763691],[28.559023,37.763688],[28.559017,37.763684],[28.558968,37.76365],[28.558932,37.763604],[28.558878,37.763535],[28.558819,37.763499],[28.558778,37.763479],[28.557862,37.764361],[28.555545,37.764211],[28.551745,37.7651],[28.549392,37.764657],[28.547959,37.764387],[28.544438,37.763939],[28.540908,37.762611],[28.538529,37.760239],[28.535733,37.759472],[28.533952,37.758984],[28.534023,37.758412],[28.534026,37.758384],[28.534061,37.758103],[28.534043,37.757927],[28.533862,37.756173],[28.533857,37.756126],[28.533841,37.75597],[28.533841,37.755966],[28.533574,37.755586],[28.533573,37.755584],[28.533553,37.755539],[28.533531,37.755525],[28.533108,37.754922],[28.5331,37.754916],[28.533056,37.754963],[28.532895,37.755046],[28.532767,37.755196],[28.532609,37.755269],[28.532604,37.755271],[28.532536,37.755302],[28.532416,37.755384],[28.532301,37.755439],[28.532147,37.755515],[28.531949,37.755888],[28.53194,37.755952],[28.531825,37.756182],[28.531782,37.756217],[28.531461,37.75621],[28.530803,37.755655],[28.530696,37.755565],[28.530337,37.755024],[28.53031,37.754983],[28.529609,37.753929],[28.52815,37.751212],[28.525481,37.751036],[28.525177,37.750568],[28.525328,37.750172],[28.525427,37.749911],[28.525904,37.749339],[28.525677,37.749427],[28.52435,37.748317],[28.524349,37.748315],[28.524193,37.747917],[28.524191,37.747803],[28.52335,37.745496],[28.521702,37.744807],[28.521578,37.744712],[28.521116,37.744358],[28.520546,37.744187],[28.519907,37.744511],[28.51967,37.745137],[28.51881,37.745823],[28.518575,37.74601],[28.518418,37.746136],[28.518038,37.746439],[28.518033,37.746445],[28.517651,37.746605],[28.516657,37.747021],[28.516502,37.747086],[28.516501,37.747087],[28.516324,37.747227],[28.515997,37.747488],[28.515708,37.747879],[28.515673,37.747895],[28.515666,37.748389],[28.514651,37.748703],[28.513106,37.749246],[28.513098,37.749251]]]}},{"type":"Feature","properties":{"id":"TR-Y-09-008-M-0017","level":"yerlesim","type":"mahalle","parent_id":"TR-D-09-008","province_id":"TR-P-09","district_id":"TR-D-09-008","name":"Geyre","source_raw_name":"Geyre","source":"Kullanıcı tarafından sağlanan KML","source_label":"Kullanıcı tarafından sağlanan KML","source_name":"Aydin Mahalle KML - kullanici tarafindan saglandi"},"geometry":{"type":"Polygon","coordinates":[[[28.738874,37.72282],[28.738904,37.722013],[28.738917,37.722013],[28.739504,37.722032],[28.739891,37.722045],[28.740233,37.722159],[28.740408,37.72197],[28.740626,37.721735],[28.740633,37.72173],[28.740817,37.721623],[28.741208,37.721393],[28.741217,37.721397],[28.741746,37.721594],[28.741868,37.721633],[28.742635,37.721779],[28.742756,37.721802],[28.743207,37.722196],[28.743741,37.722004],[28.743742,37.722004],[28.743741,37.721998],[28.743787,37.721987],[28.74374,37.721932],[28.743719,37.721908],[28.743586,37.721753],[28.743577,37.721743],[28.743475,37.721627],[28.743162,37.721271],[28.742868,37.720938],[28.742841,37.720908],[28.742475,37.720652],[28.74242,37.720622],[28.741945,37.720363],[28.741588,37.720194],[28.741357,37.720085],[28.741118,37.719961],[28.740827,37.719809],[28.740268,37.719519],[28.740239,37.719504],[28.740137,37.719451],[28.740173,37.719417],[28.74018,37.719402],[28.740177,37.719389],[28.7401,37.719286],[28.739972,37.719092],[28.73993,37.719013],[28.739827,37.718818],[28.739821,37.718808],[28.739808,37.718793],[28.739796,37.718762],[28.739761,37.718699],[28.73976,37.718633],[28.739759,37.718524],[28.739763,37.718436],[28.739768,37.718354],[28.739778,37.718302],[28.739787,37.718257],[28.739767,37.71817],[28.739758,37.718133],[28.739755,37.718118],[28.739688,37.717992],[28.739602,37.717894],[28.739443,37.717711],[28.739432,37.717699],[28.739321,37.717586],[28.739316,37.717582],[28.73924,37.717522],[28.739017,37.717388],[28.738982,37.717354],[28.738946,37.717319],[28.738928,37.717301],[28.738872,37.717201],[28.738867,37.717171],[28.738851,37.717077],[28.738849,37.717069],[28.73878,37.716811],[28.73876,37.716776],[28.738743,37.71675],[28.738672,37.716681],[28.738503,37.716538],[28.738409,37.716443],[28.738391,37.716336],[28.73835,37.716191],[28.738326,37.716101],[28.738277,37.715974],[28.738272,37.715962],[28.738188,37.715839],[28.738128,37.715716],[28.73807,37.715576],[28.738094,37.71554],[28.738167,37.7155],[28.738213,37.715445],[28.73819,37.715378],[28.738144,37.715316],[28.738052,37.71521],[28.737811,37.714881],[28.737725,37.714767],[28.737681,37.714714],[28.737604,37.714653],[28.737555,37.714615],[28.737465,37.714543],[28.737378,37.714475],[28.737251,37.714343],[28.737236,37.714328],[28.737185,37.714235],[28.737149,37.714171],[28.737089,37.714064],[28.737057,37.71402],[28.736912,37.713825],[28.736693,37.713457],[28.736627,37.713328],[28.736554,37.713099],[28.736494,37.712879],[28.736427,37.712734],[28.736327,37.712633],[28.736206,37.712529],[28.736128,37.712394],[28.736053,37.71238],[28.735913,37.712381],[28.735883,37.712318],[28.735836,37.71214],[28.735819,37.711854],[28.735767,37.711684],[28.735671,37.711429],[28.735623,37.711315],[28.735586,37.711274],[28.735508,37.71131],[28.733886,37.712049],[28.733728,37.712121],[28.733027,37.712446],[28.733026,37.712372],[28.733026,37.712351],[28.732792,37.7113],[28.732783,37.71106],[28.732658,37.710607],[28.732552,37.710266],[28.732489,37.709955],[28.732374,37.709857],[28.732441,37.709777],[28.73272,37.709698],[28.732697,37.709651],[28.7327,37.709641],[28.732768,37.709452],[28.732843,37.709198],[28.73298,37.709037],[28.73298,37.709036],[28.733012,37.709022],[28.733167,37.708952],[28.733473,37.708728],[28.733573,37.708642],[28.733988,37.708581],[28.734689,37.708499],[28.734985,37.708456],[28.735062,37.708447],[28.735098,37.708443],[28.735341,37.708415],[28.735705,37.708378],[28.736109,37.708359],[28.736105,37.708344],[28.7364,37.708319],[28.736406,37.708319],[28.736516,37.70831],[28.736546,37.708307],[28.736551,37.708306],[28.736553,37.708306],[28.736567,37.70828],[28.736788,37.707868],[28.736951,37.707562],[28.736874,37.707438],[28.736752,37.707114],[28.736761,37.706893],[28.736775,37.706694],[28.736784,37.706582],[28.736903,37.706541],[28.73691,37.706364],[28.736916,37.706229],[28.736912,37.70597],[28.736912,37.705951],[28.736786,37.705683],[28.736769,37.705634],[28.736635,37.705601],[28.736675,37.70539],[28.736693,37.705247],[28.736712,37.704968],[28.736706,37.70478],[28.736708,37.704769],[28.736717,37.70473],[28.736675,37.704478],[28.736669,37.704341],[28.736663,37.704164],[28.73664,37.703917],[28.736654,37.703917],[28.736928,37.703906],[28.737209,37.703901],[28.737231,37.703719],[28.737236,37.70365],[28.737249,37.703473],[28.737267,37.703203],[28.737295,37.702951],[28.737285,37.702691],[28.737431,37.702358],[28.737467,37.702237],[28.737498,37.702135],[28.737499,37.702112],[28.737499,37.702106],[28.737499,37.702085],[28.737394,37.702091],[28.737353,37.702093],[28.737187,37.702107],[28.737044,37.702135],[28.73682,37.702198],[28.736627,37.702258],[28.736576,37.702265],[28.736487,37.702279],[28.736316,37.702272],[28.736207,37.702221],[28.736109,37.70213],[28.736126,37.701955],[28.736126,37.701913],[28.736124,37.701727],[28.736141,37.701576],[28.736145,37.701417],[28.73616,37.70131],[28.736157,37.701184],[28.736125,37.700968],[28.736091,37.700802],[28.736026,37.70067],[28.736015,37.700647],[28.73612,37.700532],[28.736236,37.700442],[28.736259,37.700352],[28.73613,37.700319],[28.735982,37.700246],[28.735945,37.700217],[28.735975,37.700077],[28.735987,37.700031],[28.735932,37.699886],[28.735896,37.69979],[28.735891,37.699778],[28.735891,37.699718],[28.735888,37.699556],[28.73583,37.69932],[28.7358,37.699187],[28.735762,37.699065],[28.735584,37.699038],[28.735341,37.699065],[28.735052,37.699086],[28.734717,37.699109],[28.734417,37.699119],[28.734189,37.699138],[28.733907,37.699186],[28.733678,37.699213],[28.733496,37.699215],[28.732919,37.699195],[28.733176,37.698858],[28.733292,37.698678],[28.733439,37.698457],[28.733712,37.69801],[28.733868,37.697776],[28.734078,37.697555],[28.734409,37.697201],[28.734391,37.697195],[28.734374,37.697193],[28.734135,37.697159],[28.73384,37.697132],[28.733513,37.697102],[28.73325,37.697085],[28.73291,37.697092],[28.732547,37.697106],[28.732547,37.697106],[28.732269,37.697113],[28.732036,37.69711],[28.731692,37.697108],[28.731297,37.697098],[28.730701,37.697089],[28.730511,37.69709],[28.730416,37.697091],[28.730115,37.697097],[28.729763,37.697127],[28.729388,37.697126],[28.729364,37.697126],[28.729203,37.697126],[28.728959,37.697137],[28.728507,37.697129],[28.728173,37.697099],[28.728245,37.696864],[28.728306,37.696637],[28.728372,37.696487],[28.728411,37.696265],[28.728458,37.695994],[28.728635,37.695255],[28.728654,37.695023],[28.728668,37.69488],[28.728705,37.694676],[28.728768,37.694537],[28.728879,37.694322],[28.729042,37.694064],[28.729201,37.693785],[28.729348,37.693477],[28.729457,37.693241],[28.729593,37.692977],[28.729641,37.692885],[28.729802,37.69264],[28.729974,37.692378],[28.730117,37.692144],[28.730262,37.691915],[28.730341,37.691799],[28.730553,37.691537],[28.730743,37.691274],[28.730947,37.691017],[28.731148,37.6908],[28.731381,37.690585],[28.731347,37.690531],[28.73129,37.690439],[28.731329,37.690314],[28.731403,37.690126],[28.731468,37.689981],[28.731519,37.68981],[28.731562,37.689611],[28.731536,37.689499],[28.731459,37.689242],[28.731439,37.68918],[28.731412,37.689088],[28.731316,37.688827],[28.731309,37.688622],[28.731336,37.688379],[28.731253,37.687394],[28.731782,37.686571],[28.731858,37.686578],[28.732769,37.685328],[28.732842,37.6853],[28.733054,37.685239],[28.734906,37.685108],[28.73571,37.685126],[28.735976,37.685321],[28.736206,37.685535],[28.736321,37.685528],[28.736469,37.685537],[28.73654,37.68538],[28.736638,37.685179],[28.736962,37.684267],[28.73722,37.683588],[28.737247,37.683535],[28.737529,37.682977],[28.737726,37.682468],[28.73787,37.682206],[28.738036,37.681841],[28.738057,37.681791],[28.738226,37.681393],[28.738263,37.681295],[28.738277,37.681256],[28.738398,37.680933],[28.738501,37.680657],[28.738507,37.68064],[28.738638,37.680272],[28.738747,37.679915],[28.738769,37.679799],[28.738771,37.679786],[28.738801,37.679631],[28.738836,37.679448],[28.738804,37.678953],[28.738805,37.678938],[28.738867,37.678258],[28.738813,37.677856],[28.738862,37.677517],[28.73891,37.677197],[28.738411,37.676661],[28.738411,37.676661],[28.738336,37.676643],[28.737613,37.676464],[28.73691,37.675256],[28.736828,37.675123],[28.736833,37.674955],[28.736835,37.674886],[28.736851,37.674874],[28.736989,37.67477],[28.7393,37.672176],[28.74076,37.670538],[28.742315,37.668792],[28.739707,37.669278],[28.739635,37.669291],[28.73953,37.669283],[28.739392,37.669267],[28.739108,37.669319],[28.738796,37.669387],[28.738697,37.669412],[28.735616,37.670133],[28.735305,37.670206],[28.735235,37.670142],[28.735042,37.669966],[28.734958,37.669797],[28.734907,37.669736],[28.734749,37.66955],[28.73471,37.66939],[28.734622,37.66931],[28.734563,37.669257],[28.734479,37.669166],[28.734343,37.668997],[28.734003,37.668617],[28.733738,37.666846],[28.733117,37.666367],[28.731428,37.665331],[28.730499,37.664662],[28.729455,37.664819],[28.72897,37.665478],[28.727048,37.668087],[28.72583,37.669601],[28.725481,37.670034],[28.723875,37.669629],[28.722129,37.66919],[28.721912,37.669658],[28.721461,37.670632],[28.721448,37.670659],[28.721077,37.670535],[28.721009,37.670499],[28.720453,37.670671],[28.720314,37.670897],[28.720081,37.671959],[28.719639,37.673115],[28.717451,37.673632],[28.716134,37.674855],[28.714612,37.675114],[28.714669,37.675337],[28.714706,37.675463],[28.714885,37.675887],[28.714923,37.676017],[28.71504,37.676414],[28.715081,37.676547],[28.715075,37.676583],[28.714679,37.676735],[28.714625,37.676752],[28.71441,37.676798],[28.714104,37.676818],[28.713981,37.676884],[28.713881,37.677011],[28.713665,37.677213],[28.713388,37.677352],[28.713231,37.677425],[28.713206,37.677098],[28.713183,37.676797],[28.71318,37.676481],[28.713172,37.676129],[28.713152,37.675792],[28.713144,37.67549],[28.713173,37.675144],[28.712911,37.675182],[28.712586,37.675197],[28.712162,37.675124],[28.711965,37.675126],[28.711666,37.675104],[28.711293,37.675101],[28.710672,37.675054],[28.710624,37.675051],[28.710541,37.675272],[28.710361,37.675559],[28.710228,37.6757],[28.710047,37.675839],[28.709658,37.675951],[28.709298,37.675993],[28.708291,37.676137],[28.708349,37.676321],[28.708605,37.677102],[28.708647,37.67759],[28.707911,37.677821],[28.70773,37.677994],[28.707013,37.67847],[28.70722,37.679559],[28.707078,37.679883],[28.706916,37.680255],[28.70652,37.680757],[28.706431,37.680871],[28.70528,37.682259],[28.7053,37.682416],[28.705416,37.683291],[28.705042,37.683921],[28.70465,37.684581],[28.702954,37.684896],[28.701299,37.685175],[28.700642,37.686705],[28.699587,37.687138],[28.697955,37.688435],[28.696542,37.688957],[28.695139,37.69058],[28.695019,37.690624],[28.694928,37.690718],[28.694887,37.690903],[28.694927,37.691245],[28.694921,37.691451],[28.694976,37.691879],[28.695035,37.692176],[28.695017,37.692376],[28.695165,37.69261],[28.695314,37.692797],[28.695349,37.69285],[28.695509,37.693091],[28.695652,37.693441],[28.695759,37.693875],[28.695777,37.694328],[28.695696,37.694746],[28.69554,37.695032],[28.69498,37.695291],[28.694741,37.695402],[28.694556,37.69555],[28.69431,37.695692],[28.694066,37.695784],[28.693779,37.695843],[28.693516,37.695887],[28.693313,37.695909],[28.693073,37.69589],[28.69276,37.695864],[28.692487,37.695784],[28.692264,37.69566],[28.69212,37.695486],[28.691994,37.695328],[28.691941,37.695144],[28.691856,37.694981],[28.691742,37.694818],[28.691544,37.69464],[28.691368,37.694526],[28.69112,37.694502],[28.690927,37.694595],[28.69087,37.694648],[28.690753,37.694695],[28.690609,37.694781],[28.690481,37.694915],[28.690385,37.695095],[28.690386,37.695117],[28.690336,37.695194],[28.690239,37.695267],[28.69006,37.695337],[28.689863,37.695412],[28.689679,37.695472],[28.689507,37.695495],[28.689258,37.695514],[28.689048,37.69556],[28.688331,37.695809],[28.687639,37.695768],[28.687361,37.695638],[28.68729,37.695718],[28.687285,37.695855],[28.687298,37.696064],[28.687298,37.696331],[28.687074,37.696377],[28.687112,37.696424],[28.687247,37.69663],[28.687226,37.696722],[28.687212,37.696807],[28.68723,37.69693],[28.687366,37.697121],[28.687368,37.697205],[28.68738,37.697225],[28.687394,37.697264],[28.68744,37.697318],[28.687502,37.69737],[28.687551,37.697425],[28.687581,37.69748],[28.687678,37.697567],[28.687825,37.697758],[28.687865,37.697817],[28.68789,37.69785],[28.687927,37.6979],[28.687961,37.697965],[28.688152,37.69823],[28.68821,37.698416],[28.688294,37.698531],[28.688301,37.698565],[28.688361,37.698567],[28.688409,37.698548],[28.688583,37.698479],[28.688921,37.698353],[28.689283,37.69821],[28.689721,37.697963],[28.690111,37.697798],[28.690335,37.697682],[28.690617,37.697593],[28.690947,37.697528],[28.69115,37.69752],[28.691211,37.697533],[28.6915,37.697501],[28.69185,37.697499],[28.691861,37.697833],[28.691876,37.698339],[28.691888,37.698626],[28.691877,37.698762],[28.691869,37.698976],[28.69188,37.699028],[28.691926,37.699239],[28.691941,37.69926],[28.691976,37.699254],[28.691995,37.699251],[28.69212,37.699229],[28.692341,37.699176],[28.692515,37.699162],[28.692565,37.699158],[28.692736,37.699158],[28.692748,37.699158],[28.692939,37.699163],[28.693169,37.699131],[28.693534,37.699088],[28.693734,37.699061],[28.693757,37.699057],[28.693997,37.699024],[28.694092,37.699011],[28.694266,37.698992],[28.694437,37.698996],[28.694743,37.699033],[28.695109,37.699061],[28.695274,37.699069],[28.695349,37.699072],[28.695568,37.699083],[28.695955,37.699135],[28.696315,37.699219],[28.696676,37.699309],[28.696769,37.699332],[28.696824,37.699359],[28.696935,37.699413],[28.696961,37.699433],[28.696985,37.699449],[28.696968,37.699474],[28.696942,37.699708],[28.696893,37.700038],[28.696876,37.700285],[28.696877,37.700393],[28.696878,37.700498],[28.696812,37.700686],[28.697159,37.700845],[28.697009,37.701355],[28.696942,37.701641],[28.69659,37.701661],[28.696525,37.701822],[28.696431,37.702094],[28.696376,37.702264],[28.69632,37.702492],[28.696309,37.702552],[28.696226,37.702946],[28.696125,37.703239],[28.695937,37.703798],[28.695562,37.703636],[28.695235,37.703494],[28.695159,37.703777],[28.695103,37.703954],[28.695058,37.704108],[28.695014,37.704384],[28.694946,37.704654],[28.694927,37.70473],[28.69487,37.705033],[28.694854,37.705121],[28.694845,37.705313],[28.695005,37.705317],[28.695321,37.705323],[28.695655,37.705316],[28.695657,37.705349],[28.695658,37.705371],[28.69564,37.705638],[28.695583,37.705891],[28.695497,37.70623],[28.695487,37.706338],[28.695484,37.706373],[28.695456,37.706673],[28.695405,37.707033],[28.69537,37.707161],[28.69529,37.707378],[28.695281,37.707404],[28.695193,37.70757],[28.695714,37.707896],[28.695905,37.708093],[28.695906,37.708094],[28.696199,37.708396],[28.696444,37.708438],[28.69656,37.708451],[28.696857,37.708687],[28.69717,37.708425],[28.697337,37.708573],[28.697485,37.708672],[28.697869,37.708674],[28.697964,37.708704],[28.698127,37.708756],[28.698301,37.708812],[28.698233,37.709001],[28.698138,37.709221],[28.698127,37.709246],[28.697988,37.709568],[28.697805,37.709992],[28.697796,37.71001],[28.698901,37.71031],[28.699452,37.710497],[28.699731,37.710636],[28.700016,37.710785],[28.70038,37.71097],[28.700727,37.711131],[28.700916,37.711219],[28.700916,37.711219],[28.701176,37.711347],[28.701289,37.711403],[28.701353,37.711434],[28.701391,37.711453],[28.701806,37.711494],[28.702139,37.71156],[28.703,37.711778],[28.703449,37.711895],[28.703913,37.712031],[28.704537,37.712206],[28.705268,37.712396],[28.70531,37.712407],[28.706413,37.712713],[28.706986,37.712847],[28.707351,37.712953],[28.707673,37.713022],[28.707975,37.713105],[28.707984,37.713108],[28.708301,37.713211],[28.708501,37.713259],[28.709779,37.713611],[28.710534,37.713798],[28.7107,37.713834],[28.710858,37.713869],[28.710925,37.713883],[28.711532,37.71401],[28.711596,37.714024],[28.712082,37.714109],[28.713057,37.714255],[28.713182,37.71427],[28.713557,37.714314],[28.713743,37.714311],[28.714131,37.714354],[28.714413,37.714369],[28.714544,37.714377],[28.71498,37.714394],[28.715279,37.71439],[28.715592,37.714395],[28.717735,37.714424],[28.717811,37.714425],[28.718565,37.714425],[28.718672,37.714426],[28.719281,37.714431],[28.71977,37.714444],[28.720567,37.71444],[28.720569,37.71444],[28.720583,37.715263],[28.720998,37.715252],[28.721074,37.71525],[28.721652,37.715232],[28.721838,37.715225],[28.721887,37.715225],[28.72189,37.715225],[28.722727,37.715203],[28.723,37.715196],[28.723068,37.715193],[28.723208,37.715242],[28.723279,37.715265],[28.723432,37.71526],[28.723548,37.715257],[28.723957,37.715236],[28.724347,37.715196],[28.724347,37.715196],[28.72549,37.71513],[28.727818,37.714995],[28.72796,37.716029],[28.730441,37.715956],[28.730356,37.714849],[28.730557,37.714837],[28.730632,37.714833],[28.730832,37.715177],[28.730916,37.71532],[28.731251,37.715105],[28.731731,37.714796],[28.731805,37.714803],[28.731922,37.714876],[28.731928,37.714879],[28.732038,37.714942],[28.732051,37.71495],[28.73205,37.714952],[28.731686,37.715546],[28.731913,37.715814],[28.732208,37.716286],[28.731977,37.716572],[28.732465,37.717317],[28.732472,37.717307],[28.732532,37.717229],[28.73254,37.71724],[28.732626,37.717347],[28.732659,37.717388],[28.732673,37.717415],[28.73272,37.717501],[28.732728,37.717511],[28.732823,37.717616],[28.732826,37.717621],[28.73293,37.717789],[28.733049,37.717916],[28.732876,37.717964],[28.732718,37.718126],[28.732577,37.718916],[28.732585,37.718925],[28.732716,37.719067],[28.732978,37.719348],[28.732983,37.719352],[28.73348,37.719733],[28.733758,37.719946],[28.733758,37.719945],[28.733843,37.71917],[28.734763,37.719378],[28.734771,37.719388],[28.735208,37.719898],[28.73596,37.720353],[28.7363,37.720862],[28.736312,37.720847],[28.736497,37.720632],[28.736485,37.720684],[28.736523,37.72064],[28.736356,37.721359],[28.736476,37.721908],[28.736907,37.721878],[28.737057,37.721879],[28.737191,37.72188],[28.737147,37.722402],[28.737605,37.723377],[28.73761,37.723386],[28.737651,37.723624],[28.737731,37.724078],[28.737737,37.724082],[28.739104,37.724975],[28.738843,37.724292],[28.738573,37.723281],[28.738874,37.72282]]]}},{"type":"Feature","properties":{"id":"TR-Y-09-008-M-0018","level":"yerlesim","type":"mahalle","parent_id":"TR-D-09-008","province_id":"TR-P-09","district_id":"TR-D-09-008","name":"Güzelbeyli","source_raw_name":"Güzelbeyli","source":"Kullanıcı tarafından sağlanan KML","source_label":"Kullanıcı tarafından sağlanan KML","source_name":"Aydin Mahalle KML - kullanici tarafindan saglandi"},"geometry":{"type":"Polygon","coordinates":[[[28.686137,37.717643],[28.686468,37.71693],[28.687447,37.717255],[28.687448,37.717261],[28.687462,37.717265],[28.687536,37.717284],[28.687542,37.717345],[28.687544,37.717364],[28.68778,37.71739],[28.688042,37.71742],[28.688407,37.71746],[28.688719,37.717495],[28.689042,37.717531],[28.689399,37.717571],[28.689392,37.717427],[28.689376,37.717107],[28.689275,37.716787],[28.689238,37.716687],[28.689155,37.716526],[28.689072,37.716367],[28.689169,37.716284],[28.689288,37.716181],[28.689769,37.716038],[28.689942,37.715987],[28.690193,37.715913],[28.690654,37.715776],[28.690877,37.71571],[28.691005,37.715672],[28.691235,37.715672],[28.691546,37.715672],[28.691582,37.71527],[28.6916,37.715067],[28.691621,37.714831],[28.691637,37.714657],[28.691658,37.714419],[28.691682,37.714152],[28.691709,37.713861],[28.691694,37.713855],[28.691664,37.713723],[28.691712,37.713608],[28.692032,37.71296],[28.692657,37.712842],[28.69269,37.712869],[28.693817,37.712693],[28.694681,37.712729],[28.69498,37.71268],[28.695094,37.712661],[28.695332,37.712615],[28.695803,37.712443],[28.696141,37.712325],[28.696362,37.712233],[28.696608,37.712126],[28.69656,37.711998],[28.697121,37.7119],[28.697364,37.711776],[28.698493,37.711604],[28.698685,37.711575],[28.699767,37.711415],[28.700702,37.711399],[28.700726,37.711399],[28.700847,37.711396],[28.701321,37.711432],[28.701353,37.711434],[28.701289,37.711403],[28.701176,37.711347],[28.700916,37.711219],[28.700916,37.711219],[28.700727,37.711131],[28.70038,37.71097],[28.700016,37.710785],[28.699731,37.710636],[28.699452,37.710497],[28.698901,37.71031],[28.697796,37.71001],[28.697805,37.709992],[28.697988,37.709568],[28.698127,37.709246],[28.698138,37.709221],[28.698233,37.709001],[28.698301,37.708812],[28.698127,37.708756],[28.697964,37.708704],[28.697869,37.708674],[28.697485,37.708672],[28.697337,37.708573],[28.69717,37.708425],[28.696857,37.708687],[28.69656,37.708451],[28.696444,37.708438],[28.696199,37.708396],[28.695906,37.708094],[28.695905,37.708093],[28.695714,37.707896],[28.695193,37.70757],[28.695281,37.707404],[28.69529,37.707378],[28.69537,37.707161],[28.695405,37.707033],[28.695456,37.706673],[28.695484,37.706373],[28.695487,37.706338],[28.695497,37.70623],[28.695583,37.705891],[28.69564,37.705638],[28.695658,37.705371],[28.695657,37.705349],[28.695655,37.705316],[28.695321,37.705323],[28.695005,37.705317],[28.694845,37.705313],[28.694854,37.705121],[28.69487,37.705033],[28.694927,37.70473],[28.694946,37.704654],[28.695014,37.704384],[28.695058,37.704108],[28.695103,37.703954],[28.695159,37.703777],[28.695235,37.703494],[28.695562,37.703636],[28.695937,37.703798],[28.696125,37.703239],[28.696226,37.702946],[28.696309,37.702552],[28.69632,37.702492],[28.696376,37.702264],[28.696431,37.702094],[28.696525,37.701822],[28.69659,37.701661],[28.696942,37.701641],[28.697009,37.701355],[28.697159,37.700845],[28.696812,37.700686],[28.696878,37.700498],[28.696877,37.700393],[28.696876,37.700285],[28.696893,37.700038],[28.696942,37.699708],[28.696968,37.699474],[28.696985,37.699449],[28.696961,37.699433],[28.696935,37.699413],[28.696824,37.699359],[28.696769,37.699332],[28.696676,37.699309],[28.696315,37.699219],[28.695955,37.699135],[28.695568,37.699083],[28.695349,37.699072],[28.695274,37.699069],[28.695109,37.699061],[28.694743,37.699033],[28.694437,37.698996],[28.694266,37.698992],[28.694092,37.699011],[28.693997,37.699024],[28.693757,37.699057],[28.693734,37.699061],[28.693534,37.699088],[28.693169,37.699131],[28.692939,37.699163],[28.692748,37.699158],[28.692736,37.699158],[28.692565,37.699158],[28.692515,37.699162],[28.692341,37.699176],[28.69212,37.699229],[28.691995,37.699251],[28.691976,37.699254],[28.691941,37.69926],[28.691926,37.699239],[28.69188,37.699028],[28.691869,37.698976],[28.691877,37.698762],[28.691888,37.698626],[28.691876,37.698339],[28.691861,37.697833],[28.69185,37.697499],[28.6915,37.697501],[28.691211,37.697533],[28.69115,37.69752],[28.690947,37.697528],[28.690617,37.697593],[28.690335,37.697682],[28.690111,37.697798],[28.689721,37.697963],[28.689283,37.69821],[28.688921,37.698353],[28.688583,37.698479],[28.688409,37.698548],[28.688361,37.698567],[28.688301,37.698565],[28.688294,37.698531],[28.68821,37.698416],[28.688152,37.69823],[28.687961,37.697965],[28.687927,37.6979],[28.68789,37.69785],[28.687865,37.697817],[28.687825,37.697758],[28.687678,37.697567],[28.687581,37.69748],[28.687551,37.697425],[28.687502,37.69737],[28.68744,37.697318],[28.687394,37.697264],[28.68738,37.697225],[28.687368,37.697205],[28.687366,37.697121],[28.68723,37.69693],[28.687212,37.696807],[28.687226,37.696722],[28.687247,37.69663],[28.687112,37.696424],[28.687074,37.696377],[28.687298,37.696331],[28.687298,37.696064],[28.687285,37.695855],[28.68729,37.695718],[28.687361,37.695638],[28.687173,37.69555],[28.686916,37.695592],[28.686661,37.695743],[28.686509,37.695917],[28.686508,37.696141],[28.686534,37.696495],[28.686546,37.696661],[28.686489,37.696808],[28.68637,37.696857],[28.686176,37.69689],[28.685967,37.696932],[28.68572,37.697007],[28.685552,37.697113],[28.685544,37.697395],[28.685623,37.697561],[28.68568,37.697698],[28.685655,37.697921],[28.685591,37.698158],[28.685541,37.698349],[28.685408,37.698537],[28.68525,37.698708],[28.685204,37.698805],[28.684368,37.698968],[28.683781,37.698997],[28.683559,37.699007],[28.682604,37.699022],[28.682389,37.699153],[28.682219,37.699257],[28.682036,37.69945],[28.681878,37.699581],[28.681712,37.699723],[28.681563,37.699767],[28.681354,37.699785],[28.681192,37.699817],[28.68104,37.699891],[28.680877,37.699971],[28.680841,37.700049],[28.680867,37.700198],[28.680979,37.700339],[28.681117,37.700457],[28.681182,37.700499],[28.681311,37.700633],[28.681303,37.700771],[28.681234,37.700903],[28.68108,37.701022],[28.680877,37.701178],[28.680611,37.701312],[28.680513,37.701419],[28.680124,37.701574],[28.679944,37.701699],[28.679766,37.70177],[28.679531,37.701872],[28.679335,37.701948],[28.679182,37.701955],[28.67906,37.70189],[28.67898,37.701796],[28.678893,37.701656],[28.67886,37.701538],[28.678801,37.701422],[28.678766,37.701312],[28.678475,37.701009],[28.678291,37.701048],[28.678252,37.701094],[28.678041,37.701215],[28.677936,37.701335],[28.677908,37.701482],[28.677864,37.701736],[28.677806,37.701855],[28.677688,37.702053],[28.677537,37.702271],[28.677458,37.702375],[28.677348,37.702491],[28.677228,37.702527],[28.677098,37.702499],[28.676956,37.702404],[28.676809,37.702249],[28.676626,37.702106],[28.676675,37.701886],[28.676642,37.701748],[28.676626,37.701568],[28.676652,37.701424],[28.676713,37.701194],[28.676769,37.700993],[28.676825,37.700806],[28.676954,37.700695],[28.677132,37.700602],[28.677335,37.700537],[28.677489,37.700454],[28.677721,37.700277],[28.6778,37.700126],[28.677882,37.699851],[28.677845,37.699656],[28.67787,37.699533],[28.677875,37.699517],[28.677878,37.699505],[28.677845,37.699045],[28.677743,37.698629],[28.677754,37.698495],[28.677853,37.698051],[28.677875,37.697776],[28.677972,37.697471],[28.678096,37.69721],[28.677855,37.697131],[28.676502,37.696633],[28.676469,37.696594],[28.676307,37.696395],[28.675733,37.696026],[28.675284,37.695801],[28.674273,37.695406],[28.674213,37.695384],[28.674204,37.695381],[28.674188,37.695373],[28.674018,37.695292],[28.673693,37.695149],[28.67297,37.694954],[28.671185,37.695038],[28.671091,37.695318],[28.670987,37.695459],[28.670816,37.69568],[28.67067,37.695989],[28.670469,37.696282],[28.6702,37.696507],[28.669963,37.696655],[28.669858,37.696695],[28.669879,37.696762],[28.66989,37.696813],[28.669921,37.696949],[28.669907,37.697164],[28.669926,37.697367],[28.669922,37.697404],[28.669885,37.697708],[28.669833,37.698146],[28.66984,37.698157],[28.66983,37.698169],[28.669783,37.698559],[28.669777,37.698616],[28.669669,37.699512],[28.66968,37.699588],[28.669676,37.699692],[28.669675,37.69972],[28.669644,37.700183],[28.669473,37.702666],[28.669498,37.702763],[28.669547,37.702983],[28.669512,37.70317],[28.668771,37.703559],[28.668352,37.703628],[28.668102,37.70367],[28.667769,37.703736],[28.667287,37.703888],[28.666852,37.704025],[28.666851,37.704025],[28.666717,37.704106],[28.666675,37.704502],[28.666669,37.704563],[28.666536,37.704964],[28.666508,37.705557],[28.666162,37.705873],[28.66616,37.705929],[28.665825,37.706234],[28.665432,37.706592],[28.665374,37.70686],[28.66534,37.707021],[28.665229,37.707538],[28.665184,37.707743],[28.665119,37.707751],[28.665105,37.707738],[28.665066,37.707722],[28.664991,37.707722],[28.664899,37.70773],[28.66483,37.707778],[28.66477,37.707819],[28.664626,37.707903],[28.664438,37.708077],[28.664123,37.708433],[28.664114,37.708452],[28.664087,37.70851],[28.664082,37.708521],[28.664042,37.708608],[28.664007,37.70875],[28.663994,37.708805],[28.664036,37.708957],[28.664078,37.709086],[28.664149,37.709311],[28.664241,37.709474],[28.66429,37.709548],[28.664314,37.709609],[28.664303,37.7097],[28.664238,37.709787],[28.66413,37.709867],[28.663936,37.709968],[28.663627,37.709969],[28.662869,37.709974],[28.662137,37.710023],[28.661944,37.710008],[28.661455,37.710004],[28.661222,37.710022],[28.661205,37.710029],[28.661122,37.710063],[28.660893,37.710213],[28.660809,37.710431],[28.660803,37.710567],[28.660878,37.710712],[28.660992,37.710886],[28.661143,37.711141],[28.661177,37.711309],[28.661183,37.711409],[28.66119,37.711508],[28.66118,37.711582],[28.661262,37.711573],[28.661421,37.711607],[28.66148,37.711655],[28.661538,37.711758],[28.661549,37.71182],[28.661544,37.711875],[28.661479,37.711949],[28.661392,37.712015],[28.661327,37.71206],[28.661303,37.712079],[28.66124,37.712127],[28.661224,37.712198],[28.66129,37.712258],[28.661322,37.712245],[28.661334,37.71224],[28.661465,37.712307],[28.661596,37.712339],[28.661668,37.712348],[28.66188,37.712392],[28.66196,37.71243],[28.661989,37.712444],[28.662071,37.712489],[28.662149,37.712512],[28.662208,37.712529],[28.662243,37.712544],[28.662263,37.712552],[28.662351,37.712589],[28.662447,37.71262],[28.662534,37.712647],[28.662954,37.712676],[28.663074,37.712685],[28.663147,37.712688],[28.663234,37.712682],[28.66329,37.712669],[28.663321,37.712637],[28.66336,37.712598],[28.663378,37.712533],[28.663407,37.712439],[28.663412,37.712377],[28.663462,37.712307],[28.663555,37.71226],[28.663581,37.712251],[28.6636,37.712245],[28.663685,37.712217],[28.663809,37.712179],[28.663968,37.712185],[28.664099,37.712197],[28.66422,37.712174],[28.664383,37.712068],[28.664464,37.712057],[28.664564,37.71209],[28.664581,37.712102],[28.664646,37.712148],[28.664709,37.712188],[28.664843,37.712249],[28.66498,37.712277],[28.665119,37.712225],[28.665206,37.712192],[28.665391,37.712148],[28.665501,37.712161],[28.665577,37.712206],[28.665618,37.712272],[28.665628,37.71231],[28.665636,37.712338],[28.665639,37.712349],[28.665684,37.712438],[28.665727,37.712507],[28.665817,37.712574],[28.665916,37.712782],[28.665972,37.712903],[28.665993,37.712948],[28.666037,37.713044],[28.666228,37.713218],[28.666316,37.713346],[28.666365,37.713451],[28.666424,37.713505],[28.66662,37.71359],[28.666672,37.713621],[28.666914,37.713767],[28.667101,37.713933],[28.667167,37.714018],[28.667229,37.714049],[28.667256,37.714062],[28.667382,37.714071],[28.667561,37.714125],[28.667736,37.714203],[28.667805,37.714224],[28.667871,37.714208],[28.667874,37.714153],[28.667783,37.714058],[28.667772,37.714046],[28.667747,37.714005],[28.667746,37.713955],[28.66777,37.713926],[28.66787,37.713918],[28.667962,37.713932],[28.668036,37.71396],[28.668099,37.714005],[28.668208,37.71404],[28.668333,37.714058],[28.668428,37.714115],[28.668446,37.714132],[28.66853,37.714207],[28.668609,37.714315],[28.668612,37.71432],[28.668704,37.714462],[28.668711,37.714472],[28.668729,37.714497],[28.668765,37.714546],[28.668852,37.714614],[28.668956,37.714698],[28.669062,37.714749],[28.669181,37.714712],[28.669214,37.714702],[28.669342,37.714669],[28.669494,37.714668],[28.669624,37.714682],[28.669698,37.71472],[28.669744,37.714734],[28.669943,37.714775],[28.670039,37.714771],[28.670091,37.714762],[28.67031,37.714663],[28.670492,37.714567],[28.670535,37.714534],[28.670556,37.714518],[28.67063,37.714461],[28.670677,37.714445],[28.670728,37.714442],[28.670773,37.714446],[28.670814,37.714473],[28.670943,37.714669],[28.670948,37.714683],[28.67098,37.714786],[28.67098,37.714855],[28.670981,37.714872],[28.670972,37.714959],[28.670963,37.715063],[28.670967,37.715123],[28.670969,37.715125],[28.671006,37.715178],[28.671063,37.715226],[28.671155,37.715257],[28.671266,37.715249],[28.671396,37.715186],[28.67155,37.715055],[28.671561,37.715041],[28.671756,37.714805],[28.67182,37.714776],[28.671931,37.714777],[28.671997,37.714802],[28.672021,37.714811],[28.672089,37.714865],[28.672312,37.715113],[28.672549,37.71528],[28.672593,37.715311],[28.672608,37.715321],[28.672768,37.715365],[28.672812,37.715378],[28.673017,37.715434],[28.673151,37.715514],[28.673169,37.715561],[28.673208,37.715662],[28.673221,37.715817],[28.673223,37.715966],[28.673329,37.716131],[28.673551,37.716302],[28.673579,37.716319],[28.673606,37.716337],[28.673635,37.716356],[28.673755,37.716342],[28.673814,37.716335],[28.673874,37.716328],[28.674051,37.716331],[28.674095,37.716332],[28.674193,37.716365],[28.674226,37.716376],[28.674328,37.716419],[28.674382,37.716464],[28.674476,37.71655],[28.674537,37.716627],[28.674538,37.716629],[28.674564,37.716727],[28.674615,37.716821],[28.674684,37.716928],[28.674722,37.716978],[28.674873,37.717145],[28.674949,37.717206],[28.675003,37.717245],[28.675116,37.717266],[28.675181,37.717262],[28.675269,37.717183],[28.675333,37.717097],[28.675387,37.717057],[28.675405,37.717042],[28.675415,37.717035],[28.675477,37.71696],[28.675489,37.716946],[28.675563,37.716861],[28.675612,37.716814],[28.675713,37.716786],[28.675815,37.716791],[28.67594,37.716795],[28.676124,37.716844],[28.67619,37.716864],[28.676282,37.716891],[28.676469,37.716914],[28.676494,37.716917],[28.676638,37.716914],[28.676832,37.716899],[28.676886,37.71689],[28.676905,37.716886],[28.676924,37.716883],[28.676959,37.716872],[28.676964,37.71687],[28.677052,37.716841],[28.677067,37.716834],[28.67718,37.716783],[28.677193,37.716749],[28.677203,37.716723],[28.677216,37.716688],[28.677294,37.716597],[28.677301,37.716589],[28.677363,37.716516],[28.677376,37.7165],[28.677424,37.716448],[28.677515,37.716438],[28.677519,37.716437],[28.677532,37.716436],[28.677642,37.716459],[28.677763,37.716511],[28.677845,37.716485],[28.677916,37.716279],[28.678015,37.716014],[28.678022,37.715989],[28.67803,37.715963],[28.678048,37.715911],[28.67814,37.715795],[28.678144,37.715792],[28.678147,37.71579],[28.678243,37.715719],[28.678376,37.715709],[28.678499,37.715721],[28.678658,37.715792],[28.678663,37.715794],[28.678764,37.715839],[28.679059,37.71602],[28.679109,37.716038],[28.679277,37.716098],[28.679287,37.716102],[28.679345,37.716122],[28.679539,37.716222],[28.679616,37.716295],[28.679622,37.716301],[28.679687,37.716363],[28.679757,37.716472],[28.679794,37.716541],[28.679832,37.716643],[28.679875,37.716789],[28.679886,37.71682],[28.679892,37.716839],[28.679928,37.717192],[28.679937,37.717335],[28.67998,37.717409],[28.680004,37.71745],[28.680173,37.717597],[28.680456,37.717758],[28.68057,37.717807],[28.68076,37.717873],[28.680981,37.717943],[28.68124,37.71799],[28.681405,37.718109],[28.681548,37.718225],[28.681698,37.718384],[28.68181,37.718473],[28.681894,37.718524],[28.681992,37.718542],[28.682152,37.718572],[28.682247,37.718581],[28.68362,37.719909],[28.684279,37.720264],[28.684383,37.72032],[28.684421,37.720341],[28.684522,37.720213],[28.684658,37.720038],[28.685033,37.719561],[28.68506,37.719525],[28.685075,37.719507],[28.68525,37.719181],[28.685194,37.719083],[28.68519,37.719077],[28.685469,37.718788],[28.685732,37.718517],[28.686088,37.717748],[28.686137,37.717643]]]}},{"type":"Feature","properties":{"id":"TR-Y-09-008-M-0019","level":"yerlesim","type":"mahalle","parent_id":"TR-D-09-008","province_id":"TR-P-09","district_id":"TR-D-09-008","name":"Güzelköy","source_raw_name":"Güzelköy","source":"Kullanıcı tarafından sağlanan KML","source_label":"Kullanıcı tarafından sağlanan KML","source_name":"Aydin Mahalle KML - kullanici tarafindan saglandi"},"geometry":{"type":"Polygon","coordinates":[[[28.630897,37.784553],[28.63097,37.784541],[28.631076,37.784554],[28.631143,37.784572],[28.631144,37.784572],[28.631151,37.784576],[28.631243,37.784624],[28.631362,37.784705],[28.631466,37.784786],[28.631595,37.784871],[28.631684,37.784937],[28.631805,37.784987],[28.631914,37.78503],[28.632016,37.785048],[28.632096,37.785074],[28.632138,37.785113],[28.632225,37.785189],[28.632324,37.785276],[28.632472,37.785347],[28.632505,37.785358],[28.632661,37.78541],[28.632809,37.785469],[28.632932,37.785522],[28.633017,37.785548],[28.633091,37.785544],[28.633183,37.7855],[28.633272,37.785459],[28.633367,37.785388],[28.633496,37.785253],[28.633556,37.785207],[28.633607,37.785199],[28.633676,37.785221],[28.633761,37.785282],[28.633832,37.785368],[28.633906,37.785419],[28.633931,37.785427],[28.634017,37.785456],[28.634105,37.785464],[28.634236,37.785453],[28.634397,37.785429],[28.634542,37.785413],[28.634613,37.785394],[28.634702,37.785343],[28.634783,37.785281],[28.63482,37.785259],[28.634917,37.785221],[28.635036,37.785182],[28.635116,37.785151],[28.635148,37.785099],[28.635189,37.785038],[28.635201,37.785033],[28.635249,37.785011],[28.635394,37.784989],[28.635448,37.784957],[28.635502,37.784904],[28.635533,37.784826],[28.635607,37.784601],[28.635655,37.784493],[28.635702,37.784432],[28.635791,37.784382],[28.635879,37.784365],[28.635942,37.784377],[28.636009,37.784427],[28.636072,37.784516],[28.636128,37.784633],[28.636146,37.784672],[28.636202,37.784744],[28.636276,37.784787],[28.636382,37.784817],[28.636452,37.784815],[28.636546,37.78478],[28.636642,37.784708],[28.636694,37.784617],[28.636774,37.78448],[28.636841,37.784391],[28.636915,37.784362],[28.637026,37.784358],[28.637101,37.784388],[28.637206,37.784445],[28.637298,37.784481],[28.637395,37.784502],[28.637411,37.784503],[28.637515,37.784506],[28.637783,37.784478],[28.63794,37.784489],[28.63804,37.784519],[28.638084,37.784538],[28.638129,37.784579],[28.638155,37.784643],[28.638156,37.78473],[28.63812,37.784871],[28.638119,37.785022],[28.638151,37.785135],[28.638157,37.785151],[28.638184,37.785218],[28.638255,37.7853],[28.638335,37.78538],[28.638505,37.785473],[28.638609,37.785527],[28.638706,37.785568],[28.638826,37.785582],[28.638845,37.785586],[28.638958,37.785608],[28.639015,37.785658],[28.639096,37.785751],[28.639241,37.78589],[28.639314,37.785935],[28.639402,37.785955],[28.639514,37.785959],[28.639634,37.785942],[28.639866,37.785909],[28.640153,37.785881],[28.64017,37.785879],[28.640222,37.785874],[28.640502,37.785831],[28.640857,37.785777],[28.641099,37.785766],[28.641222,37.78577],[28.641308,37.785795],[28.641413,37.78587],[28.641444,37.785902],[28.641474,37.785935],[28.641568,37.785978],[28.641655,37.78599],[28.641763,37.785998],[28.641925,37.78601],[28.642108,37.786039],[28.64224,37.786091],[28.642317,37.786163],[28.642398,37.786289],[28.642464,37.78636],[28.642535,37.786385],[28.642626,37.786393],[28.642657,37.786383],[28.642698,37.78637],[28.642922,37.786275],[28.643069,37.786222],[28.643141,37.786196],[28.643265,37.78614],[28.643418,37.786044],[28.643519,37.786024],[28.643623,37.786027],[28.643785,37.786053],[28.643834,37.786059],[28.643947,37.786072],[28.644156,37.786104],[28.644338,37.78614],[28.644492,37.78618],[28.644572,37.786189],[28.644643,37.786166],[28.644678,37.786112],[28.644728,37.786069],[28.644753,37.786059],[28.644787,37.786046],[28.644877,37.786022],[28.644924,37.786026],[28.644976,37.786042],[28.645057,37.786056],[28.645097,37.786038],[28.645124,37.786016],[28.645201,37.78591],[28.645272,37.785853],[28.645275,37.785851],[28.645355,37.785812],[28.645451,37.785781],[28.645552,37.785766],[28.645647,37.785751],[28.645706,37.785742],[28.6458,37.785734],[28.645867,37.785759],[28.645918,37.78578],[28.645996,37.785813],[28.64615,37.785863],[28.646298,37.785913],[28.646422,37.785968],[28.646516,37.786039],[28.646595,37.786111],[28.64671,37.786264],[28.646765,37.786333],[28.646788,37.786362],[28.647019,37.786322],[28.647136,37.786286],[28.647262,37.786249],[28.647334,37.786251],[28.647472,37.786264],[28.647586,37.786263],[28.647648,37.786254],[28.647766,37.786237],[28.647909,37.786182],[28.648088,37.786098],[28.648214,37.786055],[28.648287,37.78603],[28.648441,37.785986],[28.648529,37.785961],[28.648712,37.785917],[28.648893,37.785883],[28.64895,37.785883],[28.649099,37.785884],[28.649266,37.78591],[28.649385,37.78592],[28.649506,37.785906],[28.649668,37.785899],[28.649824,37.785919],[28.64999,37.785947],[28.650063,37.785971],[28.650172,37.786007],[28.650322,37.786057],[28.650465,37.786083],[28.650695,37.786126],[28.650886,37.78618],[28.651057,37.786235],[28.651173,37.786274],[28.6513,37.786317],[28.651506,37.786389],[28.651532,37.786405],[28.651552,37.786417],[28.651553,37.786418],[28.651575,37.786431],[28.651726,37.786523],[28.651895,37.786623],[28.652074,37.786747],[28.652094,37.786761],[28.652252,37.786876],[28.652409,37.786974],[28.652557,37.787026],[28.652733,37.787063],[28.652914,37.787116],[28.652962,37.787136],[28.653077,37.787182],[28.65324,37.787244],[28.653404,37.78732],[28.653567,37.787423],[28.653759,37.787546],[28.653825,37.787592],[28.653902,37.787644],[28.654038,37.787715],[28.654258,37.787794],[28.654463,37.787848],[28.654671,37.787885],[28.654748,37.787901],[28.654908,37.787934],[28.655175,37.787978],[28.655478,37.788039],[28.657963,37.786705],[28.658002,37.786707],[28.658023,37.786494],[28.658071,37.786021],[28.656271,37.785271],[28.65685,37.784989],[28.656765,37.784834],[28.656104,37.783633],[28.654932,37.78324],[28.654515,37.782331],[28.654723,37.781268],[28.656196,37.78002],[28.657708,37.779864],[28.659081,37.778061],[28.659339,37.777721],[28.659336,37.777572],[28.659333,37.777482],[28.659451,37.775792],[28.659269,37.775816],[28.65612,37.775607],[28.655206,37.775324],[28.655142,37.775389],[28.654711,37.775366],[28.654419,37.775392],[28.654134,37.775481],[28.653498,37.775236],[28.652919,37.775117],[28.652396,37.774941],[28.65178,37.774731],[28.651634,37.774681],[28.650697,37.773997],[28.650134,37.773412],[28.650032,37.773206],[28.649869,37.772875],[28.649729,37.772613],[28.649562,37.772307],[28.649006,37.771936],[28.64943,37.771543],[28.649445,37.771518],[28.649683,37.771245],[28.64966,37.771035],[28.649502,37.770976],[28.649358,37.770729],[28.649328,37.770386],[28.649275,37.770256],[28.649135,37.770117],[28.648951,37.770066],[28.648512,37.769893],[28.648308,37.769978],[28.647839,37.769878],[28.647469,37.769708],[28.647561,37.769492],[28.64707,37.769215],[28.646749,37.768942],[28.647004,37.768609],[28.646864,37.768312],[28.646367,37.768051],[28.645782,37.767637],[28.645231,37.767382],[28.644735,37.767178],[28.644551,37.767141],[28.644107,37.767061],[28.643573,37.766945],[28.643474,37.766728],[28.64363,37.766214],[28.644777,37.76541],[28.644003,37.764332],[28.643535,37.764019],[28.642778,37.763515],[28.642151,37.763087],[28.641774,37.762652],[28.641415,37.7623],[28.641489,37.761982],[28.641499,37.761799],[28.641971,37.761639],[28.642089,37.761679],[28.642445,37.761799],[28.643076,37.762168],[28.64384,37.762526],[28.644795,37.762684],[28.643966,37.762342],[28.643077,37.761557],[28.642303,37.761186],[28.641426,37.760881],[28.641787,37.759586],[28.641839,37.7594],[28.641804,37.759373],[28.641244,37.758939],[28.639792,37.757815],[28.639489,37.757576],[28.639175,37.757368],[28.639064,37.757295],[28.638668,37.757047],[28.638197,37.756761],[28.637632,37.756466],[28.637207,37.756255],[28.636743,37.756045],[28.636391,37.755916],[28.635134,37.755762],[28.634755,37.755715],[28.634739,37.75571],[28.634734,37.755709],[28.634431,37.75562],[28.634261,37.755566],[28.633292,37.755256],[28.632862,37.755124],[28.632381,37.755001],[28.632344,37.754992],[28.631649,37.754857],[28.631111,37.754735],[28.630896,37.754669],[28.629944,37.754381],[28.629428,37.753995],[28.629007,37.753696],[28.628759,37.753584],[28.627801,37.753657],[28.627471,37.75366],[28.627444,37.753604],[28.627415,37.753545],[28.626469,37.752607],[28.626447,37.752585],[28.625743,37.752039],[28.625038,37.751728],[28.624955,37.751477],[28.624876,37.751225],[28.624802,37.750988],[28.624681,37.750851],[28.624513,37.750497],[28.624198,37.750325],[28.623686,37.750433],[28.623478,37.750318],[28.623424,37.750288],[28.623348,37.750215],[28.623102,37.750114],[28.623058,37.750107],[28.622658,37.750038],[28.622351,37.749869],[28.622252,37.749758],[28.622241,37.749668],[28.622412,37.749659],[28.622495,37.749652],[28.622463,37.749576],[28.622461,37.749434],[28.622461,37.749417],[28.622382,37.749371],[28.622273,37.749308],[28.622113,37.749155],[28.621834,37.749144],[28.62157,37.749143],[28.621537,37.749166],[28.62124,37.749253],[28.620968,37.749365],[28.620756,37.749414],[28.620302,37.750076],[28.620387,37.750358],[28.620447,37.750416],[28.620478,37.750447],[28.620609,37.750615],[28.620671,37.750742],[28.621361,37.750937],[28.621565,37.751042],[28.621889,37.751113],[28.62207,37.751214],[28.622316,37.7516],[28.62233,37.751867],[28.622051,37.752202],[28.621573,37.752639],[28.621406,37.753016],[28.621414,37.753244],[28.621484,37.75332],[28.621472,37.75353],[28.62152,37.753695],[28.621534,37.753861],[28.621535,37.753877],[28.621652,37.7539],[28.621782,37.754212],[28.621723,37.7544],[28.621501,37.754634],[28.620464,37.754446],[28.620555,37.754582],[28.620402,37.754753],[28.620249,37.754905],[28.620228,37.755124],[28.620178,37.755353],[28.620103,37.75555],[28.620123,37.755791],[28.620307,37.755981],[28.620486,37.756085],[28.620941,37.756243],[28.62136,37.756124],[28.621913,37.756072],[28.622392,37.75612],[28.622634,37.756292],[28.622206,37.756675],[28.622142,37.756784],[28.621876,37.757024],[28.621094,37.75731],[28.62088,37.757373],[28.620726,37.757418],[28.620559,37.757467],[28.620033,37.757319],[28.619491,37.75703],[28.619246,37.756899],[28.618989,37.756827],[28.618726,37.756719],[28.618276,37.756865],[28.618239,37.756877],[28.618191,37.756892],[28.618091,37.756949],[28.61799,37.757005],[28.618008,37.757032],[28.618012,37.757038],[28.61846,37.757694],[28.617554,37.757963],[28.617156,37.758081],[28.616976,37.758088],[28.616598,37.75812],[28.616243,37.758006],[28.616636,37.757818],[28.61676,37.757236],[28.616655,37.756963],[28.616362,37.75675],[28.616054,37.756682],[28.61596,37.756661],[28.615661,37.756656],[28.614959,37.757313],[28.614823,37.757578],[28.614269,37.757977],[28.613952,37.75763],[28.613966,37.756959],[28.614051,37.75645],[28.613939,37.756399],[28.613784,37.756328],[28.613627,37.756256],[28.613302,37.755991],[28.613221,37.755804],[28.612934,37.755139],[28.611971,37.754653],[28.611669,37.754483],[28.611237,37.754284],[28.611079,37.754025],[28.611102,37.753911],[28.611152,37.753805],[28.611188,37.753807],[28.611286,37.75381],[28.611359,37.753764],[28.611237,37.753685],[28.611412,37.753597],[28.611507,37.753542],[28.609944,37.752209],[28.609434,37.751992],[28.608507,37.751597],[28.60769,37.751248],[28.607324,37.752986],[28.607971,37.753744],[28.606977,37.753909],[28.606541,37.753667],[28.606457,37.753646],[28.606398,37.75369],[28.606275,37.754029],[28.606107,37.754075],[28.605338,37.754379],[28.604996,37.754579],[28.6045,37.755114],[28.604184,37.755511],[28.604181,37.755932],[28.604194,37.755959],[28.604207,37.755984],[28.604231,37.756453],[28.604136,37.75677],[28.60402,37.756991],[28.603991,37.757119],[28.604063,37.757316],[28.603798,37.757499],[28.603677,37.757654],[28.603475,37.757865],[28.603338,37.757939],[28.603072,37.758186],[28.602875,37.758285],[28.602739,37.758322],[28.602427,37.758406],[28.602402,37.758489],[28.602302,37.758669],[28.60224,37.758766],[28.602257,37.758773],[28.602322,37.758799],[28.602404,37.758823],[28.602639,37.758982],[28.602767,37.759099],[28.602795,37.759124],[28.602839,37.759148],[28.602882,37.75916],[28.602979,37.759166],[28.603028,37.759158],[28.60314,37.759142],[28.603217,37.759124],[28.603276,37.759106],[28.603305,37.759098],[28.603378,37.759067],[28.603438,37.759038],[28.603475,37.75902],[28.603494,37.759019],[28.603523,37.759017],[28.60357,37.759025],[28.603644,37.759072],[28.603696,37.75912],[28.603738,37.759164],[28.60377,37.759191],[28.603794,37.759202],[28.60383,37.759219],[28.603888,37.75923],[28.604038,37.759231],[28.604132,37.75923],[28.604228,37.759229],[28.604307,37.759238],[28.604383,37.759249],[28.604502,37.759284],[28.604597,37.759294],[28.604646,37.759316],[28.604698,37.759358],[28.604737,37.759392],[28.604775,37.75941],[28.604783,37.759412],[28.604812,37.759417],[28.604814,37.759418],[28.604902,37.75942],[28.604971,37.75942],[28.605074,37.75942],[28.605273,37.759416],[28.605403,37.759509],[28.605435,37.759537],[28.60551,37.759592],[28.605694,37.759699],[28.605749,37.759727],[28.605785,37.759745],[28.605883,37.759793],[28.606049,37.759912],[28.606118,37.759966],[28.606274,37.760098],[28.606376,37.760185],[28.606405,37.760219],[28.606445,37.76028],[28.60645,37.760292],[28.606472,37.76035],[28.606511,37.760477],[28.606537,37.76053],[28.606566,37.76056],[28.606605,37.760598],[28.606657,37.760624],[28.606721,37.76063],[28.606757,37.760622],[28.606814,37.760592],[28.606866,37.760554],[28.606871,37.760552],[28.60691,37.760535],[28.606977,37.760533],[28.607074,37.760545],[28.607168,37.760557],[28.607203,37.760561],[28.607272,37.760567],[28.60736,37.760575],[28.607434,37.760592],[28.60749,37.760606],[28.607492,37.760606],[28.607584,37.760619],[28.607666,37.760618],[28.607838,37.760571],[28.607923,37.760542],[28.608008,37.760501],[28.608089,37.760469],[28.60815,37.760466],[28.608199,37.760483],[28.608347,37.760607],[28.608561,37.760688],[28.608723,37.760735],[28.608787,37.760743],[28.608861,37.76075],[28.608922,37.76075],[28.608976,37.760741],[28.60911,37.76071],[28.609112,37.760709],[28.609282,37.760674],[28.609349,37.760665],[28.60953,37.760688],[28.609562,37.760701],[28.609583,37.760731],[28.609571,37.760736],[28.609505,37.760783],[28.609475,37.760848],[28.609496,37.760945],[28.609548,37.761106],[28.609589,37.761171],[28.609628,37.761216],[28.609694,37.761276],[28.609949,37.761395],[28.610193,37.7615],[28.610208,37.761506],[28.609891,37.761959],[28.609136,37.762995],[28.608421,37.764056],[28.607861,37.764846],[28.60766,37.765158],[28.607597,37.765257],[28.607488,37.765242],[28.607469,37.765241],[28.607432,37.765239],[28.60739,37.76524],[28.607267,37.76525],[28.606588,37.765327],[28.606281,37.765395],[28.606143,37.765425],[28.606111,37.76546],[28.605942,37.765662],[28.605927,37.76569],[28.605909,37.765748],[28.605905,37.765791],[28.606027,37.766027],[28.606044,37.766061],[28.606119,37.766207],[28.606207,37.766407],[28.606211,37.766424],[28.606277,37.766717],[28.606286,37.766802],[28.60628,37.766999],[28.606273,37.767078],[28.606277,37.767141],[28.605861,37.767628],[28.605441,37.767981],[28.605034,37.768261],[28.604885,37.768364],[28.604766,37.768398],[28.60411,37.768638],[28.603986,37.768697],[28.603437,37.76883],[28.602685,37.769059],[28.602107,37.76921],[28.60157,37.769396],[28.601324,37.769467],[28.600574,37.769684],[28.600583,37.769713],[28.600587,37.769728],[28.600601,37.769773],[28.600613,37.769814],[28.600625,37.769869],[28.600644,37.769913],[28.600676,37.769946],[28.600707,37.769959],[28.600726,37.769967],[28.600735,37.769971],[28.600745,37.769972],[28.60082,37.769986],[28.600875,37.770019],[28.600923,37.770055],[28.600975,37.770134],[28.600988,37.770201],[28.600989,37.770275],[28.601004,37.770346],[28.601037,37.770426],[28.601091,37.770512],[28.601153,37.770587],[28.601196,37.770651],[28.60121,37.77072],[28.601177,37.770879],[28.601166,37.770951],[28.601168,37.770997],[28.601201,37.771154],[28.601199,37.771226],[28.601202,37.771289],[28.601225,37.771339],[28.601246,37.771361],[28.601271,37.771385],[28.601314,37.771409],[28.601428,37.771451],[28.601501,37.771493],[28.601565,37.771549],[28.601596,37.771587],[28.601613,37.771654],[28.601619,37.771844],[28.601615,37.7719],[28.601611,37.77195],[28.601609,37.772079],[28.601625,37.772138],[28.601673,37.772212],[28.60174,37.77227],[28.601882,37.772389],[28.601903,37.772411],[28.601924,37.77245],[28.601926,37.772477],[28.601927,37.772489],[28.601908,37.772536],[28.601857,37.772575],[28.601784,37.77261],[28.601737,37.772643],[28.601715,37.772682],[28.601716,37.772714],[28.60174,37.772758],[28.601788,37.772802],[28.60193,37.772907],[28.601993,37.772967],[28.602031,37.773014],[28.602132,37.773163],[28.602139,37.773197],[28.602145,37.773249],[28.602144,37.773298],[28.602122,37.773399],[28.602106,37.773441],[28.602073,37.773489],[28.602015,37.773529],[28.601882,37.773597],[28.601792,37.773642],[28.601747,37.773693],[28.601711,37.773749],[28.601711,37.773749],[28.601702,37.773763],[28.601657,37.773843],[28.60165,37.773856],[28.601603,37.773939],[28.601583,37.773976],[28.601573,37.773993],[28.601524,37.774075],[28.601478,37.7742],[28.601473,37.774262],[28.601515,37.774412],[28.601543,37.77448],[28.601555,37.774566],[28.601548,37.774808],[28.601588,37.774928],[28.601595,37.774948],[28.601622,37.774988],[28.601664,37.775037],[28.601712,37.775084],[28.601776,37.775129],[28.601827,37.775159],[28.601954,37.775215],[28.602101,37.775323],[28.602124,37.77534],[28.602149,37.775375],[28.602156,37.77538],[28.602199,37.775415],[28.602258,37.775443],[28.602298,37.775452],[28.602358,37.775451],[28.602428,37.775447],[28.602623,37.775437],[28.602689,37.775429],[28.602927,37.775424],[28.602989,37.775431],[28.603061,37.775444],[28.603075,37.775449],[28.60312,37.775466],[28.60319,37.775496],[28.603258,37.775517],[28.603371,37.775549],[28.6035,37.775574],[28.60356,37.775596],[28.603617,37.775627],[28.603678,37.77567],[28.603732,37.775715],[28.603779,37.77575],[28.603923,37.775829],[28.603998,37.77587],[28.604078,37.775918],[28.60406,37.775962],[28.604039,37.776013],[28.604008,37.776091],[28.603983,37.776166],[28.603958,37.776241],[28.603892,37.776385],[28.603771,37.776622],[28.603669,37.776737],[28.603635,37.776784],[28.603584,37.776854],[28.60353,37.776991],[28.603503,37.777047],[28.603463,37.777132],[28.603382,37.777246],[28.603328,37.777349],[28.60325,37.777498],[28.603212,37.777601],[28.603174,37.777729],[28.603016,37.778009],[28.602957,37.778099],[28.602888,37.778208],[28.602821,37.778291],[28.602758,37.778357],[28.602747,37.778364],[28.602695,37.7784],[28.602831,37.778994],[28.602836,37.778998],[28.60282,37.779027],[28.609932,37.779837],[28.610287,37.78025],[28.612513,37.781282],[28.61612,37.781405],[28.618431,37.783261],[28.619435,37.783862],[28.619919,37.784599],[28.620556,37.784876],[28.622347,37.785996],[28.623197,37.786985],[28.624036,37.787417],[28.625568,37.788282],[28.626693,37.788624],[28.627447,37.789375],[28.62747,37.789377],[28.62924,37.789553],[28.629184,37.789404],[28.629152,37.789226],[28.629133,37.78917],[28.629101,37.789076],[28.629075,37.788958],[28.629077,37.788893],[28.629089,37.788822],[28.629118,37.788768],[28.629132,37.788742],[28.629226,37.788579],[28.62922,37.788511],[28.629218,37.788489],[28.629196,37.788314],[28.629169,37.788231],[28.629122,37.78817],[28.629058,37.788113],[28.629055,37.788109],[28.629024,37.788046],[28.628994,37.787953],[28.628947,37.787853],[28.628939,37.787795],[28.628951,37.787739],[28.629019,37.787631],[28.629038,37.787602],[28.629052,37.78759],[28.629243,37.787438],[28.629327,37.787295],[28.629454,37.787173],[28.629592,37.786957],[28.629665,37.786897],[28.629795,37.786839],[28.629925,37.786757],[28.630023,37.786681],[28.630105,37.786572],[28.630127,37.786544],[28.630375,37.786344],[28.630592,37.786221],[28.630633,37.786075],[28.63065,37.786004],[28.630701,37.785966],[28.630762,37.785937],[28.63079,37.785863],[28.630828,37.785799],[28.630853,37.785744],[28.63085,37.785685],[28.630774,37.785612],[28.630685,37.785531],[28.630633,37.785441],[28.630603,37.785342],[28.630583,37.785291],[28.630574,37.785267],[28.630567,37.785228],[28.630584,37.785204],[28.630653,37.785174],[28.630728,37.785125],[28.630749,37.785068],[28.630755,37.785004],[28.630756,37.785],[28.63074,37.784944],[28.630664,37.784888],[28.63053,37.784828],[28.630502,37.784822],[28.63059,37.784755],[28.630708,37.784673],[28.630726,37.784661],[28.630761,37.784636],[28.630787,37.784618],[28.630897,37.784553]]]}},{"type":"Feature","properties":{"id":"TR-Y-09-008-M-0020","level":"yerlesim","type":"mahalle","parent_id":"TR-D-09-008","province_id":"TR-P-09","district_id":"TR-D-09-008","name":"Hacıhıdırlar","source_raw_name":"Hacıhıdırlar","source":"Kullanıcı tarafından sağlanan KML","source_label":"Kullanıcı tarafından sağlanan KML","source_name":"Aydin Mahalle KML - kullanici tarafindan saglandi"},"geometry":{"type":"Polygon","coordinates":[[[28.716448,37.816569],[28.716444,37.816531],[28.716406,37.816443],[28.7164,37.816352],[28.71636,37.816236],[28.716277,37.816105],[28.716263,37.816084],[28.716174,37.815953],[28.716063,37.815733],[28.715941,37.815544],[28.715845,37.815387],[28.715765,37.815248],[28.715741,37.815176],[28.715762,37.815114],[28.715819,37.815005],[28.715823,37.814944],[28.715794,37.814857],[28.71573,37.81472],[28.715718,37.814627],[28.715708,37.814513],[28.715681,37.814392],[28.715641,37.814298],[28.715591,37.81425],[28.715528,37.814189],[28.715333,37.814059],[28.715179,37.81382],[28.71509,37.813714],[28.715029,37.81364],[28.714972,37.813497],[28.714949,37.813437],[28.714879,37.813246],[28.71478,37.8131],[28.714721,37.812971],[28.714644,37.812775],[28.714537,37.81263],[28.714514,37.812589],[28.714474,37.81252],[28.714492,37.812387],[28.714546,37.812251],[28.714576,37.812121],[28.71455,37.81202],[28.714485,37.811915],[28.714423,37.811801],[28.714364,37.811697],[28.714291,37.811622],[28.714223,37.811601],[28.713985,37.811582],[28.71373,37.811541],[28.71368,37.811533],[28.713548,37.811487],[28.713509,37.811458],[28.713469,37.811392],[28.713445,37.811292],[28.713412,37.811204],[28.713353,37.811127],[28.713239,37.81107],[28.713119,37.811025],[28.713054,37.81098],[28.713011,37.810921],[28.713005,37.810897],[28.712983,37.810804],[28.712959,37.810637],[28.712941,37.810496],[28.712906,37.810413],[28.712613,37.810317],[28.712519,37.810281],[28.712474,37.810263],[28.712417,37.810219],[28.712394,37.810141],[28.712403,37.810021],[28.712404,37.809876],[28.712386,37.809758],[28.712383,37.809654],[28.712404,37.809577],[28.712425,37.809502],[28.712433,37.809405],[28.712438,37.80934],[28.712451,37.809298],[28.712475,37.809223],[28.712514,37.809157],[28.712584,37.809091],[28.712647,37.809058],[28.712676,37.809031],[28.71268,37.809027],[28.712729,37.80895],[28.712734,37.80886],[28.712729,37.808801],[28.712726,37.808768],[28.712727,37.808693],[28.712735,37.808646],[28.712794,37.808583],[28.712885,37.808487],[28.712925,37.808441],[28.712966,37.808395],[28.713102,37.808253],[28.713191,37.808133],[28.713348,37.807983],[28.713441,37.807874],[28.713447,37.807856],[28.713455,37.807827],[28.713465,37.807791],[28.713479,37.807629],[28.713482,37.807479],[28.713512,37.807314],[28.713537,37.807176],[28.713547,37.807123],[28.713622,37.806842],[28.713677,37.806619],[28.71365,37.806394],[28.713637,37.806253],[28.713663,37.806148],[28.713671,37.806116],[28.71367,37.806049],[28.713669,37.806011],[28.713627,37.805923],[28.713535,37.805839],[28.713515,37.805821],[28.713374,37.805659],[28.713236,37.805533],[28.713188,37.805429],[28.713188,37.805429],[28.713156,37.805281],[28.71311,37.805141],[28.71306,37.804991],[28.713005,37.804832],[28.712974,37.804784],[28.712888,37.804648],[28.712797,37.804488],[28.712739,37.804324],[28.712705,37.804284],[28.71267,37.804242],[28.712577,37.804177],[28.712431,37.804128],[28.712335,37.804096],[28.712262,37.804062],[28.712236,37.804049],[28.712192,37.804028],[28.712066,37.803932],[28.712038,37.80391],[28.711915,37.803837],[28.711835,37.803812],[28.711708,37.803805],[28.711497,37.803774],[28.711358,37.803729],[28.711192,37.803643],[28.710993,37.803568],[28.710938,37.803547],[28.710895,37.803531],[28.710843,37.803485],[28.710781,37.803371],[28.710776,37.803361],[28.710734,37.803239],[28.710727,37.80313],[28.710751,37.803012],[28.71076,37.802919],[28.710731,37.802833],[28.710666,37.802756],[28.710561,37.802693],[28.710501,37.802657],[28.710343,37.802578],[28.710201,37.802503],[28.710134,37.802415],[28.710109,37.80237],[28.710068,37.802299],[28.709995,37.802237],[28.709914,37.802215],[28.709882,37.802207],[28.709775,37.802216],[28.709677,37.802224],[28.709617,37.802212],[28.709527,37.802183],[28.709448,37.802177],[28.709326,37.802178],[28.709188,37.802196],[28.709097,37.802215],[28.70886,37.802132],[28.708852,37.802097],[28.708877,37.801988],[28.708889,37.8019],[28.708856,37.801832],[28.708781,37.801799],[28.708612,37.80177],[28.708353,37.801786],[28.708161,37.801808],[28.708068,37.801793],[28.708032,37.801748],[28.708034,37.801657],[28.708039,37.801519],[28.708041,37.801482],[28.708034,37.801433],[28.708031,37.801416],[28.707996,37.801383],[28.707951,37.801348],[28.707941,37.801347],[28.707832,37.801336],[28.707723,37.801335],[28.707669,37.801354],[28.707608,37.801397],[28.707523,37.80141],[28.707431,37.801434],[28.707372,37.801436],[28.707281,37.801374],[28.70726,37.80136],[28.707217,37.801349],[28.707163,37.801355],[28.707097,37.801358],[28.707003,37.801353],[28.706989,37.801352],[28.706874,37.80136],[28.706808,37.80135],[28.706733,37.801312],[28.706675,37.801226],[28.706665,37.801211],[28.706664,37.80121],[28.706611,37.801126],[28.70647,37.80101],[28.706294,37.800903],[28.706191,37.800874],[28.706028,37.800863],[28.705921,37.800851],[28.705894,37.80083],[28.705858,37.800803],[28.705821,37.800722],[28.705781,37.800633],[28.705682,37.800578],[28.705567,37.800551],[28.705477,37.800547],[28.705398,37.800563],[28.705263,37.800593],[28.70523,37.800598],[28.705161,37.800608],[28.705082,37.800622],[28.705023,37.800624],[28.704957,37.800628],[28.70493,37.800622],[28.7047,37.80053],[28.702124,37.798486],[28.700179,37.796088],[28.700337,37.795688],[28.700419,37.795481],[28.700296,37.794917],[28.699779,37.794287],[28.699093,37.793452],[28.698047,37.791461],[28.697243,37.791029],[28.695735,37.789113],[28.694634,37.788646],[28.694191,37.788339],[28.692671,37.787282],[28.692177,37.78645],[28.690944,37.785513],[28.689818,37.784965],[28.688733,37.784329],[28.687986,37.783733],[28.687105,37.783031],[28.6868,37.782336],[28.685715,37.780707],[28.685674,37.780645],[28.684514,37.779526],[28.684118,37.779124],[28.683728,37.778729],[28.682161,37.777139],[28.682493,37.776184],[28.68191,37.775433],[28.681879,37.774918],[28.681862,37.774632],[28.68157,37.773257],[28.680843,37.771154],[28.680881,37.770432],[28.679929,37.769842],[28.679128,37.770122],[28.678045,37.769084],[28.677251,37.768754],[28.676425,37.768956],[28.675633,37.769052],[28.674998,37.768663],[28.672742,37.768969],[28.672224,37.769039],[28.669074,37.769225],[28.666055,37.768292],[28.665353,37.768076],[28.665276,37.76731],[28.664815,37.766559],[28.66365,37.7651],[28.663709,37.764504],[28.663157,37.763388],[28.662814,37.762695],[28.661445,37.762386],[28.660971,37.760626],[28.660237,37.759802],[28.659364,37.758911],[28.658446,37.757921],[28.657647,37.757536],[28.656053,37.757238],[28.654913,37.757231],[28.651239,37.75768],[28.651175,37.756489],[28.649862,37.756231],[28.648892,37.755905],[28.647585,37.756176],[28.647109,37.755674],[28.646413,37.755488],[28.64584,37.755313],[28.644526,37.755359],[28.643575,37.754886],[28.642609,37.754641],[28.639863,37.752907],[28.639736,37.752827],[28.638449,37.751738],[28.637297,37.752226],[28.636648,37.751891],[28.63601,37.751883],[28.635141,37.751189],[28.634331,37.751842],[28.633673,37.751197],[28.631384,37.750879],[28.630498,37.751508],[28.630109,37.751158],[28.629535,37.750873],[28.628602,37.75041],[28.627942,37.750251],[28.627838,37.750226],[28.627263,37.750087],[28.627205,37.750073],[28.626262,37.749845],[28.626081,37.749802],[28.625531,37.749932],[28.625025,37.750323],[28.624899,37.750154],[28.624545,37.749906],[28.624621,37.749696],[28.624588,37.749661],[28.624566,37.749638],[28.624052,37.749648],[28.623834,37.74957],[28.623393,37.74953],[28.623325,37.749588],[28.623338,37.749662],[28.62321,37.749665],[28.62261,37.749452],[28.622382,37.749371],[28.622461,37.749417],[28.622461,37.749434],[28.622463,37.749576],[28.622495,37.749652],[28.622412,37.749659],[28.622241,37.749668],[28.622252,37.749758],[28.622351,37.749869],[28.622658,37.750038],[28.623058,37.750107],[28.623102,37.750114],[28.623348,37.750215],[28.623424,37.750288],[28.623478,37.750318],[28.623686,37.750433],[28.624198,37.750325],[28.624513,37.750497],[28.624681,37.750851],[28.624802,37.750988],[28.624876,37.751225],[28.624955,37.751477],[28.625038,37.751728],[28.625743,37.752039],[28.626447,37.752585],[28.626469,37.752607],[28.627415,37.753545],[28.627444,37.753604],[28.627471,37.75366],[28.627801,37.753657],[28.628759,37.753584],[28.629007,37.753696],[28.629428,37.753995],[28.629944,37.754381],[28.630896,37.754669],[28.631111,37.754735],[28.631649,37.754857],[28.632344,37.754992],[28.632381,37.755001],[28.632862,37.755124],[28.633292,37.755256],[28.634261,37.755566],[28.634431,37.75562],[28.634734,37.755709],[28.634739,37.75571],[28.634755,37.755715],[28.635134,37.755762],[28.636391,37.755916],[28.636743,37.756045],[28.637207,37.756255],[28.637632,37.756466],[28.638197,37.756761],[28.638668,37.757047],[28.639064,37.757295],[28.639175,37.757368],[28.639489,37.757576],[28.639792,37.757815],[28.641244,37.758939],[28.641804,37.759373],[28.641839,37.7594],[28.641787,37.759586],[28.641426,37.760881],[28.642303,37.761186],[28.643077,37.761557],[28.643966,37.762342],[28.644795,37.762684],[28.64384,37.762526],[28.643076,37.762168],[28.642445,37.761799],[28.642089,37.761679],[28.641971,37.761639],[28.641499,37.761799],[28.641489,37.761982],[28.641415,37.7623],[28.641774,37.762652],[28.642151,37.763087],[28.642778,37.763515],[28.643535,37.764019],[28.644003,37.764332],[28.644777,37.76541],[28.64363,37.766214],[28.643474,37.766728],[28.643573,37.766945],[28.644107,37.767061],[28.644551,37.767141],[28.644735,37.767178],[28.645231,37.767382],[28.645782,37.767637],[28.646367,37.768051],[28.646864,37.768312],[28.647004,37.768609],[28.646749,37.768942],[28.64707,37.769215],[28.647561,37.769492],[28.647469,37.769708],[28.647839,37.769878],[28.648308,37.769978],[28.648512,37.769893],[28.648951,37.770066],[28.649135,37.770117],[28.649275,37.770256],[28.649328,37.770386],[28.649358,37.770729],[28.649502,37.770976],[28.64966,37.771035],[28.649683,37.771245],[28.649445,37.771518],[28.64943,37.771543],[28.649006,37.771936],[28.649562,37.772307],[28.649729,37.772613],[28.649869,37.772875],[28.650032,37.773206],[28.650134,37.773412],[28.650697,37.773997],[28.651634,37.774681],[28.65178,37.774731],[28.652396,37.774941],[28.652919,37.775117],[28.653498,37.775236],[28.654134,37.775481],[28.654419,37.775392],[28.654711,37.775366],[28.655142,37.775389],[28.655206,37.775324],[28.65612,37.775607],[28.659269,37.775816],[28.659451,37.775792],[28.659333,37.777482],[28.659336,37.777572],[28.659339,37.777721],[28.659081,37.778061],[28.657708,37.779864],[28.656196,37.78002],[28.654723,37.781268],[28.654515,37.782331],[28.654932,37.78324],[28.656104,37.783633],[28.656765,37.784834],[28.65685,37.784989],[28.656271,37.785271],[28.658071,37.786021],[28.658023,37.786494],[28.658002,37.786707],[28.658002,37.786707],[28.658594,37.78841],[28.658675,37.788555],[28.658727,37.788734],[28.658752,37.78895],[28.658752,37.788952],[28.658775,37.789223],[28.658783,37.789441],[28.658778,37.789679],[28.658771,37.789875],[28.658774,37.789983],[28.658777,37.790083],[28.65876,37.790192],[28.658724,37.790368],[28.658719,37.790377],[28.658683,37.790443],[28.658648,37.79051],[28.65857,37.790576],[28.658454,37.790661],[28.658381,37.790776],[28.658328,37.790877],[28.658322,37.790887],[28.658281,37.791079],[28.658215,37.791279],[28.658167,37.791465],[28.65809,37.791742],[28.658045,37.79187],[28.657939,37.792087],[28.657879,37.792208],[28.657819,37.792268],[28.657598,37.792591],[28.657439,37.792994],[28.657307,37.794092],[28.65703,37.795374],[28.657028,37.795444],[28.656963,37.795596],[28.656957,37.79561],[28.656834,37.795792],[28.656706,37.795978],[28.656657,37.796046],[28.656619,37.796087],[28.656637,37.796237],[28.656577,37.796439],[28.656542,37.796577],[28.656532,37.796699],[28.65653,37.796732],[28.656542,37.79688],[28.656515,37.797069],[28.656509,37.797286],[28.656462,37.797426],[28.65643,37.797535],[28.656412,37.797664],[28.656383,37.797793],[28.65632,37.797901],[28.656318,37.797915],[28.656296,37.798092],[28.656301,37.798191],[28.656264,37.798399],[28.656211,37.798538],[28.65615,37.798625],[28.656138,37.798642],[28.657117,37.798775],[28.657254,37.798791],[28.657344,37.798793],[28.657354,37.798794],[28.657453,37.798778],[28.65753,37.798756],[28.657644,37.798754],[28.657707,37.79876],[28.657748,37.798764],[28.657826,37.798766],[28.657927,37.798769],[28.657961,37.798761],[28.658006,37.79875],[28.658112,37.798692],[28.658114,37.798691],[28.658192,37.798589],[28.658246,37.798577],[28.658332,37.798574],[28.65836,37.798574],[28.658456,37.798576],[28.658534,37.798614],[28.658606,37.798636],[28.658628,37.798631],[28.658665,37.798582],[28.658699,37.798536],[28.658741,37.798502],[28.658811,37.798467],[28.658876,37.798392],[28.658951,37.798382],[28.65896,37.798381],[28.659033,37.798393],[28.659126,37.798377],[28.659203,37.79834],[28.659281,37.798271],[28.659309,37.798205],[28.659333,37.798195],[28.659357,37.798186],[28.659523,37.79819],[28.659708,37.798177],[28.659887,37.798169],[28.660051,37.798171],[28.660185,37.798152],[28.660326,37.798117],[28.660336,37.798112],[28.660441,37.798055],[28.660527,37.797961],[28.660588,37.797865],[28.660657,37.797805],[28.660716,37.797781],[28.660804,37.797784],[28.660889,37.797823],[28.660972,37.797888],[28.661043,37.79794],[28.661162,37.797964],[28.661317,37.797978],[28.661398,37.797984],[28.661599,37.797992],[28.661648,37.797991],[28.661688,37.79799],[28.661719,37.797989],[28.661756,37.797988],[28.661957,37.797983],[28.662073,37.797962],[28.662137,37.797937],[28.662179,37.797933],[28.662202,37.79793],[28.662276,37.797924],[28.66235,37.797908],[28.662397,37.79788],[28.662453,37.797807],[28.662512,37.797751],[28.662571,37.797732],[28.662572,37.797731],[28.662638,37.797735],[28.662728,37.797745],[28.662869,37.797769],[28.66301,37.797782],[28.663186,37.797794],[28.663333,37.797812],[28.663356,37.797815],[28.663495,37.797826],[28.663587,37.797824],[28.663718,37.797797],[28.66384,37.797745],[28.66393,37.797685],[28.663972,37.79759],[28.663991,37.797478],[28.663966,37.797409],[28.66395,37.797365],[28.663888,37.797279],[28.663838,37.797224],[28.664068,37.797136],[28.664137,37.797122],[28.664198,37.797123],[28.664241,37.797137],[28.664273,37.79716],[28.664285,37.797185],[28.664298,37.797257],[28.664285,37.797362],[28.664232,37.797513],[28.664214,37.797595],[28.664195,37.797679],[28.664186,37.797837],[28.664212,37.797912],[28.664263,37.797951],[28.664314,37.797967],[28.664375,37.797962],[28.664436,37.797914],[28.664487,37.797879],[28.66449,37.797877],[28.664496,37.797881],[28.664538,37.797913],[28.664633,37.797957],[28.664688,37.797995],[28.664707,37.79804],[28.664691,37.798125],[28.66466,37.798165],[28.664684,37.798186],[28.66473,37.798227],[28.664795,37.798258],[28.664837,37.798263],[28.664862,37.798266],[28.664959,37.798266],[28.665041,37.798282],[28.665123,37.798319],[28.665198,37.798374],[28.665267,37.798459],[28.66527,37.798468],[28.665309,37.798563],[28.665342,37.798692],[28.665364,37.798833],[28.665328,37.798905],[28.665331,37.798984],[28.665341,37.799033],[28.665315,37.799082],[28.665235,37.799162],[28.665185,37.799251],[28.665182,37.799318],[28.665194,37.799344],[28.665251,37.799401],[28.665288,37.799455],[28.665336,37.799544],[28.665353,37.799645],[28.665385,37.799743],[28.665409,37.799777],[28.66555,37.7998],[28.665651,37.799816],[28.665733,37.799879],[28.665787,37.799948],[28.66586,37.799955],[28.665947,37.799947],[28.666051,37.79991],[28.666149,37.799871],[28.666195,37.799839],[28.666212,37.799795],[28.666216,37.799716],[28.666254,37.799611],[28.666271,37.799585],[28.666335,37.799571],[28.666415,37.799559],[28.66653,37.799548],[28.666605,37.799565],[28.666677,37.799617],[28.666825,37.799732],[28.666953,37.799812],[28.66709,37.799877],[28.667233,37.799924],[28.667364,37.799939],[28.667484,37.799931],[28.667534,37.799931],[28.667593,37.799971],[28.667665,37.800076],[28.667758,37.800172],[28.667814,37.800221],[28.66787,37.80027],[28.667922,37.800299],[28.66797,37.800301],[28.668005,37.800284],[28.668041,37.80025],[28.668047,37.800244],[28.668061,37.800203],[28.668094,37.800069],[28.668121,37.799968],[28.668139,37.799944],[28.668139,37.799944],[28.668185,37.799963],[28.668287,37.800122],[28.668287,37.800122],[28.668287,37.80022],[28.668296,37.800396],[28.668336,37.800572],[28.668385,37.800686],[28.668451,37.800798],[28.668649,37.801005],[28.668778,37.801149],[28.66886,37.801288],[28.668853,37.801372],[28.668846,37.80142],[28.668863,37.801449],[28.668893,37.80149],[28.668939,37.801521],[28.669012,37.801534],[28.669119,37.801553],[28.669155,37.801561],[28.669223,37.801576],[28.66929,37.801601],[28.669346,37.801622],[28.669376,37.801634],[28.669411,37.801627],[28.669502,37.801563],[28.669575,37.801552],[28.669619,37.801555],[28.669676,37.801559],[28.669781,37.801565],[28.669879,37.801578],[28.669999,37.801633],[28.670035,37.80165],[28.670143,37.801701],[28.670254,37.801735],[28.670322,37.80176],[28.670331,37.801762],[28.670409,37.801785],[28.670462,37.801819],[28.670511,37.801829],[28.670581,37.801814],[28.670699,37.801763],[28.670798,37.801798],[28.67081,37.801817],[28.67084,37.801913],[28.670875,37.802057],[28.670898,37.802102],[28.670952,37.802133],[28.670998,37.80214],[28.671015,37.802134],[28.671058,37.802105],[28.67111,37.802065],[28.671144,37.802056],[28.671186,37.802056],[28.671256,37.802069],[28.67134,37.802055],[28.671425,37.802053],[28.671457,37.802064],[28.671496,37.802086],[28.671584,37.802164],[28.671717,37.802253],[28.671785,37.802266],[28.671892,37.802271],[28.671937,37.802261],[28.67202,37.802242],[28.672131,37.802208],[28.672229,37.802201],[28.672293,37.80222],[28.672388,37.802257],[28.672458,37.802289],[28.672496,37.802279],[28.672525,37.802248],[28.672579,37.802182],[28.672586,37.802176],[28.672611,37.802156],[28.672647,37.802159],[28.67274,37.802161],[28.672837,37.80218],[28.672849,37.802182],[28.673006,37.802239],[28.673017,37.802245],[28.673239,37.802354],[28.673381,37.80242],[28.673401,37.802451],[28.6734,37.802498],[28.673365,37.802605],[28.673362,37.802666],[28.673367,37.802686],[28.673386,37.802718],[28.673466,37.802784],[28.673538,37.802832],[28.673608,37.802878],[28.67377,37.803023],[28.673792,37.803041],[28.673864,37.803101],[28.673949,37.803125],[28.674094,37.803107],[28.674226,37.803088],[28.674341,37.803058],[28.674341,37.803058],[28.674441,37.803031],[28.674476,37.803041],[28.674511,37.803051],[28.674526,37.803076],[28.67455,37.803168],[28.674584,37.803237],[28.674634,37.803282],[28.674681,37.803287],[28.674801,37.803268],[28.674879,37.803256],[28.674914,37.80326],[28.674953,37.803271],[28.674983,37.803311],[28.674976,37.80336],[28.674997,37.803399],[28.675044,37.803436],[28.675116,37.803507],[28.675136,37.803533],[28.675159,37.803565],[28.675205,37.803674],[28.675236,37.803751],[28.675236,37.803751],[28.675246,37.803776],[28.675286,37.803819],[28.675333,37.803889],[28.675383,37.803966],[28.675417,37.804004],[28.675435,37.804024],[28.675458,37.804038],[28.675534,37.804083],[28.675623,37.8041],[28.675699,37.804102],[28.675761,37.804103],[28.675836,37.804136],[28.676044,37.804311],[28.676138,37.80438],[28.676192,37.804455],[28.676208,37.804539],[28.676223,37.804609],[28.67625,37.804654],[28.676265,37.80468],[28.676324,37.804735],[28.67639,37.804757],[28.676466,37.804763],[28.676544,37.804757],[28.676681,37.804704],[28.676801,37.804629],[28.676848,37.804608],[28.676906,37.804611],[28.67696,37.804686],[28.67705,37.804808],[28.677141,37.804881],[28.677234,37.804913],[28.677349,37.804937],[28.677534,37.804923],[28.677572,37.804927],[28.677711,37.804997],[28.677727,37.805042],[28.67771,37.805102],[28.67763,37.805185],[28.677508,37.805287],[28.677482,37.805347],[28.677502,37.805398],[28.677546,37.805436],[28.677597,37.805463],[28.677658,37.805483],[28.677753,37.805478],[28.677889,37.80548],[28.677917,37.805483],[28.67795,37.805485],[28.677977,37.805496],[28.677996,37.805515],[28.677992,37.805559],[28.677985,37.805633],[28.678005,37.805666],[28.678098,37.805714],[28.678173,37.805741],[28.678249,37.805735],[28.678332,37.805743],[28.678508,37.805804],[28.678561,37.805842],[28.678589,37.80589],[28.678591,37.805968],[28.678605,37.806002],[28.678657,37.806041],[28.678714,37.806082],[28.678767,37.806138],[28.678783,37.80622],[28.678797,37.806367],[28.678805,37.806405],[28.678828,37.80648],[28.678858,37.806525],[28.678932,37.806582],[28.679009,37.806643],[28.679034,37.806677],[28.67906,37.806712],[28.679142,37.806754],[28.679207,37.806798],[28.679273,37.806822],[28.679378,37.806822],[28.679447,37.806849],[28.679468,37.806883],[28.67948,37.806938],[28.679497,37.807031],[28.679545,37.807077],[28.6796,37.807088],[28.679707,37.807087],[28.679803,37.807092],[28.679861,37.807121],[28.679919,37.807164],[28.680014,37.80725],[28.680018,37.807256],[28.680072,37.80733],[28.680079,37.807438],[28.680104,37.807512],[28.680152,37.807555],[28.6802,37.807573],[28.680245,37.807582],[28.680286,37.807573],[28.680369,37.807538],[28.680457,37.807539],[28.680504,37.807566],[28.680551,37.807611],[28.680577,37.807672],[28.680584,37.807708],[28.680628,37.807735],[28.680731,37.807739],[28.680868,37.807735],[28.680868,37.807735],[28.680882,37.807735],[28.680927,37.807737],[28.680975,37.80778],[28.680994,37.807834],[28.680994,37.807834],[28.681009,37.807877],[28.681014,37.807892],[28.681043,37.807989],[28.681047,37.808037],[28.681052,37.808104],[28.681078,37.808203],[28.68108,37.808278],[28.681059,37.80832],[28.681067,37.808341],[28.681102,37.808354],[28.681232,37.808343],[28.681317,37.808344],[28.681351,37.80836],[28.681366,37.808372],[28.681379,37.808444],[28.681379,37.808445],[28.681333,37.808469],[28.681269,37.808484],[28.681251,37.808504],[28.681249,37.808523],[28.681297,37.808588],[28.681421,37.808669],[28.681422,37.80867],[28.681464,37.808688],[28.681528,37.808714],[28.681645,37.808732],[28.681774,37.808717],[28.681845,37.808719],[28.681867,37.808732],[28.681872,37.808759],[28.68184,37.808837],[28.681776,37.808931],[28.68168,37.809014],[28.681637,37.809061],[28.681636,37.809088],[28.681658,37.809147],[28.681678,37.80917],[28.681725,37.809224],[28.681786,37.809294],[28.68182,37.809314],[28.681874,37.809324],[28.681911,37.809346],[28.68193,37.809439],[28.681949,37.809492],[28.681993,37.809531],[28.68202,37.809545],[28.682027,37.809547],[28.682081,37.809564],[28.682178,37.809576],[28.682331,37.80955],[28.682382,37.809579],[28.682426,37.809667],[28.68248,37.809797],[28.68248,37.809803],[28.682483,37.809838],[28.682484,37.809849],[28.682484,37.809849],[28.682485,37.809852],[28.682455,37.809896],[28.682458,37.809932],[28.682469,37.809955],[28.682493,37.80998],[28.682719,37.809952],[28.68273,37.809952],[28.682842,37.809951],[28.682874,37.809951],[28.682992,37.809972],[28.683039,37.81],[28.683087,37.810041],[28.683109,37.810054],[28.683133,37.810067],[28.683161,37.810094],[28.683203,37.810126],[28.683212,37.810133],[28.683275,37.810134],[28.683354,37.81012],[28.683406,37.810111],[28.683422,37.810116],[28.683491,37.810147],[28.683503,37.810155],[28.683612,37.810226],[28.683685,37.810255],[28.683805,37.810266],[28.683932,37.810284],[28.684031,37.810278],[28.684184,37.810238],[28.684312,37.810225],[28.684435,37.810205],[28.684494,37.810197],[28.684558,37.810189],[28.684609,37.810193],[28.68471,37.810214],[28.684853,37.810252],[28.684962,37.810279],[28.685116,37.810307],[28.685212,37.810313],[28.685225,37.810315],[28.685334,37.810328],[28.685454,37.810355],[28.685542,37.810394],[28.685591,37.810418],[28.685656,37.810451],[28.685734,37.810502],[28.685828,37.810607],[28.685837,37.810618],[28.685922,37.810724],[28.685953,37.810747],[28.686003,37.810786],[28.686125,37.810865],[28.686218,37.810946],[28.686243,37.810961],[28.686291,37.810992],[28.686349,37.811041],[28.686448,37.811076],[28.686462,37.811078],[28.686573,37.81109],[28.686678,37.811099],[28.686717,37.811103],[28.686802,37.811112],[28.686841,37.811113],[28.686861,37.811114],[28.686883,37.811114],[28.68689,37.811093],[28.686875,37.81104],[28.686822,37.81097],[28.686758,37.810916],[28.686658,37.810852],[28.686608,37.810802],[28.6866,37.810762],[28.686615,37.810721],[28.686617,37.810717],[28.686617,37.810717],[28.686618,37.810718],[28.686768,37.810812],[28.686762,37.810706],[28.686754,37.810587],[28.686746,37.810455],[28.686692,37.809558],[28.686826,37.808992],[28.686765,37.808631],[28.687253,37.807974],[28.688028,37.807219],[28.688076,37.807172],[28.688264,37.80699],[28.689417,37.806327],[28.690466,37.806105],[28.691569,37.806648],[28.692469,37.807127],[28.692729,37.807841],[28.693331,37.808434],[28.694337,37.808715],[28.695238,37.809131],[28.695843,37.809588],[28.696072,37.810122],[28.69714,37.810728],[28.69821,37.811281],[28.699442,37.81161],[28.700943,37.811806],[28.702344,37.811853],[28.703828,37.812068],[28.705083,37.813361],[28.70581,37.815501],[28.705996,37.816051],[28.708356,37.817451],[28.710642,37.819553],[28.710861,37.821459],[28.713016,37.823142],[28.714746,37.82214],[28.714837,37.822087],[28.715436,37.82174],[28.716456,37.821251],[28.716485,37.821237],[28.716743,37.821113],[28.716774,37.821098],[28.716776,37.821097],[28.716792,37.82086],[28.716771,37.820851],[28.716649,37.820771],[28.716581,37.820718],[28.716543,37.820625],[28.71649,37.820551],[28.716444,37.820486],[28.71641,37.820437],[28.716383,37.820392],[28.716355,37.820345],[28.716326,37.820279],[28.716328,37.820205],[28.716379,37.820129],[28.716491,37.820019],[28.716517,37.819986],[28.716548,37.819928],[28.716564,37.819857],[28.716661,37.819767],[28.716735,37.819683],[28.71676,37.819617],[28.716744,37.819554],[28.71669,37.81949],[28.716584,37.819417],[28.716566,37.819405],[28.716539,37.819342],[28.71655,37.819268],[28.716584,37.819235],[28.716599,37.819163],[28.71661,37.819082],[28.716662,37.819002],[28.716703,37.818943],[28.716676,37.818871],[28.716605,37.818792],[28.716591,37.818709],[28.716622,37.818656],[28.716709,37.818518],[28.716765,37.818312],[28.716775,37.81819],[28.716739,37.818075],[28.716747,37.818009],[28.716775,37.817977],[28.716805,37.817954],[28.716872,37.817901],[28.716927,37.817818],[28.71693,37.817747],[28.716899,37.817683],[28.716828,37.817641],[28.716761,37.817599],[28.716706,37.817527],[28.716686,37.817426],[28.716696,37.817292],[28.716681,37.81719],[28.716656,37.817093],[28.716628,37.816986],[28.716537,37.816829],[28.716449,37.816757],[28.716425,37.816702],[28.716434,37.816632],[28.71645,37.816589],[28.716448,37.816569]]]}},{"type":"Feature","properties":{"id":"TR-Y-09-008-M-0021","level":"yerlesim","type":"mahalle","parent_id":"TR-D-09-008","province_id":"TR-P-09","district_id":"TR-D-09-008","name":"Işıklar","source_raw_name":"Işıklar","source":"Kullanıcı tarafından sağlanan KML","source_label":"Kullanıcı tarafından sağlanan KML","source_name":"Aydin Mahalle KML - kullanici tarafindan saglandi"},"geometry":{"type":"Polygon","coordinates":[[[28.787312,37.779894],[28.7854,37.7783],[28.785266,37.777987],[28.784485,37.776176],[28.78241,37.774883],[28.782496,37.773105],[28.782497,37.773089],[28.782849,37.772256],[28.78292,37.772089],[28.782988,37.77175],[28.783044,37.771466],[28.783387,37.769708],[28.783441,37.769375],[28.783428,37.768762],[28.783257,37.768667],[28.783141,37.767646],[28.783003,37.767094],[28.7832,37.766996],[28.782782,37.766233],[28.782208,37.765808],[28.781796,37.765684],[28.78092,37.765033],[28.780394,37.764504],[28.780222,37.764331],[28.780026,37.764158],[28.779901,37.763939],[28.779415,37.763087],[28.778876,37.76233],[28.778807,37.761238],[28.778762,37.760539],[28.777886,37.759074],[28.777602,37.758599],[28.777518,37.757885],[28.777305,37.756071],[28.777683,37.755438],[28.777637,37.755173],[28.777492,37.754366],[28.77741,37.75391],[28.777402,37.753509],[28.777713,37.753218],[28.777815,37.752328],[28.775873,37.751394],[28.77595,37.750431],[28.775049,37.750015],[28.774028,37.749625],[28.773001,37.749488],[28.771428,37.74928],[28.77121,37.74942],[28.771059,37.749518],[28.770012,37.750195],[28.769682,37.75115],[28.769475,37.751753],[28.767898,37.752007],[28.767565,37.75206],[28.765424,37.752405],[28.764021,37.752122],[28.763293,37.75223],[28.761005,37.752583],[28.760097,37.752612],[28.759927,37.752618],[28.758111,37.752392],[28.758453,37.751318],[28.758592,37.750882],[28.756631,37.750562],[28.756017,37.750462],[28.754527,37.750091],[28.754404,37.75006],[28.754249,37.750022],[28.752782,37.749655],[28.75001,37.748928],[28.74908,37.748931],[28.747786,37.747171],[28.747707,37.74621],[28.747433,37.745846],[28.747193,37.745344],[28.74728,37.745099],[28.747358,37.745036],[28.747552,37.744947],[28.747562,37.744785],[28.74744,37.744452],[28.746915,37.744437],[28.746653,37.744386],[28.7466,37.744227],[28.746227,37.744014],[28.746237,37.743992],[28.746289,37.743875],[28.746175,37.74373],[28.746146,37.743681],[28.746197,37.743352],[28.746217,37.743209],[28.74627,37.742992],[28.746298,37.742938],[28.746294,37.742808],[28.746222,37.742719],[28.746095,37.742653],[28.745671,37.742643],[28.745506,37.74263],[28.745741,37.742317],[28.745291,37.742135],[28.745268,37.742137],[28.745006,37.742105],[28.74441,37.742194],[28.74429,37.742227],[28.743975,37.742177],[28.744014,37.742134],[28.743814,37.742079],[28.743706,37.742093],[28.743596,37.741978],[28.74337,37.741923],[28.74326,37.741921],[28.743155,37.741869],[28.742981,37.741785],[28.74292,37.741705],[28.742479,37.741525],[28.742622,37.741478],[28.742528,37.741407],[28.742511,37.74134],[28.742419,37.741312],[28.742375,37.741322],[28.742002,37.741142],[28.741792,37.741079],[28.741758,37.741088],[28.741857,37.740786],[28.742066,37.740833],[28.74227,37.740496],[28.742489,37.740503],[28.742378,37.740243],[28.742639,37.739486],[28.742535,37.739065],[28.742296,37.738103],[28.742256,37.737929],[28.741975,37.736783],[28.741832,37.736203],[28.741521,37.735548],[28.741515,37.735497],[28.741441,37.734873],[28.738117,37.730986],[28.738119,37.730965],[28.738073,37.730948],[28.737947,37.730817],[28.737839,37.730685],[28.737707,37.730509],[28.737261,37.730156],[28.736118,37.728768],[28.734631,37.726817],[28.734256,37.725912],[28.734201,37.725748],[28.733978,37.725085],[28.733275,37.723971],[28.733106,37.723801],[28.732678,37.723367],[28.731852,37.722709],[28.731802,37.722668],[28.731472,37.721659],[28.731149,37.720586],[28.731064,37.720303],[28.731002,37.720097],[28.730868,37.719653],[28.730939,37.717866],[28.73095,37.717575],[28.730949,37.717518],[28.730921,37.716487],[28.730899,37.715679],[28.730946,37.715372],[28.730916,37.71532],[28.730832,37.715177],[28.730632,37.714833],[28.730557,37.714837],[28.730356,37.714849],[28.730441,37.715956],[28.72796,37.716029],[28.727818,37.714995],[28.72549,37.71513],[28.724347,37.715196],[28.724347,37.715196],[28.723957,37.715236],[28.723548,37.715257],[28.723432,37.71526],[28.723279,37.715265],[28.723208,37.715242],[28.723068,37.715193],[28.723,37.715196],[28.722727,37.715203],[28.72189,37.715225],[28.721887,37.715225],[28.721838,37.715225],[28.721652,37.715232],[28.721074,37.71525],[28.720998,37.715252],[28.720583,37.715263],[28.720569,37.71444],[28.720567,37.71444],[28.71977,37.714444],[28.719281,37.714431],[28.718672,37.714426],[28.718565,37.714425],[28.717811,37.714425],[28.717735,37.714424],[28.715592,37.714395],[28.715279,37.71439],[28.71498,37.714394],[28.714544,37.714377],[28.714413,37.714369],[28.714131,37.714354],[28.713743,37.714311],[28.713557,37.714314],[28.713182,37.71427],[28.713057,37.714255],[28.712082,37.714109],[28.711596,37.714024],[28.711532,37.71401],[28.710925,37.713883],[28.710858,37.713869],[28.7107,37.713834],[28.710534,37.713798],[28.709779,37.713611],[28.708501,37.713259],[28.708301,37.713211],[28.707984,37.713108],[28.707975,37.713105],[28.707673,37.713022],[28.707351,37.712953],[28.706986,37.712847],[28.706413,37.712713],[28.70531,37.712407],[28.705268,37.712396],[28.704537,37.712206],[28.703913,37.712031],[28.703449,37.711895],[28.703,37.711778],[28.702139,37.71156],[28.701806,37.711494],[28.701391,37.711453],[28.701353,37.711434],[28.701321,37.711432],[28.700847,37.711396],[28.700726,37.711399],[28.700702,37.711399],[28.699767,37.711415],[28.698685,37.711575],[28.698493,37.711604],[28.697364,37.711776],[28.697121,37.7119],[28.69656,37.711998],[28.696608,37.712126],[28.696362,37.712233],[28.696141,37.712325],[28.695803,37.712443],[28.695332,37.712615],[28.695094,37.712661],[28.69498,37.71268],[28.694681,37.712729],[28.693817,37.712693],[28.69269,37.712869],[28.692657,37.712842],[28.692032,37.71296],[28.691712,37.713608],[28.691664,37.713723],[28.691694,37.713855],[28.691709,37.713861],[28.691682,37.714152],[28.691658,37.714419],[28.691637,37.714657],[28.691621,37.714831],[28.6916,37.715067],[28.691582,37.71527],[28.691546,37.715672],[28.691235,37.715672],[28.691005,37.715672],[28.690877,37.71571],[28.690654,37.715776],[28.690193,37.715913],[28.689942,37.715987],[28.689769,37.716038],[28.689288,37.716181],[28.689169,37.716284],[28.689072,37.716367],[28.689155,37.716526],[28.689238,37.716687],[28.689275,37.716787],[28.689376,37.717107],[28.689392,37.717427],[28.689399,37.717571],[28.689042,37.717531],[28.688719,37.717495],[28.688407,37.71746],[28.688042,37.71742],[28.68778,37.71739],[28.687544,37.717364],[28.687542,37.717345],[28.687536,37.717284],[28.687462,37.717265],[28.687448,37.717261],[28.687447,37.717255],[28.686468,37.71693],[28.686137,37.717643],[28.686088,37.717748],[28.685732,37.718517],[28.685469,37.718788],[28.68519,37.719077],[28.685194,37.719083],[28.68525,37.719181],[28.685075,37.719507],[28.68506,37.719525],[28.685033,37.719561],[28.684658,37.720038],[28.684522,37.720213],[28.684421,37.720341],[28.684645,37.720525],[28.684697,37.720584],[28.684784,37.720658],[28.684925,37.720725],[28.685102,37.720783],[28.6853,37.720838],[28.685326,37.720887],[28.685323,37.720961],[28.685323,37.721018],[28.685319,37.721039],[28.685315,37.721072],[28.6854,37.721155],[28.685512,37.721188],[28.685585,37.721192],[28.685666,37.721167],[28.685806,37.721163],[28.685909,37.721173],[28.686013,37.721184],[28.686089,37.721199],[28.686156,37.721213],[28.686436,37.721318],[28.686596,37.72141],[28.686749,37.721522],[28.687097,37.721906],[28.687215,37.722032],[28.687326,37.722156],[28.687375,37.722339],[28.68742,37.722401],[28.687447,37.722441],[28.687512,37.722506],[28.687702,37.722668],[28.687922,37.722937],[28.688186,37.723238],[28.688398,37.723507],[28.688507,37.723651],[28.688644,37.72383],[28.688686,37.723881],[28.688778,37.723991],[28.689029,37.724293],[28.689104,37.724367],[28.689159,37.724445],[28.689293,37.724581],[28.689399,37.724681],[28.689455,37.724729],[28.689511,37.724777],[28.689589,37.724839],[28.689596,37.724869],[28.689486,37.725681],[28.689486,37.725775],[28.689486,37.725775],[28.689947,37.726282],[28.690121,37.726324],[28.690906,37.726932],[28.691635,37.727497],[28.691634,37.727498],[28.691041,37.72805],[28.690997,37.728284],[28.690997,37.728492],[28.690997,37.728492],[28.691378,37.7286],[28.691401,37.728593],[28.691471,37.72857],[28.693405,37.729388],[28.693404,37.72939],[28.693249,37.729628],[28.693249,37.72963],[28.693375,37.729905],[28.693635,37.730464],[28.693932,37.730646],[28.694256,37.730846],[28.69461,37.73094],[28.69484,37.731001],[28.695077,37.731064],[28.695249,37.731327],[28.695292,37.731508],[28.695379,37.731821],[28.695636,37.731958],[28.695703,37.732048],[28.695959,37.73239],[28.696123,37.732384],[28.696283,37.73237],[28.696416,37.732364],[28.696818,37.732268],[28.696896,37.732194],[28.697752,37.731918],[28.698101,37.732037],[28.69841,37.732122],[28.699176,37.732687],[28.699727,37.73286],[28.700007,37.732884],[28.701701,37.733808],[28.701918,37.733883],[28.702335,37.73455],[28.702769,37.734826],[28.703617,37.735136],[28.703997,37.73542],[28.70426,37.736109],[28.704759,37.736484],[28.704921,37.736609],[28.705053,37.736681],[28.705689,37.737038],[28.705966,37.73711],[28.706303,37.737202],[28.706778,37.737067],[28.707239,37.737169],[28.707378,37.737269],[28.70768,37.737487],[28.7083,37.737919],[28.708415,37.7382],[28.708459,37.73831],[28.708708,37.738778],[28.709009,37.739008],[28.709452,37.739564],[28.710452,37.740532],[28.710451,37.740534],[28.710286,37.740708],[28.710049,37.740944],[28.709848,37.741151],[28.709244,37.742351],[28.709192,37.742453],[28.709193,37.742454],[28.710433,37.743502],[28.711775,37.743675],[28.711835,37.744184],[28.712326,37.744561],[28.712567,37.744707],[28.712879,37.74495],[28.713308,37.744977],[28.713308,37.74498],[28.713178,37.745591],[28.713178,37.745592],[28.713407,37.745921],[28.713811,37.745787],[28.714148,37.745615],[28.715063,37.746821],[28.715071,37.746997],[28.715076,37.74711],[28.715079,37.747168],[28.715096,37.747527],[28.715144,37.748044],[28.715725,37.74915],[28.715725,37.749152],[28.7157,37.749822],[28.7157,37.749823],[28.716202,37.750649],[28.716462,37.751077],[28.71721,37.751016],[28.717209,37.751018],[28.717209,37.751019],[28.717098,37.751223],[28.717098,37.751226],[28.717101,37.75136],[28.717216,37.751852],[28.717333,37.752036],[28.71741,37.752082],[28.717892,37.752366],[28.718254,37.752492],[28.718416,37.752705],[28.718506,37.752544],[28.718507,37.752543],[28.718525,37.752409],[28.718875,37.752947],[28.719041,37.753201],[28.722949,37.755001],[28.723221,37.755193],[28.723449,37.755356],[28.72443,37.755836],[28.724709,37.755847],[28.724709,37.755849],[28.724592,37.756562],[28.724593,37.756563],[28.725314,37.757503],[28.726446,37.758977],[28.730085,37.761511],[28.73132,37.761786],[28.732641,37.762081],[28.733597,37.762294],[28.73452,37.763718],[28.7348,37.764151],[28.734898,37.764302],[28.735688,37.765521],[28.735726,37.765562],[28.736941,37.766856],[28.736947,37.766863],[28.737004,37.766877],[28.737064,37.766893],[28.73738,37.767387],[28.739699,37.767969],[28.741336,37.769003],[28.741699,37.769122],[28.742766,37.769473],[28.744452,37.771348],[28.744569,37.771696],[28.745573,37.77203],[28.746394,37.772051],[28.747401,37.772449],[28.747455,37.77247],[28.748002,37.772655],[28.751887,37.773973],[28.75195,37.773974],[28.752577,37.773978],[28.75331,37.773986],[28.75366,37.774012],[28.754293,37.774047],[28.754661,37.774073],[28.755392,37.774125],[28.755504,37.774133],[28.756583,37.774481],[28.756666,37.774493],[28.757607,37.773772],[28.757988,37.773853],[28.758547,37.773721],[28.759934,37.773528],[28.760163,37.773498],[28.760678,37.773498],[28.761119,37.773497],[28.761436,37.773556],[28.761503,37.773547],[28.761839,37.773505],[28.762366,37.773571],[28.762778,37.773645],[28.763173,37.773716],[28.76368,37.773792],[28.764826,37.774244],[28.764957,37.774288],[28.764964,37.77429],[28.765137,37.774299],[28.765298,37.774328],[28.765412,37.774377],[28.765714,37.774521],[28.765776,37.77455],[28.766251,37.77473],[28.766488,37.774799],[28.766682,37.774788],[28.766741,37.774777],[28.767001,37.774728],[28.767243,37.774664],[28.767487,37.774573],[28.767625,37.774548],[28.767732,37.774568],[28.76789,37.774652],[28.76824,37.774846],[28.768543,37.774997],[28.768732,37.775075],[28.768883,37.775122],[28.769348,37.775206],[28.769491,37.775277],[28.769711,37.775425],[28.770022,37.775694],[28.770093,37.775779],[28.770201,37.775909],[28.77027,37.775983],[28.770292,37.776021],[28.770315,37.776075],[28.770296,37.776118],[28.770226,37.77623],[28.770156,37.776359],[28.770232,37.776595],[28.770299,37.776726],[28.770301,37.776847],[28.77023,37.777004],[28.770195,37.777205],[28.770156,37.77745],[28.770184,37.777607],[28.770283,37.777738],[28.770435,37.777851],[28.770555,37.777885],[28.770789,37.777876],[28.771293,37.777736],[28.771548,37.77767],[28.771717,37.777689],[28.771823,37.777715],[28.77207,37.777753],[28.772341,37.777777],[28.77269,37.777855],[28.772872,37.777962],[28.773025,37.7781],[28.773208,37.778306],[28.773232,37.778322],[28.773345,37.778397],[28.773506,37.778519],[28.773546,37.778572],[28.773473,37.778583],[28.773336,37.77858],[28.773247,37.778646],[28.7732,37.778681],[28.773094,37.778841],[28.772967,37.77905],[28.772928,37.779254],[28.772803,37.77942],[28.772758,37.779573],[28.772848,37.779653],[28.772981,37.779657],[28.77307,37.779597],[28.773156,37.77953],[28.773175,37.779514],[28.773343,37.779456],[28.7737,37.779511],[28.774144,37.779576],[28.774366,37.779732],[28.774461,37.77987],[28.774486,37.779959],[28.774408,37.78],[28.774319,37.780007],[28.774188,37.779969],[28.77402,37.779936],[28.773884,37.779965],[28.773735,37.780007],[28.773639,37.780075],[28.773612,37.780153],[28.773617,37.78016],[28.773618,37.780161],[28.774103,37.780825],[28.77656,37.782073],[28.777036,37.782472],[28.77761,37.782953],[28.778513,37.783709],[28.778563,37.783751],[28.779626,37.784641],[28.780526,37.785395],[28.780581,37.78544],[28.780726,37.785562],[28.780746,37.785578],[28.780766,37.785596],[28.780838,37.785656],[28.780859,37.785673],[28.780882,37.785692],[28.780883,37.785699],[28.780883,37.785704],[28.780883,37.785705],[28.780883,37.785706],[28.780883,37.785706],[28.780887,37.785736],[28.781074,37.787319],[28.781085,37.787308],[28.781613,37.786777],[28.782237,37.78615],[28.7838,37.785184],[28.785679,37.783792],[28.787205,37.782612],[28.787721,37.782362],[28.787861,37.782207],[28.787952,37.782106],[28.787966,37.78209],[28.788071,37.781974],[28.788073,37.781971],[28.788125,37.781913],[28.788129,37.781909],[28.78809,37.781789],[28.787829,37.780994],[28.787482,37.780351],[28.787643,37.78017],[28.787563,37.780103],[28.787312,37.779894]]]}},{"type":"Feature","properties":{"id":"TR-Y-09-008-M-0022","level":"yerlesim","type":"mahalle","parent_id":"TR-D-09-008","province_id":"TR-P-09","district_id":"TR-D-09-008","name":"Karabağlar","source_raw_name":"Karabağlar","source":"Kullanıcı tarafından sağlanan KML","source_label":"Kullanıcı tarafından sağlanan KML","source_name":"Aydin Mahalle KML - kullanici tarafindan saglandi"},"geometry":{"type":"Polygon","coordinates":[[[28.600698,37.571942],[28.599888,37.571092],[28.598269,37.569394],[28.597204,37.568847],[28.596211,37.568337],[28.596166,37.56832],[28.596153,37.568315],[28.59584,37.568194],[28.595045,37.567888],[28.593289,37.567302],[28.591928,37.564974],[28.590825,37.563981],[28.590179,37.563603],[28.589543,37.563421],[28.588064,37.563632],[28.587339,37.563381],[28.586381,37.562387],[28.586005,37.561877],[28.584561,37.559917],[28.584469,37.558813],[28.584439,37.558443],[28.585954,37.553746],[28.585966,37.553707],[28.585949,37.551871],[28.585017,37.548462],[28.585122,37.547933],[28.584274,37.548501],[28.582208,37.549727],[28.582208,37.549726],[28.582229,37.549614],[28.582907,37.545983],[28.583506,37.543426],[28.585167,37.538631],[28.58749,37.53622],[28.588061,37.535202],[28.588709,37.534045],[28.588709,37.534045],[28.587734,37.531595],[28.586767,37.528769],[28.586767,37.528769],[28.58697,37.526863],[28.587053,37.526083],[28.587053,37.526083],[28.586143,37.524384],[28.586143,37.524384],[28.586766,37.521713],[28.585866,37.520519],[28.584743,37.520648],[28.583983,37.521517],[28.583779,37.521663],[28.583687,37.521729],[28.583665,37.521744],[28.583565,37.521816],[28.582638,37.522479],[28.582548,37.522499],[28.58247,37.522516],[28.581041,37.522825],[28.580615,37.523088],[28.579877,37.523749],[28.578969,37.52456],[28.577851,37.524928],[28.576855,37.524759],[28.57582,37.524583],[28.575571,37.524672],[28.574773,37.524955],[28.574234,37.525146],[28.573325,37.525468],[28.572468,37.525772],[28.570044,37.526129],[28.566386,37.526454],[28.564166,37.526815],[28.563259,37.526963],[28.56125,37.527542],[28.560802,37.527901],[28.56033,37.528226],[28.559898,37.52852],[28.559325,37.528969],[28.558801,37.529079],[28.558931,37.529917],[28.55911,37.530749],[28.560639,37.531081],[28.560948,37.531398],[28.561606,37.532071],[28.561775,37.532245],[28.563691,37.534208],[28.563836,37.534543],[28.563856,37.534588],[28.564283,37.535576],[28.565625,37.536874],[28.565845,37.537246],[28.565981,37.537476],[28.566079,37.537641],[28.567455,37.53996],[28.565977,37.540946],[28.565905,37.540994],[28.564785,37.541441],[28.564244,37.541658],[28.562371,37.542129],[28.561754,37.542443],[28.561501,37.542615],[28.560613,37.543067],[28.559505,37.543755],[28.558972,37.544566],[28.560193,37.545543],[28.560438,37.545632],[28.560893,37.546119],[28.560893,37.546119],[28.560932,37.546219],[28.560932,37.546219],[28.560912,37.546367],[28.560911,37.546367],[28.560873,37.546742],[28.560873,37.546742],[28.560905,37.547126],[28.560905,37.547126],[28.560812,37.547128],[28.562197,37.54711],[28.562419,37.548406],[28.562878,37.54958],[28.563374,37.551111],[28.563894,37.552343],[28.564671,37.552297],[28.565093,37.552542],[28.565785,37.55332],[28.567059,37.554089],[28.568254,37.560393],[28.568416,37.561248],[28.568753,37.563025],[28.571599,37.565884],[28.572637,37.568335],[28.572756,37.568615],[28.573787,37.56953],[28.574747,37.570382],[28.57601,37.572122],[28.57705,37.573388],[28.580407,37.573121],[28.581761,37.574278],[28.583778,37.57546],[28.584219,37.575718],[28.587368,37.575825],[28.589383,37.575627],[28.590561,37.575774],[28.593498,37.576323],[28.59614,37.575974],[28.597659,37.576002],[28.598689,37.575618],[28.600703,37.573959],[28.600701,37.57323],[28.600701,37.573141],[28.600698,37.572053],[28.600698,37.571942]]]}},{"type":"Feature","properties":{"id":"TR-Y-09-008-M-0023","level":"yerlesim","type":"mahalle","parent_id":"TR-D-09-008","province_id":"TR-P-09","district_id":"TR-D-09-008","name":"Karacaören","source_raw_name":"Karacaören","source":"Kullanıcı tarafından sağlanan KML","source_label":"Kullanıcı tarafından sağlanan KML","source_name":"Aydin Mahalle KML - kullanici tarafindan saglandi"},"geometry":{"type":"Polygon","coordinates":[[[28.633711,37.878124],[28.633878,37.878013],[28.635295,37.878243],[28.639702,37.877481],[28.640583,37.877068],[28.641127,37.87666],[28.641307,37.876123],[28.641338,37.875322],[28.641728,37.874497],[28.642401,37.873362],[28.642826,37.873013],[28.64308,37.872875],[28.64308,37.872874],[28.643078,37.872788],[28.643094,37.87268],[28.643107,37.872602],[28.643059,37.872558],[28.643028,37.872492],[28.642997,37.87241],[28.642969,37.872335],[28.64295,37.872251],[28.642951,37.872181],[28.642939,37.872115],[28.642929,37.872085],[28.642915,37.872043],[28.642882,37.871981],[28.642812,37.871935],[28.642738,37.871863],[28.642662,37.871778],[28.642604,37.871713],[28.642537,37.87166],[28.642527,37.871644],[28.642492,37.871586],[28.642428,37.871495],[28.642361,37.871378],[28.642339,37.871302],[28.642323,37.871224],[28.642329,37.871195],[28.642339,37.871149],[28.642345,37.871139],[28.642384,37.871075],[28.642441,37.871001],[28.642469,37.87092],[28.642504,37.870825],[28.642528,37.870739],[28.642563,37.870604],[28.64259,37.870537],[28.642641,37.870481],[28.642715,37.870414],[28.642799,37.870341],[28.642864,37.870277],[28.642898,37.87021],[28.642903,37.870198],[28.642944,37.870154],[28.64299,37.870133],[28.643008,37.870125],[28.64308,37.870114],[28.643128,37.870101],[28.643187,37.870058],[28.643285,37.869955],[28.643387,37.869886],[28.643477,37.86979],[28.643572,37.86972],[28.643653,37.869611],[28.643688,37.86957],[28.643777,37.869465],[28.643886,37.869354],[28.643962,37.869297],[28.644063,37.869254],[28.644161,37.869194],[28.6443,37.86911],[28.644451,37.868999],[28.644521,37.868966],[28.64464,37.868924],[28.644716,37.868895],[28.644748,37.868883],[28.644798,37.868864],[28.64481,37.868861],[28.644939,37.868832],[28.644949,37.86883],[28.645044,37.868802],[28.645053,37.868799],[28.645384,37.86865],[28.645533,37.868583],[28.645539,37.86858],[28.645698,37.86849],[28.645767,37.86845],[28.645825,37.86841],[28.645941,37.868326],[28.646054,37.868246],[28.646125,37.868209],[28.646234,37.868122],[28.64633,37.868029],[28.646341,37.868022],[28.646415,37.867983],[28.64649,37.867947],[28.646576,37.86789],[28.646705,37.867801],[28.646766,37.867765],[28.646801,37.867744],[28.646802,37.867743],[28.647086,37.867376],[28.647153,37.867427],[28.64723,37.867349],[28.647314,37.867258],[28.64733,37.86724],[28.647403,37.867122],[28.647435,37.867042],[28.647457,37.866914],[28.647484,37.866825],[28.647522,37.866712],[28.647581,37.866531],[28.647584,37.866423],[28.647584,37.866413],[28.64765,37.86631],[28.647686,37.866238],[28.647703,37.866186],[28.647696,37.866148],[28.647694,37.86614],[28.647691,37.866126],[28.647643,37.86608],[28.647534,37.866027],[28.647399,37.865995],[28.64726,37.865988],[28.647029,37.865986],[28.646846,37.865995],[28.646722,37.86599],[28.646697,37.865988],[28.646593,37.865978],[28.646478,37.86595],[28.646308,37.865873],[28.64629,37.865861],[28.645938,37.865631],[28.645762,37.865515],[28.645722,37.865468],[28.645696,37.865389],[28.64568,37.865299],[28.64568,37.865196],[28.645693,37.865134],[28.645727,37.865051],[28.645726,37.865022],[28.645725,37.864991],[28.645663,37.864895],[28.645619,37.864856],[28.645567,37.864809],[28.645388,37.864681],[28.645086,37.864494],[28.644946,37.864381],[28.64475,37.864214],[28.644608,37.864078],[28.644545,37.864008],[28.644514,37.863957],[28.644504,37.863886],[28.644513,37.863852],[28.644533,37.863803],[28.644566,37.863763],[28.644612,37.863716],[28.644674,37.863683],[28.644698,37.863671],[28.644759,37.863657],[28.644825,37.863647],[28.644905,37.86364],[28.645019,37.863641],[28.645201,37.863669],[28.645467,37.863742],[28.645662,37.86379],[28.645779,37.863799],[28.645888,37.863788],[28.645975,37.863761],[28.646103,37.863707],[28.646158,37.863672],[28.646232,37.863625],[28.646391,37.863512],[28.646495,37.863466],[28.646594,37.863437],[28.646697,37.863414],[28.646864,37.863403],[28.646947,37.863401],[28.647093,37.863398],[28.647204,37.863413],[28.647346,37.863444],[28.647509,37.863511],[28.647578,37.863537],[28.647651,37.863546],[28.647729,37.863543],[28.64775,37.863543],[28.647835,37.863523],[28.647916,37.863474],[28.647987,37.863381],[28.648004,37.86334],[28.648019,37.863303],[28.648034,37.86312],[28.648053,37.862958],[28.648073,37.862889],[28.648115,37.862843],[28.648189,37.862804],[28.648493,37.862779],[28.648591,37.862766],[28.64868,37.862716],[28.648818,37.862495],[28.648848,37.862458],[28.648887,37.862411],[28.648993,37.862332],[28.649096,37.862284],[28.649252,37.862236],[28.649434,37.86223],[28.649763,37.862239],[28.649942,37.862238],[28.650051,37.862225],[28.650122,37.862206],[28.650152,37.862198],[28.650246,37.862169],[28.650304,37.862124],[28.650294,37.860858],[28.650776,37.860349],[28.651651,37.859801],[28.652364,37.859503],[28.653258,37.858396],[28.653877,37.85716],[28.654266,37.856777],[28.655467,37.855562],[28.656135,37.854528],[28.656637,37.854219],[28.65666,37.854168],[28.656662,37.854165],[28.656693,37.854113],[28.656752,37.854064],[28.656901,37.853966],[28.657152,37.853796],[28.657248,37.85372],[28.657314,37.853668],[28.657482,37.853511],[28.657484,37.853508],[28.657581,37.853406],[28.657651,37.853331],[28.657745,37.85325],[28.657748,37.853247],[28.657873,37.853141],[28.657998,37.853059],[28.658166,37.852951],[28.6584,37.852826],[28.658491,37.852776],[28.658596,37.852719],[28.658713,37.852634],[28.658789,37.852556],[28.658866,37.852461],[28.658935,37.852355],[28.658967,37.852264],[28.658984,37.852187],[28.658986,37.852172],[28.658989,37.852153],[28.658997,37.8521],[28.65902,37.852045],[28.659065,37.851992],[28.659144,37.851944],[28.659155,37.851937],[28.659249,37.851904],[28.65932,37.851856],[28.65932,37.851856],[28.659369,37.851789],[28.659428,37.851667],[28.659478,37.851569],[28.65954,37.851478],[28.659596,37.851436],[28.65969,37.851378],[28.659705,37.851369],[28.659847,37.851309],[28.659969,37.851245],[28.660027,37.851205],[28.660051,37.851189],[28.660098,37.851144],[28.660141,37.851089],[28.660184,37.851013],[28.660246,37.850946],[28.660338,37.850869],[28.660411,37.850823],[28.66051,37.850755],[28.660575,37.850686],[28.660662,37.850567],[28.660718,37.850474],[28.660753,37.8504],[28.660759,37.850337],[28.660755,37.85028],[28.660735,37.850209],[28.660722,37.85016],[28.660718,37.850114],[28.660719,37.850113],[28.660722,37.850095],[28.660736,37.850061],[28.660752,37.850053],[28.660771,37.850031],[28.660827,37.850007],[28.660897,37.849999],[28.660996,37.849988],[28.661078,37.84997],[28.661096,37.849966],[28.661099,37.849965],[28.661104,37.849964],[28.66118,37.849934],[28.661251,37.849883],[28.661294,37.849842],[28.661318,37.849796],[28.661347,37.849698],[28.661393,37.849566],[28.661432,37.849464],[28.661448,37.849354],[28.661451,37.849252],[28.661459,37.84912],[28.661461,37.849112],[28.661491,37.84898],[28.66152,37.848868],[28.661573,37.848744],[28.661605,37.848689],[28.661647,37.848632],[28.661692,37.848597],[28.661697,37.848594],[28.661782,37.84857],[28.661874,37.848556],[28.661886,37.848554],[28.662004,37.84854],[28.662135,37.848509],[28.662148,37.848507],[28.662329,37.848478],[28.662487,37.848459],[28.662682,37.848451],[28.662946,37.848456],[28.663045,37.848465],[28.663117,37.848463],[28.663161,37.848447],[28.663162,37.848446],[28.663242,37.848385],[28.66324,37.848337],[28.663214,37.848291],[28.663223,37.84815],[28.663258,37.847924],[28.663261,37.847638],[28.663241,37.84743],[28.663339,37.847424],[28.664148,37.847374],[28.664441,37.847414],[28.664622,37.847404],[28.664622,37.847404],[28.664622,37.847403],[28.664628,37.847389],[28.664638,37.847362],[28.664723,37.847137],[28.664723,37.846973],[28.664796,37.846536],[28.664776,37.846513],[28.665988,37.845972],[28.666012,37.845967],[28.666081,37.845904],[28.666247,37.845741],[28.66646,37.845598],[28.666728,37.84535],[28.666944,37.84535],[28.667106,37.845351],[28.667534,37.845119],[28.667673,37.844926],[28.667695,37.844896],[28.66818,37.844364],[28.668243,37.84438],[28.66851,37.844445],[28.668799,37.844354],[28.668888,37.844326],[28.669153,37.844281],[28.669278,37.844358],[28.669401,37.844314],[28.669588,37.844478],[28.669654,37.844644],[28.670043,37.845019],[28.67017,37.84504],[28.670225,37.845049],[28.671638,37.844713],[28.673634,37.843826],[28.674178,37.843584],[28.675155,37.84315],[28.679707,37.842741],[28.679707,37.842741],[28.684037,37.841979],[28.684037,37.841979],[28.68753,37.840405],[28.68856,37.839975],[28.689364,37.839498],[28.690351,37.839536],[28.690351,37.839536],[28.690451,37.839604],[28.691362,37.840223],[28.691362,37.840223],[28.692385,37.839504],[28.692849,37.839065],[28.693183,37.838748],[28.694504,37.837915],[28.695991,37.837315],[28.698219,37.837866],[28.698219,37.837866],[28.699616,37.838123],[28.699616,37.838123],[28.700556,37.838124],[28.703533,37.838126],[28.703533,37.838126],[28.703741,37.837886],[28.704812,37.83805],[28.704812,37.83805],[28.706355,37.838362],[28.706355,37.838362],[28.707019,37.83886],[28.708099,37.83967],[28.709721,37.841011],[28.711648,37.841023],[28.711648,37.841023],[28.711958,37.83954],[28.712886,37.839055],[28.713336,37.838967],[28.713627,37.83891],[28.713627,37.83891],[28.71401,37.838759],[28.715801,37.838051],[28.718525,37.838152],[28.718525,37.838152],[28.71861,37.838145],[28.721198,37.837929],[28.721198,37.837929],[28.721907,37.837727],[28.723048,37.837402],[28.724791,37.836905],[28.724819,37.836897],[28.725765,37.836627],[28.725765,37.836627],[28.726619,37.836566],[28.727871,37.836477],[28.729927,37.83633],[28.729927,37.83633],[28.732077,37.836155],[28.732077,37.836155],[28.73254,37.836186],[28.733701,37.836263],[28.734512,37.836317],[28.735765,37.836401],[28.735921,37.836411],[28.736071,37.836421],[28.736105,37.836424],[28.736105,37.836424],[28.736202,37.83649],[28.737808,37.837599],[28.738974,37.838403],[28.7398,37.838974],[28.740831,37.839685],[28.741209,37.839946],[28.749199,37.842811],[28.750443,37.838783],[28.752939,37.83026],[28.755988,37.823764],[28.756919,37.821867],[28.738495,37.814193],[28.738117,37.81448],[28.738117,37.814482],[28.738258,37.815019],[28.73832,37.815835],[28.73832,37.815835],[28.738281,37.815864],[28.738107,37.815997],[28.73741,37.816528],[28.737411,37.816529],[28.737767,37.81691],[28.737765,37.81691],[28.736752,37.817007],[28.736525,37.817029],[28.735852,37.817093],[28.734869,37.817041],[28.734577,37.816839],[28.733984,37.816665],[28.733562,37.816536],[28.732636,37.816542],[28.732344,37.816444],[28.732343,37.816444],[28.732335,37.816441],[28.732195,37.816688],[28.731694,37.816745],[28.730504,37.816533],[28.730504,37.816533],[28.728853,37.816733],[28.728294,37.816689],[28.728267,37.816645],[28.728175,37.816562],[28.728137,37.816545],[28.728125,37.81654],[28.728035,37.81654],[28.727918,37.816565],[28.727835,37.816565],[28.727805,37.816556],[28.727708,37.816528],[28.727609,37.816484],[28.727608,37.816484],[28.727438,37.816424],[28.727427,37.816421],[28.727318,37.816375],[28.727246,37.81633],[28.72722,37.816331],[28.727181,37.816348],[28.727121,37.816387],[28.727019,37.816428],[28.726915,37.816435],[28.726756,37.816419],[28.72655,37.816411],[28.726447,37.816397],[28.726365,37.81636],[28.726349,37.816353],[28.726227,37.816325],[28.726178,37.816323],[28.726058,37.816336],[28.725892,37.816368],[28.72582,37.816377],[28.725734,37.816357],[28.725655,37.816308],[28.725545,37.816279],[28.725482,37.816251],[28.725433,37.816229],[28.72534,37.816201],[28.725237,37.816182],[28.725169,37.816177],[28.725087,37.816194],[28.725007,37.816219],[28.724936,37.816232],[28.724851,37.816229],[28.724763,37.816198],[28.724734,37.816188],[28.724716,37.816183],[28.724648,37.816197],[28.724537,37.816246],[28.724476,37.816269],[28.724417,37.816286],[28.724302,37.816315],[28.7242,37.816354],[28.724105,37.816383],[28.723789,37.816449],[28.723782,37.816451],[28.723623,37.816525],[28.723515,37.816568],[28.723446,37.816628],[28.723398,37.816695],[28.72334,37.816736],[28.723302,37.81674],[28.723229,37.81672],[28.723136,37.816686],[28.723046,37.816687],[28.72304,37.816687],[28.722944,37.816733],[28.722832,37.816779],[28.722735,37.816801],[28.722593,37.816813],[28.722515,37.81683],[28.722467,37.816841],[28.722313,37.816885],[28.722202,37.816939],[28.722145,37.816967],[28.722103,37.816987],[28.722043,37.816989],[28.721918,37.816996],[28.72184,37.817043],[28.721734,37.817121],[28.7216,37.817155],[28.721477,37.817183],[28.721467,37.817185],[28.721339,37.81722],[28.721254,37.817229],[28.721109,37.81725],[28.720971,37.817253],[28.720914,37.817254],[28.720843,37.817254],[28.72079,37.817285],[28.720731,37.817368],[28.720657,37.817419],[28.720571,37.817426],[28.720482,37.817391],[28.720367,37.817329],[28.720294,37.817306],[28.720229,37.817314],[28.720183,37.81737],[28.720162,37.817386],[28.72015,37.817395],[28.720102,37.817415],[28.720047,37.817397],[28.719975,37.817332],[28.719916,37.817295],[28.719856,37.817269],[28.719813,37.817264],[28.71976,37.817275],[28.719706,37.817303],[28.719642,37.817336],[28.719637,37.817339],[28.719565,37.817362],[28.719485,37.817368],[28.719468,37.817369],[28.719311,37.817373],[28.719222,37.817342],[28.71916,37.817312],[28.719056,37.817297],[28.719019,37.817297],[28.718866,37.8173],[28.718774,37.817281],[28.718672,37.81726],[28.718634,37.817252],[28.718507,37.817215],[28.718392,37.817228],[28.718306,37.817228],[28.718294,37.817227],[28.718117,37.817207],[28.7179,37.817171],[28.717721,37.817144],[28.717586,37.817116],[28.717546,37.817112],[28.717361,37.817094],[28.717169,37.817022],[28.717069,37.816952],[28.716964,37.81687],[28.716945,37.816856],[28.716847,37.816767],[28.716803,37.816737],[28.716772,37.816715],[28.716662,37.816657],[28.716626,37.816637],[28.716448,37.816569],[28.71645,37.816589],[28.716434,37.816632],[28.716425,37.816702],[28.716449,37.816757],[28.716537,37.816829],[28.716628,37.816986],[28.716656,37.817093],[28.716681,37.81719],[28.716696,37.817292],[28.716686,37.817426],[28.716706,37.817527],[28.716761,37.817599],[28.716828,37.817641],[28.716899,37.817683],[28.71693,37.817747],[28.716927,37.817818],[28.716872,37.817901],[28.716805,37.817954],[28.716775,37.817977],[28.716747,37.818009],[28.716739,37.818075],[28.716775,37.81819],[28.716765,37.818312],[28.716709,37.818518],[28.716622,37.818656],[28.716591,37.818709],[28.716605,37.818792],[28.716676,37.818871],[28.716703,37.818943],[28.716662,37.819002],[28.71661,37.819082],[28.716599,37.819163],[28.716584,37.819235],[28.71655,37.819268],[28.716539,37.819342],[28.716566,37.819405],[28.716584,37.819417],[28.71669,37.81949],[28.716744,37.819554],[28.71676,37.819617],[28.716735,37.819683],[28.716661,37.819767],[28.716564,37.819857],[28.716548,37.819928],[28.716517,37.819986],[28.716491,37.820019],[28.716379,37.820129],[28.716328,37.820205],[28.716326,37.820279],[28.716355,37.820345],[28.716383,37.820392],[28.71641,37.820437],[28.716444,37.820486],[28.71649,37.820551],[28.716543,37.820625],[28.716581,37.820718],[28.716649,37.820771],[28.716771,37.820851],[28.716792,37.82086],[28.716776,37.821097],[28.716774,37.821098],[28.716743,37.821113],[28.716485,37.821237],[28.716456,37.821251],[28.715436,37.82174],[28.714837,37.822087],[28.714746,37.82214],[28.713016,37.823142],[28.710861,37.821459],[28.710642,37.819553],[28.708356,37.817451],[28.705996,37.816051],[28.70581,37.815501],[28.705083,37.813361],[28.703828,37.812068],[28.702344,37.811853],[28.700943,37.811806],[28.699442,37.81161],[28.69821,37.811281],[28.69714,37.810728],[28.696072,37.810122],[28.695843,37.809588],[28.695238,37.809131],[28.694337,37.808715],[28.693331,37.808434],[28.692729,37.807841],[28.692469,37.807127],[28.691569,37.806648],[28.690466,37.806105],[28.689417,37.806327],[28.688264,37.80699],[28.688076,37.807172],[28.688028,37.807219],[28.687253,37.807974],[28.686765,37.808631],[28.686826,37.808992],[28.686692,37.809558],[28.686746,37.810455],[28.686754,37.810587],[28.686762,37.810706],[28.686768,37.810812],[28.686618,37.810718],[28.686617,37.810717],[28.686617,37.810717],[28.686615,37.810721],[28.6866,37.810762],[28.686608,37.810802],[28.686658,37.810852],[28.686758,37.810916],[28.686822,37.81097],[28.686875,37.81104],[28.68689,37.811093],[28.686883,37.811114],[28.686861,37.811114],[28.686841,37.811113],[28.686802,37.811112],[28.686717,37.811103],[28.686678,37.811099],[28.686573,37.81109],[28.686462,37.811078],[28.686448,37.811076],[28.686349,37.811041],[28.686291,37.810992],[28.686243,37.810961],[28.686218,37.810946],[28.686125,37.810865],[28.686003,37.810786],[28.685953,37.810747],[28.685922,37.810724],[28.685837,37.810618],[28.685828,37.810607],[28.685734,37.810502],[28.685656,37.810451],[28.685591,37.810418],[28.685542,37.810394],[28.685454,37.810355],[28.685334,37.810328],[28.685225,37.810315],[28.685212,37.810313],[28.685116,37.810307],[28.684962,37.810279],[28.684853,37.810252],[28.68471,37.810214],[28.684609,37.810193],[28.684558,37.810189],[28.684494,37.810197],[28.684435,37.810205],[28.684312,37.810225],[28.684184,37.810238],[28.684031,37.810278],[28.683932,37.810284],[28.683805,37.810266],[28.683685,37.810255],[28.683612,37.810226],[28.683503,37.810155],[28.683491,37.810147],[28.683422,37.810116],[28.683406,37.810111],[28.683354,37.81012],[28.683275,37.810134],[28.683212,37.810133],[28.683203,37.810126],[28.683161,37.810094],[28.683133,37.810067],[28.683109,37.810054],[28.683087,37.810041],[28.683039,37.81],[28.682992,37.809972],[28.682874,37.809951],[28.682842,37.809951],[28.68273,37.809952],[28.682719,37.809952],[28.682493,37.80998],[28.682469,37.809955],[28.682458,37.809932],[28.682455,37.809896],[28.682485,37.809852],[28.682484,37.809849],[28.682484,37.809849],[28.682483,37.809838],[28.68248,37.809803],[28.68248,37.809797],[28.682426,37.809667],[28.682382,37.809579],[28.682331,37.80955],[28.682178,37.809576],[28.682081,37.809564],[28.682027,37.809547],[28.68202,37.809545],[28.681993,37.809531],[28.681949,37.809492],[28.68193,37.809439],[28.681911,37.809346],[28.681874,37.809324],[28.68182,37.809314],[28.681786,37.809294],[28.681725,37.809224],[28.681678,37.80917],[28.681658,37.809147],[28.681636,37.809088],[28.681637,37.809061],[28.68168,37.809014],[28.681776,37.808931],[28.68184,37.808837],[28.681872,37.808759],[28.681867,37.808732],[28.681845,37.808719],[28.681774,37.808717],[28.681645,37.808732],[28.681528,37.808714],[28.681464,37.808688],[28.681422,37.80867],[28.681421,37.808669],[28.681297,37.808588],[28.681249,37.808523],[28.681251,37.808504],[28.681269,37.808484],[28.681333,37.808469],[28.681379,37.808445],[28.681379,37.808444],[28.681366,37.808372],[28.681351,37.80836],[28.681317,37.808344],[28.681232,37.808343],[28.681102,37.808354],[28.681067,37.808341],[28.681059,37.80832],[28.68108,37.808278],[28.681078,37.808203],[28.681052,37.808104],[28.681047,37.808037],[28.681043,37.807989],[28.681014,37.807892],[28.681009,37.807877],[28.680994,37.807834],[28.680994,37.807834],[28.680975,37.80778],[28.680927,37.807737],[28.680882,37.807735],[28.680868,37.807735],[28.680868,37.807735],[28.680731,37.807739],[28.680628,37.807735],[28.680584,37.807708],[28.680577,37.807672],[28.680551,37.807611],[28.680504,37.807566],[28.680457,37.807539],[28.680369,37.807538],[28.680286,37.807573],[28.680245,37.807582],[28.6802,37.807573],[28.680152,37.807555],[28.680104,37.807512],[28.680079,37.807438],[28.680072,37.80733],[28.680018,37.807256],[28.680014,37.80725],[28.679919,37.807164],[28.679861,37.807121],[28.679803,37.807092],[28.679707,37.807087],[28.6796,37.807088],[28.679545,37.807077],[28.679497,37.807031],[28.67948,37.806938],[28.679468,37.806883],[28.679447,37.806849],[28.679378,37.806822],[28.679273,37.806822],[28.679207,37.806798],[28.679142,37.806754],[28.67906,37.806712],[28.679034,37.806677],[28.679009,37.806643],[28.678932,37.806582],[28.678858,37.806525],[28.678828,37.80648],[28.678805,37.806405],[28.678797,37.806367],[28.678783,37.80622],[28.678767,37.806138],[28.678714,37.806082],[28.678657,37.806041],[28.678605,37.806002],[28.678591,37.805968],[28.678589,37.80589],[28.678561,37.805842],[28.678508,37.805804],[28.678332,37.805743],[28.678249,37.805735],[28.678173,37.805741],[28.678098,37.805714],[28.678005,37.805666],[28.677985,37.805633],[28.677992,37.805559],[28.677996,37.805515],[28.677977,37.805496],[28.67795,37.805485],[28.677917,37.805483],[28.677889,37.80548],[28.677753,37.805478],[28.677658,37.805483],[28.677597,37.805463],[28.677546,37.805436],[28.677502,37.805398],[28.677482,37.805347],[28.677508,37.805287],[28.67763,37.805185],[28.67771,37.805102],[28.677727,37.805042],[28.677711,37.804997],[28.677572,37.804927],[28.677534,37.804923],[28.677349,37.804937],[28.677234,37.804913],[28.677141,37.804881],[28.67705,37.804808],[28.67696,37.804686],[28.676906,37.804611],[28.676848,37.804608],[28.676801,37.804629],[28.676681,37.804704],[28.676544,37.804757],[28.676466,37.804763],[28.67639,37.804757],[28.676324,37.804735],[28.676265,37.80468],[28.67625,37.804654],[28.676223,37.804609],[28.676208,37.804539],[28.676192,37.804455],[28.676138,37.80438],[28.676044,37.804311],[28.675836,37.804136],[28.675761,37.804103],[28.675699,37.804102],[28.675623,37.8041],[28.675534,37.804083],[28.675458,37.804038],[28.675435,37.804024],[28.675417,37.804004],[28.675383,37.803966],[28.675333,37.803889],[28.675286,37.803819],[28.675246,37.803776],[28.675236,37.803751],[28.675236,37.803751],[28.675205,37.803674],[28.675159,37.803565],[28.675136,37.803533],[28.675116,37.803507],[28.675044,37.803436],[28.674997,37.803399],[28.674976,37.80336],[28.674983,37.803311],[28.674953,37.803271],[28.674914,37.80326],[28.674879,37.803256],[28.674801,37.803268],[28.674681,37.803287],[28.674634,37.803282],[28.674584,37.803237],[28.67455,37.803168],[28.674526,37.803076],[28.674511,37.803051],[28.674476,37.803041],[28.674441,37.803031],[28.674341,37.803058],[28.674341,37.803058],[28.674226,37.803088],[28.674094,37.803107],[28.673949,37.803125],[28.673864,37.803101],[28.673792,37.803041],[28.67377,37.803023],[28.673608,37.802878],[28.673538,37.802832],[28.673466,37.802784],[28.673386,37.802718],[28.673367,37.802686],[28.673362,37.802666],[28.673365,37.802605],[28.6734,37.802498],[28.673401,37.802451],[28.673381,37.80242],[28.673239,37.802354],[28.673017,37.802245],[28.673006,37.802239],[28.672849,37.802182],[28.672837,37.80218],[28.67274,37.802161],[28.672647,37.802159],[28.672611,37.802156],[28.672586,37.802176],[28.672579,37.802182],[28.672525,37.802248],[28.672496,37.802279],[28.672458,37.802289],[28.672388,37.802257],[28.672293,37.80222],[28.672229,37.802201],[28.672131,37.802208],[28.67202,37.802242],[28.671937,37.802261],[28.671892,37.802271],[28.671785,37.802266],[28.671717,37.802253],[28.671584,37.802164],[28.671496,37.802086],[28.671457,37.802064],[28.671425,37.802053],[28.67134,37.802055],[28.671256,37.802069],[28.671186,37.802056],[28.671144,37.802056],[28.67111,37.802065],[28.671058,37.802105],[28.671015,37.802134],[28.670998,37.80214],[28.670952,37.802133],[28.670898,37.802102],[28.670875,37.802057],[28.67084,37.801913],[28.67081,37.801817],[28.670798,37.801798],[28.670699,37.801763],[28.670581,37.801814],[28.670511,37.801829],[28.670462,37.801819],[28.670409,37.801785],[28.670331,37.801762],[28.670322,37.80176],[28.670254,37.801735],[28.670143,37.801701],[28.670035,37.80165],[28.669999,37.801633],[28.669879,37.801578],[28.669781,37.801565],[28.669676,37.801559],[28.669619,37.801555],[28.669575,37.801552],[28.669502,37.801563],[28.669411,37.801627],[28.669376,37.801634],[28.669346,37.801622],[28.66929,37.801601],[28.669223,37.801576],[28.669155,37.801561],[28.669119,37.801553],[28.669012,37.801534],[28.668939,37.801521],[28.668893,37.80149],[28.668863,37.801449],[28.668846,37.80142],[28.668853,37.801372],[28.66886,37.801288],[28.668778,37.801149],[28.668649,37.801005],[28.668451,37.800798],[28.668385,37.800686],[28.668336,37.800572],[28.668296,37.800396],[28.668287,37.80022],[28.668287,37.800122],[28.668287,37.800122],[28.668185,37.799963],[28.668139,37.799944],[28.668139,37.799944],[28.668121,37.799968],[28.668094,37.800069],[28.668061,37.800203],[28.668047,37.800244],[28.668041,37.80025],[28.668005,37.800284],[28.66797,37.800301],[28.667922,37.800299],[28.66787,37.80027],[28.667814,37.800221],[28.667758,37.800172],[28.667665,37.800076],[28.667593,37.799971],[28.667534,37.799931],[28.667484,37.799931],[28.667364,37.799939],[28.667233,37.799924],[28.66709,37.799877],[28.666953,37.799812],[28.666825,37.799732],[28.666677,37.799617],[28.666605,37.799565],[28.66653,37.799548],[28.666415,37.799559],[28.666335,37.799571],[28.666271,37.799585],[28.666254,37.799611],[28.666216,37.799716],[28.666212,37.799795],[28.666195,37.799839],[28.666149,37.799871],[28.666051,37.79991],[28.665947,37.799947],[28.66586,37.799955],[28.665787,37.799948],[28.665733,37.799879],[28.665651,37.799816],[28.66555,37.7998],[28.665409,37.799777],[28.665385,37.799743],[28.665353,37.799645],[28.665336,37.799544],[28.665288,37.799455],[28.665251,37.799401],[28.665194,37.799344],[28.665182,37.799318],[28.665185,37.799251],[28.665235,37.799162],[28.665315,37.799082],[28.665341,37.799033],[28.665331,37.798984],[28.665328,37.798905],[28.665364,37.798833],[28.665342,37.798692],[28.665309,37.798563],[28.66527,37.798468],[28.665267,37.798459],[28.665198,37.798374],[28.665123,37.798319],[28.665041,37.798282],[28.664959,37.798266],[28.664862,37.798266],[28.664837,37.798263],[28.664795,37.798258],[28.66473,37.798227],[28.664684,37.798186],[28.66466,37.798165],[28.664691,37.798125],[28.664707,37.79804],[28.664688,37.797995],[28.664633,37.797957],[28.664538,37.797913],[28.664496,37.797881],[28.66449,37.797877],[28.664487,37.797879],[28.664436,37.797914],[28.664375,37.797962],[28.664314,37.797967],[28.664263,37.797951],[28.664212,37.797912],[28.664186,37.797837],[28.664195,37.797679],[28.664214,37.797595],[28.664232,37.797513],[28.664285,37.797362],[28.664298,37.797257],[28.664285,37.797185],[28.664273,37.79716],[28.664241,37.797137],[28.664198,37.797123],[28.664137,37.797122],[28.664068,37.797136],[28.663838,37.797224],[28.663888,37.797279],[28.66395,37.797365],[28.663966,37.797409],[28.663991,37.797478],[28.663972,37.79759],[28.66393,37.797685],[28.66384,37.797745],[28.663718,37.797797],[28.663587,37.797824],[28.663495,37.797826],[28.663356,37.797815],[28.663333,37.797812],[28.663186,37.797794],[28.66301,37.797782],[28.662869,37.797769],[28.662728,37.797745],[28.662638,37.797735],[28.662572,37.797731],[28.662571,37.797732],[28.662512,37.797751],[28.662453,37.797807],[28.662397,37.79788],[28.66235,37.797908],[28.662276,37.797924],[28.662202,37.79793],[28.662179,37.797933],[28.662137,37.797937],[28.662073,37.797962],[28.661957,37.797983],[28.661756,37.797988],[28.661719,37.797989],[28.661688,37.79799],[28.661648,37.797991],[28.661599,37.797992],[28.661398,37.797984],[28.661317,37.797978],[28.661162,37.797964],[28.661043,37.79794],[28.660972,37.797888],[28.660889,37.797823],[28.660804,37.797784],[28.660716,37.797781],[28.660657,37.797805],[28.660588,37.797865],[28.660527,37.797961],[28.660441,37.798055],[28.660336,37.798112],[28.660326,37.798117],[28.660185,37.798152],[28.660051,37.798171],[28.659887,37.798169],[28.659708,37.798177],[28.659523,37.79819],[28.659357,37.798186],[28.659333,37.798195],[28.659309,37.798205],[28.659281,37.798271],[28.659203,37.79834],[28.659126,37.798377],[28.659033,37.798393],[28.65896,37.798381],[28.658951,37.798382],[28.658876,37.798392],[28.658811,37.798467],[28.658741,37.798502],[28.658699,37.798536],[28.658665,37.798582],[28.658628,37.798631],[28.658606,37.798636],[28.658534,37.798614],[28.658456,37.798576],[28.65836,37.798574],[28.658332,37.798574],[28.658246,37.798577],[28.658192,37.798589],[28.658114,37.798691],[28.658112,37.798692],[28.658006,37.79875],[28.657961,37.798761],[28.657927,37.798769],[28.657826,37.798766],[28.657748,37.798764],[28.657707,37.79876],[28.657644,37.798754],[28.65753,37.798756],[28.657453,37.798778],[28.657354,37.798794],[28.657344,37.798793],[28.657254,37.798791],[28.657117,37.798775],[28.656138,37.798642],[28.65615,37.798625],[28.656211,37.798538],[28.656264,37.798399],[28.656301,37.798191],[28.656296,37.798092],[28.656318,37.797915],[28.65632,37.797901],[28.656383,37.797793],[28.656412,37.797664],[28.65643,37.797535],[28.656462,37.797426],[28.656509,37.797286],[28.656515,37.797069],[28.656542,37.79688],[28.65653,37.796732],[28.656532,37.796699],[28.656542,37.796577],[28.656577,37.796439],[28.656637,37.796237],[28.656619,37.796087],[28.656657,37.796046],[28.656706,37.795978],[28.656834,37.795792],[28.656957,37.79561],[28.656963,37.795596],[28.657028,37.795444],[28.65703,37.795374],[28.657307,37.794092],[28.657439,37.792994],[28.657598,37.792591],[28.657819,37.792268],[28.657879,37.792208],[28.657939,37.792087],[28.658045,37.79187],[28.65809,37.791742],[28.658167,37.791465],[28.658215,37.791279],[28.658281,37.791079],[28.658322,37.790887],[28.658328,37.790877],[28.658381,37.790776],[28.658454,37.790661],[28.65857,37.790576],[28.658648,37.79051],[28.658683,37.790443],[28.658719,37.790377],[28.658724,37.790368],[28.65876,37.790192],[28.658777,37.790083],[28.658774,37.789983],[28.658771,37.789875],[28.658778,37.789679],[28.658783,37.789441],[28.658775,37.789223],[28.658752,37.788952],[28.658752,37.78895],[28.658727,37.788734],[28.658675,37.788555],[28.658594,37.78841],[28.658002,37.786707],[28.658002,37.786707],[28.657963,37.786705],[28.655478,37.788039],[28.655175,37.787978],[28.654908,37.787934],[28.654748,37.787901],[28.654671,37.787885],[28.654463,37.787848],[28.654258,37.787794],[28.654038,37.787715],[28.653902,37.787644],[28.653825,37.787592],[28.653759,37.787546],[28.653567,37.787423],[28.653404,37.78732],[28.65324,37.787244],[28.653077,37.787182],[28.652962,37.787136],[28.652914,37.787116],[28.652733,37.787063],[28.652557,37.787026],[28.652409,37.786974],[28.652252,37.786876],[28.652094,37.786761],[28.652074,37.786747],[28.651895,37.786623],[28.651726,37.786523],[28.651575,37.786431],[28.651553,37.786418],[28.651552,37.786417],[28.651532,37.786405],[28.651506,37.786389],[28.6513,37.786317],[28.651173,37.786274],[28.651057,37.786235],[28.650886,37.78618],[28.650695,37.786126],[28.650465,37.786083],[28.650322,37.786057],[28.650172,37.786007],[28.650063,37.785971],[28.64999,37.785947],[28.649824,37.785919],[28.649668,37.785899],[28.649506,37.785906],[28.649385,37.78592],[28.649266,37.78591],[28.649099,37.785884],[28.64895,37.785883],[28.648893,37.785883],[28.648712,37.785917],[28.648529,37.785961],[28.648441,37.785986],[28.648287,37.78603],[28.648214,37.786055],[28.648088,37.786098],[28.647909,37.786182],[28.647766,37.786237],[28.647648,37.786254],[28.647586,37.786263],[28.647472,37.786264],[28.647334,37.786251],[28.647262,37.786249],[28.647136,37.786286],[28.647019,37.786322],[28.646788,37.786362],[28.646765,37.786333],[28.64671,37.786264],[28.646595,37.786111],[28.646516,37.786039],[28.646422,37.785968],[28.646298,37.785913],[28.64615,37.785863],[28.645996,37.785813],[28.645918,37.78578],[28.645867,37.785759],[28.6458,37.785734],[28.645706,37.785742],[28.645647,37.785751],[28.645552,37.785766],[28.645451,37.785781],[28.645355,37.785812],[28.645275,37.785851],[28.645272,37.785853],[28.645201,37.78591],[28.645124,37.786016],[28.645097,37.786038],[28.645057,37.786056],[28.644976,37.786042],[28.644924,37.786026],[28.644877,37.786022],[28.644787,37.786046],[28.644753,37.786059],[28.644728,37.786069],[28.644678,37.786112],[28.644643,37.786166],[28.644572,37.786189],[28.644492,37.78618],[28.644338,37.78614],[28.644156,37.786104],[28.643947,37.786072],[28.643834,37.786059],[28.643785,37.786053],[28.643623,37.786027],[28.643519,37.786024],[28.643418,37.786044],[28.643265,37.78614],[28.643141,37.786196],[28.643069,37.786222],[28.642922,37.786275],[28.642698,37.78637],[28.642657,37.786383],[28.642626,37.786393],[28.642535,37.786385],[28.642464,37.78636],[28.642398,37.786289],[28.642317,37.786163],[28.64224,37.786091],[28.642108,37.786039],[28.641925,37.78601],[28.641763,37.785998],[28.641655,37.78599],[28.641568,37.785978],[28.641474,37.785935],[28.641444,37.785902],[28.641413,37.78587],[28.641308,37.785795],[28.641222,37.78577],[28.641099,37.785766],[28.640857,37.785777],[28.640502,37.785831],[28.640222,37.785874],[28.64017,37.785879],[28.640153,37.785881],[28.639866,37.785909],[28.639634,37.785942],[28.639514,37.785959],[28.639402,37.785955],[28.639314,37.785935],[28.639241,37.78589],[28.639096,37.785751],[28.639015,37.785658],[28.638958,37.785608],[28.638845,37.785586],[28.638826,37.785582],[28.638706,37.785568],[28.638609,37.785527],[28.638505,37.785473],[28.638335,37.78538],[28.638255,37.7853],[28.638184,37.785218],[28.638157,37.785151],[28.638151,37.785135],[28.638119,37.785022],[28.63812,37.784871],[28.638156,37.78473],[28.638155,37.784643],[28.638129,37.784579],[28.638084,37.784538],[28.63804,37.784519],[28.63794,37.784489],[28.637783,37.784478],[28.637515,37.784506],[28.637411,37.784503],[28.637395,37.784502],[28.637298,37.784481],[28.637206,37.784445],[28.637101,37.784388],[28.637026,37.784358],[28.636915,37.784362],[28.636841,37.784391],[28.636774,37.78448],[28.636694,37.784617],[28.636642,37.784708],[28.636546,37.78478],[28.636452,37.784815],[28.636382,37.784817],[28.636276,37.784787],[28.636202,37.784744],[28.636146,37.784672],[28.636128,37.784633],[28.636072,37.784516],[28.636009,37.784427],[28.635942,37.784377],[28.635879,37.784365],[28.635791,37.784382],[28.635702,37.784432],[28.635655,37.784493],[28.635607,37.784601],[28.635533,37.784826],[28.635502,37.784904],[28.635448,37.784957],[28.635394,37.784989],[28.635249,37.785011],[28.635201,37.785033],[28.635189,37.785038],[28.635148,37.785099],[28.635116,37.785151],[28.635036,37.785182],[28.634917,37.785221],[28.63482,37.785259],[28.634783,37.785281],[28.634702,37.785343],[28.634613,37.785394],[28.634542,37.785413],[28.634397,37.785429],[28.634236,37.785453],[28.634105,37.785464],[28.634017,37.785456],[28.633931,37.785427],[28.633906,37.785419],[28.633832,37.785368],[28.633761,37.785282],[28.633676,37.785221],[28.633607,37.785199],[28.633556,37.785207],[28.633496,37.785253],[28.633367,37.785388],[28.633272,37.785459],[28.633183,37.7855],[28.633091,37.785544],[28.633017,37.785548],[28.632932,37.785522],[28.632809,37.785469],[28.632661,37.78541],[28.632505,37.785358],[28.632472,37.785347],[28.632324,37.785276],[28.632225,37.785189],[28.632138,37.785113],[28.632096,37.785074],[28.632016,37.785048],[28.631914,37.78503],[28.631805,37.784987],[28.631684,37.784937],[28.631595,37.784871],[28.631466,37.784786],[28.631362,37.784705],[28.631243,37.784624],[28.631151,37.784576],[28.631144,37.784572],[28.631143,37.784572],[28.631076,37.784554],[28.63097,37.784541],[28.630897,37.784553],[28.630787,37.784618],[28.630761,37.784636],[28.630726,37.784661],[28.630708,37.784673],[28.63059,37.784755],[28.630502,37.784822],[28.63053,37.784828],[28.630664,37.784888],[28.63074,37.784944],[28.630756,37.785],[28.630755,37.785004],[28.630749,37.785068],[28.630728,37.785125],[28.630653,37.785174],[28.630584,37.785204],[28.630567,37.785228],[28.630574,37.785267],[28.630583,37.785291],[28.630603,37.785342],[28.630633,37.785441],[28.630685,37.785531],[28.630774,37.785612],[28.63085,37.785685],[28.630853,37.785744],[28.630828,37.785799],[28.63079,37.785863],[28.630762,37.785937],[28.630701,37.785966],[28.63065,37.786004],[28.630633,37.786075],[28.630592,37.786221],[28.630375,37.786344],[28.630127,37.786544],[28.630105,37.786572],[28.630023,37.786681],[28.629925,37.786757],[28.629795,37.786839],[28.629665,37.786897],[28.629592,37.786957],[28.629454,37.787173],[28.629327,37.787295],[28.629243,37.787438],[28.629052,37.78759],[28.629038,37.787602],[28.629019,37.787631],[28.628951,37.787739],[28.628939,37.787795],[28.628947,37.787853],[28.628994,37.787953],[28.629024,37.788046],[28.629055,37.788109],[28.629058,37.788113],[28.629122,37.78817],[28.629169,37.788231],[28.629196,37.788314],[28.629218,37.788489],[28.62922,37.788511],[28.629226,37.788579],[28.629132,37.788742],[28.629118,37.788768],[28.629089,37.788822],[28.629077,37.788893],[28.629075,37.788958],[28.629101,37.789076],[28.629133,37.78917],[28.629152,37.789226],[28.629184,37.789404],[28.62924,37.789553],[28.62747,37.789377],[28.627447,37.789375],[28.625793,37.789653],[28.624873,37.789994],[28.624291,37.790406],[28.624252,37.790444],[28.624236,37.79046],[28.624205,37.790489],[28.624201,37.790495],[28.624138,37.790568],[28.624077,37.790622],[28.624039,37.79067],[28.624005,37.790842],[28.623989,37.790899],[28.623951,37.790948],[28.623887,37.790995],[28.623839,37.791056],[28.623827,37.791123],[28.623815,37.791185],[28.623797,37.79127],[28.623711,37.791405],[28.623697,37.791501],[28.623682,37.791541],[28.623646,37.791587],[28.623632,37.791629],[28.623632,37.79163],[28.62365,37.791786],[28.623655,37.791845],[28.623649,37.791915],[28.623646,37.79193],[28.623632,37.791999],[28.623616,37.792065],[28.623584,37.792126],[28.623557,37.792175],[28.62355,37.792201],[28.623494,37.792408],[28.623492,37.792415],[28.623443,37.792562],[28.623393,37.792704],[28.623388,37.792738],[28.623368,37.792886],[28.623361,37.792967],[28.623368,37.793051],[28.622944,37.793667],[28.622586,37.794633],[28.62257,37.794631],[28.622263,37.794585],[28.622253,37.794583],[28.622083,37.794547],[28.622039,37.794544],[28.621979,37.794559],[28.621979,37.794559],[28.62192,37.794588],[28.621862,37.794615],[28.621819,37.794624],[28.621724,37.794632],[28.621648,37.79466],[28.621596,37.794682],[28.621526,37.794715],[28.621421,37.794727],[28.621307,37.794736],[28.621249,37.79474],[28.621163,37.794758],[28.621064,37.794772],[28.620984,37.79481],[28.620907,37.794866],[28.620826,37.794926],[28.620735,37.79498],[28.620661,37.795033],[28.620612,37.795068],[28.62058,37.795107],[28.62053,37.795224],[28.620489,37.795278],[28.620416,37.795327],[28.62035,37.795389],[28.620278,37.79546],[28.62021,37.795524],[28.620138,37.795572],[28.619987,37.795643],[28.619921,37.795675],[28.61976,37.79577],[28.619563,37.795952],[28.619484,37.795992],[28.619404,37.796027],[28.619279,37.796082],[28.619303,37.796095],[28.619314,37.796128],[28.619306,37.796156],[28.619289,37.796182],[28.619265,37.796208],[28.619231,37.796253],[28.619214,37.796294],[28.61919,37.796343],[28.619171,37.796414],[28.619159,37.796453],[28.619165,37.796514],[28.619177,37.796563],[28.619194,37.796605],[28.619226,37.796642],[28.619274,37.796678],[28.619379,37.796719],[28.61945,37.796728],[28.61953,37.796739],[28.619595,37.796748],[28.619738,37.79678],[28.619819,37.79681],[28.61982,37.79681],[28.61988,37.796843],[28.619926,37.796872],[28.619964,37.796908],[28.620003,37.79695],[28.620037,37.796982],[28.62008,37.797001],[28.620122,37.797012],[28.620152,37.797014],[28.620239,37.797008],[28.620299,37.796995],[28.620384,37.796973],[28.620452,37.796949],[28.620537,37.796914],[28.620741,37.796807],[28.620806,37.796771],[28.620854,37.796754],[28.620912,37.796743],[28.620922,37.796744],[28.620975,37.796751],[28.621016,37.796771],[28.621031,37.796785],[28.621052,37.796803],[28.621091,37.796841],[28.621116,37.796888],[28.621189,37.796995],[28.621237,37.79705],[28.621279,37.797094],[28.621351,37.797171],[28.621413,37.797238],[28.621502,37.797337],[28.62158,37.797399],[28.621628,37.797428],[28.620645,37.801089],[28.616502,37.80192],[28.613461,37.802284],[28.612701,37.802556],[28.610712,37.802953],[28.607341,37.80406],[28.606011,37.804352],[28.6047,37.80487],[28.604136,37.805152],[28.603564,37.805827],[28.602021,37.806694],[28.601509,37.807103],[28.601245,37.807284],[28.601346,37.807675],[28.600659,37.807911],[28.600544,37.808093],[28.599798,37.808633],[28.598675,37.810035],[28.598045,37.811788],[28.598,37.812929],[28.597941,37.814431],[28.59818,37.814334],[28.598404,37.814242],[28.598936,37.814053],[28.599979,37.814216],[28.601113,37.814393],[28.601604,37.814384],[28.601676,37.814383],[28.602139,37.814347],[28.602648,37.814336],[28.603604,37.81443],[28.606141,37.831637],[28.606753,37.83579],[28.606566,37.836378],[28.604353,37.841991],[28.603098,37.845175],[28.602469,37.84677],[28.60306,37.850931],[28.602993,37.850972],[28.602944,37.851062],[28.602918,37.851109],[28.60286,37.851218],[28.603144,37.851332],[28.603277,37.851902],[28.603277,37.851902],[28.603253,37.85194],[28.602562,37.851747],[28.602381,37.852167],[28.602445,37.852459],[28.6027,37.852504],[28.602732,37.852676],[28.602564,37.852715],[28.60263,37.852756],[28.602667,37.852778],[28.602761,37.852837],[28.602766,37.85286],[28.603052,37.853027],[28.603157,37.853088],[28.603669,37.853502],[28.602861,37.85401],[28.602341,37.85408],[28.602125,37.854109],[28.603055,37.854655],[28.603626,37.854942],[28.604073,37.854531],[28.604259,37.854069],[28.604431,37.853972],[28.604909,37.853928],[28.606136,37.854749],[28.607272,37.85551],[28.60786,37.854726],[28.608846,37.853411],[28.609995,37.852704],[28.611305,37.852539],[28.612692,37.854312],[28.612857,37.854657],[28.613949,37.856931],[28.614951,37.858033],[28.616745,37.859315],[28.616982,37.859727],[28.61752,37.860659],[28.617769,37.861092],[28.617791,37.861129],[28.617786,37.861194],[28.617724,37.862056],[28.617638,37.863244],[28.617644,37.863252],[28.619483,37.865428],[28.619462,37.865478],[28.619286,37.865892],[28.618625,37.867449],[28.617866,37.869238],[28.617787,37.870453],[28.617793,37.870457],[28.618743,37.871005],[28.622,37.870007],[28.62231,37.870371],[28.62289,37.871054],[28.62468,37.872552],[28.62491,37.87279],[28.625761,37.873669],[28.62671,37.874648],[28.626701,37.874714],[28.626616,37.875404],[28.626625,37.875419],[28.627885,37.877463],[28.630025,37.879211],[28.63072,37.879368],[28.631879,37.879298],[28.632687,37.879177],[28.632945,37.878884],[28.633626,37.878182],[28.633711,37.878124]]]}},{"type":"Feature","properties":{"id":"TR-Y-09-008-M-0024","level":"yerlesim","type":"mahalle","parent_id":"TR-D-09-008","province_id":"TR-P-09","district_id":"TR-D-09-008","name":"Küçükdağlı","source_raw_name":"Küçükdağlı","source":"Kullanıcı tarafından sağlanan KML","source_label":"Kullanıcı tarafından sağlanan KML","source_name":"Aydin Mahalle KML - kullanici tarafindan saglandi"},"geometry":{"type":"Polygon","coordinates":[[[28.602792,37.731808],[28.60258,37.731672],[28.602496,37.731595],[28.602476,37.731577],[28.602468,37.731569],[28.602408,37.731541],[28.602283,37.731475],[28.602099,37.731353],[28.601963,37.731352],[28.601862,37.731393],[28.601675,37.731378],[28.601483,37.731318],[28.601135,37.731183],[28.601105,37.731167],[28.60108,37.731153],[28.60079,37.730996],[28.600767,37.730983],[28.60071,37.730952],[28.600743,37.730916],[28.601004,37.730596],[28.601052,37.730538],[28.60111,37.730471],[28.601164,37.730401],[28.601206,37.730351],[28.601242,37.730316],[28.601816,37.729694],[28.601999,37.729483],[28.60202,37.72946],[28.602043,37.729433],[28.602057,37.729417],[28.602131,37.729333],[28.601991,37.729266],[28.601564,37.729076],[28.601421,37.729012],[28.601205,37.72891],[28.601041,37.72884],[28.600903,37.72878],[28.600682,37.728681],[28.600494,37.728601],[28.600416,37.72857],[28.600248,37.728492],[28.600117,37.728432],[28.600117,37.728432],[28.600106,37.728427],[28.599874,37.728321],[28.599744,37.728263],[28.599739,37.72826],[28.599563,37.728182],[28.599334,37.728074],[28.59932,37.728068],[28.599199,37.728015],[28.599191,37.728011],[28.599165,37.728],[28.599156,37.727981],[28.599155,37.72798],[28.599155,37.72798],[28.59915,37.727961],[28.599149,37.727959],[28.599149,37.727957],[28.599148,37.727945],[28.599148,37.727938],[28.599148,37.727936],[28.599148,37.727934],[28.59915,37.727924],[28.599151,37.727915],[28.599155,37.727902],[28.599157,37.727896],[28.599158,37.727895],[28.599168,37.727877],[28.599195,37.727842],[28.599219,37.727809],[28.599226,37.7278],[28.599269,37.727744],[28.599388,37.727591],[28.599457,37.727515],[28.599458,37.727513],[28.599486,37.727483],[28.599487,37.727482],[28.599638,37.727314],[28.599687,37.727265],[28.599688,37.727264],[28.599689,37.727263],[28.599727,37.727232],[28.599745,37.727217],[28.599746,37.727217],[28.599808,37.727174],[28.59982,37.727168],[28.599862,37.727147],[28.599876,37.72714],[28.599964,37.727096],[28.600046,37.727055],[28.600089,37.727033],[28.600161,37.726989],[28.600195,37.726952],[28.600281,37.726853],[28.600332,37.726797],[28.600337,37.726791],[28.600406,37.726714],[28.600448,37.726667],[28.600473,37.726639],[28.600454,37.726599],[28.600453,37.726597],[28.600449,37.726593],[28.600428,37.726564],[28.600424,37.726559],[28.60042,37.726555],[28.600389,37.726525],[28.600388,37.726524],[28.600347,37.726494],[28.600322,37.726474],[28.600459,37.726317],[28.600518,37.726249],[28.60056,37.726195],[28.600569,37.726183],[28.600614,37.726125],[28.600698,37.726029],[28.600709,37.726016],[28.600711,37.726015],[28.600714,37.726012],[28.601021,37.725762],[28.601096,37.7257],[28.601241,37.725582],[28.601265,37.725562],[28.601326,37.725511],[28.601337,37.725502],[28.601412,37.72544],[28.601452,37.725406],[28.601597,37.725295],[28.601635,37.725259],[28.601774,37.725117],[28.60195,37.7249],[28.60195,37.7249],[28.601956,37.724901],[28.601985,37.724909],[28.602013,37.724918],[28.602018,37.724919],[28.602052,37.72493],[28.602093,37.724943],[28.602101,37.724946],[28.602132,37.724955],[28.602165,37.724965],[28.602231,37.724986],[28.602295,37.725005],[28.602365,37.725026],[28.602411,37.72504],[28.602418,37.725034],[28.602419,37.725033],[28.602429,37.725025],[28.602433,37.725021],[28.602539,37.724931],[28.602557,37.724916],[28.602559,37.724915],[28.60256,37.724913],[28.602571,37.7249],[28.602576,37.724895],[28.602581,37.724887],[28.602587,37.724878],[28.602594,37.724862],[28.602597,37.724854],[28.602598,37.724852],[28.602603,37.724829],[28.602607,37.724785],[28.602607,37.724784],[28.602641,37.724646],[28.602362,37.724306],[28.601851,37.723869],[28.601674,37.723746],[28.601552,37.72366],[28.601537,37.72365],[28.601386,37.723544],[28.600902,37.723243],[28.600864,37.723219],[28.600825,37.723223],[28.600814,37.723224],[28.60071,37.723234],[28.600506,37.723134],[28.600402,37.723112],[28.600409,37.723105],[28.600491,37.723041],[28.600613,37.722968],[28.600495,37.722932],[28.60049,37.722931],[28.600458,37.722921],[28.600405,37.722905],[28.600403,37.722903],[28.600175,37.722804],[28.599988,37.722768],[28.599729,37.722703],[28.599674,37.722658],[28.599636,37.722627],[28.599557,37.722563],[28.599502,37.722518],[28.599446,37.72242],[28.59939,37.722322],[28.599367,37.722283],[28.599324,37.722206],[28.599316,37.722193],[28.599269,37.722084],[28.599167,37.721847],[28.599158,37.721827],[28.599151,37.721809],[28.599087,37.721661],[28.59908,37.721618],[28.599064,37.721519],[28.599055,37.721462],[28.599037,37.721361],[28.599031,37.721316],[28.599028,37.721287],[28.599016,37.721193],[28.599012,37.721161],[28.599009,37.721133],[28.599006,37.721108],[28.598972,37.721015],[28.59897,37.721013],[28.598878,37.720914],[28.598859,37.720894],[28.598857,37.720893],[28.598766,37.720797],[28.598762,37.720793],[28.59875,37.720781],[28.598748,37.720779],[28.598738,37.720769],[28.598653,37.720722],[28.598618,37.720702],[28.598615,37.7207],[28.598558,37.720672],[28.598451,37.720619],[28.598363,37.720575],[28.598362,37.720574],[28.598342,37.720554],[28.598317,37.72053],[28.598305,37.720518],[28.598298,37.720461],[28.598297,37.720457],[28.598294,37.720432],[28.598288,37.720293],[28.598293,37.72021],[28.598294,37.720197],[28.598298,37.720138],[28.598299,37.720118],[28.598302,37.720078],[28.5983,37.720012],[28.598299,37.71998],[28.598297,37.719977],[28.59822,37.719851],[28.598218,37.719849],[28.598137,37.719773],[28.598088,37.719727],[28.598035,37.719681],[28.597994,37.719645],[28.597988,37.719639],[28.597882,37.71953],[28.597881,37.719528],[28.597876,37.719521],[28.597864,37.719505],[28.597705,37.719274],[28.597673,37.719228],[28.597639,37.71918],[28.597623,37.719155],[28.597595,37.719102],[28.597515,37.718967],[28.597508,37.718955],[28.597502,37.718944],[28.597388,37.718752],[28.597306,37.718671],[28.59724,37.718606],[28.59724,37.718605],[28.59723,37.718597],[28.597229,37.718557],[28.597227,37.71851],[28.597207,37.718434],[28.597198,37.718398],[28.597177,37.718364],[28.59713,37.718316],[28.597108,37.718241],[28.596937,37.718094],[28.596833,37.718036],[28.596721,37.717981],[28.596625,37.717882],[28.596596,37.717837],[28.596593,37.717782],[28.596624,37.717686],[28.5967,37.717554],[28.596806,37.71742],[28.596817,37.717423],[28.596822,37.717419],[28.596876,37.717373],[28.596884,37.717323],[28.596833,37.71724],[28.596821,37.717208],[28.59679,37.717204],[28.596727,37.717159],[28.596606,37.717023],[28.596545,37.716911],[28.596521,37.716887],[28.596491,37.716856],[28.596413,37.716784],[28.596384,37.716761],[28.596327,37.716726],[28.59625,37.716671],[28.596158,37.716553],[28.596009,37.71643],[28.59601,37.716402],[28.59601,37.716401],[28.59603,37.716378],[28.595988,37.71635],[28.595897,37.716252],[28.595887,37.716245],[28.59586,37.71622],[28.595836,37.716197],[28.595728,37.71605],[28.595719,37.716003],[28.595691,37.715962],[28.595658,37.715912],[28.59563,37.715792],[28.595621,37.715756],[28.595587,37.715562],[28.595588,37.71554],[28.595512,37.715369],[28.595461,37.715333],[28.595437,37.715317],[28.595438,37.715271],[28.595321,37.715186],[28.595242,37.715171],[28.59517,37.715161],[28.595171,37.715151],[28.595012,37.715121],[28.594863,37.715075],[28.594743,37.714954],[28.594742,37.714952],[28.594727,37.714927],[28.594687,37.71486],[28.594699,37.714845],[28.594709,37.714845],[28.594717,37.714814],[28.594704,37.71474],[28.594692,37.714688],[28.59469,37.714598],[28.594726,37.714597],[28.594721,37.714398],[28.594633,37.714272],[28.594601,37.714225],[28.594594,37.714171],[28.594571,37.714133],[28.594544,37.714102],[28.594536,37.714087],[28.594532,37.714077],[28.594517,37.714074],[28.594511,37.714032],[28.594508,37.713958],[28.594502,37.713733],[28.594465,37.713699],[28.594462,37.713694],[28.594264,37.713581],[28.594182,37.713534],[28.594161,37.713485],[28.593873,37.713085],[28.59381,37.712997],[28.59378,37.712956],[28.593722,37.712875],[28.593692,37.712833],[28.593668,37.7128],[28.593511,37.712707],[28.593395,37.712639],[28.593288,37.712499],[28.593245,37.712442],[28.593244,37.712441],[28.593241,37.712437],[28.593055,37.712221],[28.592987,37.712143],[28.592945,37.712095],[28.592887,37.712027],[28.592851,37.712005],[28.592845,37.711978],[28.592825,37.711955],[28.592783,37.711852],[28.592776,37.711835],[28.592726,37.711709],[28.59268,37.71165],[28.59268,37.711631],[28.592657,37.711592],[28.592607,37.711509],[28.592523,37.711415],[28.592471,37.711379],[28.592444,37.711343],[28.592424,37.711317],[28.592309,37.711218],[28.592279,37.711224],[28.592169,37.711272],[28.592159,37.711239],[28.592134,37.711148],[28.592117,37.711069],[28.592115,37.71105],[28.592111,37.710985],[28.59212,37.710908],[28.591945,37.710862],[28.591838,37.710807],[28.591815,37.710795],[28.591737,37.710724],[28.591631,37.710636],[28.591512,37.710566],[28.591409,37.710511],[28.591308,37.710437],[28.591232,37.710367],[28.591145,37.710281],[28.591091,37.710234],[28.591091,37.710234],[28.591038,37.710189],[28.590967,37.710129],[28.5909,37.710104],[28.590805,37.710087],[28.590686,37.710072],[28.590607,37.710061],[28.590533,37.710031],[28.590451,37.709962],[28.590401,37.709865],[28.590369,37.709794],[28.590357,37.709689],[28.590345,37.709572],[28.590356,37.709469],[28.590356,37.709382],[28.590342,37.709331],[28.59029,37.709244],[28.590244,37.70919],[28.590188,37.709147],[28.590118,37.709117],[28.590022,37.709092],[28.589862,37.70907],[28.589754,37.709052],[28.589676,37.709033],[28.589657,37.709029],[28.589541,37.708995],[28.589441,37.708957],[28.589344,37.708908],[28.589198,37.708844],[28.589049,37.708774],[28.588869,37.708707],[28.588751,37.708678],[28.588647,37.70865],[28.588514,37.708638],[28.588395,37.708644],[28.588303,37.708659],[28.588274,37.708673],[28.588227,37.708695],[28.587985,37.708405],[28.587835,37.70824],[28.587818,37.708221],[28.587691,37.708082],[28.587535,37.708031],[28.587526,37.707845],[28.587488,37.707784],[28.587173,37.707297],[28.587106,37.707177],[28.587069,37.707142],[28.587075,37.707121],[28.587043,37.707065],[28.586816,37.706659],[28.586633,37.706415],[28.586588,37.706335],[28.586489,37.706158],[28.586439,37.706068],[28.586365,37.705843],[28.586318,37.705701],[28.586261,37.705629],[28.586219,37.705577],[28.586157,37.705499],[28.586056,37.705251],[28.586137,37.705048],[28.586165,37.704979],[28.586156,37.704959],[28.586196,37.704902],[28.586196,37.704901],[28.586305,37.704525],[28.586354,37.704353],[28.586325,37.704164],[28.586107,37.704031],[28.58608,37.704017],[28.585962,37.703957],[28.585764,37.703855],[28.585236,37.703562],[28.585121,37.703499],[28.584489,37.703113],[28.584465,37.703099],[28.584264,37.702861],[28.583999,37.702686],[28.58394,37.702668],[28.583547,37.702551],[28.583405,37.702447],[28.583277,37.702353],[28.583148,37.702195],[28.583143,37.702016],[28.583131,37.701926],[28.583051,37.701826],[28.582867,37.701776],[28.582553,37.701789],[28.582462,37.701793],[28.581896,37.701817],[28.581742,37.701747],[28.581503,37.701639],[28.581167,37.701396],[28.581094,37.701343],[28.580879,37.701081],[28.580567,37.7007],[28.580546,37.700682],[28.580391,37.700551],[28.580287,37.700463],[28.580106,37.700311],[28.580095,37.700301],[28.579886,37.700178],[28.579752,37.7001],[28.579448,37.700036],[28.579403,37.700036],[28.579384,37.700036],[28.579364,37.700036],[28.579322,37.700035],[28.579172,37.700073],[28.578957,37.700108],[28.578918,37.700085],[28.578649,37.699926],[28.578634,37.699909],[28.578514,37.699782],[28.578479,37.699628],[28.578453,37.699516],[28.578434,37.699186],[28.578428,37.699087],[28.578311,37.698679],[28.578308,37.698669],[28.578088,37.698393],[28.577865,37.698112],[28.577815,37.69799],[28.577629,37.69754],[28.577475,37.69717],[28.577433,37.697148],[28.577196,37.697029],[28.577095,37.696972],[28.576905,37.696866],[28.57673,37.696766],[28.576522,37.696647],[28.57635,37.696583],[28.57602,37.696458],[28.575812,37.696405],[28.575533,37.696332],[28.575457,37.696295],[28.575268,37.696199],[28.575131,37.696107],[28.575001,37.69602],[28.574968,37.69599],[28.574905,37.695935],[28.574748,37.69581],[28.574477,37.695595],[28.574431,37.695565],[28.574132,37.695366],[28.574021,37.695292],[28.57392,37.695113],[28.573878,37.695039],[28.573833,37.69492],[28.573759,37.694723],[28.573709,37.69459],[28.573668,37.694474],[28.573595,37.694267],[28.573547,37.69413],[28.573543,37.69406],[28.573542,37.694036],[28.573527,37.693981],[28.573471,37.693779],[28.573425,37.693611],[28.573381,37.693454],[28.573349,37.693349],[28.573304,37.693199],[28.573243,37.693],[28.573225,37.69294],[28.573221,37.692849],[28.573212,37.692631],[28.57321,37.692565],[28.573207,37.692485],[28.573204,37.69242],[28.573207,37.692282],[28.573211,37.692135],[28.572434,37.691514],[28.571962,37.691009],[28.570904,37.689873],[28.568494,37.691766],[28.567264,37.692641],[28.56649,37.69349],[28.56595,37.694237],[28.565697,37.694588],[28.564379,37.696075],[28.563585,37.696843],[28.562616,37.696999],[28.561366,37.696644],[28.560875,37.696436],[28.560043,37.696218],[28.559197,37.696272],[28.558609,37.696566],[28.557838,37.696719],[28.557005,37.696458],[28.556369,37.696195],[28.555846,37.696145],[28.555169,37.695653],[28.554632,37.695501],[28.553978,37.695497],[28.553793,37.695285],[28.553224,37.694763],[28.552534,37.694486],[28.551276,37.694602],[28.550724,37.694896],[28.549943,37.695407],[28.549378,37.695972],[28.548849,37.697404],[28.548354,37.69787],[28.547933,37.6984],[28.547317,37.698799],[28.5468,37.69934],[28.546651,37.699657],[28.546579,37.700239],[28.546215,37.701513],[28.546241,37.702729],[28.54609,37.704161],[28.54624,37.705566],[28.546395,37.707257],[28.54641,37.707323],[28.546229,37.708061],[28.5462,37.708179],[28.54605,37.708789],[28.5461,37.709317],[28.546344,37.710208],[28.54663,37.710252],[28.547536,37.710538],[28.548261,37.710731],[28.54859,37.710703],[28.549249,37.710599],[28.549834,37.710603],[28.550225,37.710658],[28.55065,37.71089],[28.551776,37.710911],[28.552695,37.711042],[28.554038,37.711394],[28.555436,37.711519],[28.556263,37.711591],[28.557447,37.711699],[28.55872,37.711543],[28.558714,37.711586],[28.558698,37.71168],[28.558644,37.711859],[28.558647,37.711926],[28.558655,37.712082],[28.558669,37.712164],[28.558674,37.712192],[28.558728,37.71249],[28.558839,37.712705],[28.559718,37.712752],[28.559745,37.712746],[28.559894,37.712688],[28.559945,37.712669],[28.55997,37.712659],[28.560162,37.712713],[28.56024,37.712735],[28.560649,37.712773],[28.560717,37.712801],[28.560795,37.712762],[28.560907,37.712705],[28.561147,37.712735],[28.561622,37.712758],[28.561716,37.712772],[28.562001,37.712816],[28.562372,37.71289],[28.562436,37.712909],[28.563004,37.713074],[28.563371,37.713173],[28.563426,37.713187],[28.563743,37.713193],[28.563769,37.713193],[28.564048,37.713108],[28.564085,37.713097],[28.564296,37.712987],[28.564639,37.712965],[28.564876,37.712985],[28.565002,37.712996],[28.565336,37.713067],[28.565441,37.713038],[28.565453,37.713034],[28.565856,37.712879],[28.566003,37.712869],[28.566071,37.712865],[28.566347,37.713019],[28.566505,37.713108],[28.566632,37.713225],[28.566663,37.713398],[28.566677,37.713473],[28.566793,37.713542],[28.566994,37.713514],[28.567371,37.713518],[28.567653,37.713598],[28.567784,37.713647],[28.567943,37.713707],[28.567943,37.713707],[28.568409,37.713714],[28.568745,37.713828],[28.568988,37.713912],[28.569471,37.71408],[28.569801,37.714179],[28.569906,37.714166],[28.569943,37.714162],[28.570011,37.714153],[28.570438,37.714085],[28.570904,37.714057],[28.571077,37.714153],[28.571143,37.714189],[28.571276,37.714263],[28.571725,37.714276],[28.572024,37.714362],[28.572124,37.714391],[28.572414,37.714721],[28.572592,37.714768],[28.57269,37.714794],[28.573246,37.714915],[28.573329,37.71495],[28.573474,37.715011],[28.573533,37.715036],[28.57369,37.715099],[28.573811,37.715148],[28.573871,37.715173],[28.573988,37.715233],[28.574143,37.715587],[28.574169,37.715619],[28.57439,37.715893],[28.574766,37.71624],[28.574846,37.716305],[28.574968,37.716403],[28.574995,37.716424],[28.575143,37.716528],[28.575324,37.716607],[28.575502,37.716955],[28.576234,37.717101],[28.576599,37.716908],[28.576926,37.717196],[28.577393,37.717384],[28.577559,37.717525],[28.577712,37.71769],[28.577725,37.717761],[28.577595,37.717916],[28.577578,37.717981],[28.577583,37.718093],[28.577768,37.718162],[28.578089,37.718123],[28.578631,37.718367],[28.579044,37.718723],[28.579633,37.718819],[28.579834,37.719055],[28.579821,37.719259],[28.579861,37.719286],[28.580587,37.719448],[28.580607,37.719426],[28.58087,37.719524],[28.581059,37.719897],[28.581535,37.720392],[28.581711,37.720501],[28.581885,37.720786],[28.582011,37.721036],[28.582048,37.721083],[28.582279,37.72116],[28.58238,37.721281],[28.582367,37.721295],[28.582964,37.72146],[28.583206,37.721648],[28.583388,37.721633],[28.583589,37.721701],[28.583678,37.721846],[28.583922,37.721989],[28.584114,37.722072],[28.584435,37.722252],[28.584562,37.722324],[28.585275,37.72276],[28.584903,37.723277],[28.584909,37.723406],[28.584881,37.723821],[28.584983,37.724044],[28.585149,37.724013],[28.585347,37.724082],[28.585368,37.724272],[28.58557,37.724313],[28.58582,37.724734],[28.586047,37.725161],[28.586116,37.725219],[28.586179,37.725273],[28.586801,37.725874],[28.587274,37.726544],[28.587533,37.72691],[28.588005,37.727408],[28.588113,37.727522],[28.588413,37.727711],[28.58889,37.727694],[28.589562,37.727545],[28.590136,37.727435],[28.590583,37.727395],[28.591329,37.727759],[28.591728,37.727878],[28.59187,37.728088],[28.592048,37.728196],[28.592168,37.728201],[28.592224,37.728236],[28.592296,37.728232],[28.592374,37.728257],[28.592506,37.728341],[28.592705,37.728408],[28.592776,37.728455],[28.592806,37.728475],[28.592855,37.728508],[28.593092,37.72856],[28.593185,37.728601],[28.593314,37.728657],[28.593328,37.728666],[28.593484,37.728761],[28.593661,37.728968],[28.593785,37.729114],[28.594027,37.72916],[28.594198,37.729295],[28.594228,37.729319],[28.594242,37.72933],[28.594358,37.729386],[28.594367,37.72939],[28.594598,37.729429],[28.594838,37.729677],[28.595069,37.729884],[28.595327,37.730036],[28.595583,37.730054],[28.595585,37.730054],[28.595782,37.730077],[28.595977,37.73002],[28.596237,37.730088],[28.596651,37.730126],[28.59685,37.730214],[28.59701,37.73028],[28.597075,37.730307],[28.597095,37.730314],[28.59728,37.730337],[28.597285,37.730342],[28.597407,37.730483],[28.597619,37.730649],[28.597728,37.73085],[28.598063,37.73099],[28.598166,37.730974],[28.598305,37.731035],[28.59839,37.731085],[28.598455,37.731297],[28.598784,37.731376],[28.599256,37.731578],[28.599911,37.732066],[28.600226,37.732112],[28.600277,37.73209],[28.600282,37.732074],[28.600282,37.732072],[28.600282,37.732071],[28.600296,37.732037],[28.6003,37.732026],[28.600302,37.732024],[28.600327,37.731983],[28.600329,37.73198],[28.60036,37.731943],[28.60036,37.731943],[28.600361,37.731942],[28.600364,37.731939],[28.600401,37.731907],[28.600447,37.731876],[28.600498,37.73185],[28.600607,37.731833],[28.600717,37.731823],[28.600827,37.731819],[28.600938,37.731823],[28.600974,37.731826],[28.601048,37.731832],[28.601104,37.731833],[28.601494,37.731837],[28.601543,37.731837],[28.601563,37.731838],[28.601571,37.731838],[28.601844,37.73184],[28.601915,37.731846],[28.60192,37.731847],[28.601945,37.731851],[28.601996,37.731859],[28.602033,37.731868],[28.602061,37.731875],[28.6021,37.731887],[28.602126,37.731896],[28.602167,37.731912],[28.602188,37.73192],[28.60219,37.731921],[28.602247,37.73195],[28.602259,37.731956],[28.602386,37.732021],[28.602429,37.732044],[28.602478,37.732068],[28.60249,37.732075],[28.602575,37.732106],[28.60304,37.732278],[28.603468,37.732411],[28.603488,37.732417],[28.60353,37.73243],[28.603749,37.732471],[28.60376,37.732473],[28.603803,37.732482],[28.603657,37.73235],[28.603141,37.732027],[28.602893,37.731872],[28.60284,37.731838],[28.602837,37.731837],[28.602792,37.731808]]]}},{"type":"Feature","properties":{"id":"TR-Y-09-008-M-0025","level":"yerlesim","type":"mahalle","parent_id":"TR-D-09-008","province_id":"TR-P-09","district_id":"TR-D-09-008","name":"Nargedik","source_raw_name":"Nargedik","source":"Kullanıcı tarafından sağlanan KML","source_label":"Kullanıcı tarafından sağlanan KML","source_name":"Aydin Mahalle KML - kullanici tarafindan saglandi"},"geometry":{"type":"Polygon","coordinates":[[[28.669473,37.643218],[28.670984,37.64297],[28.670984,37.64297],[28.672724,37.642685],[28.673677,37.64286],[28.674257,37.643248],[28.675866,37.642592],[28.67621,37.64238],[28.679062,37.640349],[28.681327,37.638869],[28.681327,37.638869],[28.681972,37.636071],[28.680166,37.634408],[28.678939,37.633337],[28.678804,37.631124],[28.678605,37.630613],[28.679008,37.630272],[28.67881,37.629841],[28.678129,37.629356],[28.678229,37.62726],[28.679118,37.625786],[28.680024,37.623084],[28.681671,37.620606],[28.681567,37.617625],[28.681601,37.616419],[28.679643,37.615197],[28.676791,37.6141],[28.675736,37.613668],[28.672101,37.612782],[28.669548,37.612304],[28.668917,37.612037],[28.666735,37.610979],[28.663815,37.610154],[28.661956,37.609298],[28.660263,37.608983],[28.660352,37.60942],[28.660415,37.60979],[28.660446,37.609959],[28.660392,37.609966],[28.658533,37.610392],[28.658305,37.610451],[28.658113,37.610505],[28.657921,37.610559],[28.657664,37.610624],[28.657404,37.610689],[28.657178,37.610746],[28.657049,37.61078],[28.65679,37.610847],[28.656596,37.610898],[28.656402,37.610954],[28.656209,37.611008],[28.655985,37.611072],[28.655795,37.611127],[28.655503,37.611209],[28.655312,37.611261],[28.655117,37.611311],[28.654923,37.611361],[28.65476,37.611403],[28.654563,37.611444],[28.654284,37.611502],[28.654328,37.611768],[28.654367,37.612011],[28.654405,37.612252],[28.654441,37.612494],[28.654466,37.612653],[28.654503,37.612867],[28.654549,37.613133],[28.65458,37.61332],[28.654617,37.613536],[28.654662,37.613803],[28.654707,37.614074],[28.654751,37.614341],[28.654783,37.614528],[28.654827,37.614742],[28.654865,37.614954],[28.654882,37.615061],[28.654899,37.615171],[28.654921,37.615357],[28.654937,37.615466],[28.654973,37.615679],[28.655017,37.615892],[28.655062,37.616187],[28.655105,37.616429],[28.655158,37.616697],[28.655189,37.616912],[28.655213,37.617075],[28.655243,37.617291],[28.655294,37.617559],[28.655317,37.617692],[28.655343,37.617852],[28.655347,37.617887],[28.654949,37.617978],[28.654825,37.618229],[28.654818,37.618231],[28.654703,37.618289],[28.654568,37.618369],[28.654299,37.618488],[28.654073,37.618548],[28.653754,37.618634],[28.653394,37.618716],[28.653104,37.618793],[28.652815,37.618869],[28.652527,37.618943],[28.652231,37.619016],[28.652043,37.619075],[28.651948,37.619103],[28.651787,37.619151],[28.651584,37.619171],[28.651317,37.619198],[28.651081,37.619215],[28.650772,37.619212],[28.65057,37.619214],[28.650231,37.6192],[28.65016,37.619197],[28.649887,37.619193],[28.649715,37.619191],[28.649547,37.619204],[28.649371,37.619203],[28.649204,37.619214],[28.648896,37.619234],[28.648591,37.61922],[28.64822,37.619205],[28.648015,37.619209],[28.647743,37.61921],[28.647467,37.619209],[28.647369,37.619208],[28.64785,37.619311],[28.648539,37.61941],[28.648898,37.619551],[28.649206,37.619605],[28.649602,37.619656],[28.649929,37.619732],[28.65016,37.619863],[28.650459,37.620048],[28.650952,37.620301],[28.65129,37.620469],[28.651555,37.620641],[28.651758,37.620846],[28.651903,37.621064],[28.65209,37.621383],[28.652408,37.621726],[28.652617,37.62195],[28.652938,37.622497],[28.653048,37.622746],[28.653061,37.622775],[28.653201,37.623221],[28.653364,37.623615],[28.65351,37.623872],[28.653675,37.624236],[28.653785,37.624491],[28.654002,37.624775],[28.654085,37.625032],[28.654197,37.625358],[28.654307,37.625689],[28.654355,37.62595],[28.654474,37.626374],[28.654556,37.626709],[28.654623,37.627103],[28.654418,37.627394],[28.654083,37.627887],[28.653953,37.628102],[28.653926,37.628186],[28.653881,37.628324],[28.653845,37.628859],[28.653799,37.629821],[28.653753,37.63034],[28.653744,37.630729],[28.653746,37.630829],[28.653754,37.63091],[28.65378,37.631019],[28.653843,37.631157],[28.654035,37.631411],[28.654796,37.632211],[28.655133,37.632612],[28.655924,37.633455],[28.656582,37.634143],[28.6567,37.634264],[28.656822,37.634358],[28.656905,37.634433],[28.656976,37.634532],[28.657054,37.634661],[28.658641,37.635981],[28.659201,37.638951],[28.660892,37.639802],[28.661432,37.640252],[28.662758,37.642076],[28.663596,37.64419],[28.66452,37.645234],[28.664813,37.645809],[28.664812,37.645809],[28.664814,37.64581],[28.664983,37.645723],[28.665599,37.645408],[28.665758,37.645308],[28.666319,37.644855],[28.666513,37.644698],[28.669473,37.643218]]]}},{"type":"Feature","properties":{"id":"TR-Y-09-008-M-0026","level":"yerlesim","type":"mahalle","parent_id":"TR-D-09-008","province_id":"TR-P-09","district_id":"TR-D-09-008","name":"Palamutçuk","source_raw_name":"Palamutçuk","source":"Kullanıcı tarafından sağlanan KML","source_label":"Kullanıcı tarafından sağlanan KML","source_name":"Aydin Mahalle KML - kullanici tarafindan saglandi"},"geometry":{"type":"Polygon","coordinates":[[[28.788817,37.781386],[28.789388,37.780941],[28.789501,37.780972],[28.791197,37.781092],[28.792168,37.780566],[28.793541,37.779772],[28.794713,37.779105],[28.795036,37.779391],[28.795884,37.779391],[28.79672,37.779853],[28.797174,37.779951],[28.797526,37.780235],[28.798318,37.780067],[28.7992,37.77988],[28.803396,37.778633],[28.806052,37.777003],[28.807926,37.775856],[28.811985,37.773503],[28.815097,37.772307],[28.817431,37.771471],[28.819352,37.772227],[28.823307,37.771138],[28.827111,37.770395],[28.831625,37.769103],[28.835861,37.767695],[28.84591,37.762666],[28.821934,37.748781],[28.820374,37.748433],[28.819529,37.748306],[28.819533,37.748372],[28.819501,37.748368],[28.819467,37.748487],[28.819439,37.748551],[28.819378,37.7487],[28.81606,37.74743],[28.815657,37.747455],[28.814909,37.747744],[28.814352,37.747591],[28.811091,37.746695],[28.810226,37.745258],[28.809653,37.745023],[28.807994,37.744688],[28.80675,37.743367],[28.806664,37.742432],[28.806389,37.742349],[28.806766,37.741342],[28.8067,37.740925],[28.806635,37.740748],[28.806553,37.740638],[28.806365,37.740481],[28.806276,37.74035],[28.806217,37.740301],[28.806018,37.739643],[28.80572,37.739045],[28.805541,37.738982],[28.804496,37.738277],[28.804231,37.738129],[28.804074,37.737892],[28.803959,37.737759],[28.803865,37.737625],[28.803633,37.737307],[28.80358,37.737325],[28.803437,37.737364],[28.803142,37.737554],[28.802979,37.737362],[28.802774,37.737344],[28.802489,37.737459],[28.802409,37.737389],[28.802317,37.737309],[28.802221,37.737226],[28.801965,37.737011],[28.801844,37.736916],[28.801627,37.736737],[28.801559,37.736705],[28.801448,37.736614],[28.801421,37.736591],[28.801527,37.736461],[28.801812,37.736109],[28.801655,37.735984],[28.801638,37.735961],[28.801045,37.73486],[28.798164,37.732508],[28.796819,37.731759],[28.796291,37.731142],[28.79581,37.730878],[28.79544,37.730792],[28.794554,37.730123],[28.793327,37.728973],[28.792387,37.728597],[28.792004,37.727958],[28.790665,37.72668],[28.790122,37.72485],[28.789503,37.723781],[28.789419,37.723756],[28.787739,37.72326],[28.785542,37.723623],[28.784783,37.723752],[28.781443,37.723784],[28.778354,37.723183],[28.777364,37.723254],[28.777171,37.723288],[28.774629,37.724843],[28.773786,37.725038],[28.771648,37.723172],[28.769619,37.724541],[28.767166,37.72517],[28.765405,37.726587],[28.762696,37.726208],[28.762377,37.726156],[28.761616,37.725939],[28.761082,37.725741],[28.76106,37.725728],[28.761002,37.725706],[28.759957,37.725176],[28.759877,37.724738],[28.759716,37.723638],[28.759402,37.72186],[28.756837,37.720184],[28.755259,37.719845],[28.752924,37.718911],[28.752246,37.718573],[28.752191,37.718559],[28.752159,37.718544],[28.749221,37.71779],[28.747957,37.716264],[28.747815,37.716034],[28.747963,37.715418],[28.74807,37.715046],[28.748069,37.715044],[28.74807,37.715041],[28.74777,37.714426],[28.747705,37.713758],[28.7476,37.713282],[28.747433,37.712382],[28.747353,37.711977],[28.747324,37.711823],[28.747266,37.711406],[28.747186,37.710969],[28.747161,37.710751],[28.747037,37.710228],[28.746987,37.710016],[28.746919,37.709443],[28.74684,37.70899],[28.746667,37.708261],[28.746644,37.708103],[28.74597,37.708116],[28.745231,37.708116],[28.744197,37.708088],[28.743135,37.708083],[28.742359,37.708085],[28.741971,37.708066],[28.741734,37.708035],[28.740987,37.707844],[28.740771,37.707831],[28.740493,37.70785],[28.740037,37.707899],[28.739608,37.707939],[28.739206,37.70799],[28.738818,37.708036],[28.738792,37.70803],[28.738388,37.708077],[28.737994,37.708154],[28.737548,37.708204],[28.736904,37.708273],[28.736516,37.70831],[28.736105,37.708344],[28.736109,37.708359],[28.735705,37.708378],[28.735341,37.708415],[28.734985,37.708456],[28.734689,37.708499],[28.733988,37.708581],[28.733573,37.708642],[28.733473,37.708728],[28.733167,37.708952],[28.73298,37.709037],[28.732843,37.709198],[28.732768,37.709452],[28.732697,37.709651],[28.73272,37.709698],[28.732441,37.709777],[28.732374,37.709857],[28.732489,37.709955],[28.732552,37.710266],[28.732658,37.710607],[28.732783,37.71106],[28.732792,37.7113],[28.733026,37.712351],[28.733027,37.712446],[28.733728,37.712121],[28.735586,37.711274],[28.735623,37.711315],[28.735671,37.711429],[28.735767,37.711684],[28.735819,37.711854],[28.735836,37.71214],[28.735883,37.712318],[28.735913,37.712381],[28.736053,37.71238],[28.736128,37.712394],[28.736206,37.712529],[28.736327,37.712633],[28.736427,37.712734],[28.736494,37.712879],[28.736554,37.713099],[28.736627,37.713328],[28.736693,37.713457],[28.736912,37.713825],[28.737089,37.714064],[28.737236,37.714328],[28.737378,37.714475],[28.737681,37.714714],[28.737725,37.714767],[28.737811,37.714881],[28.738052,37.71521],[28.738144,37.715316],[28.73819,37.715378],[28.738213,37.715445],[28.738167,37.7155],[28.738094,37.71554],[28.73807,37.715576],[28.738128,37.715716],[28.738188,37.715839],[28.738272,37.715962],[28.738277,37.715974],[28.738326,37.716101],[28.73835,37.716191],[28.738391,37.716336],[28.738409,37.716443],[28.738503,37.716538],[28.738672,37.716681],[28.738743,37.71675],[28.73876,37.716776],[28.73878,37.716811],[28.738849,37.717069],[28.738851,37.717077],[28.738867,37.717171],[28.738872,37.717201],[28.738928,37.717301],[28.739017,37.717388],[28.73924,37.717522],[28.739321,37.717586],[28.739432,37.717699],[28.739688,37.717992],[28.739755,37.718118],[28.739787,37.718257],[28.739768,37.718354],[28.739759,37.718524],[28.739761,37.718699],[28.739796,37.718762],[28.739808,37.718793],[28.739821,37.718808],[28.739827,37.718818],[28.739972,37.719092],[28.7401,37.719286],[28.740177,37.719389],[28.74018,37.719402],[28.740173,37.719417],[28.740137,37.719451],[28.741357,37.720085],[28.741945,37.720363],[28.742475,37.720652],[28.742841,37.720908],[28.743162,37.721271],[28.743586,37.721753],[28.743787,37.721987],[28.743741,37.721998],[28.743742,37.722004],[28.743741,37.722004],[28.743207,37.722196],[28.742756,37.721802],[28.741868,37.721633],[28.741746,37.721594],[28.741208,37.721393],[28.740626,37.721735],[28.740233,37.722159],[28.739891,37.722045],[28.739504,37.722032],[28.738904,37.722013],[28.738874,37.72282],[28.738573,37.723281],[28.738843,37.724292],[28.739104,37.724975],[28.737737,37.724082],[28.737731,37.724078],[28.73761,37.723386],[28.737147,37.722402],[28.737191,37.72188],[28.736907,37.721878],[28.736476,37.721908],[28.736356,37.721359],[28.736523,37.72064],[28.736485,37.720684],[28.736497,37.720632],[28.7363,37.720862],[28.73596,37.720353],[28.735208,37.719898],[28.734763,37.719378],[28.733843,37.71917],[28.733758,37.719946],[28.732978,37.719348],[28.732577,37.718916],[28.732718,37.718126],[28.732876,37.717964],[28.733049,37.717916],[28.73293,37.717789],[28.732823,37.717616],[28.73272,37.717501],[28.732659,37.717388],[28.73254,37.71724],[28.732532,37.717229],[28.732465,37.717317],[28.731977,37.716572],[28.732208,37.716286],[28.731913,37.715814],[28.731686,37.715546],[28.732051,37.71495],[28.731922,37.714876],[28.731805,37.714803],[28.731731,37.714796],[28.730916,37.71532],[28.730946,37.715372],[28.730899,37.715679],[28.730949,37.717518],[28.73095,37.717575],[28.730868,37.719653],[28.731472,37.721659],[28.731802,37.722668],[28.732678,37.723367],[28.733275,37.723971],[28.733978,37.725085],[28.734256,37.725912],[28.734631,37.726817],[28.736118,37.728768],[28.737261,37.730156],[28.737707,37.730509],[28.737839,37.730685],[28.737947,37.730817],[28.738073,37.730948],[28.738119,37.730965],[28.738117,37.730986],[28.741441,37.734873],[28.741521,37.735548],[28.741832,37.736203],[28.742256,37.737929],[28.742296,37.738103],[28.742639,37.739486],[28.742378,37.740243],[28.742489,37.740503],[28.74227,37.740496],[28.742066,37.740833],[28.741857,37.740786],[28.741758,37.741088],[28.741792,37.741079],[28.742002,37.741142],[28.742375,37.741322],[28.742419,37.741312],[28.742511,37.74134],[28.742528,37.741407],[28.742622,37.741478],[28.742479,37.741525],[28.74292,37.741705],[28.742981,37.741785],[28.743155,37.741869],[28.74326,37.741921],[28.74337,37.741923],[28.743596,37.741978],[28.743706,37.742093],[28.743814,37.742079],[28.744014,37.742134],[28.743975,37.742177],[28.74429,37.742227],[28.74441,37.742194],[28.745006,37.742105],[28.745268,37.742137],[28.745291,37.742135],[28.745741,37.742317],[28.745506,37.74263],[28.745671,37.742643],[28.746095,37.742653],[28.746222,37.742719],[28.746294,37.742808],[28.746298,37.742938],[28.74627,37.742992],[28.746217,37.743209],[28.746197,37.743352],[28.746146,37.743681],[28.746175,37.74373],[28.746289,37.743875],[28.746227,37.744014],[28.7466,37.744227],[28.746653,37.744386],[28.746915,37.744437],[28.74744,37.744452],[28.747562,37.744785],[28.747552,37.744947],[28.747358,37.745036],[28.74728,37.745099],[28.747193,37.745344],[28.747433,37.745846],[28.747707,37.74621],[28.747786,37.747171],[28.74908,37.748931],[28.75001,37.748928],[28.752782,37.749655],[28.754527,37.750091],[28.756017,37.750462],[28.758592,37.750882],[28.758111,37.752392],[28.759927,37.752618],[28.761005,37.752583],[28.763293,37.75223],[28.764021,37.752122],[28.765424,37.752405],[28.769475,37.751753],[28.770012,37.750195],[28.771428,37.74928],[28.774028,37.749625],[28.775049,37.750015],[28.77595,37.750431],[28.775873,37.751394],[28.777815,37.752328],[28.777713,37.753218],[28.777402,37.753509],[28.77741,37.75391],[28.777637,37.755173],[28.777683,37.755438],[28.777305,37.756071],[28.777602,37.758599],[28.778762,37.760539],[28.778876,37.76233],[28.779415,37.763087],[28.780026,37.764158],[28.780222,37.764331],[28.78092,37.765033],[28.781796,37.765684],[28.782208,37.765808],[28.782782,37.766233],[28.7832,37.766996],[28.783003,37.767094],[28.783141,37.767646],[28.783257,37.768667],[28.783428,37.768762],[28.783441,37.769375],[28.783387,37.769708],[28.782988,37.77175],[28.78292,37.772089],[28.782849,37.772256],[28.782497,37.773089],[28.78241,37.774883],[28.784485,37.776176],[28.7854,37.7783],[28.787643,37.78017],[28.787482,37.780351],[28.787829,37.780994],[28.78809,37.781789],[28.788129,37.781909],[28.788137,37.781915],[28.788213,37.781945],[28.788817,37.781386]]]}},{"type":"Feature","properties":{"id":"TR-Y-09-008-M-0027","level":"yerlesim","type":"mahalle","parent_id":"TR-D-09-008","province_id":"TR-P-09","district_id":"TR-D-09-008","name":"Tekeliler","source_raw_name":"Tekeliler","source":"Kullanıcı tarafından sağlanan KML","source_label":"Kullanıcı tarafından sağlanan KML","source_name":"Aydin Mahalle KML - kullanici tarafindan saglandi"},"geometry":{"type":"Polygon","coordinates":[[[28.684736,37.588274],[28.683974,37.587196],[28.683126,37.586474],[28.680735,37.583396],[28.679294,37.581754],[28.678454,37.580612],[28.677497,37.578865],[28.677212,37.576825],[28.677619,37.57524],[28.678287,37.573795],[28.679098,37.572708],[28.670403,37.574375],[28.670363,37.574482],[28.670253,37.574513],[28.670042,37.574605],[28.669803,37.574557],[28.669761,37.574544],[28.669572,37.57448],[28.669528,37.574424],[28.669372,37.574301],[28.669178,37.57412],[28.669033,37.573924],[28.668868,37.573678],[28.668729,37.573478],[28.668679,37.57343],[28.668775,37.573319],[28.668831,37.573211],[28.66881,37.573057],[28.6688,37.572922],[28.668811,37.57285],[28.669051,37.572879],[28.669061,37.572645],[28.669068,37.572497],[28.668904,37.572477],[28.668948,37.572312],[28.669017,37.572112],[28.669082,37.571944],[28.669168,37.571769],[28.669249,37.571612],[28.669063,37.571465],[28.66892,37.571344],[28.66873,37.57117],[28.668575,37.571038],[28.668408,37.570879],[28.668238,37.570675],[28.668059,37.570535],[28.667791,37.570742],[28.667327,37.571047],[28.666959,37.571255],[28.666786,37.571368],[28.666531,37.571567],[28.666335,37.571726],[28.666366,37.57176],[28.666133,37.571941],[28.665959,37.571718],[28.665824,37.571516],[28.665697,37.57127],[28.665635,37.571117],[28.665624,37.571084],[28.665559,37.571109],[28.66539,37.571099],[28.664763,37.571033],[28.66455,37.571006],[28.664022,37.570887],[28.664076,37.571077],[28.664198,37.57137],[28.66442,37.571915],[28.664326,37.571969],[28.663674,37.571886],[28.663032,37.571812],[28.662587,37.571771],[28.662426,37.571751],[28.662239,37.571722],[28.662117,37.571702],[28.661913,37.571652],[28.661729,37.571629],[28.661624,37.571614],[28.661294,37.571579],[28.660871,37.571547],[28.660785,37.571842],[28.660574,37.572145],[28.660333,37.572061],[28.660108,37.571999],[28.659944,37.571942],[28.659749,37.572457],[28.659767,37.572531],[28.659399,37.573065],[28.659297,37.572989],[28.65921,37.572963],[28.65914,37.572923],[28.659038,37.572886],[28.658927,37.57285],[28.658798,37.572814],[28.658584,37.572757],[28.658368,37.57271],[28.65815,37.57272],[28.657957,37.572716],[28.657813,37.572691],[28.657791,37.572682],[28.65778,37.572743],[28.657769,37.572846],[28.657738,37.572973],[28.657729,37.573051],[28.657719,37.573224],[28.657671,37.573404],[28.657628,37.573567],[28.6576,37.573748],[28.657349,37.573729],[28.656188,37.573622],[28.654655,37.573551],[28.654399,37.57352],[28.654406,37.573721],[28.654408,37.573799],[28.654451,37.573861],[28.654182,37.573846],[28.65394,37.573855],[28.65373,37.573855],[28.653555,37.57386],[28.653218,37.573849],[28.653002,37.573817],[28.652757,37.573867],[28.652522,37.573875],[28.652307,37.573862],[28.65204,37.57383],[28.651564,37.57376],[28.651281,37.573732],[28.651306,37.573892],[28.651331,37.573933],[28.6516,37.574052],[28.652295,37.574402],[28.65257,37.574561],[28.653,37.574717],[28.653209,37.574879],[28.653231,37.574895],[28.653691,37.575205],[28.654295,37.575388],[28.655465,37.575512],[28.656602,37.575518],[28.656786,37.575603],[28.656838,37.575611],[28.657042,37.575626],[28.657218,37.575655],[28.657142,37.575953],[28.657017,37.576239],[28.656938,37.576541],[28.656946,37.576708],[28.656848,37.577129],[28.65681,37.577372],[28.656874,37.577642],[28.65686,37.577905],[28.656807,37.578059],[28.656804,37.578104],[28.656782,37.578439],[28.656786,37.578793],[28.656789,37.579101],[28.656685,37.579519],[28.656658,37.579696],[28.6566,37.579991],[28.656536,37.580308],[28.656518,37.580475],[28.656462,37.580734],[28.65644,37.580943],[28.656433,37.581174],[28.656422,37.581311],[28.656406,37.581527],[28.656413,37.581776],[28.656428,37.581962],[28.656433,37.582131],[28.656425,37.582289],[28.656406,37.582451],[28.656354,37.582744],[28.656316,37.583131],[28.656303,37.583274],[28.656308,37.583745],[28.656306,37.583924],[28.656316,37.584205],[28.65633,37.584362],[28.656313,37.584691],[28.656432,37.585045],[28.656461,37.585398],[28.656466,37.585745],[28.656491,37.586064],[28.656508,37.586232],[28.656523,37.586498],[28.65654,37.586645],[28.65655,37.586761],[28.656547,37.587066],[28.656542,37.587343],[28.656491,37.587563],[28.656451,37.587846],[28.656357,37.588243],[28.656398,37.588275],[28.656805,37.588168],[28.657213,37.588034],[28.657495,37.58793],[28.657792,37.587798],[28.658044,37.587656],[28.658401,37.587483],[28.658708,37.58731],[28.659062,37.587037],[28.659465,37.586852],[28.659555,37.586755],[28.659743,37.586597],[28.659942,37.586479],[28.660126,37.586312],[28.660423,37.586203],[28.660529,37.586304],[28.660923,37.586203],[28.661309,37.586098],[28.66202,37.585987],[28.66234,37.58589],[28.663204,37.585928],[28.66339,37.58588],[28.663563,37.585856],[28.663821,37.585788],[28.664135,37.585737],[28.66435,37.585686],[28.665529,37.585632],[28.665529,37.585632],[28.665531,37.585632],[28.665534,37.585682],[28.665549,37.585962],[28.66558,37.58618],[28.665687,37.586544],[28.665752,37.586798],[28.665946,37.587295],[28.666058,37.587314],[28.666498,37.587361],[28.666498,37.587361],[28.6665,37.587362],[28.666648,37.587477],[28.666884,37.587627],[28.667155,37.587824],[28.667419,37.58802],[28.667557,37.588131],[28.667805,37.588341],[28.66789,37.588442],[28.667964,37.588543],[28.668017,37.588598],[28.668426,37.588507],[28.668916,37.588412],[28.669211,37.588359],[28.669512,37.588304],[28.669872,37.588246],[28.670194,37.588207],[28.67052,37.588168],[28.670623,37.588182],[28.670748,37.58784],[28.670751,37.587841],[28.670751,37.58784],[28.670962,37.587889],[28.671146,37.587939],[28.671709,37.588124],[28.671777,37.588147],[28.672033,37.588142],[28.672288,37.588106],[28.672472,37.588137],[28.672475,37.588137],[28.672663,37.58824],[28.676526,37.590882],[28.681535,37.598398],[28.687309,37.603388],[28.687284,37.603303],[28.687302,37.601649],[28.687459,37.599221],[28.687459,37.59922],[28.687502,37.59808],[28.687502,37.598079],[28.687245,37.595756],[28.686134,37.593606],[28.685629,37.591673],[28.685184,37.590197],[28.684736,37.588274]]]}},{"type":"Feature","properties":{"id":"TR-Y-09-008-M-0028","level":"yerlesim","type":"mahalle","parent_id":"TR-D-09-008","province_id":"TR-P-09","district_id":"TR-D-09-008","name":"Tepecik","source_raw_name":"Tepecik","source":"Kullanıcı tarafından sağlanan KML","source_label":"Kullanıcı tarafından sağlanan KML","source_name":"Aydin Mahalle KML - kullanici tarafindan saglandi"},"geometry":{"type":"Polygon","coordinates":[[[28.578164,37.683618],[28.580319,37.681608],[28.581155,37.681697],[28.581144,37.681182],[28.580773,37.680691],[28.580717,37.68031],[28.581187,37.679846],[28.581253,37.679559],[28.584352,37.67967],[28.584899,37.679453],[28.585689,37.678202],[28.586606,37.677331],[28.58712,37.676957],[28.587403,37.676703],[28.58758,37.675742],[28.58807,37.675478],[28.588964,37.675638],[28.589572,37.675851],[28.590914,37.675125],[28.592442,37.673626],[28.592942,37.673178],[28.593636,37.672644],[28.594342,37.671991],[28.594758,37.671173],[28.595238,37.670101],[28.595591,37.669311],[28.596114,37.667997],[28.595938,37.667514],[28.59586,37.66673],[28.595263,37.665448],[28.595039,37.664967],[28.595022,37.664881],[28.595002,37.664785],[28.594934,37.664498],[28.594456,37.66248],[28.594008,37.660936],[28.59244,37.658841],[28.591458,37.656324],[28.589984,37.65447],[28.589348,37.653863],[28.589666,37.652986],[28.589753,37.652704],[28.590018,37.65187],[28.589305,37.651094],[28.58925,37.650677],[28.589046,37.650538],[28.588568,37.650568],[28.588558,37.650334],[28.588482,37.649679],[28.588638,37.648334],[28.588691,37.648225],[28.588958,37.6482],[28.589296,37.64821],[28.58935,37.647934],[28.589662,37.64808],[28.589739,37.647918],[28.589561,37.647494],[28.589333,37.64736],[28.588762,37.647243],[28.58883,37.646218],[28.588516,37.645196],[28.587621,37.643342],[28.587572,37.643241],[28.587538,37.64317],[28.587496,37.643084],[28.587473,37.643035],[28.58705,37.641828],[28.586943,37.64152],[28.586812,37.639643],[28.586396,37.638609],[28.58629,37.638348],[28.586236,37.638213],[28.586007,37.636655],[28.586097,37.635824],[28.586233,37.634569],[28.586263,37.634289],[28.58576,37.63346],[28.585676,37.633408],[28.585329,37.631707],[28.58494,37.631245],[28.58465,37.631262],[28.584394,37.630952],[28.584248,37.630882],[28.584219,37.630859],[28.583974,37.630476],[28.583927,37.630373],[28.583688,37.630185],[28.583559,37.629978],[28.583466,37.629847],[28.583359,37.629726],[28.583289,37.629612],[28.583056,37.629237],[28.582803,37.628922],[28.582401,37.628332],[28.582275,37.628299],[28.582204,37.62828],[28.582137,37.628276],[28.58203,37.628202],[28.581653,37.627854],[28.58141,37.627717],[28.580771,37.627358],[28.580563,37.627011],[28.580145,37.626647],[28.579981,37.626456],[28.579736,37.626275],[28.579494,37.62623],[28.579405,37.62624],[28.578823,37.626301],[28.578424,37.626344],[28.578258,37.626345],[28.578101,37.62635],[28.578059,37.626263],[28.578058,37.626241],[28.57798,37.62607],[28.577973,37.626028],[28.57797,37.626003],[28.577934,37.626016],[28.577353,37.626099],[28.576932,37.626157],[28.576207,37.624961],[28.57183,37.624225],[28.571087,37.624339],[28.570582,37.624417],[28.570281,37.624244],[28.568532,37.623161],[28.567566,37.623592],[28.566799,37.623827],[28.56634,37.623969],[28.564969,37.624389],[28.562471,37.623986],[28.562646,37.624601],[28.561799,37.625124],[28.56071,37.625353],[28.55915,37.625682],[28.558916,37.625111],[28.558853,37.624956],[28.55871,37.624608],[28.558831,37.624964],[28.558879,37.625106],[28.558908,37.625191],[28.559852,37.627973],[28.560686,37.629492],[28.560751,37.62961],[28.561686,37.631311],[28.562069,37.631462],[28.562394,37.631858],[28.562712,37.631882],[28.562805,37.63204],[28.562728,37.632112],[28.562891,37.63223],[28.56299,37.632383],[28.56319,37.632685],[28.563311,37.632965],[28.56363,37.633294],[28.563847,37.633532],[28.56431,37.633781],[28.564318,37.63394],[28.564334,37.634092],[28.564083,37.634302],[28.563937,37.634775],[28.563933,37.634997],[28.564038,37.63525],[28.564133,37.63553],[28.564263,37.635802],[28.564548,37.636149],[28.564786,37.636395],[28.564906,37.636551],[28.565059,37.636577],[28.565225,37.636662],[28.565413,37.636808],[28.565825,37.637128],[28.565997,37.637381],[28.566234,37.63774],[28.566394,37.638013],[28.566563,37.638287],[28.56669,37.638573],[28.566803,37.638747],[28.566822,37.638778],[28.56699,37.639039],[28.56699,37.639039],[28.567115,37.639226],[28.567115,37.639226],[28.56732,37.639466],[28.56732,37.639466],[28.567378,37.639596],[28.567378,37.639596],[28.567386,37.639603],[28.567601,37.639781],[28.567601,37.639781],[28.567979,37.639995],[28.567979,37.639995],[28.568021,37.640015],[28.568411,37.640206],[28.568633,37.640308],[28.568633,37.640308],[28.568799,37.640435],[28.568799,37.640435],[28.568884,37.640556],[28.568933,37.640626],[28.568512,37.640985],[28.56856,37.641121],[28.568328,37.641893],[28.568274,37.641961],[28.568214,37.642036],[28.56812,37.641969],[28.567564,37.641818],[28.56736,37.641739],[28.56716,37.641675],[28.566965,37.641601],[28.566771,37.641528],[28.56657,37.641442],[28.565523,37.641854],[28.565025,37.642037],[28.563964,37.642859],[28.563013,37.643595],[28.562902,37.64368],[28.562496,37.643995],[28.561794,37.644539],[28.561291,37.647429],[28.562261,37.650221],[28.565001,37.651596],[28.565141,37.654818],[28.568587,37.657697],[28.568762,37.658057],[28.569039,37.658654],[28.569471,37.660365],[28.56968,37.661202],[28.569664,37.662127],[28.569696,37.662499],[28.569417,37.662941],[28.569389,37.663323],[28.570014,37.664498],[28.57013,37.665],[28.570189,37.665198],[28.570847,37.665666],[28.572539,37.666845],[28.57399,37.667964],[28.574102,37.668041],[28.574231,37.668226],[28.57432,37.668453],[28.574343,37.6686],[28.574418,37.668799],[28.574408,37.668938],[28.574388,37.669167],[28.574341,37.669759],[28.574427,37.670416],[28.574719,37.671186],[28.575626,37.673235],[28.574769,37.674696],[28.575283,37.676212],[28.57594,37.676776],[28.577033,37.677405],[28.577737,37.67804],[28.579151,37.679678],[28.579442,37.680033],[28.579444,37.680157],[28.579449,37.68043],[28.578987,37.680699],[28.579032,37.680717],[28.579094,37.680753],[28.579131,37.680793],[28.579228,37.680937],[28.57934,37.681082],[28.57938,37.68113],[28.579494,37.68122],[28.579634,37.681354],[28.579725,37.68142],[28.579733,37.681425],[28.579741,37.681428],[28.57987,37.681472],[28.579964,37.681492],[28.579996,37.681509],[28.58001,37.681517],[28.580014,37.681521],[28.580034,37.681544],[28.580027,37.68156],[28.58002,37.681576],[28.579985,37.681599],[28.57998,37.681602],[28.579933,37.681601],[28.579708,37.681545],[28.579536,37.681513],[28.579343,37.68147],[28.579259,37.68145],[28.579153,37.681426],[28.579071,37.681421],[28.579018,37.681418],[28.578947,37.681413],[28.578681,37.681425],[28.578341,37.681439],[28.577767,37.681503],[28.577421,37.681536],[28.577134,37.681596],[28.577074,37.681617],[28.576934,37.681667],[28.576776,37.681701],[28.576569,37.681745],[28.576408,37.681783],[28.576231,37.681828],[28.576182,37.681836],[28.576181,37.681836],[28.576434,37.683017],[28.57658,37.683544],[28.576879,37.684062],[28.577468,37.684698],[28.577657,37.685184],[28.577645,37.684598],[28.578164,37.683618]]]}},{"type":"Feature","properties":{"id":"TR-Y-09-008-M-0029","level":"yerlesim","type":"mahalle","parent_id":"TR-D-09-008","province_id":"TR-P-09","district_id":"TR-D-09-008","name":"Yaykın","source_raw_name":"Yaykın","source":"Kullanıcı tarafından sağlanan KML","source_label":"Kullanıcı tarafından sağlanan KML","source_name":"Aydin Mahalle KML - kullanici tarafindan saglandi"},"geometry":{"type":"Polygon","coordinates":[[[28.596732,37.652151],[28.595614,37.650447],[28.595281,37.648697],[28.594847,37.647879],[28.594018,37.646316],[28.594555,37.645698],[28.594834,37.645228],[28.594854,37.645193],[28.595016,37.644922],[28.594799,37.644454],[28.595026,37.644324],[28.594893,37.643791],[28.594436,37.64195],[28.594413,37.641857],[28.594344,37.641848],[28.594028,37.640735],[28.594008,37.640665],[28.593976,37.640536],[28.593912,37.640436],[28.593853,37.640181],[28.593794,37.639938],[28.59374,37.639805],[28.593694,37.639599],[28.593619,37.639372],[28.593511,37.638924],[28.593552,37.638349],[28.593559,37.63822],[28.593638,37.637884],[28.593729,37.637671],[28.593673,37.637415],[28.593557,37.63713],[28.593326,37.636471],[28.592999,37.635765],[28.592833,37.635421],[28.592544,37.634831],[28.592428,37.634596],[28.59216,37.634081],[28.592029,37.633798],[28.591997,37.633705],[28.591967,37.63362],[28.591928,37.633498],[28.591841,37.633166],[28.591748,37.632828],[28.591534,37.631715],[28.591396,37.630997],[28.591431,37.630816],[28.591419,37.630751],[28.591959,37.63053],[28.593631,37.629996],[28.593798,37.630118],[28.593852,37.630157],[28.594141,37.629998],[28.594668,37.629896],[28.595547,37.629789],[28.595863,37.629679],[28.59599,37.629556],[28.595986,37.62945],[28.596357,37.628939],[28.596441,37.628591],[28.596282,37.628127],[28.59637,37.627371],[28.596464,37.626776],[28.596526,37.626186],[28.596665,37.625513],[28.596822,37.62502],[28.596948,37.624446],[28.597021,37.623922],[28.597188,37.623058],[28.597169,37.622635],[28.596993,37.622182],[28.596936,37.621701],[28.59667,37.621325],[28.596748,37.620973],[28.596832,37.620592],[28.596902,37.620039],[28.596929,37.619484],[28.597212,37.619152],[28.59743,37.618747],[28.597501,37.61805],[28.597499,37.617326],[28.597677,37.616962],[28.597757,37.616796],[28.59775,37.616284],[28.59767,37.615569],[28.597602,37.614914],[28.597603,37.614032],[28.597763,37.613725],[28.59802,37.613236],[28.598188,37.612789],[28.598245,37.612639],[28.598433,37.612179],[28.598436,37.612172],[28.598676,37.611571],[28.598622,37.611394],[28.598382,37.611088],[28.598397,37.61101],[28.598416,37.610655],[28.598598,37.610408],[28.598472,37.61009],[28.598672,37.609757],[28.598759,37.609223],[28.598808,37.609145],[28.598899,37.608998],[28.59902,37.608817],[28.599153,37.608517],[28.599235,37.608336],[28.599468,37.608212],[28.599424,37.608035],[28.599421,37.608024],[28.599438,37.607888],[28.599321,37.607444],[28.599195,37.607298],[28.599124,37.607111],[28.599227,37.606975],[28.599113,37.606886],[28.598995,37.606788],[28.598954,37.60675],[28.598883,37.606682],[28.598715,37.606596],[28.598715,37.606596],[28.598537,37.60651],[28.598352,37.606408],[28.598305,37.606387],[28.598228,37.606352],[28.598108,37.606291],[28.59792,37.606216],[28.597797,37.606152],[28.597644,37.606119],[28.597417,37.606081],[28.597371,37.606072],[28.597189,37.606035],[28.597022,37.605946],[28.596855,37.605834],[28.596691,37.605747],[28.596606,37.6057],[28.596503,37.605643],[28.596377,37.605552],[28.596353,37.605528],[28.596304,37.605479],[28.596149,37.605373],[28.595937,37.60524],[28.595749,37.605133],[28.595525,37.605017],[28.595299,37.604941],[28.595073,37.604888],[28.594896,37.604848],[28.594848,37.604827],[28.594775,37.604795],[28.594063,37.604257],[28.593562,37.604027],[28.593254,37.603701],[28.592884,37.603545],[28.592502,37.603422],[28.591745,37.603098],[28.591228,37.602824],[28.591009,37.602706],[28.59077,37.602581],[28.590514,37.602479],[28.590244,37.602307],[28.59009,37.602215],[28.59006,37.602201],[28.589903,37.602086],[28.589886,37.602073],[28.589687,37.601964],[28.589477,37.601843],[28.589341,37.601694],[28.589088,37.601449],[28.589026,37.601396],[28.588944,37.601334],[28.588886,37.601342],[28.588847,37.601311],[28.588746,37.601216],[28.588615,37.601116],[28.588561,37.601067],[28.588464,37.60098],[28.588307,37.600855],[28.588243,37.600784],[28.588032,37.600731],[28.587873,37.600656],[28.586995,37.600239],[28.586959,37.600218],[28.586943,37.600208],[28.586517,37.599984],[28.585827,37.599623],[28.585651,37.59948],[28.585282,37.59932],[28.584966,37.599193],[28.584693,37.599087],[28.584374,37.598928],[28.584421,37.598802],[28.584385,37.598764],[28.584338,37.598733],[28.584323,37.598686],[28.584316,37.598641],[28.584141,37.598377],[28.582645,37.597533],[28.582486,37.597424],[28.582038,37.597],[28.581491,37.59648],[28.580431,37.595872],[28.579691,37.595245],[28.579551,37.595075],[28.579397,37.594939],[28.579335,37.594883],[28.579207,37.594785],[28.579243,37.59477],[28.579096,37.594705],[28.578669,37.594433],[28.577952,37.593869],[28.577523,37.593725],[28.577014,37.593391],[28.576269,37.592744],[28.575744,37.592245],[28.575297,37.591827],[28.575047,37.591523],[28.574933,37.591434],[28.574735,37.591276],[28.574403,37.591136],[28.574291,37.591035],[28.573713,37.59083],[28.573517,37.590738],[28.57323,37.590601],[28.572983,37.590492],[28.572879,37.590436],[28.572714,37.590357],[28.572448,37.590228],[28.572177,37.590086],[28.571942,37.590006],[28.571723,37.589922],[28.571479,37.589793],[28.571101,37.589613],[28.570965,37.589545],[28.57083,37.589337],[28.570683,37.588976],[28.570653,37.588906],[28.570621,37.588832],[28.570575,37.588636],[28.570474,37.588311],[28.570444,37.588207],[28.570394,37.58793],[28.570347,37.587801],[28.570329,37.587673],[28.569879,37.585936],[28.56949,37.585465],[28.568836,37.584675],[28.568765,37.584589],[28.568618,37.584439],[28.568475,37.58427],[28.568353,37.58412],[28.568256,37.584001],[28.56808,37.583712],[28.56793,37.583401],[28.567838,37.583087],[28.567751,37.582899],[28.56769,37.582621],[28.567592,37.582248],[28.567495,37.581985],[28.567367,37.581663],[28.567318,37.581478],[28.567261,37.581251],[28.567245,37.581075],[28.567122,37.580845],[28.567047,37.580685],[28.567,37.580583],[28.566857,37.580432],[28.566769,37.580309],[28.566695,37.580142],[28.566079,37.57955],[28.566273,37.57847],[28.566317,37.578226],[28.566325,37.578183],[28.566388,37.577828],[28.566326,37.577208],[28.566085,37.574819],[28.565593,37.573814],[28.565569,37.573764],[28.565248,37.573109],[28.565127,37.573111],[28.564679,37.573122],[28.563828,37.573446],[28.562863,37.573569],[28.562414,37.573694],[28.561199,37.57403],[28.560242,37.574912],[28.559483,37.574741],[28.556544,37.574654],[28.554985,37.575023],[28.554815,37.575063],[28.55325,37.575434],[28.552142,37.575619],[28.551277,37.576011],[28.549545,37.576643],[28.546889,37.577654],[28.545039,37.576466],[28.542234,37.577528],[28.539994,37.577265],[28.53891,37.577658],[28.537934,37.578426],[28.537092,37.579232],[28.535138,37.580561],[28.53569,37.581787],[28.535778,37.581981],[28.536211,37.58294],[28.535827,37.583669],[28.535339,37.584312],[28.534724,37.584753],[28.533825,37.585399],[28.532404,37.586163],[28.531404,37.587164],[28.531203,37.587368],[28.531027,37.587453],[28.530873,37.587587],[28.530814,37.58763],[28.530659,37.587763],[28.530558,37.58787],[28.530365,37.587951],[28.530178,37.588035],[28.530157,37.588045],[28.53013,37.588057],[28.530206,37.588216],[28.530297,37.58839],[28.53041,37.588607],[28.530601,37.588963],[28.530658,37.589077],[28.530696,37.589152],[28.530957,37.589608],[28.531118,37.589899],[28.53112,37.589902],[28.53125,37.590138],[28.531272,37.590174],[28.531446,37.590453],[28.531564,37.590649],[28.53165,37.590706],[28.531682,37.590728],[28.531729,37.590852],[28.531736,37.590989],[28.531794,37.591004],[28.53185,37.59102],[28.531895,37.591024],[28.532397,37.591126],[28.532692,37.591223],[28.533365,37.591576],[28.533385,37.59159],[28.533428,37.591644],[28.53348,37.591702],[28.533536,37.591768],[28.533594,37.591832],[28.533649,37.591894],[28.533701,37.591933],[28.533786,37.591965],[28.533853,37.591986],[28.533923,37.592003],[28.534005,37.592019],[28.534079,37.592041],[28.534126,37.59206],[28.534165,37.592083],[28.534172,37.592087],[28.534232,37.592125],[28.534285,37.592159],[28.534345,37.592196],[28.534391,37.592225],[28.534432,37.592248],[28.534465,37.592269],[28.53456,37.592329],[28.534736,37.592487],[28.534757,37.59251],[28.534803,37.592563],[28.534865,37.592631],[28.534908,37.592672],[28.534967,37.592709],[28.535022,37.592734],[28.535074,37.592754],[28.535075,37.592754],[28.535121,37.592766],[28.535163,37.592775],[28.535278,37.592824],[28.535416,37.592856],[28.535443,37.592863],[28.535488,37.592875],[28.53561,37.59291],[28.535627,37.59291],[28.535799,37.592913],[28.535888,37.593043],[28.535946,37.593128],[28.535972,37.593183],[28.536005,37.593254],[28.536029,37.593301],[28.536046,37.593331],[28.536089,37.59339],[28.536106,37.593431],[28.536138,37.593503],[28.536207,37.593608],[28.536218,37.593625],[28.536229,37.593689],[28.536239,37.593744],[28.536264,37.593873],[28.536265,37.593877],[28.536275,37.593911],[28.536354,37.59399],[28.536419,37.594035],[28.536422,37.594038],[28.536479,37.594111],[28.536437,37.594149],[28.536429,37.594157],[28.536381,37.594211],[28.53633,37.594292],[28.536295,37.59441],[28.536274,37.594482],[28.536241,37.594558],[28.536209,37.594612],[28.536143,37.594671],[28.536085,37.594709],[28.535953,37.594781],[28.535752,37.594834],[28.535675,37.594859],[28.5356,37.594886],[28.535677,37.595606],[28.535711,37.596228],[28.535736,37.596356],[28.535761,37.596685],[28.535782,37.597057],[28.535728,37.597294],[28.535693,37.597546],[28.535657,37.597774],[28.535633,37.598419],[28.535549,37.599081],[28.535569,37.59932],[28.535789,37.599788],[28.535861,37.600037],[28.535994,37.600165],[28.535785,37.600941],[28.534487,37.602823],[28.535712,37.603536],[28.53739,37.604592],[28.538419,37.605601],[28.540567,37.606551],[28.541794,37.607652],[28.542472,37.607986],[28.543674,37.608123],[28.544936,37.608259],[28.545549,37.608356],[28.547813,37.608846],[28.550118,37.608964],[28.553285,37.609018],[28.554037,37.609285],[28.553592,37.614669],[28.553659,37.614771],[28.553677,37.614799],[28.553702,37.614855],[28.553743,37.614976],[28.553755,37.615038],[28.553773,37.615084],[28.553795,37.615133],[28.553829,37.615205],[28.553854,37.615262],[28.553882,37.615327],[28.553901,37.615405],[28.553915,37.615492],[28.553936,37.61559],[28.553955,37.615678],[28.55403,37.615833],[28.55406,37.615889],[28.554108,37.61595],[28.554165,37.616012],[28.554335,37.616205],[28.554416,37.616297],[28.554468,37.616353],[28.554558,37.616443],[28.554679,37.616572],[28.554717,37.616618],[28.554767,37.616677],[28.554815,37.616732],[28.554855,37.616803],[28.554866,37.616854],[28.554867,37.616936],[28.554866,37.616941],[28.554857,37.617004],[28.55486,37.61707],[28.554874,37.617151],[28.554897,37.61725],[28.554906,37.617312],[28.554934,37.617388],[28.554954,37.617437],[28.555003,37.617516],[28.555116,37.61765],[28.555208,37.617726],[28.555256,37.617758],[28.555284,37.617772],[28.555317,37.617789],[28.555345,37.617812],[28.55554,37.618628],[28.555561,37.618667],[28.55563,37.618789],[28.555786,37.619212],[28.556402,37.619229],[28.556848,37.619242],[28.556993,37.619802],[28.55653,37.62091],[28.557585,37.622509],[28.557726,37.622574],[28.557822,37.622868],[28.557933,37.623213],[28.558354,37.623739],[28.55846,37.623871],[28.55871,37.624608],[28.558853,37.624956],[28.558916,37.625111],[28.55915,37.625682],[28.56071,37.625353],[28.561799,37.625124],[28.562646,37.624601],[28.562471,37.623986],[28.564969,37.624389],[28.56634,37.623969],[28.566799,37.623827],[28.567566,37.623592],[28.568532,37.623161],[28.570281,37.624244],[28.570582,37.624417],[28.571087,37.624339],[28.57183,37.624225],[28.576207,37.624961],[28.576932,37.626157],[28.577353,37.626099],[28.577934,37.626016],[28.57797,37.626003],[28.577973,37.626028],[28.57798,37.62607],[28.578058,37.626241],[28.578059,37.626263],[28.578101,37.62635],[28.578258,37.626345],[28.578424,37.626344],[28.578823,37.626301],[28.579405,37.62624],[28.579494,37.62623],[28.579736,37.626275],[28.579981,37.626456],[28.580145,37.626647],[28.580563,37.627011],[28.580771,37.627358],[28.58141,37.627717],[28.581653,37.627854],[28.58203,37.628202],[28.582137,37.628276],[28.582204,37.62828],[28.582275,37.628299],[28.582401,37.628332],[28.582803,37.628922],[28.583056,37.629237],[28.583289,37.629612],[28.583359,37.629726],[28.583466,37.629847],[28.583559,37.629978],[28.583688,37.630185],[28.583927,37.630373],[28.583974,37.630476],[28.584219,37.630859],[28.584248,37.630882],[28.584394,37.630952],[28.58465,37.631262],[28.58494,37.631245],[28.585329,37.631707],[28.585676,37.633408],[28.58576,37.63346],[28.586263,37.634289],[28.586233,37.634569],[28.586097,37.635824],[28.586007,37.636655],[28.586236,37.638213],[28.58629,37.638348],[28.586396,37.638609],[28.586812,37.639643],[28.586943,37.64152],[28.58705,37.641828],[28.587473,37.643035],[28.587496,37.643084],[28.587538,37.64317],[28.587572,37.643241],[28.587621,37.643342],[28.588516,37.645196],[28.58883,37.646218],[28.588762,37.647243],[28.589333,37.64736],[28.589561,37.647494],[28.589739,37.647918],[28.589662,37.64808],[28.58935,37.647934],[28.589296,37.64821],[28.588958,37.6482],[28.588691,37.648225],[28.588638,37.648334],[28.588482,37.649679],[28.588558,37.650334],[28.588568,37.650568],[28.589046,37.650538],[28.58925,37.650677],[28.589305,37.651094],[28.590018,37.65187],[28.589753,37.652704],[28.589666,37.652986],[28.589348,37.653863],[28.589984,37.65447],[28.591458,37.656324],[28.59244,37.658841],[28.594008,37.660936],[28.594456,37.66248],[28.594768,37.662009],[28.596166,37.659896],[28.596665,37.65864],[28.597309,37.657353],[28.597418,37.657246],[28.597306,37.655052],[28.597141,37.654217],[28.596732,37.652151]]]}},{"type":"Feature","properties":{"id":"TR-Y-09-008-M-0030","level":"yerlesim","type":"mahalle","parent_id":"TR-D-09-008","province_id":"TR-P-09","district_id":"TR-D-09-008","name":"Yaylalı","source_raw_name":"Yaylalı","source":"Kullanıcı tarafından sağlanan KML","source_label":"Kullanıcı tarafından sağlanan KML","source_name":"Aydin Mahalle KML - kullanici tarafindan saglandi"},"geometry":{"type":"Polygon","coordinates":[[[28.622206,37.756675],[28.622634,37.756292],[28.622392,37.75612],[28.621913,37.756072],[28.62136,37.756124],[28.620941,37.756243],[28.620486,37.756085],[28.620307,37.755981],[28.620123,37.755791],[28.620103,37.75555],[28.620178,37.755353],[28.620228,37.755124],[28.620249,37.754905],[28.620402,37.754753],[28.620555,37.754582],[28.620464,37.754446],[28.621501,37.754634],[28.621723,37.7544],[28.621782,37.754212],[28.621652,37.7539],[28.621535,37.753877],[28.621534,37.753861],[28.62152,37.753695],[28.621472,37.75353],[28.621484,37.75332],[28.621414,37.753244],[28.621406,37.753016],[28.621573,37.752639],[28.622051,37.752202],[28.62233,37.751867],[28.622316,37.7516],[28.62207,37.751214],[28.621889,37.751113],[28.621565,37.751042],[28.621361,37.750937],[28.620671,37.750742],[28.620609,37.750615],[28.620478,37.750447],[28.620447,37.750416],[28.620387,37.750358],[28.620302,37.750076],[28.620756,37.749414],[28.620968,37.749365],[28.62124,37.749253],[28.621537,37.749166],[28.62157,37.749143],[28.621834,37.749144],[28.622113,37.749155],[28.622273,37.749308],[28.622382,37.749371],[28.62261,37.749452],[28.62321,37.749665],[28.623338,37.749662],[28.623325,37.749588],[28.623393,37.74953],[28.623834,37.74957],[28.624052,37.749648],[28.624566,37.749638],[28.624557,37.749629],[28.624728,37.749625],[28.625323,37.749611],[28.625333,37.749611],[28.625322,37.749607],[28.624592,37.749325],[28.624754,37.749126],[28.625195,37.748734],[28.625547,37.748329],[28.626578,37.747265],[28.627478,37.747115],[28.627608,37.747197],[28.62792,37.746656],[28.628454,37.745616],[28.629531,37.74389],[28.629806,37.743481],[28.630298,37.742753],[28.630455,37.741793],[28.630562,37.74153],[28.630691,37.741243],[28.630814,37.741283],[28.630942,37.741007],[28.631065,37.740897],[28.631162,37.740701],[28.631089,37.740567],[28.631183,37.740482],[28.63132,37.740358],[28.631575,37.740128],[28.63182,37.739986],[28.632111,37.739972],[28.632182,37.739804],[28.632211,37.739541],[28.632371,37.739413],[28.632521,37.739384],[28.633001,37.73929],[28.635081,37.738886],[28.635307,37.738842],[28.637244,37.738466],[28.63725,37.738465],[28.637904,37.738036],[28.638205,37.73784],[28.638244,37.737799],[28.63805,37.737426],[28.638044,37.737147],[28.637993,37.73694],[28.638026,37.736526],[28.637954,37.736524],[28.637922,37.736391],[28.638013,37.736392],[28.638094,37.736023],[28.638561,37.735707],[28.638752,37.735557],[28.638933,37.735281],[28.63897,37.73514],[28.639016,37.734643],[28.639161,37.734491],[28.639115,37.734456],[28.639103,37.734423],[28.639093,37.734396],[28.639347,37.734174],[28.639484,37.73409],[28.639609,37.734057],[28.639997,37.733807],[28.640029,37.733779],[28.640149,37.733767],[28.640511,37.733734],[28.640555,37.733727],[28.640709,37.733703],[28.641005,37.733719],[28.641277,37.733756],[28.641452,37.733747],[28.641471,37.733746],[28.641741,37.733733],[28.641897,37.733713],[28.642049,37.73369],[28.642587,37.733603],[28.642703,37.733706],[28.642926,37.73366],[28.643119,37.733643],[28.643356,37.7336],[28.643614,37.733583],[28.643836,37.733536],[28.644022,37.733492],[28.644146,37.733491],[28.64422,37.733481],[28.644305,37.733428],[28.644484,37.733274],[28.644728,37.733122],[28.644948,37.733024],[28.645102,37.732821],[28.645195,37.732766],[28.645432,37.732703],[28.645593,37.732597],[28.645897,37.732502],[28.646029,37.732446],[28.646084,37.732379],[28.645791,37.73207],[28.645648,37.73192],[28.645599,37.731857],[28.645496,37.731722],[28.645458,37.731672],[28.645426,37.731683],[28.645417,37.731675],[28.645417,37.731675],[28.645398,37.731658],[28.645319,37.731584],[28.645125,37.731404],[28.645022,37.731381],[28.644851,37.731454],[28.644833,37.731462],[28.644832,37.731459],[28.644802,37.731401],[28.644731,37.731351],[28.644519,37.731321],[28.644428,37.731289],[28.643897,37.731035],[28.643724,37.730909],[28.64372,37.730906],[28.643572,37.730798],[28.643233,37.730759],[28.642862,37.730788],[28.642316,37.730902],[28.642256,37.730933],[28.642174,37.730975],[28.642055,37.73108],[28.641954,37.73107],[28.641863,37.731062],[28.64197,37.730919],[28.641983,37.730902],[28.642151,37.730777],[28.642252,37.730702],[28.642318,37.730558],[28.642354,37.730434],[28.641743,37.730105],[28.641737,37.729938],[28.641706,37.729777],[28.64171,37.729607],[28.641681,37.729506],[28.64157,37.72931],[28.641509,37.729249],[28.641455,37.729221],[28.641104,37.729215],[28.64101,37.729207],[28.640819,37.729174],[28.64074,37.729153],[28.640613,37.729119],[28.640476,37.72898],[28.640452,37.728809],[28.640479,37.728643],[28.640458,37.728639],[28.640408,37.728604],[28.640332,37.728578],[28.640183,37.728527],[28.640029,37.728472],[28.639784,37.728422],[28.639537,37.728369],[28.639368,37.728411],[28.639213,37.728451],[28.639215,37.728449],[28.63921,37.72845],[28.638959,37.7283],[28.638851,37.728235],[28.63879,37.728199],[28.638706,37.728104],[28.638743,37.727984],[28.638553,37.72789],[28.63846,37.72785],[28.638382,37.727816],[28.63825,37.727737],[28.638249,37.727737],[28.63809,37.727672],[28.638086,37.72767],[28.638086,37.727671],[28.637771,37.727636],[28.637824,37.727829],[28.637844,37.728126],[28.637847,37.728173],[28.63787,37.728516],[28.637937,37.728888],[28.637987,37.728967],[28.63802,37.72899],[28.638054,37.729013],[28.638118,37.729018],[28.638183,37.729024],[28.638232,37.729032],[28.638273,37.729034],[28.638337,37.729068],[28.638361,37.729121],[28.63833,37.729164],[28.638115,37.72926],[28.637951,37.729323],[28.637861,37.729405],[28.637837,37.72951],[28.637869,37.729651],[28.637974,37.729837],[28.638078,37.730045],[28.638214,37.730195],[28.638264,37.730286],[28.638257,37.73039],[28.638235,37.730435],[28.638214,37.730481],[28.638139,37.730571],[28.637767,37.730863],[28.637566,37.731048],[28.637444,37.731105],[28.63733,37.731127],[28.637312,37.731126],[28.63723,37.731123],[28.63713,37.731119],[28.63702,37.731115],[28.636967,37.731114],[28.637164,37.731204],[28.637385,37.731305],[28.637403,37.731313],[28.637405,37.731314],[28.637407,37.731315],[28.637409,37.731316],[28.637412,37.731317],[28.637146,37.731417],[28.637139,37.73142],[28.637036,37.731459],[28.636594,37.731625],[28.636756,37.732763],[28.636373,37.733144],[28.636258,37.733265],[28.636228,37.733294],[28.636193,37.733328],[28.635875,37.733638],[28.635749,37.733754],[28.635722,37.733766],[28.635013,37.734066],[28.634991,37.734381],[28.63495,37.734988],[28.635001,37.735244],[28.634929,37.735511],[28.634874,37.735725],[28.634787,37.735918],[28.63474,37.736204],[28.634667,37.736387],[28.634484,37.736442],[28.634305,37.736322],[28.634093,37.736293],[28.633634,37.736252],[28.633318,37.73628],[28.633067,37.736335],[28.632738,37.736478],[28.632391,37.736507],[28.632277,37.735512],[28.632337,37.735462],[28.632374,37.735391],[28.632396,37.735295],[28.632388,37.735183],[28.632383,37.73511],[28.632372,37.735049],[28.632409,37.734563],[28.632114,37.734255],[28.632114,37.734254],[28.632068,37.734071],[28.632064,37.734057],[28.631987,37.733879],[28.631906,37.733765],[28.631794,37.733672],[28.631681,37.733583],[28.631351,37.733381],[28.631317,37.733355],[28.631091,37.73318],[28.631087,37.733177],[28.630994,37.733103],[28.630964,37.733078],[28.630886,37.733013],[28.630798,37.732939],[28.630732,37.732882],[28.630693,37.73281],[28.630667,37.732763],[28.630656,37.732742],[28.630637,37.732707],[28.630655,37.73265],[28.63054,37.732636],[28.630531,37.732635],[28.63053,37.732635],[28.630529,37.732635],[28.630354,37.732621],[28.630069,37.732292],[28.629843,37.732179],[28.629452,37.731914],[28.628828,37.731589],[28.628427,37.7315],[28.628201,37.731211],[28.627848,37.731295],[28.627539,37.731126],[28.627003,37.731158],[28.626145,37.731049],[28.626115,37.730921],[28.625682,37.730765],[28.625227,37.730408],[28.624834,37.730438],[28.624605,37.730539],[28.624417,37.730626],[28.624168,37.730434],[28.624129,37.730404],[28.624061,37.73022],[28.623992,37.730211],[28.623677,37.730169],[28.623284,37.730083],[28.622727,37.730152],[28.622601,37.730028],[28.621982,37.729843],[28.621923,37.729825],[28.621367,37.72945],[28.621336,37.72943],[28.621056,37.72943],[28.620517,37.729108],[28.620392,37.729232],[28.620315,37.729249],[28.620242,37.72916],[28.620185,37.728979],[28.620092,37.728927],[28.620007,37.728876],[28.619523,37.728802],[28.619467,37.72873],[28.619412,37.728659],[28.61912,37.72862],[28.619032,37.728521],[28.618956,37.728505],[28.618686,37.728508],[28.618626,37.728421],[28.618714,37.728245],[28.618571,37.728143],[28.618565,37.728141],[28.618367,37.728087],[28.617923,37.728089],[28.617898,37.728079],[28.617639,37.727971],[28.617557,37.72792],[28.617347,37.727788],[28.617225,37.727776],[28.616904,37.727743],[28.616895,37.727741],[28.616771,37.727715],[28.616722,37.727705],[28.616642,37.727688],[28.61641,37.727693],[28.616401,37.727693],[28.616346,37.727727],[28.616307,37.727771],[28.616206,37.727779],[28.616098,37.727759],[28.615962,37.727715],[28.615603,37.727777],[28.615387,37.728012],[28.615445,37.728272],[28.615302,37.728294],[28.615245,37.72826],[28.615217,37.728243],[28.615106,37.728035],[28.614973,37.727952],[28.614294,37.72795],[28.613874,37.727913],[28.613801,37.727907],[28.613628,37.727889],[28.613623,37.727892],[28.61324,37.727858],[28.612935,37.727774],[28.612551,37.727667],[28.612077,37.72754],[28.612009,37.727521],[28.61194,37.72749],[28.611938,37.727489],[28.611733,37.727395],[28.611532,37.727303],[28.611297,37.72731],[28.611096,37.727356],[28.611065,37.727363],[28.611046,37.727367],[28.610919,37.727393],[28.610918,37.727394],[28.610304,37.727527],[28.61029,37.72753],[28.610281,37.727532],[28.61008,37.727549],[28.609702,37.727581],[28.609468,37.727552],[28.609453,37.72755],[28.609442,37.727549],[28.609359,37.727524],[28.609287,37.727503],[28.609254,37.727493],[28.609247,37.727491],[28.609135,37.727457],[28.609112,37.727443],[28.609096,37.727434],[28.60909,37.72743],[28.609046,37.727402],[28.609044,37.727401],[28.609018,37.727385],[28.609012,37.727381],[28.608968,37.727354],[28.608954,37.727348],[28.608892,37.727326],[28.608764,37.72728],[28.608604,37.727222],[28.608594,37.727219],[28.608452,37.727168],[28.608451,37.727167],[28.608381,37.727142],[28.608376,37.72714],[28.608321,37.72712],[28.608287,37.727108],[28.608268,37.727101],[28.608197,37.727075],[28.608154,37.72706],[28.608044,37.72702],[28.607991,37.727001],[28.607983,37.726998],[28.607982,37.726998],[28.60798,37.726997],[28.607979,37.726997],[28.607978,37.726996],[28.607977,37.726996],[28.607977,37.726996],[28.607977,37.726996],[28.607974,37.726995],[28.607856,37.726952],[28.607829,37.726943],[28.607768,37.726868],[28.607741,37.726835],[28.607669,37.726747],[28.607634,37.726705],[28.607624,37.726693],[28.60761,37.726676],[28.607607,37.726673],[28.607606,37.726672],[28.607602,37.726666],[28.607601,37.726666],[28.607597,37.726661],[28.607592,37.726654],[28.607575,37.726634],[28.607572,37.72663],[28.607571,37.726629],[28.607571,37.726629],[28.60757,37.726628],[28.60733,37.726497],[28.607026,37.726421],[28.606951,37.726402],[28.60694,37.726398],[28.606912,37.726386],[28.606854,37.726361],[28.60669,37.72629],[28.606616,37.726259],[28.606615,37.726258],[28.606595,37.726247],[28.60653,37.726211],[28.606525,37.726209],[28.606511,37.726201],[28.606494,37.726192],[28.60649,37.72619],[28.606489,37.726189],[28.606408,37.726145],[28.606162,37.725997],[28.60606,37.725916],[28.605994,37.725863],[28.605981,37.725852],[28.605971,37.72568],[28.605968,37.725637],[28.605968,37.725635],[28.605966,37.725566],[28.605965,37.72555],[28.60596,37.725357],[28.605887,37.725419],[28.605778,37.725511],[28.60572,37.725652],[28.605662,37.725773],[28.60559,37.725942],[28.605596,37.726032],[28.605609,37.726057],[28.605525,37.726097],[28.605494,37.726113],[28.605454,37.72616],[28.605413,37.726209],[28.605409,37.726213],[28.605406,37.726217],[28.605314,37.726316],[28.605258,37.726377],[28.605241,37.726393],[28.605167,37.726465],[28.605162,37.72647],[28.605122,37.72651],[28.605102,37.726531],[28.605048,37.726588],[28.605046,37.726591],[28.605036,37.726601],[28.605014,37.726625],[28.605012,37.726626],[28.605011,37.726628],[28.605011,37.726628],[28.605013,37.726629],[28.605017,37.726631],[28.605027,37.726636],[28.605038,37.726641],[28.605041,37.726642],[28.605043,37.726644],[28.605064,37.726655],[28.605066,37.726657],[28.605068,37.726657],[28.60508,37.726665],[28.60508,37.726665],[28.605147,37.726703],[28.605148,37.726703],[28.605209,37.726738],[28.605257,37.726765],[28.605274,37.726775],[28.605324,37.726811],[28.605346,37.726827],[28.605347,37.726827],[28.605359,37.726836],[28.605366,37.726841],[28.605411,37.726877],[28.605414,37.726879],[28.605424,37.726888],[28.605513,37.726958],[28.605459,37.727014],[28.605451,37.727023],[28.605353,37.727128],[28.605303,37.727181],[28.6053,37.727185],[28.60524,37.727247],[28.605209,37.72728],[28.605182,37.727308],[28.605121,37.727373],[28.605107,37.727387],[28.605058,37.727438],[28.605028,37.727471],[28.604985,37.727519],[28.604949,37.72756],[28.604942,37.727567],[28.604898,37.727616],[28.604875,37.727643],[28.604846,37.727676],[28.604839,37.727683],[28.60483,37.727694],[28.604774,37.727763],[28.604773,37.727765],[28.604734,37.727813],[28.604694,37.727863],[28.604691,37.727867],[28.604683,37.727877],[28.604659,37.727906],[28.604613,37.727919],[28.604568,37.7279],[28.604262,37.72777],[28.604052,37.72768],[28.604,37.727658],[28.603854,37.727597],[28.603638,37.727507],[28.60363,37.727504],[28.603602,37.727492],[28.603601,37.727491],[28.603458,37.727703],[28.603401,37.727788],[28.603357,37.727853],[28.603328,37.727893],[28.603318,37.727908],[28.603294,37.727942],[28.603243,37.728015],[28.60317,37.728119],[28.603128,37.728179],[28.603101,37.728217],[28.603044,37.728298],[28.603005,37.728354],[28.60293,37.728461],[28.602852,37.728572],[28.602674,37.728825],[28.60266,37.728845],[28.602595,37.728939],[28.602586,37.728952],[28.602579,37.728962],[28.602553,37.729],[28.602499,37.729079],[28.602469,37.729123],[28.602458,37.729139],[28.60244,37.729164],[28.6024,37.729223],[28.602352,37.729294],[28.602349,37.729298],[28.60231,37.729357],[28.602303,37.729365],[28.602294,37.729377],[28.602277,37.729398],[28.60222,37.729372],[28.602216,37.729371],[28.602206,37.729366],[28.602204,37.729366],[28.602131,37.729333],[28.602057,37.729417],[28.602043,37.729433],[28.60202,37.72946],[28.601999,37.729483],[28.601816,37.729694],[28.601242,37.730316],[28.601206,37.730351],[28.601164,37.730401],[28.60111,37.730471],[28.601052,37.730538],[28.601004,37.730596],[28.600743,37.730916],[28.60071,37.730952],[28.600767,37.730983],[28.60079,37.730996],[28.60108,37.731153],[28.601105,37.731167],[28.601135,37.731183],[28.601483,37.731318],[28.601675,37.731378],[28.601862,37.731393],[28.601963,37.731352],[28.602099,37.731353],[28.602283,37.731475],[28.602408,37.731541],[28.602468,37.731569],[28.602476,37.731577],[28.602496,37.731595],[28.60258,37.731672],[28.602792,37.731808],[28.602837,37.731837],[28.60284,37.731838],[28.602893,37.731872],[28.603141,37.732027],[28.603657,37.73235],[28.603803,37.732482],[28.60376,37.732473],[28.603749,37.732471],[28.60353,37.73243],[28.603488,37.732417],[28.603468,37.732411],[28.60304,37.732278],[28.602575,37.732106],[28.60249,37.732075],[28.602478,37.732068],[28.602429,37.732044],[28.602386,37.732021],[28.602259,37.731956],[28.602247,37.73195],[28.60219,37.731921],[28.602188,37.73192],[28.602167,37.731912],[28.602126,37.731896],[28.6021,37.731887],[28.602061,37.731875],[28.602033,37.731868],[28.601996,37.731859],[28.601945,37.731851],[28.60192,37.731847],[28.601915,37.731846],[28.601844,37.73184],[28.601571,37.731838],[28.601563,37.731838],[28.601543,37.731837],[28.601494,37.731837],[28.601104,37.731833],[28.601048,37.731832],[28.600974,37.731826],[28.600938,37.731823],[28.600827,37.731819],[28.600717,37.731823],[28.600607,37.731833],[28.600498,37.73185],[28.600447,37.731876],[28.600401,37.731907],[28.600364,37.731939],[28.600361,37.731942],[28.60036,37.731943],[28.60036,37.731943],[28.600329,37.73198],[28.600327,37.731983],[28.600302,37.732024],[28.6003,37.732026],[28.600296,37.732037],[28.600282,37.732071],[28.600282,37.732072],[28.600282,37.732074],[28.600277,37.73209],[28.600278,37.73209],[28.600284,37.732087],[28.600287,37.732086],[28.600333,37.732066],[28.600345,37.73207],[28.600348,37.732071],[28.600393,37.732068],[28.600509,37.732106],[28.600542,37.732113],[28.600579,37.732121],[28.600655,37.732138],[28.600738,37.732156],[28.600784,37.732166],[28.600974,37.732271],[28.601018,37.732295],[28.601127,37.732355],[28.60123,37.732408],[28.60131,37.732448],[28.601311,37.732448],[28.601359,37.732495],[28.601476,37.732535],[28.601497,37.732534],[28.601513,37.732538],[28.601519,37.732539],[28.601692,37.732572],[28.601704,37.732575],[28.601827,37.732598],[28.601919,37.732616],[28.601919,37.732616],[28.602026,37.73266],[28.602344,37.732759],[28.602514,37.732732],[28.602705,37.732859],[28.603,37.73307],[28.603065,37.733135],[28.60307,37.733171],[28.603129,37.733353],[28.603167,37.73342],[28.603338,37.733552],[28.603505,37.733612],[28.603559,37.733608],[28.603565,37.733586],[28.60387,37.733551],[28.604043,37.733743],[28.604182,37.733812],[28.604239,37.733962],[28.60424,37.733966],[28.604244,37.733967],[28.604372,37.73411],[28.604527,37.734266],[28.604466,37.734387],[28.604636,37.734744],[28.604677,37.734776],[28.604753,37.734928],[28.604641,37.735178],[28.604729,37.735336],[28.604929,37.735427],[28.60509,37.73549],[28.605371,37.735706],[28.605645,37.735749],[28.605711,37.735776],[28.606062,37.735916],[28.606349,37.73602],[28.606441,37.736114],[28.606505,37.73618],[28.606654,37.736265],[28.606918,37.736346],[28.607177,37.736509],[28.607643,37.736759],[28.607828,37.736805],[28.608085,37.736825],[28.608328,37.736933],[28.608651,37.737062],[28.608757,37.737148],[28.608902,37.737428],[28.609049,37.737572],[28.609029,37.737719],[28.608989,37.737776],[28.608976,37.737849],[28.609014,37.737884],[28.608989,37.738105],[28.609243,37.738342],[28.60927,37.738601],[28.609156,37.738703],[28.609222,37.738799],[28.609544,37.739016],[28.609474,37.739433],[28.609544,37.739563],[28.61002,37.739705],[28.609839,37.740064],[28.610093,37.740383],[28.610374,37.740555],[28.610586,37.740822],[28.611097,37.741053],[28.611097,37.741218],[28.611182,37.741262],[28.611498,37.741665],[28.611679,37.741812],[28.611811,37.741982],[28.61199,37.742127],[28.61187,37.742554],[28.612285,37.742581],[28.612528,37.742808],[28.613162,37.74293],[28.613296,37.743265],[28.613344,37.743315],[28.613688,37.743445],[28.61402,37.743587],[28.614116,37.743829],[28.614238,37.743969],[28.614254,37.743988],[28.614272,37.744022],[28.614553,37.744222],[28.614695,37.744368],[28.614873,37.744596],[28.615525,37.745686],[28.615961,37.745995],[28.615789,37.746622],[28.615799,37.746813],[28.615808,37.746983],[28.615824,37.7473],[28.615868,37.747669],[28.616355,37.748271],[28.616709,37.748336],[28.616895,37.748449],[28.616996,37.74867],[28.617054,37.748803],[28.617225,37.748916],[28.617548,37.749024],[28.618047,37.749661],[28.617987,37.749755],[28.617925,37.749852],[28.617941,37.750115],[28.61798,37.750232],[28.617847,37.750394],[28.61783,37.75078],[28.617924,37.750818],[28.618151,37.750912],[28.617948,37.751278],[28.617882,37.751557],[28.617791,37.751804],[28.617922,37.752029],[28.617969,37.752192],[28.617617,37.753049],[28.618145,37.753415],[28.618246,37.753423],[28.618527,37.75398],[28.618148,37.754258],[28.61786,37.75458],[28.61765,37.754808],[28.617214,37.754982],[28.617278,37.75554],[28.617619,37.7557],[28.617519,37.756092],[28.618031,37.756496],[28.618069,37.75671],[28.61799,37.757005],[28.618091,37.756949],[28.618191,37.756892],[28.618239,37.756877],[28.618276,37.756865],[28.618726,37.756719],[28.618989,37.756827],[28.619246,37.756899],[28.619491,37.75703],[28.620033,37.757319],[28.620559,37.757467],[28.620726,37.757418],[28.62088,37.757373],[28.621094,37.75731],[28.621876,37.757024],[28.622142,37.756784],[28.622206,37.756675]]]}},{"type":"Feature","properties":{"id":"TR-Y-09-008-M-0031","level":"yerlesim","type":"mahalle","parent_id":"TR-D-09-008","province_id":"TR-P-09","district_id":"TR-D-09-008","name":"Yazır","source_raw_name":"Yazır","source":"Kullanıcı tarafından sağlanan KML","source_label":"Kullanıcı tarafından sağlanan KML","source_name":"Aydin Mahalle KML - kullanici tarafindan saglandi"},"geometry":{"type":"Polygon","coordinates":[[[28.637767,37.730863],[28.638139,37.730571],[28.638214,37.730481],[28.638235,37.730435],[28.638257,37.73039],[28.638264,37.730286],[28.638214,37.730195],[28.638078,37.730045],[28.637974,37.729837],[28.637869,37.729651],[28.637837,37.72951],[28.637861,37.729405],[28.637951,37.729323],[28.638115,37.72926],[28.63833,37.729164],[28.638361,37.729121],[28.638337,37.729068],[28.638273,37.729034],[28.638232,37.729032],[28.638183,37.729024],[28.638118,37.729018],[28.638054,37.729013],[28.63802,37.72899],[28.637987,37.728967],[28.637937,37.728888],[28.63787,37.728516],[28.637847,37.728173],[28.637844,37.728126],[28.637824,37.727829],[28.637771,37.727636],[28.63768,37.727303],[28.637626,37.727155],[28.637617,37.726957],[28.63763,37.726832],[28.63766,37.726741],[28.637681,37.726713],[28.63776,37.726677],[28.63841,37.72667],[28.638699,37.726743],[28.639292,37.726825],[28.639646,37.726777],[28.639842,37.72668],[28.640135,37.726445],[28.640428,37.726211],[28.640792,37.725951],[28.64086,37.725903],[28.641006,37.725798],[28.641133,37.7257],[28.641297,37.72544],[28.641325,37.725382],[28.641329,37.725314],[28.641299,37.725215],[28.641217,37.725113],[28.64112,37.725022],[28.640944,37.724915],[28.640753,37.724876],[28.640579,37.724774],[28.640418,37.724628],[28.640436,37.724554],[28.64045,37.724512],[28.640483,37.724453],[28.640526,37.724369],[28.640579,37.724257],[28.640596,37.724171],[28.64061,37.724075],[28.640649,37.72402],[28.64069,37.723945],[28.640781,37.723893],[28.640958,37.723829],[28.641199,37.72378],[28.641683,37.723725],[28.642029,37.723693],[28.642317,37.723716],[28.642607,37.723694],[28.642815,37.723671],[28.643007,37.723596],[28.643098,37.723496],[28.643176,37.723326],[28.643247,37.723024],[28.643465,37.722578],[28.643515,37.722537],[28.643603,37.722473],[28.643711,37.72246],[28.643953,37.722514],[28.644283,37.72257],[28.644805,37.722752],[28.644844,37.722766],[28.645053,37.722808],[28.645246,37.722834],[28.645307,37.722835],[28.645369,37.722835],[28.645477,37.722784],[28.645528,37.722681],[28.64546,37.72253],[28.645403,37.722423],[28.645284,37.722203],[28.645196,37.721985],[28.645109,37.721766],[28.645075,37.721615],[28.645063,37.721561],[28.645126,37.721253],[28.645135,37.721151],[28.645139,37.721022],[28.645146,37.720915],[28.645176,37.720836],[28.645268,37.720751],[28.64539,37.720553],[28.645568,37.720551],[28.645685,37.720545],[28.645911,37.720491],[28.64601,37.720444],[28.646097,37.72034],[28.646199,37.720221],[28.64623,37.72008],[28.646213,37.719773],[28.646409,37.719208],[28.646516,37.718518],[28.646596,37.718358],[28.646621,37.718304],[28.646647,37.718251],[28.646716,37.718195],[28.646817,37.718161],[28.64697,37.718136],[28.647053,37.718152],[28.647176,37.718172],[28.647376,37.718224],[28.647551,37.718282],[28.647728,37.718346],[28.647895,37.718418],[28.648121,37.718515],[28.64875,37.718659],[28.649062,37.718692],[28.649412,37.718707],[28.649676,37.718722],[28.649796,37.718726],[28.649914,37.718754],[28.650036,37.718748],[28.650148,37.718687],[28.650284,37.71857],[28.650368,37.718413],[28.650375,37.718387],[28.650442,37.718134],[28.650474,37.717933],[28.650517,37.717654],[28.650648,37.717418],[28.650807,37.717251],[28.650941,37.717147],[28.651014,37.717027],[28.651069,37.716936],[28.651223,37.716796],[28.651331,37.716734],[28.65147,37.716678],[28.651598,37.716391],[28.65163,37.716244],[28.651685,37.716124],[28.651721,37.715971],[28.651787,37.715731],[28.651887,37.715406],[28.652039,37.715221],[28.652153,37.715158],[28.65234,37.715095],[28.652537,37.715044],[28.652695,37.715023],[28.652848,37.715014],[28.653077,37.714986],[28.653248,37.714941],[28.65339,37.714944],[28.653594,37.714971],[28.65386,37.715018],[28.654069,37.715083],[28.654265,37.715161],[28.654447,37.715257],[28.654687,37.715366],[28.654786,37.715409],[28.654937,37.715476],[28.65522,37.715532],[28.655475,37.715478],[28.655546,37.715414],[28.655553,37.715408],[28.655674,37.715207],[28.655686,37.715154],[28.655709,37.715051],[28.655724,37.714985],[28.655751,37.714867],[28.655725,37.714656],[28.655626,37.71446],[28.6555,37.714232],[28.655424,37.714094],[28.655245,37.71377],[28.654984,37.713474],[28.654897,37.713234],[28.654899,37.713135],[28.654935,37.713083],[28.655065,37.71301],[28.655383,37.712884],[28.655523,37.712828],[28.655663,37.712773],[28.655805,37.712709],[28.655924,37.712652],[28.656042,37.712596],[28.656219,37.712516],[28.65656,37.712336],[28.657122,37.711928],[28.657399,37.711753],[28.657633,37.711665],[28.657766,37.711664],[28.657987,37.711697],[28.658008,37.711704],[28.658473,37.71186],[28.658601,37.711903],[28.658626,37.711911],[28.658994,37.712047],[28.659487,37.712289],[28.659528,37.712319],[28.659624,37.712388],[28.659679,37.712434],[28.659724,37.712472],[28.659791,37.712528],[28.65991,37.712615],[28.660086,37.71265],[28.660099,37.712652],[28.660247,37.712622],[28.66031,37.71258],[28.660448,37.71248],[28.660713,37.712209],[28.661028,37.711822],[28.661117,37.711718],[28.661169,37.711656],[28.66118,37.711582],[28.66119,37.711508],[28.661183,37.711409],[28.661177,37.711309],[28.661143,37.711141],[28.660992,37.710886],[28.660878,37.710712],[28.660803,37.710567],[28.660809,37.710431],[28.660893,37.710213],[28.661122,37.710063],[28.661205,37.710029],[28.661222,37.710022],[28.661455,37.710004],[28.661944,37.710008],[28.662137,37.710023],[28.662869,37.709974],[28.663627,37.709969],[28.663936,37.709968],[28.66413,37.709867],[28.664238,37.709787],[28.664303,37.7097],[28.664314,37.709609],[28.66429,37.709548],[28.664241,37.709474],[28.664149,37.709311],[28.664078,37.709086],[28.664036,37.708957],[28.663994,37.708805],[28.664007,37.70875],[28.664042,37.708608],[28.664082,37.708521],[28.664087,37.70851],[28.664114,37.708452],[28.664123,37.708433],[28.664438,37.708077],[28.664626,37.707903],[28.66477,37.707819],[28.66483,37.707778],[28.664899,37.70773],[28.664991,37.707722],[28.665066,37.707722],[28.665105,37.707738],[28.665119,37.707751],[28.665184,37.707743],[28.665229,37.707538],[28.66534,37.707021],[28.665374,37.70686],[28.665432,37.706592],[28.665825,37.706234],[28.66616,37.705929],[28.666162,37.705873],[28.666508,37.705557],[28.666536,37.704964],[28.666669,37.704563],[28.666675,37.704502],[28.666717,37.704106],[28.666851,37.704025],[28.666852,37.704025],[28.667287,37.703888],[28.667769,37.703736],[28.668102,37.70367],[28.668352,37.703628],[28.668771,37.703559],[28.669512,37.70317],[28.669547,37.702983],[28.669498,37.702763],[28.669473,37.702666],[28.669644,37.700183],[28.669675,37.69972],[28.669676,37.699692],[28.66968,37.699588],[28.669669,37.699512],[28.669777,37.698616],[28.669783,37.698559],[28.66983,37.698169],[28.66984,37.698157],[28.669833,37.698146],[28.669885,37.697708],[28.669922,37.697404],[28.669926,37.697367],[28.669907,37.697164],[28.669921,37.696949],[28.66989,37.696813],[28.669879,37.696762],[28.669858,37.696695],[28.669849,37.696682],[28.669928,37.696532],[28.669892,37.696402],[28.669892,37.696402],[28.669853,37.696264],[28.669853,37.696264],[28.669656,37.695562],[28.669562,37.695228],[28.669517,37.695068],[28.669241,37.694085],[28.669241,37.694085],[28.669428,37.692753],[28.66944,37.692674],[28.669487,37.692338],[28.669491,37.692306],[28.669491,37.692305],[28.669512,37.69216],[28.669608,37.691478],[28.669687,37.690916],[28.669712,37.690733],[28.670232,37.690523],[28.670635,37.690361],[28.670716,37.690328],[28.670905,37.690252],[28.670926,37.690244],[28.671133,37.689797],[28.671473,37.68906],[28.671473,37.68906],[28.671505,37.688919],[28.671534,37.68879],[28.671564,37.688655],[28.671575,37.688605],[28.671582,37.688602],[28.671607,37.688499],[28.671602,37.688485],[28.671754,37.687803],[28.671754,37.687803],[28.671717,37.687335],[28.671713,37.68728],[28.671667,37.686686],[28.671641,37.686355],[28.671641,37.686355],[28.671911,37.686075],[28.672348,37.685624],[28.672411,37.685558],[28.672547,37.685417],[28.673021,37.684927],[28.673629,37.6844],[28.673714,37.684327],[28.674026,37.684056],[28.67455,37.683602],[28.674575,37.683525],[28.67464,37.683322],[28.674661,37.683255],[28.675352,37.681096],[28.675411,37.681032],[28.675455,37.680992],[28.675481,37.680968],[28.675487,37.680963],[28.675637,37.680799],[28.675647,37.680787],[28.67607,37.680386],[28.676371,37.680101],[28.676854,37.679642],[28.677113,37.679397],[28.677113,37.679397],[28.677383,37.678973],[28.677561,37.678694],[28.677898,37.678165],[28.678855,37.676683],[28.67898,37.67649],[28.679155,37.676219],[28.679219,37.67612],[28.679352,37.675615],[28.679587,37.674728],[28.679684,37.674357],[28.680115,37.67356],[28.680728,37.672168],[28.680733,37.672156],[28.68076,37.672094],[28.68076,37.672094],[28.680784,37.671945],[28.68085,37.671534],[28.68086,37.671473],[28.680872,37.671395],[28.68094,37.670973],[28.681026,37.67044],[28.681098,37.669986],[28.681147,37.669683],[28.681166,37.669566],[28.681211,37.669282],[28.681294,37.668766],[28.681294,37.668766],[28.68139,37.668433],[28.681692,37.667392],[28.681843,37.66687],[28.681843,37.66687],[28.681756,37.666489],[28.681645,37.666008],[28.681573,37.665695],[28.681082,37.663564],[28.681082,37.663564],[28.680647,37.661673],[28.679499,37.661832],[28.677883,37.661171],[28.676553,37.659884],[28.67575,37.654546],[28.675223,37.653495],[28.676469,37.651458],[28.675953,37.649013],[28.675976,37.649125],[28.675804,37.648306],[28.675793,37.648256],[28.675733,37.64797],[28.675732,37.64797],[28.675642,37.64798],[28.675064,37.648049],[28.674008,37.648175],[28.673965,37.648181],[28.672968,37.648299],[28.671844,37.648786],[28.669538,37.6478],[28.668398,37.646924],[28.665672,37.645853],[28.664814,37.64581],[28.664805,37.645806],[28.664658,37.645725],[28.664319,37.645541],[28.664305,37.645533],[28.662643,37.644629],[28.662519,37.644561],[28.662477,37.644538],[28.660772,37.643611],[28.658926,37.643959],[28.657096,37.643502],[28.655636,37.644527],[28.655431,37.644611],[28.651796,37.646084],[28.647973,37.646238],[28.64731,37.646243],[28.645894,37.646252],[28.643507,37.648014],[28.640911,37.648631],[28.639965,37.648837],[28.63625,37.648706],[28.63501,37.648508],[28.632565,37.650109],[28.629568,37.650529],[28.627041,37.65222],[28.62446,37.651999],[28.621307,37.653274],[28.620462,37.654437],[28.61906,37.655207],[28.616916,37.655474],[28.613659,37.657948],[28.607353,37.659555],[28.601691,37.663032],[28.598092,37.666561],[28.598396,37.667439],[28.598293,37.668835],[28.59767,37.670394],[28.597454,37.670931],[28.597398,37.671068],[28.596935,37.672217],[28.596919,37.672737],[28.596705,37.672802],[28.597257,37.67428],[28.598028,37.675945],[28.598819,37.677813],[28.598939,37.678097],[28.599069,37.678375],[28.599397,37.678655],[28.599552,37.678801],[28.599884,37.679093],[28.600293,37.679453],[28.600718,37.67983],[28.601094,37.680152],[28.601494,37.680502],[28.601855,37.680821],[28.602315,37.681225],[28.602401,37.681286],[28.603084,37.681885],[28.602559,37.682289],[28.602213,37.683176],[28.602089,37.683477],[28.601671,37.683619],[28.601305,37.683977],[28.601102,37.684135],[28.60093,37.684268],[28.59976,37.684842],[28.599163,37.685159],[28.598161,37.685653],[28.597881,37.686229],[28.597893,37.686802],[28.597856,37.687153],[28.599363,37.688215],[28.600038,37.690108],[28.601373,37.690867],[28.603482,37.690986],[28.605427,37.691097],[28.607145,37.691194],[28.607726,37.691172],[28.608677,37.691283],[28.614255,37.691931],[28.614031,37.692197],[28.614858,37.692205],[28.614882,37.692227],[28.614996,37.692276],[28.615301,37.692406],[28.615584,37.69261],[28.615811,37.692773],[28.615763,37.693053],[28.61625,37.692929],[28.617067,37.693064],[28.617498,37.693139],[28.617548,37.693204],[28.617761,37.693332],[28.617813,37.693364],[28.617829,37.693374],[28.617841,37.693381],[28.617848,37.693361],[28.617896,37.693299],[28.617907,37.693285],[28.617932,37.693252],[28.618097,37.693391],[28.618319,37.693477],[28.618653,37.693866],[28.619126,37.694096],[28.619154,37.69419],[28.619086,37.694291],[28.619232,37.69441],[28.619465,37.694572],[28.619614,37.694676],[28.619771,37.694609],[28.620098,37.694469],[28.620206,37.694708],[28.620276,37.694802],[28.62055,37.695015],[28.620661,37.695102],[28.620679,37.695116],[28.620851,37.695252],[28.621006,37.695371],[28.621013,37.69543],[28.621022,37.695506],[28.621396,37.695623],[28.621557,37.695647],[28.62171,37.695681],[28.621864,37.695881],[28.622008,37.696001],[28.622116,37.696005],[28.622167,37.696007],[28.622353,37.696103],[28.622529,37.696107],[28.622808,37.696264],[28.62284,37.69632],[28.622853,37.696344],[28.622862,37.69636],[28.622839,37.696739],[28.622757,37.697071],[28.622725,37.697201],[28.622777,37.697356],[28.622802,37.69743],[28.622812,37.697459],[28.622829,37.697511],[28.62283,37.697519],[28.622842,37.6976],[28.62286,37.697623],[28.622852,37.697664],[28.622877,37.697834],[28.622871,37.698033],[28.623013,37.698325],[28.623035,37.698354],[28.623035,37.698354],[28.623056,37.698424],[28.623127,37.698479],[28.623512,37.698535],[28.623512,37.698536],[28.623561,37.69869],[28.623561,37.69869],[28.623547,37.698726],[28.623533,37.698886],[28.623483,37.698936],[28.623523,37.69906],[28.623711,37.699148],[28.623733,37.699158],[28.623865,37.699168],[28.624039,37.69918],[28.624219,37.699334],[28.624229,37.699628],[28.624306,37.699723],[28.624364,37.699747],[28.624422,37.69977],[28.624515,37.699809],[28.624665,37.699858],[28.624803,37.699908],[28.62488,37.700018],[28.624874,37.70003],[28.624806,37.700153],[28.624767,37.700244],[28.624795,37.700378],[28.624891,37.700469],[28.624999,37.700519],[28.625035,37.700535],[28.625209,37.700651],[28.625289,37.70078],[28.625336,37.700887],[28.625348,37.701022],[28.625401,37.701135],[28.625482,37.701259],[28.625538,37.701321],[28.625592,37.701381],[28.625626,37.701468],[28.62558,37.701568],[28.625474,37.701674],[28.625331,37.70184],[28.625317,37.701951],[28.6254,37.702048],[28.625488,37.702119],[28.625716,37.702339],[28.625705,37.702417],[28.62567,37.702452],[28.625582,37.702539],[28.625454,37.702637],[28.625349,37.702719],[28.625264,37.70281],[28.625204,37.702919],[28.625202,37.703034],[28.625338,37.703044],[28.626402,37.703967],[28.626838,37.705365],[28.627084,37.705916],[28.627163,37.706093],[28.62755,37.70696],[28.627839,37.707606],[28.627758,37.707716],[28.627789,37.707741],[28.627914,37.707881],[28.627969,37.708075],[28.627986,37.708134],[28.628058,37.708225],[28.628174,37.70832],[28.628314,37.708434],[28.628428,37.708556],[28.628444,37.708561],[28.628444,37.708561],[28.628443,37.708571],[28.628567,37.708703],[28.628662,37.70883],[28.629097,37.709196],[28.629487,37.709439],[28.629637,37.70951],[28.629763,37.709602],[28.6298,37.709632],[28.629927,37.709736],[28.630043,37.709837],[28.630106,37.709929],[28.630129,37.71007],[28.63013,37.710134],[28.630597,37.710488],[28.630672,37.710641],[28.63073,37.710806],[28.630708,37.710884],[28.630686,37.710962],[28.630664,37.7111],[28.630714,37.711245],[28.630759,37.711314],[28.630803,37.711383],[28.630892,37.711498],[28.630926,37.71177],[28.630975,37.711927],[28.631069,37.71209],[28.63107,37.712093],[28.631131,37.712226],[28.631216,37.71235],[28.631321,37.71244],[28.631435,37.712543],[28.631507,37.712798],[28.631545,37.712911],[28.631554,37.713024],[28.631526,37.713153],[28.631497,37.713289],[28.631518,37.713449],[28.631591,37.71363],[28.631691,37.713728],[28.631794,37.713919],[28.631807,37.714123],[28.631799,37.714481],[28.631783,37.714523],[28.631691,37.714759],[28.631672,37.714869],[28.631726,37.714985],[28.631818,37.715111],[28.631807,37.715202],[28.63178,37.715291],[28.631704,37.715531],[28.6317,37.715622],[28.631696,37.7157],[28.631694,37.715801],[28.631852,37.716133],[28.631866,37.716235],[28.631878,37.716327],[28.631891,37.716442],[28.631935,37.716637],[28.632002,37.716757],[28.632095,37.716882],[28.632133,37.71694],[28.632235,37.717037],[28.632357,37.717154],[28.632553,37.717243],[28.632627,37.717308],[28.632688,37.717416],[28.632727,37.717488],[28.632783,37.717688],[28.632781,37.71778],[28.632742,37.717865],[28.632707,37.717943],[28.632678,37.718005],[28.632663,37.718065],[28.632655,37.718095],[28.63273,37.718393],[28.632821,37.718559],[28.632829,37.718583],[28.632872,37.718696],[28.632888,37.718841],[28.63286,37.719091],[28.632969,37.719161],[28.632969,37.719161],[28.633173,37.719498],[28.633174,37.719499],[28.633232,37.719549],[28.633263,37.71963],[28.633268,37.719751],[28.633263,37.720126],[28.633246,37.720236],[28.633244,37.720322],[28.633241,37.720409],[28.633247,37.720494],[28.633251,37.720497],[28.633251,37.720497],[28.633248,37.720519],[28.633255,37.720627],[28.633364,37.720734],[28.63339,37.720759],[28.633489,37.720841],[28.633594,37.720891],[28.63368,37.720925],[28.633761,37.720967],[28.633828,37.72103],[28.633882,37.72113],[28.633886,37.72124],[28.633903,37.721339],[28.633914,37.721396],[28.633901,37.721528],[28.633891,37.721636],[28.633891,37.721638],[28.633827,37.721722],[28.633822,37.721825],[28.633855,37.721916],[28.633882,37.722009],[28.633902,37.722298],[28.633931,37.72241],[28.634047,37.722575],[28.634042,37.722681],[28.634022,37.722777],[28.634019,37.722854],[28.633999,37.722918],[28.633979,37.722987],[28.633974,37.723073],[28.633977,37.723119],[28.633998,37.723165],[28.634048,37.723272],[28.634183,37.723393],[28.634237,37.72344],[28.634291,37.723486],[28.634377,37.723556],[28.634431,37.723617],[28.634492,37.723753],[28.634494,37.723808],[28.634497,37.723886],[28.634451,37.724089],[28.634385,37.724199],[28.634367,37.724214],[28.634221,37.724559],[28.634212,37.724568],[28.634239,37.724599],[28.634288,37.724726],[28.634287,37.724765],[28.634287,37.724809],[28.634237,37.724951],[28.634159,37.725117],[28.63415,37.725225],[28.634207,37.725339],[28.634289,37.725426],[28.634375,37.725499],[28.634476,37.725571],[28.634594,37.725634],[28.634645,37.725669],[28.634692,37.725715],[28.634717,37.72574],[28.634739,37.7258],[28.634687,37.725862],[28.634525,37.72595],[28.634458,37.725992],[28.63438,37.726039],[28.634362,37.726063],[28.634343,37.726088],[28.634338,37.726145],[28.634338,37.726145],[28.634336,37.726159],[28.63436,37.726222],[28.634362,37.726225],[28.634412,37.726301],[28.634491,37.726356],[28.634605,37.726397],[28.634694,37.726443],[28.6348,37.726539],[28.634875,37.726607],[28.634938,37.726775],[28.634984,37.726885],[28.634921,37.726964],[28.634779,37.727159],[28.634441,37.72748],[28.634462,37.727522],[28.634561,37.72754],[28.634575,37.727542],[28.634857,37.727423],[28.634973,37.727412],[28.635105,37.727423],[28.635228,37.727443],[28.635347,37.727453],[28.63555,37.727506],[28.635686,37.727559],[28.635774,37.727606],[28.635805,37.727679],[28.635789,37.727766],[28.635725,37.727812],[28.635671,37.72793],[28.635697,37.728047],[28.635776,37.728227],[28.63584,37.728357],[28.635863,37.728446],[28.635885,37.728536],[28.635869,37.728694],[28.635856,37.728924],[28.635716,37.729211],[28.635701,37.729227],[28.636028,37.729935],[28.636025,37.729961],[28.635987,37.730359],[28.636045,37.73038],[28.636118,37.730414],[28.636212,37.730459],[28.636289,37.7305],[28.636404,37.730561],[28.636541,37.730618],[28.63671,37.730681],[28.63681,37.730717],[28.636903,37.730717],[28.637039,37.730714],[28.637101,37.730716],[28.637205,37.730758],[28.637282,37.730811],[28.637304,37.730941],[28.63723,37.731123],[28.637312,37.731126],[28.63733,37.731127],[28.637444,37.731105],[28.637566,37.731048],[28.637767,37.730863]]]}},{"type":"Feature","properties":{"id":"TR-Y-09-008-M-0032","level":"yerlesim","type":"mahalle","parent_id":"TR-D-09-008","province_id":"TR-P-09","district_id":"TR-D-09-008","name":"Yenice","source_raw_name":"Yenice","source":"Kullanıcı tarafından sağlanan KML","source_label":"Kullanıcı tarafından sağlanan KML","source_name":"Aydin Mahalle KML - kullanici tarafindan saglandi"},"geometry":{"type":"Polygon","coordinates":[[[28.561546,37.872879],[28.561755,37.872867],[28.562068,37.872875],[28.562423,37.872887],[28.562759,37.872993],[28.56298,37.873074],[28.562985,37.873076],[28.563063,37.87308],[28.563108,37.872956],[28.563231,37.872612],[28.563315,37.872568],[28.563409,37.872519],[28.563515,37.872452],[28.563563,37.87238],[28.563966,37.87148],[28.563988,37.87146],[28.564218,37.871258],[28.564047,37.870986],[28.563993,37.870944],[28.563952,37.870811],[28.564186,37.870695],[28.564837,37.870458],[28.564985,37.870404],[28.565376,37.870287],[28.565545,37.870236],[28.566184,37.870104],[28.566432,37.870123],[28.566636,37.870138],[28.566729,37.870144],[28.566881,37.870142],[28.56704,37.870167],[28.567208,37.87018],[28.567216,37.870179],[28.567303,37.869687],[28.567305,37.869673],[28.567323,37.86957],[28.567298,37.869412],[28.567288,37.869351],[28.56727,37.869237],[28.56725,37.869113],[28.567227,37.86897],[28.567247,37.868973],[28.567871,37.86907],[28.56834,37.86931],[28.568291,37.869583],[28.568634,37.869457],[28.568725,37.869424],[28.569523,37.869131],[28.569558,37.869119],[28.569611,37.8691],[28.570257,37.868871],[28.570821,37.868719],[28.571035,37.868662],[28.571059,37.868658],[28.571747,37.868545],[28.572485,37.868555],[28.572477,37.868569],[28.572368,37.868769],[28.572248,37.869078],[28.572332,37.869063],[28.572368,37.869056],[28.572413,37.869056],[28.573077,37.8685],[28.573229,37.868372],[28.573599,37.868211],[28.573711,37.868162],[28.573743,37.868165],[28.573781,37.868167],[28.573856,37.868173],[28.574184,37.868399],[28.574254,37.868482],[28.574543,37.868822],[28.575793,37.869119],[28.575834,37.86906],[28.576119,37.868656],[28.577255,37.869068],[28.577538,37.869008],[28.577641,37.868986],[28.577776,37.86889],[28.577966,37.868755],[28.578273,37.868615],[28.578499,37.868493],[28.578042,37.868358],[28.578042,37.868357],[28.577959,37.86834],[28.577922,37.868322],[28.577456,37.868095],[28.577052,37.867792],[28.577022,37.867769],[28.576534,37.867191],[28.575919,37.866362],[28.575577,37.866317],[28.575311,37.86609],[28.575607,37.865776],[28.575617,37.865765],[28.575661,37.865749],[28.576,37.865622],[28.576416,37.865408],[28.577541,37.864708],[28.577681,37.864621],[28.577885,37.864532],[28.578308,37.864346],[28.578476,37.864273],[28.57869,37.864179],[28.579204,37.864019],[28.579229,37.864011],[28.579386,37.864047],[28.580184,37.863803],[28.580511,37.863749],[28.580632,37.863729],[28.581102,37.86365],[28.581595,37.863568],[28.581724,37.863527],[28.581792,37.863531],[28.582191,37.863502],[28.582873,37.863373],[28.583461,37.8632],[28.583649,37.863073],[28.584627,37.862418],[28.58497,37.861841],[28.584929,37.861605],[28.584899,37.86152],[28.584617,37.860759],[28.584623,37.86054],[28.584628,37.860345],[28.584629,37.860308],[28.584668,37.860008],[28.584771,37.859688],[28.585436,37.859284],[28.585817,37.858638],[28.587222,37.857601],[28.593228,37.856168],[28.593497,37.856089],[28.594911,37.855902],[28.595892,37.855643],[28.596919,37.855149],[28.597766,37.854838],[28.598474,37.854579],[28.598589,37.854504],[28.599743,37.854274],[28.59999,37.854224],[28.600492,37.854212],[28.601427,37.853997],[28.601451,37.853991],[28.601792,37.853913],[28.60208,37.854082],[28.602125,37.854109],[28.602341,37.85408],[28.602861,37.85401],[28.603669,37.853502],[28.603157,37.853088],[28.603052,37.853027],[28.602766,37.85286],[28.602761,37.852837],[28.602667,37.852778],[28.60263,37.852756],[28.602564,37.852715],[28.602732,37.852676],[28.6027,37.852504],[28.602445,37.852459],[28.602381,37.852167],[28.602562,37.851747],[28.603253,37.85194],[28.603277,37.851902],[28.603277,37.851902],[28.603144,37.851332],[28.60286,37.851218],[28.602918,37.851109],[28.602944,37.851062],[28.602993,37.850972],[28.60306,37.850931],[28.602469,37.84677],[28.603098,37.845175],[28.604353,37.841991],[28.606566,37.836378],[28.606753,37.83579],[28.606141,37.831637],[28.603604,37.81443],[28.602648,37.814336],[28.602139,37.814347],[28.601676,37.814383],[28.601604,37.814384],[28.601113,37.814393],[28.599979,37.814216],[28.598936,37.814053],[28.598404,37.814242],[28.59818,37.814334],[28.597941,37.814431],[28.598,37.812929],[28.597741,37.813249],[28.596219,37.814286],[28.59491,37.81574],[28.59462,37.816284],[28.59346,37.816536],[28.592308,37.816077],[28.59272,37.815482],[28.592851,37.814858],[28.592812,37.814803],[28.589416,37.814954],[28.587666,37.815031],[28.586813,37.815175],[28.586548,37.815231],[28.586536,37.815222],[28.586521,37.815224],[28.586364,37.815251],[28.586321,37.815258],[28.586377,37.815491],[28.586355,37.815671],[28.58634,37.81568],[28.586318,37.815891],[28.586125,37.815985],[28.58585,37.8159],[28.58565,37.815869],[28.585465,37.815875],[28.585445,37.815843],[28.58543,37.81589],[28.585448,37.815983],[28.58536,37.81607],[28.585295,37.816195],[28.585134,37.816365],[28.585104,37.816411],[28.584994,37.816512],[28.584827,37.816665],[28.584671,37.816811],[28.584643,37.816836],[28.584506,37.816942],[28.58414,37.817018],[28.583949,37.817134],[28.583833,37.817267],[28.583723,37.817415],[28.583512,37.817587],[28.583324,37.817702],[28.583239,37.817754],[28.583018,37.81794],[28.582772,37.81808],[28.582426,37.818179],[28.582138,37.818327],[28.581721,37.81865],[28.581683,37.818638],[28.581593,37.818829],[28.581382,37.819058],[28.581341,37.819017],[28.58102,37.819032],[28.580585,37.819182],[28.580582,37.819198],[28.580492,37.819241],[28.580552,37.819386],[28.580379,37.819559],[28.580354,37.819668],[28.580076,37.819896],[28.579891,37.819752],[28.579375,37.819511],[28.578809,37.81936],[28.578812,37.819328],[28.578115,37.819123],[28.57807,37.819134],[28.578061,37.81913],[28.577914,37.819204],[28.577569,37.819159],[28.577567,37.819158],[28.577277,37.818944],[28.577157,37.818872],[28.576744,37.818621],[28.5768,37.818574],[28.576753,37.818548],[28.576716,37.81841],[28.576938,37.818149],[28.576582,37.817767],[28.576577,37.817649],[28.576412,37.817459],[28.576423,37.817446],[28.576563,37.817267],[28.576585,37.817041],[28.576591,37.816988],[28.576592,37.816948],[28.576686,37.816747],[28.576698,37.816681],[28.576745,37.816418],[28.576821,37.816109],[28.576752,37.816029],[28.576608,37.815861],[28.576591,37.815785],[28.576573,37.815701],[28.576536,37.815531],[28.576538,37.815491],[28.57649,37.815477],[28.57642,37.815495],[28.576177,37.815744],[28.576135,37.815878],[28.575904,37.816032],[28.575853,37.816065],[28.575826,37.81601],[28.575703,37.816118],[28.575499,37.816025],[28.57537,37.815931],[28.57536,37.815859],[28.575259,37.8158],[28.575184,37.815704],[28.575008,37.815583],[28.574985,37.815563],[28.574806,37.815399],[28.574606,37.815293],[28.574347,37.815111],[28.574197,37.814976],[28.573984,37.814798],[28.573906,37.814736],[28.573749,37.814691],[28.573229,37.814546],[28.573082,37.814475],[28.572981,37.81444],[28.572856,37.814572],[28.572635,37.814921],[28.572186,37.815387],[28.572093,37.815476],[28.571982,37.815449],[28.57188,37.815424],[28.571368,37.815277],[28.571059,37.815096],[28.570741,37.814947],[28.570106,37.814605],[28.569829,37.814399],[28.569693,37.814608],[28.569528,37.814786],[28.569518,37.814792],[28.569336,37.814898],[28.569226,37.814947],[28.569243,37.814998],[28.569253,37.815003],[28.569383,37.815072],[28.569394,37.815163],[28.569458,37.81567],[28.569326,37.815675],[28.56934,37.81578],[28.56889,37.815811],[28.568768,37.81582],[28.568792,37.815886],[28.569009,37.816746],[28.568994,37.816799],[28.568969,37.81686],[28.568913,37.816854],[28.568834,37.816846],[28.568837,37.816861],[28.568849,37.816893],[28.568794,37.816919],[28.568534,37.816869],[28.568355,37.81692],[28.568368,37.816962],[28.568004,37.816946],[28.567895,37.816895],[28.567809,37.816909],[28.567656,37.816993],[28.567646,37.817075],[28.567531,37.817071],[28.567483,37.817244],[28.567257,37.817181],[28.567259,37.817038],[28.567201,37.816867],[28.567166,37.816862],[28.567081,37.816847],[28.566852,37.816829],[28.566738,37.816805],[28.566516,37.816779],[28.566544,37.817251],[28.566488,37.817284],[28.566353,37.817268],[28.566282,37.81726],[28.566264,37.817279],[28.565848,37.817228],[28.565795,37.817215],[28.565738,37.817233],[28.565646,37.817227],[28.565637,37.817261],[28.565516,37.817296],[28.565287,37.817244],[28.565155,37.81725],[28.564963,37.81731],[28.56491,37.817484],[28.564843,37.81749],[28.564803,37.817526],[28.564717,37.817517],[28.564567,37.817603],[28.564291,37.81771],[28.563958,37.817723],[28.563851,37.81787],[28.56361,37.817971],[28.563515,37.81801],[28.56305,37.817701],[28.562787,37.817931],[28.562572,37.818274],[28.562445,37.818203],[28.562438,37.818217],[28.562349,37.818279],[28.562316,37.818277],[28.562293,37.818334],[28.562034,37.818407],[28.562041,37.818464],[28.561786,37.818541],[28.561701,37.818579],[28.561488,37.818778],[28.561088,37.819188],[28.56105,37.819517],[28.561026,37.819537],[28.560544,37.819535],[28.560099,37.819446],[28.560058,37.819456],[28.559937,37.81946],[28.559483,37.819475],[28.559406,37.819449],[28.559265,37.819458],[28.559232,37.81946],[28.558932,37.819479],[28.558511,37.819323],[28.55804,37.819001],[28.557786,37.818828],[28.55751,37.81865],[28.556965,37.818278],[28.55673,37.818316],[28.556668,37.818326],[28.556501,37.818296],[28.556235,37.818272],[28.556015,37.818856],[28.556016,37.819152],[28.556087,37.819345],[28.556108,37.819544],[28.556013,37.819723],[28.556021,37.819774],[28.556427,37.819845],[28.556653,37.819922],[28.556908,37.819977],[28.556917,37.819989],[28.557036,37.820132],[28.557076,37.820221],[28.556829,37.820316],[28.556646,37.820445],[28.556452,37.820526],[28.556264,37.820604],[28.556064,37.820692],[28.555766,37.820821],[28.556008,37.821853],[28.556113,37.822383],[28.556113,37.822384],[28.556056,37.822442],[28.556216,37.822431],[28.556317,37.822424],[28.556532,37.822717],[28.556534,37.823152],[28.556435,37.823403],[28.556435,37.823432],[28.556643,37.823678],[28.556811,37.82389],[28.556908,37.824308],[28.556926,37.824376],[28.55694,37.824401],[28.556995,37.824515],[28.556873,37.824712],[28.556863,37.824845],[28.55685,37.825026],[28.556838,37.825337],[28.556828,37.825737],[28.556834,37.825831],[28.556837,37.825873],[28.55677,37.825942],[28.556438,37.826062],[28.556427,37.826077],[28.556419,37.826088],[28.556544,37.826142],[28.556478,37.826201],[28.556448,37.826228],[28.556415,37.826258],[28.556376,37.82634],[28.556712,37.826486],[28.556822,37.826534],[28.556824,37.826541],[28.556931,37.827043],[28.55696,37.827098],[28.556992,37.82716],[28.557246,37.827187],[28.557603,37.828405],[28.558866,37.82958],[28.558654,37.829825],[28.557601,37.829212],[28.557256,37.829174],[28.557121,37.829351],[28.555831,37.829035],[28.555551,37.829619],[28.555544,37.829635],[28.555531,37.829665],[28.555453,37.829854],[28.555356,37.830349],[28.554994,37.830924],[28.554928,37.830962],[28.554552,37.831185],[28.554492,37.831594],[28.5545,37.831766],[28.554576,37.831947],[28.554652,37.83204],[28.555006,37.832276],[28.555092,37.832331],[28.555086,37.832378],[28.555079,37.832437],[28.555073,37.832485],[28.555024,37.832523],[28.55501,37.832535],[28.554693,37.832767],[28.554482,37.832921],[28.554285,37.832827],[28.554213,37.832793],[28.554222,37.832822],[28.554184,37.832872],[28.554155,37.832911],[28.553837,37.833336],[28.553826,37.833347],[28.553801,37.833388],[28.553746,37.833447],[28.553605,37.8336],[28.553526,37.833632],[28.553481,37.833671],[28.553435,37.833668],[28.553319,37.833714],[28.553132,37.83375],[28.55281,37.833979],[28.552472,37.834083],[28.552409,37.834341],[28.552305,37.834388],[28.552294,37.83446],[28.552218,37.834483],[28.552076,37.834526],[28.551913,37.834667],[28.552404,37.834884],[28.552042,37.834982],[28.551401,37.835196],[28.551533,37.835383],[28.551586,37.835694],[28.55158,37.835744],[28.551449,37.835893],[28.551005,37.836146],[28.550941,37.836182],[28.550924,37.836189],[28.550902,37.836197],[28.550923,37.836234],[28.551079,37.836508],[28.551353,37.836769],[28.551255,37.836958],[28.55115,37.836918],[28.551053,37.836908],[28.55084,37.836962],[28.550741,37.836975],[28.550706,37.836987],[28.550551,37.837012],[28.550442,37.836962],[28.550429,37.836944],[28.550432,37.837272],[28.550105,37.837412],[28.549881,37.837461],[28.549824,37.837491],[28.549815,37.837519],[28.549665,37.837777],[28.54963,37.837837],[28.549397,37.838057],[28.549345,37.838367],[28.548895,37.83843],[28.548685,37.838997],[28.548598,37.83911],[28.548368,37.839084],[28.548035,37.839085],[28.547997,37.839096],[28.547813,37.839221],[28.547562,37.839806],[28.54746,37.839796],[28.546637,37.83971],[28.546586,37.839798],[28.546572,37.839822],[28.546526,37.839903],[28.546494,37.839959],[28.54641,37.839949],[28.546207,37.839926],[28.545589,37.839867],[28.545562,37.839943],[28.545531,37.84003],[28.545439,37.840155],[28.545034,37.840709],[28.544999,37.840756],[28.544751,37.841094],[28.543948,37.841212],[28.543895,37.842557],[28.543867,37.842625],[28.543717,37.843028],[28.543679,37.843475],[28.543538,37.843976],[28.544118,37.844155],[28.543995,37.844612],[28.543955,37.844762],[28.543771,37.845448],[28.543464,37.845314],[28.542845,37.845965],[28.541243,37.84685],[28.540648,37.847179],[28.540572,37.847719],[28.5405,37.84823],[28.540478,37.848384],[28.540565,37.848423],[28.541747,37.848951],[28.541692,37.849159],[28.541293,37.849209],[28.540727,37.849279],[28.540855,37.84983],[28.54138,37.849834],[28.541396,37.849862],[28.54151,37.850231],[28.542058,37.8504],[28.542217,37.850449],[28.542536,37.850708],[28.542624,37.850677],[28.542918,37.850793],[28.54342,37.851282],[28.543474,37.851271],[28.544555,37.851061],[28.544583,37.851055],[28.54607,37.851807],[28.546199,37.851959],[28.546454,37.852091],[28.546624,37.852402],[28.546727,37.852498],[28.547145,37.852889],[28.547601,37.853236],[28.547671,37.853289],[28.547761,37.853379],[28.547808,37.853427],[28.547843,37.853461],[28.54784,37.853554],[28.547823,37.854121],[28.547818,37.854292],[28.547817,37.854323],[28.547686,37.85446],[28.547431,37.85447],[28.547399,37.854562],[28.547368,37.854653],[28.54703,37.854687],[28.546859,37.855085],[28.547224,37.855442],[28.547328,37.85556],[28.547551,37.85564],[28.547585,37.855637],[28.548087,37.855606],[28.548491,37.85558],[28.548769,37.855473],[28.549049,37.855361],[28.549331,37.855202],[28.549577,37.855241],[28.549732,37.855232],[28.549587,37.855393],[28.549607,37.855634],[28.54997,37.855436],[28.550082,37.855336],[28.550374,37.855075],[28.550582,37.854989],[28.550618,37.854992],[28.550802,37.854922],[28.550846,37.854905],[28.550986,37.855097],[28.550991,37.855103],[28.551027,37.855153],[28.551117,37.855231],[28.551275,37.855303],[28.55159,37.855404],[28.552254,37.855583],[28.55238,37.855625],[28.552381,37.855656],[28.552283,37.855993],[28.552176,37.856362],[28.552164,37.85644],[28.552117,37.856756],[28.5521,37.856866],[28.552032,37.85732],[28.551819,37.857985],[28.551833,37.858379],[28.551632,37.858613],[28.551568,37.859058],[28.551608,37.859425],[28.55146,37.859996],[28.551073,37.860364],[28.550599,37.860561],[28.550647,37.861505],[28.550693,37.86276],[28.550684,37.862777],[28.550678,37.863131],[28.550384,37.863802],[28.549649,37.864354],[28.549413,37.864856],[28.549305,37.865329],[28.5489,37.866006],[28.548014,37.866627],[28.547941,37.866678],[28.546897,37.867195],[28.546373,37.867543],[28.546356,37.867751],[28.546392,37.867934],[28.546585,37.868063],[28.546332,37.868483],[28.546448,37.86853],[28.547057,37.868778],[28.547642,37.869012],[28.547816,37.869015],[28.548377,37.869274],[28.548595,37.869459],[28.548525,37.869599],[28.548863,37.870188],[28.548966,37.870335],[28.549051,37.870456],[28.549511,37.870831],[28.549614,37.870915],[28.550012,37.871021],[28.550388,37.871233],[28.551004,37.871734],[28.551218,37.871909],[28.551528,37.87204],[28.551792,37.872153],[28.552044,37.872133],[28.552303,37.872301],[28.552322,37.872347],[28.552359,37.872436],[28.552442,37.872636],[28.552462,37.87272],[28.552725,37.87286],[28.55283,37.872788],[28.552951,37.872704],[28.553229,37.872514],[28.553332,37.872503],[28.553532,37.87257],[28.553555,37.872618],[28.553587,37.872683],[28.553634,37.872779],[28.553872,37.872891],[28.55406,37.872776],[28.55436,37.872642],[28.554523,37.872569],[28.554713,37.872492],[28.554847,37.872437],[28.554944,37.872416],[28.55569,37.872254],[28.555698,37.872255],[28.556054,37.872304],[28.556385,37.872349],[28.556593,37.872443],[28.556917,37.872565],[28.557115,37.872685],[28.557287,37.872805],[28.557394,37.872874],[28.557621,37.872967],[28.558203,37.873131],[28.558819,37.873294],[28.559116,37.873347],[28.559643,37.873461],[28.560286,37.873558],[28.56077,37.873621],[28.560734,37.873432],[28.560721,37.873364],[28.560737,37.873259],[28.560767,37.873154],[28.560811,37.873086],[28.560876,37.873023],[28.560962,37.872985],[28.561292,37.872902],[28.561546,37.872879]]]}},{"type":"Feature","properties":{"id":"TR-Y-09-008-M-0033","level":"yerlesim","type":"mahalle","parent_id":"TR-D-09-008","province_id":"TR-P-09","district_id":"TR-D-09-008","name":"Yeniköy","source_raw_name":"Yeniköy","source":"Kullanıcı tarafından sağlanan KML","source_label":"Kullanıcı tarafından sağlanan KML","source_name":"Aydin Mahalle KML - kullanici tarafindan saglandi"},"geometry":{"type":"Polygon","coordinates":[[[28.864575,37.748231],[28.865191,37.745952],[28.865899,37.743674],[28.867394,37.741987],[28.819111,37.731821],[28.818904,37.73168],[28.818627,37.731491],[28.818433,37.731358],[28.817474,37.730702],[28.814838,37.728976],[28.813958,37.728227],[28.81264,37.727107],[28.810056,37.725287],[28.808541,37.724111],[28.807752,37.723498],[28.805827,37.722237],[28.805215,37.721765],[28.805197,37.721751],[28.804582,37.721403],[28.804046,37.720572],[28.80354,37.720508],[28.802948,37.72036],[28.80224,37.719806],[28.801902,37.719319],[28.801394,37.718584],[28.80122,37.718333],[28.801116,37.717907],[28.801072,37.717725],[28.801044,37.717609],[28.800841,37.71677],[28.800818,37.716777],[28.800188,37.716953],[28.800156,37.716962],[28.800116,37.716974],[28.800106,37.716974],[28.798953,37.717573],[28.795961,37.718391],[28.794287,37.718041],[28.794271,37.718026],[28.792857,37.716752],[28.792816,37.716665],[28.79203,37.714995],[28.792028,37.714996],[28.791613,37.715609],[28.791276,37.717317],[28.79111,37.718159],[28.791109,37.718165],[28.791062,37.718406],[28.790987,37.718784],[28.79043,37.720296],[28.790247,37.720484],[28.78956,37.721193],[28.789547,37.721206],[28.789419,37.721394],[28.789419,37.722413],[28.789419,37.722902],[28.789419,37.723216],[28.789419,37.723238],[28.789419,37.723392],[28.789419,37.723718],[28.789419,37.723756],[28.789421,37.723756],[28.78943,37.723759],[28.789456,37.723767],[28.78946,37.723768],[28.789501,37.72378],[28.789503,37.723781],[28.789546,37.723854],[28.789707,37.724132],[28.789765,37.724232],[28.789785,37.724267],[28.790037,37.724702],[28.790122,37.72485],[28.790203,37.725121],[28.79022,37.725181],[28.79048,37.726057],[28.790665,37.72668],[28.791852,37.727814],[28.792004,37.727958],[28.792256,37.72838],[28.792387,37.728597],[28.793327,37.728973],[28.793472,37.729108],[28.794554,37.730123],[28.795225,37.730629],[28.795339,37.730716],[28.79544,37.730792],[28.79581,37.730878],[28.796291,37.731142],[28.796819,37.731759],[28.79713,37.731933],[28.798164,37.732508],[28.80071,37.734587],[28.800755,37.734624],[28.801045,37.73486],[28.801638,37.735961],[28.801655,37.735984],[28.801736,37.736048],[28.801812,37.736109],[28.801527,37.736461],[28.801421,37.736591],[28.801448,37.736614],[28.801559,37.736705],[28.801627,37.736737],[28.801844,37.736916],[28.801965,37.737011],[28.802221,37.737226],[28.802317,37.737309],[28.802376,37.737361],[28.802409,37.737389],[28.802489,37.737459],[28.802774,37.737344],[28.802979,37.737362],[28.803142,37.737554],[28.803437,37.737364],[28.80358,37.737325],[28.803633,37.737307],[28.803865,37.737625],[28.803959,37.737759],[28.804074,37.737892],[28.804231,37.738129],[28.804496,37.738277],[28.805541,37.738982],[28.805676,37.739029],[28.80572,37.739045],[28.805954,37.739515],[28.806018,37.739643],[28.806143,37.740055],[28.806217,37.740301],[28.806276,37.74035],[28.806365,37.740481],[28.806553,37.740638],[28.806635,37.740748],[28.8067,37.740925],[28.806766,37.741342],[28.806412,37.742287],[28.806389,37.742349],[28.806664,37.742432],[28.80675,37.743367],[28.807101,37.74374],[28.807994,37.744688],[28.809611,37.745014],[28.809653,37.745023],[28.810226,37.745258],[28.810489,37.745695],[28.810549,37.745796],[28.810999,37.746543],[28.811091,37.746695],[28.811437,37.746791],[28.811482,37.746803],[28.813219,37.74728],[28.814352,37.747591],[28.814554,37.747647],[28.814909,37.747744],[28.814916,37.747741],[28.815337,37.747579],[28.815599,37.747478],[28.815652,37.747457],[28.815657,37.747455],[28.815945,37.747437],[28.816028,37.747432],[28.81606,37.74743],[28.819378,37.7487],[28.819433,37.748565],[28.819439,37.748551],[28.819467,37.748487],[28.819501,37.748368],[28.819533,37.748372],[28.819529,37.748306],[28.81964,37.748323],[28.820374,37.748433],[28.821934,37.748781],[28.84591,37.762666],[28.847758,37.761234],[28.8483,37.760759],[28.849894,37.75936],[28.851745,37.757706],[28.853471,37.755047],[28.857276,37.754192],[28.860686,37.753399],[28.860687,37.753399],[28.862268,37.751787],[28.864497,37.750832],[28.865321,37.749454],[28.865321,37.749453],[28.864575,37.748231],[28.864575,37.748231]]]}},{"type":"Feature","properties":{"id":"TR-Y-09-008-M-0034","level":"yerlesim","type":"mahalle","parent_id":"TR-D-09-008","province_id":"TR-P-09","district_id":"TR-D-09-008","name":"Yeşilköy","source_raw_name":"Yeşilköy","source":"Kullanıcı tarafından sağlanan KML","source_label":"Kullanıcı tarafından sağlanan KML","source_name":"Aydin Mahalle KML - kullanici tarafindan saglandi"},"geometry":{"type":"Polygon","coordinates":[[[28.739108,37.669319],[28.739392,37.669267],[28.73953,37.669283],[28.739635,37.669291],[28.739707,37.669278],[28.742315,37.668792],[28.742371,37.668612],[28.742572,37.668099],[28.742573,37.668097],[28.742575,37.668092],[28.742604,37.668017],[28.743381,37.66604],[28.743412,37.665961],[28.743413,37.665957],[28.74189,37.664904],[28.741881,37.664898],[28.741878,37.664896],[28.741897,37.664876],[28.743097,37.663579],[28.743355,37.6633],[28.743356,37.663299],[28.743356,37.663297],[28.743142,37.661905],[28.743141,37.6619],[28.743147,37.661899],[28.743944,37.661628],[28.744755,37.661352],[28.745594,37.661611],[28.746458,37.661126],[28.746465,37.661111],[28.747609,37.658563],[28.747615,37.65855],[28.747618,37.658543],[28.74794,37.658252],[28.748167,37.658176],[28.748288,37.658189],[28.748303,37.65819],[28.748303,37.65819],[28.748494,37.658162],[28.748644,37.658041],[28.748646,37.65804],[28.748668,37.658003],[28.74875,37.657866],[28.749228,37.657497],[28.749473,37.657241],[28.749606,37.656443],[28.750097,37.653976],[28.750142,37.653745],[28.750143,37.653742],[28.749923,37.6532],[28.749374,37.652172],[28.749324,37.652078],[28.748581,37.650688],[28.748427,37.650548],[28.74838,37.650265],[28.748379,37.650262],[28.748407,37.650193],[28.748408,37.65019],[28.748015,37.649708],[28.747847,37.649535],[28.747843,37.649531],[28.747846,37.64953],[28.74787,37.649524],[28.74811,37.649491],[28.748204,37.649454],[28.748383,37.649383],[28.748582,37.649255],[28.748618,37.649232],[28.748922,37.649],[28.749122,37.648867],[28.749191,37.648822],[28.749262,37.648775],[28.749328,37.648711],[28.749375,37.648626],[28.749425,37.648496],[28.749513,37.648372],[28.749546,37.648405],[28.749584,37.648425],[28.749605,37.648425],[28.749636,37.648406],[28.749672,37.648379],[28.749736,37.648329],[28.749838,37.64828],[28.749926,37.64827],[28.749999,37.648272],[28.750046,37.648273],[28.750153,37.648274],[28.750199,37.648264],[28.750244,37.648253],[28.750315,37.648226],[28.750364,37.648187],[28.750383,37.648171],[28.750555,37.648098],[28.750569,37.648098],[28.750859,37.648128],[28.75099,37.648142],[28.75107,37.648141],[28.751408,37.648039],[28.751556,37.647998],[28.751644,37.647978],[28.751704,37.647934],[28.75178,37.647865],[28.751842,37.647822],[28.751899,37.647793],[28.751976,37.64775],[28.752017,37.647727],[28.752045,37.647707],[28.752081,37.647681],[28.752106,37.647665],[28.752132,37.647649],[28.752155,37.647626],[28.752181,37.647581],[28.752191,37.647544],[28.752199,37.647476],[28.752219,37.647407],[28.752258,37.647332],[28.752282,37.647265],[28.752298,37.647194],[28.752307,37.647049],[28.752335,37.647019],[28.752389,37.646961],[28.752414,37.646917],[28.752435,37.646862],[28.752456,37.646823],[28.75249,37.646789],[28.752509,37.646771],[28.752572,37.646736],[28.752624,37.646712],[28.752645,37.646679],[28.752673,37.646629],[28.752726,37.646485],[28.752756,37.646403],[28.75279,37.646371],[28.752817,37.646346],[28.752903,37.646302],[28.753116,37.646177],[28.753329,37.646052],[28.753663,37.645991],[28.7539,37.645908],[28.753958,37.645866],[28.754009,37.64583],[28.75407,37.645809],[28.754286,37.645695],[28.754287,37.645695],[28.754488,37.645665],[28.75467,37.645621],[28.75485,37.64554],[28.754963,37.645507],[28.755002,37.645496],[28.755039,37.64547],[28.755062,37.645438],[28.755094,37.645408],[28.755106,37.645401],[28.755132,37.645386],[28.755212,37.645355],[28.755465,37.645282],[28.755558,37.645256],[28.755705,37.645192],[28.755739,37.645169],[28.755793,37.645151],[28.755999,37.645128],[28.756018,37.645138],[28.756162,37.64516],[28.756193,37.645165],[28.756379,37.645199],[28.756437,37.645237],[28.756561,37.645365],[28.756582,37.645387],[28.756843,37.6456],[28.756984,37.645708],[28.757063,37.645736],[28.757306,37.645811],[28.757316,37.645815],[28.757358,37.645855],[28.757421,37.645905],[28.75749,37.645936],[28.757556,37.645951],[28.757654,37.645958],[28.757737,37.645979],[28.757824,37.646019],[28.757934,37.646103],[28.7581,37.646219],[28.758124,37.646224],[28.758136,37.646227],[28.758213,37.646227],[28.758657,37.646171],[28.758798,37.646188],[28.759051,37.646302],[28.759103,37.646319],[28.759108,37.646321],[28.759482,37.646289],[28.759628,37.646322],[28.759826,37.646311],[28.760341,37.646403],[28.760775,37.646525],[28.760973,37.646529],[28.761351,37.646517],[28.761641,37.646641],[28.761931,37.64673],[28.762281,37.646674],[28.762551,37.646685],[28.762835,37.646931],[28.763048,37.647178],[28.76335,37.647402],[28.763472,37.647636],[28.76361,37.647734],[28.763882,37.647837],[28.76418,37.647876],[28.764578,37.64797],[28.764812,37.648017],[28.765384,37.648103],[28.765554,37.648303],[28.76591,37.648799],[28.765976,37.64906],[28.76602,37.649215],[28.76607,37.649315],[28.766133,37.64944],[28.766175,37.649478],[28.766235,37.649507],[28.766322,37.649515],[28.76683,37.649478],[28.766942,37.649467],[28.766956,37.649466],[28.767176,37.649431],[28.767456,37.649528],[28.767616,37.649633],[28.767739,37.649736],[28.767919,37.649479],[28.768154,37.649279],[28.768444,37.649161],[28.768658,37.649009],[28.768812,37.64887],[28.768843,37.648843],[28.76898,37.647938],[28.76898,37.647938],[28.768685,37.644919],[28.768411,37.643663],[28.76825,37.641468],[28.76825,37.641468],[28.769136,37.638539],[28.770414,37.635943],[28.770414,37.635943],[28.770396,37.635945],[28.770286,37.635944],[28.76886,37.635929],[28.763942,37.634787],[28.758264,37.633157],[28.758251,37.63315],[28.758154,37.633122],[28.753912,37.630896],[28.752193,37.630113],[28.747821,37.628121],[28.747431,37.627943],[28.743968,37.626426],[28.739376,37.624415],[28.738534,37.623273],[28.737728,37.621824],[28.736747,37.620161],[28.736592,37.618742],[28.736464,37.615814],[28.736464,37.615813],[28.737242,37.613673],[28.739477,37.61136],[28.741649,37.609282],[28.741653,37.609281],[28.744391,37.608579],[28.747441,37.607987],[28.747845,37.607908],[28.747862,37.607888],[28.748319,37.607335],[28.747252,37.607392],[28.747079,37.607382],[28.744792,37.607248],[28.741617,37.607238],[28.739786,37.60723],[28.738026,37.607223],[28.73503,37.60712],[28.731713,37.60673],[28.731632,37.606699],[28.728116,37.605346],[28.725685,37.604428],[28.725669,37.604422],[28.725659,37.604425],[28.725559,37.604387],[28.723678,37.605018],[28.720336,37.606389],[28.718247,37.606978],[28.715944,37.608049],[28.714136,37.608989],[28.712495,37.610259],[28.711757,37.611101],[28.711269,37.612249],[28.711086,37.612506],[28.709606,37.61459],[28.709863,37.617105],[28.709875,37.617223],[28.709921,37.617666],[28.709935,37.617736],[28.709961,37.617863],[28.709961,37.617863],[28.721629,37.620615],[28.721622,37.620641],[28.721622,37.620641],[28.721626,37.620642],[28.721625,37.620644],[28.721625,37.620644],[28.72216,37.620879],[28.7221,37.621447],[28.7221,37.621447],[28.722121,37.621567],[28.722053,37.621665],[28.719491,37.62388],[28.719152,37.625505],[28.719152,37.625505],[28.718749,37.625806],[28.71818,37.626229],[28.717346,37.626808],[28.717217,37.626911],[28.716546,37.627448],[28.714739,37.628891],[28.714226,37.629198],[28.713441,37.629668],[28.715164,37.632869],[28.715317,37.633153],[28.715329,37.633206],[28.71535,37.6333],[28.715589,37.634345],[28.715609,37.634431],[28.716381,37.637805],[28.716449,37.638132],[28.716778,37.639715],[28.717025,37.640515],[28.718391,37.643444],[28.718331,37.645642],[28.71881,37.647707],[28.718862,37.647933],[28.718911,37.648143],[28.718753,37.653998],[28.719944,37.657912],[28.71984,37.658919],[28.719836,37.658962],[28.719713,37.660162],[28.720931,37.662472],[28.720572,37.663337],[28.719896,37.664961],[28.719921,37.664993],[28.719944,37.665023],[28.724739,37.665226],[28.72585,37.663998],[28.726907,37.662991],[28.728651,37.662548],[28.728674,37.662546],[28.729725,37.662486],[28.729727,37.662489],[28.729732,37.662599],[28.729751,37.663014],[28.730499,37.664662],[28.731428,37.665331],[28.733117,37.666367],[28.733738,37.666846],[28.734003,37.668617],[28.734343,37.668997],[28.734479,37.669166],[28.734563,37.669257],[28.734622,37.66931],[28.73471,37.66939],[28.734749,37.66955],[28.734907,37.669736],[28.734958,37.669797],[28.735042,37.669966],[28.735235,37.670142],[28.735305,37.670206],[28.735616,37.670133],[28.738697,37.669412],[28.738796,37.669387],[28.739108,37.669319]]]}},{"type":"Feature","properties":{"id":"TR-Y-09-008-M-0035","level":"yerlesim","type":"mahalle","parent_id":"TR-D-09-008","province_id":"TR-P-09","district_id":"TR-D-09-008","name":"Yeşilyurt","source_raw_name":"Yeşilyurt","source":"Kullanıcı tarafından sağlanan KML","source_label":"Kullanıcı tarafından sağlanan KML","source_name":"Aydin Mahalle KML - kullanici tarafindan saglandi"},"geometry":{"type":"Polygon","coordinates":[[[28.678291,37.701048],[28.678475,37.701009],[28.678766,37.701312],[28.678801,37.701422],[28.67886,37.701538],[28.678893,37.701656],[28.67898,37.701796],[28.67906,37.70189],[28.679182,37.701955],[28.679335,37.701948],[28.679531,37.701872],[28.679766,37.70177],[28.679944,37.701699],[28.680124,37.701574],[28.680513,37.701419],[28.680611,37.701312],[28.680877,37.701178],[28.68108,37.701022],[28.681234,37.700903],[28.681303,37.700771],[28.681311,37.700633],[28.681182,37.700499],[28.681117,37.700457],[28.680979,37.700339],[28.680867,37.700198],[28.680841,37.700049],[28.680877,37.699971],[28.68104,37.699891],[28.681192,37.699817],[28.681354,37.699785],[28.681563,37.699767],[28.681712,37.699723],[28.681878,37.699581],[28.682036,37.69945],[28.682219,37.699257],[28.682389,37.699153],[28.682604,37.699022],[28.683559,37.699007],[28.683781,37.698997],[28.684368,37.698968],[28.685204,37.698805],[28.68525,37.698708],[28.685408,37.698537],[28.685541,37.698349],[28.685591,37.698158],[28.685655,37.697921],[28.68568,37.697698],[28.685623,37.697561],[28.685544,37.697395],[28.685552,37.697113],[28.68572,37.697007],[28.685967,37.696932],[28.686176,37.69689],[28.68637,37.696857],[28.686489,37.696808],[28.686546,37.696661],[28.686534,37.696495],[28.686508,37.696141],[28.686509,37.695917],[28.686661,37.695743],[28.686916,37.695592],[28.687173,37.69555],[28.687361,37.695638],[28.687639,37.695768],[28.688331,37.695809],[28.689048,37.69556],[28.689258,37.695514],[28.689507,37.695495],[28.689679,37.695472],[28.689863,37.695412],[28.69006,37.695337],[28.690239,37.695267],[28.690336,37.695194],[28.690386,37.695117],[28.690385,37.695095],[28.690481,37.694915],[28.690609,37.694781],[28.690753,37.694695],[28.69087,37.694648],[28.690927,37.694595],[28.69112,37.694502],[28.691368,37.694526],[28.691544,37.69464],[28.691742,37.694818],[28.691856,37.694981],[28.691941,37.695144],[28.691994,37.695328],[28.69212,37.695486],[28.692264,37.69566],[28.692487,37.695784],[28.69276,37.695864],[28.693073,37.69589],[28.693313,37.695909],[28.693516,37.695887],[28.693779,37.695843],[28.694066,37.695784],[28.69431,37.695692],[28.694556,37.69555],[28.694741,37.695402],[28.69498,37.695291],[28.69554,37.695032],[28.695696,37.694746],[28.695777,37.694328],[28.695759,37.693875],[28.695652,37.693441],[28.695509,37.693091],[28.695349,37.69285],[28.695314,37.692797],[28.695165,37.69261],[28.695017,37.692376],[28.695035,37.692176],[28.694976,37.691879],[28.694921,37.691451],[28.694927,37.691245],[28.694887,37.690903],[28.694928,37.690718],[28.695019,37.690624],[28.695139,37.69058],[28.696542,37.688957],[28.697955,37.688435],[28.699587,37.687138],[28.700642,37.686705],[28.701299,37.685175],[28.702954,37.684896],[28.70465,37.684581],[28.705042,37.683921],[28.705416,37.683291],[28.7053,37.682416],[28.70528,37.682259],[28.706431,37.680871],[28.70652,37.680757],[28.706916,37.680255],[28.707078,37.679883],[28.70722,37.679559],[28.707013,37.67847],[28.70773,37.677994],[28.707911,37.677821],[28.708647,37.67759],[28.708605,37.677102],[28.708349,37.676321],[28.708291,37.676137],[28.709298,37.675993],[28.709658,37.675951],[28.710047,37.675839],[28.710228,37.6757],[28.710361,37.675559],[28.710541,37.675272],[28.710624,37.675051],[28.710672,37.675054],[28.711293,37.675101],[28.711666,37.675104],[28.711965,37.675126],[28.712162,37.675124],[28.712586,37.675197],[28.712911,37.675182],[28.713173,37.675144],[28.713144,37.67549],[28.713152,37.675792],[28.713172,37.676129],[28.71318,37.676481],[28.713183,37.676797],[28.713206,37.677098],[28.713231,37.677425],[28.713388,37.677352],[28.713665,37.677213],[28.713881,37.677011],[28.713981,37.676884],[28.714104,37.676818],[28.71441,37.676798],[28.714625,37.676752],[28.714679,37.676735],[28.715075,37.676583],[28.715081,37.676547],[28.71504,37.676414],[28.714923,37.676017],[28.714885,37.675887],[28.714706,37.675463],[28.714669,37.675337],[28.714612,37.675114],[28.716134,37.674855],[28.717451,37.673632],[28.719639,37.673115],[28.720081,37.671959],[28.720314,37.670897],[28.720453,37.670671],[28.721009,37.670499],[28.721077,37.670535],[28.721448,37.670659],[28.721461,37.670632],[28.721912,37.669658],[28.722129,37.66919],[28.723875,37.669629],[28.725481,37.670034],[28.72583,37.669601],[28.727048,37.668087],[28.72897,37.665478],[28.729455,37.664819],[28.730499,37.664662],[28.729751,37.663014],[28.729732,37.662599],[28.729727,37.662489],[28.729725,37.662486],[28.728674,37.662546],[28.728651,37.662548],[28.726907,37.662991],[28.72585,37.663998],[28.724739,37.665226],[28.719944,37.665023],[28.719941,37.66503],[28.719355,37.66515],[28.717216,37.66559],[28.713258,37.665308],[28.711247,37.665127],[28.711742,37.666795],[28.711793,37.66699],[28.711851,37.667166],[28.711855,37.667421],[28.711812,37.667652],[28.711837,37.66782],[28.711888,37.667963],[28.711966,37.668036],[28.712182,37.668174],[28.712285,37.668302],[28.712287,37.668434],[28.712194,37.668655],[28.71214,37.668885],[28.712175,37.669196],[28.71211,37.669342],[28.712029,37.669444],[28.711989,37.669626],[28.711954,37.669745],[28.711876,37.669755],[28.707466,37.670307],[28.702833,37.666891],[28.702366,37.666546],[28.695004,37.661115],[28.694165,37.660118],[28.69366,37.659517],[28.69269,37.658363],[28.692528,37.658171],[28.692156,37.657653],[28.690243,37.655339],[28.690282,37.655224],[28.689335,37.654691],[28.685663,37.654417],[28.684493,37.653507],[28.683544,37.652442],[28.683538,37.651292],[28.684016,37.650562],[28.684424,37.649627],[28.684678,37.649046],[28.684634,37.648133],[28.684349,37.646772],[28.684317,37.646617],[28.684062,37.646365],[28.683527,37.645839],[28.68351,37.645801],[28.683108,37.644912],[28.682979,37.644628],[28.682949,37.644346],[28.682941,37.644267],[28.682898,37.643867],[28.682679,37.643363],[28.682266,37.642906],[28.68209,37.642712],[28.682081,37.642632],[28.682031,37.642218],[28.681785,37.641909],[28.681556,37.641623],[28.681511,37.641565],[28.681391,37.641415],[28.681297,37.641222],[28.681297,37.641222],[28.681245,37.641249],[28.67984,37.642],[28.679724,37.642063],[28.678212,37.64268],[28.6765,37.64386],[28.674935,37.64506],[28.674706,37.645381],[28.674797,37.645592],[28.67518,37.646712],[28.675233,37.646868],[28.675733,37.64797],[28.675793,37.648256],[28.675804,37.648306],[28.675976,37.649125],[28.675953,37.649013],[28.676469,37.651458],[28.675223,37.653495],[28.67575,37.654546],[28.676553,37.659884],[28.677883,37.661171],[28.679499,37.661832],[28.680647,37.661673],[28.681082,37.663564],[28.681082,37.663564],[28.681573,37.665695],[28.681645,37.666008],[28.681756,37.666489],[28.681843,37.66687],[28.681843,37.66687],[28.681692,37.667392],[28.68139,37.668433],[28.681294,37.668766],[28.681294,37.668766],[28.681211,37.669282],[28.681166,37.669566],[28.681147,37.669683],[28.681098,37.669986],[28.681026,37.67044],[28.68094,37.670973],[28.680872,37.671395],[28.68086,37.671473],[28.68085,37.671534],[28.680784,37.671945],[28.68076,37.672094],[28.68076,37.672094],[28.680733,37.672156],[28.680728,37.672168],[28.680115,37.67356],[28.679684,37.674357],[28.679587,37.674728],[28.679352,37.675615],[28.679219,37.67612],[28.679155,37.676219],[28.67898,37.67649],[28.678855,37.676683],[28.677898,37.678165],[28.677561,37.678694],[28.677383,37.678973],[28.677113,37.679397],[28.677113,37.679397],[28.676854,37.679642],[28.676371,37.680101],[28.67607,37.680386],[28.675647,37.680787],[28.675637,37.680799],[28.675487,37.680963],[28.675481,37.680968],[28.675455,37.680992],[28.675411,37.681032],[28.675352,37.681096],[28.674661,37.683255],[28.67464,37.683322],[28.674575,37.683525],[28.67455,37.683602],[28.674026,37.684056],[28.673714,37.684327],[28.673629,37.6844],[28.673021,37.684927],[28.672547,37.685417],[28.672411,37.685558],[28.672348,37.685624],[28.671911,37.686075],[28.671641,37.686355],[28.671641,37.686355],[28.671667,37.686686],[28.671713,37.68728],[28.671717,37.687335],[28.671754,37.687803],[28.671754,37.687803],[28.671602,37.688485],[28.671607,37.688499],[28.671582,37.688602],[28.671575,37.688605],[28.671564,37.688655],[28.671534,37.68879],[28.671505,37.688919],[28.671473,37.68906],[28.671473,37.68906],[28.671133,37.689797],[28.670926,37.690244],[28.670905,37.690252],[28.670716,37.690328],[28.670635,37.690361],[28.670232,37.690523],[28.669712,37.690733],[28.669687,37.690916],[28.669608,37.691478],[28.669512,37.69216],[28.669491,37.692305],[28.669491,37.692306],[28.669487,37.692338],[28.66944,37.692674],[28.669428,37.692753],[28.669241,37.694085],[28.669241,37.694085],[28.669517,37.695068],[28.669562,37.695228],[28.669656,37.695562],[28.669853,37.696264],[28.669853,37.696264],[28.669892,37.696402],[28.669892,37.696402],[28.669928,37.696532],[28.669849,37.696682],[28.669858,37.696695],[28.669963,37.696655],[28.6702,37.696507],[28.670469,37.696282],[28.67067,37.695989],[28.670816,37.69568],[28.670987,37.695459],[28.671091,37.695318],[28.671185,37.695038],[28.67297,37.694954],[28.673693,37.695149],[28.674018,37.695292],[28.674188,37.695373],[28.674204,37.695381],[28.674213,37.695384],[28.674273,37.695406],[28.675284,37.695801],[28.675733,37.696026],[28.676307,37.696395],[28.676469,37.696594],[28.676502,37.696633],[28.677855,37.697131],[28.678096,37.69721],[28.677972,37.697471],[28.677875,37.697776],[28.677853,37.698051],[28.677754,37.698495],[28.677743,37.698629],[28.677845,37.699045],[28.677878,37.699505],[28.677875,37.699517],[28.67787,37.699533],[28.677845,37.699656],[28.677882,37.699851],[28.6778,37.700126],[28.677721,37.700277],[28.677489,37.700454],[28.677335,37.700537],[28.677132,37.700602],[28.676954,37.700695],[28.676825,37.700806],[28.676769,37.700993],[28.676713,37.701194],[28.676652,37.701424],[28.676626,37.701568],[28.676642,37.701748],[28.676675,37.701886],[28.676626,37.702106],[28.676809,37.702249],[28.676956,37.702404],[28.677098,37.702499],[28.677228,37.702527],[28.677348,37.702491],[28.677458,37.702375],[28.677537,37.702271],[28.677688,37.702053],[28.677806,37.701855],[28.677864,37.701736],[28.677908,37.701482],[28.677936,37.701335],[28.678041,37.701215],[28.678252,37.701094],[28.678291,37.701048]]]}},{"type":"Feature","properties":{"id":"TR-Y-09-008-M-0036","level":"yerlesim","type":"mahalle","parent_id":"TR-D-09-008","province_id":"TR-P-09","district_id":"TR-D-09-008","name":"Yolaltı","source_raw_name":"Yolaltı","source":"Kullanıcı tarafından sağlanan KML","source_label":"Kullanıcı tarafından sağlanan KML","source_name":"Aydin Mahalle KML - kullanici tarafindan saglandi"},"geometry":{"type":"Polygon","coordinates":[[[28.606728,37.607405],[28.606906,37.607346],[28.607131,37.607298],[28.607932,37.607165],[28.608071,37.607162],[28.608575,37.607174],[28.609367,37.607251],[28.610124,37.607333],[28.610436,37.607375],[28.611352,37.607311],[28.611422,37.607301],[28.611583,37.607284],[28.611938,37.607157],[28.61274,37.607143],[28.613101,37.607178],[28.613385,37.607113],[28.613669,37.607176],[28.614158,37.607128],[28.614635,37.607013],[28.614906,37.606888],[28.615199,37.606803],[28.615569,37.606787],[28.615588,37.606786],[28.615896,37.606748],[28.616444,37.606797],[28.617038,37.606861],[28.617274,37.606861],[28.61762,37.606918],[28.61797,37.607003],[28.618419,37.606919],[28.618461,37.606912],[28.618614,37.606888],[28.618846,37.606867],[28.618963,37.606856],[28.61932,37.606809],[28.619474,37.606786],[28.619758,37.606746],[28.620062,37.606728],[28.620354,37.606643],[28.620694,37.606522],[28.621016,37.606429],[28.621142,37.606395],[28.62133,37.606344],[28.621584,37.606283],[28.621755,37.606231],[28.621804,37.606219],[28.621964,37.606113],[28.622142,37.606003],[28.622415,37.605952],[28.622855,37.605796],[28.623109,37.605717],[28.623242,37.605675],[28.623385,37.605639],[28.623764,37.60558],[28.62412,37.605501],[28.624629,37.605372],[28.625133,37.605243],[28.625389,37.605164],[28.625801,37.604975],[28.625884,37.604937],[28.626297,37.604659],[28.626555,37.604372],[28.626884,37.60406],[28.627302,37.603875],[28.627742,37.603799],[28.627933,37.603798],[28.628155,37.603728],[28.628228,37.603702],[28.628804,37.60355],[28.629132,37.603405],[28.629352,37.603304],[28.629718,37.603175],[28.629772,37.603109],[28.62977,37.603107],[28.629908,37.602985],[28.630043,37.602865],[28.630201,37.602726],[28.630362,37.602583],[28.630475,37.602482],[28.630516,37.602448],[28.630611,37.602362],[28.630749,37.602241],[28.630885,37.602119],[28.63102,37.601999],[28.631064,37.601959],[28.631161,37.601847],[28.631199,37.601803],[28.631329,37.601678],[28.631505,37.601597],[28.631652,37.601529],[28.631975,37.601381],[28.632238,37.601262],[28.632427,37.60115],[28.632583,37.601047],[28.63271,37.600961],[28.632865,37.600853],[28.633018,37.600747],[28.633171,37.600641],[28.633289,37.600544],[28.633375,37.600458],[28.633432,37.600361],[28.633518,37.600187],[28.633625,37.599959],[28.633726,37.599732],[28.633739,37.599704],[28.633864,37.599581],[28.634034,37.599413],[28.634225,37.599222],[28.634331,37.599117],[28.634416,37.599034],[28.63455,37.598912],[28.634636,37.598835],[28.634822,37.598666],[28.634886,37.598606],[28.63495,37.59854],[28.635094,37.598387],[28.635202,37.598321],[28.635316,37.598262],[28.635458,37.598187],[28.635715,37.598054],[28.635836,37.597961],[28.635959,37.597867],[28.636057,37.597791],[28.636185,37.597702],[28.636325,37.597624],[28.636436,37.597562],[28.636575,37.597484],[28.636696,37.597431],[28.636817,37.59738],[28.637014,37.597341],[28.637147,37.597315],[28.63731,37.597284],[28.637406,37.597254],[28.637552,37.597184],[28.637668,37.597128],[28.63784,37.597044],[28.637952,37.596981],[28.638151,37.596871],[28.638322,37.596782],[28.638466,37.596708],[28.638713,37.596615],[28.638979,37.596562],[28.639246,37.596529],[28.639517,37.596496],[28.639779,37.596434],[28.640139,37.596347],[28.640465,37.59627],[28.640529,37.596247],[28.640617,37.596206],[28.640964,37.595976],[28.641225,37.595803],[28.641253,37.59579],[28.64189,37.595572],[28.642319,37.59558],[28.642062,37.5954],[28.642426,37.595356],[28.642715,37.595277],[28.642966,37.595158],[28.643198,37.595045],[28.643401,37.5949],[28.6436,37.59477],[28.643869,37.594671],[28.644062,37.594605],[28.644255,37.59448],[28.644424,37.594397],[28.644661,37.594254],[28.644868,37.594146],[28.645092,37.593987],[28.645274,37.59384],[28.6453,37.59382],[28.645293,37.593709],[28.64517,37.593516],[28.64511,37.593255],[28.645089,37.593168],[28.644988,37.592951],[28.644869,37.592693],[28.644856,37.592666],[28.644826,37.592498],[28.644826,37.592456],[28.644742,37.592047],[28.644706,37.591937],[28.644636,37.591687],[28.644601,37.591355],[28.64454,37.590851],[28.64449,37.590631],[28.644452,37.59042],[28.644444,37.590224],[28.644478,37.590038],[28.644445,37.589799],[28.644369,37.589572],[28.644362,37.58948],[28.644352,37.58933],[28.644297,37.589135],[28.644267,37.588952],[28.644241,37.588709],[28.644177,37.588485],[28.644149,37.588436],[28.644119,37.588382],[28.644056,37.588268],[28.644007,37.588088],[28.643921,37.587922],[28.643877,37.587671],[28.643776,37.587452],[28.64373,37.587364],[28.643634,37.587349],[28.643613,37.587248],[28.643619,37.586866],[28.643577,37.586491],[28.643488,37.58631],[28.64343,37.586052],[28.643404,37.585686],[28.643355,37.585393],[28.64327,37.585135],[28.64319,37.584986],[28.643017,37.584695],[28.642941,37.584434],[28.642909,37.584132],[28.6429,37.583949],[28.642838,37.583568],[28.642824,37.583235],[28.642793,37.583095],[28.64267,37.582915],[28.642671,37.582762],[28.642665,37.582643],[28.642568,37.582553],[28.642542,37.582504],[28.642504,37.582512],[28.642436,37.582445],[28.64234,37.58229],[28.642188,37.58204],[28.64206,37.581651],[28.641363,37.579644],[28.641294,37.579439],[28.64111,37.579037],[28.64099,37.578782],[28.640827,37.578389],[28.640685,37.578032],[28.640479,37.577658],[28.640361,37.577512],[28.640156,37.57715],[28.639975,37.576782],[28.639695,37.576414],[28.639607,37.576113],[28.639538,37.575845],[28.636915,37.575261],[28.634564,37.576599],[28.633113,37.576866],[28.631448,37.577431],[28.629696,37.578739],[28.629985,37.579947],[28.630279,37.580847],[28.630685,37.581188],[28.63079,37.581341],[28.630894,37.58152],[28.630968,37.581627],[28.631012,37.581695],[28.631109,37.58181],[28.631344,37.582672],[28.631657,37.582676],[28.631511,37.583168],[28.631528,37.583394],[28.631185,37.583608],[28.631002,37.584029],[28.630534,37.584313],[28.63048,37.584353],[28.630434,37.584417],[28.630306,37.584606],[28.630248,37.58461],[28.629927,37.584633],[28.629556,37.584658],[28.629214,37.584702],[28.628845,37.584777],[28.628821,37.58481],[28.628639,37.584849],[28.628536,37.584878],[28.628554,37.585157],[28.628519,37.585428],[28.628515,37.585694],[28.628495,37.585933],[28.628225,37.585957],[28.62809,37.585976],[28.627973,37.58599],[28.627753,37.586053],[28.627476,37.586123],[28.627195,37.586178],[28.626922,37.586244],[28.626606,37.586335],[28.626323,37.586441],[28.626342,37.586783],[28.626394,37.587047],[28.626043,37.587124],[28.625724,37.587212],[28.62537,37.587266],[28.624851,37.587437],[28.624587,37.587515],[28.624514,37.587352],[28.624451,37.587149],[28.624365,37.586873],[28.624126,37.586891],[28.62391,37.586927],[28.623716,37.586776],[28.623607,37.586654],[28.623525,37.586535],[28.62321,37.586608],[28.622846,37.586734],[28.622613,37.586818],[28.622316,37.586987],[28.622097,37.586902],[28.621913,37.586801],[28.621509,37.586543],[28.62123,37.586336],[28.621442,37.586283],[28.621779,37.586216],[28.622189,37.58615],[28.622646,37.586056],[28.622937,37.585998],[28.622917,37.585939],[28.622869,37.585832],[28.62278,37.585667],[28.622755,37.585609],[28.622709,37.585522],[28.622592,37.585299],[28.62245,37.58503],[28.622258,37.584682],[28.621995,37.584735],[28.621796,37.584769],[28.621733,37.584624],[28.621693,37.584542],[28.621676,37.584518],[28.621661,37.584488],[28.621595,37.584321],[28.621511,37.584188],[28.621425,37.583991],[28.621401,37.583557],[28.621386,37.583346],[28.621261,37.583322],[28.621026,37.583307],[28.620948,37.583064],[28.620691,37.583085],[28.620618,37.582864],[28.620539,37.582667],[28.620398,37.582507],[28.620309,37.582406],[28.620223,37.582307],[28.620199,37.58217],[28.620287,37.58196],[28.62043,37.581676],[28.620646,37.581279],[28.620832,37.581015],[28.620984,37.580728],[28.621125,37.580512],[28.621196,37.580342],[28.621302,37.580115],[28.621405,37.579929],[28.621559,37.579651],[28.621773,37.579359],[28.621888,37.579163],[28.621929,37.578994],[28.622114,37.57873],[28.622261,37.578559],[28.622145,37.578509],[28.6222,37.578407],[28.622239,37.577649],[28.622334,37.577686],[28.622254,37.577508],[28.622336,37.577406],[28.621499,37.57667],[28.621342,37.576739],[28.621086,37.577012],[28.620967,37.576867],[28.619396,37.576144],[28.619088,37.576317],[28.618099,37.576291],[28.618091,37.576274],[28.61804,37.576047],[28.617969,37.575648],[28.617888,37.575396],[28.617797,37.575481],[28.617707,37.575506],[28.617258,37.575491],[28.616882,37.575513],[28.616561,37.5755],[28.616412,37.575489],[28.616265,37.575478],[28.616056,37.575438],[28.615984,37.575428],[28.615875,37.575408],[28.615508,37.575345],[28.615234,37.575319],[28.614933,37.575268],[28.61481,37.574628],[28.614553,37.574658],[28.613803,37.574884],[28.613666,37.574872],[28.613414,37.574774],[28.613123,37.574783],[28.612868,37.574788],[28.61107,37.574457],[28.608429,37.574723],[28.608019,37.573792],[28.607494,37.572144],[28.606575,37.570113],[28.605967,37.570073],[28.603636,37.569545],[28.601498,37.570379],[28.600698,37.571942],[28.600703,37.573959],[28.598689,37.575618],[28.597659,37.576002],[28.59614,37.575974],[28.593498,37.576323],[28.590561,37.575774],[28.589383,37.575627],[28.587368,37.575825],[28.584219,37.575718],[28.581761,37.574278],[28.580407,37.573121],[28.57705,37.573388],[28.57601,37.572122],[28.574747,37.570382],[28.572756,37.568615],[28.57155,37.569595],[28.569271,37.572421],[28.566573,37.573548],[28.566078,37.573731],[28.565248,37.573109],[28.566085,37.574819],[28.566388,37.577828],[28.566079,37.57955],[28.566695,37.580142],[28.566769,37.580309],[28.566857,37.580432],[28.567,37.580583],[28.567047,37.580685],[28.567122,37.580845],[28.567245,37.581075],[28.567261,37.581251],[28.567318,37.581478],[28.567367,37.581663],[28.567495,37.581985],[28.567592,37.582248],[28.56769,37.582621],[28.567751,37.582899],[28.567838,37.583087],[28.56793,37.583401],[28.56808,37.583712],[28.568256,37.584001],[28.568475,37.58427],[28.568618,37.584439],[28.568765,37.584589],[28.569879,37.585936],[28.570329,37.587673],[28.570347,37.587801],[28.570394,37.58793],[28.570444,37.588207],[28.570474,37.588311],[28.570575,37.588636],[28.570621,37.588832],[28.570683,37.588976],[28.57083,37.589337],[28.570965,37.589545],[28.571101,37.589613],[28.571479,37.589793],[28.571723,37.589922],[28.571942,37.590006],[28.572177,37.590086],[28.572448,37.590228],[28.572714,37.590357],[28.572879,37.590436],[28.572983,37.590492],[28.57323,37.590601],[28.573517,37.590738],[28.573713,37.59083],[28.574291,37.591035],[28.574403,37.591136],[28.574735,37.591276],[28.574933,37.591434],[28.575047,37.591523],[28.575297,37.591827],[28.575744,37.592245],[28.576269,37.592744],[28.577014,37.593391],[28.577523,37.593725],[28.577952,37.593869],[28.578669,37.594433],[28.579096,37.594705],[28.579243,37.59477],[28.579207,37.594785],[28.579335,37.594883],[28.579551,37.595075],[28.579691,37.595245],[28.580431,37.595872],[28.581491,37.59648],[28.582486,37.597424],[28.582645,37.597533],[28.584141,37.598377],[28.584316,37.598641],[28.584323,37.598686],[28.584338,37.598733],[28.584385,37.598764],[28.584421,37.598802],[28.584374,37.598928],[28.584693,37.599087],[28.584966,37.599193],[28.585282,37.59932],[28.585651,37.59948],[28.585827,37.599623],[28.586517,37.599984],[28.586943,37.600208],[28.586995,37.600239],[28.588032,37.600731],[28.588243,37.600784],[28.588307,37.600855],[28.588464,37.60098],[28.588615,37.601116],[28.588746,37.601216],[28.588847,37.601311],[28.588886,37.601342],[28.588944,37.601334],[28.589026,37.601396],[28.589088,37.601449],[28.589341,37.601694],[28.589477,37.601843],[28.589687,37.601964],[28.589886,37.602073],[28.59006,37.602201],[28.59009,37.602215],[28.590244,37.602307],[28.590514,37.602479],[28.59077,37.602581],[28.591009,37.602706],[28.591228,37.602824],[28.591745,37.603098],[28.592502,37.603422],[28.592884,37.603545],[28.593254,37.603701],[28.593562,37.604027],[28.594063,37.604257],[28.594775,37.604795],[28.594896,37.604848],[28.595073,37.604888],[28.595299,37.604941],[28.595525,37.605017],[28.595749,37.605133],[28.595937,37.60524],[28.596149,37.605373],[28.596304,37.605479],[28.596377,37.605552],[28.596503,37.605643],[28.596691,37.605747],[28.596855,37.605834],[28.597022,37.605946],[28.597189,37.606035],[28.597417,37.606081],[28.597644,37.606119],[28.597797,37.606152],[28.59792,37.606216],[28.598108,37.606291],[28.598228,37.606352],[28.598352,37.606408],[28.598537,37.60651],[28.598715,37.606596],[28.598883,37.606682],[28.598995,37.606788],[28.599113,37.606886],[28.599227,37.606975],[28.599462,37.607014],[28.601001,37.607702],[28.601203,37.607701],[28.601528,37.607665],[28.601658,37.607729],[28.601975,37.607674],[28.602433,37.607619],[28.602619,37.607599],[28.602966,37.607561],[28.603391,37.607494],[28.603974,37.607428],[28.604256,37.607423],[28.604383,37.607474],[28.604408,37.607484],[28.604709,37.607603],[28.605097,37.60773],[28.605302,37.607785],[28.605661,37.607715],[28.60594,37.607624],[28.605991,37.607601],[28.606255,37.607515],[28.606475,37.607459],[28.606728,37.607405]]]}},{"type":"Feature","properties":{"id":"TR-Y-09-008-M-0037","level":"yerlesim","type":"mahalle","parent_id":"TR-D-09-008","province_id":"TR-P-09","district_id":"TR-D-09-008","name":"Yolüstü","source_raw_name":"Yolüstü","source":"Kullanıcı tarafından sağlanan KML","source_label":"Kullanıcı tarafından sağlanan KML","source_name":"Aydin Mahalle KML - kullanici tarafindan saglandi"},"geometry":{"type":"Polygon","coordinates":[[[28.6765,37.64386],[28.678212,37.64268],[28.679724,37.642063],[28.681297,37.641222],[28.681297,37.641222],[28.682027,37.640833],[28.683771,37.63969],[28.687209,37.638883],[28.689478,37.637947],[28.690224,37.637842],[28.691956,37.636081],[28.694844,37.635845],[28.698503,37.635415],[28.699334,37.634987],[28.702514,37.634128],[28.715329,37.633206],[28.715317,37.633153],[28.713441,37.629668],[28.714739,37.628891],[28.717346,37.626808],[28.71818,37.626229],[28.719152,37.625505],[28.719152,37.625505],[28.719491,37.62388],[28.722053,37.621665],[28.722121,37.621567],[28.7221,37.621447],[28.7221,37.621447],[28.72216,37.620879],[28.721625,37.620644],[28.721625,37.620644],[28.721626,37.620642],[28.721622,37.620641],[28.721622,37.620641],[28.721629,37.620615],[28.709961,37.617863],[28.709921,37.617666],[28.709606,37.61459],[28.711086,37.612506],[28.709963,37.61193],[28.70783,37.611067],[28.704547,37.609651],[28.703029,37.609114],[28.700465,37.608656],[28.697955,37.608035],[28.696051,37.607362],[28.693966,37.606443],[28.692712,37.605918],[28.690394,37.605152],[28.690382,37.60515],[28.690284,37.605117],[28.688899,37.604855],[28.687685,37.604696],[28.687309,37.603388],[28.681535,37.598398],[28.676526,37.590882],[28.672663,37.58824],[28.672475,37.588137],[28.672472,37.588137],[28.672288,37.588106],[28.672033,37.588142],[28.671777,37.588147],[28.671709,37.588124],[28.671146,37.587939],[28.670962,37.587889],[28.670751,37.58784],[28.670751,37.587841],[28.670748,37.58784],[28.670623,37.588182],[28.67052,37.588168],[28.670194,37.588207],[28.669872,37.588246],[28.669512,37.588304],[28.669211,37.588359],[28.668916,37.588412],[28.668426,37.588507],[28.668017,37.588598],[28.667964,37.588543],[28.66789,37.588442],[28.667805,37.588341],[28.667557,37.588131],[28.667419,37.58802],[28.667155,37.587824],[28.666884,37.587627],[28.666648,37.587477],[28.6665,37.587362],[28.666498,37.587361],[28.666498,37.587361],[28.666058,37.587314],[28.665946,37.587295],[28.665752,37.586798],[28.665687,37.586544],[28.66558,37.58618],[28.665549,37.585962],[28.665534,37.585682],[28.665531,37.585632],[28.665529,37.585632],[28.665529,37.585632],[28.66435,37.585686],[28.664135,37.585737],[28.663821,37.585788],[28.663563,37.585856],[28.66339,37.58588],[28.663204,37.585928],[28.66234,37.58589],[28.66202,37.585987],[28.661309,37.586098],[28.660923,37.586203],[28.660529,37.586304],[28.660423,37.586203],[28.660126,37.586312],[28.659942,37.586479],[28.659743,37.586597],[28.659555,37.586755],[28.659465,37.586852],[28.659062,37.587037],[28.658708,37.58731],[28.658401,37.587483],[28.658044,37.587656],[28.657792,37.587798],[28.657495,37.58793],[28.657213,37.588034],[28.656805,37.588168],[28.656398,37.588275],[28.656357,37.588243],[28.656451,37.587846],[28.656491,37.587563],[28.656542,37.587343],[28.656547,37.587066],[28.65655,37.586761],[28.65654,37.586645],[28.656523,37.586498],[28.656508,37.586232],[28.656491,37.586064],[28.656466,37.585745],[28.656461,37.585398],[28.656432,37.585045],[28.656313,37.584691],[28.65633,37.584362],[28.656316,37.584205],[28.656306,37.583924],[28.656308,37.583745],[28.656303,37.583274],[28.656316,37.583131],[28.656354,37.582744],[28.656406,37.582451],[28.656425,37.582289],[28.656433,37.582131],[28.656428,37.581962],[28.656413,37.581776],[28.656406,37.581527],[28.656422,37.581311],[28.656433,37.581174],[28.65644,37.580943],[28.656462,37.580734],[28.656518,37.580475],[28.656536,37.580308],[28.6566,37.579991],[28.656658,37.579696],[28.656685,37.579519],[28.656789,37.579101],[28.656786,37.578793],[28.656782,37.578439],[28.656804,37.578104],[28.656807,37.578059],[28.65686,37.577905],[28.656874,37.577642],[28.65681,37.577372],[28.656848,37.577129],[28.656946,37.576708],[28.656938,37.576541],[28.657017,37.576239],[28.657142,37.575953],[28.657218,37.575655],[28.657042,37.575626],[28.656838,37.575611],[28.656786,37.575603],[28.656602,37.575518],[28.655465,37.575512],[28.654295,37.575388],[28.653691,37.575205],[28.653231,37.574895],[28.653209,37.574879],[28.653,37.574717],[28.65257,37.574561],[28.652295,37.574402],[28.6516,37.574052],[28.651331,37.573933],[28.651331,37.573934],[28.651328,37.573933],[28.651346,37.574163],[28.651066,37.57416],[28.650546,37.574096],[28.65049,37.574537],[28.650503,37.574888],[28.650405,37.575097],[28.650142,37.575101],[28.649788,37.57509],[28.649231,37.575042],[28.648957,37.575012],[28.64897,37.574985],[28.648464,37.57492],[28.647831,37.574845],[28.647182,37.574752],[28.646724,37.574705],[28.646706,37.574915],[28.645795,37.575033],[28.645098,37.575047],[28.644469,37.57499],[28.644215,37.574956],[28.644147,37.575171],[28.643989,37.575479],[28.643475,37.575561],[28.643246,37.575462],[28.643487,37.574863],[28.642704,37.574628],[28.642703,37.574628],[28.642701,37.574627],[28.642062,37.575008],[28.641701,37.575212],[28.641283,37.575497],[28.64117,37.575547],[28.641106,37.575569],[28.640961,37.575431],[28.640959,37.575431],[28.640958,37.57543],[28.64044,37.57542],[28.64,37.575646],[28.639536,37.575844],[28.639538,37.575845],[28.639607,37.576113],[28.639695,37.576414],[28.639975,37.576782],[28.640156,37.57715],[28.640361,37.577512],[28.640479,37.577658],[28.640685,37.578032],[28.640827,37.578389],[28.64099,37.578782],[28.64111,37.579037],[28.641294,37.579439],[28.641363,37.579644],[28.64206,37.581651],[28.642188,37.58204],[28.64234,37.58229],[28.642436,37.582445],[28.642504,37.582512],[28.642542,37.582504],[28.642568,37.582553],[28.642665,37.582643],[28.642671,37.582762],[28.64267,37.582915],[28.642793,37.583095],[28.642824,37.583235],[28.642838,37.583568],[28.6429,37.583949],[28.642909,37.584132],[28.642941,37.584434],[28.643017,37.584695],[28.64319,37.584986],[28.64327,37.585135],[28.643355,37.585393],[28.643404,37.585686],[28.64343,37.586052],[28.643488,37.58631],[28.643577,37.586491],[28.643619,37.586866],[28.643613,37.587248],[28.643634,37.587349],[28.64373,37.587364],[28.643776,37.587452],[28.643877,37.587671],[28.643921,37.587922],[28.644007,37.588088],[28.644056,37.588268],[28.644119,37.588382],[28.644149,37.588436],[28.644177,37.588485],[28.644241,37.588709],[28.644267,37.588952],[28.644297,37.589135],[28.644352,37.58933],[28.644362,37.58948],[28.644369,37.589572],[28.644445,37.589799],[28.644478,37.590038],[28.644444,37.590224],[28.644452,37.59042],[28.64449,37.590631],[28.64454,37.590851],[28.644601,37.591355],[28.644636,37.591687],[28.644706,37.591937],[28.644742,37.592047],[28.644826,37.592456],[28.644826,37.592498],[28.644856,37.592666],[28.644869,37.592693],[28.644988,37.592951],[28.645089,37.593168],[28.64511,37.593255],[28.64517,37.593516],[28.645293,37.593709],[28.6453,37.59382],[28.645274,37.59384],[28.645092,37.593987],[28.644868,37.594146],[28.644661,37.594254],[28.644424,37.594397],[28.644255,37.59448],[28.644062,37.594605],[28.643869,37.594671],[28.6436,37.59477],[28.643401,37.5949],[28.643198,37.595045],[28.642966,37.595158],[28.642715,37.595277],[28.642426,37.595356],[28.642062,37.5954],[28.642319,37.59558],[28.64189,37.595572],[28.641253,37.59579],[28.641225,37.595803],[28.640964,37.595976],[28.640617,37.596206],[28.640529,37.596247],[28.640465,37.59627],[28.640139,37.596347],[28.639779,37.596434],[28.639517,37.596496],[28.639246,37.596529],[28.638979,37.596562],[28.638713,37.596615],[28.638466,37.596708],[28.638322,37.596782],[28.638151,37.596871],[28.637952,37.596981],[28.63784,37.597044],[28.637668,37.597128],[28.637552,37.597184],[28.637406,37.597254],[28.63731,37.597284],[28.637147,37.597315],[28.637014,37.597341],[28.636817,37.59738],[28.636696,37.597431],[28.636575,37.597484],[28.636436,37.597562],[28.636325,37.597624],[28.636185,37.597702],[28.636057,37.597791],[28.635959,37.597867],[28.635836,37.597961],[28.635715,37.598054],[28.635458,37.598187],[28.635316,37.598262],[28.635202,37.598321],[28.635094,37.598387],[28.63495,37.59854],[28.634886,37.598606],[28.634822,37.598666],[28.634636,37.598835],[28.63455,37.598912],[28.634416,37.599034],[28.634331,37.599117],[28.634225,37.599222],[28.634034,37.599413],[28.633864,37.599581],[28.633739,37.599704],[28.633726,37.599732],[28.633625,37.599959],[28.633518,37.600187],[28.633432,37.600361],[28.633375,37.600458],[28.633289,37.600544],[28.633171,37.600641],[28.633018,37.600747],[28.632865,37.600853],[28.63271,37.600961],[28.632583,37.601047],[28.632427,37.60115],[28.632238,37.601262],[28.631975,37.601381],[28.631652,37.601529],[28.631505,37.601597],[28.631329,37.601678],[28.631199,37.601803],[28.631161,37.601847],[28.631064,37.601959],[28.63102,37.601999],[28.630885,37.602119],[28.630749,37.602241],[28.630611,37.602362],[28.630516,37.602448],[28.630475,37.602482],[28.630362,37.602583],[28.630201,37.602726],[28.630043,37.602865],[28.629908,37.602985],[28.62977,37.603107],[28.629772,37.603109],[28.629773,37.603107],[28.629837,37.603203],[28.629905,37.603327],[28.629959,37.603427],[28.630026,37.603553],[28.630093,37.603679],[28.630197,37.60391],[28.630301,37.60414],[28.630406,37.604368],[28.630474,37.604521],[28.630522,37.604649],[28.630568,37.604782],[28.630584,37.604887],[28.630616,37.605023],[28.630653,37.605183],[28.630715,37.605393],[28.630762,37.605551],[28.630801,37.605683],[28.630867,37.605865],[28.630987,37.606092],[28.631067,37.606241],[28.631112,37.606345],[28.631165,37.606475],[28.631209,37.606578],[28.631262,37.606707],[28.631304,37.60681],[28.631337,37.606941],[28.631369,37.607046],[28.631387,37.607104],[28.632825,37.610725],[28.633336,37.612014],[28.634865,37.61379],[28.635998,37.615101],[28.636045,37.615131],[28.638137,37.616565],[28.638317,37.61658],[28.638375,37.616586],[28.638505,37.616597],[28.63864,37.616611],[28.63864,37.616611],[28.638642,37.616612],[28.638898,37.616686],[28.639177,37.616784],[28.639426,37.61687],[28.63946,37.616877],[28.639658,37.616913],[28.639855,37.616949],[28.640021,37.616974],[28.640024,37.616975],[28.640258,37.617012],[28.64052,37.617068],[28.640848,37.617139],[28.641145,37.617186],[28.641443,37.617231],[28.641776,37.617283],[28.641777,37.617283],[28.641779,37.617283],[28.641906,37.617319],[28.64213,37.617383],[28.642274,37.617457],[28.642462,37.617573],[28.642568,37.617639],[28.642743,37.617765],[28.642908,37.61786],[28.643062,37.61792],[28.643155,37.617952],[28.643341,37.618017],[28.64349,37.618082],[28.643674,37.618169],[28.643899,37.6183],[28.644101,37.618417],[28.644335,37.618553],[28.644451,37.61862],[28.644624,37.618721],[28.644714,37.618774],[28.644919,37.618856],[28.645133,37.618938],[28.645351,37.619016],[28.645611,37.619073],[28.645742,37.619115],[28.645839,37.619134],[28.645977,37.619141],[28.646145,37.619142],[28.646352,37.619145],[28.646723,37.619187],[28.646926,37.619205],[28.6472,37.619206],[28.647467,37.619209],[28.647743,37.61921],[28.648015,37.619209],[28.64822,37.619205],[28.648591,37.61922],[28.648896,37.619234],[28.649204,37.619214],[28.649371,37.619203],[28.649547,37.619204],[28.649715,37.619191],[28.649887,37.619193],[28.65016,37.619197],[28.650231,37.6192],[28.65057,37.619214],[28.650772,37.619212],[28.651081,37.619215],[28.651317,37.619198],[28.651584,37.619171],[28.651787,37.619151],[28.651948,37.619103],[28.652043,37.619075],[28.652231,37.619016],[28.652527,37.618943],[28.652815,37.618869],[28.653104,37.618793],[28.653394,37.618716],[28.653754,37.618634],[28.654073,37.618548],[28.654299,37.618488],[28.654568,37.618369],[28.654703,37.618289],[28.654818,37.618231],[28.654825,37.618229],[28.654949,37.617978],[28.655347,37.617887],[28.655343,37.617852],[28.655317,37.617692],[28.655294,37.617559],[28.655243,37.617291],[28.655213,37.617075],[28.655189,37.616912],[28.655158,37.616697],[28.655105,37.616429],[28.655062,37.616187],[28.655017,37.615892],[28.654973,37.615679],[28.654937,37.615466],[28.654921,37.615357],[28.654899,37.615171],[28.654882,37.615061],[28.654865,37.614954],[28.654827,37.614742],[28.654783,37.614528],[28.654751,37.614341],[28.654707,37.614074],[28.654662,37.613803],[28.654617,37.613536],[28.65458,37.61332],[28.654549,37.613133],[28.654503,37.612867],[28.654466,37.612653],[28.654441,37.612494],[28.654405,37.612252],[28.654367,37.612011],[28.654328,37.611768],[28.654284,37.611502],[28.654563,37.611444],[28.65476,37.611403],[28.654923,37.611361],[28.655117,37.611311],[28.655312,37.611261],[28.655503,37.611209],[28.655795,37.611127],[28.655985,37.611072],[28.656209,37.611008],[28.656402,37.610954],[28.656596,37.610898],[28.65679,37.610847],[28.657049,37.61078],[28.657178,37.610746],[28.657404,37.610689],[28.657664,37.610624],[28.657921,37.610559],[28.658113,37.610505],[28.658305,37.610451],[28.658533,37.610392],[28.660392,37.609966],[28.660446,37.609959],[28.660415,37.60979],[28.660352,37.60942],[28.660263,37.608983],[28.661956,37.609298],[28.663815,37.610154],[28.666735,37.610979],[28.668917,37.612037],[28.669548,37.612304],[28.672101,37.612782],[28.675736,37.613668],[28.676791,37.6141],[28.679643,37.615197],[28.681601,37.616419],[28.681567,37.617625],[28.681671,37.620606],[28.680024,37.623084],[28.679118,37.625786],[28.678229,37.62726],[28.678129,37.629356],[28.67881,37.629841],[28.679008,37.630272],[28.678605,37.630613],[28.678804,37.631124],[28.678939,37.633337],[28.680166,37.634408],[28.681972,37.636071],[28.681327,37.638869],[28.681327,37.638869],[28.679062,37.640349],[28.67621,37.64238],[28.675866,37.642592],[28.674257,37.643248],[28.673677,37.64286],[28.672724,37.642685],[28.670984,37.64297],[28.670984,37.64297],[28.669473,37.643218],[28.666513,37.644698],[28.666319,37.644855],[28.665758,37.645308],[28.665599,37.645408],[28.664983,37.645723],[28.664814,37.64581],[28.665672,37.645853],[28.668398,37.646924],[28.669538,37.6478],[28.671844,37.648786],[28.672968,37.648299],[28.675732,37.64797],[28.675733,37.64797],[28.675233,37.646868],[28.674797,37.645592],[28.674706,37.645381],[28.674935,37.64506],[28.6765,37.64386]]]}},{"type":"Feature","properties":{"id":"TR-Y-09-008-M-SRC-GORLE","level":"yerlesim","type":"mahalle","parent_id":"TR-D-09-008","province_id":"TR-P-09","district_id":"TR-D-09-008","name":"Görle","source_raw_name":"Görle","source":"Kullanıcı tarafından sağlanan KML","source_label":"Kullanıcı tarafından sağlanan KML","source_name":"Aydin Mahalle KML - kullanici tarafindan saglandi","source_only":true},"geometry":{"type":"Polygon","coordinates":[[[28.634564,37.576599],[28.636915,37.575261],[28.639536,37.575844],[28.64,37.575646],[28.64044,37.57542],[28.640958,37.57543],[28.640959,37.575431],[28.640961,37.575431],[28.641106,37.575569],[28.64117,37.575547],[28.641283,37.575497],[28.641701,37.575212],[28.642062,37.575008],[28.642701,37.574627],[28.642703,37.574628],[28.642704,37.574628],[28.643487,37.574863],[28.643246,37.575462],[28.643475,37.575561],[28.643989,37.575479],[28.644147,37.575171],[28.644215,37.574956],[28.644469,37.57499],[28.645098,37.575047],[28.645795,37.575033],[28.646706,37.574915],[28.646724,37.574705],[28.647182,37.574752],[28.647831,37.574845],[28.648464,37.57492],[28.64897,37.574985],[28.648957,37.575012],[28.649231,37.575042],[28.649788,37.57509],[28.650142,37.575101],[28.650405,37.575097],[28.650503,37.574888],[28.65049,37.574537],[28.650546,37.574096],[28.651066,37.57416],[28.651346,37.574163],[28.651328,37.573933],[28.651331,37.573934],[28.651331,37.573933],[28.651306,37.573892],[28.651281,37.573732],[28.651564,37.57376],[28.65204,37.57383],[28.652307,37.573862],[28.652522,37.573875],[28.652757,37.573867],[28.653002,37.573817],[28.653218,37.573849],[28.653555,37.57386],[28.65373,37.573855],[28.65394,37.573855],[28.654182,37.573846],[28.654451,37.573861],[28.654408,37.573799],[28.654406,37.573721],[28.654399,37.57352],[28.654655,37.573551],[28.656188,37.573622],[28.657349,37.573729],[28.6576,37.573748],[28.657628,37.573567],[28.657671,37.573404],[28.657719,37.573224],[28.657729,37.573051],[28.657738,37.572973],[28.657769,37.572846],[28.65778,37.572743],[28.657791,37.572682],[28.657813,37.572691],[28.657957,37.572716],[28.65815,37.57272],[28.658368,37.57271],[28.658584,37.572757],[28.658798,37.572814],[28.658927,37.57285],[28.659038,37.572886],[28.65914,37.572923],[28.65921,37.572963],[28.659297,37.572989],[28.659399,37.573065],[28.659767,37.572531],[28.659749,37.572457],[28.659944,37.571942],[28.660108,37.571999],[28.660333,37.572061],[28.660574,37.572145],[28.660785,37.571842],[28.660871,37.571547],[28.661294,37.571579],[28.661624,37.571614],[28.661729,37.571629],[28.661913,37.571652],[28.662117,37.571702],[28.662239,37.571722],[28.662426,37.571751],[28.662587,37.571771],[28.663032,37.571812],[28.663674,37.571886],[28.664326,37.571969],[28.66442,37.571915],[28.664198,37.57137],[28.664076,37.571077],[28.664022,37.570887],[28.66455,37.571006],[28.664763,37.571033],[28.66539,37.571099],[28.665559,37.571109],[28.665624,37.571084],[28.665635,37.571117],[28.665697,37.57127],[28.665824,37.571516],[28.665959,37.571718],[28.666133,37.571941],[28.666366,37.57176],[28.666335,37.571726],[28.666531,37.571567],[28.666786,37.571368],[28.666959,37.571255],[28.667327,37.571047],[28.667791,37.570742],[28.668059,37.570535],[28.668238,37.570675],[28.668408,37.570879],[28.668575,37.571038],[28.66873,37.57117],[28.66892,37.571344],[28.669063,37.571465],[28.669249,37.571612],[28.669168,37.571769],[28.669082,37.571944],[28.669017,37.572112],[28.668948,37.572312],[28.668904,37.572477],[28.669068,37.572497],[28.669061,37.572645],[28.669051,37.572879],[28.668811,37.57285],[28.6688,37.572922],[28.66881,37.573057],[28.668831,37.573211],[28.668775,37.573319],[28.668679,37.57343],[28.668729,37.573478],[28.668868,37.573678],[28.669033,37.573924],[28.669178,37.57412],[28.669372,37.574301],[28.669528,37.574424],[28.669572,37.57448],[28.669761,37.574544],[28.669803,37.574557],[28.670042,37.574605],[28.670253,37.574513],[28.670363,37.574482],[28.670403,37.574375],[28.679098,37.572708],[28.680678,37.571657],[28.681595,37.571082],[28.682879,37.569836],[28.683808,37.568585],[28.685107,37.567184],[28.686209,37.565835],[28.687196,37.5639],[28.686808,37.560488],[28.686358,37.558026],[28.686358,37.558025],[28.686342,37.555632],[28.686002,37.554112],[28.684908,37.551743],[28.683919,37.549877],[28.683638,37.548878],[28.683182,37.546781],[28.682947,37.545143],[28.682107,37.540731],[28.681039,37.537494],[28.679637,37.534363],[28.678718,37.532535],[28.678502,37.532187],[28.677268,37.53326],[28.675495,37.53381],[28.670704,37.535311],[28.665134,37.537752],[28.659522,37.539851],[28.657321,37.540357],[28.655396,37.541398],[28.654401,37.541793],[28.654004,37.541951],[28.651716,37.542001],[28.644943,37.542378],[28.639739,37.542963],[28.635879,37.542957],[28.63078,37.542973],[28.627925,37.542788],[28.625639,37.542724],[28.625068,37.542796],[28.625556,37.544867],[28.625116,37.547715],[28.625118,37.548278],[28.62504,37.54979],[28.625805,37.550747],[28.625926,37.551127],[28.626126,37.551464],[28.625931,37.551984],[28.62593,37.552151],[28.625891,37.552158],[28.625868,37.552146],[28.625865,37.552428],[28.625979,37.552445],[28.626199,37.552478],[28.626564,37.552638],[28.626873,37.552734],[28.627287,37.55283],[28.627426,37.55283],[28.627584,37.552798],[28.62775,37.552782],[28.62789,37.552991],[28.627869,37.553057],[28.627992,37.553121],[28.628055,37.553179],[28.628201,37.553327],[28.628318,37.553528],[28.628102,37.553712],[28.628191,37.553825],[28.628038,37.553998],[28.627839,37.553933],[28.627775,37.553917],[28.627787,37.554045],[28.627774,37.55406],[28.627872,37.554232],[28.627753,37.554383],[28.627615,37.554526],[28.6275,37.554659],[28.627681,37.554833],[28.627725,37.554866],[28.627725,37.554871],[28.627711,37.55492],[28.627697,37.554941],[28.627659,37.554999],[28.627647,37.555018],[28.62755,37.555173],[28.627498,37.555308],[28.627476,37.555512],[28.627494,37.555516],[28.627513,37.555828],[28.627512,37.555846],[28.62751,37.555852],[28.627256,37.55658],[28.62702,37.5566],[28.626556,37.556681],[28.6264,37.557218],[28.626377,37.557298],[28.626027,37.558508],[28.626951,37.560914],[28.627918,37.563502],[28.628486,37.564967],[28.62891,37.565065],[28.629069,37.565608],[28.629195,37.566684],[28.628234,37.567312],[28.628286,37.568841],[28.62882,37.571047],[28.627783,37.572286],[28.627732,37.57279],[28.628792,37.575268],[28.628793,37.57546],[28.628943,37.575522],[28.629349,37.576439],[28.629489,37.577876],[28.629696,37.578739],[28.631448,37.577431],[28.633113,37.576866],[28.634564,37.576599]]]}}]}