{"type":"FeatureCollection","name":"turkiye_map.dist.mahalle_geometrileri_by_district.TR-D-52-017","features":[{"type":"Feature","properties":{"id":"TR-Y-52-017-M-0001","level":"yerlesim","type":"mahalle","parent_id":"TR-D-52-017","province_id":"TR-P-52","district_id":"TR-D-52-017","name":"Alınca","source_raw_name":"ALINCA","source":"Kamuya açık veri ve kent rehberi servisleri","source_label":"Kamuya açık veri ve kent rehberi servisleri","source_name":"Ordu Büyükşehir Belediyesi Akıllı Şehir Açık Veri Platformu - Mahalleler"},"geometry":{"type":"MultiPolygon","coordinates":[[[[37.788952,41.048246],[37.789123,41.048109],[37.789421,41.047987],[37.789557,41.047907],[37.789594,41.047859],[37.78962,41.047837],[37.789734,41.047731],[37.789887,41.04746],[37.789938,41.047398],[37.790368,41.047085],[37.790384,41.047087],[37.790549,41.047091],[37.790668,41.047049],[37.790845,41.047096],[37.790987,41.047008],[37.791041,41.046925],[37.791146,41.046836],[37.791266,41.046864],[37.79138,41.046794],[37.791433,41.046657],[37.791577,41.046479],[37.791858,41.046301],[37.792082,41.046243],[37.792104,41.046235],[37.792247,41.046186],[37.792472,41.046085],[37.792499,41.046034],[37.792436,41.045983],[37.792344,41.045883],[37.792394,41.045767],[37.792503,41.045738],[37.792587,41.045706],[37.792949,41.045765],[37.793201,41.045649],[37.793265,41.045565],[37.793402,41.045544],[37.793494,41.045474],[37.793346,41.045297],[37.79331,41.045143],[37.793365,41.045031],[37.793586,41.044844],[37.793612,41.044827],[37.793906,41.044619],[37.793967,41.044576],[37.794002,41.044452],[37.794099,41.0444],[37.794179,41.044337],[37.79436,41.044321],[37.794619,41.044196],[37.794815,41.04407],[37.795076,41.043863],[37.795487,41.043583],[37.795663,41.043464],[37.796071,41.043239],[37.796238,41.043191],[37.796443,41.043038],[37.796541,41.04291],[37.796638,41.042824],[37.796735,41.04274],[37.796844,41.042663],[37.796942,41.042645],[37.797091,41.04255],[37.797185,41.042406],[37.797395,41.04226],[37.797547,41.0422],[37.797565,41.042178],[37.797081,41.042035],[37.796919,41.041668],[37.796626,41.041527],[37.7966,41.041404],[37.796483,41.041248],[37.796223,41.041046],[37.796283,41.040962],[37.796405,41.040856],[37.796216,41.04081],[37.796107,41.040766],[37.79602,41.04073],[37.795942,41.040702],[37.795768,41.040672],[37.795575,41.04065],[37.795483,41.040635],[37.795426,41.040621],[37.795342,41.040592],[37.795322,41.04056],[37.79529,41.040516],[37.795269,41.040494],[37.795235,41.040483],[37.795123,41.040485],[37.795027,41.040492],[37.79496,41.040484],[37.794918,41.040475],[37.794879,41.040451],[37.794681,41.040326],[37.794645,41.040316],[37.794359,41.040286],[37.794276,41.040267],[37.794046,41.040149],[37.793983,41.040121],[37.793834,41.040101],[37.793726,41.040083],[37.793602,41.040057],[37.793473,41.040019],[37.793373,41.03999],[37.793317,41.03997],[37.793258,41.03993],[37.793155,41.039865],[37.793115,41.039854],[37.79295,41.039834],[37.792797,41.039826],[37.792744,41.039808],[37.792691,41.039739],[37.792644,41.03968],[37.79261,41.03966],[37.792571,41.03965],[37.792483,41.039627],[37.792445,41.039609],[37.792408,41.039578],[37.792318,41.039492],[37.79228,41.039461],[37.792198,41.039426],[37.792127,41.039379],[37.792109,41.039356],[37.792102,41.039352],[37.792101,41.039332],[37.792054,41.039081],[37.792036,41.039039],[37.791973,41.038927],[37.791934,41.03885],[37.791886,41.038769],[37.791874,41.038723],[37.791845,41.038614],[37.791836,41.038575],[37.791815,41.038514],[37.791792,41.038481],[37.791758,41.038462],[37.791724,41.038448],[37.79162,41.038405],[37.791544,41.038375],[37.791492,41.038355],[37.791449,41.03834],[37.79142,41.038316],[37.791394,41.038274],[37.791389,41.038243],[37.791384,41.038216],[37.791372,41.038184],[37.791365,41.03816],[37.791354,41.038147],[37.791332,41.038135],[37.791249,41.038096],[37.791237,41.038081],[37.791233,41.038072],[37.791187,41.037995],[37.791163,41.037969],[37.791102,41.03795],[37.791075,41.037938],[37.791038,41.037924],[37.791021,41.037914],[37.791017,41.037902],[37.791004,41.03788],[37.790984,41.037844],[37.790917,41.037766],[37.790849,41.03771],[37.790815,41.037683],[37.790732,41.037624],[37.790706,41.037606],[37.79068,41.037594],[37.790621,41.037569],[37.790522,41.037526],[37.790422,41.037485],[37.790387,41.037471],[37.790357,41.037462],[37.790205,41.037434],[37.790116,41.037429],[37.790016,41.037422],[37.789921,41.037419],[37.789856,41.037412],[37.789767,41.037401],[37.789681,41.03738],[37.789472,41.037315],[37.789372,41.03727],[37.789351,41.037257],[37.789305,41.037227],[37.78928,41.037207],[37.789277,41.037191],[37.789254,41.037128],[37.789241,41.037099],[37.789231,41.037079],[37.789221,41.03706],[37.789176,41.037032],[37.789086,41.037007],[37.788977,41.036987],[37.788894,41.036969],[37.788844,41.036958],[37.78882,41.03695],[37.788793,41.036935],[37.788758,41.036914],[37.788693,41.036851],[37.788654,41.036834],[37.788608,41.036828],[37.788561,41.036826],[37.788496,41.036825],[37.788448,41.03682],[37.788417,41.036809],[37.788402,41.036798],[37.788242,41.036668],[37.788214,41.036638],[37.788171,41.036613],[37.788125,41.036601],[37.78808,41.036596],[37.788062,41.036595],[37.787972,41.036651],[37.787953,41.036645],[37.787971,41.036568],[37.787963,41.036531],[37.787943,41.03649],[37.787932,41.036454],[37.787909,41.036395],[37.787899,41.036376],[37.787882,41.036361],[37.787846,41.036346],[37.787741,41.036334],[37.787688,41.036329],[37.787644,41.036324],[37.787603,41.036318],[37.787487,41.036308],[37.78739,41.036301],[37.787341,41.036296],[37.787318,41.03629],[37.787281,41.036276],[37.787254,41.036264],[37.787221,41.036259],[37.787183,41.036266],[37.787129,41.036287],[37.787096,41.036303],[37.787058,41.036315],[37.787023,41.036313],[37.786928,41.036302],[37.786878,41.036296],[37.786845,41.03628],[37.78682,41.03627],[37.786763,41.036249],[37.786721,41.036243],[37.786651,41.036245],[37.786583,41.036259],[37.786466,41.036279],[37.786408,41.036293],[37.786369,41.036299],[37.786268,41.036306],[37.786156,41.036331],[37.786092,41.03635],[37.786038,41.036359],[37.785979,41.036368],[37.785904,41.03637],[37.785729,41.036375],[37.785638,41.036394],[37.785551,41.036412],[37.785495,41.036421],[37.785384,41.036445],[37.785326,41.036481],[37.785283,41.036523],[37.785224,41.036556],[37.785163,41.036567],[37.785025,41.036572],[37.784909,41.03657],[37.784787,41.036571],[37.784719,41.03657],[37.78462,41.036572],[37.784469,41.036599],[37.784399,41.036622],[37.784278,41.036647],[37.784225,41.036659],[37.784184,41.036664],[37.78415,41.03667],[37.784128,41.036671],[37.784038,41.036694],[37.783931,41.036628],[37.78384,41.036591],[37.783796,41.036589],[37.783707,41.036599],[37.783636,41.036606],[37.783611,41.0366],[37.783573,41.036588],[37.783513,41.03656],[37.783445,41.036518],[37.783401,41.036493],[37.783363,41.036467],[37.783334,41.036448],[37.78332,41.036434],[37.783314,41.036423],[37.783309,41.036413],[37.783272,41.036355],[37.783255,41.036324],[37.783233,41.036298],[37.783206,41.036264],[37.783165,41.036207],[37.783125,41.036167],[37.7831,41.036145],[37.783057,41.036119],[37.782923,41.036077],[37.782876,41.036063],[37.782818,41.036051],[37.782783,41.03605],[37.782722,41.036056],[37.782638,41.036078],[37.782592,41.036085],[37.782549,41.036083],[37.782526,41.036073],[37.782495,41.036055],[37.782448,41.03602],[37.782426,41.036003],[37.782404,41.035993],[37.782364,41.035988],[37.78229,41.035978],[37.782203,41.03597],[37.782154,41.035967],[37.782127,41.035963],[37.782093,41.035958],[37.78206,41.035952],[37.782024,41.035946],[37.781992,41.035939],[37.781932,41.036045],[37.781674,41.036208],[37.781335,41.03639],[37.781298,41.036411],[37.781105,41.03648],[37.780721,41.036644],[37.780801,41.03676],[37.78082,41.036965],[37.780821,41.037005],[37.780746,41.037294],[37.78083,41.037403],[37.781059,41.03749],[37.78158,41.037487],[37.781825,41.037571],[37.781958,41.037709],[37.781954,41.037863],[37.781849,41.037899],[37.781753,41.037943],[37.78162,41.03813],[37.781577,41.038234],[37.781528,41.038372],[37.781424,41.038429],[37.781256,41.038586],[37.78108,41.038547],[37.780973,41.038621],[37.780868,41.03859],[37.780688,41.038495],[37.780272,41.038344],[37.78016,41.038612],[37.780119,41.038685],[37.78009,41.038809],[37.78012,41.038909],[37.780089,41.03913],[37.780173,41.039312],[37.780159,41.039337],[37.780057,41.039577],[37.779991,41.039712],[37.779833,41.039774],[37.779583,41.039856],[37.779395,41.039803],[37.779256,41.039817],[37.779021,41.039724],[37.779097,41.040089],[37.779028,41.04021],[37.779116,41.040591],[37.779243,41.04089],[37.779302,41.041026],[37.779354,41.041026],[37.779409,41.041026],[37.779377,41.04117],[37.779444,41.041083],[37.779535,41.041087],[37.77978,41.041209],[37.780051,41.041168],[37.780398,41.041215],[37.780557,41.041182],[37.780643,41.041251],[37.780863,41.041478],[37.780881,41.041462],[37.781056,41.041596],[37.781469,41.041825],[37.781476,41.04183],[37.781782,41.042017],[37.782293,41.042304],[37.782341,41.042564],[37.78235,41.042572],[37.78235,41.042572],[37.782375,41.042615],[37.782622,41.042744],[37.782719,41.042706],[37.782885,41.042704],[37.783039,41.042769],[37.783059,41.042821],[37.783122,41.043],[37.783208,41.043171],[37.783193,41.043413],[37.783508,41.043733],[37.783752,41.044068],[37.783918,41.044157],[37.78379,41.044684],[37.783791,41.044775],[37.783831,41.044875],[37.78396,41.045075],[37.783959,41.045086],[37.783835,41.045457],[37.783712,41.045582],[37.783732,41.045667],[37.783733,41.04585],[37.783809,41.045991],[37.783833,41.046068],[37.78398,41.0463],[37.784119,41.046475],[37.784142,41.046573],[37.784182,41.0466],[37.784321,41.046669],[37.784562,41.046736],[37.784752,41.046852],[37.784899,41.046943],[37.78496,41.047041],[37.784987,41.047089],[37.785085,41.047222],[37.785559,41.047446],[37.785606,41.047559],[37.785752,41.047796],[37.786121,41.048001],[37.786267,41.048163],[37.786301,41.048154],[37.786523,41.048224],[37.7866,41.048261],[37.786726,41.0483],[37.786839,41.048527],[37.787111,41.04871],[37.78728,41.048803],[37.787496,41.049183],[37.787894,41.048925],[37.788062,41.048828],[37.788203,41.048774],[37.788402,41.048601],[37.788655,41.048339],[37.788952,41.048246]]]]}},{"type":"Feature","properties":{"id":"TR-Y-52-017-M-0002","level":"yerlesim","type":"mahalle","parent_id":"TR-D-52-017","province_id":"TR-P-52","district_id":"TR-D-52-017","name":"Anaç","source_raw_name":"ANAÇ","source":"Kamuya açık veri ve kent rehberi servisleri","source_label":"Kamuya açık veri ve kent rehberi servisleri","source_name":"Ordu Büyükşehir Belediyesi Akıllı Şehir Açık Veri Platformu - Mahalleler"},"geometry":{"type":"MultiPolygon","coordinates":[[[[37.725811,41.053811],[37.72584,41.05379],[37.726037,41.053969],[37.726237,41.054054],[37.726627,41.054063],[37.72674,41.054013],[37.726803,41.053932],[37.726953,41.053885],[37.727057,41.053796],[37.727173,41.053621],[37.727459,41.053794],[37.727799,41.054012],[37.727705,41.053588],[37.728046,41.053587],[37.728313,41.053574],[37.728453,41.053609],[37.728613,41.053745],[37.72907,41.053905],[37.729245,41.053935],[37.729376,41.05395],[37.729464,41.053994],[37.729784,41.053843],[37.730141,41.053886],[37.730523,41.053576],[37.730544,41.053441],[37.730519,41.053258],[37.730565,41.053078],[37.730933,41.052875],[37.730955,41.052864],[37.731064,41.052701],[37.731381,41.052224],[37.731431,41.052116],[37.731636,41.051672],[37.731535,41.05166],[37.731565,41.051342],[37.731695,41.051053],[37.731861,41.050994],[37.732101,41.050957],[37.732251,41.050683],[37.732365,41.050634],[37.732591,41.05048],[37.732834,41.050233],[37.732909,41.050215],[37.732849,41.050098],[37.73294,41.049994],[37.733175,41.049837],[37.733529,41.049304],[37.733702,41.049089],[37.733723,41.04905],[37.733898,41.048723],[37.733995,41.04864],[37.734198,41.048533],[37.734652,41.048444],[37.734995,41.048078],[37.735022,41.048023],[37.735918,41.048002],[37.736372,41.047928],[37.737122,41.047668],[37.737317,41.047547],[37.737405,41.047486],[37.737809,41.047063],[37.738378,41.046741],[37.738442,41.046706],[37.738398,41.046644],[37.738389,41.046633],[37.73822,41.046691],[37.737983,41.046486],[37.73731,41.045957],[37.736712,41.045682],[37.7367,41.045733],[37.736739,41.045805],[37.736675,41.045853],[37.736605,41.045844],[37.736475,41.04581],[37.736358,41.045802],[37.736268,41.045811],[37.736216,41.045833],[37.73618,41.045836],[37.73613,41.045823],[37.735979,41.045764],[37.735866,41.045738],[37.735792,41.045747],[37.735536,41.045711],[37.735472,41.045678],[37.735368,41.045654],[37.735321,41.045681],[37.735136,41.045696],[37.734922,41.045735],[37.734782,41.045786],[37.734693,41.045815],[37.734495,41.045908],[37.734396,41.045926],[37.734266,41.045871],[37.734187,41.045913],[37.734025,41.045795],[37.733927,41.045686],[37.733758,41.045637],[37.733374,41.045589],[37.733293,41.045493],[37.732937,41.045341],[37.732796,41.045325],[37.732605,41.04525],[37.732455,41.045178],[37.7323,41.045219],[37.73214,41.045257],[37.731836,41.045252],[37.731722,41.045227],[37.731497,41.045131],[37.731273,41.045124],[37.731112,41.045095],[37.730918,41.04511],[37.730556,41.044953],[37.730131,41.044653],[37.729693,41.044558],[37.729567,41.044519],[37.729488,41.044459],[37.729141,41.044205],[37.729054,41.044124],[37.728939,41.043971],[37.728744,41.043914],[37.728525,41.0438],[37.728344,41.043796],[37.728234,41.043787],[37.728139,41.043857],[37.727982,41.043921],[37.727754,41.044117],[37.727517,41.044191],[37.727144,41.043894],[37.726974,41.0438],[37.72695,41.043661],[37.726895,41.043606],[37.726729,41.043621],[37.726529,41.043588],[37.726317,41.043497],[37.726261,41.043493],[37.726199,41.043505],[37.726123,41.043518],[37.72604,41.043457],[37.725961,41.043257],[37.725879,41.043173],[37.725711,41.043038],[37.725632,41.043058],[37.725551,41.043129],[37.72529,41.043214],[37.725141,41.043205],[37.724936,41.043188],[37.724728,41.043164],[37.724589,41.043095],[37.724308,41.043172],[37.724176,41.043215],[37.724025,41.043237],[37.723882,41.043239],[37.723861,41.043235],[37.723788,41.043251],[37.723569,41.043258],[37.723423,41.043306],[37.723148,41.043449],[37.722879,41.043567],[37.722758,41.043664],[37.722576,41.043707],[37.722462,41.04372],[37.72239,41.043697],[37.722283,41.043383],[37.722233,41.04304],[37.722232,41.042858],[37.722391,41.042794],[37.722491,41.042754],[37.722499,41.042736],[37.722525,41.04272],[37.722595,41.04268],[37.722626,41.042676],[37.722695,41.042619],[37.72269,41.042604],[37.722565,41.04261],[37.722347,41.042579],[37.722284,41.042548],[37.722066,41.042514],[37.722048,41.042514],[37.721896,41.042501],[37.721845,41.042522],[37.721665,41.042318],[37.721592,41.042289],[37.72143,41.042261],[37.721363,41.042274],[37.720924,41.042173],[37.720431,41.041936],[37.720251,41.041737],[37.720201,41.041603],[37.720105,41.041384],[37.720131,41.041103],[37.720252,41.040769],[37.720261,41.040556],[37.720012,41.040187],[37.719487,41.039898],[37.719323,41.039882],[37.719121,41.039821],[37.718981,41.03962],[37.718853,41.039549],[37.718602,41.039511],[37.718603,41.03946],[37.718509,41.039428],[37.718343,41.039412],[37.718096,41.039299],[37.718072,41.0392],[37.718031,41.039087],[37.717056,41.038265],[37.716421,41.03708],[37.715658,41.035537],[37.715581,41.034065],[37.715347,41.033124],[37.715477,41.032774],[37.715542,41.032477],[37.715436,41.032187],[37.714956,41.031772],[37.712941,41.031558],[37.710658,41.031224],[37.708485,41.031734],[37.708195,41.031689],[37.707476,41.031765],[37.70725,41.031746],[37.706867,41.031402],[37.706612,41.031147],[37.706438,41.031071],[37.706277,41.031089],[37.706083,41.031153],[37.705813,41.031455],[37.705228,41.031898],[37.705023,41.03197],[37.704609,41.032301],[37.703983,41.032099],[37.703194,41.031674],[37.703028,41.031578],[37.702881,41.031375],[37.702618,41.031218],[37.702035,41.031124],[37.701506,41.03097],[37.701226,41.03082],[37.701144,41.0306],[37.701076,41.030301],[37.700704,41.029821],[37.700621,41.029671],[37.700621,41.029671],[37.700347,41.02955],[37.700249,41.029277],[37.699743,41.028823],[37.699739,41.028822],[37.699558,41.028657],[37.699488,41.028462],[37.699366,41.028269],[37.699432,41.02744],[37.699411,41.02735],[37.699455,41.026723],[37.699269,41.026315],[37.699081,41.025006],[37.699356,41.024379],[37.699576,41.023871],[37.699908,41.02356],[37.700202,41.023122],[37.700263,41.022834],[37.700512,41.022697],[37.700571,41.022516],[37.700665,41.022305],[37.700337,41.021645],[37.700021,41.021377],[37.699554,41.021325],[37.699161,41.021074],[37.699152,41.021069],[37.699152,41.021069],[37.698805,41.020958],[37.698527,41.020699],[37.698521,41.02065],[37.698396,41.02056],[37.697131,41.02043],[37.697067,41.020421],[37.697042,41.020524],[37.69703,41.020587],[37.696993,41.020786],[37.696957,41.021053],[37.696914,41.021248],[37.69688,41.021394],[37.696756,41.021645],[37.696581,41.021844],[37.696206,41.022251],[37.696143,41.022357],[37.696089,41.02243],[37.695964,41.02268],[37.695894,41.022886],[37.695824,41.02311],[37.6958,41.023125],[37.695785,41.023207],[37.695783,41.023275],[37.695715,41.02344],[37.695681,41.023528],[37.695714,41.023683],[37.695714,41.023789],[37.695716,41.023921],[37.695697,41.024055],[37.695707,41.024164],[37.695765,41.024243],[37.695794,41.024353],[37.69589,41.024478],[37.695982,41.024614],[37.696057,41.024714],[37.696091,41.024807],[37.69611,41.024918],[37.696104,41.025041],[37.696122,41.02519],[37.696282,41.025283],[37.696421,41.02535],[37.69643,41.025357],[37.696531,41.025389],[37.696905,41.025638],[37.69705,41.025885],[37.697131,41.026114],[37.6972,41.026315],[37.697195,41.026639],[37.697066,41.026876],[37.696715,41.027213],[37.696525,41.027394],[37.69642,41.027506],[37.696349,41.027606],[37.696253,41.02782],[37.696189,41.02801],[37.696091,41.028242],[37.696125,41.028327],[37.696119,41.02855],[37.696142,41.02871],[37.696049,41.028968],[37.696011,41.029192],[37.69615,41.029391],[37.696273,41.029486],[37.696353,41.029714],[37.696553,41.029805],[37.696667,41.030005],[37.696641,41.030311],[37.696616,41.030442],[37.69663,41.0306],[37.696606,41.030929],[37.696554,41.031141],[37.696542,41.031359],[37.696581,41.031534],[37.696584,41.031697],[37.696454,41.031754],[37.696343,41.031847],[37.696006,41.031944],[37.695752,41.031999],[37.695597,41.032122],[37.695523,41.032278],[37.695499,41.032393],[37.695496,41.03278],[37.695355,41.032952],[37.695386,41.03312],[37.695336,41.033151],[37.695263,41.033397],[37.69499,41.033538],[37.694869,41.033561],[37.694641,41.033551],[37.694589,41.033763],[37.694582,41.03378],[37.694777,41.034028],[37.694834,41.034267],[37.69511,41.034635],[37.695245,41.034775],[37.695377,41.034915],[37.695485,41.035039],[37.695578,41.035231],[37.695729,41.035426],[37.696037,41.035722],[37.696343,41.036152],[37.696716,41.036334],[37.696824,41.036444],[37.696983,41.036781],[37.69735,41.03725],[37.697715,41.037612],[37.69787,41.037797],[37.697906,41.03792],[37.697759,41.038174],[37.697551,41.038253],[37.697392,41.038243],[37.697175,41.038254],[37.697091,41.038413],[37.697154,41.038593],[37.697956,41.03885],[37.698752,41.039302],[37.69893,41.039437],[37.69903,41.039549],[37.699229,41.039838],[37.699281,41.03994],[37.70019,41.040645],[37.701067,41.041311],[37.701563,41.041775],[37.701748,41.041932],[37.702074,41.042357],[37.702135,41.04248],[37.702251,41.042655],[37.702729,41.043421],[37.702995,41.043938],[37.703095,41.044283],[37.703729,41.045077],[37.703832,41.045296],[37.703979,41.045401],[37.704248,41.046572],[37.704309,41.046711],[37.70437,41.046991],[37.704338,41.0476],[37.704387,41.048107],[37.704369,41.048489],[37.704197,41.04869],[37.703826,41.049057],[37.703709,41.049187],[37.70365,41.049355],[37.703704,41.049967],[37.703884,41.050405],[37.703845,41.050491],[37.703675,41.050661],[37.703626,41.050814],[37.703747,41.050982],[37.704297,41.051415],[37.704776,41.051754],[37.705247,41.051954],[37.705214,41.051912],[37.705234,41.051898],[37.705247,41.051892],[37.705502,41.051988],[37.70571,41.052044],[37.705844,41.052044],[37.706258,41.051926],[37.706277,41.051927],[37.706652,41.051919],[37.706767,41.051904],[37.706972,41.051831],[37.707305,41.051655],[37.70736,41.051626],[37.707365,41.051624],[37.707826,41.051382],[37.70783,41.051378],[37.708278,41.051096],[37.70841,41.051016],[37.708747,41.050842],[37.708864,41.050763],[37.709029,41.05063],[37.709373,41.050495],[37.709463,41.050494],[37.70948,41.050488],[37.709543,41.050493],[37.709674,41.050492],[37.709948,41.050539],[37.710014,41.05059],[37.710092,41.050599],[37.710305,41.050776],[37.710662,41.050997],[37.710742,41.051014],[37.710931,41.051048],[37.711071,41.051154],[37.711262,41.051277],[37.71145,41.051386],[37.711629,41.051473],[37.711756,41.051576],[37.711846,41.051633],[37.711938,41.051721],[37.71199,41.051758],[37.712248,41.051889],[37.712386,41.051951],[37.712561,41.051974],[37.712845,41.052005],[37.713163,41.05189],[37.713403,41.051885],[37.713565,41.051894],[37.713724,41.051905],[37.713938,41.051948],[37.714183,41.052033],[37.714297,41.052114],[37.714344,41.05208],[37.71463,41.052062],[37.714889,41.052017],[37.715004,41.051989],[37.715065,41.05194],[37.71511,41.051861],[37.715171,41.051678],[37.715159,41.051446],[37.715175,41.051379],[37.715175,41.051328],[37.715371,41.051291],[37.715651,41.051144],[37.715904,41.051066],[37.716068,41.051013],[37.71615,41.051016],[37.716281,41.051023],[37.716439,41.051048],[37.71678,41.05111],[37.717015,41.051115],[37.717258,41.051096],[37.71749,41.05098],[37.717895,41.050864],[37.71797,41.050859],[37.718115,41.050705],[37.718167,41.050632],[37.718288,41.050575],[37.718376,41.050553],[37.718564,41.050533],[37.718858,41.050558],[37.719164,41.05053],[37.719399,41.050475],[37.71943,41.050523],[37.719488,41.050478],[37.719466,41.050459],[37.719659,41.050449],[37.719732,41.050405],[37.719701,41.05036],[37.719849,41.050323],[37.719837,41.050235],[37.719921,41.05024],[37.719972,41.050153],[37.720436,41.05015],[37.720785,41.050132],[37.721136,41.050207],[37.721139,41.050197],[37.721475,41.050239],[37.721758,41.050293],[37.722118,41.050416],[37.722093,41.050455],[37.722099,41.050501],[37.72214,41.050536],[37.72222,41.050617],[37.722134,41.050971],[37.722006,41.051196],[37.722013,41.051517],[37.72201,41.051934],[37.721994,41.051966],[37.721928,41.052153],[37.721897,41.05228],[37.72184,41.052369],[37.721919,41.052451],[37.721912,41.052467],[37.72207,41.052745],[37.722118,41.052869],[37.722481,41.052841],[37.722903,41.053236],[37.722968,41.053288],[37.723411,41.053652],[37.723804,41.053973],[37.724031,41.05402],[37.724431,41.054258],[37.724816,41.054311],[37.725051,41.054342],[37.725147,41.054302],[37.725337,41.0543],[37.725471,41.054275],[37.725623,41.054159],[37.725731,41.053975],[37.725831,41.053842],[37.725811,41.053811]]]]}},{"type":"Feature","properties":{"id":"TR-Y-52-017-M-0003","level":"yerlesim","type":"mahalle","parent_id":"TR-D-52-017","province_id":"TR-P-52","district_id":"TR-D-52-017","name":"Aziziye","source_raw_name":"AZİZİYE","source":"Kamuya açık veri ve kent rehberi servisleri","source_label":"Kamuya açık veri ve kent rehberi servisleri","source_name":"Ordu Büyükşehir Belediyesi Akıllı Şehir Açık Veri Platformu - Mahalleler"},"geometry":{"type":"MultiPolygon","coordinates":[[[[37.702635,41.104568],[37.702611,41.104541],[37.702483,41.104105],[37.702477,41.104064],[37.70249,41.104045],[37.702573,41.104033],[37.702599,41.104029],[37.702611,41.104011],[37.702583,41.103855],[37.702569,41.103824],[37.702494,41.103785],[37.702451,41.103758],[37.702336,41.103605],[37.702326,41.103574],[37.70237,41.10349],[37.702408,41.103429],[37.702458,41.103143],[37.702446,41.103077],[37.70227,41.102728],[37.702247,41.102659],[37.702327,41.102132],[37.702255,41.102125],[37.702026,41.102116],[37.70165,41.102052],[37.701464,41.102021],[37.701245,41.101943],[37.701121,41.101993],[37.70102,41.102035],[37.700865,41.102132],[37.700707,41.102287],[37.700581,41.10221],[37.700454,41.102122],[37.700355,41.102041],[37.700312,41.102039],[37.700195,41.102003],[37.700149,41.101938],[37.700178,41.101864],[37.700131,41.101668],[37.700118,41.101632],[37.700166,41.101508],[37.700237,41.101252],[37.700306,41.100943],[37.700337,41.100859],[37.700342,41.100638],[37.700337,41.100331],[37.700332,41.09999],[37.700352,41.099739],[37.700419,41.099511],[37.700493,41.099352],[37.700566,41.099152],[37.700538,41.098988],[37.700534,41.098851],[37.700532,41.098788],[37.70053,41.098731],[37.700535,41.098612],[37.700537,41.098576],[37.70034,41.098538],[37.700122,41.098505],[37.699987,41.098479],[37.699807,41.098445],[37.699609,41.098406],[37.69957,41.098403],[37.699575,41.09788],[37.699594,41.097656],[37.69961,41.097482],[37.699614,41.097435],[37.699609,41.097428],[37.699475,41.097396],[37.69923,41.09732],[37.698991,41.097359],[37.698904,41.097352],[37.698743,41.097283],[37.698691,41.097292],[37.698445,41.097332],[37.698395,41.097367],[37.698348,41.097398],[37.698278,41.097531],[37.69823,41.097777],[37.698168,41.098068],[37.698102,41.098379],[37.697981,41.098637],[37.697903,41.098698],[37.697778,41.098751],[37.697558,41.098788],[37.697361,41.098828],[37.697102,41.098893],[37.696821,41.099039],[37.696668,41.099189],[37.696557,41.099386],[37.696446,41.09979],[37.696373,41.099977],[37.696255,41.100112],[37.69615,41.100237],[37.696014,41.100356],[37.695863,41.100422],[37.695596,41.100474],[37.695363,41.100585],[37.694894,41.100864],[37.694678,41.100972],[37.694619,41.100997],[37.694504,41.101031],[37.694223,41.101116],[37.694005,41.101202],[37.693859,41.10127],[37.69371,41.10134],[37.693637,41.10139],[37.693482,41.101494],[37.693409,41.101522],[37.693269,41.101577],[37.693181,41.101608],[37.693056,41.101635],[37.692944,41.101657],[37.692826,41.101674],[37.692739,41.101698],[37.692659,41.101722],[37.692586,41.101753],[37.692491,41.101815],[37.692413,41.101867],[37.692369,41.101906],[37.692248,41.102019],[37.692223,41.102033],[37.692194,41.10205],[37.692153,41.102067],[37.692126,41.102073],[37.692085,41.102079],[37.692052,41.102087],[37.692054,41.102103],[37.692013,41.102277],[37.692048,41.102422],[37.692122,41.102551],[37.692266,41.10264],[37.692396,41.102688],[37.692541,41.102724],[37.692672,41.102731],[37.692803,41.10271],[37.692999,41.102678],[37.693121,41.102677],[37.693241,41.102677],[37.693387,41.102701],[37.693535,41.102744],[37.693659,41.10279],[37.693794,41.102843],[37.693896,41.102893],[37.693958,41.102931],[37.694032,41.103006],[37.694115,41.103095],[37.694191,41.103209],[37.694231,41.103267],[37.694305,41.103379],[37.694474,41.103608],[37.694594,41.103713],[37.694708,41.103821],[37.694759,41.103885],[37.694841,41.103982],[37.694929,41.104065],[37.694993,41.104136],[37.694983,41.104187],[37.694958,41.104234],[37.694931,41.104256],[37.694849,41.104266],[37.694719,41.10427],[37.69455,41.104277],[37.694336,41.104276],[37.694183,41.104287],[37.694098,41.104323],[37.694035,41.104392],[37.693995,41.104476],[37.693998,41.104605],[37.69406,41.104741],[37.694177,41.104884],[37.694267,41.105023],[37.694378,41.105308],[37.694414,41.10552],[37.694409,41.105634],[37.694367,41.105858],[37.694326,41.105972],[37.694292,41.106087],[37.694292,41.106208],[37.694376,41.106373],[37.694501,41.106486],[37.694601,41.106524],[37.694701,41.106547],[37.694806,41.106565],[37.69489,41.106591],[37.694932,41.106647],[37.694944,41.106731],[37.694929,41.106815],[37.694884,41.106886],[37.694823,41.106941],[37.694695,41.106968],[37.6946,41.106978],[37.694472,41.107009],[37.694262,41.107037],[37.694076,41.10708],[37.693871,41.107177],[37.693714,41.107267],[37.693589,41.107418],[37.693546,41.107528],[37.693509,41.107647],[37.693514,41.107764],[37.693548,41.107871],[37.693602,41.108001],[37.693665,41.108115],[37.693752,41.108225],[37.6939,41.108331],[37.694031,41.108404],[37.694182,41.108478],[37.694367,41.108564],[37.694606,41.108729],[37.694806,41.108879],[37.695055,41.109069],[37.695118,41.109177],[37.695153,41.109327],[37.695158,41.109489],[37.695139,41.109637],[37.695093,41.109922],[37.695075,41.1101],[37.695058,41.110307],[37.695068,41.110476],[37.695093,41.110595],[37.695172,41.110849],[37.69525,41.111176],[37.695338,41.111349],[37.695465,41.111546],[37.695656,41.111768],[37.695768,41.111876],[37.695871,41.112011],[37.69599,41.112197],[37.696062,41.112358],[37.696201,41.112639],[37.696289,41.112845],[37.69636,41.112973],[37.696506,41.113157],[37.696627,41.113327],[37.696741,41.113489],[37.696845,41.113703],[37.69692,41.11391],[37.696997,41.114099],[37.697097,41.1143],[37.697229,41.114484],[37.697451,41.114768],[37.69762,41.115],[37.697757,41.115106],[37.697901,41.1152],[37.698046,41.115284],[37.698284,41.115377],[37.698524,41.115449],[37.698753,41.115522],[37.698936,41.115589],[37.699022,41.115648],[37.699056,41.115712],[37.699068,41.115792],[37.699042,41.115895],[37.698979,41.116044],[37.698767,41.116323],[37.698615,41.116489],[37.69833,41.116747],[37.697982,41.117035],[37.697407,41.117556],[37.697046,41.117815],[37.696819,41.118019],[37.696706,41.118125],[37.69686,41.118121],[37.697022,41.118129],[37.697205,41.118121],[37.697321,41.118053],[37.697643,41.117972],[37.697839,41.117888],[37.69815,41.11776],[37.698316,41.117666],[37.698451,41.117631],[37.698585,41.117597],[37.698724,41.117557],[37.698857,41.117523],[37.698995,41.117487],[37.699052,41.117493],[37.699462,41.117439],[37.699683,41.11741],[37.699898,41.117305],[37.699951,41.117305],[37.699996,41.117302],[37.70009,41.117302],[37.700086,41.117397],[37.700139,41.117452],[37.700306,41.117509],[37.700289,41.11736],[37.700258,41.117228],[37.700228,41.117156],[37.700169,41.117006],[37.700155,41.116939],[37.700138,41.11691],[37.700207,41.116867],[37.700156,41.116826],[37.700144,41.116812],[37.700105,41.116739],[37.70016,41.116705],[37.700161,41.116668],[37.700192,41.116652],[37.700301,41.116576],[37.700354,41.116615],[37.700386,41.116601],[37.70035,41.116409],[37.700231,41.11635],[37.700292,41.116303],[37.700304,41.116305],[37.700332,41.11629],[37.700433,41.116219],[37.700488,41.116189],[37.700665,41.116222],[37.70078,41.116255],[37.700862,41.116216],[37.700897,41.116189],[37.700891,41.116086],[37.700952,41.115916],[37.700975,41.11582],[37.700986,41.115713],[37.701013,41.11559],[37.701031,41.115479],[37.701085,41.115289],[37.701162,41.115102],[37.701321,41.114833],[37.70138,41.11486],[37.701649,41.114673],[37.701668,41.114674],[37.701701,41.114714],[37.701771,41.114685],[37.701814,41.114744],[37.702645,41.114436],[37.702731,41.114354],[37.702894,41.11431],[37.703075,41.114241],[37.703316,41.114194],[37.703424,41.114191],[37.703498,41.11415],[37.703636,41.114129],[37.703902,41.114104],[37.70405,41.114093],[37.704271,41.114055],[37.70455,41.113987],[37.704928,41.113927],[37.705264,41.113875],[37.705431,41.113834],[37.705719,41.113763],[37.706045,41.1137],[37.706438,41.113615],[37.70647,41.113505],[37.706474,41.113294],[37.706493,41.113145],[37.706494,41.113061],[37.7065,41.113005],[37.706451,41.112812],[37.706428,41.112747],[37.706353,41.112575],[37.706311,41.112504],[37.706325,41.112369],[37.706326,41.112341],[37.706308,41.112322],[37.706259,41.112318],[37.706195,41.112306],[37.706175,41.112283],[37.706191,41.11224],[37.706318,41.112014],[37.706333,41.111987],[37.706397,41.111671],[37.706432,41.111588],[37.706482,41.11153],[37.706609,41.111455],[37.706651,41.111436],[37.706705,41.111363],[37.706723,41.111323],[37.706717,41.111235],[37.706692,41.11114],[37.706663,41.111106],[37.706571,41.111066],[37.706521,41.111044],[37.706421,41.110969],[37.706247,41.110822],[37.706232,41.110796],[37.706205,41.110682],[37.706195,41.110554],[37.706195,41.110487],[37.706206,41.110428],[37.706254,41.110327],[37.706324,41.110101],[37.706347,41.110025],[37.706353,41.110003],[37.706344,41.109977],[37.7063,41.109925],[37.706272,41.109902],[37.706135,41.109835],[37.705961,41.109755],[37.705801,41.109676],[37.705663,41.109591],[37.705282,41.109275],[37.705144,41.109168],[37.705123,41.109149],[37.705085,41.10914],[37.704995,41.109126],[37.704908,41.109111],[37.70486,41.109101],[37.704835,41.109103],[37.704812,41.10911],[37.704785,41.109126],[37.704762,41.109135],[37.704742,41.109139],[37.704715,41.109137],[37.704653,41.109103],[37.704539,41.109011],[37.704412,41.108895],[37.704225,41.10875],[37.704194,41.108723],[37.70417,41.108704],[37.704143,41.108697],[37.704102,41.1087],[37.704023,41.108707],[37.703981,41.1087],[37.703956,41.108694],[37.703935,41.108671],[37.703897,41.10861],[37.70379,41.108452],[37.703755,41.108386],[37.703745,41.108346],[37.703736,41.108071],[37.703744,41.107923],[37.70375,41.107825],[37.70376,41.107744],[37.703765,41.107685],[37.703762,41.107666],[37.703755,41.107657],[37.703739,41.107654],[37.703704,41.107654],[37.703618,41.107661],[37.703552,41.107666],[37.703493,41.107678],[37.703442,41.107695],[37.703408,41.107704],[37.703389,41.107704],[37.703359,41.107688],[37.70328,41.107623],[37.703242,41.107598],[37.703135,41.107567],[37.703081,41.107542],[37.703004,41.10747],[37.702919,41.107372],[37.70286,41.107288],[37.702867,41.107247],[37.702908,41.107199],[37.703003,41.10709],[37.703082,41.107011],[37.703117,41.106945],[37.703129,41.106862],[37.703112,41.106792],[37.703095,41.106769],[37.70306,41.106761],[37.702952,41.10675],[37.702879,41.106739],[37.702853,41.106726],[37.70284,41.106697],[37.702836,41.106666],[37.702833,41.106611],[37.702832,41.106565],[37.702813,41.106521],[37.702537,41.106154],[37.702407,41.105971],[37.702382,41.105929],[37.702372,41.105899],[37.702371,41.105864],[37.702382,41.105816],[37.702428,41.105757],[37.702466,41.105674],[37.702469,41.105527],[37.702503,41.105437],[37.702588,41.105322],[37.702787,41.105058],[37.702773,41.10493],[37.702828,41.104737],[37.702727,41.104609],[37.702635,41.104568]]]]}},{"type":"Feature","properties":{"id":"TR-Y-52-017-M-0004","level":"yerlesim","type":"mahalle","parent_id":"TR-D-52-017","province_id":"TR-P-52","district_id":"TR-D-52-017","name":"Babalı","source_raw_name":"BABALI","source":"Kamuya açık veri ve kent rehberi servisleri","source_label":"Kamuya açık veri ve kent rehberi servisleri","source_name":"Ordu Büyükşehir Belediyesi Akıllı Şehir Açık Veri Platformu - Mahalleler"},"geometry":{"type":"MultiPolygon","coordinates":[[[[37.740925,41.080424],[37.741421,41.0802],[37.741654,41.080209],[37.741853,41.080147],[37.742069,41.080186],[37.74234,41.080105],[37.742552,41.080068],[37.742557,41.079974],[37.742688,41.079869],[37.742709,41.079848],[37.742974,41.079552],[37.743225,41.0794],[37.743354,41.079461],[37.743497,41.07948],[37.743586,41.079407],[37.743889,41.079395],[37.744023,41.07941],[37.744053,41.07932],[37.744057,41.079246],[37.74411,41.079199],[37.744281,41.079169],[37.744346,41.079173],[37.744506,41.079102],[37.744544,41.078918],[37.744648,41.078858],[37.744799,41.078866],[37.744812,41.078873],[37.7451,41.078859],[37.745294,41.078724],[37.745488,41.078714],[37.745728,41.078754],[37.745808,41.078771],[37.745877,41.078759],[37.746044,41.078706],[37.746362,41.078714],[37.746864,41.078825],[37.747095,41.079158],[37.747136,41.079167],[37.747277,41.078846],[37.747432,41.078721],[37.74745,41.078609],[37.74743,41.078515],[37.747583,41.07846],[37.748232,41.078405],[37.748351,41.078312],[37.748605,41.078341],[37.748984,41.078226],[37.749156,41.078109],[37.749328,41.077987],[37.749497,41.077855],[37.749751,41.077775],[37.749851,41.077753],[37.750219,41.077611],[37.75066,41.077382],[37.750912,41.077271],[37.751107,41.077251],[37.751287,41.077166],[37.751644,41.07702],[37.751707,41.076926],[37.751926,41.076867],[37.752093,41.076815],[37.752241,41.076725],[37.752418,41.076566],[37.752615,41.07636],[37.752639,41.076348],[37.752696,41.076313],[37.752771,41.076245],[37.752866,41.076153],[37.75296,41.076128],[37.753169,41.076087],[37.753474,41.075879],[37.753538,41.075762],[37.753469,41.075604],[37.753595,41.075382],[37.753637,41.075309],[37.753594,41.075218],[37.753779,41.075067],[37.754287,41.074929],[37.754779,41.074795],[37.755032,41.074627],[37.755227,41.07448],[37.755658,41.074346],[37.755728,41.074267],[37.755869,41.074117],[37.756087,41.073991],[37.756232,41.073963],[37.756392,41.07377],[37.756625,41.073678],[37.756778,41.07354],[37.756828,41.073413],[37.756903,41.073392],[37.756984,41.073369],[37.756939,41.07335],[37.756905,41.073212],[37.75685,41.073185],[37.756788,41.073145],[37.756666,41.072986],[37.756836,41.072792],[37.756922,41.072708],[37.756996,41.072629],[37.757171,41.0723],[37.75787,41.07203],[37.757911,41.071974],[37.7581,41.071738],[37.758223,41.071699],[37.758312,41.071295],[37.758518,41.071092],[37.758776,41.070824],[37.75901,41.070621],[37.759091,41.070554],[37.759106,41.070303],[37.759248,41.070216],[37.759339,41.070036],[37.759459,41.069906],[37.75968,41.069837],[37.759861,41.069761],[37.760084,41.069662],[37.760376,41.069544],[37.760463,41.069555],[37.760565,41.069506],[37.760643,41.069466],[37.760421,41.06928],[37.760073,41.069241],[37.7599,41.069248],[37.759796,41.069221],[37.759689,41.069193],[37.758317,41.069117],[37.75812,41.068884],[37.757741,41.068789],[37.757548,41.068774],[37.756985,41.06877],[37.756597,41.068728],[37.755738,41.068482],[37.75514,41.068376],[37.753877,41.068272],[37.753694,41.068282],[37.753616,41.068439],[37.753481,41.068246],[37.753486,41.068219],[37.75314,41.06812],[37.752617,41.068164],[37.752359,41.068211],[37.75226,41.06803],[37.751587,41.067732],[37.751279,41.067642],[37.751213,41.067472],[37.75051,41.067249],[37.749641,41.067145],[37.749185,41.066106],[37.749217,41.065961],[37.748201,41.065623],[37.748114,41.065354],[37.748088,41.064861],[37.747927,41.06482],[37.747802,41.064724],[37.747201,41.064443],[37.747171,41.064423],[37.746843,41.064033],[37.745963,41.063247],[37.745575,41.062996],[37.745484,41.062795],[37.74545,41.062605],[37.745464,41.062606],[37.745576,41.062547],[37.745595,41.062499],[37.745698,41.062463],[37.745853,41.062237],[37.745845,41.062223],[37.74557,41.062258],[37.745424,41.062287],[37.74535,41.062302],[37.744989,41.062215],[37.744603,41.062211],[37.744337,41.062214],[37.744271,41.062212],[37.744131,41.062209],[37.743762,41.062211],[37.743566,41.062211],[37.743517,41.062209],[37.743277,41.062199],[37.743143,41.06219],[37.743071,41.06219],[37.743063,41.062226],[37.743022,41.062227],[37.742903,41.062237],[37.742895,41.062237],[37.742721,41.062238],[37.742382,41.062241],[37.742176,41.062257],[37.742034,41.062289],[37.741872,41.062304],[37.741652,41.062366],[37.741412,41.062406],[37.741087,41.062407],[37.740928,41.062399],[37.740902,41.062393],[37.740813,41.062403],[37.740558,41.062401],[37.740223,41.062458],[37.740097,41.062501],[37.739968,41.062556],[37.739652,41.062699],[37.739563,41.06279],[37.739402,41.062897],[37.73926,41.062943],[37.739181,41.063011],[37.738668,41.063152],[37.738288,41.063257],[37.738223,41.063292],[37.737891,41.063441],[37.737616,41.063593],[37.73737,41.063711],[37.737314,41.063728],[37.737263,41.063745],[37.737098,41.063787],[37.736813,41.063879],[37.736479,41.064114],[37.736465,41.064297],[37.736537,41.064393],[37.736714,41.064598],[37.737447,41.065034],[37.737356,41.065208],[37.73704,41.065215],[37.736033,41.065092],[37.735399,41.065156],[37.735117,41.0653],[37.735054,41.065357],[37.734673,41.065613],[37.734428,41.065715],[37.734013,41.065801],[37.733556,41.066131],[37.733538,41.066142],[37.733389,41.066109],[37.732967,41.066052],[37.732761,41.065953],[37.73255,41.065894],[37.732036,41.065843],[37.731989,41.065874],[37.731759,41.065977],[37.731476,41.066204],[37.731177,41.066446],[37.731062,41.066519],[37.730722,41.066739],[37.730657,41.066677],[37.730615,41.066697],[37.730713,41.066811],[37.730752,41.066958],[37.730756,41.06696],[37.730753,41.06697],[37.730823,41.067015],[37.730817,41.067041],[37.730935,41.067126],[37.731538,41.067463],[37.731845,41.067571],[37.731982,41.067584],[37.732093,41.067623],[37.732284,41.067677],[37.732304,41.06783],[37.732381,41.067893],[37.732488,41.068075],[37.732541,41.068159],[37.732549,41.068247],[37.732751,41.068661],[37.732835,41.068798],[37.732968,41.068922],[37.73306,41.069011],[37.733034,41.069071],[37.733034,41.069075],[37.733128,41.069173],[37.733137,41.069268],[37.733228,41.0695],[37.733191,41.069601],[37.733313,41.069642],[37.733464,41.06973],[37.733672,41.069797],[37.733746,41.069793],[37.733912,41.069859],[37.734201,41.070147],[37.734196,41.070225],[37.734291,41.07026],[37.734323,41.07026],[37.734446,41.070277],[37.734729,41.070424],[37.734841,41.070433],[37.734963,41.070546],[37.735008,41.070586],[37.73521,41.070688],[37.735235,41.070803],[37.735241,41.071015],[37.735285,41.07107],[37.735179,41.071144],[37.735058,41.071244],[37.734934,41.071345],[37.734858,41.071342],[37.734727,41.07138],[37.73468,41.071255],[37.734512,41.0712],[37.734437,41.071236],[37.734521,41.071324],[37.734395,41.071529],[37.734211,41.07157],[37.734027,41.071553],[37.733888,41.071403],[37.733752,41.071403],[37.733606,41.071415],[37.733511,41.071392],[37.733323,41.07142],[37.733213,41.071554],[37.73306,41.0716],[37.733062,41.071702],[37.73263,41.071828],[37.732342,41.071859],[37.732276,41.071845],[37.732114,41.071804],[37.73188,41.071811],[37.731803,41.071846],[37.731726,41.071914],[37.731479,41.071968],[37.731269,41.071914],[37.731161,41.071921],[37.731077,41.071921],[37.730858,41.071911],[37.730742,41.071896],[37.730645,41.071816],[37.730364,41.071934],[37.730242,41.071968],[37.730092,41.07195],[37.730005,41.071966],[37.729886,41.072052],[37.729838,41.072128],[37.729826,41.072229],[37.729791,41.072446],[37.729834,41.072522],[37.729743,41.07264],[37.729655,41.072694],[37.729553,41.072915],[37.729505,41.073104],[37.729494,41.073219],[37.729324,41.073436],[37.729296,41.073597],[37.729322,41.073931],[37.729254,41.074026],[37.729229,41.07411],[37.729372,41.07423],[37.729423,41.074234],[37.729471,41.074208],[37.729625,41.074157],[37.72988,41.074118],[37.730086,41.074095],[37.730489,41.074081],[37.730814,41.074097],[37.731113,41.074138],[37.731293,41.074157],[37.731455,41.074214],[37.731816,41.07544],[37.732218,41.075825],[37.732495,41.075946],[37.732674,41.076145],[37.732756,41.076414],[37.732925,41.076657],[37.732909,41.076808],[37.733118,41.076617],[37.733233,41.076537],[37.733577,41.076429],[37.733958,41.076458],[37.73416,41.076557],[37.734351,41.076656],[37.734419,41.076733],[37.734476,41.076858],[37.734497,41.077086],[37.734538,41.077229],[37.734722,41.07762],[37.734755,41.077685],[37.734804,41.077767],[37.734865,41.077949],[37.735012,41.078033],[37.735088,41.078091],[37.735146,41.078211],[37.735216,41.078338],[37.735292,41.078443],[37.735388,41.078511],[37.735529,41.078595],[37.735736,41.078727],[37.735872,41.078926],[37.735972,41.079027],[37.736153,41.079082],[37.736653,41.078989],[37.73688,41.078922],[37.737099,41.078799],[37.737594,41.078565],[37.737944,41.078472],[37.738335,41.078424],[37.738878,41.078271],[37.739285,41.078195],[37.73961,41.078035],[37.739702,41.078002],[37.740001,41.078003],[37.740215,41.078082],[37.740349,41.078492],[37.74058,41.079216],[37.74071,41.079589],[37.740522,41.079765],[37.739914,41.079947],[37.739826,41.080039],[37.739796,41.080086],[37.739889,41.080112],[37.740085,41.080218],[37.740314,41.080304],[37.740414,41.08033],[37.74054,41.080351],[37.740677,41.080352],[37.740711,41.080397],[37.740917,41.080425],[37.740925,41.080424]]]]}},{"type":"Feature","properties":{"id":"TR-Y-52-017-M-0005","level":"yerlesim","type":"mahalle","parent_id":"TR-D-52-017","province_id":"TR-P-52","district_id":"TR-D-52-017","name":"Bekirli","source_raw_name":"BEKİRLİ","source":"Kamuya açık veri ve kent rehberi servisleri","source_label":"Kamuya açık veri ve kent rehberi servisleri","source_name":"Ordu Büyükşehir Belediyesi Akıllı Şehir Açık Veri Platformu - Mahalleler"},"geometry":{"type":"MultiPolygon","coordinates":[[[[37.758322,41.005319],[37.758564,41.005174],[37.759097,41.004952],[37.759138,41.004923],[37.759141,41.004893],[37.759128,41.004829],[37.759134,41.004706],[37.759184,41.004669],[37.759269,41.004644],[37.759647,41.004608],[37.759788,41.004608],[37.760176,41.004612],[37.760309,41.004588],[37.760521,41.004545],[37.760706,41.004462],[37.760806,41.004414],[37.760885,41.004369],[37.760955,41.004307],[37.761012,41.004274],[37.761115,41.004254],[37.761296,41.004245],[37.761527,41.004289],[37.761619,41.004299],[37.761665,41.0043],[37.761725,41.004282],[37.761785,41.004242],[37.761805,41.00421],[37.761833,41.004182],[37.761871,41.004184],[37.761925,41.004201],[37.762041,41.004227],[37.762121,41.004252],[37.762221,41.004294],[37.762321,41.004328],[37.762453,41.00435],[37.762539,41.004333],[37.762607,41.004278],[37.762681,41.004221],[37.762784,41.004156],[37.762903,41.004171],[37.762955,41.004201],[37.763002,41.004248],[37.763045,41.004309],[37.763091,41.004398],[37.763308,41.004555],[37.763341,41.004593],[37.76344,41.004868],[37.763463,41.004957],[37.763566,41.004928],[37.764062,41.004926],[37.764812,41.004988],[37.765223,41.004922],[37.765192,41.005139],[37.765226,41.005353],[37.765446,41.005572],[37.765679,41.005866],[37.765625,41.006047],[37.765425,41.006018],[37.765296,41.005928],[37.765058,41.005837],[37.764834,41.005853],[37.764713,41.005872],[37.764626,41.005853],[37.764507,41.005705],[37.76438,41.005648],[37.764186,41.005648],[37.764067,41.00588],[37.764059,41.005893],[37.764077,41.005914],[37.764357,41.005941],[37.764433,41.005988],[37.764474,41.006035],[37.764546,41.006091],[37.764628,41.006134],[37.764677,41.00621],[37.764752,41.006219],[37.764894,41.006219],[37.765014,41.006215],[37.765128,41.006208],[37.76541,41.006449],[37.765444,41.006469],[37.765493,41.006469],[37.765563,41.006448],[37.765673,41.006403],[37.765783,41.006387],[37.765987,41.006381],[37.766114,41.006399],[37.766464,41.006431],[37.76654,41.006419],[37.766699,41.006362],[37.766788,41.006317],[37.766785,41.00628],[37.766757,41.006261],[37.766706,41.006248],[37.766578,41.006217],[37.766513,41.005994],[37.766679,41.005813],[37.766729,41.00579],[37.766743,41.005733],[37.766761,41.005622],[37.766754,41.005499],[37.766854,41.005242],[37.766928,41.004873],[37.766997,41.004543],[37.766991,41.004375],[37.766991,41.004348],[37.767144,41.004003],[37.767205,41.003649],[37.767167,41.003615],[37.767222,41.003488],[37.767559,41.003269],[37.76804,41.002996],[37.767647,41.002729],[37.76749,41.002247],[37.767417,41.002174],[37.767466,41.002135],[37.767293,41.001924],[37.767233,41.001828],[37.767103,41.001698],[37.76663,41.001315],[37.766417,41.001117],[37.766354,41.000988],[37.766407,41.000749],[37.766534,41.0007],[37.766585,41.000688],[37.766691,41.000671],[37.766842,41.000628],[37.766978,41.000539],[37.767028,41.000496],[37.766937,41.000459],[37.766763,41.000429],[37.766656,41.000374],[37.766586,41.00025],[37.766764,41.000193],[37.76694,41.000169],[37.767204,41.000172],[37.767651,41.000178],[37.767813,41.000142],[37.767846,41.000004],[37.767454,40.99994],[37.767278,40.999858],[37.766922,40.99972],[37.766723,40.999686],[37.766082,40.999602],[37.766176,40.999232],[37.766041,40.999196],[37.76583,40.99909],[37.765667,40.998996],[37.765466,40.998981],[37.765232,40.998881],[37.765139,40.99881],[37.765214,40.998693],[37.765347,40.998626],[37.765399,40.998551],[37.76527,40.998468],[37.765024,40.998357],[37.764796,40.998245],[37.764411,40.998064],[37.764177,40.997877],[37.764122,40.997827],[37.764058,40.997796],[37.763743,40.997854],[37.763359,40.997984],[37.763187,40.99803],[37.763068,40.998011],[37.762878,40.997969],[37.762696,40.997912],[37.76238,40.997761],[37.762182,40.997744],[37.762084,40.997697],[37.761893,40.997651],[37.761486,40.997526],[37.761288,40.997426],[37.761091,40.997541],[37.761105,40.997665],[37.761047,40.997676],[37.760923,40.997806],[37.760756,40.997945],[37.760663,40.997839],[37.76056,40.99768],[37.760446,40.997499],[37.760344,40.997517],[37.760355,40.997499],[37.760265,40.99738],[37.760064,40.997258],[37.759975,40.997183],[37.759794,40.997239],[37.759589,40.997152],[37.7594,40.997089],[37.759321,40.996963],[37.758958,40.996745],[37.758807,40.996697],[37.758782,40.996551],[37.758812,40.99638],[37.758699,40.996332],[37.758671,40.996317],[37.758681,40.996153],[37.758698,40.996105],[37.758457,40.996113],[37.758336,40.996013],[37.758292,40.995961],[37.758221,40.995943],[37.758142,40.9959],[37.758061,40.995885],[37.757869,40.995904],[37.757654,40.995882],[37.757638,40.995838],[37.757432,40.995861],[37.757343,40.995885],[37.757176,40.995995],[37.757127,40.996082],[37.756846,40.996372],[37.75678,40.996224],[37.756759,40.996053],[37.756753,40.995927],[37.756818,40.995727],[37.756659,40.995674],[37.756521,40.995599],[37.756441,40.995442],[37.756419,40.9952],[37.75622,40.99499],[37.7561,40.994929],[37.756007,40.994604],[37.755806,40.994367],[37.755544,40.994308],[37.755484,40.994278],[37.755441,40.994354],[37.755421,40.994461],[37.755258,40.994875],[37.755182,40.994982],[37.754849,40.995117],[37.754065,40.995057],[37.753838,40.995044],[37.753482,40.995004],[37.753196,40.995016],[37.752463,40.994931],[37.752112,40.994984],[37.752009,40.995102],[37.751614,40.995119],[37.75122,40.995259],[37.751138,40.995204],[37.750929,40.99521],[37.750855,40.995205],[37.750553,40.995224],[37.750353,40.995122],[37.750347,40.995134],[37.75023,40.995269],[37.75026,40.995332],[37.750121,40.995427],[37.749587,40.995751],[37.749476,40.995762],[37.74895,40.995929],[37.748774,40.996086],[37.748734,40.996112],[37.748342,40.996239],[37.748049,40.996411],[37.748023,40.996425],[37.747806,40.996247],[37.747474,40.995737],[37.747258,40.995492],[37.747245,40.995221],[37.747162,40.99509],[37.747149,40.994985],[37.747155,40.994791],[37.747099,40.994749],[37.746976,40.994695],[37.746919,40.994699],[37.746599,40.995012],[37.746539,40.995023],[37.74649,40.995006],[37.746476,40.995035],[37.746444,40.995041],[37.746358,40.995127],[37.746347,40.995197],[37.746315,40.995355],[37.746176,40.995516],[37.745998,40.995666],[37.745938,40.995806],[37.745913,40.995953],[37.745971,40.995987],[37.745954,40.996023],[37.746001,40.996256],[37.74592,40.996402],[37.745855,40.99655],[37.745798,40.996652],[37.745745,40.996724],[37.745611,40.996897],[37.745533,40.997003],[37.74537,40.997211],[37.745146,40.997241],[37.745,40.997259],[37.744944,40.997299],[37.74489,40.997363],[37.744798,40.997514],[37.74478,40.997642],[37.744794,40.997652],[37.745453,40.997816],[37.745436,40.998053],[37.745432,40.998115],[37.745365,40.998449],[37.745328,40.998524],[37.745278,40.998804],[37.745218,40.998904],[37.745059,40.999031],[37.745352,40.999048],[37.745773,40.999059],[37.745956,40.999095],[37.745945,40.999422],[37.745891,40.999607],[37.745967,40.999676],[37.746013,40.999718],[37.745857,41.000079],[37.745659,41.000276],[37.745525,41.000447],[37.745501,41.00054],[37.745357,41.000618],[37.745474,41.000688],[37.745637,41.000742],[37.746355,41.00089],[37.746572,41.000928],[37.746702,41.000969],[37.746857,41.001015],[37.746921,41.001049],[37.747112,41.001302],[37.747175,41.001302],[37.747323,41.001302],[37.74752,41.00162],[37.74776,41.001916],[37.747917,41.002063],[37.74792,41.002063],[37.747924,41.002067],[37.748194,41.002091],[37.748279,41.002131],[37.748343,41.002124],[37.748512,41.002106],[37.748489,41.002083],[37.748581,41.002037],[37.748612,41.001993],[37.74873,41.001952],[37.749074,41.002103],[37.749188,41.002152],[37.74929,41.002115],[37.749437,41.002197],[37.74958,41.002393],[37.749628,41.002477],[37.749691,41.002647],[37.749606,41.002688],[37.749075,41.003068],[37.748614,41.003582],[37.74859,41.003636],[37.748622,41.003801],[37.748693,41.003806],[37.748717,41.003808],[37.748754,41.003811],[37.748757,41.003886],[37.748826,41.003924],[37.748874,41.003937],[37.748904,41.003976],[37.748961,41.004013],[37.749085,41.004088],[37.749346,41.004209],[37.749486,41.004321],[37.749596,41.004484],[37.749918,41.004886],[37.750423,41.005348],[37.750643,41.005474],[37.750791,41.005548],[37.7511,41.005708],[37.751283,41.005813],[37.75132,41.006004],[37.751464,41.006228],[37.751618,41.006337],[37.751851,41.006438],[37.752142,41.006577],[37.752612,41.006397],[37.75277,41.00631],[37.752795,41.006293],[37.752915,41.006242],[37.752998,41.006106],[37.752722,41.005823],[37.752698,41.00582],[37.752647,41.005771],[37.752604,41.005753],[37.752579,41.005637],[37.752602,41.005579],[37.752639,41.005516],[37.752767,41.005223],[37.752933,41.005318],[37.752975,41.005326],[37.753425,41.005335],[37.75402,41.005516],[37.754119,41.00554],[37.754311,41.005617],[37.754331,41.005703],[37.75416,41.005969],[37.754049,41.006193],[37.753958,41.006618],[37.753814,41.006856],[37.753571,41.007268],[37.753834,41.007328],[37.754301,41.007462],[37.754902,41.006893],[37.755025,41.006813],[37.755154,41.00673],[37.755386,41.006529],[37.755483,41.006452],[37.75551,41.006422],[37.755705,41.006288],[37.755935,41.006114],[37.756038,41.006014],[37.756076,41.006],[37.756368,41.005915],[37.756692,41.005807],[37.756986,41.005693],[37.757228,41.005535],[37.75732,41.005501],[37.757521,41.005472],[37.757767,41.005454],[37.758124,41.005395],[37.758322,41.005319]]]]}},{"type":"Feature","properties":{"id":"TR-Y-52-017-M-0006","level":"yerlesim","type":"mahalle","parent_id":"TR-D-52-017","province_id":"TR-P-52","district_id":"TR-D-52-017","name":"Beyli","source_raw_name":"BEYLİ","source":"Kamuya açık veri ve kent rehberi servisleri","source_label":"Kamuya açık veri ve kent rehberi servisleri","source_name":"Ordu Büyükşehir Belediyesi Akıllı Şehir Açık Veri Platformu - Mahalleler"},"geometry":{"type":"MultiPolygon","coordinates":[[[[37.772795,41.026007],[37.773059,41.026038],[37.773458,41.026184],[37.773667,41.026228],[37.773834,41.026264],[37.774146,41.026283],[37.7748,41.026036],[37.774821,41.026035],[37.775445,41.025853],[37.775832,41.02574],[37.775962,41.025708],[37.77627,41.025572],[37.776569,41.025417],[37.776695,41.025325],[37.777165,41.024988],[37.777405,41.024895],[37.777424,41.024892],[37.777451,41.024894],[37.777524,41.024882],[37.777912,41.024843],[37.777968,41.024827],[37.778322,41.024777],[37.77865,41.024632],[37.77882,41.024559],[37.779098,41.02459],[37.779338,41.024635],[37.779824,41.024779],[37.780189,41.024887],[37.780596,41.024918],[37.780876,41.024938],[37.781013,41.024905],[37.781067,41.024814],[37.781124,41.024418],[37.781367,41.024191],[37.781616,41.024353],[37.781884,41.024516],[37.782311,41.024589],[37.782611,41.024547],[37.782875,41.024469],[37.783192,41.024264],[37.783443,41.024061],[37.783808,41.023749],[37.783992,41.023655],[37.784169,41.023623],[37.784311,41.023672],[37.784703,41.023737],[37.785199,41.023779],[37.785736,41.02385],[37.785806,41.023847],[37.786123,41.023864],[37.786483,41.02388],[37.786614,41.023886],[37.786949,41.023897],[37.78711,41.023888],[37.787299,41.023875],[37.787322,41.023875],[37.787447,41.023883],[37.787834,41.02384],[37.788302,41.023791],[37.788684,41.023724],[37.789097,41.023675],[37.789397,41.023617],[37.789509,41.023631],[37.789783,41.023614],[37.790714,41.023634],[37.790965,41.023642],[37.791448,41.023557],[37.791794,41.023446],[37.792486,41.023173],[37.792927,41.022877],[37.794072,41.021994],[37.794795,41.021471],[37.795526,41.021249],[37.796182,41.021116],[37.796921,41.021159],[37.797648,41.021086],[37.798345,41.020903],[37.79909,41.020621],[37.800098,41.020351],[37.800555,41.020337],[37.800508,41.020326],[37.800354,41.02019],[37.800233,41.019985],[37.799716,41.019573],[37.799554,41.01951],[37.799362,41.019462],[37.799611,41.019139],[37.800195,41.018782],[37.800495,41.018546],[37.800611,41.018224],[37.800664,41.017899],[37.800359,41.016829],[37.799953,41.016879],[37.799724,41.016857],[37.799669,41.016775],[37.799657,41.016585],[37.799715,41.01621],[37.800057,41.015706],[37.800093,41.015408],[37.800251,41.015146],[37.800321,41.014976],[37.800314,41.014786],[37.800188,41.014692],[37.799815,41.014637],[37.799273,41.014628],[37.799091,41.014502],[37.799027,41.014063],[37.799145,41.013754],[37.799052,41.013548],[37.798529,41.013305],[37.798516,41.013204],[37.798786,41.012974],[37.798751,41.01266],[37.798379,41.012268],[37.797848,41.011757],[37.797727,41.011789],[37.79756,41.011777],[37.797432,41.011749],[37.797339,41.011719],[37.797206,41.011668],[37.797154,41.011643],[37.797033,41.011622],[37.796986,41.011621],[37.796875,41.011638],[37.796785,41.011669],[37.796686,41.011709],[37.796615,41.011738],[37.796516,41.01176],[37.796453,41.01176],[37.796348,41.011728],[37.796208,41.011675],[37.796064,41.01161],[37.795968,41.011568],[37.795921,41.011555],[37.795823,41.011527],[37.795723,41.011498],[37.795597,41.011457],[37.795497,41.011416],[37.795422,41.011386],[37.795308,41.011339],[37.795215,41.011281],[37.795136,41.01123],[37.795036,41.011169],[37.794974,41.011118],[37.794872,41.011027],[37.794785,41.010928],[37.794676,41.010847],[37.79463,41.010829],[37.79455,41.010808],[37.794426,41.010768],[37.794352,41.010737],[37.794279,41.010718],[37.794177,41.010682],[37.794074,41.010661],[37.793975,41.010658],[37.793936,41.010658],[37.793879,41.010666],[37.793841,41.010676],[37.793794,41.010692],[37.793742,41.010734],[37.793697,41.010762],[37.793644,41.010788],[37.793504,41.010787],[37.793445,41.010768],[37.793389,41.010741],[37.793359,41.010719],[37.793334,41.010689],[37.793314,41.010653],[37.793298,41.010619],[37.793284,41.010578],[37.793265,41.01051],[37.793233,41.01045],[37.793191,41.01041],[37.793152,41.010388],[37.793089,41.010373],[37.792952,41.010375],[37.792861,41.010378],[37.792786,41.010384],[37.792722,41.010405],[37.792644,41.01044],[37.792544,41.010494],[37.792466,41.010546],[37.792371,41.010618],[37.792238,41.010697],[37.792178,41.010744],[37.792079,41.010802],[37.791977,41.010858],[37.791889,41.010912],[37.791815,41.010966],[37.791753,41.011031],[37.791651,41.011078],[37.791585,41.01109],[37.791498,41.011091],[37.791423,41.011087],[37.791365,41.011072],[37.791306,41.011061],[37.791262,41.011042],[37.791199,41.011018],[37.791155,41.010998],[37.791094,41.010966],[37.791039,41.010937],[37.790967,41.010893],[37.790866,41.010851],[37.790769,41.010792],[37.79069,41.010725],[37.790565,41.010669],[37.790476,41.010623],[37.790362,41.01059],[37.790296,41.010577],[37.790228,41.01058],[37.790139,41.010595],[37.790044,41.010621],[37.789964,41.010646],[37.789879,41.010697],[37.789817,41.010746],[37.789696,41.010805],[37.789623,41.010824],[37.789564,41.010834],[37.789482,41.010833],[37.789417,41.01081],[37.789345,41.010766],[37.789268,41.010721],[37.789201,41.010676],[37.78915,41.010645],[37.789073,41.010607],[37.788998,41.010578],[37.788916,41.010568],[37.788827,41.010569],[37.788754,41.01057],[37.788597,41.010575],[37.788447,41.010556],[37.788319,41.01053],[37.788218,41.010504],[37.788123,41.010458],[37.788051,41.010418],[37.787971,41.010389],[37.78785,41.010334],[37.787809,41.010282],[37.787765,41.010241],[37.787731,41.01021],[37.787677,41.01019],[37.787607,41.01017],[37.787534,41.010169],[37.78733,41.010153],[37.787103,41.010129],[37.787007,41.010105],[37.786902,41.01009],[37.786838,41.010098],[37.786737,41.010107],[37.786629,41.010122],[37.786532,41.010146],[37.786497,41.010171],[37.786459,41.010197],[37.786413,41.010232],[37.786373,41.010271],[37.786294,41.010327],[37.78623,41.010378],[37.786157,41.010388],[37.786084,41.010399],[37.786006,41.010406],[37.785967,41.010396],[37.785915,41.010385],[37.785848,41.010365],[37.785787,41.01033],[37.785755,41.010307],[37.785692,41.010265],[37.785636,41.010231],[37.785595,41.010195],[37.785516,41.010141],[37.785423,41.010078],[37.78533,41.01002],[37.78526,41.010001],[37.785211,41.009999],[37.785155,41.010004],[37.785115,41.010014],[37.785067,41.010033],[37.785039,41.010056],[37.784986,41.010103],[37.784896,41.01014],[37.78476,41.010138],[37.784615,41.010101],[37.784464,41.010066],[37.784335,41.010052],[37.784177,41.010049],[37.783999,41.010034],[37.783885,41.010015],[37.783815,41.009997],[37.783708,41.009939],[37.783627,41.009874],[37.783549,41.009788],[37.78344,41.009678],[37.783376,41.009617],[37.783307,41.009545],[37.783228,41.009471],[37.783157,41.009407],[37.783068,41.009354],[37.783001,41.009307],[37.782966,41.00928],[37.782859,41.009274],[37.782823,41.009279],[37.78278,41.009307],[37.782759,41.009344],[37.782736,41.009411],[37.782735,41.009496],[37.782764,41.009589],[37.782788,41.009653],[37.782804,41.009696],[37.782826,41.009746],[37.782844,41.009791],[37.782834,41.009839],[37.782812,41.00989],[37.782769,41.009931],[37.782649,41.00994],[37.782488,41.009919],[37.782354,41.009883],[37.782123,41.009813],[37.781951,41.009753],[37.781786,41.009657],[37.781644,41.009574],[37.781495,41.009492],[37.781356,41.009418],[37.781277,41.009372],[37.781154,41.009309],[37.780956,41.009221],[37.780816,41.009163],[37.780678,41.009123],[37.780463,41.009072],[37.780258,41.009013],[37.780097,41.008981],[37.779895,41.008942],[37.779734,41.008917],[37.7796,41.008917],[37.779417,41.008921],[37.779316,41.008923],[37.779269,41.00894],[37.779217,41.008963],[37.779162,41.008993],[37.779107,41.009045],[37.779071,41.009084],[37.779028,41.009123],[37.778973,41.009176],[37.778935,41.009204],[37.778902,41.009225],[37.778855,41.009247],[37.778787,41.009227],[37.778696,41.009183],[37.778604,41.00912],[37.778534,41.009068],[37.778428,41.008985],[37.778372,41.008949],[37.778281,41.008905],[37.778216,41.008883],[37.778155,41.008874],[37.77809,41.008864],[37.777968,41.00884],[37.777879,41.008823],[37.777807,41.008802],[37.777699,41.008759],[37.777641,41.008737],[37.77759,41.008724],[37.777447,41.008685],[37.77734,41.008648],[37.777238,41.008602],[37.777158,41.008584],[37.777102,41.008574],[37.777007,41.008643],[37.777037,41.008687],[37.777094,41.008733],[37.777155,41.008774],[37.777203,41.008842],[37.777192,41.008901],[37.777135,41.008934],[37.777024,41.008963],[37.776917,41.008917],[37.776813,41.008856],[37.776614,41.008717],[37.776532,41.008686],[37.77645,41.008688],[37.776379,41.008702],[37.776329,41.008744],[37.776274,41.008793],[37.776184,41.008856],[37.776136,41.0089],[37.776067,41.008955],[37.776003,41.008993],[37.775915,41.00904],[37.775818,41.009067],[37.77566,41.009101],[37.775592,41.009099],[37.775523,41.009063],[37.775483,41.009039],[37.775456,41.009],[37.775436,41.008932],[37.77543,41.008852],[37.775608,41.008624],[37.775706,41.008542],[37.775721,41.008497],[37.775724,41.008458],[37.775497,41.008321],[37.775441,41.008301],[37.775384,41.0083],[37.775292,41.008354],[37.775244,41.008409],[37.775149,41.008474],[37.7748,41.008287],[37.774646,41.008221],[37.774457,41.008207],[37.773954,41.008219],[37.773295,41.008214],[37.772958,41.008239],[37.772718,41.008316],[37.772606,41.008363],[37.772482,41.008376],[37.772294,41.0085],[37.7719,41.008723],[37.7717,41.008814],[37.77143,41.008921],[37.771312,41.008924],[37.771248,41.008907],[37.771142,41.008861],[37.771025,41.008836],[37.770881,41.008802],[37.770742,41.008792],[37.770603,41.008803],[37.770425,41.008841],[37.770292,41.008836],[37.770067,41.008809],[37.769838,41.008742],[37.769648,41.008634],[37.769521,41.008515],[37.769465,41.008393],[37.76943,41.008275],[37.769378,41.008153],[37.769246,41.008062],[37.769092,41.007984],[37.769003,41.00791],[37.768919,41.007824],[37.768883,41.007758],[37.768873,41.007698],[37.768918,41.007584],[37.768973,41.00752],[37.769011,41.00746],[37.769013,41.007367],[37.768998,41.007314],[37.768929,41.007272],[37.76886,41.007239],[37.768689,41.007205],[37.768481,41.007162],[37.768321,41.007132],[37.768194,41.00709],[37.768088,41.007032],[37.767987,41.006962],[37.767903,41.006884],[37.76777,41.006863],[37.767652,41.006878],[37.767474,41.006953],[37.767387,41.006996],[37.767312,41.007016],[37.767184,41.006966],[37.767111,41.006908],[37.767043,41.00679],[37.766939,41.006635],[37.76686,41.006549],[37.766711,41.006507],[37.766562,41.006481],[37.766464,41.006431],[37.766114,41.006399],[37.765987,41.006381],[37.765783,41.006387],[37.765673,41.006403],[37.765563,41.006448],[37.765493,41.006469],[37.765444,41.006469],[37.76541,41.006449],[37.765128,41.006208],[37.765014,41.006215],[37.764894,41.006219],[37.764752,41.006219],[37.764677,41.00621],[37.764628,41.006134],[37.764546,41.006091],[37.764474,41.006035],[37.764433,41.005988],[37.764357,41.005941],[37.764077,41.005914],[37.764059,41.005893],[37.764067,41.00588],[37.764186,41.005648],[37.76438,41.005648],[37.764507,41.005705],[37.764626,41.005853],[37.764713,41.005872],[37.764834,41.005853],[37.765058,41.005837],[37.765296,41.005928],[37.765425,41.006018],[37.765625,41.006047],[37.765679,41.005866],[37.765446,41.005572],[37.765226,41.005353],[37.765192,41.005139],[37.765223,41.004922],[37.764812,41.004988],[37.764062,41.004926],[37.763566,41.004928],[37.763463,41.004957],[37.76344,41.004868],[37.763341,41.004593],[37.763308,41.004555],[37.763091,41.004398],[37.763045,41.004309],[37.763002,41.004248],[37.762955,41.004201],[37.762903,41.004171],[37.762784,41.004156],[37.762681,41.004221],[37.762607,41.004278],[37.762539,41.004333],[37.762453,41.00435],[37.762321,41.004328],[37.762221,41.004294],[37.762121,41.004252],[37.762041,41.004227],[37.761925,41.004201],[37.761871,41.004184],[37.761833,41.004182],[37.761805,41.00421],[37.761785,41.004242],[37.761725,41.004282],[37.761665,41.0043],[37.761619,41.004299],[37.761527,41.004289],[37.761296,41.004245],[37.761115,41.004254],[37.761012,41.004274],[37.760955,41.004307],[37.760885,41.004369],[37.760806,41.004414],[37.760706,41.004462],[37.760521,41.004545],[37.760309,41.004588],[37.760176,41.004612],[37.759788,41.004608],[37.759647,41.004608],[37.759269,41.004644],[37.759184,41.004669],[37.759134,41.004706],[37.759128,41.004829],[37.759141,41.004893],[37.759138,41.004923],[37.759097,41.004952],[37.758564,41.005174],[37.758322,41.005319],[37.758124,41.005395],[37.757767,41.005454],[37.757521,41.005472],[37.75732,41.005501],[37.757228,41.005535],[37.756986,41.005693],[37.756692,41.005807],[37.756368,41.005915],[37.756076,41.006],[37.756038,41.006014],[37.755935,41.006114],[37.755705,41.006288],[37.75551,41.006422],[37.755483,41.006452],[37.755386,41.006529],[37.755154,41.00673],[37.755025,41.006813],[37.754902,41.006893],[37.754301,41.007462],[37.753834,41.007328],[37.753571,41.007268],[37.753584,41.007397],[37.753632,41.007622],[37.753697,41.007926],[37.753833,41.008122],[37.754014,41.008323],[37.754203,41.008424],[37.754519,41.008612],[37.754523,41.008614],[37.754845,41.008884],[37.754988,41.008893],[37.755134,41.008967],[37.755376,41.009114],[37.755686,41.009276],[37.755775,41.009313],[37.75594,41.00941],[37.756052,41.009478],[37.756172,41.009528],[37.756588,41.009777],[37.756567,41.00994],[37.756547,41.010186],[37.756516,41.010299],[37.756569,41.010415],[37.756755,41.0106],[37.756849,41.010597],[37.756949,41.010548],[37.757154,41.010586],[37.757404,41.01064],[37.757454,41.010657],[37.757522,41.010755],[37.757589,41.010812],[37.757637,41.010937],[37.75774,41.011153],[37.757873,41.011258],[37.758111,41.011308],[37.758293,41.011513],[37.758349,41.011534],[37.758346,41.011626],[37.758287,41.011838],[37.758255,41.011985],[37.75825,41.0122],[37.758241,41.012257],[37.758354,41.012276],[37.758429,41.012256],[37.758592,41.012154],[37.758696,41.012132],[37.75881,41.012223],[37.758912,41.012262],[37.759106,41.012288],[37.759448,41.012353],[37.759773,41.012368],[37.759854,41.01236],[37.760072,41.012303],[37.760158,41.01221],[37.760153,41.012187],[37.760289,41.012175],[37.760496,41.012153],[37.760577,41.01224],[37.760736,41.012252],[37.76072,41.012295],[37.760984,41.012268],[37.761136,41.012234],[37.76112,41.012046],[37.761389,41.01203],[37.761659,41.012051],[37.76178,41.012062],[37.761853,41.012055],[37.761938,41.01198],[37.762146,41.011943],[37.762218,41.011896],[37.762349,41.011855],[37.762548,41.011822],[37.762682,41.011795],[37.762721,41.011983],[37.762721,41.01201],[37.762776,41.012135],[37.762776,41.012187],[37.762789,41.012288],[37.762847,41.012341],[37.762903,41.012673],[37.762952,41.012783],[37.762975,41.012974],[37.763069,41.013111],[37.763073,41.013146],[37.762943,41.013285],[37.762709,41.013433],[37.762609,41.013526],[37.76249,41.013666],[37.762439,41.013797],[37.762446,41.013901],[37.762554,41.013966],[37.762666,41.013979],[37.762791,41.01411],[37.762913,41.014301],[37.763123,41.014436],[37.763162,41.014589],[37.763214,41.014689],[37.763151,41.014769],[37.763268,41.014959],[37.763317,41.015035],[37.763457,41.01513],[37.763749,41.015272],[37.763974,41.015327],[37.76417,41.015405],[37.764192,41.01541],[37.764173,41.015413],[37.764283,41.015522],[37.764476,41.015667],[37.764841,41.015893],[37.764413,41.016591],[37.763815,41.017054],[37.763692,41.017135],[37.763585,41.017377],[37.763586,41.017396],[37.763577,41.017876],[37.763719,41.018758],[37.763717,41.018933],[37.763712,41.018968],[37.763718,41.019374],[37.763979,41.01972],[37.764007,41.01981],[37.763914,41.020195],[37.763895,41.020409],[37.764197,41.020496],[37.76397,41.020915],[37.764021,41.021021],[37.764309,41.021174],[37.76465,41.021343],[37.764813,41.021486],[37.764871,41.021624],[37.764885,41.02175],[37.764914,41.021879],[37.76495,41.021919],[37.765115,41.021979],[37.765686,41.022144],[37.766069,41.022197],[37.766144,41.022268],[37.766507,41.022539],[37.76679,41.022759],[37.766999,41.023],[37.76713,41.023167],[37.76718,41.023262],[37.767269,41.02348],[37.767358,41.023913],[37.767428,41.024272],[37.767514,41.024423],[37.767657,41.024571],[37.767809,41.024689],[37.768022,41.024731],[37.768216,41.024733],[37.768427,41.024678],[37.768618,41.024615],[37.768764,41.024589],[37.768971,41.024558],[37.769128,41.02459],[37.769269,41.024641],[37.769492,41.024805],[37.769777,41.025145],[37.770159,41.025483],[37.770521,41.02575],[37.770752,41.025945],[37.770888,41.02606],[37.771067,41.026169],[37.771067,41.026171],[37.771073,41.026173],[37.771254,41.026303],[37.77131,41.026294],[37.771347,41.026283],[37.771617,41.026237],[37.771706,41.026235],[37.772146,41.026122],[37.7722,41.026116],[37.772795,41.026007]]]]}},{"type":"Feature","properties":{"id":"TR-Y-52-017-M-0007","level":"yerlesim","type":"mahalle","parent_id":"TR-D-52-017","province_id":"TR-P-52","district_id":"TR-D-52-017","name":"Boğazcık","source_raw_name":"BOĞAZCIK","source":"Kamuya açık veri ve kent rehberi servisleri","source_label":"Kamuya açık veri ve kent rehberi servisleri","source_name":"Ordu Büyükşehir Belediyesi Akıllı Şehir Açık Veri Platformu - Mahalleler"},"geometry":{"type":"MultiPolygon","coordinates":[[[[37.702727,41.104609],[37.70274,41.104597],[37.702751,41.104603],[37.703191,41.104488],[37.703206,41.104484],[37.703405,41.104366],[37.703456,41.104289],[37.703513,41.104197],[37.703618,41.10409],[37.703708,41.104021],[37.704046,41.103775],[37.704163,41.103739],[37.704281,41.103702],[37.704421,41.103555],[37.704548,41.103396],[37.704694,41.103218],[37.705021,41.102991],[37.704675,41.102724],[37.704435,41.102497],[37.704218,41.102227],[37.705049,41.101846],[37.70516,41.101796],[37.705384,41.101623],[37.705483,41.101495],[37.705572,41.101431],[37.705754,41.101337],[37.705862,41.101155],[37.705922,41.10076],[37.70606,41.100654],[37.706111,41.100544],[37.7061,41.100394],[37.706097,41.100349],[37.706198,41.100025],[37.706419,41.099734],[37.706437,41.099724],[37.706694,41.099585],[37.706778,41.099499],[37.706878,41.099397],[37.706889,41.099318],[37.707025,41.099123],[37.70707,41.099144],[37.707332,41.099263],[37.70737,41.099158],[37.707496,41.098958],[37.707688,41.099049],[37.707982,41.099208],[37.707991,41.099213],[37.708304,41.099278],[37.708381,41.099294],[37.708492,41.099258],[37.708677,41.099213],[37.708846,41.099172],[37.70901,41.099193],[37.70921,41.099219],[37.709389,41.099135],[37.709404,41.099138],[37.709589,41.099171],[37.70953,41.099022],[37.709473,41.098807],[37.709381,41.098686],[37.709281,41.098555],[37.709276,41.098547],[37.70919,41.098262],[37.70915,41.098228],[37.709053,41.098145],[37.70905,41.097963],[37.709149,41.097852],[37.709167,41.097843],[37.709216,41.097818],[37.709419,41.097684],[37.709685,41.097649],[37.709891,41.097673],[37.710078,41.09768],[37.71013,41.097562],[37.710071,41.097439],[37.709973,41.097135],[37.709915,41.096909],[37.709913,41.096902],[37.709904,41.096689],[37.71031,41.096711],[37.710526,41.096752],[37.710732,41.096887],[37.710956,41.096854],[37.711127,41.096713],[37.711158,41.096718],[37.711352,41.09675],[37.711511,41.096854],[37.711654,41.097018],[37.711793,41.097081],[37.712075,41.097307],[37.712289,41.097464],[37.712371,41.09747],[37.712612,41.097596],[37.712699,41.097586],[37.713157,41.097254],[37.713129,41.097208],[37.71291,41.097128],[37.712867,41.097086],[37.712838,41.097013],[37.71283,41.096948],[37.713076,41.096742],[37.713095,41.096695],[37.71301,41.09651],[37.712988,41.096466],[37.712949,41.096445],[37.712695,41.096385],[37.71261,41.09637],[37.71252,41.096338],[37.712497,41.096299],[37.712518,41.09614],[37.712572,41.0961],[37.712678,41.09602],[37.712734,41.095924],[37.712724,41.095853],[37.712689,41.095781],[37.712667,41.095749],[37.712515,41.095602],[37.712445,41.095378],[37.712412,41.095249],[37.71222,41.094878],[37.712021,41.09437],[37.711959,41.094175],[37.711931,41.094051],[37.711932,41.094028],[37.711944,41.094001],[37.71195,41.093994],[37.712042,41.093967],[37.712239,41.093886],[37.712769,41.093911],[37.712909,41.093918],[37.713258,41.093799],[37.713591,41.093694],[37.713677,41.093667],[37.714093,41.093562],[37.714783,41.093308],[37.71471,41.093037],[37.714873,41.09299],[37.714972,41.092965],[37.71497,41.092964],[37.714934,41.092952],[37.714771,41.092856],[37.714382,41.092639],[37.714078,41.092508],[37.7139,41.092487],[37.713626,41.092388],[37.71359,41.092435],[37.713603,41.092382],[37.713653,41.092295],[37.71369,41.092204],[37.713818,41.09217],[37.714022,41.092006],[37.714057,41.091936],[37.714198,41.091878],[37.714266,41.091849],[37.714394,41.091789],[37.714442,41.091694],[37.714493,41.091519],[37.714532,41.091431],[37.714622,41.091292],[37.714667,41.091228],[37.714747,41.091105],[37.714783,41.090942],[37.71482,41.090908],[37.71488,41.090813],[37.715051,41.091017],[37.715063,41.091037],[37.715188,41.091246],[37.71535,41.091286],[37.715553,41.091281],[37.715747,41.091234],[37.715932,41.091278],[37.71615,41.091341],[37.716188,41.09132],[37.716353,41.091335],[37.716407,41.091322],[37.716391,41.091262],[37.716383,41.091186],[37.716375,41.09107],[37.716367,41.090906],[37.716341,41.090782],[37.716339,41.090774],[37.716316,41.090704],[37.716327,41.090574],[37.716332,41.090498],[37.716314,41.090462],[37.716316,41.090389],[37.716349,41.090249],[37.716325,41.090178],[37.71635,41.090055],[37.716381,41.089898],[37.716385,41.08988],[37.716449,41.089578],[37.71645,41.089572],[37.716459,41.089503],[37.716478,41.089294],[37.716505,41.089148],[37.716599,41.089057],[37.716686,41.089004],[37.716617,41.088945],[37.716639,41.088738],[37.716771,41.088547],[37.716699,41.088411],[37.716621,41.088288],[37.716584,41.088099],[37.716656,41.087951],[37.716663,41.087771],[37.71669,41.087594],[37.71672,41.087427],[37.716552,41.087293],[37.716473,41.087131],[37.71644,41.086998],[37.716528,41.086845],[37.716505,41.086829],[37.716565,41.086586],[37.716593,41.086456],[37.716603,41.086373],[37.716714,41.086185],[37.716846,41.085989],[37.716989,41.085762],[37.716932,41.085577],[37.716881,41.085345],[37.716836,41.085093],[37.716754,41.084884],[37.716765,41.084671],[37.716772,41.084441],[37.71663,41.084209],[37.716543,41.084129],[37.716117,41.083798],[37.715922,41.08365],[37.715957,41.083399],[37.715969,41.083227],[37.716029,41.082969],[37.716064,41.08277],[37.716101,41.08252],[37.716142,41.082243],[37.716192,41.082007],[37.716213,41.08191],[37.716375,41.081497],[37.7164,41.081407],[37.716501,41.081287],[37.71664,41.081149],[37.716764,41.081023],[37.716818,41.080969],[37.717281,41.080613],[37.717367,41.080575],[37.717504,41.08048],[37.717637,41.080433],[37.717649,41.080329],[37.71769,41.080259],[37.717703,41.080249],[37.717732,41.080204],[37.717869,41.080119],[37.717968,41.080046],[37.718097,41.079991],[37.718259,41.079898],[37.718367,41.079849],[37.718515,41.079782],[37.718542,41.079776],[37.718564,41.079773],[37.718621,41.07975],[37.718831,41.079627],[37.718918,41.079571],[37.718991,41.07951],[37.719136,41.079384],[37.719205,41.079317],[37.719412,41.079155],[37.719521,41.079105],[37.7196,41.078997],[37.71971,41.078877],[37.71979,41.078796],[37.719867,41.07865],[37.719876,41.078435],[37.719874,41.07833],[37.719874,41.078264],[37.719932,41.078102],[37.71994,41.078078],[37.720094,41.078038],[37.720112,41.078033],[37.720444,41.077928],[37.720591,41.077927],[37.720674,41.07794],[37.720821,41.077945],[37.720962,41.077959],[37.721331,41.077872],[37.721586,41.077759],[37.721599,41.077662],[37.721642,41.077548],[37.721741,41.077434],[37.721835,41.077418],[37.721953,41.077386],[37.722467,41.077242],[37.722822,41.07717],[37.723068,41.077118],[37.723309,41.07704],[37.72358,41.07695],[37.723631,41.076933],[37.723843,41.076885],[37.723951,41.076846],[37.724182,41.07674],[37.724247,41.076715],[37.724322,41.076673],[37.724363,41.076628],[37.724418,41.076613],[37.7245,41.076576],[37.724606,41.076545],[37.724764,41.076534],[37.725051,41.076455],[37.725138,41.076423],[37.725253,41.076376],[37.725492,41.076265],[37.725998,41.076114],[37.726479,41.076007],[37.726781,41.075952],[37.727195,41.075869],[37.727457,41.075785],[37.72779,41.075779],[37.727611,41.075581],[37.727579,41.07548],[37.727453,41.075354],[37.727441,41.075318],[37.727367,41.075207],[37.727296,41.075125],[37.727182,41.075014],[37.72705,41.074929],[37.726973,41.074836],[37.726836,41.074723],[37.72668,41.074628],[37.726323,41.074442],[37.726142,41.074371],[37.726029,41.074304],[37.725877,41.074232],[37.725673,41.07414],[37.725485,41.074043],[37.725401,41.074006],[37.725354,41.073942],[37.725391,41.073812],[37.725467,41.073585],[37.725492,41.073487],[37.725509,41.073329],[37.725506,41.073216],[37.725495,41.073135],[37.725412,41.072895],[37.725393,41.072893],[37.725285,41.072751],[37.725182,41.072611],[37.725159,41.072547],[37.725078,41.072431],[37.724941,41.072233],[37.724798,41.07209],[37.724577,41.072208],[37.724236,41.072078],[37.724061,41.07209],[37.723634,41.072148],[37.723061,41.072083],[37.72299,41.072039],[37.722602,41.072126],[37.722418,41.072259],[37.721981,41.072278],[37.721766,41.072245],[37.721461,41.072318],[37.721211,41.072257],[37.721156,41.072247],[37.721091,41.072273],[37.720933,41.072219],[37.72082,41.072063],[37.720721,41.072105],[37.720518,41.072016],[37.720456,41.072078],[37.719998,41.072173],[37.719609,41.072074],[37.719335,41.071888],[37.720406,41.071158],[37.720593,41.070564],[37.720406,41.070289],[37.720396,41.070144],[37.720514,41.06998],[37.720636,41.06988],[37.72076,41.069778],[37.720823,41.069617],[37.720806,41.069552],[37.72046,41.0693],[37.720409,41.069202],[37.720388,41.06917],[37.720334,41.06916],[37.719989,41.069072],[37.719842,41.069012],[37.719636,41.068937],[37.719585,41.068874],[37.719554,41.068797],[37.719568,41.068683],[37.719603,41.068448],[37.719706,41.068313],[37.719777,41.068225],[37.719822,41.068108],[37.719709,41.06801],[37.719826,41.06794],[37.719802,41.067912],[37.719815,41.067894],[37.719833,41.067835],[37.719545,41.067773],[37.719312,41.067751],[37.719101,41.067744],[37.719023,41.067723],[37.718553,41.067667],[37.718449,41.067631],[37.718365,41.067633],[37.718134,41.067568],[37.717825,41.067458],[37.717764,41.067455],[37.717315,41.067265],[37.717043,41.067156],[37.716953,41.067096],[37.716926,41.067121],[37.716949,41.067202],[37.717089,41.067321],[37.716886,41.067359],[37.716805,41.067295],[37.71671,41.067118],[37.716709,41.066996],[37.716674,41.066921],[37.716588,41.066903],[37.716511,41.066914],[37.716364,41.066948],[37.716113,41.066994],[37.715806,41.067037],[37.715674,41.067069],[37.715562,41.067048],[37.715091,41.067025],[37.71454,41.06703],[37.713991,41.06693],[37.71353,41.06683],[37.713127,41.066626],[37.71292,41.06634],[37.712463,41.066192],[37.712183,41.066135],[37.71179,41.065959],[37.71158,41.065857],[37.711517,41.065852],[37.71136,41.065826],[37.711259,41.065758],[37.711175,41.065728],[37.71116,41.06572],[37.711094,41.065698],[37.711069,41.06568],[37.71089,41.065621],[37.710658,41.065544],[37.710527,41.065517],[37.710489,41.065501],[37.710345,41.065462],[37.710156,41.065417],[37.710101,41.065409],[37.709991,41.065377],[37.709851,41.06535],[37.709736,41.065325],[37.709606,41.065264],[37.709435,41.065207],[37.709347,41.065187],[37.709031,41.065124],[37.70876,41.065161],[37.708651,41.065188],[37.70858,41.06519],[37.70855,41.065181],[37.708506,41.065102],[37.708437,41.06506],[37.708378,41.064993],[37.708217,41.064859],[37.707863,41.064728],[37.70719,41.064346],[37.707192,41.064342],[37.70719,41.064345],[37.707086,41.064361],[37.706919,41.064386],[37.706889,41.064388],[37.706771,41.064381],[37.706613,41.064412],[37.706513,41.064436],[37.706421,41.064448],[37.706338,41.064474],[37.706165,41.064494],[37.706068,41.064513],[37.705912,41.064606],[37.705728,41.064688],[37.705698,41.064741],[37.705665,41.064764],[37.70578,41.064813],[37.705659,41.064854],[37.705547,41.0649],[37.705334,41.064969],[37.705182,41.065038],[37.705129,41.065098],[37.705075,41.065124],[37.705006,41.065145],[37.704864,41.065253],[37.704677,41.065332],[37.704466,41.065458],[37.704254,41.065588],[37.704194,41.065682],[37.704183,41.0657],[37.704111,41.065798],[37.704038,41.065895],[37.703872,41.066019],[37.703713,41.066196],[37.703601,41.066349],[37.7036,41.066435],[37.703569,41.066519],[37.703536,41.066638],[37.703538,41.066727],[37.703402,41.066918],[37.7033,41.067073],[37.703206,41.067261],[37.703178,41.06737],[37.703132,41.067605],[37.703115,41.067661],[37.70313,41.067731],[37.703124,41.067787],[37.703121,41.067824],[37.703078,41.067938],[37.703023,41.067986],[37.70299,41.068002],[37.702906,41.068104],[37.702875,41.06817],[37.702217,41.067991],[37.702312,41.068096],[37.702444,41.068217],[37.702564,41.06833],[37.702655,41.068478],[37.702706,41.068631],[37.702734,41.068882],[37.702712,41.06892],[37.702689,41.069061],[37.702649,41.069164],[37.702568,41.069349],[37.702498,41.069473],[37.70242,41.069611],[37.702335,41.069694],[37.702263,41.069755],[37.702086,41.069858],[37.701903,41.070016],[37.701855,41.070094],[37.701743,41.070212],[37.701679,41.070329],[37.701655,41.070398],[37.701597,41.070544],[37.701547,41.07061],[37.701374,41.070779],[37.701116,41.070955],[37.700885,41.071116],[37.700871,41.071158],[37.700851,41.071156],[37.700831,41.0713],[37.700784,41.071298],[37.700718,41.071292],[37.700481,41.071242],[37.700363,41.071245],[37.700175,41.071256],[37.699922,41.071291],[37.699849,41.071301],[37.699577,41.071306],[37.699412,41.071338],[37.699224,41.071419],[37.699158,41.071418],[37.699129,41.071451],[37.699045,41.07161],[37.699032,41.071773],[37.698815,41.072179],[37.698614,41.072259],[37.698488,41.072282],[37.698488,41.072495],[37.698493,41.072587],[37.698453,41.072715],[37.698387,41.07276],[37.698304,41.072876],[37.69821,41.072968],[37.698043,41.073079],[37.697956,41.073147],[37.697869,41.073224],[37.697757,41.073303],[37.69776,41.073458],[37.697731,41.073504],[37.697805,41.073714],[37.697826,41.073717],[37.697866,41.073735],[37.697872,41.073807],[37.697861,41.073892],[37.697753,41.073976],[37.697757,41.074039],[37.697742,41.074196],[37.697703,41.074294],[37.697643,41.074346],[37.697523,41.074441],[37.69749,41.074448],[37.697353,41.074515],[37.697348,41.074531],[37.697318,41.07465],[37.697269,41.074647],[37.69711,41.074641],[37.697063,41.07464],[37.697041,41.074632],[37.697001,41.07468],[37.696981,41.074816],[37.696942,41.074864],[37.696845,41.075058],[37.696824,41.075098],[37.696789,41.075186],[37.696797,41.075279],[37.696846,41.075328],[37.696843,41.075363],[37.696756,41.075492],[37.696627,41.075577],[37.696573,41.075619],[37.696327,41.075689],[37.696299,41.075732],[37.696232,41.075846],[37.696192,41.075905],[37.696085,41.075936],[37.696048,41.075942],[37.695953,41.075983],[37.695819,41.076011],[37.695732,41.076082],[37.695716,41.076105],[37.695716,41.076147],[37.695653,41.076215],[37.695687,41.076284],[37.695785,41.076311],[37.695934,41.076325],[37.696237,41.076606],[37.696359,41.076771],[37.696432,41.076997],[37.696497,41.077098],[37.696545,41.077227],[37.696577,41.077424],[37.696561,41.077541],[37.696521,41.07772],[37.696534,41.077802],[37.69621,41.07773],[37.696041,41.077729],[37.695914,41.077781],[37.695786,41.077744],[37.695653,41.077872],[37.695459,41.077981],[37.695337,41.078031],[37.695129,41.078035],[37.694967,41.078107],[37.69482,41.078189],[37.694752,41.078197],[37.694568,41.07831],[37.694485,41.078476],[37.694506,41.078523],[37.694548,41.078617],[37.694542,41.078653],[37.694509,41.078679],[37.694505,41.078804],[37.694536,41.078878],[37.694425,41.078892],[37.69426,41.078851],[37.694214,41.078833],[37.693997,41.078752],[37.693753,41.078664],[37.693656,41.078659],[37.69357,41.078649],[37.693427,41.078543],[37.693238,41.078616],[37.692952,41.078687],[37.692805,41.078799],[37.692709,41.078938],[37.69266,41.079114],[37.692669,41.079172],[37.69263,41.079235],[37.692597,41.079338],[37.692545,41.079472],[37.692484,41.079644],[37.69242,41.080009],[37.692451,41.080102],[37.692365,41.080185],[37.692263,41.080272],[37.692092,41.080431],[37.692061,41.080462],[37.692072,41.080514],[37.692022,41.080652],[37.691982,41.08074],[37.692015,41.080875],[37.692092,41.080911],[37.692099,41.080941],[37.692433,41.081047],[37.692457,41.081057],[37.692502,41.081097],[37.692608,41.081208],[37.692666,41.081307],[37.692653,41.081494],[37.692636,41.081509],[37.692283,41.081646],[37.692225,41.081687],[37.692147,41.081721],[37.69196,41.081689],[37.6918,41.081743],[37.691707,41.081812],[37.691697,41.081838],[37.691583,41.081902],[37.691428,41.082045],[37.691375,41.082102],[37.691353,41.082126],[37.691268,41.082162],[37.691173,41.08226],[37.691088,41.082351],[37.690938,41.082509],[37.690845,41.082652],[37.690752,41.082749],[37.690669,41.082792],[37.69045,41.082804],[37.690225,41.082907],[37.690141,41.082901],[37.690133,41.082911],[37.690023,41.08299],[37.689963,41.083191],[37.689779,41.08341],[37.689782,41.083454],[37.689682,41.083615],[37.689536,41.08368],[37.689449,41.083738],[37.689428,41.083826],[37.689341,41.083943],[37.689204,41.084039],[37.68919,41.084136],[37.689148,41.084324],[37.689072,41.084394],[37.688894,41.084487],[37.688824,41.084572],[37.688725,41.084729],[37.688706,41.084907],[37.688781,41.084994],[37.688631,41.085156],[37.688648,41.085262],[37.688657,41.085476],[37.688652,41.085704],[37.688499,41.085949],[37.688511,41.086071],[37.688508,41.086303],[37.68857,41.086612],[37.688319,41.086965],[37.688327,41.087041],[37.688304,41.087071],[37.688247,41.087125],[37.688264,41.087277],[37.688301,41.087366],[37.688232,41.087445],[37.688077,41.087729],[37.688071,41.087856],[37.688091,41.087906],[37.688049,41.088046],[37.68791,41.088162],[37.687861,41.088251],[37.687788,41.088357],[37.687731,41.088408],[37.687588,41.088506],[37.687567,41.08859],[37.687532,41.088728],[37.687481,41.08875],[37.687426,41.088766],[37.687331,41.089012],[37.687289,41.089169],[37.687178,41.089275],[37.687098,41.089388],[37.686966,41.089453],[37.686727,41.089662],[37.686328,41.089814],[37.686006,41.090039],[37.685913,41.090176],[37.685757,41.090181],[37.685515,41.09042],[37.685519,41.09048],[37.685587,41.090558],[37.685585,41.090565],[37.685477,41.090633],[37.68545,41.090634],[37.685391,41.09065],[37.685353,41.090678],[37.68533,41.09072],[37.685291,41.090837],[37.685288,41.090863],[37.685298,41.090878],[37.685317,41.090895],[37.685411,41.090981],[37.685415,41.090988],[37.685414,41.091011],[37.6854,41.091128],[37.685391,41.091146],[37.685366,41.09119],[37.685323,41.091259],[37.685306,41.091273],[37.68527,41.091298],[37.685248,41.09131],[37.685242,41.091326],[37.685242,41.091351],[37.685259,41.091385],[37.685373,41.0916],[37.685392,41.091631],[37.685595,41.091935],[37.685603,41.091947],[37.685603,41.091955],[37.685597,41.091972],[37.685583,41.091988],[37.685528,41.092057],[37.685519,41.092074],[37.685511,41.092108],[37.685498,41.092177],[37.685505,41.092216],[37.685508,41.092237],[37.685505,41.09225],[37.68549,41.092276],[37.6854,41.092502],[37.685397,41.092525],[37.685402,41.092551],[37.685421,41.092636],[37.685422,41.092652],[37.685412,41.092676],[37.68533,41.092785],[37.685311,41.092806],[37.685281,41.092824],[37.68518,41.092902],[37.685162,41.092921],[37.685154,41.092945],[37.685147,41.093087],[37.685151,41.093133],[37.685169,41.093185],[37.685221,41.093409],[37.685219,41.093445],[37.685196,41.093502],[37.685114,41.093706],[37.685107,41.093751],[37.685117,41.093783],[37.68513,41.093816],[37.685229,41.093981],[37.685243,41.094069],[37.685236,41.094172],[37.685223,41.094264],[37.685209,41.094292],[37.685155,41.094335],[37.684944,41.094508],[37.684928,41.094537],[37.68493,41.094567],[37.684987,41.094783],[37.684985,41.09481],[37.684966,41.094853],[37.684917,41.094909],[37.684839,41.094951],[37.684472,41.095187],[37.68429,41.095299],[37.684229,41.095342],[37.684199,41.095397],[37.684179,41.095491],[37.684156,41.095632],[37.684129,41.095871],[37.684152,41.095937],[37.684167,41.09599],[37.684162,41.096043],[37.684139,41.096084],[37.684043,41.096169],[37.68398,41.096202],[37.683907,41.096244],[37.68387,41.096309],[37.683859,41.096368],[37.683872,41.096456],[37.68388,41.096536],[37.68388,41.096634],[37.683912,41.09672],[37.68395,41.096831],[37.683981,41.096864],[37.684094,41.096941],[37.684145,41.096986],[37.68419,41.097055],[37.684209,41.097123],[37.684182,41.097189],[37.684176,41.097271],[37.684207,41.097316],[37.684263,41.097366],[37.684408,41.097467],[37.684593,41.09756],[37.684715,41.097636],[37.684844,41.097724],[37.6849,41.09778],[37.684928,41.097834],[37.685072,41.09811],[37.685197,41.098309],[37.685517,41.09865],[37.685575,41.098695],[37.685767,41.098802],[37.68615,41.098954],[37.686191,41.098982],[37.686227,41.09902],[37.686308,41.099149],[37.686351,41.099287],[37.686324,41.099376],[37.686246,41.09947],[37.686018,41.099699],[37.685965,41.099775],[37.685938,41.099883],[37.685956,41.099927],[37.686005,41.099955],[37.686193,41.100057],[37.686252,41.100066],[37.686311,41.100054],[37.686385,41.100028],[37.686438,41.099996],[37.686659,41.099808],[37.686728,41.099744],[37.686783,41.099712],[37.686815,41.099698],[37.68686,41.099686],[37.686914,41.099675],[37.686958,41.099668],[37.686983,41.099672],[37.68702,41.099699],[37.687205,41.099828],[37.687279,41.099885],[37.687318,41.099897],[37.68739,41.099909],[37.687781,41.099978],[37.687821,41.09998],[37.687844,41.099975],[37.687863,41.09996],[37.68801,41.099843],[37.688063,41.099814],[37.688126,41.099791],[37.688288,41.099727],[37.688333,41.099711],[37.688363,41.099709],[37.688402,41.099717],[37.688438,41.099729],[37.688808,41.099849],[37.68887,41.099881],[37.689051,41.099978],[37.689104,41.10002],[37.689378,41.100214],[37.689535,41.10035],[37.689794,41.100576],[37.690215,41.100906],[37.690956,41.101264],[37.691111,41.10143],[37.69145,41.101736],[37.691615,41.101928],[37.691804,41.102055],[37.691896,41.102104],[37.69194,41.102113],[37.691961,41.102112],[37.69199,41.102104],[37.692017,41.102096],[37.692085,41.102079],[37.692126,41.102073],[37.692153,41.102067],[37.692194,41.10205],[37.692223,41.102033],[37.692248,41.102019],[37.692369,41.101906],[37.692413,41.101867],[37.692491,41.101815],[37.692586,41.101753],[37.692659,41.101722],[37.692739,41.101698],[37.692826,41.101674],[37.692944,41.101657],[37.693056,41.101635],[37.693181,41.101608],[37.693269,41.101577],[37.693409,41.101522],[37.693482,41.101494],[37.693637,41.10139],[37.69371,41.10134],[37.693859,41.10127],[37.694005,41.101202],[37.694223,41.101116],[37.694504,41.101031],[37.694619,41.100997],[37.694678,41.100972],[37.694894,41.100864],[37.695363,41.100585],[37.695596,41.100474],[37.695863,41.100422],[37.696014,41.100356],[37.69615,41.100237],[37.696255,41.100112],[37.696373,41.099977],[37.696446,41.09979],[37.696557,41.099386],[37.696668,41.099189],[37.696821,41.099039],[37.697102,41.098893],[37.697361,41.098828],[37.697558,41.098788],[37.697778,41.098751],[37.697903,41.098698],[37.697981,41.098637],[37.698102,41.098379],[37.698168,41.098068],[37.69823,41.097777],[37.698278,41.097531],[37.698348,41.097398],[37.698395,41.097367],[37.698445,41.097332],[37.698691,41.097292],[37.698743,41.097283],[37.698904,41.097352],[37.698991,41.097359],[37.69923,41.09732],[37.699475,41.097396],[37.699609,41.097428],[37.699614,41.097435],[37.69961,41.097482],[37.699594,41.097656],[37.699575,41.09788],[37.69957,41.098403],[37.699609,41.098406],[37.699807,41.098445],[37.699987,41.098479],[37.700122,41.098505],[37.70034,41.098538],[37.700537,41.098576],[37.700535,41.098612],[37.70053,41.098731],[37.700532,41.098788],[37.700534,41.098851],[37.700538,41.098988],[37.700566,41.099152],[37.700493,41.099352],[37.700419,41.099511],[37.700352,41.099739],[37.700332,41.09999],[37.700337,41.100331],[37.700342,41.100638],[37.700337,41.100859],[37.700306,41.100943],[37.700237,41.101252],[37.700166,41.101508],[37.700118,41.101632],[37.700131,41.101668],[37.700178,41.101864],[37.700149,41.101938],[37.700195,41.102003],[37.700312,41.102039],[37.700355,41.102041],[37.700454,41.102122],[37.700581,41.10221],[37.700707,41.102287],[37.700865,41.102132],[37.70102,41.102035],[37.701121,41.101993],[37.701245,41.101943],[37.701464,41.102021],[37.70165,41.102052],[37.702026,41.102116],[37.702255,41.102125],[37.702327,41.102132],[37.702247,41.102659],[37.70227,41.102728],[37.702446,41.103077],[37.702458,41.103143],[37.702408,41.103429],[37.70237,41.10349],[37.702326,41.103574],[37.702336,41.103605],[37.702451,41.103758],[37.702494,41.103785],[37.702569,41.103824],[37.702583,41.103855],[37.702611,41.104011],[37.702599,41.104029],[37.702573,41.104033],[37.70249,41.104045],[37.702477,41.104064],[37.702483,41.104105],[37.702611,41.104541],[37.702635,41.104568],[37.702727,41.104609]]]]}},{"type":"Feature","properties":{"id":"TR-Y-52-017-M-0008","level":"yerlesim","type":"mahalle","parent_id":"TR-D-52-017","province_id":"TR-P-52","district_id":"TR-D-52-017","name":"Bolatlı","source_raw_name":"BOLATLI","source":"Kamuya açık veri ve kent rehberi servisleri","source_label":"Kamuya açık veri ve kent rehberi servisleri","source_name":"Ordu Büyükşehir Belediyesi Akıllı Şehir Açık Veri Platformu - Mahalleler"},"geometry":{"type":"MultiPolygon","coordinates":[[[[37.730448,41.066718],[37.730613,41.066635],[37.730657,41.066677],[37.730722,41.066739],[37.731062,41.066519],[37.731177,41.066446],[37.731476,41.066204],[37.731759,41.065977],[37.731989,41.065874],[37.732036,41.065843],[37.73255,41.065894],[37.732761,41.065953],[37.732967,41.066052],[37.733389,41.066109],[37.733538,41.066142],[37.733556,41.066131],[37.734013,41.065801],[37.734428,41.065715],[37.734673,41.065613],[37.735054,41.065357],[37.735117,41.0653],[37.735399,41.065156],[37.736033,41.065092],[37.73704,41.065215],[37.737356,41.065208],[37.737447,41.065034],[37.736714,41.064598],[37.736537,41.064393],[37.736465,41.064297],[37.736479,41.064114],[37.736813,41.063879],[37.737098,41.063787],[37.737263,41.063745],[37.737314,41.063728],[37.73737,41.063711],[37.737616,41.063593],[37.737891,41.063441],[37.738223,41.063292],[37.738288,41.063257],[37.738668,41.063152],[37.739181,41.063011],[37.73926,41.062943],[37.739402,41.062897],[37.739563,41.06279],[37.739652,41.062699],[37.739968,41.062556],[37.740097,41.062501],[37.740223,41.062458],[37.740558,41.062401],[37.740813,41.062403],[37.740902,41.062393],[37.740928,41.062399],[37.741087,41.062407],[37.741412,41.062406],[37.741652,41.062366],[37.741872,41.062304],[37.742034,41.062289],[37.742176,41.062257],[37.742382,41.062241],[37.742721,41.062238],[37.742895,41.062237],[37.742903,41.062237],[37.743022,41.062227],[37.743063,41.062226],[37.743071,41.06219],[37.743143,41.06219],[37.743277,41.062199],[37.743517,41.062209],[37.743566,41.062211],[37.743762,41.062211],[37.744131,41.062209],[37.744271,41.062212],[37.744337,41.062214],[37.744603,41.062211],[37.744989,41.062215],[37.74535,41.062302],[37.745424,41.062287],[37.74557,41.062258],[37.745845,41.062223],[37.745854,41.062222],[37.746049,41.062174],[37.746168,41.062149],[37.746341,41.062125],[37.746468,41.0621],[37.746611,41.0621],[37.746755,41.06208],[37.746902,41.062086],[37.747098,41.062103],[37.747274,41.062198],[37.747388,41.062269],[37.747419,41.062349],[37.747564,41.06247],[37.747753,41.06255],[37.74787,41.062608],[37.74806,41.062654],[37.748181,41.062639],[37.748414,41.062686],[37.748581,41.062692],[37.748867,41.062719],[37.749054,41.062729],[37.749241,41.062737],[37.749457,41.062743],[37.749559,41.062695],[37.74963,41.062595],[37.749634,41.062536],[37.749672,41.062358],[37.749709,41.061846],[37.749666,41.061724],[37.749559,41.061484],[37.749662,41.061178],[37.749814,41.060962],[37.749928,41.060991],[37.750224,41.061114],[37.750604,41.061228],[37.751482,41.061547],[37.753131,41.060652],[37.753814,41.060358],[37.753971,41.06033],[37.754145,41.060273],[37.754288,41.060226],[37.754319,41.06021],[37.754649,41.059966],[37.754661,41.059954],[37.755339,41.059314],[37.755406,41.059113],[37.755633,41.058821],[37.755713,41.058716],[37.756064,41.058624],[37.756432,41.058524],[37.756428,41.05849],[37.756481,41.058464],[37.756554,41.058491],[37.756814,41.05843],[37.757111,41.058217],[37.758316,41.058451],[37.758953,41.058572],[37.759002,41.058656],[37.759665,41.058469],[37.759877,41.058546],[37.760579,41.058752],[37.760798,41.058971],[37.760763,41.05906],[37.760895,41.059181],[37.760857,41.059452],[37.76088,41.059474],[37.760972,41.060016],[37.761244,41.060053],[37.761936,41.060307],[37.762313,41.060461],[37.762461,41.060614],[37.762615,41.060535],[37.763089,41.060705],[37.763201,41.060748],[37.763356,41.060741],[37.763451,41.060639],[37.763565,41.060569],[37.763617,41.060537],[37.76395,41.060636],[37.764048,41.060588],[37.764103,41.060624],[37.764284,41.060708],[37.764438,41.060804],[37.764774,41.060908],[37.764964,41.060876],[37.764983,41.060773],[37.765001,41.060684],[37.764827,41.060495],[37.764659,41.060394],[37.76449,41.060233],[37.764211,41.060061],[37.763899,41.059856],[37.76385,41.059851],[37.763823,41.059816],[37.763565,41.059598],[37.763011,41.0594],[37.762719,41.059176],[37.762704,41.059133],[37.762326,41.058881],[37.762222,41.058716],[37.762147,41.058618],[37.762132,41.058486],[37.762074,41.058391],[37.762038,41.058157],[37.761975,41.057977],[37.761938,41.057922],[37.761911,41.057824],[37.76192,41.057794],[37.761773,41.057688],[37.761624,41.057551],[37.761398,41.057332],[37.761233,41.057343],[37.761113,41.057261],[37.761043,41.057221],[37.761009,41.057198],[37.760773,41.057096],[37.760733,41.056999],[37.760746,41.05687],[37.760724,41.056824],[37.76084,41.056434],[37.760977,41.056175],[37.761219,41.055974],[37.761146,41.05535],[37.760766,41.054797],[37.760617,41.054615],[37.760686,41.054393],[37.760984,41.054108],[37.7613,41.054025],[37.761429,41.053693],[37.761453,41.053517],[37.761747,41.053437],[37.761844,41.053192],[37.761795,41.053085],[37.761944,41.053027],[37.762128,41.0529],[37.76225,41.05269],[37.762305,41.052602],[37.762397,41.052255],[37.762477,41.052101],[37.762534,41.051923],[37.762523,41.051772],[37.762506,41.051592],[37.762338,41.051436],[37.762189,41.051361],[37.76191,41.051313],[37.761713,41.051262],[37.761554,41.051163],[37.760922,41.051266],[37.760472,41.051338],[37.760302,41.0515],[37.760034,41.051674],[37.759697,41.051809],[37.759135,41.051813],[37.758412,41.051881],[37.758263,41.05183],[37.758158,41.051833],[37.757962,41.051669],[37.757435,41.051484],[37.756869,41.051447],[37.756646,41.051458],[37.756223,41.051378],[37.756063,41.051318],[37.755666,41.051169],[37.755627,41.051128],[37.755519,41.050722],[37.755285,41.050607],[37.755027,41.050557],[37.75466,41.050491],[37.753965,41.050364],[37.753763,41.050017],[37.753783,41.04978],[37.753816,41.049639],[37.753822,41.049569],[37.753704,41.049536],[37.753511,41.04945],[37.752955,41.049409],[37.752786,41.049477],[37.752679,41.04955],[37.752215,41.050073],[37.752121,41.050194],[37.751608,41.050591],[37.751166,41.050934],[37.750973,41.051178],[37.750857,41.051404],[37.750588,41.051607],[37.750443,41.05164],[37.750401,41.051665],[37.749815,41.051723],[37.749658,41.051737],[37.749464,41.051625],[37.749244,41.051388],[37.749174,41.051313],[37.749114,41.051294],[37.74904,41.051342],[37.748881,41.051434],[37.748877,41.051441],[37.748811,41.051467],[37.748787,41.051472],[37.748737,41.051483],[37.748492,41.051607],[37.748248,41.051811],[37.748226,41.051893],[37.748047,41.052025],[37.747827,41.051997],[37.747709,41.051873],[37.747635,41.051615],[37.747649,41.051535],[37.747712,41.051154],[37.747694,41.051055],[37.747722,41.051032],[37.747591,41.050895],[37.74738,41.050616],[37.747346,41.050613],[37.747334,41.050584],[37.747096,41.05041],[37.746913,41.05034],[37.746808,41.050273],[37.746711,41.050238],[37.746408,41.050044],[37.746151,41.049856],[37.745669,41.049365],[37.745244,41.04924],[37.744999,41.049168],[37.74458,41.049026],[37.744234,41.049057],[37.744226,41.049047],[37.744078,41.048887],[37.74379,41.048463],[37.743863,41.048303],[37.743748,41.04827],[37.743723,41.048182],[37.743566,41.048015],[37.743412,41.047863],[37.74324,41.047733],[37.743129,41.047646],[37.742789,41.047378],[37.742614,41.047287],[37.742506,41.047428],[37.742138,41.047638],[37.742023,41.047737],[37.741997,41.047765],[37.741954,41.0478],[37.741938,41.047824],[37.741595,41.047692],[37.741102,41.047619],[37.740911,41.047576],[37.740384,41.047674],[37.739907,41.047737],[37.739733,41.047205],[37.739775,41.046994],[37.739709,41.046801],[37.739395,41.046547],[37.739164,41.046469],[37.738873,41.04647],[37.738378,41.046741],[37.737809,41.047063],[37.737405,41.047486],[37.737317,41.047547],[37.737122,41.047668],[37.736372,41.047928],[37.735918,41.048002],[37.735022,41.048023],[37.734995,41.048078],[37.734652,41.048444],[37.734198,41.048533],[37.733995,41.04864],[37.733898,41.048723],[37.733723,41.04905],[37.733702,41.049089],[37.733529,41.049304],[37.733175,41.049837],[37.73294,41.049994],[37.732849,41.050098],[37.732909,41.050215],[37.732834,41.050233],[37.732591,41.05048],[37.732365,41.050634],[37.732251,41.050683],[37.732101,41.050957],[37.731861,41.050994],[37.731695,41.051053],[37.731565,41.051342],[37.731535,41.05166],[37.731636,41.051672],[37.731431,41.052116],[37.731381,41.052224],[37.731064,41.052701],[37.730955,41.052864],[37.730933,41.052875],[37.730565,41.053078],[37.730519,41.053258],[37.730544,41.053441],[37.730523,41.053576],[37.730141,41.053886],[37.729784,41.053843],[37.729464,41.053994],[37.729376,41.05395],[37.729245,41.053935],[37.72907,41.053905],[37.728613,41.053745],[37.728453,41.053609],[37.728313,41.053574],[37.728046,41.053587],[37.727705,41.053588],[37.727799,41.054012],[37.727459,41.053794],[37.727173,41.053621],[37.727057,41.053796],[37.726953,41.053885],[37.726803,41.053932],[37.72674,41.054013],[37.726627,41.054063],[37.726237,41.054054],[37.726037,41.053969],[37.72584,41.05379],[37.725811,41.053811],[37.725831,41.053842],[37.725731,41.053975],[37.725623,41.054159],[37.725471,41.054275],[37.725337,41.0543],[37.725147,41.054302],[37.725051,41.054342],[37.724816,41.054311],[37.724431,41.054258],[37.724031,41.05402],[37.723804,41.053973],[37.723411,41.053652],[37.722968,41.053288],[37.722903,41.053236],[37.722481,41.052841],[37.722118,41.052869],[37.72207,41.052745],[37.721912,41.052467],[37.721919,41.052451],[37.72184,41.052369],[37.721839,41.052375],[37.721756,41.052295],[37.721519,41.0521],[37.721435,41.052019],[37.72133,41.052175],[37.721356,41.052387],[37.721661,41.05286],[37.721409,41.053563],[37.721482,41.053552],[37.721512,41.053601],[37.721751,41.053882],[37.721792,41.053918],[37.722009,41.054164],[37.721766,41.054278],[37.722222,41.054303],[37.722247,41.054307],[37.722124,41.054499],[37.721901,41.054696],[37.721808,41.054755],[37.721867,41.054767],[37.721831,41.054801],[37.721389,41.054931],[37.72133,41.054994],[37.721569,41.055297],[37.721751,41.055527],[37.722104,41.055783],[37.722103,41.05587],[37.722101,41.056068],[37.722239,41.056258],[37.722294,41.056419],[37.72227,41.056567],[37.722232,41.056733],[37.722365,41.056811],[37.722364,41.056906],[37.722316,41.057069],[37.722536,41.057283],[37.722643,41.057265],[37.72297,41.057065],[37.723212,41.057104],[37.723236,41.057131],[37.72327,41.057222],[37.72308,41.057571],[37.723039,41.057613],[37.722938,41.057667],[37.722818,41.057739],[37.722764,41.05795],[37.723054,41.058256],[37.723261,41.058523],[37.723333,41.05878],[37.723349,41.058889],[37.7235,41.059143],[37.723538,41.059403],[37.723616,41.059798],[37.723633,41.059952],[37.723568,41.06018],[37.723707,41.060254],[37.723758,41.060299],[37.723726,41.060678],[37.723766,41.060847],[37.724024,41.060891],[37.724156,41.060953],[37.724371,41.061141],[37.724807,41.06149],[37.72488,41.061544],[37.725063,41.061536],[37.725146,41.06158],[37.725207,41.061697],[37.725331,41.061852],[37.725669,41.061992],[37.725961,41.062099],[37.725988,41.062155],[37.726105,41.062222],[37.726414,41.062396],[37.726482,41.062606],[37.726526,41.062745],[37.726773,41.063104],[37.726906,41.0633],[37.727142,41.063419],[37.727265,41.06363],[37.727295,41.063621],[37.72748,41.063828],[37.727647,41.063983],[37.728065,41.064292],[37.728344,41.064498],[37.728703,41.06474],[37.729184,41.065068],[37.729191,41.065152],[37.72919,41.065199],[37.729179,41.065278],[37.729298,41.06536],[37.729038,41.065556],[37.728662,41.065693],[37.728466,41.065712],[37.728578,41.065845],[37.728716,41.065902],[37.728778,41.066041],[37.728903,41.066175],[37.728994,41.06627],[37.729085,41.066381],[37.729139,41.066508],[37.729429,41.066824],[37.7295,41.066878],[37.730271,41.066766],[37.730448,41.066718]]]]}},{"type":"Feature","properties":{"id":"TR-Y-52-017-M-0009","level":"yerlesim","type":"mahalle","parent_id":"TR-D-52-017","province_id":"TR-P-52","district_id":"TR-D-52-017","name":"Çamarası","source_raw_name":"ÇAMARASI","source":"Kamuya açık veri ve kent rehberi servisleri","source_label":"Kamuya açık veri ve kent rehberi servisleri","source_name":"Ordu Büyükşehir Belediyesi Akıllı Şehir Açık Veri Platformu - Mahalleler"},"geometry":{"type":"MultiPolygon","coordinates":[[[[37.6487,40.97617],[37.64971,40.976187],[37.649881,40.976322],[37.650038,40.976366],[37.650292,40.976218],[37.650389,40.976175],[37.650407,40.976146],[37.650415,40.976134],[37.65051,40.976031],[37.650622,40.975864],[37.650693,40.975531],[37.650725,40.975253],[37.650567,40.974845],[37.650548,40.974736],[37.650723,40.974602],[37.650829,40.974481],[37.65089,40.974432],[37.651207,40.974054],[37.651399,40.973822],[37.651503,40.973819],[37.65173,40.973754],[37.651788,40.973728],[37.652032,40.974035],[37.652262,40.974314],[37.652498,40.974419],[37.652688,40.974578],[37.653234,40.97431],[37.653466,40.974164],[37.65358,40.97415],[37.653789,40.974205],[37.653866,40.974269],[37.653886,40.974279],[37.654101,40.974389],[37.654273,40.974453],[37.654474,40.97456],[37.654626,40.974613],[37.654747,40.974689],[37.654808,40.974622],[37.654962,40.974582],[37.655034,40.974569],[37.655154,40.974436],[37.655256,40.974262],[37.655246,40.974203],[37.655252,40.974135],[37.655251,40.974055],[37.655331,40.973956],[37.655356,40.973957],[37.655561,40.973907],[37.655687,40.973928],[37.655878,40.973743],[37.655987,40.973633],[37.656143,40.973485],[37.656352,40.973103],[37.656452,40.973132],[37.656663,40.973322],[37.656798,40.973376],[37.656779,40.973431],[37.6571,40.97357],[37.657116,40.973609],[37.657301,40.973645],[37.65759,40.973713],[37.65768,40.973768],[37.658051,40.973727],[37.658316,40.973734],[37.658493,40.973754],[37.6587,40.973697],[37.658751,40.973688],[37.6588,40.973643],[37.65894,40.973484],[37.659063,40.973337],[37.659097,40.973274],[37.659137,40.973215],[37.659154,40.973195],[37.659165,40.973126],[37.659176,40.973008],[37.65929,40.972936],[37.659481,40.972849],[37.659624,40.972771],[37.65977,40.972692],[37.659907,40.972679],[37.660191,40.972706],[37.660298,40.972693],[37.660392,40.972644],[37.660592,40.972587],[37.66078,40.972462],[37.660875,40.972386],[37.660977,40.972394],[37.661142,40.972446],[37.661313,40.972394],[37.661478,40.972333],[37.661599,40.972244],[37.66171,40.972143],[37.661868,40.972083],[37.662036,40.972053],[37.662118,40.971932],[37.662201,40.971801],[37.66226,40.971738],[37.662386,40.971688],[37.662456,40.971696],[37.662668,40.97169],[37.662823,40.971656],[37.663075,40.97158],[37.663211,40.971538],[37.663373,40.971512],[37.663733,40.971504],[37.66388,40.971472],[37.664042,40.971472],[37.664155,40.971412],[37.664264,40.971412],[37.664656,40.971448],[37.664811,40.971444],[37.664901,40.971381],[37.665101,40.97139],[37.665291,40.971384],[37.665551,40.971394],[37.665628,40.97144],[37.665698,40.971499],[37.665946,40.971551],[37.665964,40.971552],[37.666173,40.971619],[37.666285,40.971585],[37.666663,40.971682],[37.667042,40.971516],[37.667303,40.971592],[37.66749,40.971498],[37.667624,40.971501],[37.667769,40.971545],[37.667813,40.971597],[37.66799,40.971623],[37.668087,40.971656],[37.668135,40.971648],[37.668326,40.971676],[37.668566,40.971652],[37.668852,40.97168],[37.668984,40.971644],[37.669016,40.971643],[37.669197,40.97167],[37.669431,40.971705],[37.669533,40.97172],[37.669632,40.971706],[37.669674,40.9717],[37.669732,40.971706],[37.670135,40.971748],[37.670241,40.971737],[37.670333,40.971727],[37.670403,40.971718],[37.6705,40.971644],[37.67057,40.971576],[37.670636,40.971509],[37.670718,40.971401],[37.670843,40.971239],[37.671038,40.97102],[37.671201,40.970812],[37.671308,40.970841],[37.671361,40.970874],[37.671517,40.970778],[37.671647,40.970697],[37.671759,40.970628],[37.671884,40.97055],[37.672074,40.970433],[37.672242,40.970347],[37.672287,40.970379],[37.672347,40.970406],[37.672469,40.970321],[37.67263,40.970266],[37.672929,40.970176],[37.673,40.970148],[37.673002,40.970099],[37.673067,40.970009],[37.673197,40.969945],[37.673291,40.969885],[37.673416,40.969872],[37.673598,40.969832],[37.673607,40.969844],[37.673669,40.96987],[37.674036,40.969752],[37.674318,40.969642],[37.674565,40.969569],[37.674775,40.969439],[37.67501,40.9693],[37.675634,40.969045],[37.676176,40.968879],[37.676653,40.968756],[37.676732,40.96875],[37.676889,40.968722],[37.67705,40.968688],[37.677087,40.968677],[37.677054,40.968553],[37.676916,40.96829],[37.676782,40.96804],[37.67673,40.967979],[37.676581,40.967846],[37.676515,40.967761],[37.676445,40.967656],[37.676413,40.96736],[37.676388,40.967239],[37.676405,40.967128],[37.676438,40.967038],[37.67658,40.966595],[37.676635,40.966373],[37.676657,40.966356],[37.676718,40.966343],[37.676985,40.966221],[37.677237,40.966119],[37.677397,40.96598],[37.677618,40.96583],[37.677802,40.965685],[37.677929,40.965549],[37.6781,40.965265],[37.6783,40.964918],[37.678593,40.9647],[37.678851,40.964475],[37.679277,40.964238],[37.679559,40.964062],[37.679631,40.964016],[37.679738,40.963865],[37.679867,40.963656],[37.6799,40.963592],[37.680015,40.963404],[37.680079,40.963268],[37.680155,40.963081],[37.680254,40.962937],[37.680318,40.962691],[37.68045,40.96242],[37.680582,40.962133],[37.680607,40.962086],[37.680614,40.962034],[37.680654,40.961937],[37.680786,40.961124],[37.680681,40.960028],[37.680831,40.959851],[37.680737,40.959768],[37.680201,40.959274],[37.680165,40.959255],[37.67998,40.95916],[37.679835,40.959162],[37.679629,40.959105],[37.679401,40.958526],[37.67915,40.95791],[37.679107,40.95756],[37.678824,40.956915],[37.678532,40.95666],[37.678464,40.956008],[37.678793,40.955632],[37.679363,40.95446],[37.679937,40.953939],[37.680327,40.953395],[37.680874,40.95277],[37.680948,40.951789],[37.679837,40.951876],[37.6791,40.952051],[37.678285,40.952244],[37.677678,40.952248],[37.677579,40.952249],[37.677469,40.952213],[37.677482,40.951916],[37.676353,40.951543],[37.676199,40.95135],[37.676206,40.951154],[37.676246,40.950389],[37.676204,40.950258],[37.6759,40.950163],[37.675429,40.950247],[37.675439,40.950167],[37.675422,40.950166],[37.675444,40.950062],[37.675142,40.950058],[37.674333,40.950094],[37.674279,40.950133],[37.674163,40.950403],[37.673996,40.950526],[37.673802,40.950558],[37.673449,40.95051],[37.673179,40.950864],[37.672838,40.950863],[37.672606,40.950795],[37.672274,40.950774],[37.672127,40.95078],[37.671957,40.950757],[37.671816,40.950752],[37.671807,40.950752],[37.671566,40.950746],[37.671317,40.950734],[37.670998,40.95072],[37.670942,40.950718],[37.67025,40.95067],[37.6701,40.950669],[37.669991,40.950932],[37.670018,40.951138],[37.670066,40.95135],[37.669956,40.951613],[37.669875,40.951743],[37.669827,40.952028],[37.669943,40.95224],[37.670041,40.952586],[37.670154,40.952908],[37.670263,40.953189],[37.670442,40.953483],[37.670457,40.953753],[37.670539,40.95384],[37.670746,40.954169],[37.67079,40.954521],[37.67062,40.954735],[37.670448,40.954797],[37.670137,40.954773],[37.670002,40.954871],[37.669632,40.955185],[37.669588,40.95534],[37.669437,40.955554],[37.669383,40.955793],[37.669457,40.956105],[37.66944,40.956349],[37.669218,40.956705],[37.669038,40.956813],[37.66875,40.956726],[37.668737,40.956717],[37.668591,40.956592],[37.668459,40.956507],[37.668357,40.956426],[37.668239,40.956279],[37.668077,40.956121],[37.667845,40.956037],[37.667707,40.955818],[37.667568,40.955782],[37.667476,40.955582],[37.667308,40.955536],[37.667148,40.955481],[37.666946,40.955552],[37.666873,40.955547],[37.66645,40.955622],[37.66629,40.955733],[37.665961,40.955886],[37.665624,40.955913],[37.665564,40.955959],[37.665404,40.955967],[37.665213,40.955976],[37.664988,40.956001],[37.664881,40.956039],[37.664759,40.956048],[37.664609,40.956015],[37.664454,40.955984],[37.664245,40.955937],[37.664036,40.955899],[37.663945,40.955907],[37.663855,40.955882],[37.663653,40.955834],[37.663359,40.955765],[37.663073,40.955683],[37.662781,40.95576],[37.66259,40.955811],[37.662057,40.955829],[37.661794,40.955841],[37.661737,40.955843],[37.661363,40.955951],[37.660905,40.956031],[37.660489,40.956089],[37.660208,40.956153],[37.659939,40.95631],[37.659589,40.956409],[37.659319,40.956452],[37.659179,40.956564],[37.659028,40.956563],[37.658919,40.956824],[37.658612,40.956696],[37.658148,40.956573],[37.657823,40.956449],[37.657174,40.956507],[37.656556,40.956562],[37.654711,40.956932],[37.653202,40.956811],[37.652255,40.956544],[37.651592,40.956531],[37.650958,40.956493],[37.650303,40.956868],[37.650069,40.957016],[37.649937,40.957256],[37.649767,40.957396],[37.649534,40.957503],[37.649616,40.957625],[37.649553,40.957783],[37.649436,40.957982],[37.649353,40.958072],[37.649219,40.958338],[37.648987,40.958626],[37.649043,40.958797],[37.648316,40.959211],[37.64815,40.959409],[37.64783,40.959616],[37.647693,40.959649],[37.647261,40.959876],[37.647078,40.959974],[37.646785,40.96004],[37.64666,40.960034],[37.64637,40.960248],[37.646077,40.960139],[37.645716,40.959743],[37.64528,40.959646],[37.644798,40.959529],[37.644563,40.95943],[37.644368,40.959362],[37.64401,40.959223],[37.64366,40.959137],[37.643449,40.959082],[37.643095,40.958952],[37.64271,40.958722],[37.642508,40.958826],[37.642506,40.958984],[37.642435,40.959158],[37.642279,40.959494],[37.642238,40.959865],[37.642209,40.960072],[37.642216,40.960263],[37.642325,40.960852],[37.641999,40.96206],[37.64177,40.962596],[37.641698,40.96303],[37.641666,40.963306],[37.641614,40.963539],[37.641554,40.963759],[37.641533,40.963937],[37.641499,40.964147],[37.64157,40.964404],[37.641534,40.964745],[37.641497,40.96495],[37.641527,40.965029],[37.641503,40.965107],[37.641665,40.965435],[37.641693,40.965608],[37.641695,40.965657],[37.641704,40.965824],[37.641711,40.965998],[37.641639,40.966344],[37.641483,40.966649],[37.641263,40.966921],[37.640972,40.967238],[37.640933,40.967366],[37.640785,40.967967],[37.640827,40.968827],[37.640887,40.968917],[37.641021,40.969234],[37.641265,40.969494],[37.641398,40.969662],[37.641456,40.969786],[37.641524,40.969825],[37.641426,40.970125],[37.641445,40.970325],[37.641608,40.970837],[37.641722,40.970955],[37.641812,40.970988],[37.642178,40.971243],[37.642169,40.971375],[37.642313,40.971541],[37.6423,40.97169],[37.642511,40.971779],[37.642704,40.971895],[37.642676,40.971993],[37.642994,40.972427],[37.643449,40.9725],[37.643802,40.972576],[37.644107,40.972774],[37.644365,40.97293],[37.644751,40.972938],[37.644964,40.973208],[37.646135,40.973703],[37.646473,40.973907],[37.64659,40.974168],[37.646656,40.974324],[37.646631,40.974569],[37.646695,40.974925],[37.646913,40.975035],[37.647646,40.975449],[37.647932,40.97566],[37.648205,40.97578],[37.648338,40.975871],[37.648318,40.975895],[37.648257,40.976011],[37.648233,40.976141],[37.648191,40.976257],[37.648412,40.976428],[37.648599,40.97629],[37.6487,40.97617]]]]}},{"type":"Feature","properties":{"id":"TR-Y-52-017-M-0010","level":"yerlesim","type":"mahalle","parent_id":"TR-D-52-017","province_id":"TR-P-52","district_id":"TR-D-52-017","name":"Çandır","source_raw_name":"ÇANDIR","source":"Kamuya açık veri ve kent rehberi servisleri","source_label":"Kamuya açık veri ve kent rehberi servisleri","source_name":"Ordu Büyükşehir Belediyesi Akıllı Şehir Açık Veri Platformu - Mahalleler"},"geometry":{"type":"MultiPolygon","coordinates":[[[[37.66673,41.094985],[37.666859,41.094916],[37.666932,41.094871],[37.667013,41.094588],[37.667068,41.094459],[37.667166,41.094389],[37.667245,41.094359],[37.667557,41.094358],[37.667905,41.094341],[37.668398,41.094256],[37.668582,41.094226],[37.6688,41.094059],[37.668895,41.093898],[37.668957,41.093745],[37.669055,41.093643],[37.669318,41.09351],[37.669724,41.093311],[37.669991,41.093024],[37.670084,41.092967],[37.670451,41.092851],[37.671075,41.092576],[37.671153,41.092482],[37.671162,41.092374],[37.671106,41.092179],[37.670942,41.091947],[37.670688,41.091663],[37.670427,41.091319],[37.670294,41.091004],[37.670457,41.090482],[37.670621,41.090195],[37.671036,41.089743],[37.671162,41.089493],[37.671208,41.089213],[37.671217,41.088524],[37.671249,41.088412],[37.671324,41.088344],[37.671958,41.088025],[37.672098,41.087925],[37.672126,41.08786],[37.672118,41.087544],[37.672144,41.086924],[37.672105,41.086485],[37.672116,41.08635],[37.672131,41.086298],[37.672204,41.086257],[37.672353,41.086207],[37.672496,41.086135],[37.672551,41.086011],[37.672549,41.085923],[37.672555,41.085814],[37.672643,41.085539],[37.672842,41.085135],[37.673003,41.08491],[37.673241,41.08478],[37.673498,41.084725],[37.673923,41.084724],[37.674308,41.084743],[37.674726,41.084834],[37.675147,41.08492],[37.675258,41.0849],[37.675445,41.084817],[37.675601,41.084685],[37.6757,41.084505],[37.675723,41.08437],[37.675587,41.084154],[37.675405,41.083953],[37.675214,41.08382],[37.67514,41.083697],[37.675133,41.083523],[37.675212,41.083244],[37.674897,41.083003],[37.674683,41.082541],[37.674839,41.082409],[37.674755,41.082289],[37.674728,41.08214],[37.674826,41.081843],[37.67487,41.081551],[37.674986,41.081469],[37.674952,41.081294],[37.674813,41.081168],[37.674837,41.081073],[37.674854,41.08084],[37.674865,41.080632],[37.674796,41.08055],[37.674709,41.080518],[37.674537,41.080328],[37.674517,41.08029],[37.674478,41.080215],[37.674447,41.080147],[37.67443,41.080125],[37.674394,41.080095],[37.674341,41.080054],[37.674159,41.079893],[37.674141,41.079869],[37.674142,41.079847],[37.674154,41.079827],[37.674155,41.079781],[37.674133,41.079745],[37.674006,41.079625],[37.673942,41.079552],[37.673879,41.07949],[37.673698,41.079368],[37.67366,41.079327],[37.67357,41.079061],[37.673562,41.07904],[37.673539,41.079011],[37.673518,41.078984],[37.673505,41.078908],[37.673506,41.078888],[37.673542,41.078859],[37.673571,41.078826],[37.673581,41.078775],[37.673571,41.078731],[37.673463,41.078555],[37.673442,41.078513],[37.673418,41.078329],[37.673384,41.078014],[37.67338,41.077957],[37.673358,41.077889],[37.673346,41.077863],[37.673316,41.077833],[37.673276,41.077794],[37.673263,41.077778],[37.673265,41.077756],[37.673277,41.077726],[37.673278,41.077695],[37.673245,41.077626],[37.673158,41.077442],[37.673164,41.07729],[37.673172,41.077165],[37.673185,41.077138],[37.673288,41.077065],[37.673331,41.077036],[37.673405,41.077004],[37.673503,41.076924],[37.673532,41.076902],[37.673659,41.076854],[37.673754,41.076882],[37.673853,41.07695],[37.674017,41.077028],[37.674103,41.077038],[37.674115,41.077043],[37.67416,41.077039],[37.674209,41.077022],[37.674234,41.077009],[37.674409,41.077109],[37.674427,41.077118],[37.674437,41.077115],[37.674481,41.077072],[37.674494,41.077053],[37.674508,41.077014],[37.674515,41.077005],[37.674529,41.076999],[37.674591,41.076998],[37.6746,41.076993],[37.674685,41.076924],[37.674861,41.076827],[37.674897,41.076815],[37.675092,41.076806],[37.675321,41.076801],[37.675343,41.076792],[37.67552,41.076792],[37.675546,41.07679],[37.67557,41.076782],[37.675582,41.076765],[37.675585,41.07673],[37.675587,41.076693],[37.675599,41.076676],[37.67562,41.07667],[37.675632,41.07667],[37.675733,41.076679],[37.67583,41.076692],[37.675917,41.076681],[37.67612,41.076636],[37.676198,41.076621],[37.676414,41.076648],[37.676544,41.076676],[37.676644,41.076687],[37.677022,41.076628],[37.677193,41.076591],[37.677514,41.076472],[37.677721,41.076409],[37.677805,41.076349],[37.677884,41.076297],[37.677972,41.076283],[37.678066,41.07629],[37.678248,41.076248],[37.678384,41.076233],[37.678517,41.076233],[37.678616,41.076238],[37.678811,41.076259],[37.679099,41.076296],[37.679162,41.076288],[37.679464,41.07612],[37.679719,41.076031],[37.67965,41.075961],[37.679075,41.07516],[37.678587,41.075024],[37.678572,41.075016],[37.678218,41.074936],[37.677903,41.074746],[37.677632,41.074546],[37.677533,41.074469],[37.677428,41.074422],[37.677058,41.074272],[37.676749,41.074332],[37.676442,41.074324],[37.676384,41.07422],[37.67641,41.074062],[37.676433,41.07405],[37.67659,41.073644],[37.676563,41.073488],[37.676579,41.073447],[37.67653,41.073438],[37.676431,41.073314],[37.676354,41.073172],[37.676396,41.073116],[37.676496,41.072891],[37.676548,41.07286],[37.676761,41.072793],[37.676821,41.072742],[37.676888,41.072601],[37.676881,41.072477],[37.67677,41.072373],[37.676646,41.072275],[37.676641,41.07224],[37.676436,41.072088],[37.676361,41.072063],[37.676182,41.07198],[37.676054,41.071886],[37.675913,41.071744],[37.675836,41.071721],[37.675837,41.071642],[37.675709,41.071527],[37.675729,41.071497],[37.67573,41.071443],[37.675698,41.071247],[37.675626,41.07116],[37.675404,41.07108],[37.675226,41.070895],[37.674975,41.070737],[37.674977,41.070609],[37.674954,41.070496],[37.675102,41.070323],[37.675507,41.069983],[37.675681,41.069863],[37.67573,41.069823],[37.675825,41.06969],[37.676185,41.069517],[37.676247,41.069464],[37.676294,41.069398],[37.67626,41.069242],[37.676381,41.069083],[37.676391,41.069017],[37.676637,41.068804],[37.676696,41.068721],[37.676964,41.068348],[37.677077,41.068225],[37.677252,41.067964],[37.677383,41.067635],[37.676965,41.067637],[37.676856,41.067482],[37.676574,41.067236],[37.676508,41.067158],[37.676488,41.067147],[37.676347,41.067001],[37.676343,41.06689],[37.67635,41.066872],[37.676406,41.066679],[37.676406,41.066478],[37.676472,41.06645],[37.677186,41.066047],[37.677355,41.065898],[37.677459,41.065876],[37.677509,41.06584],[37.67753,41.065775],[37.677744,41.065656],[37.677939,41.065577],[37.678208,41.065306],[37.678212,41.065127],[37.678269,41.065023],[37.678449,41.064928],[37.678532,41.064918],[37.678693,41.064874],[37.678899,41.064872],[37.678971,41.064678],[37.679245,41.064248],[37.679336,41.064107],[37.679356,41.064034],[37.67955,41.063739],[37.67955,41.063696],[37.679442,41.063313],[37.679431,41.063225],[37.679421,41.063132],[37.679389,41.063023],[37.679396,41.062854],[37.679373,41.062805],[37.679405,41.062689],[37.679447,41.062655],[37.679446,41.062293],[37.679648,41.062132],[37.679764,41.062061],[37.679791,41.062004],[37.679786,41.061997],[37.679564,41.06192],[37.679515,41.061873],[37.679487,41.061777],[37.679439,41.061661],[37.679467,41.061609],[37.67949,41.061541],[37.679436,41.061515],[37.679306,41.06131],[37.6792,41.061125],[37.679221,41.060941],[37.679196,41.060796],[37.679181,41.06073],[37.679181,41.060692],[37.679067,41.06036],[37.678976,41.060247],[37.678965,41.060226],[37.678965,41.060219],[37.678983,41.060124],[37.679072,41.05997],[37.679132,41.059962],[37.679231,41.059933],[37.679317,41.059868],[37.679276,41.059783],[37.679173,41.059709],[37.679174,41.059681],[37.679183,41.059644],[37.679217,41.059526],[37.679167,41.059475],[37.678988,41.059398],[37.678795,41.059258],[37.678784,41.059261],[37.678718,41.059203],[37.678683,41.059165],[37.67861,41.059062],[37.67856,41.059021],[37.678485,41.058959],[37.678482,41.058897],[37.678442,41.058759],[37.678382,41.058618],[37.678242,41.058589],[37.678197,41.058437],[37.678264,41.058353],[37.678274,41.058327],[37.678246,41.05826],[37.678191,41.058242],[37.678018,41.058126],[37.677835,41.058041],[37.677448,41.057803],[37.677378,41.057762],[37.677314,41.057684],[37.677277,41.057626],[37.677191,41.057584],[37.677108,41.057541],[37.676624,41.057525],[37.676555,41.057388],[37.676543,41.057295],[37.676539,41.057194],[37.676534,41.057105],[37.67655,41.056978],[37.676562,41.056795],[37.67654,41.056694],[37.676532,41.056631],[37.67655,41.05656],[37.676591,41.056439],[37.676566,41.056386],[37.676584,41.056325],[37.676594,41.056316],[37.676702,41.056275],[37.676795,41.056249],[37.676862,41.056218],[37.676895,41.056189],[37.676926,41.05617],[37.676985,41.056101],[37.677006,41.056079],[37.677057,41.056031],[37.677105,41.055997],[37.677219,41.05587],[37.677274,41.0558],[37.677316,41.055757],[37.677389,41.055719],[37.677481,41.055564],[37.677388,41.055492],[37.677237,41.055441],[37.677177,41.055419],[37.676946,41.055341],[37.676864,41.055308],[37.67677,41.055221],[37.676711,41.055199],[37.676647,41.055209],[37.676455,41.05504],[37.676378,41.054934],[37.676261,41.054759],[37.676197,41.054571],[37.676134,41.054394],[37.676099,41.054345],[37.676093,41.054294],[37.676049,41.054126],[37.676042,41.054054],[37.676021,41.05399],[37.675949,41.053868],[37.675884,41.053799],[37.675898,41.053701],[37.675905,41.053569],[37.675943,41.053508],[37.676103,41.053331],[37.676229,41.053139],[37.67624,41.053101],[37.676398,41.052836],[37.676494,41.052657],[37.676533,41.052554],[37.676827,41.052195],[37.676834,41.052157],[37.676862,41.051856],[37.676768,41.051604],[37.676738,41.051444],[37.676714,41.051436],[37.676674,41.051443],[37.676646,41.051452],[37.676537,41.051459],[37.676374,41.051451],[37.676085,41.051408],[37.675885,41.051404],[37.675719,41.051401],[37.675512,41.051409],[37.675307,41.051421],[37.675182,41.051423],[37.675106,41.051406],[37.675049,41.051393],[37.675008,41.051384],[37.674913,41.051369],[37.674753,41.051401],[37.674593,41.051418],[37.674427,41.051393],[37.674258,41.051344],[37.674052,41.051286],[37.673892,41.051232],[37.673747,41.051166],[37.673613,41.051168],[37.6736,41.051186],[37.67358,41.051213],[37.673567,41.051262],[37.673638,41.051385],[37.673646,41.051447],[37.673598,41.051463],[37.673451,41.051575],[37.673284,41.051776],[37.673202,41.05191],[37.673204,41.051965],[37.673187,41.052063],[37.6731,41.052101],[37.673041,41.052183],[37.672963,41.052263],[37.672947,41.052316],[37.672916,41.052364],[37.672907,41.052411],[37.672904,41.052524],[37.672911,41.05264],[37.672906,41.052723],[37.672898,41.052769],[37.672866,41.052863],[37.67281,41.05292],[37.672643,41.053064],[37.672635,41.053072],[37.672548,41.053177],[37.672542,41.053246],[37.672495,41.053357],[37.672473,41.053445],[37.672478,41.053532],[37.672474,41.05363],[37.672418,41.053727],[37.672366,41.053809],[37.672328,41.053892],[37.672277,41.053993],[37.672203,41.054051],[37.672109,41.054143],[37.672069,41.054175],[37.671861,41.054375],[37.67167,41.054469],[37.671525,41.054503],[37.671398,41.054519],[37.671277,41.054522],[37.671095,41.054511],[37.67092,41.054511],[37.670805,41.054521],[37.670644,41.054542],[37.670529,41.054581],[37.670448,41.054623],[37.670399,41.054658],[37.670292,41.054758],[37.670259,41.054779],[37.670159,41.054885],[37.670069,41.054961],[37.669935,41.055023],[37.669937,41.055104],[37.669529,41.055248],[37.669293,41.055352],[37.668847,41.055623],[37.668603,41.05582],[37.668578,41.055975],[37.668434,41.056159],[37.668424,41.056192],[37.668388,41.0563],[37.668388,41.0563],[37.668388,41.056317],[37.668447,41.056545],[37.668455,41.056615],[37.6685,41.056819],[37.668476,41.057167],[37.668454,41.05726],[37.668451,41.057345],[37.668448,41.057417],[37.668456,41.057523],[37.668419,41.057913],[37.668461,41.058299],[37.668442,41.058572],[37.668416,41.058871],[37.668391,41.058953],[37.668357,41.05901],[37.668276,41.059204],[37.668216,41.059441],[37.668135,41.059773],[37.667903,41.060055],[37.667662,41.060161],[37.667482,41.060246],[37.667346,41.060281],[37.667253,41.060359],[37.667392,41.060495],[37.667562,41.060616],[37.667543,41.06067],[37.667415,41.060832],[37.667307,41.060995],[37.667294,41.060998],[37.667239,41.061039],[37.66721,41.061061],[37.667162,41.061089],[37.667085,41.061136],[37.667044,41.061134],[37.667049,41.061153],[37.667043,41.061475],[37.667308,41.061764],[37.667464,41.061728],[37.667472,41.061895],[37.667537,41.061983],[37.667594,41.062023],[37.66766,41.062099],[37.667748,41.062685],[37.66783,41.062946],[37.667645,41.062987],[37.667515,41.062998],[37.667103,41.063045],[37.667003,41.063088],[37.666629,41.063467],[37.666301,41.063565],[37.666137,41.063692],[37.666154,41.063737],[37.66606,41.063859],[37.665887,41.06406],[37.665894,41.064184],[37.666069,41.064352],[37.665891,41.064397],[37.665611,41.064687],[37.665534,41.064851],[37.665535,41.064926],[37.665573,41.065156],[37.665502,41.065173],[37.665264,41.065365],[37.665221,41.065547],[37.665156,41.065799],[37.665046,41.066003],[37.664897,41.06611],[37.664806,41.066275],[37.66479,41.066564],[37.66453,41.066872],[37.664575,41.06695],[37.664573,41.067081],[37.664581,41.067148],[37.66457,41.067211],[37.66447,41.067316],[37.664426,41.0674],[37.664415,41.067485],[37.664412,41.067633],[37.664387,41.067732],[37.664349,41.067806],[37.664344,41.067901],[37.664362,41.068053],[37.664341,41.068131],[37.66431,41.06831],[37.664274,41.068448],[37.664197,41.068581],[37.664058,41.068774],[37.664013,41.068876],[37.664072,41.068989],[37.664126,41.0691],[37.664142,41.069192],[37.664168,41.069323],[37.664173,41.069411],[37.664166,41.069528],[37.6642,41.069563],[37.664265,41.069585],[37.664359,41.069599],[37.664688,41.069689],[37.664799,41.069722],[37.66484,41.069768],[37.664862,41.069843],[37.664696,41.069982],[37.664531,41.070079],[37.664473,41.070142],[37.664439,41.070237],[37.664323,41.070402],[37.664247,41.0705],[37.664208,41.070545],[37.664221,41.070591],[37.664258,41.070638],[37.664378,41.070699],[37.664498,41.070785],[37.664616,41.070921],[37.664624,41.071002],[37.664551,41.071139],[37.664414,41.071244],[37.664324,41.071306],[37.664307,41.071426],[37.664277,41.071532],[37.664149,41.071643],[37.664091,41.071724],[37.664109,41.071788],[37.664181,41.071912],[37.664267,41.072019],[37.664308,41.072076],[37.664353,41.072147],[37.664371,41.072215],[37.664492,41.072435],[37.664606,41.072578],[37.664707,41.07266],[37.664772,41.072686],[37.664907,41.072712],[37.664953,41.072748],[37.664989,41.072801],[37.665025,41.072879],[37.665014,41.072925],[37.664958,41.072967],[37.664845,41.073004],[37.664685,41.073045],[37.664554,41.073079],[37.664493,41.073106],[37.664445,41.073138],[37.664443,41.073258],[37.664496,41.073378],[37.664495,41.07346],[37.66446,41.073562],[37.664431,41.073614],[37.664304,41.073683],[37.66424,41.07381],[37.6642,41.073933],[37.664122,41.074112],[37.664045,41.074232],[37.663869,41.074413],[37.663541,41.074688],[37.663284,41.074908],[37.662835,41.075221],[37.662216,41.075549],[37.661561,41.075867],[37.661169,41.075962],[37.660922,41.07603],[37.6606,41.076284],[37.660142,41.076891],[37.659843,41.077164],[37.659674,41.077395],[37.659548,41.077523],[37.659486,41.077683],[37.659375,41.077797],[37.659288,41.077928],[37.659232,41.077918],[37.658948,41.077766],[37.658833,41.077605],[37.658793,41.077452],[37.658651,41.077113],[37.658576,41.077189],[37.658193,41.077266],[37.657922,41.0773],[37.657628,41.077302],[37.657463,41.077357],[37.657292,41.077294],[37.656896,41.077216],[37.656877,41.077302],[37.656917,41.077517],[37.65697,41.077608],[37.657048,41.077695],[37.656787,41.077896],[37.656508,41.078052],[37.656397,41.078031],[37.656344,41.078033],[37.656171,41.078205],[37.655961,41.07839],[37.655854,41.078449],[37.655767,41.078485],[37.655501,41.078553],[37.655474,41.078446],[37.655247,41.078291],[37.655022,41.078225],[37.654978,41.078183],[37.654831,41.078217],[37.654752,41.078377],[37.654588,41.078596],[37.654579,41.078691],[37.654524,41.078734],[37.654108,41.078825],[37.653999,41.078888],[37.653976,41.078934],[37.654032,41.079073],[37.653995,41.079197],[37.654052,41.079342],[37.65444,41.079411],[37.654546,41.079519],[37.654608,41.079604],[37.654605,41.079723],[37.65465,41.079778],[37.654727,41.079799],[37.654829,41.0798],[37.654979,41.080029],[37.654877,41.080128],[37.654769,41.080247],[37.654619,41.080359],[37.654902,41.080377],[37.655127,41.080349],[37.655293,41.080291],[37.655596,41.080221],[37.655821,41.080212],[37.656083,41.080188],[37.656134,41.080134],[37.656396,41.080119],[37.656472,41.080301],[37.656588,41.080433],[37.656642,41.080553],[37.656738,41.080693],[37.65685,41.080995],[37.6571,41.08136],[37.657237,41.081818],[37.65709,41.082108],[37.657127,41.082221],[37.656996,41.082272],[37.656961,41.082399],[37.65696,41.082494],[37.65719,41.082712],[37.657249,41.082948],[37.657316,41.083145],[37.657454,41.08346],[37.657668,41.083874],[37.657719,41.083952],[37.657652,41.084171],[37.657571,41.08425],[37.657504,41.084271],[37.657247,41.084254],[37.657059,41.08423],[37.656991,41.084198],[37.656912,41.084197],[37.656755,41.084225],[37.656684,41.084229],[37.656623,41.084209],[37.656566,41.084168],[37.656509,41.08413],[37.656452,41.084108],[37.65636,41.084076],[37.656285,41.084062],[37.656235,41.084059],[37.656169,41.084061],[37.656112,41.084075],[37.656066,41.084075],[37.656004,41.084059],[37.655921,41.084035],[37.655814,41.083985],[37.655695,41.083935],[37.655609,41.0839],[37.655481,41.083879],[37.655369,41.083954],[37.65529,41.084031],[37.655207,41.084011],[37.654972,41.084084],[37.654798,41.084055],[37.65455,41.084069],[37.65416,41.084183],[37.653869,41.084168],[37.653418,41.084262],[37.653049,41.08428],[37.652479,41.084332],[37.652195,41.084563],[37.651946,41.084723],[37.65192,41.084855],[37.651843,41.0849],[37.651722,41.085167],[37.651261,41.085534],[37.651227,41.085646],[37.651314,41.085823],[37.651019,41.085858],[37.650883,41.085947],[37.650822,41.086141],[37.650709,41.086507],[37.650354,41.086867],[37.650285,41.087017],[37.650166,41.087188],[37.650179,41.08743],[37.650099,41.087645],[37.650042,41.087768],[37.65001,41.088094],[37.649962,41.08831],[37.649954,41.088415],[37.649921,41.088544],[37.649764,41.088802],[37.649743,41.088949],[37.649742,41.089145],[37.649804,41.089373],[37.64978,41.089535],[37.649769,41.089681],[37.64962,41.089966],[37.649485,41.090156],[37.649412,41.090624],[37.649467,41.090813],[37.649468,41.090991],[37.64936,41.091294],[37.649461,41.09146],[37.649514,41.091639],[37.649388,41.092035],[37.649362,41.092299],[37.649082,41.09271],[37.649087,41.09283],[37.649189,41.093095],[37.649238,41.093081],[37.649337,41.092908],[37.649473,41.092821],[37.649753,41.0928],[37.650039,41.092679],[37.65014,41.092678],[37.650313,41.092612],[37.65072,41.092507],[37.650691,41.092445],[37.650723,41.092348],[37.650903,41.092321],[37.651095,41.09227],[37.651293,41.092145],[37.651499,41.091996],[37.651575,41.091958],[37.65204,41.091872],[37.652269,41.091997],[37.652315,41.091983],[37.652365,41.091965],[37.652501,41.091904],[37.652595,41.091675],[37.652653,41.091549],[37.652664,41.091499],[37.652689,41.091439],[37.653079,41.091104],[37.653386,41.09108],[37.653634,41.09088],[37.653673,41.090761],[37.653904,41.090664],[37.653942,41.090624],[37.654135,41.09049],[37.654179,41.090448],[37.654171,41.090369],[37.654377,41.090261],[37.654431,41.090174],[37.654637,41.09026],[37.654789,41.090328],[37.655295,41.090568],[37.65553,41.090746],[37.655573,41.090756],[37.655407,41.090926],[37.655647,41.090935],[37.655825,41.090886],[37.655957,41.09086],[37.656085,41.090843],[37.656313,41.090824],[37.656623,41.090806],[37.656821,41.090909],[37.657039,41.09079],[37.657182,41.090703],[37.65743,41.090689],[37.657539,41.09076],[37.657616,41.090811],[37.657669,41.090829],[37.657775,41.090886],[37.657827,41.090904],[37.657838,41.090909],[37.65791,41.090956],[37.65803,41.091027],[37.658096,41.091052],[37.658173,41.091082],[37.658194,41.091112],[37.658243,41.091184],[37.658296,41.09121],[37.658388,41.091216],[37.658475,41.091169],[37.658674,41.09117],[37.658766,41.091179],[37.658912,41.091196],[37.659083,41.091257],[37.659129,41.091257],[37.659173,41.091272],[37.659205,41.091239],[37.659264,41.091179],[37.659336,41.09109],[37.659438,41.090963],[37.659519,41.090892],[37.659555,41.090874],[37.659574,41.09087],[37.659589,41.09087],[37.659642,41.091002],[37.659685,41.091031],[37.65971,41.091052],[37.65973,41.091108],[37.659741,41.091119],[37.659763,41.09115],[37.659834,41.091249],[37.660095,41.091572],[37.660101,41.091668],[37.660108,41.091729],[37.660137,41.091881],[37.660179,41.091945],[37.660203,41.091978],[37.660459,41.092148],[37.660501,41.092178],[37.660648,41.092353],[37.66077,41.092442],[37.660906,41.092491],[37.660973,41.09254],[37.661064,41.092623],[37.661159,41.092702],[37.661224,41.092769],[37.661234,41.0928],[37.661228,41.092836],[37.661227,41.092873],[37.661262,41.092907],[37.661754,41.093143],[37.662258,41.093416],[37.662315,41.093447],[37.662345,41.093463],[37.6624,41.093557],[37.662585,41.093758],[37.662592,41.093786],[37.662643,41.093836],[37.662904,41.093959],[37.663131,41.094049],[37.663245,41.094115],[37.663354,41.094183],[37.663686,41.094191],[37.663814,41.094205],[37.663978,41.094305],[37.664169,41.094381],[37.664231,41.094383],[37.664537,41.094437],[37.664589,41.09446],[37.664751,41.094526],[37.664852,41.094585],[37.665016,41.094726],[37.665093,41.094787],[37.665143,41.094844],[37.665177,41.094895],[37.665209,41.094937],[37.665256,41.094994],[37.665326,41.09501],[37.665365,41.094985],[37.66543,41.094961],[37.665568,41.094959],[37.665596,41.09497],[37.665613,41.095002],[37.665628,41.095038],[37.665636,41.095123],[37.665621,41.095208],[37.665623,41.095289],[37.665623,41.095311],[37.665628,41.095318],[37.665642,41.095323],[37.665687,41.095305],[37.665754,41.095273],[37.66583,41.095267],[37.665999,41.095245],[37.666305,41.095151],[37.666525,41.095082],[37.66673,41.094985]]]]}},{"type":"Feature","properties":{"id":"TR-Y-52-017-M-0011","level":"yerlesim","type":"mahalle","parent_id":"TR-D-52-017","province_id":"TR-P-52","district_id":"TR-D-52-017","name":"Çaytepe","source_raw_name":"ÇAYTEPE","source":"Kamuya açık veri ve kent rehberi servisleri","source_label":"Kamuya açık veri ve kent rehberi servisleri","source_name":"Ordu Büyükşehir Belediyesi Akıllı Şehir Açık Veri Platformu - Mahalleler"},"geometry":{"type":"MultiPolygon","coordinates":[[[[37.682722,41.13528],[37.682843,41.135213],[37.682938,41.135238],[37.683073,41.135112],[37.682971,41.134983],[37.682968,41.134887],[37.682871,41.134743],[37.682869,41.134688],[37.682753,41.134667],[37.682749,41.134605],[37.682746,41.134557],[37.682757,41.134483],[37.68281,41.134491],[37.682811,41.134375],[37.68281,41.134286],[37.682815,41.134261],[37.682876,41.134132],[37.682848,41.134081],[37.682803,41.133987],[37.682786,41.133962],[37.682699,41.133845],[37.682688,41.133829],[37.682582,41.133653],[37.682559,41.133587],[37.682467,41.133457],[37.682387,41.133272],[37.68248,41.133261],[37.682436,41.133179],[37.682385,41.133112],[37.682376,41.13301],[37.682332,41.133014],[37.682324,41.132888],[37.682285,41.132631],[37.682291,41.132604],[37.682291,41.132532],[37.682368,41.132346],[37.682456,41.132194],[37.682478,41.132187],[37.682551,41.132121],[37.682639,41.132035],[37.682752,41.131987],[37.682891,41.131872],[37.682914,41.131799],[37.682815,41.131698],[37.682794,41.131591],[37.682739,41.131458],[37.682736,41.131291],[37.682695,41.131274],[37.682657,41.131088],[37.682563,41.130843],[37.682637,41.130612],[37.682812,41.130374],[37.682852,41.130271],[37.682872,41.130208],[37.682937,41.130161],[37.682921,41.130102],[37.683103,41.129919],[37.68325,41.12984],[37.683403,41.129716],[37.683435,41.129668],[37.683479,41.129663],[37.683528,41.129649],[37.683657,41.129547],[37.683739,41.129508],[37.683858,41.129334],[37.683919,41.129308],[37.683999,41.129224],[37.6841,41.129044],[37.68445,41.128798],[37.684629,41.128706],[37.684786,41.128687],[37.684967,41.128685],[37.68518,41.128565],[37.68529,41.128582],[37.685468,41.128555],[37.685537,41.128604],[37.68559,41.128629],[37.685769,41.128647],[37.685814,41.128743],[37.685944,41.12889],[37.686097,41.128761],[37.686204,41.128605],[37.686133,41.128516],[37.686136,41.128381],[37.68645,41.128304],[37.686556,41.12808],[37.686564,41.128022],[37.686607,41.127902],[37.686609,41.127827],[37.686706,41.127758],[37.686935,41.127766],[37.686993,41.127759],[37.686966,41.127607],[37.68702,41.127581],[37.687083,41.127608],[37.687183,41.127561],[37.687307,41.127507],[37.687436,41.127469],[37.687482,41.127447],[37.687582,41.127449],[37.687613,41.127489],[37.687627,41.12754],[37.687726,41.127535],[37.687716,41.127491],[37.687723,41.127432],[37.687726,41.127402],[37.687749,41.127403],[37.687819,41.127402],[37.687829,41.127422],[37.687887,41.127373],[37.688015,41.12743],[37.688065,41.127392],[37.688095,41.127329],[37.688049,41.127196],[37.688096,41.12717],[37.688163,41.127102],[37.688185,41.127048],[37.688169,41.126982],[37.688159,41.126942],[37.688202,41.126896],[37.688262,41.126871],[37.688307,41.126811],[37.688411,41.126764],[37.688515,41.126737],[37.688599,41.126679],[37.688664,41.126693],[37.688785,41.126624],[37.688946,41.12654],[37.689057,41.126488],[37.689108,41.126459],[37.689278,41.126456],[37.68941,41.126471],[37.689498,41.126524],[37.689502,41.126511],[37.689504,41.126415],[37.689464,41.126348],[37.6896,41.126248],[37.689744,41.126213],[37.689931,41.12612],[37.690182,41.126086],[37.690368,41.126093],[37.69041,41.12608],[37.69071,41.12599],[37.690897,41.125972],[37.690976,41.12596],[37.690986,41.125914],[37.6913,41.125888],[37.691483,41.125881],[37.691817,41.12591],[37.691846,41.125925],[37.691896,41.126116],[37.692016,41.126097],[37.692136,41.126195],[37.692261,41.126247],[37.692319,41.126262],[37.692422,41.126322],[37.692587,41.126298],[37.692613,41.126213],[37.692532,41.125867],[37.692675,41.125775],[37.692685,41.125693],[37.692604,41.125627],[37.692576,41.125563],[37.692615,41.125517],[37.692627,41.12548],[37.692663,41.125455],[37.692799,41.125367],[37.692878,41.12538],[37.692893,41.125276],[37.693022,41.125244],[37.692972,41.124995],[37.69335,41.12482],[37.693497,41.12482],[37.693544,41.124794],[37.69358,41.124778],[37.693604,41.124631],[37.693662,41.124618],[37.693708,41.124541],[37.693808,41.124449],[37.693856,41.124439],[37.693979,41.124482],[37.694333,41.124425],[37.694373,41.124438],[37.694502,41.124386],[37.694597,41.124363],[37.694734,41.124337],[37.694887,41.124297],[37.695076,41.124],[37.694925,41.123755],[37.694941,41.123646],[37.695082,41.123541],[37.695113,41.123482],[37.695092,41.12327],[37.695086,41.123162],[37.695037,41.122862],[37.695001,41.122641],[37.695005,41.122392],[37.694994,41.122231],[37.695081,41.121575],[37.695149,41.121515],[37.695218,41.121522],[37.695364,41.121584],[37.695501,41.12154],[37.695511,41.121394],[37.695655,41.121427],[37.695703,41.121384],[37.69563,41.121263],[37.695775,41.1212],[37.695722,41.121075],[37.695733,41.121012],[37.695849,41.120951],[37.695852,41.120833],[37.695724,41.120571],[37.695497,41.120389],[37.695434,41.119622],[37.695412,41.119452],[37.695451,41.11907],[37.695641,41.119034],[37.69605,41.118833],[37.696078,41.118484],[37.696338,41.118211],[37.696706,41.118125],[37.696819,41.118019],[37.697046,41.117815],[37.697407,41.117556],[37.697982,41.117035],[37.69833,41.116747],[37.698615,41.116489],[37.698767,41.116323],[37.698979,41.116044],[37.699042,41.115895],[37.699068,41.115792],[37.699056,41.115712],[37.699022,41.115648],[37.698936,41.115589],[37.698753,41.115522],[37.698524,41.115449],[37.698284,41.115377],[37.698046,41.115284],[37.697901,41.1152],[37.697757,41.115106],[37.69762,41.115],[37.697451,41.114768],[37.697229,41.114484],[37.697097,41.1143],[37.696997,41.114099],[37.69692,41.11391],[37.696845,41.113703],[37.696741,41.113489],[37.696627,41.113327],[37.696506,41.113157],[37.69636,41.112973],[37.696289,41.112845],[37.696201,41.112639],[37.696062,41.112358],[37.69599,41.112197],[37.695871,41.112011],[37.695768,41.111876],[37.695656,41.111768],[37.695465,41.111546],[37.695338,41.111349],[37.69525,41.111176],[37.695172,41.110849],[37.695093,41.110595],[37.695068,41.110476],[37.695058,41.110307],[37.695075,41.1101],[37.695093,41.109922],[37.695139,41.109637],[37.695158,41.109489],[37.695153,41.109327],[37.695118,41.109177],[37.695055,41.109069],[37.694806,41.108879],[37.694606,41.108729],[37.694367,41.108564],[37.694182,41.108478],[37.694031,41.108404],[37.6939,41.108331],[37.693752,41.108225],[37.693665,41.108115],[37.693602,41.108001],[37.693548,41.107871],[37.693514,41.107764],[37.693509,41.107647],[37.693546,41.107528],[37.693589,41.107418],[37.693714,41.107267],[37.693871,41.107177],[37.694076,41.10708],[37.694262,41.107037],[37.694472,41.107009],[37.6946,41.106978],[37.694695,41.106968],[37.694823,41.106941],[37.694884,41.106886],[37.694929,41.106815],[37.694944,41.106731],[37.694932,41.106647],[37.69489,41.106591],[37.694806,41.106565],[37.694701,41.106547],[37.694601,41.106524],[37.694501,41.106486],[37.694376,41.106373],[37.694292,41.106208],[37.694292,41.106087],[37.694326,41.105972],[37.694367,41.105858],[37.694409,41.105634],[37.694414,41.10552],[37.694378,41.105308],[37.694267,41.105023],[37.694177,41.104884],[37.69406,41.104741],[37.693998,41.104605],[37.693995,41.104476],[37.694035,41.104392],[37.694098,41.104323],[37.694183,41.104287],[37.694336,41.104276],[37.69455,41.104277],[37.694719,41.10427],[37.694849,41.104266],[37.694931,41.104256],[37.694958,41.104234],[37.694983,41.104187],[37.694993,41.104136],[37.694929,41.104065],[37.694841,41.103982],[37.694759,41.103885],[37.694708,41.103821],[37.694594,41.103713],[37.694474,41.103608],[37.694305,41.103379],[37.694231,41.103267],[37.694191,41.103209],[37.694115,41.103095],[37.694032,41.103006],[37.693958,41.102931],[37.693896,41.102893],[37.693794,41.102843],[37.693659,41.10279],[37.693535,41.102744],[37.693387,41.102701],[37.693241,41.102677],[37.693121,41.102677],[37.692999,41.102678],[37.692803,41.10271],[37.692672,41.102731],[37.692541,41.102724],[37.692396,41.102688],[37.692266,41.10264],[37.692122,41.102551],[37.692048,41.102422],[37.692013,41.102277],[37.692054,41.102103],[37.692052,41.102087],[37.692017,41.102096],[37.69199,41.102104],[37.691961,41.102112],[37.69194,41.102113],[37.691896,41.102104],[37.691804,41.102055],[37.691615,41.101928],[37.69145,41.101736],[37.691111,41.10143],[37.690956,41.101264],[37.690215,41.100906],[37.689794,41.100576],[37.689535,41.10035],[37.689378,41.100214],[37.689104,41.10002],[37.689051,41.099978],[37.68887,41.099881],[37.688808,41.099849],[37.688438,41.099729],[37.688402,41.099717],[37.688363,41.099709],[37.688333,41.099711],[37.688288,41.099727],[37.688126,41.099791],[37.688063,41.099814],[37.68801,41.099843],[37.687863,41.09996],[37.687844,41.099975],[37.687821,41.09998],[37.687781,41.099978],[37.68739,41.099909],[37.687318,41.099897],[37.687279,41.099885],[37.687205,41.099828],[37.68702,41.099699],[37.686983,41.099672],[37.686958,41.099668],[37.686914,41.099675],[37.68686,41.099686],[37.686815,41.099698],[37.686783,41.099712],[37.686728,41.099744],[37.686659,41.099808],[37.686438,41.099996],[37.686385,41.100028],[37.686311,41.100054],[37.686252,41.100066],[37.686193,41.100057],[37.686005,41.099955],[37.685956,41.099927],[37.685938,41.099883],[37.685965,41.099775],[37.686018,41.099699],[37.686246,41.09947],[37.686324,41.099376],[37.686351,41.099287],[37.686308,41.099149],[37.686227,41.09902],[37.686191,41.098982],[37.68615,41.098954],[37.685767,41.098802],[37.685713,41.098853],[37.685704,41.099032],[37.685545,41.09918],[37.685441,41.099382],[37.685425,41.09939],[37.685423,41.099393],[37.685351,41.09943],[37.685272,41.099434],[37.685095,41.099452],[37.685047,41.099444],[37.685035,41.099445],[37.685013,41.099516],[37.684441,41.099865],[37.684311,41.099963],[37.684228,41.100086],[37.684124,41.100181],[37.684147,41.100253],[37.684106,41.100451],[37.684047,41.100477],[37.6837,41.100491],[37.683686,41.100494],[37.683506,41.100537],[37.683419,41.100591],[37.683302,41.100559],[37.683287,41.100556],[37.683145,41.100544],[37.683089,41.10054],[37.682804,41.100609],[37.682562,41.100495],[37.68251,41.100497],[37.682411,41.100525],[37.682374,41.100542],[37.682218,41.100567],[37.682126,41.100585],[37.682118,41.100586],[37.681853,41.10074],[37.681851,41.100741],[37.681838,41.100752],[37.681643,41.100767],[37.681607,41.100775],[37.681573,41.100821],[37.681594,41.100829],[37.681659,41.101104],[37.681617,41.101121],[37.681625,41.101142],[37.68151,41.101163],[37.681185,41.10115],[37.681185,41.101152],[37.681185,41.101154],[37.681183,41.101211],[37.681164,41.101233],[37.681161,41.101244],[37.680952,41.101497],[37.680964,41.101547],[37.680943,41.101603],[37.680883,41.10166],[37.680879,41.101673],[37.680806,41.101733],[37.680618,41.101863],[37.680377,41.101657],[37.680364,41.10165],[37.680112,41.10171],[37.680021,41.101764],[37.680015,41.101769],[37.680014,41.101769],[37.680009,41.101771],[37.679734,41.101761],[37.67971,41.10179],[37.679644,41.101839],[37.67956,41.101888],[37.679363,41.101875],[37.679315,41.101857],[37.679255,41.101852],[37.679238,41.101839],[37.67917,41.101838],[37.679139,41.101861],[37.679089,41.10191],[37.679089,41.101911],[37.679062,41.101966],[37.679049,41.101973],[37.679042,41.101985],[37.678592,41.102246],[37.678335,41.102302],[37.678341,41.102341],[37.678338,41.102366],[37.678348,41.102384],[37.678324,41.102467],[37.678313,41.102546],[37.678281,41.10267],[37.678137,41.102856],[37.678043,41.10298],[37.677965,41.10304],[37.677669,41.103208],[37.677607,41.10322],[37.677576,41.103211],[37.677585,41.103196],[37.677574,41.103194],[37.677486,41.103212],[37.677476,41.103251],[37.677313,41.103293],[37.677067,41.103276],[37.677012,41.103274],[37.676825,41.103319],[37.676613,41.103378],[37.676532,41.103346],[37.67648,41.103268],[37.676485,41.103251],[37.676473,41.103233],[37.676485,41.103188],[37.676493,41.10314],[37.676409,41.10299],[37.67631,41.102818],[37.676312,41.102809],[37.676303,41.102793],[37.676297,41.102731],[37.676325,41.102672],[37.676323,41.102622],[37.676261,41.102548],[37.676198,41.102533],[37.676117,41.10254],[37.676014,41.102542],[37.67599,41.102549],[37.675818,41.102599],[37.675624,41.102596],[37.675563,41.102558],[37.67551,41.102581],[37.67531,41.102603],[37.67516,41.102581],[37.675022,41.102552],[37.674922,41.10252],[37.674794,41.102405],[37.67478,41.102379],[37.674758,41.102296],[37.674759,41.102269],[37.674757,41.102259],[37.674758,41.102214],[37.674743,41.102203],[37.674741,41.102166],[37.674738,41.102164],[37.674734,41.102061],[37.67481,41.101911],[37.674812,41.101858],[37.674816,41.101846],[37.674815,41.101816],[37.674726,41.101788],[37.674616,41.101743],[37.674513,41.101749],[37.674494,41.101747],[37.674422,41.101732],[37.674208,41.101731],[37.674123,41.101749],[37.674031,41.101661],[37.673998,41.101635],[37.673861,41.101519],[37.673792,41.101515],[37.673743,41.101531],[37.673669,41.101478],[37.673405,41.101513],[37.673399,41.101479],[37.673375,41.101487],[37.673347,41.101481],[37.673301,41.101463],[37.673243,41.10143],[37.673243,41.101453],[37.673229,41.101451],[37.673056,41.101414],[37.672878,41.101424],[37.672826,41.101433],[37.672702,41.101386],[37.672593,41.101355],[37.672549,41.101357],[37.672444,41.101361],[37.672386,41.101291],[37.672357,41.10124],[37.67218,41.101077],[37.671985,41.100938],[37.67189,41.1009],[37.671906,41.100882],[37.671881,41.100865],[37.671726,41.101047],[37.671711,41.101109],[37.671633,41.101268],[37.671608,41.101328],[37.671419,41.101337],[37.671401,41.101532],[37.671327,41.101699],[37.671226,41.10186],[37.671216,41.101891],[37.671024,41.102159],[37.671006,41.10218],[37.671014,41.102323],[37.670936,41.102391],[37.670792,41.102388],[37.670749,41.102472],[37.670599,41.10249],[37.670602,41.102504],[37.670518,41.102534],[37.67023,41.102613],[37.670179,41.102794],[37.670173,41.102947],[37.670274,41.103156],[37.670323,41.103354],[37.670372,41.103434],[37.670448,41.103451],[37.670517,41.103494],[37.670556,41.103518],[37.670675,41.103676],[37.670735,41.103755],[37.67061,41.103808],[37.670604,41.104013],[37.670604,41.104186],[37.670594,41.104351],[37.670594,41.104531],[37.670576,41.104662],[37.670566,41.104796],[37.670762,41.104843],[37.670892,41.104858],[37.671224,41.104863],[37.671468,41.104829],[37.671805,41.104722],[37.671946,41.104643],[37.672113,41.104526],[37.672195,41.104468],[37.672395,41.104384],[37.672586,41.104312],[37.672692,41.104292],[37.673102,41.104292],[37.673234,41.104289],[37.673376,41.104325],[37.673487,41.104368],[37.673547,41.104406],[37.673698,41.104539],[37.673768,41.104595],[37.674005,41.104706],[37.6741,41.104764],[37.674159,41.104813],[37.674413,41.105033],[37.67454,41.105198],[37.674634,41.105273],[37.674793,41.105385],[37.675147,41.105609],[37.675275,41.105725],[37.675312,41.10575],[37.675387,41.105904],[37.675353,41.105922],[37.675326,41.10605],[37.675434,41.106203],[37.675616,41.106568],[37.675607,41.106664],[37.675514,41.106642],[37.675482,41.106633],[37.675398,41.10664],[37.675322,41.10662],[37.675221,41.106559],[37.675116,41.106528],[37.674875,41.106549],[37.674794,41.106558],[37.674726,41.106566],[37.674644,41.106512],[37.674582,41.106478],[37.674312,41.106428],[37.674145,41.106452],[37.67397,41.106396],[37.673867,41.106392],[37.673735,41.106387],[37.673552,41.106438],[37.67346,41.106468],[37.673439,41.106526],[37.673346,41.106593],[37.673239,41.106653],[37.673137,41.106796],[37.673077,41.106861],[37.672897,41.107037],[37.672843,41.107065],[37.672666,41.10727],[37.672537,41.107419],[37.672458,41.107426],[37.672454,41.107441],[37.672296,41.107506],[37.672106,41.107618],[37.671909,41.107676],[37.671839,41.107683],[37.671724,41.107644],[37.671607,41.107639],[37.671556,41.107668],[37.67154,41.10773],[37.671625,41.107991],[37.671659,41.108063],[37.67172,41.108176],[37.67158,41.108251],[37.671638,41.108486],[37.671664,41.108534],[37.671648,41.108548],[37.671601,41.108586],[37.671368,41.108675],[37.671338,41.108736],[37.671356,41.108758],[37.671326,41.108857],[37.671261,41.108923],[37.671255,41.108939],[37.671198,41.108933],[37.67113,41.109016],[37.671149,41.109069],[37.671123,41.109198],[37.671059,41.109292],[37.670959,41.109442],[37.670859,41.109598],[37.670812,41.109626],[37.670712,41.109645],[37.67058,41.109698],[37.670505,41.109805],[37.670326,41.109871],[37.670266,41.109902],[37.67023,41.109951],[37.670142,41.110064],[37.670098,41.110067],[37.669983,41.110073],[37.669918,41.110076],[37.669768,41.110213],[37.669666,41.110219],[37.669608,41.110214],[37.669587,41.110234],[37.669501,41.110298],[37.669351,41.110356],[37.669336,41.110392],[37.66919,41.110451],[37.669093,41.110489],[37.668907,41.110422],[37.668767,41.110424],[37.668577,41.110444],[37.668541,41.110428],[37.668458,41.110402],[37.668248,41.110433],[37.667841,41.110398],[37.667771,41.1105],[37.667658,41.110604],[37.667476,41.110663],[37.667428,41.110693],[37.667144,41.110728],[37.666992,41.110817],[37.6668,41.110828],[37.666669,41.110974],[37.666494,41.111053],[37.666412,41.111153],[37.666257,41.111275],[37.666196,41.111399],[37.666219,41.111459],[37.66625,41.111521],[37.66623,41.1117],[37.66612,41.111738],[37.665993,41.11174],[37.665899,41.111852],[37.665894,41.112035],[37.6659,41.112088],[37.666247,41.112207],[37.666258,41.112293],[37.666188,41.112455],[37.666143,41.112595],[37.666095,41.112685],[37.665992,41.112767],[37.665965,41.112767],[37.665813,41.112841],[37.665581,41.112791],[37.665362,41.112944],[37.665363,41.113049],[37.6653,41.11319],[37.665255,41.113247],[37.664996,41.113317],[37.664862,41.113312],[37.664668,41.113392],[37.664623,41.113393],[37.664611,41.113451],[37.66453,41.113519],[37.664499,41.113675],[37.664543,41.11378],[37.664521,41.113872],[37.664394,41.114179],[37.664328,41.114328],[37.6643,41.114369],[37.664287,41.114413],[37.664174,41.114437],[37.663997,41.114542],[37.663927,41.114615],[37.663712,41.114743],[37.663693,41.114766],[37.663581,41.114856],[37.663498,41.115039],[37.663214,41.11518],[37.663119,41.115151],[37.662955,41.11517],[37.662905,41.115264],[37.662726,41.115283],[37.662627,41.115309],[37.662452,41.115389],[37.662229,41.115361],[37.662131,41.115308],[37.662073,41.115292],[37.661887,41.115304],[37.661895,41.11533],[37.661891,41.115487],[37.66175,41.115505],[37.661668,41.115586],[37.661643,41.115567],[37.661525,41.115633],[37.661467,41.115695],[37.661346,41.115737],[37.661302,41.115794],[37.661214,41.11586],[37.661195,41.115901],[37.661028,41.115982],[37.661033,41.116123],[37.661047,41.116148],[37.660983,41.116254],[37.660837,41.116352],[37.660613,41.116391],[37.66033,41.116455],[37.660213,41.116527],[37.660144,41.116541],[37.660094,41.116611],[37.659681,41.116752],[37.659205,41.116835],[37.659029,41.116911],[37.658768,41.116938],[37.658684,41.117024],[37.658568,41.11717],[37.658298,41.117365],[37.658077,41.117554],[37.657978,41.117688],[37.65791,41.11773],[37.657785,41.117741],[37.657758,41.117772],[37.657707,41.117823],[37.657703,41.117962],[37.657636,41.118112],[37.657578,41.118368],[37.657493,41.118474],[37.658004,41.118504],[37.658183,41.118506],[37.658294,41.118552],[37.65851,41.118584],[37.658614,41.118648],[37.658807,41.118634],[37.658817,41.11864],[37.658845,41.118658],[37.658953,41.118743],[37.659104,41.118801],[37.65921,41.118823],[37.659295,41.118831],[37.659364,41.118897],[37.659504,41.118887],[37.659613,41.118964],[37.659617,41.119032],[37.659616,41.119071],[37.6598,41.119135],[37.659846,41.119269],[37.659884,41.119343],[37.659853,41.119401],[37.659812,41.119619],[37.659761,41.119662],[37.65977,41.119749],[37.659698,41.119825],[37.65959,41.119974],[37.659623,41.120099],[37.659658,41.120231],[37.659657,41.120301],[37.659677,41.120367],[37.65978,41.120431],[37.659834,41.120478],[37.659973,41.120494],[37.660072,41.120565],[37.660166,41.120577],[37.660192,41.12058],[37.660249,41.120584],[37.660406,41.120469],[37.660442,41.120443],[37.660572,41.120515],[37.660675,41.120574],[37.660754,41.120768],[37.660867,41.120791],[37.66105,41.12086],[37.661148,41.121003],[37.661348,41.121056],[37.661449,41.121123],[37.661346,41.121266],[37.661442,41.121355],[37.661407,41.121465],[37.661394,41.121529],[37.66136,41.121675],[37.661524,41.121756],[37.661551,41.121787],[37.662058,41.121765],[37.66211,41.121675],[37.662292,41.121724],[37.662335,41.121835],[37.662345,41.121853],[37.66242,41.121772],[37.662538,41.121765],[37.662656,41.121739],[37.662838,41.121679],[37.662893,41.121697],[37.662922,41.121741],[37.663007,41.12178],[37.663166,41.121778],[37.663255,41.121777],[37.663405,41.121744],[37.663522,41.121782],[37.663566,41.121932],[37.66366,41.12196],[37.663753,41.121884],[37.663844,41.121898],[37.663872,41.121915],[37.663827,41.122061],[37.663815,41.12211],[37.663795,41.122213],[37.663904,41.122334],[37.664099,41.122424],[37.664151,41.122448],[37.664395,41.122573],[37.6644,41.122595],[37.664438,41.122671],[37.66452,41.122752],[37.664543,41.122791],[37.664586,41.122806],[37.664656,41.122878],[37.664787,41.123018],[37.664836,41.122984],[37.664858,41.123054],[37.664931,41.123086],[37.66497,41.123138],[37.665102,41.123188],[37.665224,41.12321],[37.665428,41.123216],[37.66549,41.123169],[37.665546,41.123147],[37.665733,41.123098],[37.665921,41.123141],[37.66599,41.123092],[37.666039,41.123091],[37.666087,41.12308],[37.666106,41.123084],[37.666116,41.123112],[37.666238,41.123091],[37.666252,41.123101],[37.666339,41.12306],[37.666379,41.123057],[37.66663,41.123138],[37.666869,41.123174],[37.667024,41.123134],[37.66717,41.123157],[37.667297,41.123164],[37.667427,41.123195],[37.667592,41.123278],[37.667635,41.123313],[37.667689,41.123339],[37.667797,41.123296],[37.667928,41.123358],[37.667937,41.123395],[37.668016,41.123444],[37.668088,41.123492],[37.668136,41.123549],[37.668225,41.123582],[37.668392,41.123607],[37.668546,41.123654],[37.668675,41.123692],[37.668858,41.123842],[37.669065,41.124036],[37.669369,41.124293],[37.669558,41.124495],[37.669572,41.124525],[37.669662,41.124534],[37.669692,41.124568],[37.669688,41.124671],[37.669755,41.12472],[37.669643,41.124771],[37.66952,41.12479],[37.669467,41.124892],[37.669681,41.124929],[37.669727,41.12496],[37.669758,41.124988],[37.669718,41.125208],[37.669777,41.125356],[37.669842,41.125414],[37.67004,41.125481],[37.670114,41.125331],[37.670222,41.12531],[37.670297,41.125328],[37.670395,41.125374],[37.670483,41.125309],[37.670612,41.125492],[37.670851,41.125612],[37.670924,41.125652],[37.671045,41.125575],[37.671073,41.125584],[37.671203,41.125496],[37.671335,41.125567],[37.671407,41.125701],[37.671678,41.125826],[37.671853,41.126017],[37.671905,41.125996],[37.672001,41.126037],[37.67214,41.126103],[37.672165,41.126258],[37.672165,41.126281],[37.672267,41.126341],[37.672296,41.126424],[37.672366,41.126461],[37.672415,41.126451],[37.672484,41.126518],[37.672637,41.126694],[37.672774,41.126856],[37.672723,41.127283],[37.67274,41.127347],[37.672833,41.127422],[37.672922,41.127522],[37.672975,41.127562],[37.67296,41.127594],[37.672946,41.1277],[37.672913,41.127822],[37.672878,41.127867],[37.672787,41.127951],[37.672695,41.12798],[37.672629,41.128086],[37.672595,41.128138],[37.672657,41.128271],[37.672745,41.128319],[37.672932,41.12847],[37.673166,41.128451],[37.673269,41.128424],[37.673375,41.128289],[37.67341,41.128285],[37.673502,41.128162],[37.673607,41.127995],[37.673616,41.127964],[37.673841,41.127938],[37.673921,41.127956],[37.674012,41.127944],[37.67416,41.127932],[37.674405,41.127796],[37.674597,41.12771],[37.674797,41.127695],[37.675121,41.127699],[37.675336,41.127818],[37.675577,41.127877],[37.675792,41.127925],[37.675976,41.128085],[37.676083,41.128142],[37.676172,41.128191],[37.676269,41.128243],[37.676367,41.128288],[37.676477,41.12834],[37.676516,41.128358],[37.676583,41.12841],[37.676626,41.128444],[37.676885,41.128532],[37.676995,41.128643],[37.677198,41.128808],[37.677282,41.128874],[37.677024,41.129066],[37.677043,41.129144],[37.677136,41.12919],[37.677314,41.129188],[37.677413,41.129342],[37.677516,41.129667],[37.677721,41.129736],[37.677937,41.129931],[37.677992,41.12998],[37.678175,41.130097],[37.678246,41.130091],[37.678413,41.130217],[37.678455,41.130299],[37.67849,41.130357],[37.678607,41.130564],[37.678624,41.130668],[37.678634,41.130722],[37.678646,41.130801],[37.678757,41.130889],[37.678926,41.131181],[37.678973,41.131361],[37.679042,41.131436],[37.679105,41.131463],[37.679323,41.131563],[37.679432,41.131621],[37.679474,41.131645],[37.679496,41.131658],[37.679732,41.13188],[37.679945,41.132036],[37.680018,41.132088],[37.680095,41.13215],[37.680409,41.132329],[37.68062,41.132453],[37.681003,41.132698],[37.681118,41.132801],[37.681287,41.132947],[37.681418,41.133109],[37.68155,41.133223],[37.68173,41.133407],[37.681845,41.133603],[37.68192,41.133707],[37.681966,41.1337],[37.681983,41.133738],[37.68212,41.133965],[37.682132,41.133983],[37.682201,41.134105],[37.682252,41.13419],[37.68227,41.134211],[37.682276,41.134303],[37.682352,41.134444],[37.682436,41.134602],[37.682467,41.134656],[37.682499,41.134708],[37.68253,41.134956],[37.682465,41.135034],[37.682237,41.135155],[37.682204,41.135184],[37.6822,41.135352],[37.682086,41.135436],[37.682159,41.135564],[37.682413,41.135805],[37.682528,41.13593],[37.682498,41.135941],[37.682609,41.136047],[37.682702,41.136011],[37.682665,41.135882],[37.682602,41.135457],[37.68265,41.13539],[37.68271,41.135333],[37.682722,41.13528]]]]}},{"type":"Feature","properties":{"id":"TR-Y-52-017-M-0012","level":"yerlesim","type":"mahalle","parent_id":"TR-D-52-017","province_id":"TR-P-52","district_id":"TR-D-52-017","name":"Çerli","source_raw_name":"ÇERLİ","source":"Kamuya açık veri ve kent rehberi servisleri","source_label":"Kamuya açık veri ve kent rehberi servisleri","source_name":"Ordu Büyükşehir Belediyesi Akıllı Şehir Açık Veri Platformu - Mahalleler"},"geometry":{"type":"MultiPolygon","coordinates":[[[[37.797931,41.041918],[37.798064,41.041782],[37.798165,41.041817],[37.79824,41.041738],[37.798293,41.041736],[37.79846,41.041671],[37.798474,41.041642],[37.798368,41.04147],[37.798366,41.041406],[37.798504,41.041264],[37.798531,41.041245],[37.798909,41.041032],[37.799035,41.041132],[37.799105,41.041151],[37.799165,41.041115],[37.799371,41.041046],[37.799399,41.041113],[37.799409,41.041133],[37.799499,41.041171],[37.799621,41.041107],[37.799652,41.041147],[37.799786,41.04109],[37.799858,41.041165],[37.799946,41.041035],[37.799945,41.040963],[37.800031,41.040967],[37.80012,41.040986],[37.800152,41.040948],[37.800033,41.040842],[37.800024,41.040811],[37.79977,41.040758],[37.799527,41.04057],[37.799606,41.040495],[37.79939,41.040362],[37.799398,41.040287],[37.799388,41.040255],[37.799384,41.040214],[37.799416,41.04013],[37.79935,41.040037],[37.799178,41.039898],[37.799178,41.039844],[37.799021,41.039681],[37.798994,41.039438],[37.798979,41.0394],[37.79894,41.039346],[37.798921,41.039208],[37.798996,41.039213],[37.799063,41.03914],[37.799132,41.039043],[37.79917,41.039],[37.799288,41.038906],[37.799328,41.038875],[37.799427,41.038875],[37.799442,41.038837],[37.799485,41.03882],[37.799542,41.038768],[37.79964,41.038694],[37.799749,41.038597],[37.799769,41.038532],[37.799801,41.0385],[37.799892,41.03842],[37.799893,41.03837],[37.799952,41.038269],[37.800012,41.038204],[37.800068,41.038206],[37.800273,41.038059],[37.80032,41.037963],[37.800387,41.038016],[37.800592,41.037923],[37.800762,41.037948],[37.800981,41.037861],[37.801182,41.037614],[37.801383,41.037402],[37.801519,41.037151],[37.801565,41.03717],[37.801573,41.037156],[37.801511,41.03711],[37.80152,41.036957],[37.801643,41.036811],[37.801702,41.03675],[37.801759,41.036751],[37.801848,41.036673],[37.801709,41.036579],[37.801721,41.036547],[37.801833,41.036559],[37.801828,41.036443],[37.802059,41.036061],[37.802053,41.036031],[37.802059,41.036008],[37.802301,41.035774],[37.802412,41.03568],[37.802734,41.035725],[37.802809,41.035631],[37.802921,41.035603],[37.802936,41.035561],[37.802989,41.035381],[37.803052,41.03535],[37.803088,41.035081],[37.803034,41.034611],[37.802943,41.034254],[37.802902,41.034252],[37.802809,41.034044],[37.802739,41.033705],[37.802801,41.033605],[37.802785,41.033548],[37.802737,41.033425],[37.802555,41.033274],[37.802475,41.033125],[37.802329,41.033069],[37.802325,41.033042],[37.802373,41.032732],[37.802402,41.032545],[37.802451,41.032512],[37.80252,41.032489],[37.802626,41.0324],[37.802644,41.032343],[37.802686,41.032337],[37.802731,41.032172],[37.802773,41.032103],[37.802695,41.032077],[37.802621,41.032026],[37.802589,41.031974],[37.80252,41.031874],[37.80262,41.031818],[37.802514,41.03169],[37.802396,41.031656],[37.80218,41.031609],[37.802062,41.031466],[37.802065,41.03144],[37.802052,41.031193],[37.802034,41.030926],[37.80203,41.030886],[37.802254,41.030839],[37.802244,41.030676],[37.802295,41.030548],[37.802114,41.030462],[37.802075,41.030344],[37.80208,41.030311],[37.802109,41.030184],[37.802248,41.030197],[37.802291,41.030164],[37.8023,41.030083],[37.802228,41.030026],[37.802165,41.029922],[37.802176,41.029884],[37.802182,41.029861],[37.802594,41.029297],[37.802614,41.029289],[37.802732,41.029267],[37.802999,41.029064],[37.803383,41.028769],[37.803661,41.028587],[37.803407,41.02836],[37.804005,41.028024],[37.804235,41.028233],[37.804627,41.027992],[37.805378,41.02758],[37.805867,41.027191],[37.806034,41.027075],[37.806003,41.027051],[37.806055,41.027017],[37.806127,41.026977],[37.80625,41.026903],[37.806374,41.026826],[37.806503,41.026747],[37.806625,41.026674],[37.806753,41.026598],[37.80685,41.026539],[37.806979,41.026458],[37.80711,41.026376],[37.80724,41.026301],[37.80737,41.026221],[37.807497,41.026143],[37.807614,41.026074],[37.807654,41.026049],[37.807586,41.025928],[37.807494,41.025653],[37.807329,41.025226],[37.80716,41.025054],[37.806933,41.024913],[37.806825,41.024817],[37.806194,41.024482],[37.805868,41.024597],[37.805652,41.024613],[37.805071,41.024756],[37.804807,41.024659],[37.804714,41.024641],[37.804372,41.024617],[37.804252,41.024606],[37.804216,41.024605],[37.804075,41.024577],[37.803853,41.024639],[37.803771,41.024693],[37.803645,41.024722],[37.80332,41.024798],[37.802779,41.024743],[37.80269,41.02459],[37.802511,41.024263],[37.802411,41.023916],[37.802343,41.023666],[37.802255,41.02344],[37.802186,41.023204],[37.802201,41.022749],[37.80228,41.022425],[37.802221,41.022014],[37.802135,41.021638],[37.801918,41.021231],[37.801529,41.020846],[37.800968,41.02047],[37.800555,41.020337],[37.800098,41.020351],[37.79909,41.020621],[37.798345,41.020903],[37.797648,41.021086],[37.796921,41.021159],[37.796182,41.021116],[37.795526,41.021249],[37.794795,41.021471],[37.794072,41.021994],[37.792927,41.022877],[37.792486,41.023173],[37.791794,41.023446],[37.791448,41.023557],[37.790965,41.023642],[37.790714,41.023634],[37.789783,41.023614],[37.789509,41.023631],[37.789397,41.023617],[37.789097,41.023675],[37.788684,41.023724],[37.788302,41.023791],[37.787834,41.02384],[37.787447,41.023883],[37.787322,41.023875],[37.787299,41.023875],[37.78711,41.023888],[37.786949,41.023897],[37.786614,41.023886],[37.786483,41.02388],[37.786123,41.023864],[37.785806,41.023847],[37.785736,41.02385],[37.785199,41.023779],[37.784703,41.023737],[37.784311,41.023672],[37.784169,41.023623],[37.783992,41.023655],[37.783808,41.023749],[37.783443,41.024061],[37.783192,41.024264],[37.782875,41.024469],[37.782611,41.024547],[37.782311,41.024589],[37.781884,41.024516],[37.781616,41.024353],[37.781367,41.024191],[37.781124,41.024418],[37.781067,41.024814],[37.781013,41.024905],[37.780876,41.024938],[37.780596,41.024918],[37.780189,41.024887],[37.779824,41.024779],[37.779338,41.024635],[37.779098,41.02459],[37.77882,41.024559],[37.77865,41.024632],[37.778322,41.024777],[37.777968,41.024827],[37.777912,41.024843],[37.777524,41.024882],[37.777451,41.024894],[37.777424,41.024892],[37.777405,41.024895],[37.777165,41.024988],[37.776695,41.025325],[37.776569,41.025417],[37.77627,41.025572],[37.775962,41.025708],[37.775832,41.02574],[37.775445,41.025853],[37.774821,41.026035],[37.7748,41.026036],[37.774146,41.026283],[37.773834,41.026264],[37.773667,41.026228],[37.773458,41.026184],[37.773059,41.026038],[37.772795,41.026007],[37.7722,41.026116],[37.772146,41.026122],[37.771706,41.026235],[37.771617,41.026237],[37.771347,41.026283],[37.77131,41.026294],[37.771254,41.026303],[37.771073,41.026173],[37.771067,41.026171],[37.771022,41.026156],[37.770665,41.026103],[37.770572,41.026223],[37.770473,41.026347],[37.770467,41.026381],[37.770447,41.026402],[37.770385,41.026395],[37.770311,41.026421],[37.770346,41.026601],[37.770304,41.026779],[37.770162,41.026824],[37.770026,41.026992],[37.76994,41.027007],[37.769809,41.027306],[37.769809,41.027439],[37.769794,41.0276],[37.769752,41.027632],[37.769685,41.027661],[37.769667,41.027716],[37.769682,41.027788],[37.769677,41.027812],[37.769645,41.027885],[37.769598,41.027947],[37.769555,41.027987],[37.769345,41.028227],[37.769275,41.028283],[37.76922,41.028328],[37.769179,41.028391],[37.769046,41.028564],[37.768942,41.028688],[37.768878,41.028819],[37.768861,41.028856],[37.768823,41.028894],[37.768769,41.028961],[37.768758,41.028996],[37.768755,41.029056],[37.768775,41.029158],[37.76878,41.029231],[37.76878,41.029262],[37.768794,41.029291],[37.768831,41.029334],[37.768867,41.02935],[37.768887,41.029368],[37.768875,41.02942],[37.768827,41.029544],[37.768812,41.029629],[37.76882,41.029795],[37.76884,41.029902],[37.768869,41.029957],[37.768884,41.029979],[37.768986,41.029913],[37.76911,41.029885],[37.769241,41.029882],[37.76927,41.029869],[37.769395,41.029817],[37.769619,41.029793],[37.769897,41.029753],[37.769933,41.029783],[37.770191,41.029732],[37.77043,41.029777],[37.770585,41.0298],[37.77065,41.029831],[37.770666,41.029848],[37.770776,41.029867],[37.770894,41.029922],[37.77107,41.029993],[37.771016,41.030145],[37.770981,41.030277],[37.770911,41.030384],[37.770752,41.030527],[37.77068,41.030535],[37.77064,41.030551],[37.770599,41.030715],[37.770485,41.030842],[37.770469,41.030914],[37.770391,41.031039],[37.770391,41.03104],[37.770431,41.03106],[37.77072,41.031222],[37.770747,41.031239],[37.77078,41.031252],[37.770901,41.031288],[37.770953,41.031304],[37.770989,41.031332],[37.771022,41.03137],[37.77105,41.031394],[37.771098,41.031427],[37.771115,41.031433],[37.771154,41.031439],[37.771188,41.031448],[37.771236,41.031456],[37.771403,41.031467],[37.771539,41.031477],[37.771788,41.031475],[37.771984,41.03148],[37.772055,41.031482],[37.772108,41.031476],[37.772238,41.031453],[37.772473,41.031409],[37.772641,41.031369],[37.772752,41.031347],[37.77279,41.031341],[37.772819,41.03134],[37.772846,41.031347],[37.772869,41.031361],[37.772885,41.031377],[37.772891,41.031391],[37.772898,41.031403],[37.772951,41.031418],[37.773055,41.031428],[37.773199,41.031456],[37.773229,41.031469],[37.773249,41.031498],[37.773392,41.031696],[37.773432,41.031773],[37.77346,41.031808],[37.773473,41.031967],[37.773478,41.03203],[37.773477,41.032067],[37.773497,41.032103],[37.773537,41.032127],[37.773636,41.032177],[37.773731,41.032266],[37.773914,41.03248],[37.774169,41.032683],[37.77429,41.032762],[37.774341,41.032793],[37.774454,41.032827],[37.77469,41.032894],[37.774815,41.032932],[37.775061,41.032981],[37.77538,41.033064],[37.775542,41.033105],[37.775609,41.03312],[37.775685,41.033124],[37.775917,41.033123],[37.776364,41.033133],[37.77687,41.033206],[37.777078,41.033228],[37.777324,41.033295],[37.77749,41.033335],[37.777522,41.03334],[37.777542,41.033357],[37.777558,41.033374],[37.777554,41.03339],[37.777449,41.033611],[37.777788,41.033602],[37.777983,41.033695],[37.77856,41.033666],[37.778544,41.033626],[37.778547,41.033608],[37.778779,41.033578],[37.778973,41.033587],[37.779421,41.033512],[37.77946,41.033516],[37.779545,41.033694],[37.77954,41.033763],[37.779326,41.033867],[37.77926,41.033987],[37.779192,41.034343],[37.779183,41.034475],[37.779145,41.034621],[37.779241,41.034663],[37.779324,41.034752],[37.77948,41.034778],[37.779661,41.034862],[37.779813,41.034864],[37.780188,41.035051],[37.780215,41.035199],[37.780312,41.035197],[37.780409,41.035278],[37.780641,41.035339],[37.78071,41.035378],[37.780822,41.035401],[37.780967,41.035358],[37.781111,41.035379],[37.781248,41.035501],[37.781427,41.035621],[37.781542,41.03561],[37.781727,41.035669],[37.78196,41.035788],[37.78202,41.035859],[37.782021,41.035886],[37.781992,41.035939],[37.782024,41.035946],[37.78206,41.035952],[37.782093,41.035958],[37.782127,41.035963],[37.782154,41.035967],[37.782203,41.03597],[37.78229,41.035978],[37.782364,41.035988],[37.782404,41.035993],[37.782426,41.036003],[37.782448,41.03602],[37.782495,41.036055],[37.782526,41.036073],[37.782549,41.036083],[37.782592,41.036085],[37.782638,41.036078],[37.782722,41.036056],[37.782783,41.03605],[37.782818,41.036051],[37.782876,41.036063],[37.782923,41.036077],[37.783057,41.036119],[37.7831,41.036145],[37.783125,41.036167],[37.783165,41.036207],[37.783206,41.036264],[37.783233,41.036298],[37.783255,41.036324],[37.783272,41.036355],[37.783309,41.036413],[37.783314,41.036423],[37.78332,41.036434],[37.783334,41.036448],[37.783363,41.036467],[37.783401,41.036493],[37.783445,41.036518],[37.783513,41.03656],[37.783573,41.036588],[37.783611,41.0366],[37.783636,41.036606],[37.783707,41.036599],[37.783796,41.036589],[37.78384,41.036591],[37.783931,41.036628],[37.784038,41.036694],[37.784128,41.036671],[37.78415,41.03667],[37.784184,41.036664],[37.784225,41.036659],[37.784278,41.036647],[37.784399,41.036622],[37.784469,41.036599],[37.78462,41.036572],[37.784719,41.03657],[37.784787,41.036571],[37.784909,41.03657],[37.785025,41.036572],[37.785163,41.036567],[37.785224,41.036556],[37.785283,41.036523],[37.785326,41.036481],[37.785384,41.036445],[37.785495,41.036421],[37.785551,41.036412],[37.785638,41.036394],[37.785729,41.036375],[37.785904,41.03637],[37.785979,41.036368],[37.786038,41.036359],[37.786092,41.03635],[37.786156,41.036331],[37.786268,41.036306],[37.786369,41.036299],[37.786408,41.036293],[37.786466,41.036279],[37.786583,41.036259],[37.786651,41.036245],[37.786721,41.036243],[37.786763,41.036249],[37.78682,41.03627],[37.786845,41.03628],[37.786878,41.036296],[37.786928,41.036302],[37.787023,41.036313],[37.787058,41.036315],[37.787096,41.036303],[37.787129,41.036287],[37.787183,41.036266],[37.787221,41.036259],[37.787254,41.036264],[37.787281,41.036276],[37.787318,41.03629],[37.787341,41.036296],[37.78739,41.036301],[37.787487,41.036308],[37.787603,41.036318],[37.787644,41.036324],[37.787688,41.036329],[37.787741,41.036334],[37.787846,41.036346],[37.787882,41.036361],[37.787899,41.036376],[37.787909,41.036395],[37.787932,41.036454],[37.787943,41.03649],[37.787963,41.036531],[37.787971,41.036568],[37.787953,41.036645],[37.787972,41.036651],[37.788062,41.036595],[37.78808,41.036596],[37.788125,41.036601],[37.788171,41.036613],[37.788214,41.036638],[37.788242,41.036668],[37.788402,41.036798],[37.788417,41.036809],[37.788448,41.03682],[37.788496,41.036825],[37.788561,41.036826],[37.788608,41.036828],[37.788654,41.036834],[37.788693,41.036851],[37.788758,41.036914],[37.788793,41.036935],[37.78882,41.03695],[37.788844,41.036958],[37.788894,41.036969],[37.788977,41.036987],[37.789086,41.037007],[37.789176,41.037032],[37.789221,41.03706],[37.789231,41.037079],[37.789241,41.037099],[37.789254,41.037128],[37.789277,41.037191],[37.78928,41.037207],[37.789305,41.037227],[37.789351,41.037257],[37.789372,41.03727],[37.789472,41.037315],[37.789681,41.03738],[37.789767,41.037401],[37.789856,41.037412],[37.789921,41.037419],[37.790016,41.037422],[37.790116,41.037429],[37.790205,41.037434],[37.790357,41.037462],[37.790387,41.037471],[37.790422,41.037485],[37.790522,41.037526],[37.790621,41.037569],[37.79068,41.037594],[37.790706,41.037606],[37.790732,41.037624],[37.790815,41.037683],[37.790849,41.03771],[37.790917,41.037766],[37.790984,41.037844],[37.791004,41.03788],[37.791017,41.037902],[37.791021,41.037914],[37.791038,41.037924],[37.791075,41.037938],[37.791102,41.03795],[37.791163,41.037969],[37.791187,41.037995],[37.791233,41.038072],[37.791237,41.038081],[37.791249,41.038096],[37.791332,41.038135],[37.791354,41.038147],[37.791365,41.03816],[37.791372,41.038184],[37.791384,41.038216],[37.791389,41.038243],[37.791394,41.038274],[37.79142,41.038316],[37.791449,41.03834],[37.791492,41.038355],[37.791544,41.038375],[37.79162,41.038405],[37.791724,41.038448],[37.791758,41.038462],[37.791792,41.038481],[37.791815,41.038514],[37.791836,41.038575],[37.791845,41.038614],[37.791874,41.038723],[37.791886,41.038769],[37.791934,41.03885],[37.791973,41.038927],[37.792036,41.039039],[37.792054,41.039081],[37.792101,41.039332],[37.792102,41.039352],[37.792109,41.039356],[37.792127,41.039379],[37.792198,41.039426],[37.79228,41.039461],[37.792318,41.039492],[37.792408,41.039578],[37.792445,41.039609],[37.792483,41.039627],[37.792571,41.03965],[37.79261,41.03966],[37.792644,41.03968],[37.792691,41.039739],[37.792744,41.039808],[37.792797,41.039826],[37.79295,41.039834],[37.793115,41.039854],[37.793155,41.039865],[37.793258,41.03993],[37.793317,41.03997],[37.793373,41.03999],[37.793473,41.040019],[37.793602,41.040057],[37.793726,41.040083],[37.793834,41.040101],[37.793983,41.040121],[37.794046,41.040149],[37.794276,41.040267],[37.794359,41.040286],[37.794645,41.040316],[37.794681,41.040326],[37.794879,41.040451],[37.794918,41.040475],[37.79496,41.040484],[37.795027,41.040492],[37.795123,41.040485],[37.795235,41.040483],[37.795269,41.040494],[37.79529,41.040516],[37.795322,41.04056],[37.795342,41.040592],[37.795426,41.040621],[37.795483,41.040635],[37.795575,41.04065],[37.795768,41.040672],[37.795942,41.040702],[37.79602,41.04073],[37.796107,41.040766],[37.796216,41.04081],[37.796405,41.040856],[37.796283,41.040962],[37.796223,41.041046],[37.796483,41.041248],[37.7966,41.041404],[37.796626,41.041527],[37.796919,41.041668],[37.797081,41.042035],[37.797565,41.042178],[37.7976,41.042131],[37.797931,41.041918]]]]}},{"type":"Feature","properties":{"id":"TR-Y-52-017-M-0013","level":"yerlesim","type":"mahalle","parent_id":"TR-D-52-017","province_id":"TR-P-52","district_id":"TR-D-52-017","name":"Çınar","source_raw_name":"ÇINAR","source":"Kamuya açık veri ve kent rehberi servisleri","source_label":"Kamuya açık veri ve kent rehberi servisleri","source_name":"Ordu Büyükşehir Belediyesi Akıllı Şehir Açık Veri Platformu - Mahalleler"},"geometry":{"type":"MultiPolygon","coordinates":[[[[37.74586,41.09377],[37.746113,41.093604],[37.746571,41.09372],[37.74722,41.09351],[37.747537,41.093411],[37.747841,41.093389],[37.748083,41.093494],[37.748594,41.09368],[37.749159,41.093662],[37.749547,41.094044],[37.749784,41.094128],[37.750478,41.09414],[37.750891,41.094407],[37.751334,41.094465],[37.751639,41.09439],[37.752017,41.094501],[37.752359,41.094468],[37.75262,41.094405],[37.752828,41.094463],[37.753117,41.094472],[37.753339,41.09447],[37.753525,41.094439],[37.753606,41.094419],[37.753687,41.094392],[37.753821,41.094291],[37.754014,41.094129],[37.754262,41.094062],[37.754408,41.093924],[37.754434,41.093686],[37.754412,41.093428],[37.754511,41.093146],[37.754588,41.093064],[37.754719,41.092959],[37.754972,41.092777],[37.75533,41.092761],[37.755682,41.09249],[37.755888,41.092496],[37.756192,41.09245],[37.756416,41.092379],[37.756813,41.092326],[37.757238,41.092249],[37.757342,41.09221],[37.757643,41.09233],[37.757787,41.092439],[37.75802,41.092832],[37.758203,41.092969],[37.758432,41.093165],[37.75916,41.093931],[37.759137,41.094018],[37.759134,41.0941],[37.758954,41.094231],[37.758921,41.094256],[37.758957,41.094293],[37.75909,41.094391],[37.759282,41.094294],[37.75932,41.094271],[37.759328,41.094226],[37.75937,41.094177],[37.759507,41.094042],[37.759859,41.093889],[37.759952,41.093775],[37.759975,41.093685],[37.760244,41.093519],[37.760274,41.093372],[37.7605,41.093243],[37.76071,41.092983],[37.761088,41.092782],[37.761873,41.092561],[37.76217,41.092396],[37.762232,41.092235],[37.762489,41.09235],[37.762725,41.092242],[37.762728,41.092085],[37.762905,41.092036],[37.762924,41.091981],[37.763116,41.09196],[37.763421,41.091958],[37.763602,41.091934],[37.764046,41.091689],[37.764452,41.091713],[37.764603,41.091441],[37.765142,41.091247],[37.765408,41.091066],[37.765455,41.091049],[37.765694,41.091182],[37.765831,41.091182],[37.765966,41.091081],[37.766163,41.090944],[37.766325,41.09087],[37.766352,41.090846],[37.766566,41.09073],[37.766672,41.090678],[37.766736,41.090564],[37.766765,41.090443],[37.766913,41.090294],[37.76696,41.090288],[37.766973,41.090224],[37.766999,41.090164],[37.766981,41.090139],[37.766925,41.090107],[37.766957,41.089782],[37.76693,41.089728],[37.767019,41.089532],[37.767149,41.089421],[37.767268,41.089338],[37.767385,41.08924],[37.767469,41.08914],[37.767611,41.088989],[37.767668,41.088846],[37.767689,41.088814],[37.767792,41.088522],[37.767913,41.08831],[37.768099,41.08813],[37.768302,41.087899],[37.768344,41.087778],[37.768432,41.087659],[37.769073,41.087194],[37.769403,41.08705],[37.769615,41.086848],[37.769815,41.08663],[37.76996,41.086532],[37.770158,41.086464],[37.770324,41.086433],[37.770466,41.086361],[37.770636,41.086116],[37.770647,41.0861],[37.770685,41.086013],[37.771014,41.085912],[37.771118,41.085914],[37.771363,41.085816],[37.771668,41.085703],[37.771947,41.085507],[37.771889,41.08531],[37.77207,41.085159],[37.772043,41.085036],[37.772161,41.08461],[37.77227,41.084471],[37.772577,41.084248],[37.772793,41.084154],[37.772966,41.084048],[37.773197,41.083779],[37.773267,41.083723],[37.773533,41.083565],[37.773669,41.083507],[37.773802,41.083407],[37.773883,41.083261],[37.773879,41.083202],[37.773896,41.083129],[37.773868,41.082981],[37.773793,41.082829],[37.773646,41.082663],[37.773557,41.082563],[37.773426,41.082363],[37.773484,41.082281],[37.773609,41.082186],[37.773885,41.082053],[37.773994,41.08201],[37.774045,41.08199],[37.774302,41.081925],[37.774419,41.081879],[37.77468,41.081727],[37.775108,41.08163],[37.775276,41.081615],[37.775358,41.081605],[37.77558,41.08158],[37.77558,41.081622],[37.776391,41.081571],[37.77569,41.081258],[37.775214,41.080476],[37.775307,41.080051],[37.774822,41.079476],[37.774317,41.078913],[37.774186,41.078298],[37.773882,41.077527],[37.773254,41.07725],[37.773069,41.076791],[37.773272,41.075679],[37.772981,41.075553],[37.772867,41.075508],[37.772647,41.075389],[37.772447,41.075281],[37.772316,41.075222],[37.772194,41.075177],[37.772003,41.07519],[37.771768,41.075259],[37.771762,41.075262],[37.771568,41.075357],[37.771347,41.075406],[37.771188,41.075439],[37.771006,41.075491],[37.770826,41.075514],[37.770661,41.075534],[37.770401,41.075482],[37.769878,41.075391],[37.769606,41.07538],[37.769403,41.075436],[37.769209,41.075539],[37.769157,41.075542],[37.769005,41.07555],[37.768877,41.075542],[37.768688,41.075541],[37.768589,41.075505],[37.768436,41.075503],[37.768217,41.075533],[37.768,41.075599],[37.767834,41.075718],[37.767769,41.075777],[37.767649,41.075859],[37.767504,41.075907],[37.767158,41.075999],[37.767011,41.076052],[37.766834,41.076141],[37.766585,41.07647],[37.766519,41.076525],[37.766508,41.076531],[37.766408,41.076617],[37.766134,41.076797],[37.76579,41.07687],[37.765625,41.076956],[37.765601,41.077107],[37.765599,41.077231],[37.765509,41.077634],[37.765197,41.077925],[37.765168,41.078119],[37.765175,41.078374],[37.764613,41.078401],[37.76462,41.078803],[37.764713,41.078997],[37.764677,41.079169],[37.764298,41.079173],[37.764226,41.07923],[37.764064,41.079495],[37.763704,41.079761],[37.763292,41.08018],[37.76337,41.08039],[37.763425,41.080883],[37.763433,41.081063],[37.763452,41.081195],[37.763136,41.081448],[37.762706,41.081564],[37.762141,41.082072],[37.762055,41.082155],[37.761916,41.082205],[37.761681,41.082363],[37.761665,41.082416],[37.761661,41.082484],[37.761569,41.082558],[37.761633,41.082808],[37.761521,41.082975],[37.761254,41.083058],[37.760922,41.082857],[37.760452,41.0829],[37.760213,41.083071],[37.760084,41.0833],[37.760015,41.083512],[37.759514,41.083901],[37.758768,41.084356],[37.758673,41.084511],[37.758519,41.084628],[37.758449,41.084894],[37.758166,41.085145],[37.757782,41.085478],[37.75743,41.085736],[37.757303,41.085854],[37.757328,41.086006],[37.757288,41.086108],[37.75705,41.086064],[37.756904,41.086114],[37.756489,41.086157],[37.756446,41.08616],[37.755896,41.086324],[37.755605,41.08647],[37.75547,41.086537],[37.755368,41.08674],[37.754922,41.087079],[37.754616,41.087215],[37.754296,41.087191],[37.754056,41.087304],[37.753801,41.087301],[37.753533,41.087421],[37.75318,41.087479],[37.752833,41.087459],[37.752614,41.087567],[37.752293,41.087609],[37.752047,41.087717],[37.751848,41.087674],[37.751758,41.087537],[37.751448,41.087612],[37.751224,41.087671],[37.751043,41.08778],[37.750747,41.087969],[37.750541,41.088217],[37.750345,41.088268],[37.750156,41.088271],[37.750005,41.088211],[37.749164,41.088247],[37.748801,41.088244],[37.748566,41.088315],[37.747784,41.088397],[37.747527,41.088246],[37.747394,41.088333],[37.747182,41.088335],[37.746961,41.088318],[37.746836,41.088349],[37.746615,41.088285],[37.7464,41.088318],[37.746301,41.088338],[37.745584,41.088248],[37.745547,41.088277],[37.745465,41.088406],[37.745151,41.088856],[37.74503,41.088949],[37.744801,41.089],[37.744596,41.08926],[37.74464,41.08949],[37.744553,41.089526],[37.744433,41.089711],[37.744353,41.089835],[37.744226,41.089888],[37.743937,41.089963],[37.743918,41.090115],[37.743922,41.090134],[37.743941,41.090315],[37.743999,41.090431],[37.744052,41.090758],[37.743902,41.090951],[37.743747,41.091045],[37.743582,41.09122],[37.743445,41.091363],[37.743358,41.091445],[37.743283,41.091517],[37.743229,41.091558],[37.743086,41.091679],[37.742828,41.091856],[37.742889,41.092066],[37.742914,41.092159],[37.742865,41.09228],[37.742793,41.092375],[37.742641,41.092319],[37.742368,41.092462],[37.742116,41.092629],[37.741937,41.092795],[37.741842,41.092938],[37.741781,41.093131],[37.742063,41.093221],[37.742221,41.093232],[37.742419,41.093173],[37.742763,41.093275],[37.742921,41.093392],[37.743206,41.093477],[37.743478,41.093699],[37.74362,41.094008],[37.743588,41.094217],[37.743725,41.09437],[37.743809,41.094503],[37.743828,41.094622],[37.743805,41.094756],[37.74376,41.094957],[37.743699,41.095137],[37.743637,41.095239],[37.743664,41.095266],[37.743687,41.095282],[37.743903,41.09552],[37.743908,41.095552],[37.744141,41.095515],[37.74435,41.095332],[37.744391,41.095152],[37.744815,41.094825],[37.745199,41.094579],[37.745837,41.094122],[37.74586,41.09377]]]]}},{"type":"Feature","properties":{"id":"TR-Y-52-017-M-0014","level":"yerlesim","type":"mahalle","parent_id":"TR-D-52-017","province_id":"TR-P-52","district_id":"TR-D-52-017","name":"Dereiçi","source_raw_name":"DEREİÇİ","source":"Kamuya açık veri ve kent rehberi servisleri","source_label":"Kamuya açık veri ve kent rehberi servisleri","source_name":"Ordu Büyükşehir Belediyesi Akıllı Şehir Açık Veri Platformu - Mahalleler"},"geometry":{"type":"MultiPolygon","coordinates":[[[[37.781517,41.05764],[37.781525,41.057468],[37.781502,41.057283],[37.78145,41.057135],[37.781379,41.056978],[37.781411,41.056837],[37.781522,41.056475],[37.781612,41.056256],[37.781748,41.05605],[37.78227,41.055492],[37.782321,41.055459],[37.782397,41.055431],[37.782376,41.055386],[37.782377,41.055194],[37.782545,41.055096],[37.782972,41.054505],[37.786272,41.050404],[37.78652,41.050309],[37.786681,41.049976],[37.786849,41.049753],[37.786893,41.04972],[37.786913,41.049699],[37.786973,41.049631],[37.787115,41.049469],[37.787282,41.049347],[37.787496,41.049183],[37.78728,41.048803],[37.787111,41.04871],[37.786839,41.048527],[37.786726,41.0483],[37.7866,41.048261],[37.786523,41.048224],[37.786301,41.048154],[37.786267,41.048163],[37.786121,41.048001],[37.785752,41.047796],[37.785606,41.047559],[37.785559,41.047446],[37.785085,41.047222],[37.784987,41.047089],[37.78496,41.047041],[37.784899,41.046943],[37.784752,41.046852],[37.784562,41.046736],[37.784321,41.046669],[37.784182,41.0466],[37.784142,41.046573],[37.784119,41.046475],[37.78398,41.0463],[37.783833,41.046068],[37.783809,41.045991],[37.783733,41.04585],[37.783732,41.045667],[37.783712,41.045582],[37.783652,41.045559],[37.7835,41.045668],[37.78335,41.045619],[37.78325,41.04557],[37.783107,41.045569],[37.783136,41.045404],[37.783131,41.045364],[37.783147,41.045336],[37.78291,41.04529],[37.782768,41.045271],[37.782547,41.045206],[37.7825,41.045086],[37.782373,41.045057],[37.782212,41.04508],[37.782028,41.04515],[37.78183,41.045128],[37.781597,41.045115],[37.780449,41.044872],[37.780207,41.04479],[37.779601,41.044537],[37.779108,41.044391],[37.778908,41.044332],[37.77862,41.044293],[37.778369,41.04426],[37.778149,41.044231],[37.778029,41.044214],[37.777559,41.044242],[37.777109,41.044334],[37.776717,41.044544],[37.776337,41.044721],[37.776112,41.044797],[37.775823,41.04493],[37.77573,41.045014],[37.775607,41.045212],[37.775416,41.045483],[37.77545,41.045577],[37.77538,41.045625],[37.775167,41.045712],[37.775021,41.045755],[37.774936,41.045743],[37.774751,41.045832],[37.77457,41.045915],[37.774365,41.045949],[37.773838,41.045919],[37.773524,41.04585],[37.773157,41.04584],[37.772787,41.045762],[37.772115,41.045776],[37.771532,41.045864],[37.771337,41.045875],[37.771002,41.045908],[37.770369,41.045989],[37.769891,41.046006],[37.769489,41.046177],[37.769379,41.046225],[37.769265,41.046184],[37.769135,41.046172],[37.76911,41.046164],[37.768743,41.046281],[37.768749,41.046387],[37.768659,41.046482],[37.768608,41.046565],[37.768617,41.046664],[37.768524,41.046762],[37.768405,41.046985],[37.76823,41.047134],[37.768223,41.047218],[37.76819,41.047429],[37.767863,41.047694],[37.767553,41.048132],[37.767263,41.048289],[37.767132,41.048416],[37.767273,41.048653],[37.767375,41.048886],[37.767394,41.048947],[37.767699,41.049134],[37.76789,41.04917],[37.767912,41.049281],[37.767724,41.049406],[37.767584,41.049481],[37.767523,41.04957],[37.767536,41.049661],[37.767496,41.049703],[37.767482,41.049827],[37.767453,41.049909],[37.767303,41.050065],[37.767174,41.050133],[37.768327,41.050636],[37.768747,41.050816],[37.769073,41.050901],[37.769648,41.051023],[37.770206,41.051219],[37.770893,41.051491],[37.771213,41.051696],[37.771394,41.051869],[37.771426,41.05203],[37.771286,41.05253],[37.771212,41.052753],[37.771186,41.05293],[37.771295,41.053086],[37.771527,41.053205],[37.771897,41.053209],[37.772571,41.053175],[37.773042,41.053084],[37.774028,41.05285],[37.774568,41.052795],[37.774982,41.052843],[37.775268,41.052977],[37.775495,41.053224],[37.775698,41.053657],[37.776097,41.055016],[37.776421,41.056325],[37.776552,41.056705],[37.77683,41.057081],[37.77726,41.05741],[37.777514,41.057542],[37.777687,41.057597],[37.778049,41.05762],[37.778743,41.057575],[37.779164,41.057523],[37.779642,41.057623],[37.780313,41.057936],[37.780808,41.058215],[37.780959,41.058342],[37.781266,41.058193],[37.781344,41.058164],[37.781399,41.058098],[37.781449,41.057981],[37.781486,41.057841],[37.781517,41.05764]]]]}},{"type":"Feature","properties":{"id":"TR-Y-52-017-M-0015","level":"yerlesim","type":"mahalle","parent_id":"TR-D-52-017","province_id":"TR-P-52","district_id":"TR-D-52-017","name":"Doğanköy","source_raw_name":"DOĞAN","source":"Kamuya açık veri ve kent rehberi servisleri","source_label":"Kamuya açık veri ve kent rehberi servisleri","source_name":"Ordu Büyükşehir Belediyesi Akıllı Şehir Açık Veri Platformu - Mahalleler"},"geometry":{"type":"MultiPolygon","coordinates":[[[[37.71422,41.000051],[37.714527,40.999747],[37.714618,40.999695],[37.714761,40.999652],[37.715071,40.999606],[37.715159,40.999418],[37.715386,40.99894],[37.71531,40.998823],[37.715108,40.99851],[37.714967,40.998387],[37.714954,40.998373],[37.714891,40.998346],[37.714684,40.997913],[37.71466,40.997882],[37.714712,40.997462],[37.714656,40.99737],[37.71466,40.997303],[37.714078,40.997015],[37.713873,40.996657],[37.713944,40.996466],[37.714042,40.996338],[37.714008,40.996189],[37.713959,40.996034],[37.71396,40.996034],[37.713958,40.996027],[37.714109,40.995753],[37.71412,40.995683],[37.714177,40.995387],[37.714204,40.995284],[37.714226,40.995265],[37.714557,40.995401],[37.714722,40.995319],[37.714883,40.995265],[37.715181,40.995171],[37.715084,40.995031],[37.715003,40.994755],[37.714967,40.994603],[37.714967,40.994603],[37.714965,40.994595],[37.714969,40.99445],[37.714943,40.994234],[37.715011,40.993836],[37.715172,40.993603],[37.715249,40.993457],[37.715264,40.993423],[37.715328,40.99327],[37.715528,40.993107],[37.71562,40.993054],[37.715733,40.993001],[37.715803,40.992984],[37.715971,40.992957],[37.716291,40.992838],[37.716444,40.992815],[37.71666,40.992766],[37.717061,40.992719],[37.71732,40.99264],[37.717681,40.992537],[37.718,40.992444],[37.71822,40.992425],[37.718544,40.992386],[37.718672,40.99237],[37.718997,40.992294],[37.719174,40.992356],[37.719471,40.992354],[37.719707,40.992424],[37.719883,40.992484],[37.720057,40.992627],[37.720142,40.99266],[37.72009,40.99281],[37.720277,40.992939],[37.720474,40.993005],[37.720728,40.993064],[37.721267,40.993228],[37.72151,40.993237],[37.721521,40.99325],[37.721619,40.993257],[37.721936,40.993587],[37.721978,40.993429],[37.72203,40.993402],[37.722041,40.993374],[37.722063,40.993322],[37.721942,40.993169],[37.721807,40.992984],[37.721792,40.992974],[37.721779,40.992814],[37.721841,40.992628],[37.722045,40.992693],[37.722466,40.992694],[37.722745,40.992778],[37.723119,40.992944],[37.72312,40.992951],[37.723121,40.992951],[37.72329,40.993093],[37.723492,40.99315],[37.723805,40.993225],[37.724216,40.993294],[37.724047,40.993558],[37.723858,40.99403],[37.72435,40.994154],[37.724527,40.994234],[37.724668,40.994093],[37.725224,40.994198],[37.725377,40.994197],[37.725365,40.994172],[37.725367,40.994172],[37.725364,40.994164],[37.725824,40.994271],[37.726552,40.994356],[37.726486,40.994056],[37.72639,40.993832],[37.726391,40.993829],[37.726389,40.993825],[37.726511,40.992893],[37.727042,40.992914],[37.72713,40.992923],[37.727294,40.992927],[37.727514,40.992931],[37.727682,40.992931],[37.727964,40.992933],[37.728293,40.992932],[37.728294,40.992939],[37.728295,40.992939],[37.728318,40.993173],[37.728332,40.993191],[37.728334,40.993197],[37.728334,40.993198],[37.728373,40.993423],[37.728307,40.993964],[37.72867,40.994776],[37.72867,40.994779],[37.728672,40.994783],[37.728652,40.995154],[37.728979,40.994895],[37.729483,40.994907],[37.72948,40.994914],[37.729485,40.994914],[37.729402,40.995076],[37.729351,40.995183],[37.729343,40.995337],[37.729524,40.995763],[37.729575,40.995796],[37.729828,40.995626],[37.730045,40.995735],[37.730204,40.995813],[37.730335,40.995817],[37.730308,40.995823],[37.730337,40.995824],[37.729837,40.995935],[37.729363,40.996041],[37.728992,40.996166],[37.728707,40.996262],[37.728529,40.996359],[37.729546,40.99631],[37.730517,40.996318],[37.730501,40.995927],[37.730855,40.99591],[37.730802,40.995775],[37.730803,40.995774],[37.7308,40.995768],[37.7316,40.994962],[37.731611,40.994946],[37.731923,40.994663],[37.732141,40.994538],[37.732331,40.994281],[37.732437,40.994278],[37.732682,40.994469],[37.73277,40.994545],[37.73284,40.994592],[37.732914,40.994663],[37.73302,40.994705],[37.73306,40.994688],[37.733137,40.994641],[37.733577,40.995142],[37.733863,40.995401],[37.734091,40.9956],[37.734477,40.995709],[37.735186,40.995664],[37.735784,40.995434],[37.736458,40.99542],[37.737028,40.995376],[37.737322,40.995485],[37.737562,40.99558],[37.737781,40.995878],[37.73794,40.996],[37.738505,40.996288],[37.738679,40.996364],[37.738838,40.996379],[37.738986,40.996354],[37.739082,40.996312],[37.739254,40.996184],[37.739402,40.996156],[37.739606,40.996185],[37.739803,40.996317],[37.73994,40.996363],[37.740191,40.996356],[37.740321,40.996174],[37.740433,40.995994],[37.740502,40.995937],[37.740638,40.995939],[37.740827,40.995986],[37.741079,40.996096],[37.741341,40.996173],[37.741754,40.996274],[37.742009,40.996391],[37.742312,40.996509],[37.742577,40.996634],[37.742857,40.99679],[37.742966,40.996921],[37.743072,40.997065],[37.74346,40.997289],[37.743609,40.997352],[37.743698,40.997376],[37.743715,40.997379],[37.743716,40.99738],[37.743722,40.997523],[37.743862,40.997855],[37.744112,40.998104],[37.74443,40.998489],[37.744536,40.998727],[37.744721,40.998919],[37.744845,40.99897],[37.745033,40.999025],[37.745059,40.999031],[37.745218,40.998904],[37.745278,40.998804],[37.745328,40.998524],[37.745365,40.998449],[37.745432,40.998115],[37.745436,40.998053],[37.745453,40.997816],[37.744794,40.997652],[37.74478,40.997642],[37.744798,40.997514],[37.74489,40.997363],[37.744944,40.997299],[37.745,40.997259],[37.745146,40.997241],[37.74537,40.997211],[37.745533,40.997003],[37.745611,40.996897],[37.745745,40.996724],[37.745798,40.996652],[37.745855,40.99655],[37.74592,40.996402],[37.746001,40.996256],[37.745954,40.996023],[37.745971,40.995987],[37.745913,40.995953],[37.745938,40.995806],[37.745998,40.995666],[37.746176,40.995516],[37.746315,40.995355],[37.746347,40.995197],[37.746358,40.995127],[37.746444,40.995041],[37.746476,40.995035],[37.74649,40.995006],[37.746539,40.995023],[37.746599,40.995012],[37.746919,40.994699],[37.746976,40.994695],[37.747099,40.994749],[37.747155,40.994791],[37.747149,40.994985],[37.747162,40.99509],[37.747245,40.995221],[37.747258,40.995492],[37.747474,40.995737],[37.747806,40.996247],[37.748023,40.996425],[37.748049,40.996411],[37.748342,40.996239],[37.748734,40.996112],[37.748774,40.996086],[37.74895,40.995929],[37.749476,40.995762],[37.749587,40.995751],[37.750121,40.995427],[37.75026,40.995332],[37.75023,40.995269],[37.750347,40.995134],[37.750353,40.995122],[37.750553,40.995224],[37.750855,40.995205],[37.750929,40.99521],[37.751138,40.995204],[37.75122,40.995259],[37.751614,40.995119],[37.752009,40.995102],[37.752112,40.994984],[37.752463,40.994931],[37.753196,40.995016],[37.753482,40.995004],[37.753838,40.995044],[37.754065,40.995057],[37.754849,40.995117],[37.755182,40.994982],[37.755258,40.994875],[37.755421,40.994461],[37.755441,40.994354],[37.755484,40.994278],[37.755543,40.993929],[37.755703,40.99397],[37.756063,40.993981],[37.756184,40.993826],[37.756219,40.99382],[37.756178,40.993612],[37.756506,40.99336],[37.7568,40.993285],[37.757125,40.993257],[37.757396,40.992699],[37.757452,40.992616],[37.758085,40.992191],[37.758516,40.991899],[37.758773,40.99166],[37.758796,40.991308],[37.75882,40.991296],[37.759364,40.991264],[37.759624,40.991395],[37.75969,40.991421],[37.759757,40.991439],[37.759778,40.991389],[37.760004,40.991343],[37.760249,40.99123],[37.760255,40.991006],[37.760519,40.990867],[37.760752,40.991096],[37.760874,40.991016],[37.760832,40.990366],[37.761076,40.990313],[37.761382,40.990175],[37.761269,40.990077],[37.761152,40.989881],[37.761035,40.989648],[37.761494,40.989655],[37.761515,40.989421],[37.761666,40.989316],[37.761632,40.989275],[37.761556,40.98889],[37.761866,40.988588],[37.761895,40.988573],[37.761974,40.988533],[37.762088,40.988309],[37.76198,40.988169],[37.762085,40.987835],[37.762235,40.987753],[37.762433,40.987629],[37.762653,40.98763],[37.762799,40.987669],[37.762854,40.987709],[37.762895,40.98776],[37.762903,40.987796],[37.763208,40.987761],[37.76332,40.987734],[37.763289,40.987654],[37.763155,40.987512],[37.76309,40.98749],[37.763025,40.98735],[37.762908,40.987223],[37.762873,40.987219],[37.762837,40.9872],[37.762877,40.986955],[37.762811,40.986701],[37.763257,40.986527],[37.763169,40.986419],[37.763131,40.986331],[37.763164,40.986238],[37.76295,40.986076],[37.762917,40.985888],[37.762956,40.985745],[37.763028,40.985418],[37.763299,40.984996],[37.763533,40.984839],[37.763169,40.984876],[37.762913,40.984904],[37.762664,40.984893],[37.762405,40.984895],[37.762174,40.98492],[37.761731,40.98488],[37.761342,40.984815],[37.76081,40.984691],[37.760668,40.984553],[37.760569,40.98442],[37.760492,40.984314],[37.760264,40.983948],[37.760363,40.98371],[37.760208,40.983495],[37.760319,40.983074],[37.760445,40.982815],[37.760513,40.98261],[37.760689,40.982013],[37.760457,40.980389],[37.759989,40.980465],[37.75972,40.980591],[37.759417,40.981006],[37.75891,40.98112],[37.758618,40.981199],[37.758218,40.981193],[37.757706,40.980915],[37.757456,40.980776],[37.757392,40.980707],[37.75726,40.980457],[37.757156,40.980139],[37.75701,40.979771],[37.756639,40.979365],[37.756605,40.979355],[37.756212,40.979275],[37.755851,40.978628],[37.755817,40.977944],[37.755826,40.977459],[37.755478,40.977162],[37.75493,40.977037],[37.754624,40.977006],[37.754234,40.976951],[37.753658,40.976784],[37.753588,40.976738],[37.753563,40.976708],[37.753158,40.976746],[37.752489,40.976949],[37.752285,40.97724],[37.751992,40.977479],[37.751785,40.977659],[37.751437,40.977937],[37.751089,40.978164],[37.750691,40.97842],[37.750627,40.978467],[37.750494,40.978497],[37.750109,40.978681],[37.749737,40.978828],[37.749599,40.978825],[37.749483,40.97895],[37.748673,40.978941],[37.74861,40.978936],[37.748264,40.978838],[37.748227,40.978807],[37.747866,40.978716],[37.747633,40.978683],[37.74742,40.978597],[37.747049,40.97851],[37.746557,40.978389],[37.746098,40.978379],[37.745798,40.978326],[37.745596,40.978297],[37.745366,40.978291],[37.744877,40.978284],[37.744732,40.97823],[37.744594,40.978204],[37.744435,40.978183],[37.744277,40.978166],[37.7437,40.978286],[37.742767,40.978161],[37.74205,40.977971],[37.741621,40.977946],[37.741378,40.977954],[37.740908,40.977927],[37.740611,40.977871],[37.740225,40.977808],[37.740165,40.977752],[37.740157,40.977735],[37.740039,40.97763],[37.739964,40.97761],[37.739826,40.977493],[37.739734,40.977385],[37.739542,40.977265],[37.739409,40.977153],[37.739199,40.977035],[37.739098,40.977011],[37.738953,40.976998],[37.738844,40.977005],[37.738275,40.976859],[37.738,40.976772],[37.737579,40.976728],[37.737353,40.976857],[37.737256,40.977258],[37.737252,40.977314],[37.737336,40.977689],[37.737759,40.978069],[37.73774,40.978488],[37.737604,40.978506],[37.737075,40.978415],[37.737218,40.978558],[37.737515,40.978955],[37.737548,40.978992],[37.737618,40.979067],[37.737722,40.979281],[37.737856,40.979626],[37.737898,40.979663],[37.738115,40.980018],[37.738262,40.980201],[37.738078,40.980524],[37.73802,40.980616],[37.737969,40.980699],[37.737951,40.980769],[37.737994,40.980976],[37.738004,40.981196],[37.737954,40.981474],[37.737935,40.981481],[37.737882,40.981573],[37.737889,40.981635],[37.73794,40.981684],[37.737967,40.981758],[37.737944,40.981902],[37.737903,40.981989],[37.737827,40.982027],[37.737588,40.982163],[37.737319,40.982366],[37.737026,40.98261],[37.736951,40.98269],[37.736885,40.982793],[37.736813,40.982847],[37.736682,40.98291],[37.736339,40.983004],[37.735945,40.98313],[37.735779,40.98318],[37.735706,40.983195],[37.735357,40.983219],[37.735256,40.983216],[37.73499,40.983199],[37.734726,40.983208],[37.734492,40.983247],[37.73441,40.983255],[37.734183,40.98325],[37.734006,40.983254],[37.73365,40.983292],[37.733063,40.98336],[37.732843,40.983372],[37.732594,40.98336],[37.731891,40.983372],[37.73159,40.983386],[37.731025,40.983446],[37.730107,40.983541],[37.729516,40.98363],[37.728973,40.983732],[37.728848,40.983748],[37.728259,40.98381],[37.728132,40.983814],[37.727593,40.983799],[37.727468,40.983811],[37.727345,40.983848],[37.727281,40.983894],[37.72696,40.984222],[37.726433,40.984781],[37.726325,40.984884],[37.726147,40.984973],[37.726076,40.985011],[37.726068,40.985017],[37.725639,40.985131],[37.725076,40.985341],[37.724809,40.98552],[37.724634,40.985636],[37.724483,40.985722],[37.723994,40.985847],[37.723979,40.985831],[37.723804,40.985903],[37.723796,40.98588],[37.723625,40.985967],[37.723365,40.986129],[37.723112,40.986122],[37.723113,40.986131],[37.723115,40.986141],[37.723187,40.986299],[37.723263,40.986467],[37.723304,40.986558],[37.723246,40.986572],[37.723042,40.986616],[37.722869,40.986679],[37.722807,40.986709],[37.722632,40.986766],[37.722433,40.986812],[37.722216,40.98688],[37.721851,40.986989],[37.721639,40.987049],[37.72149,40.987086],[37.721042,40.987231],[37.72093,40.987245],[37.720775,40.987268],[37.720581,40.987292],[37.72036,40.987349],[37.720328,40.987349],[37.720287,40.987336],[37.720058,40.987253],[37.720006,40.987257],[37.719646,40.987322],[37.719629,40.98734],[37.719363,40.987362],[37.719358,40.987365],[37.719344,40.987457],[37.719114,40.987734],[37.71932,40.987892],[37.719227,40.988055],[37.719139,40.988124],[37.719004,40.988237],[37.718831,40.98833],[37.718666,40.98842],[37.718552,40.988492],[37.718412,40.988578],[37.718051,40.988703],[37.717897,40.988697],[37.717898,40.988712],[37.71776,40.988906],[37.717681,40.988976],[37.717663,40.988989],[37.717377,40.989251],[37.717354,40.989273],[37.717217,40.989393],[37.71696,40.98939],[37.71685,40.989586],[37.716813,40.989587],[37.716745,40.989618],[37.716653,40.989554],[37.716384,40.989432],[37.716282,40.989442],[37.715967,40.989339],[37.715808,40.989341],[37.715635,40.989397],[37.715581,40.989406],[37.715162,40.989462],[37.714858,40.989514],[37.714769,40.989512],[37.71445,40.989529],[37.714256,40.989551],[37.713321,40.989865],[37.712595,40.990125],[37.71245,40.9902],[37.712349,40.990249],[37.712154,40.990423],[37.71196,40.990592],[37.711781,40.990703],[37.711395,40.990896],[37.711283,40.990929],[37.711215,40.99094],[37.711023,40.990972],[37.710865,40.991],[37.710711,40.991017],[37.710596,40.991028],[37.710569,40.991032],[37.710438,40.991088],[37.710403,40.99111],[37.710217,40.991262],[37.710264,40.991325],[37.710144,40.991696],[37.710084,40.992523],[37.710014,40.992532],[37.709799,40.992682],[37.709616,40.992709],[37.70939,40.992708],[37.70929,40.992747],[37.709155,40.992804],[37.709098,40.992838],[37.708926,40.992997],[37.708619,40.993272],[37.708483,40.9934],[37.708366,40.993492],[37.708208,40.993633],[37.708208,40.993634],[37.708228,40.993742],[37.708231,40.993772],[37.708233,40.993783],[37.708016,40.993969],[37.707896,40.994067],[37.707803,40.994018],[37.707271,40.993986],[37.707214,40.993981],[37.707194,40.99398],[37.707166,40.993979],[37.707114,40.99398],[37.707095,40.993981],[37.707076,40.993982],[37.70704,40.994019],[37.706913,40.994168],[37.706769,40.994329],[37.706682,40.994455],[37.706646,40.99453],[37.70666,40.994568],[37.706678,40.994603],[37.706733,40.994655],[37.706843,40.994788],[37.706848,40.994803],[37.706843,40.994812],[37.706743,40.994819],[37.706618,40.994826],[37.706403,40.994832],[37.706352,40.994838],[37.706093,40.994929],[37.70563,40.995117],[37.70558,40.995129],[37.705575,40.995155],[37.705594,40.995182],[37.70584,40.995348],[37.70614,40.995583],[37.706247,40.995822],[37.706258,40.99586],[37.706264,40.995894],[37.706264,40.996113],[37.706239,40.996294],[37.706245,40.996325],[37.706342,40.996398],[37.706382,40.996421],[37.706614,40.996788],[37.706607,40.9968],[37.706585,40.996808],[37.70657,40.996812],[37.706557,40.996835],[37.706521,40.996918],[37.706501,40.996933],[37.706473,40.99694],[37.706326,40.997042],[37.706294,40.997084],[37.706227,40.997331],[37.706224,40.997392],[37.706253,40.997539],[37.706298,40.997701],[37.706298,40.997784],[37.706399,40.997844],[37.706678,40.997938],[37.706771,40.99796],[37.70681,40.997981],[37.706782,40.998037],[37.706739,40.998135],[37.706664,40.998258],[37.706645,40.998286],[37.706572,40.998289],[37.706461,40.998295],[37.706442,40.998317],[37.706436,40.99835],[37.707164,40.998587],[37.707339,40.998669],[37.707427,40.998702],[37.707618,40.99873],[37.707896,40.998765],[37.707847,40.998903],[37.707789,40.998954],[37.707864,40.999006],[37.707868,40.999002],[37.708047,40.999129],[37.708159,40.999196],[37.708459,40.999365],[37.708773,40.999455],[37.709033,40.999475],[37.709051,40.999491],[37.709404,40.999584],[37.709511,40.999584],[37.709591,40.999588],[37.710064,40.999646],[37.710233,40.999642],[37.710603,40.999616],[37.710898,40.999594],[37.711058,40.999571],[37.711267,40.99963],[37.711493,40.999577],[37.711767,40.999721],[37.711787,40.999731],[37.712042,40.999797],[37.712407,40.999761],[37.712787,40.999889],[37.712907,40.999807],[37.713721,41.000174],[37.71383,41.000208],[37.71422,41.000051]]]]}},{"type":"Feature","properties":{"id":"TR-Y-52-017-M-0016","level":"yerlesim","type":"mahalle","parent_id":"TR-D-52-017","province_id":"TR-P-52","district_id":"TR-D-52-017","name":"Düz","source_raw_name":"DÜZ","source":"Kamuya açık veri ve kent rehberi servisleri","source_label":"Kamuya açık veri ve kent rehberi servisleri","source_name":"Ordu Büyükşehir Belediyesi Akıllı Şehir Açık Veri Platformu - Mahalleler"},"geometry":{"type":"MultiPolygon","coordinates":[[[[37.756984,41.073369],[37.757114,41.073424],[37.757486,41.073792],[37.757588,41.073953],[37.757706,41.07409],[37.757878,41.074461],[37.758002,41.074532],[37.75807,41.074529],[37.758269,41.074659],[37.758334,41.074663],[37.758377,41.074658],[37.758617,41.074722],[37.758653,41.07474],[37.75874,41.074753],[37.75883,41.074982],[37.758834,41.07501],[37.758921,41.075154],[37.759037,41.075254],[37.759102,41.075255],[37.759447,41.075168],[37.759608,41.075137],[37.759896,41.075113],[37.760005,41.075065],[37.760148,41.075088],[37.760274,41.075185],[37.76036,41.075261],[37.760344,41.075313],[37.760357,41.075385],[37.760451,41.075372],[37.760611,41.075343],[37.760669,41.075346],[37.760937,41.07535],[37.761032,41.075337],[37.761121,41.075337],[37.761187,41.075323],[37.7613,41.075209],[37.761469,41.075182],[37.761579,41.075183],[37.761754,41.075138],[37.761825,41.075144],[37.761984,41.075143],[37.762107,41.075135],[37.762317,41.07514],[37.762402,41.075149],[37.762585,41.075197],[37.76269,41.075168],[37.762799,41.075176],[37.762934,41.0752],[37.763102,41.075202],[37.763132,41.075232],[37.763206,41.075277],[37.763228,41.075304],[37.763362,41.075351],[37.763284,41.075612],[37.763211,41.075818],[37.763106,41.075978],[37.763119,41.076048],[37.763498,41.076265],[37.764171,41.077306],[37.764188,41.077331],[37.764296,41.07745],[37.764318,41.077481],[37.76444,41.077495],[37.764637,41.077417],[37.764752,41.077442],[37.764859,41.077374],[37.764893,41.077326],[37.765199,41.077299],[37.765287,41.077281],[37.765419,41.077264],[37.765599,41.077231],[37.765601,41.077107],[37.765625,41.076956],[37.76579,41.07687],[37.766134,41.076797],[37.766408,41.076617],[37.766508,41.076531],[37.766519,41.076525],[37.766585,41.07647],[37.766834,41.076141],[37.767011,41.076052],[37.767158,41.075999],[37.767504,41.075907],[37.767649,41.075859],[37.767769,41.075777],[37.767834,41.075718],[37.768,41.075599],[37.768217,41.075533],[37.768436,41.075503],[37.768589,41.075505],[37.768688,41.075541],[37.768877,41.075542],[37.769005,41.07555],[37.769157,41.075542],[37.769209,41.075539],[37.769403,41.075436],[37.769606,41.07538],[37.769878,41.075391],[37.770401,41.075482],[37.770661,41.075534],[37.770826,41.075514],[37.771006,41.075491],[37.771188,41.075439],[37.771347,41.075406],[37.771568,41.075357],[37.771762,41.075262],[37.771768,41.075259],[37.772003,41.07519],[37.772194,41.075177],[37.772316,41.075222],[37.772447,41.075281],[37.772647,41.075389],[37.772867,41.075508],[37.772981,41.075553],[37.773272,41.075679],[37.773303,41.075575],[37.773394,41.075248],[37.773411,41.075185],[37.773391,41.075088],[37.773458,41.075082],[37.773434,41.074987],[37.773418,41.074949],[37.773377,41.074857],[37.773335,41.074733],[37.773327,41.074713],[37.773259,41.074513],[37.773204,41.074405],[37.773188,41.07429],[37.773116,41.074143],[37.773092,41.074027],[37.772932,41.073885],[37.772844,41.073568],[37.7728,41.07346],[37.77281,41.073272],[37.77253,41.072622],[37.772432,41.072422],[37.772386,41.072231],[37.772343,41.071934],[37.772392,41.071587],[37.772442,41.071165],[37.772655,41.070493],[37.772881,41.070088],[37.773331,41.069449],[37.773497,41.069364],[37.773996,41.069364],[37.774171,41.069354],[37.774366,41.069289],[37.774634,41.068635],[37.77457,41.06855],[37.774367,41.068488],[37.77404,41.068413],[37.77368,41.068359],[37.773308,41.068354],[37.773204,41.068298],[37.773195,41.068297],[37.773122,41.068295],[37.77228,41.068264],[37.772176,41.068294],[37.77207,41.068285],[37.771869,41.068486],[37.771663,41.068853],[37.771527,41.069025],[37.771142,41.06929],[37.770935,41.069296],[37.770486,41.06892],[37.770064,41.068528],[37.76992,41.068467],[37.769632,41.068614],[37.76937,41.068832],[37.769062,41.069024],[37.768623,41.069084],[37.768343,41.069049],[37.767876,41.068955],[37.767488,41.068948],[37.76695,41.069088],[37.766314,41.069332],[37.765797,41.069232],[37.765455,41.069078],[37.764953,41.069023],[37.764661,41.069067],[37.76438,41.069186],[37.763966,41.069298],[37.763303,41.069371],[37.763202,41.069372],[37.762965,41.069362],[37.762788,41.06938],[37.762733,41.069385],[37.762481,41.06944],[37.762068,41.069551],[37.761914,41.069601],[37.761785,41.069627],[37.761566,41.069629],[37.7615,41.069624],[37.760854,41.069505],[37.760643,41.069466],[37.760565,41.069506],[37.760463,41.069555],[37.760376,41.069544],[37.760084,41.069662],[37.759861,41.069761],[37.75968,41.069837],[37.759459,41.069906],[37.759339,41.070036],[37.759248,41.070216],[37.759106,41.070303],[37.759091,41.070554],[37.75901,41.070621],[37.758776,41.070824],[37.758518,41.071092],[37.758312,41.071295],[37.758223,41.071699],[37.7581,41.071738],[37.757911,41.071974],[37.75787,41.07203],[37.757171,41.0723],[37.756996,41.072629],[37.756922,41.072708],[37.756836,41.072792],[37.756666,41.072986],[37.756788,41.073145],[37.75685,41.073185],[37.756905,41.073212],[37.756939,41.07335],[37.756984,41.073369]]],[[[37.756984,41.073369],[37.756903,41.073392],[37.756828,41.073413],[37.756904,41.073393],[37.756984,41.073369]]]]}},{"type":"Feature","properties":{"id":"TR-Y-52-017-M-0017","level":"yerlesim","type":"mahalle","parent_id":"TR-D-52-017","province_id":"TR-P-52","district_id":"TR-D-52-017","name":"Efirli","source_raw_name":"EFİRLİ","source":"Kamuya açık veri ve kent rehberi servisleri","source_label":"Kamuya açık veri ve kent rehberi servisleri","source_name":"Ordu Büyükşehir Belediyesi Akıllı Şehir Açık Veri Platformu - Mahalleler"},"geometry":{"type":"MultiPolygon","coordinates":[[[[37.809326,41.025356],[37.809444,41.025334],[37.809488,41.025364],[37.809489,41.025449],[37.809651,41.025391],[37.809645,41.025295],[37.809714,41.02523],[37.809872,41.025139],[37.81009,41.025019],[37.810483,41.024895],[37.811744,41.0246],[37.812349,41.02445],[37.813329,41.02418],[37.813703,41.023988],[37.813957,41.023886],[37.814226,41.023887],[37.814901,41.023689],[37.815634,41.023521],[37.816496,41.023372],[37.817014,41.023271],[37.817447,41.023092],[37.817842,41.023104],[37.818261,41.022997],[37.819215,41.022806],[37.819783,41.02267],[37.820459,41.022576],[37.820891,41.0225],[37.821309,41.022387],[37.821643,41.022355],[37.822163,41.022237],[37.822983,41.022094],[37.823995,41.021903],[37.824541,41.021804],[37.824834,41.021792],[37.825272,41.021641],[37.826662,41.021498],[37.827207,41.02145],[37.827516,41.021362],[37.828586,41.021274],[37.829154,41.021223],[37.830252,41.02124],[37.830615,41.021079],[37.830989,41.020719],[37.830892,41.019781],[37.830149,41.017396],[37.82974,41.015896],[37.829399,41.015078],[37.829452,41.014487],[37.829312,41.014087],[37.828928,41.013665],[37.828517,41.012896],[37.828535,41.01187],[37.828377,41.011633],[37.828371,41.0112],[37.827966,41.010725],[37.8279,41.01038],[37.827539,41.009641],[37.827323,41.009142],[37.825783,41.00558],[37.82302,41.001711],[37.820821,40.999462],[37.82016,40.998849],[37.81957,40.998874],[37.818796,40.998688],[37.817937,40.998387],[37.817156,40.997969],[37.81665,40.997379],[37.816143,40.996654],[37.815841,40.996116],[37.815541,40.995298],[37.815259,40.99452],[37.815008,40.99394],[37.814685,40.993409],[37.814232,40.992802],[37.814056,40.992648],[37.813861,40.992572],[37.813649,40.992484],[37.812586,40.991666],[37.811286,40.990687],[37.811251,40.99066],[37.81116,40.990729],[37.811022,40.990853],[37.810927,40.990953],[37.810918,40.990947],[37.810747,40.991147],[37.810692,40.991172],[37.81043,40.991442],[37.810285,40.991518],[37.810285,40.991529],[37.810133,40.991545],[37.810125,40.991557],[37.810088,40.991621],[37.809668,40.991883],[37.809366,40.991855],[37.808894,40.99165],[37.808708,40.991648],[37.808427,40.991755],[37.808244,40.991979],[37.808258,40.992525],[37.807853,40.99293],[37.80748,40.993186],[37.807142,40.993481],[37.80698,40.993509],[37.806788,40.993643],[37.806594,40.994022],[37.806091,40.994121],[37.805483,40.994089],[37.805294,40.994038],[37.805155,40.994102],[37.804372,40.994238],[37.803991,40.994326],[37.803902,40.994384],[37.803545,40.994418],[37.80329,40.994396],[37.802867,40.994447],[37.801882,40.994647],[37.800797,40.99472],[37.79931,40.994853],[37.797711,40.994501],[37.796894,40.994129],[37.796559,40.994142],[37.796717,40.994481],[37.797018,40.994827],[37.797294,40.995207],[37.797377,40.995669],[37.797613,40.995866],[37.797962,40.99586],[37.798389,40.996014],[37.798381,40.996025],[37.798317,40.996077],[37.798209,40.996108],[37.798115,40.996104],[37.79802,40.996195],[37.797852,40.996199],[37.797797,40.996188],[37.797655,40.99632],[37.797544,40.996363],[37.797318,40.996439],[37.797273,40.996452],[37.797227,40.996504],[37.797168,40.996571],[37.797134,40.996634],[37.797136,40.996691],[37.79691,40.996727],[37.796798,40.996881],[37.796703,40.996901],[37.796584,40.996932],[37.796556,40.99702],[37.796501,40.997108],[37.7963,40.997247],[37.796204,40.997261],[37.796179,40.997325],[37.796157,40.997428],[37.796051,40.997547],[37.795964,40.997611],[37.795955,40.997789],[37.795804,40.997918],[37.795703,40.99797],[37.795447,40.99804],[37.795285,40.998129],[37.795312,40.998253],[37.795312,40.998303],[37.795273,40.99837],[37.79512,40.998521],[37.795106,40.998714],[37.795088,40.998846],[37.79506,40.998881],[37.79492,40.998885],[37.794814,40.998912],[37.794698,40.998955],[37.794598,40.998985],[37.794395,40.999009],[37.794272,40.999026],[37.794118,40.999038],[37.794055,40.998937],[37.794035,40.998797],[37.794034,40.998734],[37.794058,40.998642],[37.794069,40.998533],[37.794064,40.998449],[37.794003,40.998442],[37.793842,40.998475],[37.793644,40.99853],[37.793277,40.998648],[37.793112,40.998725],[37.793,40.998796],[37.7928,40.998886],[37.79278,40.998896],[37.792812,40.998901],[37.792659,40.998931],[37.792564,40.998951],[37.792472,40.998955],[37.792441,40.99898],[37.792239,40.999048],[37.792159,40.999118],[37.79213,40.999198],[37.792096,40.99923],[37.792037,40.999331],[37.791985,40.999412],[37.791969,40.999468],[37.791644,40.999633],[37.791571,40.99967],[37.791365,40.999604],[37.791245,40.999549],[37.791129,40.999493],[37.790945,40.999403],[37.790768,40.999286],[37.790707,40.999186],[37.790658,40.999089],[37.790557,40.99904],[37.790454,40.999048],[37.790403,40.999059],[37.790217,40.999109],[37.790015,40.99918],[37.78991,40.999202],[37.789825,40.99918],[37.789692,40.999192],[37.789529,40.999202],[37.78944,40.999161],[37.789314,40.999148],[37.7892,40.999192],[37.789116,40.999226],[37.789057,40.999312],[37.789,40.999339],[37.78899,40.999424],[37.788904,40.999468],[37.788836,40.999547],[37.78874,40.99962],[37.788603,40.999762],[37.788544,40.999836],[37.788555,40.999845],[37.788733,41.000004],[37.788853,41.000079],[37.788925,41.000149],[37.78906,41.000277],[37.789088,41.000297],[37.789446,41.000593],[37.789511,41.000663],[37.789624,41.00076],[37.789728,41.000873],[37.789817,41.001013],[37.789886,41.00111],[37.789943,41.001186],[37.789996,41.001272],[37.79009,41.001401],[37.790263,41.001567],[37.790426,41.001702],[37.790557,41.001817],[37.790628,41.001907],[37.790666,41.001993],[37.790767,41.002244],[37.790875,41.002466],[37.791014,41.002862],[37.791095,41.003058],[37.791184,41.00328],[37.791209,41.003483],[37.791247,41.003735],[37.791266,41.00396],[37.79127,41.004233],[37.791307,41.004511],[37.791332,41.004714],[37.791385,41.004917],[37.791451,41.005114],[37.791506,41.005225],[37.791583,41.005343],[37.79168,41.005429],[37.791787,41.005512],[37.791903,41.005595],[37.791929,41.005691],[37.791989,41.005987],[37.792055,41.006233],[37.792124,41.006348],[37.792284,41.006549],[37.792414,41.006642],[37.792548,41.006729],[37.792767,41.006842],[37.792991,41.006926],[37.793209,41.007074],[37.793385,41.007193],[37.793607,41.007352],[37.794022,41.007552],[37.794198,41.007649],[37.794333,41.007733],[37.794401,41.007861],[37.794501,41.008015],[37.794695,41.008329],[37.794718,41.008357],[37.79475,41.008393],[37.794804,41.008443],[37.794874,41.008516],[37.7949,41.008543],[37.794937,41.008584],[37.794967,41.008619],[37.795004,41.008658],[37.79505,41.008711],[37.795109,41.008765],[37.795167,41.00881],[37.795266,41.008851],[37.7953,41.008865],[37.795365,41.008878],[37.795407,41.008884],[37.795459,41.008896],[37.795527,41.008924],[37.795589,41.008946],[37.795643,41.008989],[37.795666,41.009008],[37.795675,41.009034],[37.795704,41.009093],[37.795727,41.009148],[37.795774,41.009234],[37.795796,41.009299],[37.795815,41.009332],[37.795838,41.009367],[37.795869,41.009411],[37.795896,41.009452],[37.795958,41.009528],[37.795991,41.009593],[37.796,41.00962],[37.796033,41.00966],[37.796094,41.009703],[37.796163,41.009745],[37.796446,41.00992],[37.79646,41.009934],[37.796472,41.009956],[37.796486,41.010001],[37.79669,41.010185],[37.796825,41.010453],[37.796848,41.010466],[37.796891,41.010513],[37.796908,41.010543],[37.796948,41.010579],[37.796992,41.010615],[37.797132,41.010705],[37.797195,41.010747],[37.797278,41.010786],[37.797383,41.010828],[37.797455,41.010848],[37.797511,41.010872],[37.797591,41.010898],[37.79763,41.010916],[37.797648,41.010938],[37.797655,41.010958],[37.797662,41.010987],[37.797673,41.011029],[37.797688,41.011086],[37.797685,41.01114],[37.797682,41.011287],[37.797727,41.011384],[37.797817,41.011458],[37.797877,41.011526],[37.797904,41.011583],[37.797934,41.011651],[37.797945,41.01169],[37.797937,41.011724],[37.797899,41.011739],[37.797848,41.011757],[37.798379,41.012268],[37.798751,41.01266],[37.798786,41.012974],[37.798516,41.013204],[37.798529,41.013305],[37.799052,41.013548],[37.799145,41.013754],[37.799027,41.014063],[37.799091,41.014502],[37.799273,41.014628],[37.799815,41.014637],[37.800188,41.014692],[37.800314,41.014786],[37.800321,41.014976],[37.800251,41.015146],[37.800093,41.015408],[37.800057,41.015706],[37.799715,41.01621],[37.799657,41.016585],[37.799669,41.016775],[37.799724,41.016857],[37.799953,41.016879],[37.800359,41.016829],[37.800664,41.017899],[37.800611,41.018224],[37.800495,41.018546],[37.800195,41.018782],[37.799611,41.019139],[37.799362,41.019462],[37.799554,41.01951],[37.799716,41.019573],[37.800233,41.019985],[37.800354,41.02019],[37.800508,41.020326],[37.800555,41.020337],[37.800968,41.02047],[37.801529,41.020846],[37.801918,41.021231],[37.802135,41.021638],[37.802221,41.022014],[37.80228,41.022425],[37.802201,41.022749],[37.802186,41.023204],[37.802255,41.02344],[37.802343,41.023666],[37.802411,41.023916],[37.802511,41.024263],[37.80269,41.02459],[37.802779,41.024743],[37.80332,41.024798],[37.803645,41.024722],[37.803771,41.024693],[37.803853,41.024639],[37.804075,41.024577],[37.804216,41.024605],[37.804252,41.024606],[37.804372,41.024617],[37.804714,41.024641],[37.804807,41.024659],[37.805071,41.024756],[37.805652,41.024613],[37.805868,41.024597],[37.806194,41.024482],[37.806825,41.024817],[37.806933,41.024913],[37.80716,41.025054],[37.807329,41.025226],[37.807494,41.025653],[37.807586,41.025928],[37.807654,41.026049],[37.808293,41.02577],[37.808498,41.02572],[37.809037,41.025473],[37.809326,41.025356]]]]}},{"type":"Feature","properties":{"id":"TR-Y-52-017-M-0018","level":"yerlesim","type":"mahalle","parent_id":"TR-D-52-017","province_id":"TR-P-52","district_id":"TR-D-52-017","name":"Ekinciler","source_raw_name":"EKİNCİLER","source":"Kamuya açık veri ve kent rehberi servisleri","source_label":"Kamuya açık veri ve kent rehberi servisleri","source_name":"Ordu Büyükşehir Belediyesi Akıllı Şehir Açık Veri Platformu - Mahalleler"},"geometry":{"type":"MultiPolygon","coordinates":[[[[37.706214,41.019304],[37.706643,41.019214],[37.706917,41.019224],[37.706944,41.019235],[37.706988,41.019204],[37.70712,41.019123],[37.707229,41.019023],[37.707288,41.018999],[37.707538,41.018895],[37.707757,41.018828],[37.707786,41.018797],[37.70791,41.0186],[37.708022,41.018538],[37.708118,41.018396],[37.708251,41.018334],[37.708382,41.018309],[37.708661,41.018426],[37.708852,41.018463],[37.70903,41.018378],[37.709064,41.018317],[37.709079,41.018236],[37.709329,41.018214],[37.709502,41.018217],[37.709623,41.018305],[37.709723,41.018382],[37.709862,41.018435],[37.710015,41.018531],[37.710242,41.018496],[37.710355,41.018551],[37.710389,41.018596],[37.710635,41.018745],[37.710663,41.018759],[37.710839,41.018766],[37.710988,41.018675],[37.711081,41.018529],[37.711106,41.018522],[37.711464,41.018312],[37.711599,41.018163],[37.711597,41.018118],[37.711767,41.018072],[37.711947,41.01806],[37.712041,41.018221],[37.712157,41.018279],[37.712254,41.018318],[37.712318,41.018259],[37.712319,41.018259],[37.712115,41.018168],[37.711982,41.017465],[37.711681,41.017144],[37.711608,41.016549],[37.711484,41.01632],[37.711738,41.015954],[37.711683,41.015882],[37.711945,41.015265],[37.71204,41.015095],[37.712302,41.013177],[37.712363,41.013122],[37.71253,41.013085],[37.712668,41.013085],[37.712766,41.013105],[37.712908,41.013129],[37.713002,41.013066],[37.713202,41.012946],[37.713469,41.012645],[37.713612,41.012506],[37.713626,41.012485],[37.713808,41.012421],[37.714085,41.012076],[37.714312,41.012002],[37.714492,41.011901],[37.714565,41.011807],[37.714707,41.011732],[37.714893,41.011669],[37.714967,41.011555],[37.715029,41.011532],[37.715103,41.011488],[37.715241,41.011418],[37.715341,41.011339],[37.715417,41.011332],[37.715456,41.011257],[37.715589,41.011214],[37.715961,41.01106],[37.716285,41.010819],[37.716387,41.010746],[37.716539,41.010659],[37.716619,41.010533],[37.716819,41.010463],[37.716995,41.010372],[37.717267,41.010245],[37.717471,41.009923],[37.717463,41.009884],[37.717456,41.009869],[37.717501,41.009832],[37.717482,41.009752],[37.717542,41.009736],[37.717638,41.009722],[37.717746,41.009678],[37.717878,41.009576],[37.718066,41.009441],[37.718163,41.009426],[37.718314,41.009442],[37.718478,41.009434],[37.718609,41.009422],[37.718848,41.009439],[37.718896,41.00937],[37.719011,41.009341],[37.719059,41.009356],[37.719154,41.009313],[37.719306,41.009212],[37.719471,41.009151],[37.719612,41.009107],[37.719697,41.009077],[37.719892,41.00907],[37.720008,41.009015],[37.72018,41.008991],[37.720327,41.009019],[37.720409,41.009082],[37.720419,41.009098],[37.720583,41.009149],[37.720719,41.009226],[37.720826,41.009204],[37.721102,41.009104],[37.721206,41.00904],[37.721304,41.008957],[37.721447,41.008978],[37.721591,41.008984],[37.721742,41.008952],[37.721866,41.008927],[37.722132,41.008924],[37.722505,41.008892],[37.722726,41.008926],[37.722815,41.008936],[37.723171,41.008744],[37.7236,41.008743],[37.723941,41.008659],[37.724234,41.00857],[37.72433,41.008716],[37.724697,41.008936],[37.725174,41.009038],[37.725695,41.00925],[37.726122,41.009423],[37.726271,41.00942],[37.726489,41.009242],[37.726745,41.009095],[37.726949,41.008877],[37.727124,41.008763],[37.727258,41.008707],[37.727388,41.008628],[37.727539,41.008578],[37.727563,41.008596],[37.727568,41.008605],[37.727639,41.008604],[37.727675,41.008601],[37.727766,41.008646],[37.727821,41.008686],[37.728289,41.008452],[37.728132,41.008342],[37.727701,41.007298],[37.729068,41.006938],[37.729197,41.006932],[37.72938,41.006871],[37.72947,41.006884],[37.729677,41.006859],[37.730543,41.006995],[37.730833,41.006973],[37.731339,41.006704],[37.732066,41.007312],[37.732244,41.007376],[37.732399,41.007425],[37.732496,41.007453],[37.732569,41.007455],[37.73262,41.007422],[37.732534,41.007181],[37.732632,41.007172],[37.732788,41.007122],[37.732808,41.007096],[37.732871,41.007069],[37.733005,41.007054],[37.733096,41.007016],[37.733226,41.006984],[37.733369,41.007003],[37.733399,41.006988],[37.733502,41.007013],[37.733639,41.00702],[37.73373,41.007005],[37.733875,41.007102],[37.734003,41.007192],[37.734061,41.007213],[37.734104,41.007198],[37.734187,41.007249],[37.734304,41.00732],[37.734335,41.007341],[37.734426,41.007402],[37.734438,41.00741],[37.734499,41.00738],[37.734594,41.007366],[37.734818,41.007379],[37.735004,41.007375],[37.735159,41.00727],[37.735237,41.007239],[37.73526,41.007204],[37.735282,41.007172],[37.735289,41.007003],[37.735229,41.006934],[37.735183,41.006877],[37.735104,41.006724],[37.735091,41.00666],[37.735088,41.006628],[37.735094,41.006562],[37.735095,41.006549],[37.735116,41.006507],[37.735124,41.006463],[37.735129,41.006409],[37.735174,41.006393],[37.735336,41.0064],[37.735477,41.006418],[37.735522,41.006439],[37.735564,41.006443],[37.73576,41.006455],[37.736078,41.00647],[37.736105,41.006446],[37.736278,41.006415],[37.736481,41.006373],[37.736488,41.006366],[37.736969,41.006357],[37.737131,41.00633],[37.73739,41.006262],[37.7375,41.00638],[37.73759,41.006079],[37.737719,41.005285],[37.737955,41.004917],[37.737987,41.004429],[37.738044,41.004309],[37.738574,41.004092],[37.739365,41.003642],[37.73965,41.003443],[37.740145,41.0032],[37.74038,41.003146],[37.740644,41.00307],[37.740931,41.002964],[37.741226,41.002812],[37.741306,41.002776],[37.741436,41.002692],[37.741446,41.002627],[37.741707,41.002449],[37.741846,41.002459],[37.741929,41.002441],[37.742011,41.002343],[37.742004,41.002277],[37.742141,41.002075],[37.742063,41.001955],[37.742143,41.001762],[37.742365,41.001676],[37.742815,41.001615],[37.743282,41.001628],[37.743508,41.001478],[37.743812,41.0014],[37.74457,41.000931],[37.744746,41.000828],[37.744761,41.000823],[37.744864,41.000852],[37.745256,41.000734],[37.745357,41.000618],[37.745501,41.00054],[37.745525,41.000447],[37.745659,41.000276],[37.745857,41.000079],[37.746013,40.999718],[37.745967,40.999676],[37.745891,40.999607],[37.745945,40.999422],[37.745956,40.999095],[37.745773,40.999059],[37.745352,40.999048],[37.745059,40.999031],[37.745033,40.999025],[37.744845,40.99897],[37.744721,40.998919],[37.744536,40.998727],[37.74443,40.998489],[37.744112,40.998104],[37.743862,40.997855],[37.743722,40.997523],[37.743716,40.99738],[37.743715,40.997379],[37.743698,40.997376],[37.743609,40.997352],[37.74346,40.997289],[37.743072,40.997065],[37.742966,40.996921],[37.742857,40.99679],[37.742577,40.996634],[37.742312,40.996509],[37.742009,40.996391],[37.741754,40.996274],[37.741341,40.996173],[37.741079,40.996096],[37.740827,40.995986],[37.740638,40.995939],[37.740502,40.995937],[37.740433,40.995994],[37.740321,40.996174],[37.740191,40.996356],[37.73994,40.996363],[37.739803,40.996317],[37.739606,40.996185],[37.739402,40.996156],[37.739254,40.996184],[37.739082,40.996312],[37.738986,40.996354],[37.738838,40.996379],[37.738679,40.996364],[37.738505,40.996288],[37.73794,40.996],[37.737781,40.995878],[37.737562,40.99558],[37.737322,40.995485],[37.737028,40.995376],[37.736458,40.99542],[37.735784,40.995434],[37.735186,40.995664],[37.734477,40.995709],[37.734091,40.9956],[37.733863,40.995401],[37.733577,40.995142],[37.733137,40.994641],[37.73306,40.994688],[37.73302,40.994705],[37.732914,40.994663],[37.73284,40.994592],[37.73277,40.994545],[37.732682,40.994469],[37.732437,40.994278],[37.732331,40.994281],[37.732141,40.994538],[37.731923,40.994663],[37.731611,40.994946],[37.7316,40.994962],[37.7308,40.995768],[37.730803,40.995774],[37.730802,40.995775],[37.730855,40.99591],[37.730501,40.995927],[37.730517,40.996318],[37.729546,40.99631],[37.728529,40.996359],[37.728707,40.996262],[37.728992,40.996166],[37.729363,40.996041],[37.729837,40.995935],[37.730337,40.995824],[37.730308,40.995823],[37.730335,40.995817],[37.730204,40.995813],[37.730045,40.995735],[37.729828,40.995626],[37.729575,40.995796],[37.729524,40.995763],[37.729343,40.995337],[37.729351,40.995183],[37.729402,40.995076],[37.729485,40.994914],[37.72948,40.994914],[37.729483,40.994907],[37.728979,40.994895],[37.728652,40.995154],[37.728672,40.994783],[37.72867,40.994779],[37.72867,40.994776],[37.728307,40.993964],[37.728373,40.993423],[37.728334,40.993198],[37.728334,40.993197],[37.728332,40.993191],[37.728318,40.993173],[37.728295,40.992939],[37.728294,40.992939],[37.728293,40.992932],[37.727964,40.992933],[37.727682,40.992931],[37.727514,40.992931],[37.727294,40.992927],[37.72713,40.992923],[37.727042,40.992914],[37.726511,40.992893],[37.726389,40.993825],[37.726391,40.993829],[37.72639,40.993832],[37.726486,40.994056],[37.726552,40.994356],[37.725824,40.994271],[37.725364,40.994164],[37.725367,40.994172],[37.725365,40.994172],[37.725377,40.994197],[37.725224,40.994198],[37.724668,40.994093],[37.724527,40.994234],[37.72435,40.994154],[37.723858,40.99403],[37.724047,40.993558],[37.724216,40.993294],[37.723805,40.993225],[37.723492,40.99315],[37.72329,40.993093],[37.723121,40.992951],[37.72312,40.992951],[37.723119,40.992944],[37.722745,40.992778],[37.722466,40.992694],[37.722045,40.992693],[37.721841,40.992628],[37.721779,40.992814],[37.721792,40.992974],[37.721807,40.992984],[37.721942,40.993169],[37.722063,40.993322],[37.722041,40.993374],[37.72203,40.993402],[37.721978,40.993429],[37.721936,40.993587],[37.721619,40.993257],[37.721521,40.99325],[37.72151,40.993237],[37.721267,40.993228],[37.720728,40.993064],[37.720474,40.993005],[37.720277,40.992939],[37.72009,40.99281],[37.720142,40.99266],[37.720057,40.992627],[37.719883,40.992484],[37.719707,40.992424],[37.719471,40.992354],[37.719174,40.992356],[37.718997,40.992294],[37.718672,40.99237],[37.718544,40.992386],[37.71822,40.992425],[37.718,40.992444],[37.717681,40.992537],[37.71732,40.99264],[37.717061,40.992719],[37.71666,40.992766],[37.716444,40.992815],[37.716291,40.992838],[37.715971,40.992957],[37.715803,40.992984],[37.715733,40.993001],[37.71562,40.993054],[37.715528,40.993107],[37.715328,40.99327],[37.715264,40.993423],[37.715249,40.993457],[37.715172,40.993603],[37.715011,40.993836],[37.714943,40.994234],[37.714969,40.99445],[37.714965,40.994595],[37.714967,40.994603],[37.714967,40.994603],[37.715003,40.994755],[37.715084,40.995031],[37.715181,40.995171],[37.714883,40.995265],[37.714722,40.995319],[37.714557,40.995401],[37.714226,40.995265],[37.714204,40.995284],[37.714177,40.995387],[37.71412,40.995683],[37.714109,40.995753],[37.713958,40.996027],[37.71396,40.996034],[37.713959,40.996034],[37.714008,40.996189],[37.714042,40.996338],[37.713944,40.996466],[37.713873,40.996657],[37.714078,40.997015],[37.71466,40.997303],[37.714656,40.99737],[37.714712,40.997462],[37.71466,40.997882],[37.714684,40.997913],[37.714891,40.998346],[37.714954,40.998373],[37.714967,40.998387],[37.715108,40.99851],[37.71531,40.998823],[37.715386,40.99894],[37.715159,40.999418],[37.715071,40.999606],[37.714761,40.999652],[37.714618,40.999695],[37.714527,40.999747],[37.71422,41.000051],[37.71383,41.000208],[37.713721,41.000174],[37.712907,40.999807],[37.712787,40.999889],[37.712407,40.999761],[37.712042,40.999797],[37.711787,40.999731],[37.711767,40.999721],[37.711493,40.999577],[37.711267,40.99963],[37.711058,40.999571],[37.710898,40.999594],[37.710603,40.999616],[37.710233,40.999642],[37.710064,40.999646],[37.709591,40.999588],[37.709511,40.999584],[37.709404,40.999584],[37.709051,40.999491],[37.709033,40.999475],[37.708773,40.999455],[37.708459,40.999365],[37.708159,40.999196],[37.708047,40.999129],[37.707868,40.999002],[37.707864,40.999006],[37.707512,40.999129],[37.707311,40.999182],[37.707257,40.999221],[37.70715,40.999324],[37.707128,40.999425],[37.70719,40.999728],[37.707167,40.999794],[37.707081,40.999981],[37.70707,40.999997],[37.707019,41.000058],[37.707055,41.000188],[37.707207,41.000449],[37.707498,41.00047],[37.707783,41.000444],[37.707943,41.000499],[37.707853,41.000653],[37.707806,41.000829],[37.70776,41.000885],[37.707765,41.000885],[37.707774,41.000982],[37.707771,41.001197],[37.707675,41.001447],[37.707649,41.001789],[37.707693,41.001856],[37.707812,41.001952],[37.707858,41.002034],[37.707818,41.002161],[37.707959,41.002309],[37.707953,41.002417],[37.708128,41.002667],[37.708188,41.003071],[37.708256,41.003261],[37.708252,41.003262],[37.708255,41.003269],[37.70826,41.003279],[37.708212,41.003338],[37.708001,41.003402],[37.70775,41.003527],[37.707687,41.003791],[37.707618,41.004024],[37.707562,41.00413],[37.707417,41.00418],[37.707262,41.004176],[37.707069,41.004302],[37.706819,41.004589],[37.706657,41.004706],[37.70657,41.004939],[37.706366,41.005146],[37.706015,41.005244],[37.705761,41.00531],[37.705725,41.005179],[37.705715,41.005188],[37.705646,41.005351],[37.705499,41.005457],[37.705432,41.005603],[37.705227,41.005733],[37.705048,41.005828],[37.704868,41.00602],[37.704659,41.006134],[37.704639,41.006312],[37.704673,41.00646],[37.704639,41.006566],[37.704627,41.007012],[37.704432,41.007199],[37.704283,41.007385],[37.704258,41.007414],[37.704169,41.007497],[37.704072,41.007592],[37.704009,41.007707],[37.70377,41.007839],[37.703679,41.007878],[37.703497,41.007852],[37.703252,41.007956],[37.703067,41.008081],[37.70289,41.0082],[37.702866,41.008348],[37.702857,41.008386],[37.702801,41.008437],[37.702745,41.008437],[37.702699,41.0085],[37.702637,41.008555],[37.702599,41.008585],[37.702473,41.008714],[37.702287,41.008842],[37.702149,41.008979],[37.702091,41.009173],[37.702098,41.009287],[37.702102,41.009332],[37.702108,41.009342],[37.702251,41.009387],[37.702071,41.009552],[37.702037,41.009571],[37.701909,41.009601],[37.701809,41.009863],[37.702244,41.010355],[37.701863,41.01078],[37.701139,41.011741],[37.701161,41.011959],[37.701041,41.012495],[37.700502,41.012978],[37.700391,41.013348],[37.700431,41.013406],[37.700451,41.013636],[37.700575,41.013707],[37.700709,41.013983],[37.700773,41.014089],[37.700966,41.014138],[37.701396,41.014271],[37.701401,41.014302],[37.701539,41.014348],[37.70148,41.014517],[37.701484,41.014709],[37.701488,41.014855],[37.701625,41.015035],[37.701619,41.015039],[37.70162,41.015121],[37.701556,41.015204],[37.701531,41.015289],[37.701508,41.015414],[37.701455,41.015526],[37.701399,41.015658],[37.701318,41.015843],[37.701643,41.016022],[37.701776,41.016062],[37.702129,41.016179],[37.702343,41.016215],[37.702613,41.016312],[37.702792,41.016417],[37.70327,41.016582],[37.703379,41.01665],[37.703505,41.016661],[37.703612,41.016694],[37.702915,41.016939],[37.70269,41.017072],[37.702529,41.017214],[37.702313,41.017346],[37.702106,41.017437],[37.701655,41.017605],[37.701397,41.017762],[37.70114,41.017911],[37.701132,41.017915],[37.701125,41.01792],[37.700995,41.018034],[37.700895,41.018112],[37.700812,41.018178],[37.700842,41.018249],[37.700927,41.018337],[37.701063,41.018462],[37.701225,41.018575],[37.701341,41.018737],[37.701481,41.018704],[37.701674,41.01868],[37.701947,41.018681],[37.702088,41.018686],[37.702382,41.018676],[37.702503,41.018741],[37.702671,41.018806],[37.702825,41.018895],[37.702893,41.018853],[37.703086,41.018873],[37.703218,41.018974],[37.703409,41.018852],[37.703638,41.018951],[37.703768,41.018894],[37.7039,41.018908],[37.704195,41.018901],[37.704281,41.018939],[37.704366,41.018977],[37.704366,41.018977],[37.704642,41.019048],[37.704821,41.019314],[37.705016,41.019471],[37.705161,41.019557],[37.705241,41.019624],[37.705277,41.019637],[37.705607,41.01957],[37.706028,41.019423],[37.706214,41.019304]]]]}},{"type":"Feature","properties":{"id":"TR-Y-52-017-M-0019","level":"yerlesim","type":"mahalle","parent_id":"TR-D-52-017","province_id":"TR-P-52","district_id":"TR-D-52-017","name":"Gündoğdu","source_raw_name":"GÜNDOĞDU","source":"Kamuya açık veri ve kent rehberi servisleri","source_label":"Kamuya açık veri ve kent rehberi servisleri","source_name":"Ordu Büyükşehir Belediyesi Akıllı Şehir Açık Veri Platformu - Mahalleler"},"geometry":{"type":"MultiPolygon","coordinates":[[[[37.768743,41.046281],[37.76911,41.046164],[37.769135,41.046172],[37.769265,41.046184],[37.769379,41.046225],[37.769489,41.046177],[37.769891,41.046006],[37.770369,41.045989],[37.771002,41.045908],[37.771337,41.045875],[37.771532,41.045864],[37.772115,41.045776],[37.772787,41.045762],[37.773157,41.04584],[37.773524,41.04585],[37.773838,41.045919],[37.774365,41.045949],[37.77457,41.045915],[37.774751,41.045832],[37.774936,41.045743],[37.775021,41.045755],[37.775167,41.045712],[37.77538,41.045625],[37.77545,41.045577],[37.775416,41.045483],[37.775607,41.045212],[37.77573,41.045014],[37.775823,41.04493],[37.776112,41.044797],[37.776337,41.044721],[37.776717,41.044544],[37.777109,41.044334],[37.777559,41.044242],[37.778029,41.044214],[37.778149,41.044231],[37.778369,41.04426],[37.77862,41.044293],[37.778908,41.044332],[37.779108,41.044391],[37.779601,41.044537],[37.780207,41.04479],[37.780449,41.044872],[37.781597,41.045115],[37.78183,41.045128],[37.782028,41.04515],[37.782212,41.04508],[37.782373,41.045057],[37.7825,41.045086],[37.782547,41.045206],[37.782768,41.045271],[37.78291,41.04529],[37.783147,41.045336],[37.783131,41.045364],[37.783136,41.045404],[37.783107,41.045569],[37.78325,41.04557],[37.78335,41.045619],[37.7835,41.045668],[37.783652,41.045559],[37.783712,41.045582],[37.783835,41.045457],[37.783959,41.045086],[37.78396,41.045075],[37.783831,41.044875],[37.783791,41.044775],[37.78379,41.044684],[37.783918,41.044157],[37.783752,41.044068],[37.783508,41.043733],[37.783193,41.043413],[37.783208,41.043171],[37.783122,41.043],[37.783059,41.042821],[37.783039,41.042769],[37.782885,41.042704],[37.782719,41.042706],[37.782622,41.042744],[37.782375,41.042615],[37.78235,41.042572],[37.78235,41.042572],[37.782341,41.042564],[37.782293,41.042304],[37.781782,41.042017],[37.781476,41.04183],[37.781469,41.041825],[37.781056,41.041596],[37.780881,41.041462],[37.780863,41.041478],[37.780643,41.041251],[37.780557,41.041182],[37.780398,41.041215],[37.780051,41.041168],[37.77978,41.041209],[37.779535,41.041087],[37.779444,41.041083],[37.779377,41.04117],[37.779409,41.041026],[37.779354,41.041026],[37.779302,41.041026],[37.779243,41.04089],[37.779116,41.040591],[37.779028,41.04021],[37.779097,41.040089],[37.779021,41.039724],[37.779256,41.039817],[37.779395,41.039803],[37.779583,41.039856],[37.779833,41.039774],[37.779991,41.039712],[37.780057,41.039577],[37.780159,41.039337],[37.780173,41.039312],[37.780089,41.03913],[37.78012,41.038909],[37.78009,41.038809],[37.780119,41.038685],[37.78016,41.038612],[37.780272,41.038344],[37.780688,41.038495],[37.780868,41.03859],[37.780973,41.038621],[37.78108,41.038547],[37.781256,41.038586],[37.781424,41.038429],[37.781528,41.038372],[37.781577,41.038234],[37.78162,41.03813],[37.781753,41.037943],[37.781849,41.037899],[37.781954,41.037863],[37.781958,41.037709],[37.781825,41.037571],[37.78158,41.037487],[37.781059,41.03749],[37.78083,41.037403],[37.780746,41.037294],[37.780821,41.037005],[37.78082,41.036965],[37.780801,41.03676],[37.780721,41.036644],[37.781105,41.03648],[37.781298,41.036411],[37.781335,41.03639],[37.781674,41.036208],[37.781932,41.036045],[37.782021,41.035886],[37.78202,41.035859],[37.78196,41.035788],[37.781727,41.035669],[37.781542,41.03561],[37.781427,41.035621],[37.781248,41.035501],[37.781111,41.035379],[37.780967,41.035358],[37.780822,41.035401],[37.78071,41.035378],[37.780641,41.035339],[37.780409,41.035278],[37.780312,41.035197],[37.780215,41.035199],[37.780188,41.035051],[37.779813,41.034864],[37.779661,41.034862],[37.77948,41.034778],[37.779324,41.034752],[37.779241,41.034663],[37.779145,41.034621],[37.779183,41.034475],[37.779192,41.034343],[37.77926,41.033987],[37.779326,41.033867],[37.77954,41.033763],[37.779545,41.033694],[37.77946,41.033516],[37.779421,41.033512],[37.778973,41.033587],[37.778779,41.033578],[37.778547,41.033608],[37.778544,41.033626],[37.77856,41.033666],[37.777983,41.033695],[37.777788,41.033602],[37.777449,41.033611],[37.777223,41.033738],[37.777081,41.033883],[37.776979,41.034115],[37.776915,41.034543],[37.77695,41.034668],[37.776865,41.034871],[37.776801,41.034939],[37.776743,41.034986],[37.776601,41.035136],[37.77644,41.035261],[37.776092,41.035285],[37.775835,41.035255],[37.775621,41.035221],[37.775217,41.035357],[37.775025,41.035406],[37.774791,41.035429],[37.774563,41.035437],[37.774233,41.035412],[37.774007,41.035382],[37.773719,41.035384],[37.773624,41.035414],[37.773605,41.035427],[37.773429,41.035639],[37.773245,41.035725],[37.773061,41.035731],[37.77291,41.035693],[37.772899,41.035674],[37.772787,41.035675],[37.772638,41.03568],[37.7725,41.03571],[37.772443,41.035734],[37.77234,41.035762],[37.772223,41.035727],[37.772087,41.035737],[37.772022,41.03576],[37.771841,41.035807],[37.771797,41.035833],[37.771673,41.035909],[37.771639,41.035927],[37.77148,41.035925],[37.771406,41.035926],[37.77138,41.035944],[37.771202,41.035962],[37.771115,41.035973],[37.771065,41.035992],[37.770979,41.036024],[37.770872,41.036059],[37.770765,41.036097],[37.77069,41.036112],[37.770576,41.036131],[37.770381,41.036145],[37.77026,41.036139],[37.770144,41.036123],[37.770037,41.036194],[37.770033,41.036266],[37.770011,41.036422],[37.769977,41.036481],[37.769902,41.036578],[37.769897,41.036602],[37.769789,41.036644],[37.769684,41.036711],[37.769673,41.036762],[37.769738,41.036865],[37.76997,41.036986],[37.770051,41.037046],[37.770142,41.037199],[37.770141,41.037248],[37.770047,41.037495],[37.76998,41.037559],[37.769964,41.03761],[37.770012,41.037812],[37.77013,41.037919],[37.770202,41.038071],[37.770157,41.038121],[37.770115,41.038153],[37.770071,41.038284],[37.770095,41.038366],[37.770054,41.038411],[37.770045,41.038434],[37.770033,41.038427],[37.770026,41.038437],[37.770031,41.03844],[37.770026,41.038467],[37.770006,41.038522],[37.769974,41.038597],[37.769966,41.03864],[37.769956,41.038688],[37.769951,41.038727],[37.769866,41.038744],[37.769649,41.038716],[37.769555,41.038774],[37.769563,41.03885],[37.769453,41.039068],[37.76947,41.039117],[37.769362,41.039348],[37.769346,41.039356],[37.769357,41.039373],[37.769372,41.039359],[37.769544,41.039553],[37.769863,41.039643],[37.770156,41.039709],[37.77033,41.039766],[37.770446,41.039738],[37.770664,41.039814],[37.770817,41.039954],[37.770942,41.039987],[37.77118,41.039994],[37.77128,41.040079],[37.771266,41.040086],[37.771251,41.040147],[37.771242,41.040184],[37.771213,41.040227],[37.771192,41.040246],[37.771118,41.040297],[37.771074,41.040378],[37.771086,41.040387],[37.77116,41.040435],[37.771192,41.040454],[37.771247,41.040491],[37.771334,41.040544],[37.771421,41.040594],[37.771507,41.04065],[37.771537,41.040664],[37.771574,41.040684],[37.77164,41.040726],[37.771482,41.040869],[37.771383,41.040932],[37.771214,41.04105],[37.771007,41.041043],[37.770741,41.041103],[37.77018,41.041355],[37.770178,41.041442],[37.77017,41.041472],[37.770184,41.041562],[37.770162,41.041652],[37.770286,41.041721],[37.770358,41.041763],[37.770514,41.041712],[37.770574,41.041706],[37.770688,41.041778],[37.770845,41.04181],[37.770925,41.041868],[37.770956,41.041932],[37.771105,41.04198],[37.771159,41.04208],[37.771129,41.042093],[37.771198,41.042176],[37.771005,41.042258],[37.770892,41.042379],[37.770953,41.042451],[37.770892,41.042546],[37.770875,41.04274],[37.770833,41.04288],[37.770886,41.043175],[37.770877,41.043208],[37.770799,41.043354],[37.770684,41.043496],[37.770546,41.043763],[37.770364,41.043881],[37.770146,41.044023],[37.77014,41.044083],[37.77003,41.044256],[37.770056,41.044364],[37.769854,41.044443],[37.769224,41.044659],[37.769263,41.044704],[37.768885,41.044844],[37.768645,41.044908],[37.768293,41.045031],[37.768166,41.045083],[37.768146,41.045106],[37.768127,41.045257],[37.768056,41.045271],[37.767965,41.045413],[37.767887,41.045532],[37.767842,41.04567],[37.767832,41.045783],[37.767873,41.045993],[37.768092,41.046568],[37.76823,41.047134],[37.768405,41.046985],[37.768524,41.046762],[37.768617,41.046664],[37.768608,41.046565],[37.768659,41.046482],[37.768749,41.046387],[37.768743,41.046281]]]]}},{"type":"Feature","properties":{"id":"TR-Y-52-017-M-0020","level":"yerlesim","type":"mahalle","parent_id":"TR-D-52-017","province_id":"TR-P-52","district_id":"TR-D-52-017","name":"Güzelyurt","source_raw_name":"GÜZELYURT","source":"Kamuya açık veri ve kent rehberi servisleri","source_label":"Kamuya açık veri ve kent rehberi servisleri","source_name":"Ordu Büyükşehir Belediyesi Akıllı Şehir Açık Veri Platformu - Mahalleler"},"geometry":{"type":"MultiPolygon","coordinates":[[[[37.751259,41.014513],[37.751429,41.014476],[37.751635,41.01452],[37.75181,41.014505],[37.751965,41.014479],[37.752243,41.014533],[37.752618,41.01445],[37.752898,41.014306],[37.753027,41.014286],[37.753181,41.014171],[37.753222,41.014106],[37.753316,41.014082],[37.753371,41.014046],[37.753422,41.013967],[37.753537,41.013928],[37.753546,41.013911],[37.753609,41.013853],[37.753608,41.013778],[37.753621,41.013769],[37.753694,41.013683],[37.753758,41.013647],[37.753875,41.013606],[37.753955,41.013546],[37.754058,41.013488],[37.75412,41.013386],[37.754161,41.013343],[37.754181,41.013293],[37.754224,41.013234],[37.754262,41.013179],[37.754353,41.013122],[37.754385,41.013105],[37.754392,41.013047],[37.754443,41.012984],[37.754508,41.012965],[37.75455,41.01289],[37.754604,41.012754],[37.754516,41.012693],[37.754465,41.012628],[37.754382,41.012397],[37.754354,41.012265],[37.754345,41.012241],[37.754299,41.012201],[37.754289,41.012165],[37.754302,41.012066],[37.754325,41.01197],[37.754353,41.011794],[37.754356,41.011689],[37.754357,41.011631],[37.754357,41.011604],[37.754456,41.011532],[37.754583,41.01144],[37.754767,41.011279],[37.754842,41.011213],[37.75489,41.011181],[37.754898,41.011169],[37.754949,41.011071],[37.755091,41.010762],[37.755169,41.010682],[37.755508,41.010255],[37.755696,41.010396],[37.75577,41.010495],[37.75584,41.010644],[37.755915,41.010744],[37.756016,41.010792],[37.756162,41.010749],[37.756228,41.010736],[37.756337,41.010312],[37.756516,41.010294],[37.756517,41.010296],[37.756547,41.010186],[37.756567,41.00994],[37.756588,41.009777],[37.756172,41.009528],[37.756052,41.009478],[37.75594,41.00941],[37.755775,41.009313],[37.755686,41.009276],[37.755376,41.009114],[37.755134,41.008967],[37.754988,41.008893],[37.754845,41.008884],[37.754523,41.008614],[37.754519,41.008612],[37.754203,41.008424],[37.754014,41.008323],[37.753833,41.008122],[37.753697,41.007926],[37.753632,41.007622],[37.753584,41.007397],[37.753571,41.007268],[37.753814,41.006856],[37.753958,41.006618],[37.754049,41.006193],[37.75416,41.005969],[37.754331,41.005703],[37.754311,41.005617],[37.754119,41.00554],[37.75402,41.005516],[37.753425,41.005335],[37.752975,41.005326],[37.752933,41.005318],[37.752767,41.005223],[37.752639,41.005516],[37.752602,41.005579],[37.752579,41.005637],[37.752604,41.005753],[37.752647,41.005771],[37.752698,41.00582],[37.752722,41.005823],[37.752998,41.006106],[37.752915,41.006242],[37.752795,41.006293],[37.75277,41.00631],[37.752612,41.006397],[37.752142,41.006577],[37.751851,41.006438],[37.751618,41.006337],[37.751464,41.006228],[37.75132,41.006004],[37.751283,41.005813],[37.7511,41.005708],[37.750791,41.005548],[37.750643,41.005474],[37.750423,41.005348],[37.749918,41.004886],[37.749596,41.004484],[37.749486,41.004321],[37.749346,41.004209],[37.749085,41.004088],[37.748961,41.004013],[37.748904,41.003976],[37.748874,41.003937],[37.748826,41.003924],[37.748757,41.003886],[37.748754,41.003811],[37.748717,41.003808],[37.748693,41.003806],[37.748622,41.003801],[37.74859,41.003636],[37.748614,41.003582],[37.749075,41.003068],[37.749606,41.002688],[37.749691,41.002647],[37.749628,41.002477],[37.74958,41.002393],[37.749437,41.002197],[37.74929,41.002115],[37.749188,41.002152],[37.749074,41.002103],[37.74873,41.001952],[37.748612,41.001993],[37.748581,41.002037],[37.748489,41.002083],[37.748512,41.002106],[37.748343,41.002124],[37.748279,41.002131],[37.748194,41.002091],[37.747924,41.002067],[37.74792,41.002063],[37.747917,41.002063],[37.74776,41.001916],[37.74752,41.00162],[37.747323,41.001302],[37.747175,41.001302],[37.747112,41.001302],[37.746921,41.001049],[37.746857,41.001015],[37.746702,41.000969],[37.746572,41.000928],[37.746355,41.00089],[37.745637,41.000742],[37.745474,41.000688],[37.745357,41.000618],[37.745256,41.000734],[37.744864,41.000852],[37.744761,41.000823],[37.744746,41.000828],[37.74457,41.000931],[37.743812,41.0014],[37.743508,41.001478],[37.743282,41.001628],[37.742815,41.001615],[37.742365,41.001676],[37.742143,41.001762],[37.742063,41.001955],[37.742141,41.002075],[37.742004,41.002277],[37.742011,41.002343],[37.741929,41.002441],[37.741846,41.002459],[37.741707,41.002449],[37.741446,41.002627],[37.741436,41.002692],[37.741306,41.002776],[37.741226,41.002812],[37.740931,41.002964],[37.740644,41.00307],[37.74038,41.003146],[37.740145,41.0032],[37.73965,41.003443],[37.739365,41.003642],[37.738574,41.004092],[37.738044,41.004309],[37.737987,41.004429],[37.737955,41.004917],[37.737719,41.005285],[37.73759,41.006079],[37.737634,41.006523],[37.737683,41.006576],[37.737752,41.006846],[37.73824,41.007079],[37.738237,41.007099],[37.738204,41.007199],[37.738266,41.007255],[37.738281,41.00732],[37.738355,41.007543],[37.738368,41.007649],[37.738384,41.007708],[37.738394,41.007851],[37.738369,41.008098],[37.738312,41.008151],[37.738194,41.008154],[37.738308,41.008251],[37.73847,41.008218],[37.738679,41.008204],[37.738736,41.008297],[37.738897,41.008429],[37.739232,41.00859],[37.739334,41.0086],[37.739378,41.008645],[37.739512,41.008802],[37.739632,41.008953],[37.739538,41.009066],[37.739509,41.009106],[37.739432,41.00926],[37.739424,41.009397],[37.7395,41.009574],[37.739663,41.009674],[37.740075,41.009752],[37.740222,41.009764],[37.740432,41.009764],[37.740734,41.00979],[37.7411,41.009983],[37.741145,41.010033],[37.741225,41.010316],[37.741124,41.01069],[37.741094,41.010835],[37.741078,41.011058],[37.74101,41.011108],[37.74102,41.011163],[37.741141,41.011348],[37.74121,41.011484],[37.741306,41.011624],[37.741312,41.011738],[37.741411,41.011882],[37.741504,41.012026],[37.741547,41.01221],[37.741573,41.012339],[37.741595,41.012484],[37.741635,41.012611],[37.74166,41.012639],[37.741692,41.012778],[37.741748,41.012938],[37.74181,41.013081],[37.741932,41.013207],[37.742003,41.013304],[37.74208,41.013356],[37.742222,41.013495],[37.742311,41.013571],[37.742373,41.013617],[37.74243,41.013667],[37.742472,41.013707],[37.742596,41.013712],[37.742755,41.013742],[37.742778,41.013766],[37.742927,41.013795],[37.743087,41.013837],[37.743177,41.01391],[37.74332,41.014126],[37.743353,41.014327],[37.743352,41.014456],[37.743313,41.014457],[37.743323,41.014501],[37.743377,41.014584],[37.743402,41.014642],[37.743425,41.01469],[37.743689,41.0147],[37.743679,41.014682],[37.74373,41.014661],[37.743696,41.014574],[37.743788,41.014454],[37.743823,41.014395],[37.743844,41.014219],[37.743843,41.014159],[37.743892,41.014087],[37.74392,41.013983],[37.74403,41.013737],[37.744139,41.013737],[37.744144,41.013718],[37.744102,41.013688],[37.744087,41.013569],[37.744045,41.013483],[37.744145,41.013545],[37.744189,41.013564],[37.744223,41.013554],[37.744374,41.013479],[37.744486,41.013423],[37.74459,41.013405],[37.744696,41.013361],[37.744979,41.013189],[37.745132,41.013123],[37.745277,41.013037],[37.745391,41.012988],[37.745596,41.01291],[37.745618,41.01303],[37.745665,41.013112],[37.745738,41.013174],[37.745801,41.013242],[37.74594,41.013205],[37.746086,41.013184],[37.746211,41.013186],[37.74633,41.013183],[37.746534,41.013198],[37.746649,41.013185],[37.746725,41.013184],[37.746804,41.013173],[37.746986,41.013162],[37.746928,41.01325],[37.746923,41.013363],[37.747153,41.013298],[37.747243,41.01338],[37.747414,41.0134],[37.747683,41.01355],[37.747861,41.013493],[37.748077,41.013574],[37.74832,41.013667],[37.748481,41.013893],[37.748818,41.014151],[37.748871,41.014196],[37.749088,41.014381],[37.749261,41.014581],[37.749776,41.015244],[37.750037,41.015315],[37.750196,41.015358],[37.750322,41.015475],[37.750516,41.01563],[37.750569,41.015691],[37.750739,41.0154],[37.751005,41.015095],[37.750977,41.015049],[37.751044,41.014927],[37.751117,41.014756],[37.751209,41.014527],[37.751241,41.014518],[37.751259,41.014513]]]]}},{"type":"Feature","properties":{"id":"TR-Y-52-017-M-0021","level":"yerlesim","type":"mahalle","parent_id":"TR-D-52-017","province_id":"TR-P-52","district_id":"TR-D-52-017","name":"Hacılar","source_raw_name":"HACILAR","source":"Kamuya açık veri ve kent rehberi servisleri","source_label":"Kamuya açık veri ve kent rehberi servisleri","source_name":"Ordu Büyükşehir Belediyesi Akıllı Şehir Açık Veri Platformu - Mahalleler"},"geometry":{"type":"MultiPolygon","coordinates":[[[[37.656934,40.986005],[37.657457,40.985754],[37.657688,40.985704],[37.65788,40.985718],[37.658083,40.985691],[37.658225,40.985685],[37.658556,40.985624],[37.658718,40.98555],[37.659193,40.985406],[37.659685,40.985407],[37.660049,40.985467],[37.660085,40.985501],[37.660121,40.985567],[37.660117,40.98564],[37.660084,40.985767],[37.660025,40.985926],[37.659885,40.986087],[37.659786,40.986263],[37.659734,40.986418],[37.659751,40.986525],[37.659852,40.986599],[37.660062,40.986647],[37.660524,40.986713],[37.660674,40.986665],[37.660921,40.986616],[37.66111,40.986456],[37.661364,40.986297],[37.661763,40.986115],[37.661906,40.985968],[37.662259,40.985733],[37.662366,40.985484],[37.662439,40.98532],[37.662571,40.985254],[37.662849,40.985275],[37.663363,40.985359],[37.664009,40.985352],[37.664289,40.98532],[37.664661,40.985307],[37.665379,40.985181],[37.66582,40.984961],[37.666171,40.984835],[37.666491,40.984874],[37.666964,40.984946],[37.667471,40.984878],[37.667648,40.984866],[37.667884,40.984707],[37.667961,40.984545],[37.668006,40.984402],[37.668362,40.984032],[37.668582,40.983936],[37.668673,40.983818],[37.66872,40.983575],[37.669022,40.983318],[37.669539,40.983057],[37.669676,40.982949],[37.670039,40.982661],[37.67039,40.982337],[37.670676,40.981989],[37.670875,40.981565],[37.671072,40.981215],[37.671202,40.980924],[37.671579,40.980627],[37.672016,40.980551],[37.672349,40.980567],[37.673038,40.980595],[37.673406,40.980619],[37.67381,40.980635],[37.674236,40.980683],[37.67436,40.980656],[37.67518,40.980763],[37.675623,40.980804],[37.676482,40.980803],[37.676862,40.980714],[37.677354,40.980654],[37.67729,40.979735],[37.677252,40.979314],[37.67799,40.978943],[37.678236,40.978741],[37.678452,40.978573],[37.678877,40.978602],[37.679363,40.978811],[37.679928,40.97928],[37.680123,40.979675],[37.680206,40.9799],[37.680263,40.980091],[37.68023,40.980353],[37.680214,40.980462],[37.680254,40.980587],[37.680267,40.98059],[37.68056,40.980599],[37.680699,40.980603],[37.68103,40.980603],[37.681187,40.9806],[37.681508,40.980544],[37.681778,40.980527],[37.682011,40.980496],[37.682102,40.980528],[37.682237,40.980684],[37.682679,40.980903],[37.682975,40.980993],[37.682949,40.980898],[37.68297,40.980856],[37.683069,40.980765],[37.68316,40.98061],[37.683246,40.980482],[37.683373,40.980512],[37.683376,40.980427],[37.683373,40.980334],[37.683188,40.980164],[37.682416,40.979331],[37.682264,40.979215],[37.68211,40.979007],[37.681913,40.978771],[37.681077,40.978581],[37.680784,40.978439],[37.680508,40.978034],[37.678815,40.977043],[37.678157,40.976699],[37.677981,40.976588],[37.677742,40.976337],[37.677713,40.976288],[37.677624,40.976235],[37.677554,40.976134],[37.677472,40.975982],[37.677352,40.975883],[37.677144,40.975625],[37.676929,40.975415],[37.676785,40.975438],[37.676315,40.975057],[37.675952,40.974908],[37.675409,40.974712],[37.675312,40.974636],[37.675335,40.974604],[37.67546,40.974342],[37.675626,40.973918],[37.675759,40.973741],[37.675941,40.973548],[37.676008,40.973535],[37.675991,40.9732],[37.675983,40.973058],[37.675997,40.97292],[37.676078,40.972696],[37.676228,40.972533],[37.676514,40.972186],[37.676784,40.971784],[37.677037,40.971312],[37.677231,40.970862],[37.677313,40.970592],[37.677343,40.970298],[37.677408,40.969958],[37.677443,40.969831],[37.67743,40.969724],[37.677415,40.969619],[37.677359,40.969454],[37.6773,40.96932],[37.677224,40.969161],[37.677155,40.96895],[37.677087,40.968677],[37.67705,40.968688],[37.676889,40.968722],[37.676732,40.96875],[37.676653,40.968756],[37.676176,40.968879],[37.675634,40.969045],[37.67501,40.9693],[37.674775,40.969439],[37.674565,40.969569],[37.674318,40.969642],[37.674036,40.969752],[37.673669,40.96987],[37.673607,40.969844],[37.673598,40.969832],[37.673416,40.969872],[37.673291,40.969885],[37.673197,40.969945],[37.673067,40.970009],[37.673002,40.970099],[37.673,40.970148],[37.672929,40.970176],[37.67263,40.970266],[37.672469,40.970321],[37.672347,40.970406],[37.672287,40.970379],[37.672242,40.970347],[37.672074,40.970433],[37.671884,40.97055],[37.671759,40.970628],[37.671647,40.970697],[37.671517,40.970778],[37.671361,40.970874],[37.671308,40.970841],[37.671201,40.970812],[37.671038,40.97102],[37.670843,40.971239],[37.670718,40.971401],[37.670636,40.971509],[37.67057,40.971576],[37.6705,40.971644],[37.670403,40.971718],[37.670333,40.971727],[37.670241,40.971737],[37.670135,40.971748],[37.669732,40.971706],[37.669674,40.9717],[37.669632,40.971706],[37.669533,40.97172],[37.669431,40.971705],[37.669197,40.97167],[37.669016,40.971643],[37.668984,40.971644],[37.668852,40.97168],[37.668566,40.971652],[37.668326,40.971676],[37.668135,40.971648],[37.668087,40.971656],[37.66799,40.971623],[37.667813,40.971597],[37.667769,40.971545],[37.667624,40.971501],[37.66749,40.971498],[37.667303,40.971592],[37.667042,40.971516],[37.666663,40.971682],[37.666285,40.971585],[37.666173,40.971619],[37.665964,40.971552],[37.665946,40.971551],[37.665698,40.971499],[37.665628,40.97144],[37.665551,40.971394],[37.665291,40.971384],[37.665101,40.97139],[37.664901,40.971381],[37.664811,40.971444],[37.664656,40.971448],[37.664264,40.971412],[37.664155,40.971412],[37.664042,40.971472],[37.66388,40.971472],[37.663733,40.971504],[37.663373,40.971512],[37.663211,40.971538],[37.663075,40.97158],[37.662823,40.971656],[37.662668,40.97169],[37.662456,40.971696],[37.662386,40.971688],[37.66226,40.971738],[37.662201,40.971801],[37.662118,40.971932],[37.662036,40.972053],[37.661868,40.972083],[37.66171,40.972143],[37.661599,40.972244],[37.661478,40.972333],[37.661313,40.972394],[37.661142,40.972446],[37.660977,40.972394],[37.660875,40.972386],[37.66078,40.972462],[37.660592,40.972587],[37.660392,40.972644],[37.660298,40.972693],[37.660191,40.972706],[37.659907,40.972679],[37.65977,40.972692],[37.659624,40.972771],[37.659481,40.972849],[37.65929,40.972936],[37.659176,40.973008],[37.659165,40.973126],[37.659154,40.973195],[37.659137,40.973215],[37.659097,40.973274],[37.659063,40.973337],[37.65894,40.973484],[37.6588,40.973643],[37.658751,40.973688],[37.6587,40.973697],[37.658493,40.973754],[37.658316,40.973734],[37.658051,40.973727],[37.65768,40.973768],[37.65759,40.973713],[37.657301,40.973645],[37.657116,40.973609],[37.6571,40.97357],[37.656779,40.973431],[37.656798,40.973376],[37.656663,40.973322],[37.656452,40.973132],[37.656352,40.973103],[37.656143,40.973485],[37.655987,40.973633],[37.655878,40.973743],[37.655687,40.973928],[37.655561,40.973907],[37.655356,40.973957],[37.655331,40.973956],[37.655251,40.974055],[37.655252,40.974135],[37.655246,40.974203],[37.655256,40.974262],[37.655154,40.974436],[37.655034,40.974569],[37.654962,40.974582],[37.654808,40.974622],[37.654747,40.974689],[37.654626,40.974613],[37.654474,40.97456],[37.654273,40.974453],[37.654101,40.974389],[37.653886,40.974279],[37.653866,40.974269],[37.653789,40.974205],[37.65358,40.97415],[37.653466,40.974164],[37.653234,40.97431],[37.652688,40.974578],[37.652498,40.974419],[37.652262,40.974314],[37.652032,40.974035],[37.651788,40.973728],[37.65173,40.973754],[37.651503,40.973819],[37.651399,40.973822],[37.651207,40.974054],[37.65089,40.974432],[37.650829,40.974481],[37.650723,40.974602],[37.650548,40.974736],[37.650567,40.974845],[37.650725,40.975253],[37.650693,40.975531],[37.650622,40.975864],[37.65051,40.976031],[37.650415,40.976134],[37.650407,40.976146],[37.650389,40.976175],[37.650292,40.976218],[37.650038,40.976366],[37.649881,40.976322],[37.64971,40.976187],[37.6487,40.97617],[37.648599,40.97629],[37.648412,40.976428],[37.648708,40.97675],[37.648927,40.977033],[37.648938,40.977205],[37.648879,40.97725],[37.648761,40.977374],[37.64866,40.977462],[37.648407,40.977663],[37.648152,40.977729],[37.647922,40.977825],[37.647871,40.978002],[37.647867,40.97825],[37.647756,40.97843],[37.647617,40.978671],[37.647577,40.978702],[37.647302,40.978997],[37.647159,40.979053],[37.64701,40.979091],[37.646874,40.979141],[37.646732,40.979185],[37.646593,40.979235],[37.646466,40.979288],[37.645675,40.979865],[37.645453,40.979946],[37.645285,40.980252],[37.64524,40.980406],[37.645273,40.980681],[37.645412,40.980723],[37.645765,40.980886],[37.646188,40.980963],[37.646318,40.980997],[37.64666,40.981054],[37.647117,40.981183],[37.647413,40.981291],[37.647844,40.981353],[37.648032,40.9814],[37.648091,40.981398],[37.648223,40.981402],[37.648394,40.981384],[37.648496,40.981403],[37.648634,40.981413],[37.648774,40.981488],[37.648909,40.981638],[37.648959,40.981721],[37.648825,40.981853],[37.648794,40.981912],[37.648716,40.981969],[37.64859,40.982026],[37.648516,40.982101],[37.648432,40.982205],[37.648404,40.982246],[37.648412,40.982313],[37.648498,40.982406],[37.649167,40.982541],[37.649199,40.982529],[37.649431,40.98258],[37.649525,40.982591],[37.64959,40.982596],[37.649843,40.982592],[37.65007,40.982719],[37.650128,40.982854],[37.650032,40.98304],[37.65022,40.983346],[37.650133,40.983552],[37.650109,40.983656],[37.650106,40.983979],[37.650163,40.984306],[37.650189,40.984503],[37.650314,40.984697],[37.650349,40.984726],[37.650318,40.984914],[37.650113,40.985355],[37.650161,40.985569],[37.65022,40.985795],[37.650461,40.985933],[37.650526,40.986031],[37.651185,40.986014],[37.651524,40.985998],[37.651857,40.986008],[37.652188,40.985996],[37.652275,40.986005],[37.652388,40.986008],[37.652788,40.986042],[37.653068,40.986137],[37.653097,40.986163],[37.652982,40.986588],[37.652855,40.986747],[37.652836,40.986956],[37.652796,40.987058],[37.652678,40.987138],[37.652545,40.987408],[37.652547,40.987452],[37.652856,40.987343],[37.653279,40.987223],[37.653597,40.98716],[37.654024,40.987066],[37.654219,40.986959],[37.654423,40.986875],[37.65474,40.986807],[37.654923,40.986744],[37.655205,40.986659],[37.655574,40.98661],[37.655774,40.986567],[37.656116,40.986435],[37.6563,40.986327],[37.656792,40.986107],[37.656934,40.986005]]]]}},{"type":"Feature","properties":{"id":"TR-Y-52-017-M-0022","level":"yerlesim","type":"mahalle","parent_id":"TR-D-52-017","province_id":"TR-P-52","district_id":"TR-D-52-017","name":"Hamidiye","source_raw_name":"HAMİDİYE","source":"Kamuya açık veri ve kent rehberi servisleri","source_label":"Kamuya açık veri ve kent rehberi servisleri","source_name":"Ordu Büyükşehir Belediyesi Akıllı Şehir Açık Veri Platformu - Mahalleler"},"geometry":{"type":"MultiPolygon","coordinates":[[[[37.773831,41.063273],[37.773955,41.063187],[37.774086,41.063095],[37.774185,41.063028],[37.774286,41.062958],[37.774331,41.062801],[37.774331,41.062771],[37.77431,41.06273],[37.774283,41.062689],[37.774121,41.062575],[37.774111,41.062538],[37.7741,41.062481],[37.774031,41.062369],[37.773976,41.062319],[37.773904,41.062278],[37.773814,41.062238],[37.773767,41.062175],[37.773708,41.062142],[37.773606,41.062099],[37.77354,41.062027],[37.773537,41.061952],[37.773508,41.061901],[37.77342,41.061817],[37.773322,41.061714],[37.773259,41.061581],[37.773087,41.061445],[37.772966,41.061353],[37.772917,41.061295],[37.772834,41.061259],[37.772778,41.061224],[37.772663,41.061104],[37.772635,41.061056],[37.772536,41.060989],[37.772322,41.061042],[37.772241,41.061036],[37.77217,41.060978],[37.772111,41.060867],[37.771985,41.060746],[37.771758,41.060554],[37.771628,41.060487],[37.771552,41.060432],[37.771474,41.060295],[37.771386,41.060178],[37.771321,41.060144],[37.77127,41.060133],[37.771093,41.06013],[37.771021,41.060111],[37.770965,41.060073],[37.770926,41.060048],[37.770854,41.059959],[37.77067,41.059923],[37.770534,41.059888],[37.770415,41.059826],[37.770309,41.059659],[37.769956,41.059493],[37.769968,41.059357],[37.769951,41.059233],[37.769932,41.059112],[37.769918,41.058973],[37.769889,41.058857],[37.769943,41.058719],[37.769988,41.058559],[37.769885,41.058471],[37.769794,41.058189],[37.76971,41.058097],[37.769741,41.057995],[37.76968,41.057774],[37.769619,41.057643],[37.769498,41.057532],[37.769421,41.057319],[37.769376,41.057227],[37.769366,41.057133],[37.769339,41.057081],[37.769197,41.057045],[37.768954,41.056866],[37.768499,41.056712],[37.768426,41.056644],[37.768315,41.056466],[37.768165,41.056372],[37.767985,41.056302],[37.767723,41.056238],[37.767466,41.05612],[37.767245,41.055818],[37.766993,41.055699],[37.766603,41.055565],[37.766363,41.055585],[37.766317,41.055579],[37.766106,41.055562],[37.76585,41.055596],[37.765729,41.055587],[37.765487,41.055573],[37.765492,41.055514],[37.765431,41.055345],[37.765512,41.055152],[37.765583,41.054997],[37.765729,41.054885],[37.765811,41.054773],[37.765854,41.054724],[37.76598,41.054576],[37.766018,41.05453],[37.766204,41.054308],[37.766262,41.054237],[37.766284,41.054118],[37.766344,41.054076],[37.76652,41.053956],[37.766468,41.053856],[37.766617,41.053763],[37.766506,41.05361],[37.766481,41.053575],[37.766472,41.053554],[37.766372,41.053409],[37.766131,41.053112],[37.766013,41.052911],[37.766104,41.052746],[37.76625,41.052688],[37.766472,41.052599],[37.766371,41.052549],[37.766029,41.052374],[37.766006,41.052357],[37.765397,41.052655],[37.765044,41.052827],[37.764785,41.052937],[37.764627,41.053026],[37.764536,41.052946],[37.764207,41.052768],[37.763288,41.0522],[37.763145,41.052063],[37.762942,41.05212],[37.762691,41.052126],[37.762477,41.052101],[37.762397,41.052255],[37.762305,41.052602],[37.76225,41.05269],[37.762128,41.0529],[37.761944,41.053027],[37.761795,41.053085],[37.761844,41.053192],[37.761747,41.053437],[37.761453,41.053517],[37.761429,41.053693],[37.7613,41.054025],[37.760984,41.054108],[37.760686,41.054393],[37.760617,41.054615],[37.760766,41.054797],[37.761146,41.05535],[37.761219,41.055974],[37.760977,41.056175],[37.76084,41.056434],[37.760724,41.056824],[37.760746,41.05687],[37.760733,41.056999],[37.760773,41.057096],[37.761009,41.057198],[37.761043,41.057221],[37.761113,41.057261],[37.761233,41.057343],[37.761398,41.057332],[37.761624,41.057551],[37.761773,41.057688],[37.76192,41.057794],[37.761911,41.057824],[37.761938,41.057922],[37.761975,41.057977],[37.762038,41.058157],[37.762074,41.058391],[37.762132,41.058486],[37.762147,41.058618],[37.762222,41.058716],[37.762326,41.058881],[37.762704,41.059133],[37.762719,41.059176],[37.763011,41.0594],[37.763565,41.059598],[37.763823,41.059816],[37.76385,41.059851],[37.763899,41.059856],[37.764211,41.060061],[37.76449,41.060233],[37.764659,41.060394],[37.764827,41.060495],[37.765001,41.060684],[37.765215,41.060658],[37.765509,41.060788],[37.765567,41.060903],[37.765708,41.060886],[37.765982,41.060962],[37.766269,41.061256],[37.766335,41.061294],[37.766451,41.061192],[37.766545,41.061054],[37.766706,41.061124],[37.767014,41.061306],[37.767257,41.061445],[37.767449,41.061525],[37.767659,41.061529],[37.76814,41.061712],[37.768412,41.061875],[37.7688,41.062162],[37.769004,41.062321],[37.769241,41.062411],[37.769568,41.062408],[37.769761,41.062568],[37.770166,41.062883],[37.770388,41.062984],[37.770589,41.06305],[37.770713,41.063006],[37.771032,41.063156],[37.771304,41.063206],[37.771483,41.063188],[37.771926,41.063325],[37.772292,41.063355],[37.772554,41.063435],[37.772802,41.06353],[37.773174,41.063568],[37.773422,41.063493],[37.773595,41.063433],[37.773831,41.063273]]]]}},{"type":"Feature","properties":{"id":"TR-Y-52-017-M-0023","level":"yerlesim","type":"mahalle","parent_id":"TR-D-52-017","province_id":"TR-P-52","district_id":"TR-D-52-017","name":"İmeçli","source_raw_name":"İMEÇLİ","source":"Kamuya açık veri ve kent rehberi servisleri","source_label":"Kamuya açık veri ve kent rehberi servisleri","source_name":"Ordu Büyükşehir Belediyesi Akıllı Şehir Açık Veri Platformu - Mahalleler"},"geometry":{"type":"MultiPolygon","coordinates":[[[[37.653275,41.028688],[37.653441,41.028696],[37.653605,41.028761],[37.653814,41.028849],[37.653933,41.028901],[37.654076,41.02892],[37.654226,41.028922],[37.654415,41.028895],[37.654543,41.028874],[37.654695,41.02883],[37.654929,41.028753],[37.655186,41.028694],[37.655376,41.028639],[37.655512,41.028589],[37.655695,41.028477],[37.655818,41.028353],[37.655902,41.028269],[37.656046,41.028208],[37.656166,41.028249],[37.656403,41.028429],[37.656598,41.028614],[37.656784,41.028755],[37.657128,41.028838],[37.657423,41.028853],[37.657753,41.028819],[37.658137,41.028785],[37.65851,41.028773],[37.659097,41.02852],[37.659385,41.028377],[37.659719,41.028197],[37.660366,41.028034],[37.660854,41.027965],[37.661093,41.027964],[37.661572,41.028074],[37.662664,41.02801],[37.66326,41.028015],[37.663809,41.028106],[37.664668,41.0283],[37.665101,41.028204],[37.665727,41.028046],[37.666688,41.027864],[37.667834,41.027233],[37.668716,41.026212],[37.669405,41.025853],[37.670337,41.025501],[37.671073,41.025139],[37.671479,41.024539],[37.671671,41.024251],[37.671605,41.023844],[37.67159,41.023521],[37.671668,41.023353],[37.671777,41.023225],[37.671997,41.023147],[37.672311,41.023127],[37.672575,41.023198],[37.672811,41.023394],[37.672952,41.023521],[37.673111,41.023559],[37.673352,41.023469],[37.673546,41.023354],[37.673723,41.023284],[37.674075,41.023244],[37.67424,41.023242],[37.674465,41.023151],[37.674638,41.023004],[37.67471,41.022884],[37.674852,41.022403],[37.675049,41.022131],[37.675344,41.022042],[37.675519,41.022036],[37.675618,41.021892],[37.675908,41.021754],[37.676223,41.021709],[37.676383,41.021683],[37.676561,41.021798],[37.67677,41.021728],[37.676831,41.021624],[37.677019,41.021509],[37.677277,41.021403],[37.677586,41.021346],[37.678081,41.021364],[37.67833,41.021415],[37.678561,41.021293],[37.678878,41.021127],[37.679121,41.020941],[37.679411,41.020819],[37.679924,41.020688],[37.68008,41.020621],[37.680236,41.020256],[37.680224,41.020043],[37.680399,41.019807],[37.680594,41.019668],[37.680824,41.019578],[37.681075,41.019517],[37.681278,41.019483],[37.681408,41.019359],[37.681848,41.018937],[37.68208,41.018763],[37.682303,41.018793],[37.682553,41.018796],[37.682734,41.018794],[37.682943,41.018708],[37.683035,41.018633],[37.683332,41.018462],[37.683611,41.018354],[37.683867,41.018342],[37.683893,41.018315],[37.684079,41.018154],[37.684171,41.0181],[37.684266,41.017997],[37.684333,41.017817],[37.684358,41.017699],[37.684423,41.01763],[37.684503,41.017581],[37.684578,41.017529],[37.684803,41.017317],[37.684839,41.017297],[37.684964,41.017266],[37.68499,41.017246],[37.685024,41.017091],[37.685093,41.016899],[37.685271,41.016569],[37.685319,41.016303],[37.685399,41.016047],[37.685549,41.015763],[37.685673,41.015614],[37.685686,41.015556],[37.685691,41.015431],[37.6857,41.015325],[37.685707,41.015297],[37.685735,41.01524],[37.685903,41.014858],[37.686106,41.014311],[37.686229,41.014085],[37.686286,41.013953],[37.686329,41.013799],[37.686347,41.01375],[37.686416,41.013691],[37.686434,41.013574],[37.686451,41.013486],[37.686487,41.013348],[37.686503,41.013321],[37.686533,41.013252],[37.686519,41.013148],[37.686496,41.013066],[37.686515,41.012889],[37.686485,41.012769],[37.686464,41.012637],[37.68649,41.012506],[37.686656,41.012295],[37.686774,41.012195],[37.686958,41.012026],[37.687047,41.01195],[37.687153,41.011853],[37.687134,41.011808],[37.686724,41.01168],[37.686158,41.01147],[37.685466,41.011355],[37.685167,41.011079],[37.685104,41.010954],[37.685055,41.010873],[37.684941,41.010585],[37.684933,41.010269],[37.685037,41.010029],[37.685073,41.009889],[37.685063,41.009772],[37.684932,41.00966],[37.684945,41.00959],[37.685181,41.009342],[37.685328,41.009179],[37.685457,41.009051],[37.685601,41.008881],[37.685755,41.008725],[37.68589,41.00851],[37.685928,41.00841],[37.685684,41.008478],[37.685162,41.008473],[37.685134,41.008472],[37.684803,41.008013],[37.684592,41.007863],[37.684365,41.007726],[37.684275,41.0076],[37.684149,41.00755],[37.683991,41.007481],[37.683892,41.007488],[37.683847,41.007441],[37.683773,41.007339],[37.683687,41.007264],[37.683195,41.007167],[37.683068,41.007155],[37.682815,41.007062],[37.682427,41.007094],[37.682332,41.0071],[37.682044,41.00703],[37.681928,41.00698],[37.68183,41.00697],[37.681903,41.007186],[37.681798,41.00708],[37.681639,41.006885],[37.681528,41.006861],[37.681385,41.006815],[37.681252,41.006809],[37.681136,41.006794],[37.680917,41.006769],[37.680786,41.006743],[37.680616,41.006697],[37.68055,41.006648],[37.680459,41.006673],[37.680374,41.006644],[37.680135,41.006613],[37.679961,41.006575],[37.679777,41.006528],[37.679623,41.00644],[37.679381,41.006377],[37.679226,41.006274],[37.679015,41.006098],[37.678925,41.006117],[37.678801,41.006147],[37.678734,41.006159],[37.678678,41.006169],[37.678467,41.006164],[37.678296,41.006175],[37.678205,41.006184],[37.677927,41.006166],[37.677383,41.006323],[37.677176,41.006006],[37.676948,41.005741],[37.676634,41.005713],[37.676517,41.005649],[37.676371,41.005659],[37.676345,41.005761],[37.676325,41.005984],[37.676188,41.006123],[37.675864,41.006444],[37.675415,41.006416],[37.674844,41.006437],[37.674558,41.006468],[37.674287,41.00646],[37.674049,41.006411],[37.673832,41.006348],[37.673713,41.006284],[37.673599,41.006203],[37.673489,41.006153],[37.673391,41.006168],[37.673353,41.006248],[37.673384,41.006434],[37.673467,41.006669],[37.673398,41.006945],[37.673202,41.007189],[37.67299,41.007474],[37.67266,41.007797],[37.672358,41.007998],[37.672013,41.008115],[37.671712,41.008229],[37.671351,41.008306],[37.670881,41.008522],[37.670604,41.008595],[37.670229,41.008645],[37.669775,41.008895],[37.669254,41.009214],[37.669029,41.009268],[37.668608,41.009368],[37.668353,41.00941],[37.667953,41.009494],[37.667876,41.009557],[37.667642,41.009679],[37.667617,41.009692],[37.667343,41.009702],[37.667167,41.009741],[37.66682,41.00986],[37.665991,41.010361],[37.665642,41.010436],[37.665476,41.010702],[37.665473,41.010748],[37.665325,41.010861],[37.665246,41.010982],[37.665054,41.011661],[37.664905,41.011812],[37.664846,41.011852],[37.664742,41.012009],[37.664628,41.012306],[37.66461,41.01251],[37.664336,41.01283],[37.664147,41.012962],[37.664,41.013131],[37.663866,41.01321],[37.663698,41.013305],[37.663583,41.01347],[37.663554,41.01363],[37.663522,41.013748],[37.663477,41.013797],[37.663402,41.013838],[37.663332,41.013893],[37.663296,41.014],[37.663289,41.014139],[37.663238,41.014271],[37.663212,41.014489],[37.663204,41.014675],[37.663159,41.014811],[37.663084,41.014879],[37.662983,41.014929],[37.662854,41.014997],[37.662481,41.015131],[37.662243,41.015203],[37.662122,41.015254],[37.661927,41.015317],[37.661644,41.015394],[37.661444,41.015452],[37.66129,41.015493],[37.66125,41.015522],[37.661224,41.015571],[37.661208,41.015596],[37.661185,41.015615],[37.661145,41.015637],[37.661118,41.015643],[37.661078,41.015672],[37.661016,41.015706],[37.660773,41.015787],[37.660368,41.015878],[37.660264,41.015924],[37.660127,41.015955],[37.659848,41.015972],[37.659619,41.016007],[37.65943,41.016078],[37.659254,41.016149],[37.65902,41.016322],[37.658931,41.016356],[37.658267,41.016529],[37.657715,41.016706],[37.657515,41.01677],[37.656984,41.017016],[37.656719,41.017186],[37.656414,41.01746],[37.656267,41.017533],[37.656058,41.017588],[37.655606,41.017676],[37.655331,41.01776],[37.655228,41.017809],[37.654852,41.017987],[37.65471,41.018077],[37.654635,41.018157],[37.654579,41.018212],[37.654476,41.018263],[37.654347,41.018297],[37.654184,41.018328],[37.653646,41.018507],[37.653549,41.018576],[37.653487,41.018677],[37.653353,41.018798],[37.653217,41.018857],[37.652929,41.018891],[37.652734,41.018899],[37.652637,41.018935],[37.652316,41.019232],[37.651968,41.019639],[37.651868,41.019696],[37.651318,41.019777],[37.651199,41.019831],[37.651035,41.019969],[37.651041,41.02005],[37.651084,41.020121],[37.651167,41.020211],[37.651284,41.020387],[37.651301,41.020472],[37.651178,41.020753],[37.65102,41.02121],[37.650877,41.021644],[37.650884,41.021727],[37.651029,41.022023],[37.651073,41.022138],[37.651055,41.022343],[37.65092,41.02262],[37.650785,41.02294],[37.650714,41.023313],[37.650704,41.023549],[37.650759,41.023805],[37.650767,41.023959],[37.650742,41.024133],[37.650665,41.024259],[37.650576,41.024468],[37.650535,41.0247],[37.650535,41.024834],[37.650509,41.024934],[37.650444,41.025159],[37.65033,41.025517],[37.650276,41.025741],[37.650213,41.025974],[37.650245,41.026191],[37.650357,41.026325],[37.650498,41.026405],[37.650649,41.026498],[37.650743,41.026612],[37.650952,41.02696],[37.651257,41.027349],[37.651418,41.027745],[37.651542,41.028399],[37.651567,41.028532],[37.651477,41.028622],[37.651353,41.028787],[37.651225,41.028906],[37.651424,41.029066],[37.651753,41.029195],[37.651971,41.02918],[37.652213,41.02912],[37.652608,41.028954],[37.653071,41.028766],[37.653275,41.028688]]]]}},{"type":"Feature","properties":{"id":"TR-Y-52-017-M-0024","level":"yerlesim","type":"mahalle","parent_id":"TR-D-52-017","province_id":"TR-P-52","district_id":"TR-D-52-017","name":"İstanbulboğazı","source_raw_name":"İSTANBULBOĞAZI","source":"Kamuya açık veri ve kent rehberi servisleri","source_label":"Kamuya açık veri ve kent rehberi servisleri","source_name":"Ordu Büyükşehir Belediyesi Akıllı Şehir Açık Veri Platformu - Mahalleler"},"geometry":{"type":"MultiPolygon","coordinates":[[[[37.721461,41.072318],[37.721766,41.072245],[37.721981,41.072278],[37.722418,41.072259],[37.722602,41.072126],[37.72299,41.072039],[37.723061,41.072083],[37.723634,41.072148],[37.724061,41.07209],[37.724236,41.072078],[37.724577,41.072208],[37.724798,41.07209],[37.724364,41.07177],[37.72445,41.07171],[37.724546,41.071638],[37.724667,41.071591],[37.725077,41.07135],[37.725107,41.071297],[37.725212,41.071301],[37.725459,41.071417],[37.725587,41.07153],[37.725633,41.071539],[37.725762,41.07155],[37.72591,41.071293],[37.726138,41.071195],[37.726247,41.071045],[37.72628,41.070794],[37.726417,41.070539],[37.726466,41.07047],[37.726638,41.0704],[37.726663,41.070381],[37.726803,41.070282],[37.727113,41.070015],[37.727281,41.069821],[37.727371,41.069864],[37.727566,41.069659],[37.727679,41.069512],[37.727755,41.069413],[37.727789,41.06934],[37.727883,41.069253],[37.727963,41.069174],[37.728038,41.069089],[37.728069,41.069041],[37.728259,41.068854],[37.728396,41.068722],[37.728452,41.068654],[37.72842,41.06858],[37.728655,41.068174],[37.729089,41.067304],[37.729267,41.067077],[37.729485,41.066889],[37.729485,41.066866],[37.729429,41.066824],[37.729139,41.066508],[37.729085,41.066381],[37.728994,41.06627],[37.728903,41.066175],[37.728778,41.066041],[37.728716,41.065902],[37.728578,41.065845],[37.728466,41.065712],[37.728662,41.065693],[37.729038,41.065556],[37.729298,41.06536],[37.729179,41.065278],[37.72919,41.065199],[37.729191,41.065152],[37.729184,41.065068],[37.728703,41.06474],[37.728344,41.064498],[37.728065,41.064292],[37.727647,41.063983],[37.72748,41.063828],[37.727295,41.063621],[37.727265,41.06363],[37.727142,41.063419],[37.726906,41.0633],[37.726773,41.063104],[37.726526,41.062745],[37.726482,41.062606],[37.726414,41.062396],[37.726105,41.062222],[37.725988,41.062155],[37.725961,41.062099],[37.725669,41.061992],[37.725331,41.061852],[37.725207,41.061697],[37.725146,41.06158],[37.725063,41.061536],[37.72488,41.061544],[37.724807,41.06149],[37.724371,41.061141],[37.724156,41.060953],[37.724024,41.060891],[37.723766,41.060847],[37.723726,41.060678],[37.723758,41.060299],[37.723707,41.060254],[37.723568,41.06018],[37.723633,41.059952],[37.723616,41.059798],[37.723538,41.059403],[37.7235,41.059143],[37.723349,41.058889],[37.723333,41.05878],[37.723261,41.058523],[37.723054,41.058256],[37.722764,41.05795],[37.722818,41.057739],[37.722938,41.057667],[37.723039,41.057613],[37.72308,41.057571],[37.72327,41.057222],[37.723236,41.057131],[37.723212,41.057104],[37.72297,41.057065],[37.722643,41.057265],[37.722536,41.057283],[37.722316,41.057069],[37.722364,41.056906],[37.722365,41.056811],[37.722232,41.056733],[37.72227,41.056567],[37.722294,41.056419],[37.722239,41.056258],[37.722101,41.056068],[37.722103,41.05587],[37.722104,41.055783],[37.721751,41.055527],[37.721569,41.055297],[37.72133,41.054994],[37.721389,41.054931],[37.721831,41.054801],[37.721867,41.054767],[37.721808,41.054755],[37.721901,41.054696],[37.722124,41.054499],[37.722247,41.054307],[37.722222,41.054303],[37.721766,41.054278],[37.722009,41.054164],[37.721792,41.053918],[37.721751,41.053882],[37.721512,41.053601],[37.721482,41.053552],[37.721409,41.053563],[37.721661,41.05286],[37.721356,41.052387],[37.72133,41.052175],[37.721435,41.052019],[37.721519,41.0521],[37.721756,41.052295],[37.721839,41.052375],[37.72184,41.052369],[37.721897,41.05228],[37.721928,41.052153],[37.721994,41.051966],[37.72201,41.051934],[37.722013,41.051517],[37.722006,41.051196],[37.722134,41.050971],[37.72222,41.050617],[37.72214,41.050536],[37.722099,41.050501],[37.722093,41.050455],[37.722118,41.050416],[37.721758,41.050293],[37.721475,41.050239],[37.721139,41.050197],[37.721136,41.050207],[37.720785,41.050132],[37.720436,41.05015],[37.719972,41.050153],[37.719921,41.05024],[37.719837,41.050235],[37.719849,41.050323],[37.719701,41.05036],[37.719732,41.050405],[37.719659,41.050449],[37.719466,41.050459],[37.719488,41.050478],[37.71943,41.050523],[37.719399,41.050475],[37.719164,41.05053],[37.718858,41.050558],[37.718564,41.050533],[37.718376,41.050553],[37.718288,41.050575],[37.718167,41.050632],[37.718115,41.050705],[37.71797,41.050859],[37.717895,41.050864],[37.71749,41.05098],[37.717258,41.051096],[37.717015,41.051115],[37.71678,41.05111],[37.716439,41.051048],[37.716281,41.051023],[37.71615,41.051016],[37.716068,41.051013],[37.715904,41.051066],[37.715651,41.051144],[37.715371,41.051291],[37.715175,41.051328],[37.715175,41.051379],[37.715159,41.051446],[37.715171,41.051678],[37.71511,41.051861],[37.715065,41.05194],[37.715004,41.051989],[37.714889,41.052017],[37.71463,41.052062],[37.714344,41.05208],[37.714297,41.052114],[37.714183,41.052033],[37.713938,41.051948],[37.713724,41.051905],[37.713565,41.051894],[37.713403,41.051885],[37.713163,41.05189],[37.712845,41.052005],[37.712561,41.051974],[37.712386,41.051951],[37.712248,41.051889],[37.71199,41.051758],[37.711938,41.051721],[37.711846,41.051633],[37.711756,41.051576],[37.711629,41.051473],[37.71145,41.051386],[37.711262,41.051277],[37.711071,41.051154],[37.710931,41.051048],[37.710742,41.051014],[37.710662,41.050997],[37.710305,41.050776],[37.710092,41.050599],[37.710014,41.05059],[37.709948,41.050539],[37.709674,41.050492],[37.709543,41.050493],[37.70948,41.050488],[37.709463,41.050494],[37.709373,41.050495],[37.709029,41.05063],[37.708864,41.050763],[37.708747,41.050842],[37.70841,41.051016],[37.708278,41.051096],[37.70783,41.051378],[37.707826,41.051382],[37.707365,41.051624],[37.70736,41.051626],[37.707305,41.051655],[37.706972,41.051831],[37.706767,41.051904],[37.706652,41.051919],[37.706277,41.051927],[37.706258,41.051926],[37.705844,41.052044],[37.70571,41.052044],[37.705502,41.051988],[37.705247,41.051892],[37.705234,41.051898],[37.705214,41.051912],[37.705247,41.051954],[37.705313,41.052038],[37.705614,41.052463],[37.705714,41.052673],[37.70577,41.052896],[37.705815,41.052899],[37.705857,41.053067],[37.705929,41.053252],[37.706038,41.053414],[37.706058,41.053466],[37.706125,41.053567],[37.706222,41.053611],[37.706228,41.053618],[37.706349,41.053679],[37.706512,41.053927],[37.706523,41.054014],[37.706627,41.054188],[37.706735,41.054349],[37.706982,41.054758],[37.707103,41.055142],[37.707169,41.055472],[37.707148,41.055631],[37.707114,41.055781],[37.707109,41.055815],[37.707063,41.055967],[37.706958,41.056223],[37.706954,41.056234],[37.706829,41.05643],[37.706736,41.056578],[37.706662,41.056695],[37.706403,41.056908],[37.706227,41.05711],[37.706172,41.057398],[37.706082,41.057762],[37.705994,41.058083],[37.706013,41.058091],[37.705952,41.058177],[37.705896,41.058292],[37.705814,41.058669],[37.705838,41.058753],[37.705833,41.058762],[37.705847,41.058785],[37.705896,41.058957],[37.705945,41.059054],[37.706094,41.059324],[37.706195,41.059502],[37.706343,41.059786],[37.70645,41.06],[37.706471,41.060063],[37.706623,41.06069],[37.706621,41.060705],[37.706649,41.061016],[37.706671,41.061145],[37.706678,41.061178],[37.706734,41.061303],[37.706765,41.061412],[37.706827,41.061629],[37.706869,41.061705],[37.706912,41.061883],[37.706962,41.062174],[37.707017,41.06237],[37.707053,41.062504],[37.707075,41.062579],[37.706964,41.063008],[37.70716,41.0634],[37.707543,41.063748],[37.707441,41.063902],[37.70719,41.064346],[37.707863,41.064728],[37.708217,41.064859],[37.708378,41.064993],[37.708437,41.06506],[37.708506,41.065102],[37.70855,41.065181],[37.70858,41.06519],[37.708651,41.065188],[37.70876,41.065161],[37.709031,41.065124],[37.709347,41.065187],[37.709435,41.065207],[37.709606,41.065264],[37.709736,41.065325],[37.709851,41.06535],[37.709991,41.065377],[37.710101,41.065409],[37.710156,41.065417],[37.710345,41.065462],[37.710489,41.065501],[37.710527,41.065517],[37.710658,41.065544],[37.71089,41.065621],[37.711069,41.06568],[37.711094,41.065698],[37.71116,41.06572],[37.711175,41.065728],[37.711259,41.065758],[37.71136,41.065826],[37.711517,41.065852],[37.71158,41.065857],[37.71179,41.065959],[37.712183,41.066135],[37.712463,41.066192],[37.71292,41.06634],[37.713127,41.066626],[37.71353,41.06683],[37.713991,41.06693],[37.71454,41.06703],[37.715091,41.067025],[37.715562,41.067048],[37.715674,41.067069],[37.715806,41.067037],[37.716113,41.066994],[37.716364,41.066948],[37.716511,41.066914],[37.716588,41.066903],[37.716674,41.066921],[37.716709,41.066996],[37.71671,41.067118],[37.716805,41.067295],[37.716886,41.067359],[37.717089,41.067321],[37.716949,41.067202],[37.716926,41.067121],[37.716953,41.067096],[37.717043,41.067156],[37.717315,41.067265],[37.717764,41.067455],[37.717825,41.067458],[37.718134,41.067568],[37.718365,41.067633],[37.718449,41.067631],[37.718553,41.067667],[37.719023,41.067723],[37.719101,41.067744],[37.719312,41.067751],[37.719545,41.067773],[37.719833,41.067835],[37.719815,41.067894],[37.719802,41.067912],[37.719826,41.06794],[37.719709,41.06801],[37.719822,41.068108],[37.719777,41.068225],[37.719706,41.068313],[37.719603,41.068448],[37.719568,41.068683],[37.719554,41.068797],[37.719585,41.068874],[37.719636,41.068937],[37.719842,41.069012],[37.719989,41.069072],[37.720334,41.06916],[37.720388,41.06917],[37.720409,41.069202],[37.72046,41.0693],[37.720806,41.069552],[37.720823,41.069617],[37.72076,41.069778],[37.720636,41.06988],[37.720514,41.06998],[37.720396,41.070144],[37.720406,41.070289],[37.720593,41.070564],[37.720406,41.071158],[37.719335,41.071888],[37.719609,41.072074],[37.719998,41.072173],[37.720456,41.072078],[37.720518,41.072016],[37.720721,41.072105],[37.72082,41.072063],[37.720933,41.072219],[37.721091,41.072273],[37.721156,41.072247],[37.721211,41.072257],[37.721461,41.072318]]]]}},{"type":"Feature","properties":{"id":"TR-Y-52-017-M-0025","level":"yerlesim","type":"mahalle","parent_id":"TR-D-52-017","province_id":"TR-P-52","district_id":"TR-D-52-017","name":"Kacalı","source_raw_name":"KACALI","source":"Kamuya açık veri ve kent rehberi servisleri","source_label":"Kamuya açık veri ve kent rehberi servisleri","source_name":"Ordu Büyükşehir Belediyesi Akıllı Şehir Açık Veri Platformu - Mahalleler"},"geometry":{"type":"MultiPolygon","coordinates":[[[[37.776899,41.061728],[37.777645,41.060685],[37.777885,41.060365],[37.777917,41.060321],[37.778411,41.060067],[37.77878,41.059702],[37.778797,41.059708],[37.778991,41.059563],[37.779201,41.059512],[37.779439,41.05935],[37.779557,41.059273],[37.779717,41.059166],[37.779756,41.059076],[37.779817,41.058926],[37.77975,41.058882],[37.7797,41.058854],[37.77967,41.058841],[37.779828,41.058688],[37.779953,41.058746],[37.77997,41.058733],[37.780195,41.058624],[37.78041,41.058509],[37.780959,41.058342],[37.780808,41.058215],[37.780313,41.057936],[37.779642,41.057623],[37.779164,41.057523],[37.778743,41.057575],[37.778049,41.05762],[37.777687,41.057597],[37.777514,41.057542],[37.77726,41.05741],[37.77683,41.057081],[37.776552,41.056705],[37.776421,41.056325],[37.776097,41.055016],[37.775698,41.053657],[37.775495,41.053224],[37.775268,41.052977],[37.774982,41.052843],[37.774568,41.052795],[37.774028,41.05285],[37.773042,41.053084],[37.772571,41.053175],[37.771897,41.053209],[37.771527,41.053205],[37.771295,41.053086],[37.771186,41.05293],[37.771212,41.052753],[37.771286,41.05253],[37.771426,41.05203],[37.771394,41.051869],[37.771213,41.051696],[37.770893,41.051491],[37.770206,41.051219],[37.769648,41.051023],[37.769073,41.050901],[37.768747,41.050816],[37.768327,41.050636],[37.767174,41.050133],[37.766551,41.049944],[37.765764,41.050006],[37.765348,41.05045],[37.765074,41.050812],[37.764949,41.050856],[37.764774,41.051033],[37.764683,41.051323],[37.764483,41.051742],[37.764331,41.051862],[37.76385,41.052105],[37.763296,41.052082],[37.763145,41.052063],[37.763288,41.0522],[37.764207,41.052768],[37.764536,41.052946],[37.764627,41.053026],[37.764785,41.052937],[37.765044,41.052827],[37.765397,41.052655],[37.766006,41.052357],[37.766029,41.052374],[37.766371,41.052549],[37.766472,41.052599],[37.76625,41.052688],[37.766104,41.052746],[37.766013,41.052911],[37.766131,41.053112],[37.766372,41.053409],[37.766472,41.053554],[37.766481,41.053575],[37.766506,41.05361],[37.766617,41.053763],[37.766468,41.053856],[37.76652,41.053956],[37.766344,41.054076],[37.766284,41.054118],[37.766262,41.054237],[37.766204,41.054308],[37.766018,41.05453],[37.76598,41.054576],[37.765854,41.054724],[37.765811,41.054773],[37.765729,41.054885],[37.765583,41.054997],[37.765512,41.055152],[37.765431,41.055345],[37.765492,41.055514],[37.765487,41.055573],[37.765729,41.055587],[37.76585,41.055596],[37.766106,41.055562],[37.766317,41.055579],[37.766363,41.055585],[37.766603,41.055565],[37.766993,41.055699],[37.767245,41.055818],[37.767466,41.05612],[37.767723,41.056238],[37.767985,41.056302],[37.768165,41.056372],[37.768315,41.056466],[37.768426,41.056644],[37.768499,41.056712],[37.768954,41.056866],[37.769197,41.057045],[37.769339,41.057081],[37.769366,41.057133],[37.769376,41.057227],[37.769421,41.057319],[37.769498,41.057532],[37.769619,41.057643],[37.76968,41.057774],[37.769741,41.057995],[37.76971,41.058097],[37.769794,41.058189],[37.769885,41.058471],[37.769988,41.058559],[37.769943,41.058719],[37.769889,41.058857],[37.769918,41.058973],[37.769932,41.059112],[37.769951,41.059233],[37.769968,41.059357],[37.769956,41.059493],[37.770309,41.059659],[37.770415,41.059826],[37.770534,41.059888],[37.77067,41.059923],[37.770854,41.059959],[37.770926,41.060048],[37.770965,41.060073],[37.771021,41.060111],[37.771093,41.06013],[37.77127,41.060133],[37.771321,41.060144],[37.771386,41.060178],[37.771474,41.060295],[37.771552,41.060432],[37.771628,41.060487],[37.771758,41.060554],[37.771985,41.060746],[37.772111,41.060867],[37.77217,41.060978],[37.772241,41.061036],[37.772322,41.061042],[37.772536,41.060989],[37.772635,41.061056],[37.772663,41.061104],[37.772778,41.061224],[37.772834,41.061259],[37.772917,41.061295],[37.772966,41.061353],[37.773087,41.061445],[37.773259,41.061581],[37.773322,41.061714],[37.77342,41.061817],[37.773508,41.061901],[37.773537,41.061952],[37.77354,41.062027],[37.773606,41.062099],[37.773708,41.062142],[37.773767,41.062175],[37.773814,41.062238],[37.773904,41.062278],[37.773976,41.062319],[37.774031,41.062369],[37.7741,41.062481],[37.774111,41.062538],[37.774121,41.062575],[37.774283,41.062689],[37.77431,41.06273],[37.774331,41.062771],[37.774331,41.062801],[37.774286,41.062958],[37.774308,41.062997],[37.774422,41.063148],[37.7745,41.06317],[37.774566,41.063243],[37.774822,41.06336],[37.775171,41.063488],[37.775374,41.063566],[37.775497,41.063612],[37.776899,41.061728]]]]}},{"type":"Feature","properties":{"id":"TR-Y-52-017-M-0026","level":"yerlesim","type":"mahalle","parent_id":"TR-D-52-017","province_id":"TR-P-52","district_id":"TR-D-52-017","name":"Kaleyaka","source_raw_name":"KALEYAKA","source":"Kamuya açık veri ve kent rehberi servisleri","source_label":"Kamuya açık veri ve kent rehberi servisleri","source_name":"Ordu Büyükşehir Belediyesi Akıllı Şehir Açık Veri Platformu - Mahalleler"},"geometry":{"type":"MultiPolygon","coordinates":[[[[37.787047,41.115435],[37.787085,41.115424],[37.787138,41.115438],[37.787194,41.115455],[37.787257,41.115473],[37.787308,41.115481],[37.787365,41.115479],[37.787399,41.11546],[37.787419,41.115428],[37.787432,41.115401],[37.78744,41.115373],[37.787436,41.115348],[37.787419,41.115328],[37.787394,41.115315],[37.787348,41.115309],[37.787308,41.115315],[37.787261,41.115321],[37.787218,41.115336],[37.787182,41.11534],[37.787161,41.115326],[37.787163,41.115299],[37.787194,41.115258],[37.787218,41.115222],[37.787251,41.115182],[37.787272,41.115143],[37.787301,41.115103],[37.787326,41.11506],[37.787349,41.115013],[37.787372,41.114972],[37.787394,41.114927],[37.787415,41.114882],[37.787442,41.114832],[37.787466,41.114787],[37.787486,41.114745],[37.787498,41.114712],[37.787541,41.114673],[37.787594,41.11463],[37.787644,41.114592],[37.787684,41.114555],[37.78772,41.114518],[37.787747,41.114484],[37.787757,41.114435],[37.787767,41.11438],[37.787774,41.114336],[37.78778,41.114287],[37.787777,41.114226],[37.787776,41.114184],[37.787777,41.114128],[37.787776,41.114106],[37.787761,41.114056],[37.787737,41.114001],[37.78771,41.113947],[37.787679,41.113902],[37.787638,41.113862],[37.787602,41.113834],[37.787567,41.113818],[37.787519,41.11381],[37.787472,41.113806],[37.787412,41.113805],[37.787369,41.113807],[37.787328,41.113798],[37.787287,41.113772],[37.787257,41.113743],[37.787235,41.113717],[37.787214,41.113694],[37.787206,41.113669],[37.787203,41.113635],[37.787209,41.113599],[37.787215,41.113562],[37.787225,41.113529],[37.787245,41.113482],[37.787259,41.113442],[37.787266,41.113398],[37.787271,41.11335],[37.787277,41.113294],[37.787282,41.11325],[37.787292,41.113205],[37.787317,41.113163],[37.787349,41.113122],[37.787377,41.113092],[37.787402,41.113069],[37.787434,41.113051],[37.787469,41.113045],[37.787513,41.113044],[37.787549,41.11305],[37.787602,41.11306],[37.787644,41.11304],[37.787651,41.113002],[37.787657,41.112956],[37.787678,41.112896],[37.787697,41.11284],[37.787716,41.112788],[37.787726,41.112762],[37.787752,41.112682],[37.787768,41.112637],[37.787783,41.112602],[37.787799,41.112584],[37.78782,41.112559],[37.78783,41.112531],[37.787823,41.112506],[37.787796,41.112481],[37.787766,41.112461],[37.78771,41.11244],[37.787619,41.11241],[37.787551,41.11239],[37.787498,41.112377],[37.787444,41.112361],[37.7874,41.112345],[37.787379,41.112328],[37.787368,41.112305],[37.787352,41.11227],[37.787349,41.112234],[37.78737,41.112201],[37.7874,41.112167],[37.787428,41.112145],[37.787481,41.11212],[37.787539,41.112126],[37.787596,41.112126],[37.787657,41.112129],[37.787726,41.112136],[37.787789,41.112142],[37.78786,41.112144],[37.787899,41.112149],[37.787956,41.112147],[37.787969,41.112141],[37.787986,41.112121],[37.787991,41.112093],[37.78799,41.112055],[37.787996,41.112016],[37.788003,41.111987],[37.788011,41.111947],[37.788015,41.111907],[37.788016,41.111875],[37.788016,41.111835],[37.788014,41.111801],[37.788015,41.111768],[37.788033,41.111716],[37.788043,41.111679],[37.788046,41.111647],[37.78803,41.111633],[37.788007,41.111625],[37.787961,41.111621],[37.787904,41.11162],[37.787874,41.111613],[37.787816,41.111589],[37.787777,41.111567],[37.787731,41.111537],[37.787694,41.111504],[37.78767,41.111479],[37.787645,41.111443],[37.787629,41.111408],[37.787617,41.111369],[37.787617,41.111334],[37.787623,41.111294],[37.787636,41.111252],[37.787641,41.111221],[37.787659,41.111178],[37.787676,41.111139],[37.787689,41.111104],[37.787677,41.111077],[37.787651,41.111035],[37.787631,41.110999],[37.787606,41.110954],[37.787588,41.110913],[37.787562,41.110875],[37.787531,41.110831],[37.787503,41.110799],[37.787468,41.110771],[37.787442,41.110739],[37.787439,41.110699],[37.787447,41.110665],[37.787463,41.110633],[37.787483,41.110601],[37.787513,41.110571],[37.787535,41.110541],[37.787566,41.110514],[37.787592,41.110482],[37.787593,41.110454],[37.787586,41.110413],[37.787574,41.110359],[37.787563,41.110334],[37.787542,41.110304],[37.787509,41.110262],[37.787482,41.110226],[37.787469,41.110191],[37.787458,41.110155],[37.787431,41.110129],[37.787371,41.110111],[37.787298,41.110094],[37.787265,41.110087],[37.787268,41.110063],[37.787295,41.110021],[37.787319,41.109986],[37.787347,41.109949],[37.787362,41.109923],[37.787376,41.109899],[37.787392,41.109847],[37.787399,41.109808],[37.787395,41.10978],[37.787393,41.109744],[37.787396,41.109698],[37.787399,41.109647],[37.787403,41.109599],[37.787395,41.109558],[37.787385,41.109504],[37.787378,41.109452],[37.787371,41.109403],[37.787359,41.10935],[37.787348,41.109311],[37.787311,41.109265],[37.787277,41.10923],[37.787249,41.109201],[37.787238,41.109169],[37.787237,41.109145],[37.787241,41.109108],[37.787233,41.10907],[37.787218,41.109041],[37.787194,41.109008],[37.787167,41.108987],[37.787125,41.108966],[37.787072,41.108941],[37.787031,41.108919],[37.787006,41.108897],[37.786993,41.10887],[37.786991,41.108838],[37.787004,41.108811],[37.787023,41.108779],[37.787042,41.108752],[37.787078,41.108718],[37.787107,41.108699],[37.787114,41.108672],[37.78711,41.108605],[37.787102,41.108555],[37.7871,41.108533],[37.787088,41.108509],[37.787062,41.10849],[37.787028,41.108469],[37.787004,41.108446],[37.786971,41.108421],[37.786936,41.108402],[37.786896,41.108383],[37.786858,41.108357],[37.786826,41.108329],[37.786765,41.108269],[37.786737,41.108237],[37.786711,41.108203],[37.786691,41.108179],[37.786676,41.108146],[37.786669,41.108127],[37.786667,41.108101],[37.786671,41.108046],[37.786674,41.107988],[37.786675,41.107942],[37.786679,41.107897],[37.786678,41.107864],[37.786673,41.107832],[37.786673,41.107781],[37.786679,41.107728],[37.786686,41.107685],[37.786697,41.107642],[37.786711,41.107607],[37.786735,41.107577],[37.786771,41.107547],[37.78681,41.10751],[37.786837,41.10747],[37.786863,41.107419],[37.786865,41.107388],[37.786878,41.107354],[37.786904,41.10734],[37.786956,41.107323],[37.787002,41.107306],[37.787065,41.107294],[37.787115,41.10728],[37.787132,41.107263],[37.787097,41.107206],[37.787052,41.107181],[37.786996,41.107162],[37.786938,41.107142],[37.786873,41.107134],[37.786815,41.107134],[37.786765,41.107123],[37.786691,41.107071],[37.786656,41.107048],[37.786616,41.107027],[37.786579,41.107004],[37.786544,41.106982],[37.786494,41.106943],[37.786441,41.1069],[37.786406,41.106878],[37.786379,41.106858],[37.786351,41.106834],[37.786316,41.106805],[37.786314,41.10678],[37.786319,41.106752],[37.786335,41.106702],[37.786361,41.106631],[37.786374,41.10658],[37.786383,41.106547],[37.786404,41.106472],[37.786412,41.106431],[37.786434,41.106413],[37.786465,41.106407],[37.786517,41.106397],[37.78658,41.106379],[37.786648,41.106372],[37.786702,41.106373],[37.786768,41.10636],[37.786812,41.106345],[37.78685,41.10632],[37.786874,41.106293],[37.786903,41.106242],[37.786924,41.106189],[37.786932,41.106156],[37.786952,41.106107],[37.786967,41.106084],[37.787004,41.106051],[37.787053,41.105994],[37.787052,41.105979],[37.787034,41.105934],[37.786995,41.105851],[37.786987,41.105808],[37.786981,41.105775],[37.786974,41.105745],[37.786975,41.105708],[37.786954,41.105683],[37.786939,41.105658],[37.786914,41.105632],[37.786816,41.105612],[37.786759,41.105606],[37.786703,41.105607],[37.786648,41.105609],[37.786592,41.105616],[37.78654,41.105623],[37.786477,41.10563],[37.786435,41.105641],[37.786388,41.105642],[37.78635,41.105631],[37.78631,41.105612],[37.786259,41.1056],[37.786215,41.105586],[37.786174,41.105574],[37.786123,41.105558],[37.786069,41.105535],[37.785983,41.105503],[37.785888,41.105462],[37.785828,41.105438],[37.785761,41.105415],[37.785703,41.105387],[37.785659,41.105372],[37.785535,41.105305],[37.785483,41.105275],[37.785433,41.105242],[37.785388,41.105209],[37.785343,41.105173],[37.785301,41.105133],[37.785276,41.105104],[37.785252,41.105069],[37.785235,41.105032],[37.785217,41.104994],[37.785198,41.104932],[37.785184,41.104861],[37.78518,41.104793],[37.785167,41.104655],[37.785169,41.104597],[37.785171,41.104559],[37.785183,41.104501],[37.785181,41.104492],[37.785246,41.104431],[37.78531,41.104331],[37.785348,41.104277],[37.785388,41.104219],[37.78547,41.104118],[37.785544,41.103994],[37.785523,41.103889],[37.785455,41.103825],[37.785281,41.103854],[37.785205,41.103839],[37.785038,41.103817],[37.78497,41.103809],[37.784868,41.103798],[37.784843,41.103768],[37.784824,41.103742],[37.784796,41.103715],[37.784752,41.103672],[37.784714,41.103634],[37.784688,41.103609],[37.78466,41.10357],[37.784641,41.103549],[37.784617,41.103532],[37.784595,41.10351],[37.784577,41.103481],[37.784582,41.103447],[37.784589,41.103391],[37.784606,41.10334],[37.784616,41.103284],[37.78462,41.103228],[37.784625,41.10319],[37.784616,41.103126],[37.784603,41.103064],[37.784597,41.102998],[37.784593,41.102935],[37.784578,41.102871],[37.784575,41.102821],[37.784574,41.102749],[37.784568,41.102684],[37.784562,41.102623],[37.784545,41.102552],[37.784527,41.102494],[37.784512,41.102446],[37.7845,41.102408],[37.78449,41.10237],[37.784476,41.102318],[37.784463,41.102273],[37.78445,41.102226],[37.784436,41.102174],[37.784421,41.102119],[37.784407,41.102086],[37.784388,41.102054],[37.784355,41.102007],[37.784326,41.101961],[37.784296,41.101908],[37.784266,41.101861],[37.784229,41.101816],[37.784199,41.101774],[37.78417,41.101735],[37.78414,41.101697],[37.784111,41.101659],[37.784087,41.10162],[37.784061,41.101577],[37.78404,41.101531],[37.784016,41.1015],[37.78398,41.10147],[37.783974,41.101434],[37.783971,41.101388],[37.783964,41.101344],[37.783952,41.101299],[37.783942,41.101253],[37.783935,41.101209],[37.783912,41.101166],[37.783899,41.101129],[37.783873,41.101078],[37.783838,41.101006],[37.783815,41.100966],[37.783794,41.100926],[37.783775,41.100892],[37.783768,41.100862],[37.78377,41.100819],[37.783771,41.100783],[37.783776,41.100746],[37.783778,41.100702],[37.783777,41.100655],[37.783786,41.100614],[37.783802,41.100582],[37.783821,41.100551],[37.783854,41.100523],[37.783924,41.100484],[37.783917,41.100417],[37.783895,41.100377],[37.783801,41.100258],[37.783771,41.100209],[37.783765,41.100195],[37.783722,41.100139],[37.783683,41.100086],[37.783649,41.10004],[37.78362,41.099995],[37.783599,41.099959],[37.783583,41.099919],[37.78357,41.099874],[37.783575,41.099836],[37.78358,41.099802],[37.783586,41.099778],[37.783591,41.099757],[37.783595,41.099706],[37.7836,41.099654],[37.783607,41.099592],[37.783617,41.099551],[37.783622,41.099505],[37.783625,41.099459],[37.78363,41.099414],[37.783636,41.09937],[37.783651,41.099314],[37.78366,41.099287],[37.783686,41.0992],[37.78369,41.099152],[37.783709,41.099069],[37.783716,41.099007],[37.783728,41.098962],[37.783733,41.098933],[37.783732,41.098897],[37.783733,41.098853],[37.783731,41.09881],[37.783731,41.098762],[37.783719,41.098677],[37.7837,41.098582],[37.783681,41.09854],[37.783642,41.098497],[37.783621,41.09847],[37.783598,41.09845],[37.783551,41.098415],[37.783513,41.098383],[37.783469,41.098348],[37.783491,41.098328],[37.783517,41.098307],[37.783569,41.098268],[37.783534,41.098212],[37.783468,41.098186],[37.783351,41.098118],[37.783099,41.098043],[37.783003,41.098023],[37.782893,41.098016],[37.782873,41.098147],[37.782786,41.098111],[37.782726,41.098085],[37.782687,41.098065],[37.782644,41.098051],[37.782614,41.098039],[37.782557,41.097997],[37.782526,41.097952],[37.782491,41.097917],[37.782449,41.097868],[37.782415,41.097821],[37.782379,41.097777],[37.78235,41.097744],[37.782317,41.097711],[37.78227,41.097665],[37.782209,41.097617],[37.782185,41.097591],[37.782139,41.097554],[37.782088,41.097505],[37.782054,41.097477],[37.782014,41.097447],[37.781966,41.097417],[37.781915,41.097385],[37.781883,41.097362],[37.78183,41.097329],[37.78182,41.097324],[37.781731,41.097281],[37.781704,41.097274],[37.781688,41.09727],[37.781606,41.097246],[37.781542,41.097231],[37.78147,41.097213],[37.781398,41.097196],[37.781307,41.097175],[37.781232,41.097158],[37.781166,41.097146],[37.781116,41.097127],[37.781064,41.097111],[37.781,41.097066],[37.780983,41.097057],[37.780942,41.097035],[37.780896,41.097017],[37.780844,41.096986],[37.780772,41.096931],[37.780726,41.096892],[37.780697,41.096877],[37.780632,41.096852],[37.780602,41.096837],[37.780559,41.096799],[37.78053,41.096766],[37.780487,41.096695],[37.780441,41.096605],[37.780437,41.096593],[37.780419,41.096537],[37.780416,41.096477],[37.780415,41.096469],[37.780402,41.09637],[37.78039,41.096273],[37.780384,41.096197],[37.780377,41.096129],[37.780372,41.096065],[37.780366,41.096018],[37.780361,41.095995],[37.780358,41.095974],[37.780368,41.095954],[37.780373,41.095892],[37.78037,41.095854],[37.780366,41.095788],[37.780369,41.095665],[37.780367,41.095649],[37.780382,41.095595],[37.780401,41.095427],[37.780399,41.0953],[37.780349,41.095183],[37.78024,41.095131],[37.780245,41.095034],[37.78026,41.094892],[37.78026,41.094884],[37.780262,41.094857],[37.780269,41.094795],[37.780271,41.094752],[37.780275,41.094721],[37.78028,41.094687],[37.78029,41.094617],[37.780292,41.094608],[37.780292,41.094601],[37.780307,41.094512],[37.780336,41.094381],[37.780344,41.09436],[37.780348,41.094334],[37.780354,41.094304],[37.780364,41.094258],[37.780373,41.094209],[37.780392,41.094098],[37.780406,41.094042],[37.780427,41.094002],[37.780439,41.09397],[37.780463,41.093894],[37.780468,41.093867],[37.780488,41.093824],[37.780502,41.093781],[37.780517,41.093736],[37.780533,41.093692],[37.780542,41.093639],[37.780554,41.093603],[37.780557,41.093565],[37.780607,41.09342],[37.780667,41.093237],[37.780688,41.093176],[37.780708,41.093114],[37.78074,41.093015],[37.780774,41.092918],[37.780812,41.092793],[37.780826,41.092784],[37.780837,41.092766],[37.780848,41.09275],[37.780874,41.092719],[37.780911,41.092678],[37.780939,41.09264],[37.780981,41.092594],[37.781002,41.092565],[37.781059,41.092562],[37.781062,41.092497],[37.781057,41.09247],[37.781054,41.092448],[37.781035,41.092394],[37.781025,41.092343],[37.78102,41.092269],[37.781013,41.092216],[37.781016,41.092175],[37.781019,41.092122],[37.781011,41.092089],[37.78102,41.092071],[37.781022,41.092046],[37.781036,41.092009],[37.781052,41.091971],[37.781084,41.091933],[37.781117,41.091906],[37.781151,41.091873],[37.78117,41.091841],[37.781191,41.091807],[37.781202,41.091789],[37.781236,41.091736],[37.781319,41.091746],[37.781377,41.091751],[37.781418,41.091751],[37.781449,41.091695],[37.781475,41.091657],[37.781495,41.09163],[37.781529,41.09158],[37.781509,41.09154],[37.781245,41.091557],[37.781235,41.091582],[37.781219,41.091587],[37.781181,41.09159],[37.781115,41.09158],[37.78103,41.091504],[37.781023,41.091493],[37.781017,41.091487],[37.78094,41.091464],[37.780738,41.091357],[37.780805,41.091349],[37.7808,41.091294],[37.780836,41.0912],[37.780826,41.091146],[37.780764,41.09107],[37.780772,41.091],[37.780813,41.090926],[37.780802,41.090802],[37.780817,41.090779],[37.780863,41.090759],[37.780913,41.090725],[37.780904,41.090648],[37.780861,41.090568],[37.780716,41.090496],[37.780643,41.090491],[37.780486,41.090458],[37.780494,41.090416],[37.780547,41.090102],[37.780654,41.089996],[37.780774,41.089915],[37.780868,41.089876],[37.780998,41.08984],[37.781062,41.089847],[37.781082,41.08986],[37.781122,41.089893],[37.781295,41.089779],[37.781325,41.089715],[37.781317,41.089681],[37.781289,41.089662],[37.781234,41.089646],[37.781221,41.089693],[37.78113,41.089708],[37.781043,41.089682],[37.780892,41.089607],[37.780855,41.089531],[37.780827,41.089439],[37.780838,41.089389],[37.780806,41.089295],[37.780797,41.089266],[37.780811,41.089195],[37.78084,41.089126],[37.780857,41.089051],[37.780822,41.088998],[37.780779,41.089006],[37.780581,41.089041],[37.780543,41.089047],[37.780464,41.089062],[37.780428,41.088957],[37.78039,41.088849],[37.780462,41.088838],[37.780408,41.088677],[37.780417,41.088563],[37.780575,41.088511],[37.780541,41.088382],[37.780539,41.088296],[37.780518,41.088235],[37.780503,41.088161],[37.780499,41.088088],[37.780504,41.088039],[37.780508,41.088018],[37.780522,41.087871],[37.780487,41.087743],[37.780444,41.087572],[37.780458,41.087468],[37.780457,41.08742],[37.780421,41.087363],[37.780378,41.087335],[37.780312,41.087314],[37.780223,41.087242],[37.780191,41.087181],[37.780165,41.087105],[37.780072,41.087008],[37.779997,41.086941],[37.779965,41.086911],[37.779861,41.086793],[37.779768,41.086717],[37.779717,41.086682],[37.779648,41.086634],[37.779612,41.08659],[37.779585,41.086542],[37.779571,41.086488],[37.779567,41.086456],[37.779581,41.086371],[37.779526,41.086235],[37.779399,41.086133],[37.779311,41.086069],[37.779251,41.086011],[37.779188,41.085913],[37.779177,41.085896],[37.779133,41.085754],[37.779112,41.085605],[37.779123,41.085558],[37.779115,41.085533],[37.779077,41.085482],[37.779028,41.085421],[37.778953,41.085368],[37.778786,41.085284],[37.77859,41.085208],[37.778498,41.085167],[37.778413,41.085123],[37.77833,41.085075],[37.778245,41.085013],[37.778177,41.08494],[37.778139,41.084877],[37.778107,41.084773],[37.778065,41.08479],[37.778053,41.084711],[37.778079,41.084611],[37.778072,41.084524],[37.778061,41.08436],[37.778041,41.084173],[37.777981,41.083514],[37.7779,41.082937],[37.77781,41.082239],[37.777722,41.081597],[37.777702,41.081444],[37.777697,41.081405],[37.777711,41.081404],[37.77769,41.081281],[37.777679,41.081265],[37.777666,41.081255],[37.777651,41.081251],[37.777638,41.081251],[37.777622,41.081253],[37.777606,41.081262],[37.777597,41.081278],[37.777597,41.081295],[37.77762,41.081412],[37.777656,41.081409],[37.777659,41.081447],[37.777681,41.081599],[37.777563,41.08161],[37.77765,41.08225],[37.777682,41.08254],[37.777751,41.082949],[37.77779,41.083172],[37.777851,41.083499],[37.777348,41.083502],[37.776238,41.083319],[37.776211,41.083322],[37.776069,41.082973],[37.77628,41.082926],[37.776261,41.082881],[37.776049,41.082929],[37.775948,41.082685],[37.776024,41.082663],[37.775856,41.082276],[37.775879,41.081693],[37.776316,41.081679],[37.776307,41.081611],[37.776393,41.081605],[37.776391,41.081571],[37.77558,41.081622],[37.77558,41.08158],[37.775358,41.081605],[37.775276,41.081615],[37.775108,41.08163],[37.77468,41.081727],[37.774419,41.081879],[37.774302,41.081925],[37.774045,41.08199],[37.773994,41.08201],[37.773885,41.082053],[37.773609,41.082186],[37.773484,41.082281],[37.773426,41.082363],[37.773557,41.082563],[37.773646,41.082663],[37.773793,41.082829],[37.773868,41.082981],[37.773896,41.083129],[37.773879,41.083202],[37.773883,41.083261],[37.773802,41.083407],[37.773669,41.083507],[37.773533,41.083565],[37.773267,41.083723],[37.773197,41.083779],[37.772966,41.084048],[37.772793,41.084154],[37.772577,41.084248],[37.77227,41.084471],[37.772161,41.08461],[37.772043,41.085036],[37.77207,41.085159],[37.771889,41.08531],[37.771947,41.085507],[37.771668,41.085703],[37.771363,41.085816],[37.771118,41.085914],[37.771014,41.085912],[37.770685,41.086013],[37.770647,41.0861],[37.770636,41.086116],[37.770466,41.086361],[37.770324,41.086433],[37.770158,41.086464],[37.76996,41.086532],[37.769815,41.08663],[37.769615,41.086848],[37.769403,41.08705],[37.769073,41.087194],[37.768432,41.087659],[37.768344,41.087778],[37.768302,41.087899],[37.768099,41.08813],[37.767913,41.08831],[37.767792,41.088522],[37.767689,41.088814],[37.767668,41.088846],[37.767611,41.088989],[37.767469,41.08914],[37.767385,41.08924],[37.767268,41.089338],[37.767149,41.089421],[37.767019,41.089532],[37.76693,41.089728],[37.766957,41.089782],[37.766925,41.090107],[37.766981,41.090139],[37.766999,41.090164],[37.766973,41.090224],[37.76696,41.090288],[37.766913,41.090294],[37.766765,41.090443],[37.766736,41.090564],[37.766672,41.090678],[37.766566,41.09073],[37.766352,41.090846],[37.766325,41.09087],[37.766163,41.090944],[37.765966,41.091081],[37.765831,41.091182],[37.765694,41.091182],[37.765653,41.091255],[37.765532,41.091607],[37.765517,41.091852],[37.765449,41.092002],[37.765419,41.092134],[37.765565,41.09223],[37.765456,41.092305],[37.765377,41.092352],[37.765265,41.092505],[37.765143,41.092668],[37.765115,41.092736],[37.764983,41.092899],[37.764915,41.093015],[37.764825,41.093178],[37.764666,41.093288],[37.764479,41.09343],[37.764313,41.09376],[37.764124,41.093811],[37.763967,41.093775],[37.76369,41.094028],[37.763763,41.094112],[37.763791,41.09413],[37.763857,41.094174],[37.7639,41.094289],[37.763978,41.09441],[37.763934,41.09466],[37.764251,41.094693],[37.764508,41.094709],[37.76477,41.09478],[37.764809,41.094821],[37.764936,41.094779],[37.765116,41.094829],[37.76529,41.094997],[37.765583,41.095246],[37.765619,41.095271],[37.766158,41.095392],[37.766184,41.095461],[37.766397,41.095608],[37.766504,41.095655],[37.766722,41.09578],[37.766854,41.095855],[37.767046,41.09593],[37.767597,41.096055],[37.767653,41.095931],[37.767722,41.095791],[37.767818,41.095763],[37.767921,41.095688],[37.767952,41.095563],[37.768125,41.095497],[37.768383,41.095434],[37.768633,41.095446],[37.768864,41.095443],[37.769022,41.095318],[37.769202,41.095437],[37.769372,41.095483],[37.769738,41.095578],[37.769445,41.095858],[37.769278,41.09602],[37.769145,41.096182],[37.769088,41.096426],[37.769298,41.096445],[37.769347,41.096449],[37.769423,41.096386],[37.769564,41.096349],[37.769905,41.096263],[37.770488,41.09611],[37.770588,41.095991],[37.770736,41.096069],[37.770812,41.096237],[37.770822,41.096318],[37.770919,41.096507],[37.770957,41.096579],[37.771117,41.096691],[37.771124,41.096822],[37.771027,41.096911],[37.771,41.096934],[37.770921,41.097031],[37.770885,41.097083],[37.770856,41.097144],[37.770827,41.097206],[37.770705,41.097324],[37.770601,41.097464],[37.770547,41.09755],[37.770457,41.097675],[37.770414,41.097812],[37.770407,41.097869],[37.770419,41.097964],[37.770219,41.098127],[37.770093,41.098222],[37.770454,41.098343],[37.770806,41.098499],[37.77062,41.098698],[37.770523,41.098799],[37.770434,41.098911],[37.770277,41.098974],[37.770123,41.099087],[37.769957,41.099146],[37.769749,41.098887],[37.769615,41.098714],[37.769498,41.098783],[37.769379,41.098807],[37.769152,41.099058],[37.769346,41.099229],[37.769445,41.099329],[37.769508,41.099488],[37.769421,41.09962],[37.769642,41.099823],[37.769735,41.099971],[37.769788,41.100025],[37.769699,41.100084],[37.769526,41.100185],[37.769398,41.100249],[37.769173,41.100327],[37.769018,41.100271],[37.768811,41.100231],[37.768732,41.100302],[37.768581,41.100441],[37.768506,41.100504],[37.768398,41.100517],[37.768069,41.100672],[37.767959,41.100754],[37.767633,41.100661],[37.767349,41.100783],[37.767055,41.100965],[37.766928,41.100978],[37.766766,41.101069],[37.766761,41.101074],[37.766761,41.101074],[37.766601,41.10123],[37.766472,41.101346],[37.766438,41.101476],[37.76646,41.101545],[37.766493,41.101581],[37.766501,41.101588],[37.766586,41.101658],[37.766762,41.101769],[37.766882,41.101837],[37.76698,41.102032],[37.767071,41.102001],[37.767199,41.101936],[37.767426,41.101861],[37.767426,41.101862],[37.767431,41.10186],[37.767444,41.101938],[37.767469,41.102044],[37.767599,41.10224],[37.767643,41.102274],[37.767694,41.10235],[37.767803,41.102348],[37.767956,41.102379],[37.768046,41.102404],[37.76829,41.102429],[37.768251,41.102608],[37.76822,41.102874],[37.768163,41.103004],[37.768128,41.103208],[37.768043,41.103225],[37.768025,41.103295],[37.768188,41.103341],[37.768377,41.103385],[37.768591,41.103467],[37.768965,41.103499],[37.769101,41.103491],[37.769294,41.103529],[37.769471,41.103554],[37.769642,41.103577],[37.769878,41.103616],[37.770273,41.103714],[37.770445,41.103817],[37.770658,41.103997],[37.770931,41.10416],[37.771298,41.104349],[37.771595,41.104569],[37.772071,41.104619],[37.772433,41.104613],[37.772547,41.104583],[37.772907,41.104465],[37.773018,41.104443],[37.773079,41.10444],[37.773111,41.104442],[37.773122,41.104463],[37.773124,41.104497],[37.773137,41.104912],[37.773188,41.105259],[37.773208,41.105296],[37.773249,41.105331],[37.773274,41.10535],[37.773306,41.105394],[37.773356,41.10554],[37.773427,41.105804],[37.773426,41.105874],[37.773253,41.106115],[37.773152,41.106301],[37.773095,41.10643],[37.773093,41.106508],[37.77312,41.10658],[37.773231,41.106805],[37.773273,41.106891],[37.773284,41.107024],[37.773298,41.107141],[37.773318,41.107204],[37.773362,41.107224],[37.773437,41.107235],[37.773481,41.107258],[37.773526,41.107323],[37.773559,41.107381],[37.773618,41.107452],[37.773673,41.107506],[37.773746,41.107551],[37.773839,41.107595],[37.773993,41.10767],[37.774091,41.107738],[37.774494,41.108044],[37.774651,41.108182],[37.774697,41.108265],[37.774721,41.108342],[37.77475,41.108407],[37.774823,41.108465],[37.775113,41.108742],[37.775145,41.108783],[37.775157,41.10887],[37.775312,41.109481],[37.775371,41.109819],[37.775397,41.109879],[37.775463,41.109934],[37.775541,41.109969],[37.775584,41.110001],[37.775609,41.110052],[37.775607,41.110131],[37.775643,41.110423],[37.775667,41.110489],[37.775669,41.110542],[37.775654,41.110603],[37.775589,41.110738],[37.775558,41.110806],[37.775545,41.110851],[37.775565,41.110907],[37.775582,41.110974],[37.775604,41.111035],[37.775608,41.111077],[37.775597,41.111199],[37.775576,41.111286],[37.775575,41.111349],[37.775586,41.111407],[37.775596,41.111489],[37.775583,41.111569],[37.775543,41.111611],[37.775445,41.11175],[37.775379,41.111833],[37.775246,41.112043],[37.775103,41.112273],[37.774998,41.112452],[37.774963,41.112492],[37.774907,41.112512],[37.774776,41.112593],[37.774718,41.112634],[37.774717,41.112692],[37.774739,41.112743],[37.774798,41.112801],[37.775115,41.113021],[37.775183,41.113069],[37.775258,41.113118],[37.775279,41.113091],[37.775367,41.113059],[37.775683,41.112787],[37.776062,41.112555],[37.776337,41.112613],[37.776641,41.112721],[37.777025,41.112929],[37.77751,41.113481],[37.777666,41.11374],[37.777845,41.113822],[37.778015,41.113872],[37.778062,41.114117],[37.778225,41.114181],[37.778508,41.11437],[37.778801,41.114216],[37.778946,41.114252],[37.779279,41.114298],[37.779435,41.114333],[37.779588,41.11442],[37.780005,41.114413],[37.780366,41.114465],[37.780872,41.114413],[37.781197,41.1145],[37.781645,41.114524],[37.782306,41.114661],[37.782483,41.114755],[37.782799,41.114831],[37.783318,41.114991],[37.784457,41.115349],[37.784778,41.115438],[37.785126,41.11565],[37.785513,41.115882],[37.78589,41.116106],[37.786257,41.116187],[37.786542,41.116077],[37.78673,41.115947],[37.786751,41.115851],[37.786767,41.115808],[37.786781,41.115766],[37.786789,41.115729],[37.786792,41.115695],[37.786809,41.115663],[37.786827,41.115638],[37.78685,41.115613],[37.786883,41.115585],[37.786908,41.115559],[37.78693,41.115526],[37.786958,41.115494],[37.78699,41.115468],[37.787016,41.115451],[37.787047,41.115435]]]]}},{"type":"Feature","properties":{"id":"TR-Y-52-017-M-0027","level":"yerlesim","type":"mahalle","parent_id":"TR-D-52-017","province_id":"TR-P-52","district_id":"TR-D-52-017","name":"Kazancılı","source_raw_name":"KAZANCILI","source":"Kamuya açık veri ve kent rehberi servisleri","source_label":"Kamuya açık veri ve kent rehberi servisleri","source_name":"Ordu Büyükşehir Belediyesi Akıllı Şehir Açık Veri Platformu - Mahalleler"},"geometry":{"type":"MultiPolygon","coordinates":[[[[37.618629,41.069545],[37.6189,41.069441],[37.61893,41.069441],[37.619347,41.069415],[37.619422,41.069452],[37.61947,41.069493],[37.619499,41.069507],[37.619584,41.069436],[37.619722,41.069345],[37.619916,41.069233],[37.619952,41.069211],[37.620102,41.069175],[37.620257,41.069138],[37.620532,41.069096],[37.620807,41.069054],[37.620861,41.068992],[37.620998,41.068976],[37.621177,41.068951],[37.6213,41.068921],[37.621314,41.068918],[37.621475,41.068889],[37.621496,41.06889],[37.621522,41.068942],[37.62168,41.068876],[37.621715,41.068795],[37.621799,41.06876],[37.621954,41.068771],[37.622123,41.06873],[37.622218,41.068675],[37.622468,41.06872],[37.622492,41.068786],[37.62254,41.068787],[37.622667,41.068788],[37.622734,41.068749],[37.622764,41.068659],[37.622921,41.068598],[37.622964,41.068526],[37.622979,41.06848],[37.623026,41.068451],[37.622882,41.068172],[37.623007,41.067836],[37.623415,41.067358],[37.623816,41.067069],[37.624107,41.06707],[37.624317,41.067209],[37.624566,41.067163],[37.624717,41.067072],[37.625058,41.066992],[37.625248,41.066928],[37.625465,41.066784],[37.625577,41.066681],[37.625838,41.066653],[37.626084,41.06668],[37.626297,41.066764],[37.626552,41.066774],[37.626573,41.066783],[37.62687,41.066815],[37.626977,41.066747],[37.627069,41.066707],[37.627362,41.06667],[37.627584,41.066628],[37.627701,41.066517],[37.627732,41.066456],[37.627824,41.066253],[37.627903,41.066253],[37.628525,41.066299],[37.628983,41.066358],[37.629,41.066361],[37.629101,41.0664],[37.629154,41.06637],[37.62921,41.066368],[37.629343,41.066368],[37.629536,41.066368],[37.629702,41.066374],[37.629865,41.066379],[37.630235,41.066361],[37.630611,41.066252],[37.630916,41.066157],[37.631006,41.066128],[37.63114,41.066131],[37.631179,41.06613],[37.631361,41.066205],[37.631515,41.066269],[37.632039,41.066424],[37.632071,41.066391],[37.632455,41.066518],[37.632536,41.066538],[37.632821,41.066601],[37.63312,41.066702],[37.633281,41.06677],[37.633492,41.06686],[37.633716,41.066978],[37.633828,41.067197],[37.633881,41.067278],[37.634086,41.06751],[37.634125,41.06755],[37.634204,41.067597],[37.634612,41.067598],[37.635102,41.067596],[37.635231,41.067648],[37.635258,41.067701],[37.635342,41.067711],[37.635471,41.06773],[37.635638,41.067764],[37.635852,41.067724],[37.635991,41.067698],[37.636014,41.067649],[37.636173,41.067569],[37.636548,41.067483],[37.636957,41.067334],[37.636962,41.067312],[37.637398,41.067157],[37.637868,41.067024],[37.638204,41.066918],[37.638376,41.066913],[37.638518,41.067014],[37.638808,41.067132],[37.639006,41.067186],[37.639275,41.067248],[37.63963,41.067251],[37.639805,41.067259],[37.640112,41.067339],[37.640184,41.067191],[37.640242,41.067072],[37.640235,41.067035],[37.640352,41.066687],[37.640443,41.066516],[37.640417,41.06638],[37.640636,41.066074],[37.640786,41.06586],[37.640932,41.065687],[37.64102,41.065523],[37.641106,41.065409],[37.641187,41.065173],[37.641218,41.065054],[37.641248,41.06495],[37.641211,41.064736],[37.641224,41.064713],[37.641351,41.064678],[37.641378,41.064666],[37.641502,41.064456],[37.641105,41.064119],[37.64097,41.06396],[37.641173,41.063889],[37.641478,41.063872],[37.641757,41.063845],[37.641946,41.063843],[37.642186,41.063781],[37.642449,41.063716],[37.64289,41.063649],[37.643353,41.063544],[37.64363,41.063582],[37.643746,41.063567],[37.643964,41.063531],[37.644099,41.063495],[37.64422,41.063494],[37.644889,41.06354],[37.645138,41.063516],[37.645439,41.063538],[37.645606,41.063603],[37.645774,41.063615],[37.645846,41.063617],[37.64601,41.063588],[37.646117,41.063656],[37.646276,41.063805],[37.646402,41.063868],[37.646653,41.063898],[37.646897,41.064025],[37.646957,41.064049],[37.647154,41.064097],[37.647327,41.064163],[37.647453,41.064199],[37.647683,41.064272],[37.648005,41.064402],[37.648301,41.064445],[37.648361,41.064445],[37.648424,41.064464],[37.648482,41.064452],[37.648688,41.064247],[37.648694,41.064154],[37.648859,41.064038],[37.648943,41.063975],[37.64911,41.063946],[37.649259,41.063969],[37.649403,41.063992],[37.649577,41.064056],[37.649732,41.064057],[37.64987,41.064042],[37.649917,41.063934],[37.650017,41.06384],[37.650106,41.063887],[37.650226,41.063932],[37.650367,41.063936],[37.650487,41.063937],[37.650776,41.063894],[37.650867,41.063893],[37.65096,41.0639],[37.651081,41.063873],[37.651371,41.063793],[37.651488,41.063792],[37.651785,41.063732],[37.651965,41.063844],[37.652107,41.063855],[37.652299,41.063842],[37.652366,41.06374],[37.652494,41.063684],[37.652535,41.063705],[37.652633,41.063718],[37.652814,41.063683],[37.652989,41.063646],[37.653197,41.063572],[37.653415,41.063483],[37.653575,41.063438],[37.653727,41.063342],[37.653913,41.063341],[37.654148,41.063274],[37.654468,41.063125],[37.654699,41.063038],[37.654907,41.063013],[37.655082,41.062994],[37.65517,41.062977],[37.655351,41.062888],[37.65557,41.06287],[37.655989,41.062908],[37.656191,41.062934],[37.656286,41.062939],[37.656403,41.062924],[37.656698,41.063014],[37.656736,41.063041],[37.657239,41.062806],[37.65731,41.062789],[37.657447,41.062602],[37.657625,41.062533],[37.65811,41.062273],[37.658163,41.062258],[37.658686,41.062353],[37.658965,41.062412],[37.659151,41.062172],[37.659596,41.061989],[37.659622,41.061984],[37.660191,41.061911],[37.660331,41.062229],[37.660673,41.0621],[37.660919,41.062006],[37.661129,41.062067],[37.661266,41.062107],[37.661321,41.062123],[37.661393,41.062179],[37.661521,41.062188],[37.661799,41.062206],[37.662049,41.062223],[37.66229,41.062248],[37.66241,41.062266],[37.66259,41.062291],[37.662835,41.062333],[37.662984,41.062377],[37.663105,41.062427],[37.663387,41.062409],[37.663495,41.062335],[37.663744,41.062165],[37.663897,41.062061],[37.664046,41.06191],[37.664101,41.061837],[37.664176,41.061798],[37.664284,41.061722],[37.664453,41.061599],[37.664702,41.061544],[37.664963,41.061487],[37.665169,41.061405],[37.665267,41.061293],[37.665412,41.061196],[37.665542,41.061152],[37.665664,41.06114],[37.665878,41.061076],[37.666083,41.061011],[37.666167,41.061009],[37.666445,41.061091],[37.666709,41.061169],[37.666742,41.061122],[37.667044,41.061134],[37.667085,41.061136],[37.667162,41.061089],[37.66721,41.061061],[37.667239,41.061039],[37.667294,41.060998],[37.667307,41.060995],[37.667415,41.060832],[37.667543,41.06067],[37.667562,41.060616],[37.667392,41.060495],[37.667253,41.060359],[37.667346,41.060281],[37.667482,41.060246],[37.667662,41.060161],[37.667903,41.060055],[37.668135,41.059773],[37.668216,41.059441],[37.668276,41.059204],[37.668357,41.05901],[37.668391,41.058953],[37.668416,41.058871],[37.668442,41.058572],[37.668461,41.058299],[37.668419,41.057913],[37.668456,41.057523],[37.668448,41.057417],[37.668451,41.057345],[37.668454,41.05726],[37.668476,41.057167],[37.6685,41.056819],[37.668455,41.056615],[37.668447,41.056545],[37.668388,41.056317],[37.668388,41.0563],[37.667969,41.056313],[37.667603,41.056315],[37.667354,41.056273],[37.667107,41.056166],[37.66682,41.056071],[37.666678,41.05598],[37.666558,41.05589],[37.66628,41.055784],[37.666203,41.055779],[37.666147,41.055757],[37.666,41.055746],[37.665913,41.055688],[37.665851,41.055635],[37.665771,41.055584],[37.66575,41.055575],[37.665625,41.055559],[37.66549,41.055566],[37.665299,41.055583],[37.665106,41.055579],[37.664973,41.05558],[37.664783,41.055578],[37.664766,41.055579],[37.664557,41.055585],[37.664521,41.055585],[37.664326,41.05559],[37.664255,41.055521],[37.664141,41.055397],[37.664015,41.05531],[37.663753,41.055234],[37.663635,41.055197],[37.663465,41.055113],[37.663299,41.055049],[37.663242,41.054886],[37.662991,41.054853],[37.662805,41.054932],[37.662771,41.054871],[37.662635,41.054751],[37.662526,41.054654],[37.662386,41.054607],[37.662262,41.054615],[37.662242,41.054616],[37.662117,41.054664],[37.66213,41.054718],[37.662025,41.054667],[37.661977,41.054635],[37.662004,41.054527],[37.662117,41.054479],[37.662066,41.054419],[37.662326,41.054362],[37.662469,41.054284],[37.66248,41.054282],[37.662495,41.054279],[37.662557,41.054233],[37.66251,41.054141],[37.662499,41.054119],[37.662435,41.053955],[37.662549,41.053667],[37.662625,41.053552],[37.662688,41.053454],[37.662692,41.053415],[37.662691,41.053398],[37.662687,41.053378],[37.662672,41.053341],[37.662647,41.053288],[37.662634,41.053272],[37.662621,41.053262],[37.662597,41.053255],[37.662552,41.053254],[37.662434,41.053259],[37.662389,41.053264],[37.662355,41.053264],[37.662319,41.053262],[37.66225,41.053256],[37.662115,41.053257],[37.66208,41.05326],[37.662033,41.053266],[37.661986,41.053273],[37.661953,41.05328],[37.661911,41.053291],[37.661881,41.0533],[37.661831,41.053315],[37.661791,41.053329],[37.661697,41.053354],[37.66159,41.053386],[37.661448,41.053411],[37.661335,41.053423],[37.661205,41.053439],[37.66108,41.053457],[37.661058,41.053461],[37.661016,41.053463],[37.66097,41.053464],[37.660912,41.053466],[37.660844,41.053459],[37.660782,41.053453],[37.660753,41.053451],[37.660685,41.05344],[37.660653,41.053434],[37.660634,41.05343],[37.66058,41.053416],[37.660535,41.053405],[37.660481,41.05339],[37.660438,41.053376],[37.660373,41.053356],[37.660315,41.053342],[37.66026,41.053333],[37.660084,41.05331],[37.660025,41.053297],[37.659986,41.053288],[37.659939,41.053277],[37.659888,41.053266],[37.659828,41.053249],[37.659746,41.05323],[37.659647,41.053207],[37.659575,41.053191],[37.659424,41.053164],[37.659329,41.053156],[37.659293,41.053151],[37.659232,41.053141],[37.659181,41.053132],[37.659136,41.053122],[37.659107,41.053121],[37.659072,41.053123],[37.659026,41.053123],[37.658973,41.053119],[37.6589,41.0531],[37.65891,41.053148],[37.658909,41.053162],[37.658896,41.053188],[37.658871,41.053217],[37.658671,41.05355],[37.658396,41.053998],[37.658374,41.054036],[37.658364,41.05408],[37.658361,41.054117],[37.658357,41.054149],[37.658347,41.054195],[37.658328,41.054253],[37.658308,41.054285],[37.658282,41.054311],[37.658253,41.05434],[37.658237,41.054348],[37.658197,41.054366],[37.658147,41.054379],[37.658106,41.054384],[37.658034,41.054389],[37.657954,41.054388],[37.657876,41.054375],[37.657849,41.054369],[37.657787,41.054356],[37.657645,41.054305],[37.657501,41.05425],[37.657397,41.054189],[37.657302,41.054117],[37.657199,41.054006],[37.657117,41.053905],[37.657074,41.05385],[37.657026,41.053804],[37.656977,41.053759],[37.656927,41.053704],[37.656884,41.053667],[37.656828,41.05362],[37.656762,41.053561],[37.656652,41.053528],[37.656536,41.05349],[37.656494,41.053464],[37.656448,41.053438],[37.656379,41.053403],[37.656255,41.053354],[37.656198,41.053345],[37.656082,41.053347],[37.655953,41.053357],[37.655845,41.053379],[37.655675,41.053431],[37.655457,41.05349],[37.655195,41.053551],[37.654719,41.053635],[37.654577,41.053663],[37.654489,41.05369],[37.654375,41.053747],[37.654243,41.053819],[37.654206,41.053832],[37.654164,41.053848],[37.654119,41.053858],[37.65405,41.053868],[37.653992,41.053873],[37.653948,41.053877],[37.653899,41.05388],[37.653837,41.053879],[37.653783,41.053876],[37.653739,41.053868],[37.653678,41.053854],[37.653613,41.053837],[37.653566,41.053826],[37.653442,41.053801],[37.65338,41.053784],[37.653307,41.053771],[37.653244,41.053762],[37.653181,41.053745],[37.653051,41.053721],[37.652946,41.05369],[37.652841,41.053655],[37.652792,41.053629],[37.65276,41.053605],[37.65273,41.053575],[37.652694,41.05354],[37.652632,41.053493],[37.652586,41.053461],[37.652516,41.053396],[37.652456,41.053356],[37.652402,41.053321],[37.652359,41.053299],[37.65229,41.053269],[37.652246,41.053267],[37.652181,41.053269],[37.652102,41.053289],[37.652016,41.053313],[37.651869,41.05336],[37.651824,41.053378],[37.65176,41.053404],[37.651705,41.053432],[37.651645,41.053461],[37.651573,41.053494],[37.651484,41.053558],[37.651428,41.053595],[37.651397,41.053607],[37.65137,41.053616],[37.651342,41.053624],[37.65127,41.05363],[37.651211,41.053629],[37.651167,41.053622],[37.651108,41.053614],[37.651088,41.053611],[37.651056,41.053603],[37.651019,41.053594],[37.650984,41.053574],[37.650943,41.053552],[37.650904,41.053532],[37.650878,41.053514],[37.650816,41.053473],[37.650764,41.053424],[37.650712,41.053387],[37.650663,41.053359],[37.650596,41.053327],[37.650516,41.053301],[37.650423,41.053295],[37.650339,41.053296],[37.650223,41.053303],[37.650144,41.053314],[37.650042,41.053337],[37.649948,41.05337],[37.649885,41.053393],[37.649837,41.053417],[37.649788,41.05345],[37.649717,41.053514],[37.649673,41.053562],[37.649643,41.053615],[37.649616,41.05366],[37.649591,41.053725],[37.649574,41.05378],[37.649566,41.053825],[37.649563,41.053876],[37.649563,41.053898],[37.649566,41.053924],[37.649572,41.053949],[37.649589,41.053981],[37.649607,41.053998],[37.649642,41.054016],[37.649669,41.054026],[37.649751,41.054049],[37.649806,41.054068],[37.649841,41.054075],[37.649889,41.054085],[37.649921,41.054109],[37.649924,41.054131],[37.649927,41.054171],[37.649922,41.054204],[37.649918,41.054245],[37.64991,41.05428],[37.649904,41.054316],[37.649898,41.054364],[37.649886,41.054421],[37.649864,41.054464],[37.649843,41.054509],[37.649824,41.054582],[37.649831,41.054638],[37.649838,41.054685],[37.649836,41.054745],[37.649826,41.054804],[37.649782,41.05487],[37.649755,41.054906],[37.649698,41.054951],[37.649619,41.054985],[37.649527,41.05501],[37.649422,41.055026],[37.649296,41.055041],[37.649157,41.05505],[37.649068,41.055051],[37.648798,41.05503],[37.648681,41.055014],[37.648533,41.054981],[37.648403,41.054959],[37.648312,41.054944],[37.648249,41.054925],[37.648134,41.054925],[37.648039,41.054941],[37.647982,41.054949],[37.647924,41.054966],[37.647884,41.055004],[37.647849,41.05507],[37.647789,41.055103],[37.647683,41.055788],[37.647423,41.05672],[37.647199,41.057193],[37.646838,41.057399],[37.64655,41.057598],[37.645934,41.058103],[37.645629,41.059183],[37.645487,41.059247],[37.644042,41.059751],[37.643623,41.059865],[37.643088,41.060112],[37.642807,41.060371],[37.642285,41.060492],[37.642154,41.060543],[37.642017,41.060898],[37.641589,41.06145],[37.64124,41.061855],[37.640632,41.062196],[37.64015,41.062731],[37.639859,41.062703],[37.638934,41.062418],[37.638782,41.062473],[37.638577,41.062946],[37.638423,41.063325],[37.638199,41.063437],[37.63802,41.063459],[37.637907,41.063433],[37.637732,41.06328],[37.637668,41.063234],[37.636845,41.06297],[37.636369,41.062735],[37.636291,41.062759],[37.636147,41.062882],[37.635807,41.062844],[37.635523,41.062695],[37.635182,41.062358],[37.634504,41.061862],[37.634152,41.061496],[37.633335,41.061131],[37.633055,41.061072],[37.632849,41.061047],[37.63265,41.06107],[37.632382,41.061266],[37.631844,41.061664],[37.63154,41.061984],[37.631211,41.062167],[37.630691,41.062206],[37.630071,41.06212],[37.62978,41.062201],[37.629573,41.062497],[37.629493,41.062576],[37.629281,41.062623],[37.628716,41.06261],[37.627404,41.062633],[37.626412,41.062738],[37.625701,41.062836],[37.625267,41.063034],[37.62493,41.063083],[37.624056,41.063101],[37.623587,41.063173],[37.622943,41.063321],[37.622559,41.063445],[37.622281,41.063661],[37.62219,41.064012],[37.622341,41.064286],[37.622781,41.064568],[37.622977,41.064779],[37.622864,41.064892],[37.622638,41.064974],[37.622197,41.064983],[37.621511,41.064665],[37.621105,41.064546],[37.620631,41.064544],[37.620282,41.064587],[37.620015,41.064781],[37.619894,41.065017],[37.619831,41.06544],[37.619823,41.065835],[37.619736,41.06595],[37.619511,41.065987],[37.619251,41.0659],[37.619045,41.065756],[37.617943,41.065165],[37.617752,41.065108],[37.617631,41.065106],[37.617418,41.065177],[37.617167,41.065408],[37.616769,41.065808],[37.616521,41.06617],[37.616258,41.066441],[37.61603,41.066508],[37.61589,41.06648],[37.615746,41.066343],[37.615839,41.065961],[37.615674,41.066009],[37.615556,41.066024],[37.615411,41.066218],[37.615499,41.066484],[37.615623,41.066702],[37.615813,41.066951],[37.616131,41.067215],[37.616468,41.067344],[37.616682,41.067427],[37.617151,41.067788],[37.617308,41.067771],[37.617321,41.067958],[37.617698,41.068157],[37.618188,41.068556],[37.618348,41.068685],[37.618428,41.069539],[37.618594,41.069559],[37.618629,41.069545]]]]}},{"type":"Feature","properties":{"id":"TR-Y-52-017-M-0028","level":"yerlesim","type":"mahalle","parent_id":"TR-D-52-017","province_id":"TR-P-52","district_id":"TR-D-52-017","name":"Kırlı","source_raw_name":"KIRLI","source":"Kamuya açık veri ve kent rehberi servisleri","source_label":"Kamuya açık veri ve kent rehberi servisleri","source_name":"Ordu Büyükşehir Belediyesi Akıllı Şehir Açık Veri Platformu - Mahalleler"},"geometry":{"type":"MultiPolygon","coordinates":[[[[37.693268,41.008609],[37.693197,41.008461],[37.693366,41.008276],[37.693383,41.008257],[37.693322,41.008156],[37.693267,41.007861],[37.693318,41.007803],[37.693386,41.007747],[37.693421,41.007553],[37.693391,41.0074],[37.693478,41.007193],[37.693502,41.007159],[37.693878,41.006952],[37.693733,41.006834],[37.693656,41.006752],[37.693647,41.006728],[37.69369,41.006689],[37.693832,41.00668],[37.694082,41.006593],[37.694133,41.006415],[37.694147,41.006272],[37.694143,41.006217],[37.694014,41.006116],[37.694075,41.005972],[37.694215,41.005936],[37.694448,41.005993],[37.694719,41.005997],[37.694897,41.005724],[37.695115,41.005571],[37.695489,41.005586],[37.695715,41.005476],[37.696205,41.005334],[37.696414,41.005312],[37.696519,41.005376],[37.697013,41.005215],[37.697527,41.005078],[37.697986,41.004955],[37.698177,41.004831],[37.698282,41.004798],[37.698415,41.004737],[37.69855,41.0047],[37.698792,41.004686],[37.698961,41.004724],[37.699248,41.004759],[37.699495,41.004714],[37.699903,41.004561],[37.700281,41.004577],[37.700461,41.004506],[37.700804,41.00445],[37.701393,41.004187],[37.701829,41.0042],[37.702008,41.004228],[37.702238,41.004227],[37.702613,41.004374],[37.702985,41.004501],[37.703211,41.004487],[37.703322,41.004489],[37.703678,41.004459],[37.703844,41.004477],[37.70399,41.004519],[37.704313,41.004649],[37.704422,41.004801],[37.704543,41.00489],[37.704752,41.004976],[37.705037,41.004964],[37.705326,41.004952],[37.705608,41.005039],[37.705723,41.005164],[37.705725,41.005179],[37.705761,41.00531],[37.706015,41.005244],[37.706366,41.005146],[37.70657,41.004939],[37.706657,41.004706],[37.706819,41.004589],[37.707069,41.004302],[37.707262,41.004176],[37.707417,41.00418],[37.707562,41.00413],[37.707618,41.004024],[37.707687,41.003791],[37.70775,41.003527],[37.708001,41.003402],[37.708212,41.003338],[37.70826,41.003279],[37.708255,41.003269],[37.708252,41.003262],[37.708256,41.003261],[37.708188,41.003071],[37.708128,41.002667],[37.707953,41.002417],[37.707959,41.002309],[37.707818,41.002161],[37.707858,41.002034],[37.707812,41.001952],[37.707693,41.001856],[37.707649,41.001789],[37.707675,41.001447],[37.707771,41.001197],[37.707774,41.000982],[37.707765,41.000885],[37.70776,41.000885],[37.707806,41.000829],[37.707853,41.000653],[37.707943,41.000499],[37.707783,41.000444],[37.707498,41.00047],[37.707207,41.000449],[37.707055,41.000188],[37.707019,41.000058],[37.70707,40.999997],[37.707081,40.999981],[37.707167,40.999794],[37.70719,40.999728],[37.707128,40.999425],[37.70715,40.999324],[37.707257,40.999221],[37.707311,40.999182],[37.707512,40.999129],[37.707864,40.999006],[37.707789,40.998954],[37.707847,40.998903],[37.707896,40.998765],[37.707618,40.99873],[37.707427,40.998702],[37.707339,40.998669],[37.707164,40.998587],[37.706436,40.99835],[37.706442,40.998317],[37.706461,40.998295],[37.706572,40.998289],[37.706645,40.998286],[37.706664,40.998258],[37.706739,40.998135],[37.706782,40.998037],[37.70681,40.997981],[37.706771,40.99796],[37.706678,40.997938],[37.706399,40.997844],[37.706298,40.997784],[37.706298,40.997701],[37.706253,40.997539],[37.706224,40.997392],[37.706227,40.997331],[37.706294,40.997084],[37.706326,40.997042],[37.706473,40.99694],[37.706501,40.996933],[37.706521,40.996918],[37.706557,40.996835],[37.70657,40.996812],[37.706585,40.996808],[37.706607,40.9968],[37.706614,40.996788],[37.706382,40.996421],[37.706342,40.996398],[37.706245,40.996325],[37.706239,40.996294],[37.706264,40.996113],[37.706264,40.995894],[37.706258,40.99586],[37.706247,40.995822],[37.70614,40.995583],[37.70584,40.995348],[37.705594,40.995182],[37.705575,40.995155],[37.70558,40.995129],[37.70563,40.995117],[37.706093,40.994929],[37.706352,40.994838],[37.706403,40.994832],[37.706618,40.994826],[37.706743,40.994819],[37.706843,40.994812],[37.706848,40.994803],[37.706843,40.994788],[37.706733,40.994655],[37.706678,40.994603],[37.70666,40.994568],[37.706646,40.99453],[37.706682,40.994455],[37.706769,40.994329],[37.706913,40.994168],[37.70704,40.994019],[37.707076,40.993982],[37.707095,40.993981],[37.707114,40.99398],[37.707166,40.993979],[37.707194,40.99398],[37.707214,40.993981],[37.707271,40.993986],[37.707803,40.994018],[37.707896,40.994067],[37.708016,40.993969],[37.708233,40.993783],[37.708231,40.993772],[37.708228,40.993742],[37.708208,40.993634],[37.708208,40.993633],[37.708366,40.993492],[37.708483,40.9934],[37.708619,40.993272],[37.708926,40.992997],[37.709098,40.992838],[37.709155,40.992804],[37.70929,40.992747],[37.70939,40.992708],[37.709616,40.992709],[37.709799,40.992682],[37.710014,40.992532],[37.710084,40.992523],[37.710144,40.991696],[37.710264,40.991325],[37.710217,40.991262],[37.710403,40.99111],[37.710438,40.991088],[37.710569,40.991032],[37.710596,40.991028],[37.710711,40.991017],[37.710865,40.991],[37.711023,40.990972],[37.711215,40.99094],[37.711283,40.990929],[37.711395,40.990896],[37.711781,40.990703],[37.71196,40.990592],[37.712154,40.990423],[37.712349,40.990249],[37.71245,40.9902],[37.712595,40.990125],[37.713321,40.989865],[37.714256,40.989551],[37.71445,40.989529],[37.714769,40.989512],[37.714858,40.989514],[37.715162,40.989462],[37.715581,40.989406],[37.715635,40.989397],[37.715808,40.989341],[37.715967,40.989339],[37.716282,40.989442],[37.716384,40.989432],[37.716653,40.989554],[37.716745,40.989618],[37.716813,40.989587],[37.71685,40.989586],[37.71696,40.98939],[37.717217,40.989393],[37.717354,40.989273],[37.717377,40.989251],[37.717663,40.988989],[37.717681,40.988976],[37.71776,40.988906],[37.717898,40.988712],[37.717897,40.988697],[37.718051,40.988703],[37.718412,40.988578],[37.718552,40.988492],[37.718666,40.98842],[37.718831,40.98833],[37.719004,40.988237],[37.719139,40.988124],[37.719227,40.988055],[37.71932,40.987892],[37.719114,40.987734],[37.719344,40.987457],[37.719358,40.987365],[37.719363,40.987362],[37.719629,40.98734],[37.719646,40.987322],[37.720006,40.987257],[37.720058,40.987253],[37.720287,40.987336],[37.720328,40.987349],[37.72036,40.987349],[37.720581,40.987292],[37.720775,40.987268],[37.72093,40.987245],[37.721042,40.987231],[37.72149,40.987086],[37.721639,40.987049],[37.721851,40.986989],[37.722216,40.98688],[37.722433,40.986812],[37.722632,40.986766],[37.722807,40.986709],[37.722869,40.986679],[37.723042,40.986616],[37.723246,40.986572],[37.723304,40.986558],[37.723263,40.986467],[37.723187,40.986299],[37.723115,40.986141],[37.723113,40.986131],[37.723112,40.986122],[37.723365,40.986129],[37.723625,40.985967],[37.723796,40.98588],[37.723804,40.985903],[37.723979,40.985831],[37.723994,40.985847],[37.724483,40.985722],[37.724634,40.985636],[37.724809,40.98552],[37.725076,40.985341],[37.725639,40.985131],[37.726068,40.985017],[37.726076,40.985011],[37.726147,40.984973],[37.726325,40.984884],[37.726433,40.984781],[37.72696,40.984222],[37.727281,40.983894],[37.727345,40.983848],[37.727468,40.983811],[37.727593,40.983799],[37.728132,40.983814],[37.728259,40.98381],[37.728848,40.983748],[37.728973,40.983732],[37.729516,40.98363],[37.730107,40.983541],[37.731025,40.983446],[37.73159,40.983386],[37.731891,40.983372],[37.732594,40.98336],[37.732843,40.983372],[37.733063,40.98336],[37.73365,40.983292],[37.734006,40.983254],[37.734183,40.98325],[37.73441,40.983255],[37.734492,40.983247],[37.734726,40.983208],[37.73499,40.983199],[37.735256,40.983216],[37.735357,40.983219],[37.735706,40.983195],[37.735779,40.98318],[37.735945,40.98313],[37.736339,40.983004],[37.736682,40.98291],[37.736813,40.982847],[37.736885,40.982793],[37.736951,40.98269],[37.737026,40.98261],[37.737319,40.982366],[37.737588,40.982163],[37.737827,40.982027],[37.737903,40.981989],[37.737944,40.981902],[37.737967,40.981758],[37.73794,40.981684],[37.737889,40.981635],[37.737882,40.981573],[37.737935,40.981481],[37.737954,40.981474],[37.738004,40.981196],[37.737994,40.980976],[37.737951,40.980769],[37.737969,40.980699],[37.73802,40.980616],[37.738078,40.980524],[37.738262,40.980201],[37.738115,40.980018],[37.737898,40.979663],[37.737856,40.979626],[37.737722,40.979281],[37.737618,40.979067],[37.737548,40.978992],[37.737522,40.978964],[37.737385,40.978783],[37.737218,40.978558],[37.737075,40.978415],[37.736802,40.97842],[37.735656,40.97808],[37.735186,40.977921],[37.734903,40.977737],[37.733953,40.97767],[37.733234,40.9776],[37.732915,40.977471],[37.732763,40.977239],[37.732626,40.977142],[37.732291,40.976971],[37.731941,40.976849],[37.73175,40.97686],[37.731599,40.976998],[37.731275,40.977241],[37.730944,40.977247],[37.73074,40.977126],[37.73057,40.976859],[37.730319,40.976621],[37.730055,40.976388],[37.729856,40.976262],[37.729697,40.976252],[37.729416,40.976164],[37.729173,40.976006],[37.72843,40.975987],[37.728177,40.975773],[37.727994,40.975689],[37.727696,40.975617],[37.727491,40.975366],[37.727197,40.975127],[37.726947,40.974966],[37.726643,40.974965],[37.726471,40.97502],[37.7262,40.97522],[37.725851,40.975348],[37.725657,40.975433],[37.725381,40.975686],[37.724937,40.976037],[37.724612,40.976617],[37.724271,40.977458],[37.724379,40.977797],[37.724297,40.977987],[37.723687,40.978441],[37.723167,40.978809],[37.722732,40.979349],[37.722255,40.979747],[37.721876,40.979942],[37.721172,40.980133],[37.720632,40.98028],[37.720215,40.98055],[37.719727,40.980886],[37.719298,40.981369],[37.719136,40.981512],[37.718394,40.981851],[37.717968,40.982136],[37.717547,40.982526],[37.717366,40.982804],[37.717362,40.983036],[37.717547,40.983484],[37.717545,40.984242],[37.717441,40.984402],[37.717239,40.984522],[37.716833,40.984523],[37.716374,40.984608],[37.714205,40.984569],[37.71314,40.984391],[37.712353,40.984326],[37.711738,40.984428],[37.71156,40.984488],[37.711218,40.984349],[37.711162,40.984301],[37.711022,40.984295],[37.711005,40.984245],[37.710894,40.984167],[37.710796,40.984136],[37.710689,40.984026],[37.710472,40.984038],[37.710387,40.98401],[37.710368,40.983977],[37.710361,40.983956],[37.710389,40.983764],[37.710419,40.983575],[37.71008,40.983289],[37.710056,40.983227],[37.71007,40.983177],[37.709998,40.983029],[37.709977,40.982942],[37.709867,40.98301],[37.709742,40.983014],[37.709548,40.982961],[37.70947,40.982961],[37.709461,40.982919],[37.709325,40.982877],[37.709144,40.982744],[37.709023,40.982521],[37.708988,40.982423],[37.708983,40.982213],[37.708947,40.982248],[37.70848,40.98236],[37.708347,40.982371],[37.70799,40.982475],[37.707858,40.982478],[37.707854,40.982474],[37.708037,40.982281],[37.707973,40.982128],[37.707876,40.981968],[37.70773,40.981699],[37.707521,40.98142],[37.707333,40.981279],[37.707164,40.981157],[37.707127,40.98109],[37.707153,40.980867],[37.706868,40.980491],[37.706674,40.980446],[37.706577,40.980298],[37.706487,40.980154],[37.706395,40.980006],[37.706393,40.979757],[37.706392,40.979617],[37.706216,40.979223],[37.706225,40.979016],[37.706556,40.978614],[37.706739,40.978454],[37.706615,40.978486],[37.70664,40.97838],[37.706728,40.978354],[37.70687,40.977787],[37.707345,40.977185],[37.707276,40.977137],[37.707115,40.977157],[37.706795,40.977111],[37.706782,40.976972],[37.706648,40.976804],[37.706849,40.976594],[37.707237,40.976226],[37.7075,40.975899],[37.70738,40.975899],[37.707105,40.975695],[37.706993,40.975623],[37.706575,40.975574],[37.706304,40.975383],[37.705987,40.97502],[37.705744,40.974747],[37.705273,40.97426],[37.704978,40.974399],[37.704789,40.974601],[37.704672,40.974868],[37.704361,40.975134],[37.704013,40.975444],[37.703528,40.975893],[37.703073,40.976002],[37.703077,40.976037],[37.702951,40.976002],[37.702949,40.975976],[37.70286,40.975666],[37.702876,40.975329],[37.702771,40.97536],[37.702606,40.975726],[37.702518,40.975722],[37.702148,40.975605],[37.701651,40.975297],[37.701658,40.975226],[37.701576,40.975178],[37.701031,40.974754],[37.700672,40.974614],[37.700203,40.974401],[37.699844,40.974256],[37.699626,40.974274],[37.699525,40.974225],[37.699404,40.974161],[37.699336,40.974297],[37.699273,40.974275],[37.699086,40.974278],[37.698985,40.974282],[37.698912,40.974291],[37.698857,40.974341],[37.698125,40.974764],[37.697482,40.975062],[37.697775,40.975448],[37.69778,40.975676],[37.697721,40.976211],[37.697371,40.976779],[37.69724,40.976901],[37.696845,40.977478],[37.696507,40.977958],[37.696108,40.97795],[37.695947,40.977842],[37.695794,40.977807],[37.695431,40.977529],[37.694937,40.977204],[37.694741,40.976889],[37.694689,40.976064],[37.694577,40.975936],[37.694237,40.975758],[37.693797,40.975592],[37.693543,40.975549],[37.692726,40.975216],[37.691848,40.974823],[37.691381,40.974747],[37.690964,40.974225],[37.689962,40.973779],[37.689738,40.973757],[37.689538,40.973597],[37.689474,40.973418],[37.689141,40.97317],[37.688741,40.973106],[37.688304,40.972781],[37.688056,40.972443],[37.688189,40.97201],[37.688544,40.971437],[37.688724,40.97106],[37.689042,40.970776],[37.689197,40.970051],[37.689161,40.969766],[37.68823,40.968654],[37.688271,40.968422],[37.688583,40.967835],[37.688587,40.967821],[37.688697,40.967432],[37.688338,40.967096],[37.68785,40.966747],[37.687686,40.966615],[37.687285,40.966288],[37.686878,40.965921],[37.6867,40.965834],[37.686864,40.965696],[37.686381,40.965376],[37.685545,40.965142],[37.685335,40.965041],[37.685091,40.964547],[37.684798,40.963456],[37.68424,40.963087],[37.68414,40.962761],[37.683385,40.962444],[37.683239,40.962508],[37.68314,40.962419],[37.682646,40.961633],[37.6825,40.961518],[37.681371,40.960329],[37.681103,40.960202],[37.680831,40.959851],[37.680681,40.960028],[37.680786,40.961124],[37.680654,40.961937],[37.680614,40.962034],[37.680607,40.962086],[37.680582,40.962133],[37.68045,40.96242],[37.680318,40.962691],[37.680254,40.962937],[37.680155,40.963081],[37.680079,40.963268],[37.680015,40.963404],[37.6799,40.963592],[37.679867,40.963656],[37.679738,40.963865],[37.679631,40.964016],[37.679559,40.964062],[37.679277,40.964238],[37.678851,40.964475],[37.678593,40.9647],[37.6783,40.964918],[37.6781,40.965265],[37.677929,40.965549],[37.677802,40.965685],[37.677618,40.96583],[37.677397,40.96598],[37.677237,40.966119],[37.676985,40.966221],[37.676718,40.966343],[37.676657,40.966356],[37.676635,40.966373],[37.67658,40.966595],[37.676438,40.967038],[37.676405,40.967128],[37.676388,40.967239],[37.676413,40.96736],[37.676445,40.967656],[37.676515,40.967761],[37.676581,40.967846],[37.67673,40.967979],[37.676782,40.96804],[37.676916,40.96829],[37.677054,40.968553],[37.677087,40.968677],[37.677155,40.96895],[37.677224,40.969161],[37.6773,40.96932],[37.677359,40.969454],[37.677415,40.969619],[37.67743,40.969724],[37.677443,40.969831],[37.677408,40.969958],[37.677343,40.970298],[37.677313,40.970592],[37.677231,40.970862],[37.677037,40.971312],[37.676784,40.971784],[37.676514,40.972186],[37.676228,40.972533],[37.676078,40.972696],[37.675997,40.97292],[37.675983,40.973058],[37.675991,40.9732],[37.676008,40.973535],[37.675941,40.973548],[37.675759,40.973741],[37.675626,40.973918],[37.67546,40.974342],[37.675335,40.974604],[37.675312,40.974636],[37.675409,40.974712],[37.675952,40.974908],[37.676315,40.975057],[37.676785,40.975438],[37.676929,40.975415],[37.677144,40.975625],[37.677352,40.975883],[37.677472,40.975982],[37.677554,40.976134],[37.677624,40.976235],[37.677713,40.976288],[37.677742,40.976337],[37.677981,40.976588],[37.678157,40.976699],[37.678815,40.977043],[37.680508,40.978034],[37.680784,40.978439],[37.681077,40.978581],[37.681913,40.978771],[37.68211,40.979007],[37.682264,40.979215],[37.682416,40.979331],[37.683188,40.980164],[37.683373,40.980334],[37.683376,40.980427],[37.683373,40.980512],[37.683246,40.980482],[37.68316,40.98061],[37.683069,40.980765],[37.68297,40.980856],[37.682949,40.980898],[37.682975,40.980993],[37.683069,40.981145],[37.68307,40.981295],[37.68293,40.981422],[37.68296,40.98157],[37.683032,40.981849],[37.682964,40.982147],[37.683062,40.982165],[37.683006,40.982305],[37.682999,40.98232],[37.682997,40.982406],[37.68261,40.982592],[37.682199,40.982696],[37.682576,40.983336],[37.682624,40.983417],[37.682457,40.9845],[37.68214,40.985826],[37.6824,40.987427],[37.682596,40.987562],[37.682898,40.987648],[37.682995,40.987524],[37.683152,40.987399],[37.683223,40.987394],[37.683306,40.987494],[37.6833,40.987614],[37.683357,40.987693],[37.683304,40.987836],[37.683144,40.987966],[37.683131,40.987998],[37.683046,40.988201],[37.682954,40.988263],[37.682878,40.988313],[37.682878,40.988313],[37.682871,40.988318],[37.682986,40.988515],[37.683007,40.988562],[37.683073,40.988706],[37.68309,40.98877],[37.683175,40.988894],[37.683395,40.989071],[37.683583,40.98937],[37.683542,40.989453],[37.683511,40.989509],[37.683366,40.989615],[37.683366,40.989618],[37.683361,40.989621],[37.683349,40.989747],[37.683422,40.989842],[37.683523,40.989989],[37.68356,40.990289],[37.683568,40.990353],[37.683517,40.990443],[37.683523,40.99052],[37.683523,40.99052],[37.683523,40.990524],[37.683598,40.990654],[37.683593,40.990885],[37.683821,40.991363],[37.683935,40.99141],[37.684012,40.991489],[37.684192,40.991508],[37.684407,40.991567],[37.684815,40.991685],[37.684997,40.991804],[37.685274,40.991947],[37.685579,40.992072],[37.685635,40.992105],[37.685603,40.992183],[37.685745,40.992241],[37.685928,40.99221],[37.686171,40.992236],[37.686328,40.992247],[37.686507,40.992242],[37.686619,40.992287],[37.686709,40.992307],[37.686729,40.992421],[37.686397,40.992814],[37.686355,40.99294],[37.686377,40.993107],[37.686415,40.993251],[37.686388,40.993514],[37.686303,40.993712],[37.685974,40.994266],[37.686004,40.994292],[37.686247,40.994859],[37.686332,40.99498],[37.686498,40.995209],[37.686669,40.995526],[37.68696,40.995872],[37.687044,40.996037],[37.687204,40.996354],[37.687238,40.996421],[37.687335,40.9965],[37.687352,40.996547],[37.687347,40.99657],[37.687363,40.996785],[37.687364,40.996835],[37.687457,40.996867],[37.687506,40.996901],[37.68748,40.997006],[37.68747,40.997162],[37.687606,40.997476],[37.687642,40.997564],[37.687682,40.997692],[37.687745,40.997861],[37.687706,40.998001],[37.687684,40.998086],[37.68754,40.998248],[37.687343,40.998294],[37.687194,40.998391],[37.687032,40.998475],[37.686763,40.998517],[37.686587,40.998656],[37.686578,40.998661],[37.686577,40.998664],[37.686573,40.998667],[37.686508,40.998844],[37.686459,40.998974],[37.686444,40.999033],[37.686422,40.999153],[37.686466,40.999157],[37.686464,40.999258],[37.68646,40.999301],[37.686435,40.999518],[37.686425,40.999594],[37.686322,40.999729],[37.686194,40.999912],[37.68598,41.000044],[37.685902,41.000107],[37.685891,41.000114],[37.685859,41.000107],[37.685826,41.000141],[37.685775,41.000176],[37.685641,41.000234],[37.685544,41.000253],[37.685522,41.000259],[37.68538,41.000287],[37.685202,41.000292],[37.685152,41.000309],[37.685017,41.000346],[37.684901,41.000388],[37.68486,41.000399],[37.684787,41.000418],[37.68466,41.00045],[37.684552,41.000478],[37.684439,41.000532],[37.684372,41.000585],[37.684337,41.000604],[37.684283,41.000633],[37.684101,41.000673],[37.683867,41.000773],[37.683808,41.000798],[37.683477,41.000796],[37.683367,41.000821],[37.683365,41.000822],[37.683359,41.000823],[37.683342,41.000837],[37.68321,41.00094],[37.683156,41.000984],[37.683109,41.001031],[37.68307,41.001101],[37.683075,41.001174],[37.683076,41.001273],[37.683091,41.001292],[37.68311,41.001301],[37.683152,41.001297],[37.683164,41.001294],[37.683176,41.001297],[37.683136,41.001359],[37.683119,41.001435],[37.683119,41.001575],[37.683114,41.001674],[37.683118,41.001684],[37.683137,41.00174],[37.683176,41.001849],[37.683188,41.001965],[37.683183,41.001999],[37.683137,41.002116],[37.683086,41.002245],[37.683051,41.00232],[37.68296,41.002464],[37.682822,41.002647],[37.682735,41.002739],[37.682683,41.002773],[37.682631,41.002828],[37.682602,41.002867],[37.682612,41.002882],[37.682556,41.003017],[37.682547,41.003064],[37.682496,41.00316],[37.682401,41.003319],[37.682368,41.003339],[37.682353,41.003341],[37.682298,41.003396],[37.682207,41.003541],[37.682034,41.003781],[37.681858,41.003875],[37.681543,41.003991],[37.681512,41.003987],[37.6815,41.003998],[37.68133,41.004098],[37.681299,41.004105],[37.681185,41.004144],[37.68107,41.004178],[37.680974,41.004228],[37.680908,41.004307],[37.680757,41.004396],[37.680711,41.0044],[37.680401,41.004529],[37.680298,41.004578],[37.680249,41.004605],[37.680167,41.00465],[37.680117,41.004724],[37.680047,41.004822],[37.679942,41.004982],[37.679908,41.005033],[37.67969,41.005308],[37.679592,41.005505],[37.679565,41.005553],[37.679323,41.005625],[37.679247,41.005691],[37.679189,41.005771],[37.679109,41.005873],[37.679015,41.006098],[37.679226,41.006274],[37.679381,41.006377],[37.679623,41.00644],[37.679777,41.006528],[37.679961,41.006575],[37.680135,41.006613],[37.680374,41.006644],[37.680459,41.006673],[37.68055,41.006648],[37.680616,41.006697],[37.680786,41.006743],[37.680917,41.006769],[37.681136,41.006794],[37.681252,41.006809],[37.681385,41.006815],[37.681528,41.006861],[37.681639,41.006885],[37.681798,41.00708],[37.681903,41.007186],[37.68183,41.00697],[37.681928,41.00698],[37.682044,41.00703],[37.682332,41.0071],[37.682427,41.007094],[37.682815,41.007062],[37.683068,41.007155],[37.683195,41.007167],[37.683687,41.007264],[37.683773,41.007339],[37.683847,41.007441],[37.683892,41.007488],[37.683991,41.007481],[37.684149,41.00755],[37.684275,41.0076],[37.684365,41.007726],[37.684592,41.007863],[37.684803,41.008013],[37.685134,41.008472],[37.685162,41.008473],[37.685684,41.008478],[37.685928,41.00841],[37.685959,41.008319],[37.686247,41.008169],[37.686442,41.008043],[37.686522,41.007991],[37.686833,41.007762],[37.687077,41.007813],[37.687404,41.00785],[37.687415,41.007874],[37.687782,41.007979],[37.687803,41.008027],[37.688282,41.008013],[37.688412,41.008059],[37.688895,41.008078],[37.688999,41.008166],[37.689154,41.008261],[37.689475,41.008353],[37.689793,41.00852],[37.690067,41.008658],[37.690681,41.008499],[37.690814,41.008555],[37.691088,41.008608],[37.691185,41.008723],[37.691614,41.00886],[37.691967,41.008976],[37.692137,41.009126],[37.692473,41.009399],[37.692493,41.009413],[37.692956,41.009367],[37.693191,41.009293],[37.693295,41.00895],[37.693268,41.008609]]]]}},{"type":"Feature","properties":{"id":"TR-Y-52-017-M-0029","level":"yerlesim","type":"mahalle","parent_id":"TR-D-52-017","province_id":"TR-P-52","district_id":"TR-D-52-017","name":"Kovanlı","source_raw_name":"KOVANLI","source":"Kamuya açık veri ve kent rehberi servisleri","source_label":"Kamuya açık veri ve kent rehberi servisleri","source_name":"Ordu Büyükşehir Belediyesi Akıllı Şehir Açık Veri Platformu - Mahalleler"},"geometry":{"type":"MultiPolygon","coordinates":[[[[37.658077,41.117554],[37.658298,41.117365],[37.658568,41.11717],[37.658684,41.117024],[37.658768,41.116938],[37.659029,41.116911],[37.659205,41.116835],[37.659681,41.116752],[37.660094,41.116611],[37.660144,41.116541],[37.660213,41.116527],[37.66033,41.116455],[37.660613,41.116391],[37.660837,41.116352],[37.660983,41.116254],[37.661047,41.116148],[37.661033,41.116123],[37.661028,41.115982],[37.661195,41.115901],[37.661214,41.11586],[37.661302,41.115794],[37.661346,41.115737],[37.661467,41.115695],[37.661525,41.115633],[37.661643,41.115567],[37.661668,41.115586],[37.66175,41.115505],[37.661891,41.115487],[37.661895,41.11533],[37.661887,41.115304],[37.662073,41.115292],[37.662131,41.115308],[37.662229,41.115361],[37.662452,41.115389],[37.662627,41.115309],[37.662726,41.115283],[37.662905,41.115264],[37.662955,41.11517],[37.663119,41.115151],[37.663214,41.11518],[37.663498,41.115039],[37.663581,41.114856],[37.663693,41.114766],[37.663712,41.114743],[37.663927,41.114615],[37.663997,41.114542],[37.664174,41.114437],[37.664287,41.114413],[37.6643,41.114369],[37.664328,41.114328],[37.664394,41.114179],[37.664521,41.113872],[37.664543,41.11378],[37.664499,41.113675],[37.66453,41.113519],[37.664611,41.113451],[37.664623,41.113393],[37.664668,41.113392],[37.664862,41.113312],[37.664996,41.113317],[37.665255,41.113247],[37.6653,41.11319],[37.665363,41.113049],[37.665362,41.112944],[37.665581,41.112791],[37.665813,41.112841],[37.665965,41.112767],[37.665992,41.112767],[37.666095,41.112685],[37.666143,41.112595],[37.666188,41.112455],[37.666258,41.112293],[37.666247,41.112207],[37.6659,41.112088],[37.665894,41.112035],[37.665899,41.111852],[37.665993,41.11174],[37.66612,41.111738],[37.66623,41.1117],[37.66625,41.111521],[37.666219,41.111459],[37.666196,41.111399],[37.666257,41.111275],[37.666412,41.111153],[37.666494,41.111053],[37.666669,41.110974],[37.6668,41.110828],[37.666992,41.110817],[37.667144,41.110728],[37.667428,41.110693],[37.667476,41.110663],[37.667658,41.110604],[37.667771,41.1105],[37.667841,41.110398],[37.668248,41.110433],[37.668458,41.110402],[37.668541,41.110428],[37.668577,41.110444],[37.668767,41.110424],[37.668907,41.110422],[37.669093,41.110489],[37.66919,41.110451],[37.669336,41.110392],[37.669351,41.110356],[37.669501,41.110298],[37.669587,41.110234],[37.669608,41.110214],[37.669666,41.110219],[37.669768,41.110213],[37.669918,41.110076],[37.669983,41.110073],[37.670098,41.110067],[37.670142,41.110064],[37.67023,41.109951],[37.670266,41.109902],[37.670326,41.109871],[37.670505,41.109805],[37.67058,41.109698],[37.670712,41.109645],[37.670812,41.109626],[37.670859,41.109598],[37.670959,41.109442],[37.671059,41.109292],[37.671123,41.109198],[37.671149,41.109069],[37.67113,41.109016],[37.671198,41.108933],[37.671255,41.108939],[37.671261,41.108923],[37.671326,41.108857],[37.671356,41.108758],[37.671338,41.108736],[37.671368,41.108675],[37.671601,41.108586],[37.671648,41.108548],[37.671664,41.108534],[37.671638,41.108486],[37.67158,41.108251],[37.67172,41.108176],[37.671659,41.108063],[37.671625,41.107991],[37.67154,41.10773],[37.671556,41.107668],[37.671607,41.107639],[37.671724,41.107644],[37.671839,41.107683],[37.671909,41.107676],[37.672106,41.107618],[37.672296,41.107506],[37.672454,41.107441],[37.672458,41.107426],[37.672537,41.107419],[37.672666,41.10727],[37.672843,41.107065],[37.672897,41.107037],[37.673077,41.106861],[37.673137,41.106796],[37.673239,41.106653],[37.673346,41.106593],[37.673439,41.106526],[37.67346,41.106468],[37.673552,41.106438],[37.673735,41.106387],[37.673867,41.106392],[37.67397,41.106396],[37.674145,41.106452],[37.674312,41.106428],[37.674582,41.106478],[37.674644,41.106512],[37.674726,41.106566],[37.674794,41.106558],[37.674875,41.106549],[37.675116,41.106528],[37.675221,41.106559],[37.675322,41.10662],[37.675398,41.10664],[37.675482,41.106633],[37.675514,41.106642],[37.675607,41.106664],[37.675616,41.106568],[37.675434,41.106203],[37.675326,41.10605],[37.675353,41.105922],[37.675387,41.105904],[37.675312,41.10575],[37.675275,41.105725],[37.675147,41.105609],[37.674793,41.105385],[37.674634,41.105273],[37.67454,41.105198],[37.674413,41.105033],[37.674159,41.104813],[37.6741,41.104764],[37.674005,41.104706],[37.673768,41.104595],[37.673698,41.104539],[37.673547,41.104406],[37.673487,41.104368],[37.673376,41.104325],[37.673234,41.104289],[37.673102,41.104292],[37.672692,41.104292],[37.672586,41.104312],[37.672395,41.104384],[37.672195,41.104468],[37.672113,41.104526],[37.671946,41.104643],[37.671805,41.104722],[37.671468,41.104829],[37.671224,41.104863],[37.670892,41.104858],[37.670762,41.104843],[37.670566,41.104796],[37.670576,41.104662],[37.670594,41.104531],[37.670594,41.104351],[37.670604,41.104186],[37.670604,41.104013],[37.67061,41.103808],[37.670735,41.103755],[37.670675,41.103676],[37.670556,41.103518],[37.670517,41.103494],[37.670448,41.103451],[37.670372,41.103434],[37.670323,41.103354],[37.670274,41.103156],[37.670173,41.102947],[37.670179,41.102794],[37.67023,41.102613],[37.670518,41.102534],[37.670602,41.102504],[37.670599,41.10249],[37.670749,41.102472],[37.670792,41.102388],[37.670936,41.102391],[37.671014,41.102323],[37.671006,41.10218],[37.671024,41.102159],[37.671216,41.101891],[37.671226,41.10186],[37.671327,41.101699],[37.671401,41.101532],[37.671419,41.101337],[37.671608,41.101328],[37.671633,41.101268],[37.671711,41.101109],[37.671726,41.101047],[37.671881,41.100865],[37.671906,41.100882],[37.67189,41.1009],[37.671985,41.100938],[37.67218,41.101077],[37.672357,41.10124],[37.672386,41.101291],[37.672444,41.101361],[37.672549,41.101357],[37.672593,41.101355],[37.672702,41.101386],[37.672826,41.101433],[37.672878,41.101424],[37.673056,41.101414],[37.673229,41.101451],[37.673243,41.101453],[37.673243,41.10143],[37.673301,41.101463],[37.673347,41.101481],[37.673375,41.101487],[37.673399,41.101479],[37.673405,41.101513],[37.673669,41.101478],[37.673743,41.101531],[37.673792,41.101515],[37.673861,41.101519],[37.673998,41.101635],[37.674031,41.101661],[37.674123,41.101749],[37.674208,41.101731],[37.674422,41.101732],[37.674494,41.101747],[37.674513,41.101749],[37.674616,41.101743],[37.674726,41.101788],[37.674815,41.101816],[37.674816,41.101846],[37.674812,41.101858],[37.67481,41.101911],[37.674734,41.102061],[37.674738,41.102164],[37.674741,41.102166],[37.674743,41.102203],[37.674758,41.102214],[37.674757,41.102259],[37.674759,41.102269],[37.674758,41.102296],[37.67478,41.102379],[37.674794,41.102405],[37.674922,41.10252],[37.675022,41.102552],[37.67516,41.102581],[37.67531,41.102603],[37.67551,41.102581],[37.675563,41.102558],[37.675624,41.102596],[37.675818,41.102599],[37.67599,41.102549],[37.676014,41.102542],[37.676117,41.10254],[37.676198,41.102533],[37.676261,41.102548],[37.676323,41.102622],[37.676325,41.102672],[37.676297,41.102731],[37.676303,41.102793],[37.676312,41.102809],[37.67631,41.102818],[37.676409,41.10299],[37.676493,41.10314],[37.676485,41.103188],[37.676473,41.103233],[37.676485,41.103251],[37.67648,41.103268],[37.676532,41.103346],[37.676613,41.103378],[37.676825,41.103319],[37.677012,41.103274],[37.677067,41.103276],[37.677313,41.103293],[37.677476,41.103251],[37.677486,41.103212],[37.677574,41.103194],[37.677585,41.103196],[37.677576,41.103211],[37.677607,41.10322],[37.677669,41.103208],[37.677965,41.10304],[37.678043,41.10298],[37.678137,41.102856],[37.678281,41.10267],[37.678313,41.102546],[37.678324,41.102467],[37.678348,41.102384],[37.678338,41.102366],[37.678341,41.102341],[37.678335,41.102302],[37.678592,41.102246],[37.679042,41.101985],[37.679049,41.101973],[37.679062,41.101966],[37.679089,41.101911],[37.679089,41.10191],[37.679139,41.101861],[37.67917,41.101838],[37.679238,41.101839],[37.679255,41.101852],[37.679315,41.101857],[37.679363,41.101875],[37.67956,41.101888],[37.679644,41.101839],[37.67971,41.10179],[37.679734,41.101761],[37.680009,41.101771],[37.680014,41.101769],[37.680015,41.101769],[37.680021,41.101764],[37.680112,41.10171],[37.680364,41.10165],[37.680377,41.101657],[37.680618,41.101863],[37.680806,41.101733],[37.680879,41.101673],[37.680883,41.10166],[37.680943,41.101603],[37.680964,41.101547],[37.680952,41.101497],[37.681161,41.101244],[37.681164,41.101233],[37.681183,41.101211],[37.681185,41.101154],[37.681185,41.101152],[37.681185,41.10115],[37.68151,41.101163],[37.681625,41.101142],[37.681617,41.101121],[37.681659,41.101104],[37.681594,41.100829],[37.681573,41.100821],[37.681607,41.100775],[37.681643,41.100767],[37.681838,41.100752],[37.681851,41.100741],[37.681853,41.10074],[37.682118,41.100586],[37.682126,41.100585],[37.682218,41.100567],[37.682374,41.100542],[37.682411,41.100525],[37.68251,41.100497],[37.682562,41.100495],[37.682804,41.100609],[37.683089,41.10054],[37.683145,41.100544],[37.683287,41.100556],[37.683302,41.100559],[37.683419,41.100591],[37.683506,41.100537],[37.683686,41.100494],[37.6837,41.100491],[37.684047,41.100477],[37.684106,41.100451],[37.684147,41.100253],[37.684124,41.100181],[37.684228,41.100086],[37.684311,41.099963],[37.684441,41.099865],[37.685013,41.099516],[37.685035,41.099445],[37.685047,41.099444],[37.685095,41.099452],[37.685272,41.099434],[37.685351,41.09943],[37.685423,41.099393],[37.685425,41.09939],[37.685441,41.099382],[37.685545,41.09918],[37.685704,41.099032],[37.685713,41.098853],[37.685767,41.098802],[37.685575,41.098695],[37.685517,41.09865],[37.685197,41.098309],[37.685072,41.09811],[37.684928,41.097834],[37.6849,41.09778],[37.684844,41.097724],[37.684715,41.097636],[37.684593,41.09756],[37.684408,41.097467],[37.684263,41.097366],[37.684207,41.097316],[37.684176,41.097271],[37.684182,41.097189],[37.684209,41.097123],[37.68419,41.097055],[37.684145,41.096986],[37.684094,41.096941],[37.683981,41.096864],[37.68395,41.096831],[37.683912,41.09672],[37.68388,41.096634],[37.68388,41.096536],[37.683872,41.096456],[37.683859,41.096368],[37.68387,41.096309],[37.683907,41.096244],[37.68398,41.096202],[37.684043,41.096169],[37.684139,41.096084],[37.684162,41.096043],[37.684167,41.09599],[37.684152,41.095937],[37.684129,41.095871],[37.684156,41.095632],[37.684179,41.095491],[37.684199,41.095397],[37.684229,41.095342],[37.68429,41.095299],[37.684472,41.095187],[37.684839,41.094951],[37.684917,41.094909],[37.684966,41.094853],[37.684985,41.09481],[37.684987,41.094783],[37.68493,41.094567],[37.684928,41.094537],[37.684944,41.094508],[37.685155,41.094335],[37.685209,41.094292],[37.685223,41.094264],[37.685236,41.094172],[37.685243,41.094069],[37.685229,41.093981],[37.68513,41.093816],[37.685117,41.093783],[37.685107,41.093751],[37.685114,41.093706],[37.685196,41.093502],[37.685219,41.093445],[37.685221,41.093409],[37.685169,41.093185],[37.685151,41.093133],[37.685147,41.093087],[37.685154,41.092945],[37.685162,41.092921],[37.68518,41.092902],[37.685281,41.092824],[37.685311,41.092806],[37.68533,41.092785],[37.685412,41.092676],[37.685422,41.092652],[37.685421,41.092636],[37.685402,41.092551],[37.685397,41.092525],[37.6854,41.092502],[37.68549,41.092276],[37.685505,41.09225],[37.685508,41.092237],[37.685505,41.092216],[37.685498,41.092177],[37.685511,41.092108],[37.685519,41.092074],[37.685528,41.092057],[37.685583,41.091988],[37.685597,41.091972],[37.685603,41.091955],[37.685603,41.091947],[37.685595,41.091935],[37.685392,41.091631],[37.685373,41.0916],[37.685259,41.091385],[37.685242,41.091351],[37.685242,41.091326],[37.685248,41.09131],[37.68527,41.091298],[37.685306,41.091273],[37.685323,41.091259],[37.685366,41.09119],[37.685391,41.091146],[37.6854,41.091128],[37.685414,41.091011],[37.685415,41.090988],[37.685411,41.090981],[37.685317,41.090895],[37.685298,41.090878],[37.685288,41.090863],[37.685291,41.090837],[37.68533,41.09072],[37.685353,41.090678],[37.685391,41.09065],[37.68545,41.090634],[37.685477,41.090633],[37.685585,41.090565],[37.685587,41.090558],[37.685519,41.09048],[37.685515,41.09042],[37.685757,41.090181],[37.685913,41.090176],[37.686006,41.090039],[37.686328,41.089814],[37.686727,41.089662],[37.686966,41.089453],[37.687098,41.089388],[37.687178,41.089275],[37.687289,41.089169],[37.687331,41.089012],[37.687426,41.088766],[37.687481,41.08875],[37.687532,41.088728],[37.687567,41.08859],[37.687588,41.088506],[37.687731,41.088408],[37.687788,41.088357],[37.687861,41.088251],[37.68791,41.088162],[37.688049,41.088046],[37.688091,41.087906],[37.688071,41.087856],[37.688077,41.087729],[37.688232,41.087445],[37.688301,41.087366],[37.688264,41.087277],[37.688247,41.087125],[37.688304,41.087071],[37.688327,41.087041],[37.688319,41.086965],[37.68857,41.086612],[37.688508,41.086303],[37.688511,41.086071],[37.688499,41.085949],[37.688652,41.085704],[37.688657,41.085476],[37.688648,41.085262],[37.688631,41.085156],[37.688781,41.084994],[37.688706,41.084907],[37.688725,41.084729],[37.688824,41.084572],[37.688894,41.084487],[37.689072,41.084394],[37.689148,41.084324],[37.68919,41.084136],[37.689204,41.084039],[37.689341,41.083943],[37.689428,41.083826],[37.689449,41.083738],[37.689536,41.08368],[37.689682,41.083615],[37.689782,41.083454],[37.689779,41.08341],[37.689963,41.083191],[37.690023,41.08299],[37.690133,41.082911],[37.690141,41.082901],[37.690225,41.082907],[37.69045,41.082804],[37.690669,41.082792],[37.690752,41.082749],[37.690845,41.082652],[37.690938,41.082509],[37.691088,41.082351],[37.691173,41.08226],[37.691268,41.082162],[37.691353,41.082126],[37.691375,41.082102],[37.691428,41.082045],[37.691583,41.081902],[37.691697,41.081838],[37.691707,41.081812],[37.6918,41.081743],[37.69196,41.081689],[37.692147,41.081721],[37.692225,41.081687],[37.692283,41.081646],[37.692636,41.081509],[37.692653,41.081494],[37.692666,41.081307],[37.692608,41.081208],[37.692502,41.081097],[37.692457,41.081057],[37.692433,41.081047],[37.692099,41.080941],[37.692092,41.080911],[37.692015,41.080875],[37.691982,41.08074],[37.692022,41.080652],[37.692072,41.080514],[37.692061,41.080462],[37.692092,41.080431],[37.692263,41.080272],[37.692365,41.080185],[37.692451,41.080102],[37.69242,41.080009],[37.692484,41.079644],[37.692545,41.079472],[37.692597,41.079338],[37.69263,41.079235],[37.692669,41.079172],[37.69266,41.079114],[37.692709,41.078938],[37.692805,41.078799],[37.692952,41.078687],[37.693238,41.078616],[37.693427,41.078543],[37.69357,41.078649],[37.693656,41.078659],[37.693753,41.078664],[37.693997,41.078752],[37.694214,41.078833],[37.69426,41.078851],[37.694425,41.078892],[37.694536,41.078878],[37.694505,41.078804],[37.694509,41.078679],[37.694542,41.078653],[37.694548,41.078617],[37.694506,41.078523],[37.694485,41.078476],[37.694568,41.07831],[37.694752,41.078197],[37.69482,41.078189],[37.694967,41.078107],[37.695129,41.078035],[37.695337,41.078031],[37.695459,41.077981],[37.695653,41.077872],[37.695786,41.077744],[37.695914,41.077781],[37.696041,41.077729],[37.69621,41.07773],[37.696534,41.077802],[37.696521,41.07772],[37.696561,41.077541],[37.696577,41.077424],[37.696545,41.077227],[37.696497,41.077098],[37.696432,41.076997],[37.696359,41.076771],[37.696237,41.076606],[37.695934,41.076325],[37.695785,41.076311],[37.695687,41.076284],[37.695653,41.076215],[37.695716,41.076147],[37.695716,41.076105],[37.695732,41.076082],[37.695819,41.076011],[37.695953,41.075983],[37.696048,41.075942],[37.696085,41.075936],[37.696192,41.075905],[37.696232,41.075846],[37.696299,41.075732],[37.696327,41.075689],[37.696573,41.075619],[37.696627,41.075577],[37.696756,41.075492],[37.696843,41.075363],[37.696846,41.075328],[37.696797,41.075279],[37.696789,41.075186],[37.696824,41.075098],[37.696845,41.075058],[37.696942,41.074864],[37.696981,41.074816],[37.697001,41.07468],[37.697041,41.074632],[37.697039,41.074558],[37.696977,41.074479],[37.696913,41.074378],[37.696957,41.074316],[37.696938,41.074273],[37.696889,41.074267],[37.696827,41.074245],[37.696774,41.074192],[37.696629,41.074033],[37.696583,41.073972],[37.696533,41.073922],[37.696445,41.073837],[37.696385,41.07377],[37.696358,41.073712],[37.696323,41.073661],[37.696296,41.073636],[37.696195,41.073582],[37.696061,41.073529],[37.69591,41.073502],[37.695685,41.073406],[37.695505,41.073294],[37.694998,41.073123],[37.69487,41.073045],[37.694708,41.072987],[37.694497,41.072983],[37.694386,41.073011],[37.694306,41.073098],[37.694127,41.073068],[37.694049,41.073062],[37.693901,41.073083],[37.693828,41.0731],[37.693519,41.073279],[37.693255,41.073285],[37.693082,41.073308],[37.692975,41.073262],[37.692747,41.073183],[37.692755,41.073272],[37.692848,41.073324],[37.692847,41.073393],[37.692951,41.073435],[37.692978,41.073448],[37.692958,41.073489],[37.693072,41.073673],[37.693109,41.073805],[37.693058,41.073968],[37.692987,41.073948],[37.692932,41.073915],[37.692833,41.073922],[37.692708,41.073993],[37.692664,41.074038],[37.692692,41.074133],[37.692628,41.0742],[37.692485,41.074157],[37.692368,41.074087],[37.692007,41.073909],[37.691993,41.073891],[37.691951,41.073873],[37.69193,41.073815],[37.691877,41.073814],[37.691855,41.07382],[37.691881,41.073773],[37.691924,41.073757],[37.691915,41.073689],[37.691885,41.073678],[37.691847,41.073584],[37.691826,41.073568],[37.691724,41.07354],[37.691623,41.073543],[37.691602,41.073516],[37.691549,41.073445],[37.69151,41.073258],[37.691422,41.073203],[37.691445,41.073057],[37.691421,41.072939],[37.691416,41.072833],[37.691356,41.072736],[37.691318,41.072724],[37.6913,41.072687],[37.691331,41.072647],[37.691022,41.072484],[37.69087,41.072551],[37.690654,41.072655],[37.690265,41.072608],[37.69023,41.072666],[37.690167,41.072652],[37.690024,41.072644],[37.689854,41.07262],[37.689749,41.07262],[37.68963,41.072687],[37.68953,41.07283],[37.689453,41.073097],[37.689526,41.073181],[37.689541,41.073297],[37.689537,41.073648],[37.689425,41.073802],[37.689129,41.073937],[37.688758,41.074039],[37.688571,41.074062],[37.688229,41.074113],[37.68777,41.074244],[37.687524,41.074349],[37.687473,41.074435],[37.687439,41.074534],[37.687426,41.074718],[37.687407,41.074831],[37.687368,41.075185],[37.687394,41.075243],[37.687364,41.075259],[37.687272,41.07532],[37.687192,41.075442],[37.687174,41.075525],[37.686862,41.075663],[37.686624,41.075677],[37.686393,41.075739],[37.686333,41.075777],[37.686238,41.075915],[37.686136,41.076051],[37.68593,41.076114],[37.68572,41.076247],[37.685659,41.076367],[37.685631,41.076669],[37.685452,41.077017],[37.685296,41.077251],[37.685258,41.077276],[37.685072,41.077441],[37.684927,41.077532],[37.684843,41.077584],[37.68463,41.077613],[37.684587,41.077592],[37.684235,41.077644],[37.684018,41.077684],[37.683967,41.0777],[37.683938,41.077729],[37.683803,41.077733],[37.683448,41.077733],[37.683379,41.077691],[37.683045,41.077637],[37.682712,41.077522],[37.682639,41.077433],[37.682469,41.07724],[37.682399,41.077105],[37.682212,41.076996],[37.681926,41.076845],[37.681717,41.076823],[37.681321,41.077147],[37.681123,41.077228],[37.681005,41.0773],[37.680939,41.077365],[37.680741,41.077276],[37.680717,41.077228],[37.680528,41.077193],[37.680337,41.077082],[37.679945,41.076916],[37.680019,41.076707],[37.680028,41.07644],[37.679788,41.076094],[37.679719,41.076031],[37.679464,41.07612],[37.679162,41.076288],[37.679099,41.076296],[37.678811,41.076259],[37.678616,41.076238],[37.678517,41.076233],[37.678384,41.076233],[37.678248,41.076248],[37.678066,41.07629],[37.677972,41.076283],[37.677884,41.076297],[37.677805,41.076349],[37.677721,41.076409],[37.677514,41.076472],[37.677193,41.076591],[37.677022,41.076628],[37.676644,41.076687],[37.676544,41.076676],[37.676414,41.076648],[37.676198,41.076621],[37.67612,41.076636],[37.675917,41.076681],[37.67583,41.076692],[37.675733,41.076679],[37.675632,41.07667],[37.67562,41.07667],[37.675599,41.076676],[37.675587,41.076693],[37.675585,41.07673],[37.675582,41.076765],[37.67557,41.076782],[37.675546,41.07679],[37.67552,41.076792],[37.675343,41.076792],[37.675321,41.076801],[37.675092,41.076806],[37.674897,41.076815],[37.674861,41.076827],[37.674685,41.076924],[37.6746,41.076993],[37.674591,41.076998],[37.674529,41.076999],[37.674515,41.077005],[37.674508,41.077014],[37.674494,41.077053],[37.674481,41.077072],[37.674437,41.077115],[37.674427,41.077118],[37.674409,41.077109],[37.674234,41.077009],[37.674209,41.077022],[37.67416,41.077039],[37.674115,41.077043],[37.674103,41.077038],[37.674017,41.077028],[37.673853,41.07695],[37.673754,41.076882],[37.673659,41.076854],[37.673532,41.076902],[37.673503,41.076924],[37.673405,41.077004],[37.673331,41.077036],[37.673288,41.077065],[37.673185,41.077138],[37.673172,41.077165],[37.673164,41.07729],[37.673158,41.077442],[37.673245,41.077626],[37.673278,41.077695],[37.673277,41.077726],[37.673265,41.077756],[37.673263,41.077778],[37.673276,41.077794],[37.673316,41.077833],[37.673346,41.077863],[37.673358,41.077889],[37.67338,41.077957],[37.673384,41.078014],[37.673418,41.078329],[37.673442,41.078513],[37.673463,41.078555],[37.673571,41.078731],[37.673581,41.078775],[37.673571,41.078826],[37.673542,41.078859],[37.673506,41.078888],[37.673505,41.078908],[37.673518,41.078984],[37.673539,41.079011],[37.673562,41.07904],[37.67357,41.079061],[37.67366,41.079327],[37.673698,41.079368],[37.673879,41.07949],[37.673942,41.079552],[37.674006,41.079625],[37.674133,41.079745],[37.674155,41.079781],[37.674154,41.079827],[37.674142,41.079847],[37.674141,41.079869],[37.674159,41.079893],[37.674341,41.080054],[37.674394,41.080095],[37.67443,41.080125],[37.674447,41.080147],[37.674478,41.080215],[37.674517,41.08029],[37.674537,41.080328],[37.674709,41.080518],[37.674796,41.08055],[37.674865,41.080632],[37.674854,41.08084],[37.674837,41.081073],[37.674813,41.081168],[37.674952,41.081294],[37.674986,41.081469],[37.67487,41.081551],[37.674826,41.081843],[37.674728,41.08214],[37.674755,41.082289],[37.674839,41.082409],[37.674683,41.082541],[37.674897,41.083003],[37.675212,41.083244],[37.675133,41.083523],[37.67514,41.083697],[37.675214,41.08382],[37.675405,41.083953],[37.675587,41.084154],[37.675723,41.08437],[37.6757,41.084505],[37.675601,41.084685],[37.675445,41.084817],[37.675258,41.0849],[37.675147,41.08492],[37.674726,41.084834],[37.674308,41.084743],[37.673923,41.084724],[37.673498,41.084725],[37.673241,41.08478],[37.673003,41.08491],[37.672842,41.085135],[37.672643,41.085539],[37.672555,41.085814],[37.672549,41.085923],[37.672551,41.086011],[37.672496,41.086135],[37.672353,41.086207],[37.672204,41.086257],[37.672131,41.086298],[37.672116,41.08635],[37.672105,41.086485],[37.672144,41.086924],[37.672118,41.087544],[37.672126,41.08786],[37.672098,41.087925],[37.671958,41.088025],[37.671324,41.088344],[37.671249,41.088412],[37.671217,41.088524],[37.671208,41.089213],[37.671162,41.089493],[37.671036,41.089743],[37.670621,41.090195],[37.670457,41.090482],[37.670294,41.091004],[37.670427,41.091319],[37.670688,41.091663],[37.670942,41.091947],[37.671106,41.092179],[37.671162,41.092374],[37.671153,41.092482],[37.671075,41.092576],[37.670451,41.092851],[37.670084,41.092967],[37.669991,41.093024],[37.669724,41.093311],[37.669318,41.09351],[37.669055,41.093643],[37.668957,41.093745],[37.668895,41.093898],[37.6688,41.094059],[37.668582,41.094226],[37.668398,41.094256],[37.667905,41.094341],[37.667557,41.094358],[37.667245,41.094359],[37.667166,41.094389],[37.667068,41.094459],[37.667013,41.094588],[37.666932,41.094871],[37.666859,41.094916],[37.66673,41.094985],[37.666525,41.095082],[37.666305,41.095151],[37.665999,41.095245],[37.66583,41.095267],[37.665754,41.095273],[37.66569,41.09563],[37.66562,41.095836],[37.665507,41.095935],[37.665208,41.096165],[37.66491,41.096351],[37.66476,41.096483],[37.664646,41.096633],[37.664488,41.09682],[37.664411,41.096953],[37.664343,41.097075],[37.664296,41.097169],[37.66425,41.097302],[37.664188,41.097441],[37.664119,41.097585],[37.663977,41.097672],[37.663762,41.097709],[37.663401,41.097755],[37.6632,41.097842],[37.663,41.097901],[37.662865,41.097988],[37.662781,41.098149],[37.662778,41.098316],[37.662862,41.098506],[37.662985,41.098642],[37.663145,41.098755],[37.663326,41.098902],[37.663477,41.09906],[37.663673,41.099235],[37.663765,41.099392],[37.663785,41.099526],[37.663754,41.099581],[37.663642,41.09963],[37.66351,41.099645],[37.66337,41.099649],[37.663237,41.09967],[37.663124,41.099758],[37.662959,41.099912],[37.662898,41.100017],[37.662844,41.100133],[37.662812,41.100267],[37.662815,41.100467],[37.66287,41.100669],[37.662909,41.100937],[37.662911,41.101193],[37.662908,41.101327],[37.662875,41.101504],[37.662828,41.101632],[37.662709,41.101731],[37.662597,41.101769],[37.662501,41.101773],[37.662355,41.101749],[37.662252,41.101709],[37.662105,41.101691],[37.66201,41.101684],[37.661914,41.101688],[37.661824,41.101765],[37.661755,41.101893],[37.661752,41.102038],[37.661785,41.102239],[37.661847,41.10244],[37.661965,41.102815],[37.662033,41.103088],[37.662073,41.103289],[37.662037,41.103584],[37.661983,41.10374],[37.661884,41.103861],[37.661722,41.103876],[37.661575,41.103863],[37.661334,41.10376],[37.661007,41.10355],[37.660868,41.103476],[37.660716,41.103363],[37.660569,41.103339],[37.660428,41.103382],[37.660204,41.103513],[37.660024,41.103678],[37.659939,41.103878],[37.659899,41.104055],[37.659846,41.104285],[37.659726,41.10454],[37.659587,41.104747],[37.659422,41.104879],[37.659218,41.104952],[37.659008,41.105],[37.658648,41.105067],[37.658287,41.10513],[37.6579,41.105185],[37.657525,41.1052],[37.657289,41.105248],[37.6571,41.105341],[37.656956,41.105493],[37.656916,41.105681],[37.656932,41.105942],[37.656946,41.106257],[37.656921,41.106454],[37.656867,41.106831],[37.656807,41.107209],[37.656758,41.107567],[37.65665,41.107719],[37.656487,41.107836],[37.656229,41.107939],[37.655863,41.108017],[37.655461,41.108064],[37.654778,41.108088],[37.654233,41.10801],[37.653924,41.107972],[37.653697,41.107961],[37.653291,41.107948],[37.652822,41.107939],[37.652431,41.10797],[37.652132,41.108045],[37.651947,41.108177],[37.651884,41.108211],[37.652363,41.108281],[37.652415,41.108326],[37.652755,41.108514],[37.652815,41.108548],[37.653196,41.108766],[37.653411,41.108856],[37.653414,41.108867],[37.653558,41.108959],[37.653628,41.109014],[37.653708,41.109078],[37.653783,41.109128],[37.65394,41.109248],[37.654122,41.109151],[37.65424,41.109259],[37.654355,41.109475],[37.654303,41.11115],[37.654182,41.111176],[37.654159,41.111499],[37.653909,41.112144],[37.653879,41.112166],[37.653924,41.112397],[37.653935,41.11266],[37.653986,41.112908],[37.654068,41.113044],[37.654023,41.113116],[37.654035,41.113254],[37.654086,41.113365],[37.654108,41.11364],[37.654092,41.113793],[37.654127,41.113863],[37.654278,41.113942],[37.654263,41.114113],[37.654254,41.114169],[37.654158,41.114212],[37.654039,41.114233],[37.653968,41.114351],[37.653842,41.114398],[37.653726,41.1145],[37.653726,41.114702],[37.65368,41.114779],[37.65379,41.114916],[37.654073,41.114851],[37.654103,41.114896],[37.654078,41.114992],[37.654138,41.115091],[37.654038,41.115206],[37.653967,41.115253],[37.653958,41.115336],[37.654005,41.115403],[37.654128,41.11568],[37.654163,41.115804],[37.654223,41.115773],[37.654414,41.115856],[37.654472,41.115938],[37.654552,41.116049],[37.654552,41.116352],[37.654628,41.116352],[37.654792,41.116257],[37.654857,41.116247],[37.65516,41.116403],[37.655259,41.116556],[37.655119,41.116801],[37.655203,41.116848],[37.655317,41.116907],[37.655422,41.116932],[37.655518,41.116967],[37.655434,41.116996],[37.655336,41.117229],[37.655407,41.117375],[37.655523,41.117473],[37.655653,41.117527],[37.655984,41.117483],[37.656132,41.117591],[37.656286,41.117742],[37.656406,41.117897],[37.656535,41.117953],[37.656623,41.118054],[37.656825,41.118104],[37.656876,41.118106],[37.656988,41.118131],[37.657083,41.118206],[37.657253,41.11837],[37.657395,41.118467],[37.657493,41.118474],[37.657578,41.118368],[37.657636,41.118112],[37.657703,41.117962],[37.657707,41.117823],[37.657758,41.117772],[37.657785,41.117741],[37.65791,41.11773],[37.657978,41.117688],[37.658077,41.117554]]]]}},{"type":"Feature","properties":{"id":"TR-Y-52-017-M-0030","level":"yerlesim","type":"mahalle","parent_id":"TR-D-52-017","province_id":"TR-P-52","district_id":"TR-D-52-017","name":"Kozağzı","source_raw_name":"KOZAĞZI","source":"Kamuya açık veri ve kent rehberi servisleri","source_label":"Kamuya açık veri ve kent rehberi servisleri","source_name":"Ordu Büyükşehir Belediyesi Akıllı Şehir Açık Veri Platformu - Mahalleler"},"geometry":{"type":"MultiPolygon","coordinates":[[[[37.762788,41.06938],[37.762965,41.069362],[37.763202,41.069372],[37.763303,41.069371],[37.763966,41.069298],[37.76438,41.069186],[37.764661,41.069067],[37.764953,41.069023],[37.765455,41.069078],[37.765797,41.069232],[37.766314,41.069332],[37.76695,41.069088],[37.767488,41.068948],[37.767876,41.068955],[37.768343,41.069049],[37.768623,41.069084],[37.769062,41.069024],[37.76937,41.068832],[37.769632,41.068614],[37.76992,41.068467],[37.770064,41.068528],[37.770486,41.06892],[37.770935,41.069296],[37.771142,41.06929],[37.771527,41.069025],[37.771663,41.068853],[37.771869,41.068486],[37.77207,41.068285],[37.772176,41.068294],[37.77228,41.068264],[37.773122,41.068295],[37.773195,41.068297],[37.773204,41.068298],[37.773308,41.068354],[37.77368,41.068359],[37.77399,41.068133],[37.774061,41.068052],[37.774198,41.067508],[37.774221,41.067417],[37.774191,41.067415],[37.774221,41.067302],[37.774211,41.067191],[37.774139,41.067103],[37.774189,41.06692],[37.774228,41.066856],[37.774291,41.066831],[37.774937,41.06691],[37.775033,41.066864],[37.775058,41.066814],[37.775253,41.065572],[37.775217,41.065471],[37.774535,41.065255],[37.774441,41.065167],[37.774308,41.06496],[37.774394,41.064846],[37.774476,41.064739],[37.774563,41.064628],[37.774682,41.064471],[37.774784,41.064335],[37.774871,41.064224],[37.774983,41.064076],[37.775102,41.06392],[37.775204,41.063786],[37.775258,41.063717],[37.775374,41.063566],[37.775171,41.063488],[37.774822,41.06336],[37.774566,41.063243],[37.7745,41.06317],[37.774422,41.063148],[37.774308,41.062997],[37.774286,41.062958],[37.774185,41.063028],[37.774086,41.063095],[37.773955,41.063187],[37.773831,41.063273],[37.773595,41.063433],[37.773422,41.063493],[37.773174,41.063568],[37.772802,41.06353],[37.772554,41.063435],[37.772292,41.063355],[37.771926,41.063325],[37.771483,41.063188],[37.771304,41.063206],[37.771032,41.063156],[37.770713,41.063006],[37.770589,41.06305],[37.770388,41.062984],[37.770166,41.062883],[37.769761,41.062568],[37.769568,41.062408],[37.769241,41.062411],[37.769004,41.062321],[37.7688,41.062162],[37.768412,41.061875],[37.76814,41.061712],[37.767659,41.061529],[37.767449,41.061525],[37.767257,41.061445],[37.767014,41.061306],[37.766706,41.061124],[37.766545,41.061054],[37.766451,41.061192],[37.766335,41.061294],[37.766269,41.061256],[37.765982,41.060962],[37.765708,41.060886],[37.765567,41.060903],[37.765509,41.060788],[37.765215,41.060658],[37.765001,41.060684],[37.764983,41.060773],[37.764964,41.060876],[37.764774,41.060908],[37.764438,41.060804],[37.764284,41.060708],[37.764103,41.060624],[37.764048,41.060588],[37.76395,41.060636],[37.763617,41.060537],[37.763565,41.060569],[37.763451,41.060639],[37.763356,41.060741],[37.763201,41.060748],[37.763089,41.060705],[37.762615,41.060535],[37.762461,41.060614],[37.762313,41.060461],[37.761936,41.060307],[37.761244,41.060053],[37.760972,41.060016],[37.76088,41.059474],[37.760857,41.059452],[37.760895,41.059181],[37.760763,41.05906],[37.760798,41.058971],[37.760579,41.058752],[37.759877,41.058546],[37.759665,41.058469],[37.759002,41.058656],[37.758953,41.058572],[37.758316,41.058451],[37.757111,41.058217],[37.756814,41.05843],[37.756554,41.058491],[37.756481,41.058464],[37.756428,41.05849],[37.756432,41.058524],[37.756064,41.058624],[37.755713,41.058716],[37.755633,41.058821],[37.755406,41.059113],[37.755339,41.059314],[37.754661,41.059954],[37.754649,41.059966],[37.754319,41.06021],[37.754288,41.060226],[37.754145,41.060273],[37.753971,41.06033],[37.753814,41.060358],[37.753131,41.060652],[37.751482,41.061547],[37.750604,41.061228],[37.750224,41.061114],[37.749928,41.060991],[37.749814,41.060962],[37.749662,41.061178],[37.749559,41.061484],[37.749666,41.061724],[37.749709,41.061846],[37.749672,41.062358],[37.749634,41.062536],[37.74963,41.062595],[37.749559,41.062695],[37.749457,41.062743],[37.749241,41.062737],[37.749054,41.062729],[37.748867,41.062719],[37.748581,41.062692],[37.748414,41.062686],[37.748181,41.062639],[37.74806,41.062654],[37.74787,41.062608],[37.747753,41.06255],[37.747564,41.06247],[37.747419,41.062349],[37.747388,41.062269],[37.747274,41.062198],[37.747098,41.062103],[37.746902,41.062086],[37.746755,41.06208],[37.746611,41.0621],[37.746468,41.0621],[37.746341,41.062125],[37.746168,41.062149],[37.746049,41.062174],[37.745854,41.062222],[37.745845,41.062223],[37.745853,41.062237],[37.745698,41.062463],[37.745595,41.062499],[37.745576,41.062547],[37.745464,41.062606],[37.74545,41.062605],[37.745484,41.062795],[37.745575,41.062996],[37.745963,41.063247],[37.746843,41.064033],[37.747171,41.064423],[37.747201,41.064443],[37.747802,41.064724],[37.747927,41.06482],[37.748088,41.064861],[37.748114,41.065354],[37.748201,41.065623],[37.749217,41.065961],[37.749185,41.066106],[37.749641,41.067145],[37.75051,41.067249],[37.751213,41.067472],[37.751279,41.067642],[37.751587,41.067732],[37.75226,41.06803],[37.752359,41.068211],[37.752617,41.068164],[37.75314,41.06812],[37.753486,41.068219],[37.753481,41.068246],[37.753616,41.068439],[37.753694,41.068282],[37.753877,41.068272],[37.75514,41.068376],[37.755738,41.068482],[37.756597,41.068728],[37.756985,41.06877],[37.757548,41.068774],[37.757741,41.068789],[37.75812,41.068884],[37.758317,41.069117],[37.759689,41.069193],[37.759796,41.069221],[37.7599,41.069248],[37.760073,41.069241],[37.760421,41.06928],[37.760643,41.069466],[37.760854,41.069505],[37.7615,41.069624],[37.761566,41.069629],[37.761785,41.069627],[37.761914,41.069601],[37.762068,41.069551],[37.762481,41.06944],[37.762733,41.069385],[37.762788,41.06938]]]]}},{"type":"Feature","properties":{"id":"TR-Y-52-017-M-0031","level":"yerlesim","type":"mahalle","parent_id":"TR-D-52-017","province_id":"TR-P-52","district_id":"TR-D-52-017","name":"Kurtuluş","source_raw_name":"KURTULUŞ","source":"Kamuya açık veri ve kent rehberi servisleri","source_label":"Kamuya açık veri ve kent rehberi servisleri","source_name":"Ordu Büyükşehir Belediyesi Akıllı Şehir Açık Veri Platformu - Mahalleler"},"geometry":{"type":"MultiPolygon","coordinates":[[[[37.719553,41.113398],[37.719631,41.112921],[37.71972,41.112734],[37.719747,41.112641],[37.719744,41.112516],[37.71976,41.112398],[37.719789,41.112325],[37.719798,41.112279],[37.719868,41.112219],[37.719936,41.112147],[37.719976,41.112113],[37.720154,41.112],[37.72026,41.111931],[37.720316,41.111847],[37.720336,41.111755],[37.72035,41.111578],[37.720377,41.111355],[37.720413,41.111232],[37.720436,41.111118],[37.72044,41.111008],[37.720417,41.110929],[37.720392,41.110828],[37.720416,41.110725],[37.720498,41.110637],[37.720654,41.110511],[37.72077,41.110416],[37.720892,41.110241],[37.720947,41.110106],[37.720964,41.109935],[37.720981,41.109793],[37.720961,41.109729],[37.72091,41.109663],[37.72081,41.109587],[37.720595,41.109444],[37.720507,41.109377],[37.72047,41.109291],[37.720428,41.109147],[37.720401,41.108943],[37.720365,41.108808],[37.720285,41.108619],[37.720231,41.108478],[37.720224,41.108401],[37.720238,41.108318],[37.720254,41.108265],[37.720278,41.108235],[37.720341,41.108178],[37.720459,41.108062],[37.720718,41.107828],[37.720783,41.107758],[37.720826,41.107688],[37.720812,41.107623],[37.720783,41.107623],[37.720662,41.107411],[37.720857,41.107402],[37.720877,41.107382],[37.721305,41.107162],[37.721346,41.107137],[37.721367,41.107117],[37.721363,41.107092],[37.721341,41.107051],[37.721301,41.106999],[37.721221,41.106893],[37.72117,41.106843],[37.721151,41.106762],[37.72125,41.106665],[37.721292,41.106594],[37.721364,41.106507],[37.721523,41.106382],[37.721602,41.106343],[37.721736,41.106299],[37.721883,41.106244],[37.72248,41.105818],[37.722538,41.105756],[37.722533,41.105735],[37.722623,41.105706],[37.722659,41.105692],[37.722706,41.105665],[37.722804,41.105617],[37.72284,41.105607],[37.722903,41.105602],[37.723015,41.105576],[37.723239,41.105602],[37.723327,41.10559],[37.723467,41.105546],[37.723572,41.10549],[37.723815,41.105327],[37.723911,41.105241],[37.723906,41.105139],[37.723993,41.104971],[37.724094,41.104906],[37.724195,41.104846],[37.724574,41.104861],[37.724719,41.104771],[37.724788,41.104751],[37.72495,41.104693],[37.725061,41.104649],[37.725292,41.104513],[37.725446,41.10447],[37.725539,41.104527],[37.725768,41.104521],[37.726024,41.104498],[37.726246,41.104428],[37.726581,41.104251],[37.726839,41.104058],[37.72677,41.104049],[37.726298,41.103699],[37.725914,41.102995],[37.725624,41.102828],[37.725631,41.102811],[37.725482,41.102448],[37.724962,41.101544],[37.724392,41.100526],[37.724363,41.10051],[37.724265,41.100255],[37.724137,41.1001],[37.724072,41.100001],[37.72396,41.099901],[37.723519,41.099566],[37.723332,41.099525],[37.723282,41.09935],[37.72343,41.099085],[37.723483,41.098926],[37.723637,41.098579],[37.723682,41.09862],[37.723927,41.098748],[37.723938,41.098759],[37.723949,41.098756],[37.724213,41.098954],[37.724354,41.099098],[37.724604,41.099109],[37.724835,41.099176],[37.725231,41.098813],[37.725198,41.098493],[37.725164,41.09835],[37.725075,41.098224],[37.724906,41.0979],[37.72488,41.097737],[37.724715,41.097533],[37.724734,41.097457],[37.724909,41.097223],[37.725089,41.096984],[37.724956,41.096922],[37.724818,41.096892],[37.724565,41.096848],[37.72458,41.09697],[37.724275,41.096946],[37.724269,41.096911],[37.724258,41.096809],[37.724245,41.096724],[37.724228,41.096671],[37.723989,41.096635],[37.723592,41.096623],[37.723527,41.096623],[37.723521,41.096597],[37.723554,41.09632],[37.723604,41.09615],[37.723598,41.096002],[37.72351,41.095862],[37.723374,41.095723],[37.723474,41.095644],[37.723398,41.095515],[37.723169,41.095508],[37.723061,41.095486],[37.72237,41.095357],[37.722109,41.095239],[37.721847,41.095081],[37.721878,41.095054],[37.721951,41.094918],[37.72192,41.094644],[37.721971,41.094516],[37.721955,41.094411],[37.722026,41.09433],[37.721897,41.094267],[37.721729,41.094143],[37.721492,41.093988],[37.721119,41.093904],[37.720966,41.093864],[37.720737,41.093767],[37.720468,41.093708],[37.720329,41.093764],[37.720249,41.093817],[37.720153,41.093894],[37.720126,41.093914],[37.720088,41.093922],[37.720043,41.093987],[37.719835,41.093908],[37.719824,41.093849],[37.719518,41.093669],[37.7194,41.093689],[37.719189,41.093791],[37.718844,41.093941],[37.718705,41.094015],[37.718682,41.094023],[37.718486,41.094076],[37.717937,41.094197],[37.717778,41.093958],[37.717648,41.093798],[37.717337,41.093242],[37.717228,41.093348],[37.716959,41.0932],[37.716746,41.092944],[37.71654,41.09274],[37.716403,41.09264],[37.716167,41.092581],[37.715662,41.092772],[37.71542,41.093085],[37.71504,41.092945],[37.71497,41.092964],[37.714972,41.092965],[37.714873,41.09299],[37.71471,41.093037],[37.714783,41.093308],[37.714093,41.093562],[37.713677,41.093667],[37.713591,41.093694],[37.713258,41.093799],[37.712909,41.093918],[37.712769,41.093911],[37.712239,41.093886],[37.712042,41.093967],[37.71195,41.093994],[37.711944,41.094001],[37.711932,41.094028],[37.711931,41.094051],[37.711959,41.094175],[37.712021,41.09437],[37.71222,41.094878],[37.712412,41.095249],[37.712445,41.095378],[37.712515,41.095602],[37.712667,41.095749],[37.712689,41.095781],[37.712724,41.095853],[37.712734,41.095924],[37.712678,41.09602],[37.712572,41.0961],[37.712518,41.09614],[37.712497,41.096299],[37.71252,41.096338],[37.71261,41.09637],[37.712695,41.096385],[37.712949,41.096445],[37.712988,41.096466],[37.71301,41.09651],[37.713095,41.096695],[37.713076,41.096742],[37.71283,41.096948],[37.712838,41.097013],[37.712867,41.097086],[37.71291,41.097128],[37.713129,41.097208],[37.713157,41.097254],[37.712699,41.097586],[37.712612,41.097596],[37.712371,41.09747],[37.712289,41.097464],[37.712075,41.097307],[37.711793,41.097081],[37.711654,41.097018],[37.711511,41.096854],[37.711352,41.09675],[37.711158,41.096718],[37.711127,41.096713],[37.710956,41.096854],[37.710732,41.096887],[37.710526,41.096752],[37.71031,41.096711],[37.709904,41.096689],[37.709913,41.096902],[37.709915,41.096909],[37.709973,41.097135],[37.710071,41.097439],[37.71013,41.097562],[37.710078,41.09768],[37.709891,41.097673],[37.709685,41.097649],[37.709419,41.097684],[37.709216,41.097818],[37.709167,41.097843],[37.709149,41.097852],[37.70905,41.097963],[37.709053,41.098145],[37.70915,41.098228],[37.70919,41.098262],[37.709276,41.098547],[37.709281,41.098555],[37.709381,41.098686],[37.709473,41.098807],[37.70953,41.099022],[37.709589,41.099171],[37.709404,41.099138],[37.709389,41.099135],[37.70921,41.099219],[37.70901,41.099193],[37.708846,41.099172],[37.708677,41.099213],[37.708492,41.099258],[37.708381,41.099294],[37.708304,41.099278],[37.707991,41.099213],[37.707982,41.099208],[37.707688,41.099049],[37.707496,41.098958],[37.70737,41.099158],[37.707332,41.099263],[37.70707,41.099144],[37.707025,41.099123],[37.706889,41.099318],[37.706878,41.099397],[37.706778,41.099499],[37.706694,41.099585],[37.706437,41.099724],[37.706419,41.099734],[37.706198,41.100025],[37.706097,41.100349],[37.7061,41.100394],[37.706111,41.100544],[37.70606,41.100654],[37.705922,41.10076],[37.705862,41.101155],[37.705754,41.101337],[37.705572,41.101431],[37.705483,41.101495],[37.705384,41.101623],[37.70516,41.101796],[37.705049,41.101846],[37.704218,41.102227],[37.704435,41.102497],[37.704675,41.102724],[37.705021,41.102991],[37.704694,41.103218],[37.704548,41.103396],[37.704421,41.103555],[37.704281,41.103702],[37.704163,41.103739],[37.704046,41.103775],[37.703708,41.104021],[37.703618,41.10409],[37.703513,41.104197],[37.703456,41.104289],[37.703405,41.104366],[37.703206,41.104484],[37.703191,41.104488],[37.702751,41.104603],[37.702727,41.104609],[37.702828,41.104737],[37.702773,41.10493],[37.702787,41.105058],[37.702588,41.105322],[37.702503,41.105437],[37.702469,41.105527],[37.702466,41.105674],[37.702428,41.105757],[37.702382,41.105816],[37.702371,41.105864],[37.702372,41.105899],[37.702382,41.105929],[37.702407,41.105971],[37.702537,41.106154],[37.702813,41.106521],[37.702832,41.106565],[37.702833,41.106611],[37.702836,41.106666],[37.70284,41.106697],[37.702853,41.106726],[37.702879,41.106739],[37.702952,41.10675],[37.70306,41.106761],[37.703095,41.106769],[37.703112,41.106792],[37.703129,41.106862],[37.703117,41.106945],[37.703082,41.107011],[37.703003,41.10709],[37.702908,41.107199],[37.702867,41.107247],[37.70286,41.107288],[37.702919,41.107372],[37.703004,41.10747],[37.703081,41.107542],[37.703135,41.107567],[37.703242,41.107598],[37.70328,41.107623],[37.703359,41.107688],[37.703389,41.107704],[37.703408,41.107704],[37.703442,41.107695],[37.703493,41.107678],[37.703552,41.107666],[37.703618,41.107661],[37.703704,41.107654],[37.703739,41.107654],[37.703755,41.107657],[37.703762,41.107666],[37.703765,41.107685],[37.70376,41.107744],[37.70375,41.107825],[37.703744,41.107923],[37.703736,41.108071],[37.703745,41.108346],[37.703755,41.108386],[37.70379,41.108452],[37.703897,41.10861],[37.703935,41.108671],[37.703956,41.108694],[37.703981,41.1087],[37.704023,41.108707],[37.704102,41.1087],[37.704143,41.108697],[37.70417,41.108704],[37.704194,41.108723],[37.704225,41.10875],[37.704412,41.108895],[37.704539,41.109011],[37.704653,41.109103],[37.704715,41.109137],[37.704742,41.109139],[37.704762,41.109135],[37.704785,41.109126],[37.704812,41.10911],[37.704835,41.109103],[37.70486,41.109101],[37.704908,41.109111],[37.704995,41.109126],[37.705085,41.10914],[37.705123,41.109149],[37.705144,41.109168],[37.705282,41.109275],[37.705663,41.109591],[37.705801,41.109676],[37.705961,41.109755],[37.706135,41.109835],[37.706272,41.109902],[37.7063,41.109925],[37.706344,41.109977],[37.706353,41.110003],[37.706347,41.110025],[37.706324,41.110101],[37.706254,41.110327],[37.706206,41.110428],[37.706195,41.110487],[37.706195,41.110554],[37.706205,41.110682],[37.706232,41.110796],[37.706247,41.110822],[37.706421,41.110969],[37.706521,41.111044],[37.706571,41.111066],[37.706663,41.111106],[37.706692,41.11114],[37.706717,41.111235],[37.706723,41.111323],[37.706705,41.111363],[37.706651,41.111436],[37.706609,41.111455],[37.706482,41.11153],[37.706432,41.111588],[37.706397,41.111671],[37.706333,41.111987],[37.706318,41.112014],[37.706191,41.11224],[37.706175,41.112283],[37.706195,41.112306],[37.706259,41.112318],[37.706308,41.112322],[37.706326,41.112341],[37.706325,41.112369],[37.706311,41.112504],[37.706353,41.112575],[37.706428,41.112747],[37.706451,41.112812],[37.7065,41.113005],[37.706494,41.113061],[37.706493,41.113145],[37.706474,41.113294],[37.70647,41.113505],[37.706438,41.113615],[37.706531,41.113604],[37.706906,41.113549],[37.707179,41.11352],[37.707577,41.113549],[37.707825,41.113495],[37.707996,41.113435],[37.708287,41.113417],[37.708558,41.113392],[37.70904,41.113399],[37.709353,41.113427],[37.709503,41.113477],[37.709805,41.113395],[37.710013,41.11347],[37.710151,41.113428],[37.710287,41.113423],[37.710337,41.113419],[37.710563,41.113369],[37.710616,41.113357],[37.710703,41.113331],[37.710733,41.11332],[37.711041,41.113276],[37.711337,41.113232],[37.71161,41.113188],[37.711851,41.113142],[37.712206,41.113116],[37.712516,41.113084],[37.713076,41.11306],[37.71354,41.113058],[37.713969,41.113147],[37.714707,41.113096],[37.715209,41.11311],[37.715467,41.113093],[37.716052,41.113092],[37.71652,41.113154],[37.716886,41.11315],[37.717349,41.113264],[37.717982,41.113367],[37.71827,41.11341],[37.718491,41.113474],[37.718685,41.113511],[37.718847,41.113598],[37.719004,41.113686],[37.719107,41.113837],[37.719214,41.113769],[37.7195,41.113497],[37.719553,41.113398]]]]}},{"type":"Feature","properties":{"id":"TR-Y-52-017-M-0032","level":"yerlesim","type":"mahalle","parent_id":"TR-D-52-017","province_id":"TR-P-52","district_id":"TR-D-52-017","name":"Kutluca","source_raw_name":"KUTLUCA","source":"Kamuya açık veri ve kent rehberi servisleri","source_label":"Kamuya açık veri ve kent rehberi servisleri","source_name":"Ordu Büyükşehir Belediyesi Akıllı Şehir Açık Veri Platformu - Mahalleler"},"geometry":{"type":"MultiPolygon","coordinates":[[[[37.648134,41.054925],[37.648249,41.054925],[37.648312,41.054944],[37.648403,41.054959],[37.648533,41.054981],[37.648681,41.055014],[37.648798,41.05503],[37.649068,41.055051],[37.649157,41.05505],[37.649296,41.055041],[37.649422,41.055026],[37.649527,41.05501],[37.649619,41.054985],[37.649698,41.054951],[37.649755,41.054906],[37.649782,41.05487],[37.649826,41.054804],[37.649836,41.054745],[37.649838,41.054685],[37.649831,41.054638],[37.649824,41.054582],[37.649843,41.054509],[37.649864,41.054464],[37.649886,41.054421],[37.649898,41.054364],[37.649904,41.054316],[37.64991,41.05428],[37.649918,41.054245],[37.649922,41.054204],[37.649927,41.054171],[37.649924,41.054131],[37.649921,41.054109],[37.649889,41.054085],[37.649841,41.054075],[37.649806,41.054068],[37.649751,41.054049],[37.649669,41.054026],[37.649642,41.054016],[37.649607,41.053998],[37.649589,41.053981],[37.649572,41.053949],[37.649566,41.053924],[37.649563,41.053898],[37.649563,41.053876],[37.649566,41.053825],[37.649574,41.05378],[37.649591,41.053725],[37.649616,41.05366],[37.649643,41.053615],[37.649673,41.053562],[37.649717,41.053514],[37.649788,41.05345],[37.649837,41.053417],[37.649885,41.053393],[37.649948,41.05337],[37.650042,41.053337],[37.650144,41.053314],[37.650223,41.053303],[37.650339,41.053296],[37.650423,41.053295],[37.650516,41.053301],[37.650596,41.053327],[37.650663,41.053359],[37.650712,41.053387],[37.650764,41.053424],[37.650816,41.053473],[37.650878,41.053514],[37.650904,41.053532],[37.650943,41.053552],[37.650984,41.053574],[37.651019,41.053594],[37.651056,41.053603],[37.651088,41.053611],[37.651108,41.053614],[37.651167,41.053622],[37.651211,41.053629],[37.65127,41.05363],[37.651342,41.053624],[37.65137,41.053616],[37.651397,41.053607],[37.651428,41.053595],[37.651484,41.053558],[37.651573,41.053494],[37.651645,41.053461],[37.651705,41.053432],[37.65176,41.053404],[37.651824,41.053378],[37.651869,41.05336],[37.652016,41.053313],[37.652102,41.053289],[37.652181,41.053269],[37.652246,41.053267],[37.65229,41.053269],[37.652359,41.053299],[37.652402,41.053321],[37.652456,41.053356],[37.652516,41.053396],[37.652586,41.053461],[37.652632,41.053493],[37.652694,41.05354],[37.65273,41.053575],[37.65276,41.053605],[37.652792,41.053629],[37.652841,41.053655],[37.652946,41.05369],[37.653051,41.053721],[37.653181,41.053745],[37.653244,41.053762],[37.653307,41.053771],[37.65338,41.053784],[37.653442,41.053801],[37.653566,41.053826],[37.653613,41.053837],[37.653678,41.053854],[37.653739,41.053868],[37.653783,41.053876],[37.653837,41.053879],[37.653899,41.05388],[37.653948,41.053877],[37.653992,41.053873],[37.65405,41.053868],[37.654119,41.053858],[37.654164,41.053848],[37.654206,41.053832],[37.654243,41.053819],[37.654375,41.053747],[37.654489,41.05369],[37.654577,41.053663],[37.654719,41.053635],[37.655195,41.053551],[37.655457,41.05349],[37.655675,41.053431],[37.655845,41.053379],[37.655953,41.053357],[37.656082,41.053347],[37.656198,41.053345],[37.656255,41.053354],[37.656379,41.053403],[37.656448,41.053438],[37.656494,41.053464],[37.656536,41.05349],[37.656652,41.053528],[37.656762,41.053561],[37.656828,41.05362],[37.656884,41.053667],[37.656927,41.053704],[37.656977,41.053759],[37.657026,41.053804],[37.657074,41.05385],[37.657117,41.053905],[37.657199,41.054006],[37.657302,41.054117],[37.657397,41.054189],[37.657501,41.05425],[37.657645,41.054305],[37.657787,41.054356],[37.657849,41.054369],[37.657876,41.054375],[37.657954,41.054388],[37.658034,41.054389],[37.658106,41.054384],[37.658147,41.054379],[37.658197,41.054366],[37.658237,41.054348],[37.658253,41.05434],[37.658282,41.054311],[37.658308,41.054285],[37.658328,41.054253],[37.658347,41.054195],[37.658357,41.054149],[37.658361,41.054117],[37.658364,41.05408],[37.658374,41.054036],[37.658396,41.053998],[37.658671,41.05355],[37.658871,41.053217],[37.658896,41.053188],[37.658909,41.053162],[37.65891,41.053148],[37.6589,41.0531],[37.658883,41.052975],[37.658978,41.052831],[37.659527,41.052282],[37.659744,41.051979],[37.659927,41.051702],[37.660079,41.051387],[37.660052,41.051207],[37.660086,41.051065],[37.660222,41.050959],[37.660458,41.050866],[37.660741,41.050741],[37.6609,41.05069],[37.661104,41.050643],[37.661239,41.050613],[37.661371,41.050565],[37.66151,41.050512],[37.661855,41.050356],[37.661972,41.050264],[37.662045,41.050182],[37.662059,41.050052],[37.662156,41.049719],[37.662289,41.049538],[37.662488,41.049402],[37.663021,41.049164],[37.663339,41.048899],[37.663491,41.048816],[37.663648,41.048631],[37.66394,41.048352],[37.664242,41.048118],[37.664494,41.047977],[37.664714,41.047878],[37.664856,41.047721],[37.664798,41.047406],[37.664574,41.0467],[37.664437,41.046388],[37.664427,41.046191],[37.664521,41.046096],[37.664693,41.046058],[37.665553,41.046095],[37.666248,41.04622],[37.66644,41.046333],[37.666486,41.046462],[37.666659,41.046648],[37.666897,41.046735],[37.667493,41.046966],[37.667761,41.047142],[37.667946,41.04723],[37.668101,41.047228],[37.668279,41.047164],[37.668465,41.04708],[37.668622,41.047028],[37.668764,41.047019],[37.668918,41.047017],[37.669161,41.047041],[37.669457,41.047099],[37.669624,41.047101],[37.669824,41.047077],[37.669952,41.047056],[37.670066,41.047009],[37.670189,41.046937],[37.670228,41.046908],[37.670327,41.046732],[37.670382,41.046657],[37.670438,41.046595],[37.670514,41.046548],[37.670645,41.046475],[37.670748,41.046437],[37.670834,41.046417],[37.670905,41.046412],[37.670969,41.046403],[37.671024,41.046393],[37.671123,41.046365],[37.671362,41.046335],[37.671528,41.046341],[37.671677,41.046368],[37.671829,41.046407],[37.672001,41.046465],[37.672084,41.046487],[37.672232,41.046488],[37.672382,41.046451],[37.672472,41.046392],[37.672522,41.046339],[37.672658,41.046262],[37.672748,41.046221],[37.672794,41.046233],[37.672865,41.046271],[37.672939,41.046317],[37.673036,41.046368],[37.673148,41.046426],[37.673251,41.046435],[37.673231,41.046345],[37.673208,41.046281],[37.673166,41.046231],[37.673051,41.046157],[37.672926,41.046045],[37.672867,41.04597],[37.672851,41.045852],[37.672847,41.045732],[37.672803,41.045597],[37.672784,41.045376],[37.672725,41.045092],[37.672713,41.044937],[37.672722,41.044734],[37.672723,41.04456],[37.672695,41.044393],[37.672747,41.044294],[37.672808,41.044227],[37.672839,41.044135],[37.6728,41.044021],[37.672763,41.043986],[37.672708,41.044057],[37.672576,41.04416],[37.672453,41.044253],[37.672217,41.044459],[37.67207,41.044517],[37.671858,41.04451],[37.671751,41.044487],[37.671661,41.044445],[37.671563,41.044365],[37.671438,41.04422],[37.671416,41.044213],[37.671377,41.044208],[37.671263,41.044275],[37.671129,41.044341],[37.671087,41.044345],[37.670922,41.044254],[37.670875,41.04426],[37.670775,41.044336],[37.67071,41.044432],[37.670267,41.044646],[37.670216,41.044673],[37.670189,41.044715],[37.670067,41.044842],[37.669965,41.044921],[37.669913,41.044957],[37.66986,41.044982],[37.669721,41.045046],[37.669589,41.04513],[37.669558,41.045153],[37.669535,41.045167],[37.669495,41.045182],[37.669472,41.045189],[37.669379,41.045205],[37.669356,41.045209],[37.669325,41.045215],[37.669299,41.045218],[37.669273,41.045212],[37.669244,41.045201],[37.669225,41.045186],[37.669193,41.045157],[37.669145,41.04512],[37.669098,41.04509],[37.669055,41.045076],[37.669039,41.045072],[37.669006,41.045065],[37.668985,41.045062],[37.668961,41.045057],[37.668942,41.045051],[37.668924,41.04505],[37.668905,41.045053],[37.668871,41.045064],[37.66883,41.045072],[37.668758,41.045079],[37.668721,41.045081],[37.668678,41.04508],[37.668621,41.045074],[37.668602,41.045068],[37.668578,41.045056],[37.668554,41.045038],[37.668532,41.045018],[37.668513,41.044989],[37.668501,41.044961],[37.668501,41.044934],[37.668513,41.044897],[37.668542,41.044846],[37.668634,41.044747],[37.668655,41.044708],[37.668672,41.044677],[37.668676,41.044645],[37.668678,41.044608],[37.668665,41.044577],[37.668648,41.044544],[37.668623,41.044506],[37.668599,41.044449],[37.668575,41.044343],[37.668567,41.044273],[37.668562,41.044226],[37.668547,41.044182],[37.668534,41.044144],[37.668495,41.044097],[37.66848,41.044079],[37.668456,41.044046],[37.668434,41.044013],[37.668408,41.043963],[37.668397,41.043939],[37.66839,41.043887],[37.668375,41.043762],[37.668362,41.0437],[37.668362,41.043634],[37.668366,41.043529],[37.668375,41.04348],[37.6684,41.043433],[37.668444,41.043383],[37.668488,41.043341],[37.668584,41.043215],[37.668599,41.043187],[37.668613,41.043153],[37.668636,41.043087],[37.668698,41.04301],[37.668768,41.042944],[37.668839,41.042864],[37.668869,41.042697],[37.668871,41.042651],[37.668866,41.042611],[37.668836,41.042563],[37.668748,41.042487],[37.668686,41.042458],[37.668611,41.042423],[37.668516,41.042337],[37.668425,41.042243],[37.668344,41.042187],[37.668269,41.042133],[37.668136,41.042026],[37.668113,41.042],[37.668092,41.04197],[37.668069,41.041944],[37.668057,41.041932],[37.668037,41.041926],[37.668014,41.041927],[37.667993,41.04193],[37.667958,41.041925],[37.667727,41.041831],[37.667493,41.041721],[37.667325,41.041654],[37.66696,41.041571],[37.666914,41.041652],[37.666771,41.041761],[37.666663,41.041823],[37.666555,41.041874],[37.666497,41.041895],[37.66644,41.041905],[37.666293,41.041909],[37.666152,41.041893],[37.666127,41.041868],[37.666052,41.041819],[37.665937,41.041634],[37.665921,41.041408],[37.6659,41.041377],[37.665778,41.041316],[37.665544,41.041191],[37.665375,41.041119],[37.665226,41.041073],[37.66507,41.040963],[37.665023,41.04094],[37.66497,41.040968],[37.66455,41.041242],[37.664182,41.041443],[37.663954,41.041529],[37.663583,41.041732],[37.663318,41.041925],[37.663207,41.041966],[37.663109,41.042035],[37.662994,41.042128],[37.662878,41.042224],[37.662803,41.042279],[37.662678,41.042343],[37.662432,41.042438],[37.662355,41.042467],[37.662282,41.0425],[37.662172,41.042542],[37.662037,41.042601],[37.661851,41.042667],[37.661666,41.04278],[37.661598,41.042826],[37.661522,41.042866],[37.66146,41.042889],[37.661366,41.042912],[37.661273,41.042933],[37.661141,41.042948],[37.660947,41.042961],[37.660722,41.042999],[37.660601,41.04303],[37.660538,41.04306],[37.660471,41.043092],[37.660403,41.043122],[37.659884,41.043241],[37.659507,41.043323],[37.659454,41.043329],[37.659423,41.043326],[37.659326,41.043325],[37.659246,41.043334],[37.659152,41.043359],[37.659058,41.043399],[37.658996,41.043431],[37.658902,41.043477],[37.65887,41.04351],[37.658834,41.04354],[37.658731,41.043579],[37.658321,41.043732],[37.65821,41.043747],[37.6581,41.043729],[37.657945,41.043689],[37.657872,41.043634],[37.657745,41.043529],[37.657642,41.043403],[37.657461,41.043204],[37.657384,41.043143],[37.657363,41.043162],[37.657309,41.043227],[37.657255,41.043252],[37.657187,41.043222],[37.657068,41.043212],[37.656993,41.043206],[37.656883,41.043201],[37.656819,41.043185],[37.656662,41.043177],[37.656543,41.04318],[37.656422,41.043177],[37.656396,41.043141],[37.656222,41.043054],[37.656079,41.042999],[37.65597,41.043024],[37.655834,41.043015],[37.655741,41.043033],[37.655652,41.04304],[37.65554,41.043068],[37.65518,41.043188],[37.65506,41.043192],[37.654837,41.043262],[37.654497,41.043286],[37.654322,41.043262],[37.654034,41.04321],[37.653732,41.04333],[37.653253,41.043692],[37.65303,41.043804],[37.652954,41.043881],[37.652774,41.043976],[37.652435,41.044031],[37.652123,41.044159],[37.65197,41.044208],[37.651652,41.044483],[37.651444,41.044595],[37.651317,41.044794],[37.65128,41.044802],[37.651108,41.044739],[37.65105,41.044719],[37.650951,41.044702],[37.65087,41.044716],[37.650803,41.044741],[37.650561,41.044963],[37.65016,41.045108],[37.649696,41.044989],[37.649451,41.044964],[37.649317,41.044941],[37.649266,41.045044],[37.649066,41.045081],[37.648865,41.045168],[37.648677,41.04531],[37.64822,41.045612],[37.648003,41.045898],[37.647564,41.046176],[37.647257,41.046174],[37.647153,41.046111],[37.647017,41.046095],[37.646567,41.046193],[37.646113,41.04622],[37.645897,41.046213],[37.645809,41.04634],[37.645623,41.046545],[37.645436,41.046686],[37.645249,41.046695],[37.645139,41.046622],[37.645068,41.046399],[37.644672,41.046146],[37.644509,41.04612],[37.644131,41.046086],[37.643872,41.045989],[37.643508,41.045803],[37.643408,41.045784],[37.643142,41.04575],[37.642731,41.045732],[37.642588,41.045716],[37.642374,41.045689],[37.642159,41.045712],[37.641883,41.045808],[37.641692,41.045845],[37.641432,41.045891],[37.641248,41.045882],[37.640978,41.045909],[37.640852,41.045945],[37.640676,41.045998],[37.640581,41.045997],[37.640377,41.045963],[37.640292,41.045963],[37.640254,41.045983],[37.640148,41.046443],[37.63992,41.046591],[37.639807,41.0466],[37.639481,41.046583],[37.639349,41.046608],[37.639073,41.046828],[37.638958,41.047123],[37.638879,41.047244],[37.638734,41.047285],[37.63853,41.047309],[37.638472,41.047347],[37.638391,41.047535],[37.638323,41.047597],[37.638157,41.047595],[37.638014,41.047514],[37.637919,41.047424],[37.637862,41.047312],[37.637761,41.047208],[37.637656,41.047149],[37.637565,41.047188],[37.637419,41.047308],[37.637277,41.04741],[37.637039,41.04744],[37.636833,41.047417],[37.636669,41.047352],[37.636568,41.047347],[37.636263,41.047674],[37.636025,41.047751],[37.635713,41.047789],[37.63552,41.047833],[37.635369,41.047915],[37.635131,41.04809],[37.635019,41.0482],[37.63499,41.048295],[37.634949,41.048344],[37.634889,41.048355],[37.634765,41.048337],[37.634637,41.048303],[37.634553,41.048264],[37.634458,41.048216],[37.634278,41.048274],[37.634056,41.048437],[37.633491,41.048726],[37.633866,41.049214],[37.634145,41.049475],[37.634368,41.049645],[37.634639,41.049751],[37.634698,41.049799],[37.634909,41.050082],[37.635107,41.050388],[37.635359,41.050777],[37.635449,41.050838],[37.635536,41.051015],[37.635687,41.051153],[37.63573,41.051538],[37.636016,41.051768],[37.636114,41.051841],[37.636259,41.051949],[37.636287,41.051961],[37.636521,41.052112],[37.636442,41.05225],[37.63658,41.052389],[37.636823,41.052415],[37.637321,41.052686],[37.637736,41.052609],[37.637824,41.052593],[37.638317,41.052578],[37.638403,41.052391],[37.638544,41.052367],[37.638787,41.052432],[37.638999,41.052411],[37.639284,41.052408],[37.639398,41.052529],[37.639721,41.052657],[37.639883,41.052726],[37.639917,41.052752],[37.640357,41.052955],[37.640515,41.053005],[37.641299,41.052995],[37.642264,41.052538],[37.642895,41.052227],[37.643322,41.052183],[37.644056,41.052187],[37.644146,41.052149],[37.644167,41.052154],[37.644226,41.052163],[37.644324,41.052168],[37.64434,41.052129],[37.644356,41.052019],[37.644367,41.052053],[37.644383,41.052034],[37.644344,41.051717],[37.644355,41.051685],[37.644869,41.051709],[37.645097,41.051815],[37.64567,41.051982],[37.645916,41.052174],[37.645917,41.052173],[37.645916,41.052174],[37.645948,41.052199],[37.646002,41.052243],[37.646035,41.052274],[37.646062,41.052308],[37.646075,41.052336],[37.646091,41.052572],[37.646098,41.052597],[37.646211,41.05276],[37.646255,41.052868],[37.646246,41.053034],[37.646164,41.053348],[37.646107,41.053452],[37.646208,41.053574],[37.646283,41.053633],[37.646322,41.053676],[37.646331,41.053696],[37.646341,41.053719],[37.64636,41.053752],[37.646362,41.053779],[37.646362,41.053799],[37.646338,41.053847],[37.646337,41.053907],[37.64643,41.054012],[37.646938,41.054314],[37.647395,41.054653],[37.647563,41.054835],[37.647613,41.054941],[37.647712,41.055],[37.647789,41.055103],[37.647849,41.05507],[37.647884,41.055004],[37.647924,41.054966],[37.647982,41.054949],[37.648039,41.054941],[37.648134,41.054925]]]]}},{"type":"Feature","properties":{"id":"TR-Y-52-017-M-0033","level":"yerlesim","type":"mahalle","parent_id":"TR-D-52-017","province_id":"TR-P-52","district_id":"TR-D-52-017","name":"Kuyluca","source_raw_name":"KUYLUCA","source":"Kamuya açık veri ve kent rehberi servisleri","source_label":"Kamuya açık veri ve kent rehberi servisleri","source_name":"Ordu Büyükşehir Belediyesi Akıllı Şehir Açık Veri Platformu - Mahalleler"},"geometry":{"type":"MultiPolygon","coordinates":[[[[37.641052,41.035756],[37.641283,41.035705],[37.641459,41.035666],[37.641773,41.035603],[37.642137,41.035512],[37.642507,41.035379],[37.642695,41.035311],[37.642811,41.035275],[37.643056,41.035315],[37.64328,41.035384],[37.643459,41.035461],[37.643671,41.035534],[37.643972,41.035587],[37.644273,41.035587],[37.644444,41.03558],[37.644609,41.035541],[37.644769,41.035493],[37.644929,41.035437],[37.645143,41.035427],[37.645577,41.035382],[37.645788,41.03526],[37.645955,41.035129],[37.646001,41.034768],[37.646051,41.034196],[37.646208,41.033758],[37.646446,41.033661],[37.646722,41.033561],[37.646866,41.033475],[37.646975,41.033256],[37.647068,41.033],[37.647114,41.03261],[37.647224,41.032076],[37.647527,41.031465],[37.647721,41.031069],[37.647834,41.030937],[37.64807,41.030924],[37.648442,41.030932],[37.649045,41.030939],[37.649435,41.030935],[37.649638,41.030888],[37.649816,41.030778],[37.650055,41.030606],[37.650222,41.030235],[37.650396,41.029502],[37.650567,41.029164],[37.650883,41.028976],[37.651225,41.028906],[37.651353,41.028787],[37.651477,41.028622],[37.651567,41.028532],[37.651542,41.028399],[37.651418,41.027745],[37.651257,41.027349],[37.650952,41.02696],[37.650743,41.026612],[37.650649,41.026498],[37.650498,41.026405],[37.650357,41.026325],[37.650245,41.026191],[37.650213,41.025974],[37.650276,41.025741],[37.65033,41.025517],[37.650444,41.025159],[37.650509,41.024934],[37.650535,41.024834],[37.650535,41.0247],[37.650576,41.024468],[37.650665,41.024259],[37.650742,41.024133],[37.650767,41.023959],[37.650759,41.023805],[37.650704,41.023549],[37.650714,41.023313],[37.650785,41.02294],[37.65092,41.02262],[37.651055,41.022343],[37.651073,41.022138],[37.651029,41.022023],[37.650884,41.021727],[37.650877,41.021644],[37.65102,41.02121],[37.651178,41.020753],[37.651301,41.020472],[37.651284,41.020387],[37.651167,41.020211],[37.651084,41.020121],[37.651041,41.02005],[37.651035,41.019969],[37.651199,41.019831],[37.651318,41.019777],[37.651868,41.019696],[37.651968,41.019639],[37.652316,41.019232],[37.652637,41.018935],[37.652734,41.018899],[37.652929,41.018891],[37.653217,41.018857],[37.653353,41.018798],[37.653487,41.018677],[37.653549,41.018576],[37.653646,41.018507],[37.654184,41.018328],[37.654347,41.018297],[37.654476,41.018263],[37.654579,41.018212],[37.654635,41.018157],[37.65471,41.018077],[37.654852,41.017987],[37.655228,41.017809],[37.655331,41.01776],[37.655606,41.017676],[37.656058,41.017588],[37.656267,41.017533],[37.656414,41.01746],[37.656719,41.017186],[37.656984,41.017016],[37.657515,41.01677],[37.657715,41.016706],[37.658267,41.016529],[37.658931,41.016356],[37.65902,41.016322],[37.659254,41.016149],[37.65943,41.016078],[37.659619,41.016007],[37.659848,41.015972],[37.660127,41.015955],[37.660264,41.015924],[37.660368,41.015878],[37.660773,41.015787],[37.661016,41.015706],[37.661078,41.015672],[37.661118,41.015643],[37.661145,41.015637],[37.661185,41.015615],[37.661208,41.015596],[37.661224,41.015571],[37.66125,41.015522],[37.66129,41.015493],[37.661444,41.015452],[37.661644,41.015394],[37.661927,41.015317],[37.662122,41.015254],[37.662243,41.015203],[37.662481,41.015131],[37.662854,41.014997],[37.662983,41.014929],[37.663084,41.014879],[37.663159,41.014811],[37.663204,41.014675],[37.663212,41.014489],[37.663238,41.014271],[37.663289,41.014139],[37.663296,41.014],[37.663332,41.013893],[37.663402,41.013838],[37.663477,41.013797],[37.663522,41.013748],[37.663554,41.01363],[37.663583,41.01347],[37.663698,41.013305],[37.663866,41.01321],[37.664,41.013131],[37.664147,41.012962],[37.664336,41.01283],[37.66461,41.01251],[37.664628,41.012306],[37.664742,41.012009],[37.664846,41.011852],[37.664905,41.011812],[37.665054,41.011661],[37.665246,41.010982],[37.665325,41.010861],[37.665315,41.010631],[37.665116,41.010733],[37.664943,41.010656],[37.66459,41.010596],[37.664474,41.010636],[37.664245,41.010663],[37.664007,41.010582],[37.663808,41.010592],[37.663546,41.010723],[37.663413,41.010931],[37.663353,41.010995],[37.66328,41.010999],[37.663087,41.011105],[37.66302,41.011205],[37.663001,41.011295],[37.662913,41.011304],[37.662893,41.011389],[37.662848,41.011475],[37.662842,41.011584],[37.662723,41.011575],[37.662716,41.011588],[37.662529,41.011538],[37.662187,41.011472],[37.66211,41.011452],[37.661922,41.011429],[37.661861,41.011442],[37.661457,41.011413],[37.661225,41.011426],[37.661122,41.011436],[37.660914,41.011412],[37.660764,41.011462],[37.660643,41.011526],[37.660509,41.011512],[37.66041,41.011554],[37.660283,41.011669],[37.660117,41.011917],[37.660079,41.011971],[37.659838,41.012073],[37.6597,41.012171],[37.659265,41.01236],[37.659113,41.012447],[37.659001,41.012542],[37.65862,41.01272],[37.65851,41.01291],[37.658298,41.012913],[37.657883,41.013065],[37.657665,41.013171],[37.657462,41.013055],[37.657255,41.013069],[37.657043,41.01307],[37.656911,41.013054],[37.65683,41.013017],[37.656735,41.012957],[37.656607,41.012935],[37.656453,41.012918],[37.656417,41.012858],[37.655778,41.012755],[37.65557,41.012759],[37.655468,41.012697],[37.654344,41.012474],[37.654187,41.012414],[37.654011,41.012359],[37.653892,41.012327],[37.65382,41.012315],[37.653584,41.012202],[37.652846,41.012003],[37.652646,41.011953],[37.652381,41.01189],[37.652308,41.011843],[37.652171,41.011821],[37.651754,41.011684],[37.651581,41.01168],[37.651435,41.011615],[37.651247,41.011524],[37.650965,41.011451],[37.650822,41.011385],[37.650113,41.011068],[37.649391,41.01084],[37.649234,41.010823],[37.648944,41.010722],[37.64865,41.010652],[37.648349,41.010572],[37.6482,41.010489],[37.648087,41.01046],[37.647925,41.010395],[37.647811,41.010277],[37.647651,41.010267],[37.64745,41.010208],[37.647197,41.010205],[37.646935,41.010232],[37.646688,41.010279],[37.646523,41.010273],[37.646346,41.010186],[37.646248,41.01013],[37.646208,41.01009],[37.645991,41.01008],[37.645823,41.010085],[37.645757,41.010099],[37.645569,41.01006],[37.645319,41.010058],[37.645176,41.010111],[37.644965,41.010074],[37.644793,41.01002],[37.644685,41.00997],[37.644504,41.009889],[37.644372,41.009833],[37.644319,41.009789],[37.644256,41.009677],[37.644102,41.00967],[37.64402,41.009691],[37.643825,41.00968],[37.643695,41.009641],[37.643528,41.00966],[37.64338,41.009605],[37.64323,41.009518],[37.643192,41.009401],[37.643054,41.009288],[37.642841,41.009266],[37.642772,41.009088],[37.642669,41.008914],[37.642486,41.008864],[37.642404,41.008841],[37.642301,41.008787],[37.642108,41.008712],[37.642013,41.008558],[37.641739,41.008234],[37.641148,41.008089],[37.640909,41.008088],[37.640726,41.008026],[37.640431,41.008043],[37.640144,41.007898],[37.639861,41.007693],[37.639428,41.00751],[37.638961,41.007467],[37.638704,41.007363],[37.638535,41.007227],[37.63849,41.006938],[37.638463,41.006831],[37.638339,41.006719],[37.638206,41.006683],[37.637971,41.006654],[37.637829,41.006679],[37.637768,41.006711],[37.637625,41.006831],[37.637343,41.006926],[37.637122,41.006869],[37.636919,41.00689],[37.636806,41.006835],[37.636738,41.006816],[37.636589,41.006872],[37.636445,41.006854],[37.636277,41.006802],[37.636157,41.006877],[37.636033,41.00685],[37.635891,41.006795],[37.635591,41.006686],[37.635226,41.006601],[37.635036,41.006515],[37.63488,41.006496],[37.634691,41.006449],[37.634513,41.006364],[37.634256,41.006271],[37.634125,41.006256],[37.633932,41.006153],[37.633692,41.006069],[37.633396,41.005915],[37.633184,41.005903],[37.633086,41.005958],[37.632963,41.005996],[37.632718,41.006075],[37.63247,41.005996],[37.632415,41.005654],[37.632264,41.005552],[37.631953,41.005441],[37.631953,41.005441],[37.631767,41.005318],[37.631561,41.005271],[37.63132,41.005234],[37.631242,41.005255],[37.631435,41.005403],[37.63169,41.005516],[37.631916,41.00573],[37.631993,41.005907],[37.632042,41.005969],[37.631933,41.005963],[37.631883,41.006063],[37.63191,41.006138],[37.631909,41.006228],[37.631898,41.006332],[37.631846,41.006434],[37.631839,41.006495],[37.631864,41.006638],[37.631857,41.00675],[37.631964,41.006843],[37.632023,41.006939],[37.632104,41.007025],[37.632062,41.007119],[37.63192,41.00717],[37.631802,41.007254],[37.6317,41.007361],[37.631655,41.007444],[37.631644,41.007537],[37.631693,41.007614],[37.63186,41.007617],[37.632148,41.007602],[37.632165,41.007713],[37.632176,41.007849],[37.632127,41.007981],[37.632104,41.008038],[37.632067,41.008183],[37.632068,41.008255],[37.632081,41.008349],[37.632156,41.00847],[37.632269,41.008547],[37.632405,41.008637],[37.632504,41.008735],[37.632659,41.008865],[37.632672,41.008972],[37.632664,41.008993],[37.632711,41.009106],[37.632908,41.00946],[37.632996,41.009734],[37.632972,41.010069],[37.633119,41.010399],[37.633314,41.010798],[37.633387,41.011119],[37.633469,41.011379],[37.633542,41.011567],[37.633746,41.011688],[37.634054,41.011929],[37.63418,41.012206],[37.634277,41.012421],[37.634436,41.012685],[37.63457,41.012956],[37.634825,41.013219],[37.634977,41.013492],[37.635033,41.013664],[37.634974,41.013797],[37.634959,41.013986],[37.635057,41.014188],[37.635054,41.0144],[37.635184,41.014444],[37.635242,41.014477],[37.635576,41.014623],[37.635592,41.014784],[37.635487,41.014877],[37.635587,41.015044],[37.635742,41.015281],[37.63587,41.015531],[37.635969,41.01574],[37.636106,41.015876],[37.63618,41.015951],[37.636266,41.016221],[37.63632,41.016357],[37.636361,41.016486],[37.636444,41.016729],[37.636455,41.016851],[37.636542,41.016903],[37.636952,41.017064],[37.637219,41.017085],[37.637359,41.017061],[37.637549,41.01705],[37.637701,41.016903],[37.637924,41.016953],[37.638092,41.01708],[37.638126,41.017167],[37.638198,41.017249],[37.638316,41.017307],[37.638577,41.017312],[37.638896,41.017343],[37.639139,41.017399],[37.639415,41.01745],[37.639725,41.017395],[37.639868,41.017339],[37.64015,41.017462],[37.64034,41.017584],[37.640404,41.017595],[37.640537,41.017598],[37.640642,41.01761],[37.640806,41.017579],[37.640939,41.017613],[37.641074,41.01765],[37.641357,41.017682],[37.641527,41.017729],[37.641759,41.01777],[37.641844,41.017786],[37.642099,41.017854],[37.642266,41.017904],[37.642506,41.018053],[37.642538,41.01817],[37.642644,41.018234],[37.642854,41.018242],[37.643025,41.018366],[37.643155,41.01858],[37.643314,41.018683],[37.643491,41.018738],[37.643688,41.018815],[37.643915,41.018992],[37.64391,41.019028],[37.643888,41.019149],[37.643939,41.01933],[37.643982,41.019481],[37.64406,41.019571],[37.644039,41.019719],[37.644023,41.019854],[37.644041,41.020077],[37.644063,41.020139],[37.644103,41.020185],[37.644312,41.020284],[37.644336,41.020669],[37.64436,41.02082],[37.64444,41.020927],[37.644459,41.021021],[37.644501,41.021123],[37.644532,41.021149],[37.644546,41.021203],[37.64463,41.021385],[37.644684,41.021503],[37.644737,41.021657],[37.644782,41.021661],[37.644775,41.021736],[37.644759,41.021894],[37.644711,41.022],[37.64468,41.022135],[37.644618,41.022192],[37.644575,41.022215],[37.644444,41.022342],[37.644291,41.022365],[37.64422,41.022438],[37.644138,41.022535],[37.644021,41.02261],[37.643888,41.022665],[37.64387,41.022721],[37.643843,41.022764],[37.643794,41.022854],[37.643493,41.023411],[37.643246,41.023689],[37.643058,41.023895],[37.642936,41.024029],[37.642918,41.024079],[37.642833,41.024241],[37.642702,41.024345],[37.642639,41.02446],[37.642435,41.024564],[37.642304,41.024549],[37.642246,41.024595],[37.642215,41.024634],[37.642077,41.024713],[37.641865,41.024705],[37.641759,41.024705],[37.64153,41.024767],[37.641303,41.024812],[37.641245,41.024841],[37.641101,41.024858],[37.64097,41.024877],[37.640955,41.02488],[37.640766,41.024993],[37.640525,41.025095],[37.640441,41.025145],[37.640286,41.025225],[37.640056,41.025222],[37.639856,41.025271],[37.639678,41.025268],[37.639412,41.025388],[37.63919,41.025392],[37.63884,41.025477],[37.638779,41.025612],[37.638719,41.025679],[37.638537,41.02581],[37.638396,41.025854],[37.638205,41.025886],[37.638161,41.025956],[37.638064,41.026134],[37.637897,41.026274],[37.637845,41.026345],[37.637742,41.026455],[37.638001,41.026774],[37.638165,41.027071],[37.638502,41.027422],[37.638548,41.027462],[37.638786,41.027968],[37.63873,41.028183],[37.638697,41.028348],[37.638624,41.029068],[37.638716,41.029468],[37.638883,41.029834],[37.63913,41.030298],[37.639156,41.030515],[37.639181,41.030806],[37.639181,41.031566],[37.639266,41.031724],[37.639386,41.031829],[37.639499,41.032011],[37.639561,41.032171],[37.639623,41.032466],[37.63964,41.032681],[37.639647,41.032825],[37.639686,41.032904],[37.639739,41.03297],[37.639765,41.033024],[37.639768,41.033121],[37.639748,41.033253],[37.639744,41.033367],[37.639795,41.033532],[37.639855,41.033693],[37.639895,41.034041],[37.639887,41.034217],[37.63985,41.034411],[37.639783,41.034592],[37.639739,41.034728],[37.639725,41.034828],[37.639754,41.034963],[37.639767,41.035076],[37.639725,41.035331],[37.639618,41.035645],[37.639533,41.035751],[37.639999,41.03574],[37.64029,41.035722],[37.640509,41.03575],[37.640645,41.035797],[37.640798,41.035807],[37.640908,41.035796],[37.641052,41.035756]]]]}},{"type":"Feature","properties":{"id":"TR-Y-52-017-M-0034","level":"yerlesim","type":"mahalle","parent_id":"TR-D-52-017","province_id":"TR-P-52","district_id":"TR-D-52-017","name":"Medreseönü","source_raw_name":"MEDRESEÖNÜ","source":"Kamuya açık veri ve kent rehberi servisleri","source_label":"Kamuya açık veri ve kent rehberi servisleri","source_name":"Ordu Büyükşehir Belediyesi Akıllı Şehir Açık Veri Platformu - Mahalleler"},"geometry":{"type":"MultiPolygon","coordinates":[[[[37.644596,41.095559],[37.644705,41.095568],[37.644793,41.095574],[37.6448,41.095586],[37.644812,41.095608],[37.645326,41.095471],[37.645274,41.095382],[37.645342,41.095368],[37.645412,41.095364],[37.645482,41.095369],[37.645561,41.095389],[37.645606,41.095404],[37.645645,41.095415],[37.645678,41.095414],[37.645713,41.095407],[37.645774,41.095384],[37.645838,41.09535],[37.645892,41.095303],[37.645949,41.095223],[37.645987,41.095173],[37.646026,41.095147],[37.646089,41.095129],[37.646183,41.095102],[37.64632,41.095062],[37.646458,41.095009],[37.646521,41.094961],[37.64658,41.094907],[37.646641,41.094801],[37.646758,41.094625],[37.646823,41.094522],[37.646841,41.094481],[37.646864,41.094426],[37.64688,41.094359],[37.6469,41.094287],[37.64693,41.094237],[37.646997,41.09414],[37.647033,41.094087],[37.647074,41.094007],[37.647109,41.093932],[37.647129,41.093896],[37.647156,41.093867],[37.647329,41.093741],[37.647546,41.093588],[37.647561,41.093576],[37.647585,41.093546],[37.647602,41.09352],[37.647612,41.093473],[37.647613,41.093445],[37.647617,41.093415],[37.647619,41.093316],[37.647627,41.093265],[37.647634,41.093226],[37.647644,41.093196],[37.647675,41.093152],[37.647701,41.09311],[37.647711,41.093089],[37.647717,41.093072],[37.647723,41.093068],[37.647721,41.093072],[37.648238,41.093168],[37.648717,41.093299],[37.648978,41.09335],[37.649129,41.093111],[37.649189,41.093095],[37.649087,41.09283],[37.649082,41.09271],[37.649362,41.092299],[37.649388,41.092035],[37.649514,41.091639],[37.649461,41.09146],[37.64936,41.091294],[37.649468,41.090991],[37.649467,41.090813],[37.649412,41.090624],[37.649485,41.090156],[37.64962,41.089966],[37.649769,41.089681],[37.64978,41.089535],[37.649804,41.089373],[37.649742,41.089145],[37.649743,41.088949],[37.649764,41.088802],[37.649921,41.088544],[37.649954,41.088415],[37.649962,41.08831],[37.65001,41.088094],[37.650042,41.087768],[37.650099,41.087645],[37.650179,41.08743],[37.650166,41.087188],[37.650285,41.087017],[37.650354,41.086867],[37.650709,41.086507],[37.650822,41.086141],[37.650883,41.085947],[37.651019,41.085858],[37.651314,41.085823],[37.651227,41.085646],[37.651261,41.085534],[37.651722,41.085167],[37.651843,41.0849],[37.65192,41.084855],[37.651946,41.084723],[37.652195,41.084563],[37.652479,41.084332],[37.653049,41.08428],[37.653418,41.084262],[37.653869,41.084168],[37.65416,41.084183],[37.65455,41.084069],[37.654798,41.084055],[37.654972,41.084084],[37.655207,41.084011],[37.65529,41.084031],[37.655369,41.083954],[37.655481,41.083879],[37.655609,41.0839],[37.655695,41.083935],[37.655814,41.083985],[37.655921,41.084035],[37.656004,41.084059],[37.656066,41.084075],[37.656112,41.084075],[37.656169,41.084061],[37.656235,41.084059],[37.656285,41.084062],[37.65636,41.084076],[37.656452,41.084108],[37.656509,41.08413],[37.656566,41.084168],[37.656623,41.084209],[37.656684,41.084229],[37.656755,41.084225],[37.656912,41.084197],[37.656991,41.084198],[37.657059,41.08423],[37.657247,41.084254],[37.657504,41.084271],[37.657571,41.08425],[37.657652,41.084171],[37.657719,41.083952],[37.657668,41.083874],[37.657454,41.08346],[37.657316,41.083145],[37.657249,41.082948],[37.65719,41.082712],[37.65696,41.082494],[37.656961,41.082399],[37.656996,41.082272],[37.657127,41.082221],[37.65709,41.082108],[37.657237,41.081818],[37.6571,41.08136],[37.65685,41.080995],[37.656738,41.080693],[37.656642,41.080553],[37.656588,41.080433],[37.656472,41.080301],[37.656396,41.080119],[37.656134,41.080134],[37.656083,41.080188],[37.655821,41.080212],[37.655596,41.080221],[37.655293,41.080291],[37.655127,41.080349],[37.654902,41.080377],[37.654619,41.080359],[37.654769,41.080247],[37.654877,41.080128],[37.654979,41.080029],[37.654829,41.0798],[37.654727,41.079799],[37.65465,41.079778],[37.654605,41.079723],[37.654608,41.079604],[37.654546,41.079519],[37.65444,41.079411],[37.654052,41.079342],[37.653995,41.079197],[37.654032,41.079073],[37.653976,41.078934],[37.653999,41.078888],[37.654108,41.078825],[37.654524,41.078734],[37.654579,41.078691],[37.654588,41.078596],[37.654752,41.078377],[37.654831,41.078217],[37.654978,41.078183],[37.655022,41.078225],[37.655247,41.078291],[37.655474,41.078446],[37.655501,41.078553],[37.655767,41.078485],[37.655854,41.078449],[37.655961,41.07839],[37.656171,41.078205],[37.656344,41.078033],[37.656397,41.078031],[37.656508,41.078052],[37.656787,41.077896],[37.657048,41.077695],[37.65697,41.077608],[37.656917,41.077517],[37.656877,41.077302],[37.656896,41.077216],[37.657292,41.077294],[37.657463,41.077357],[37.657628,41.077302],[37.657922,41.0773],[37.658193,41.077266],[37.658576,41.077189],[37.658651,41.077113],[37.658793,41.077452],[37.658833,41.077605],[37.658948,41.077766],[37.659232,41.077918],[37.659288,41.077928],[37.659375,41.077797],[37.659486,41.077683],[37.659548,41.077523],[37.659674,41.077395],[37.659843,41.077164],[37.660142,41.076891],[37.6606,41.076284],[37.660922,41.07603],[37.661169,41.075962],[37.661561,41.075867],[37.662216,41.075549],[37.662835,41.075221],[37.663284,41.074908],[37.663541,41.074688],[37.663869,41.074413],[37.664045,41.074232],[37.664122,41.074112],[37.6642,41.073933],[37.66424,41.07381],[37.664304,41.073683],[37.664431,41.073614],[37.66446,41.073562],[37.664495,41.07346],[37.664496,41.073378],[37.664443,41.073258],[37.664445,41.073138],[37.664493,41.073106],[37.664554,41.073079],[37.664685,41.073045],[37.664845,41.073004],[37.664958,41.072967],[37.665014,41.072925],[37.665025,41.072879],[37.664989,41.072801],[37.664953,41.072748],[37.664907,41.072712],[37.664772,41.072686],[37.664707,41.07266],[37.664606,41.072578],[37.664492,41.072435],[37.664371,41.072215],[37.664353,41.072147],[37.664308,41.072076],[37.664267,41.072019],[37.664181,41.071912],[37.664109,41.071788],[37.664091,41.071724],[37.664149,41.071643],[37.664277,41.071532],[37.664307,41.071426],[37.664324,41.071306],[37.664414,41.071244],[37.664551,41.071139],[37.664624,41.071002],[37.664616,41.070921],[37.664498,41.070785],[37.664378,41.070699],[37.664258,41.070638],[37.664221,41.070591],[37.664208,41.070545],[37.664247,41.0705],[37.664323,41.070402],[37.664439,41.070237],[37.664473,41.070142],[37.664531,41.070079],[37.664696,41.069982],[37.664862,41.069843],[37.66484,41.069768],[37.664799,41.069722],[37.664688,41.069689],[37.664359,41.069599],[37.664265,41.069585],[37.6642,41.069563],[37.664166,41.069528],[37.664173,41.069411],[37.664168,41.069323],[37.664142,41.069192],[37.664126,41.0691],[37.664072,41.068989],[37.664013,41.068876],[37.664058,41.068774],[37.664197,41.068581],[37.664274,41.068448],[37.66431,41.06831],[37.664341,41.068131],[37.664362,41.068053],[37.664344,41.067901],[37.664349,41.067806],[37.664387,41.067732],[37.664412,41.067633],[37.664415,41.067485],[37.664426,41.0674],[37.66447,41.067316],[37.66457,41.067211],[37.664581,41.067148],[37.664573,41.067081],[37.664575,41.06695],[37.66453,41.066872],[37.66479,41.066564],[37.664806,41.066275],[37.664897,41.06611],[37.665046,41.066003],[37.665156,41.065799],[37.665221,41.065547],[37.665264,41.065365],[37.665502,41.065173],[37.665573,41.065156],[37.665535,41.064926],[37.665534,41.064851],[37.665611,41.064687],[37.665891,41.064397],[37.666069,41.064352],[37.665894,41.064184],[37.665887,41.06406],[37.66606,41.063859],[37.666154,41.063737],[37.666137,41.063692],[37.666301,41.063565],[37.666629,41.063467],[37.667003,41.063088],[37.667103,41.063045],[37.667515,41.062998],[37.667645,41.062987],[37.66783,41.062946],[37.667748,41.062685],[37.66766,41.062099],[37.667594,41.062023],[37.667537,41.061983],[37.667472,41.061895],[37.667464,41.061728],[37.667308,41.061764],[37.667043,41.061475],[37.667049,41.061153],[37.667044,41.061134],[37.666742,41.061122],[37.666709,41.061169],[37.666445,41.061091],[37.666167,41.061009],[37.666083,41.061011],[37.665878,41.061076],[37.665664,41.06114],[37.665542,41.061152],[37.665412,41.061196],[37.665267,41.061293],[37.665169,41.061405],[37.664963,41.061487],[37.664702,41.061544],[37.664453,41.061599],[37.664284,41.061722],[37.664176,41.061798],[37.664101,41.061837],[37.664046,41.06191],[37.663897,41.062061],[37.663744,41.062165],[37.663495,41.062335],[37.663387,41.062409],[37.663105,41.062427],[37.662984,41.062377],[37.662835,41.062333],[37.66259,41.062291],[37.66241,41.062266],[37.66229,41.062248],[37.662049,41.062223],[37.661799,41.062206],[37.661521,41.062188],[37.661393,41.062179],[37.661321,41.062123],[37.661266,41.062107],[37.661129,41.062067],[37.660919,41.062006],[37.660673,41.0621],[37.660331,41.062229],[37.660191,41.061911],[37.659622,41.061984],[37.659596,41.061989],[37.659151,41.062172],[37.658965,41.062412],[37.658686,41.062353],[37.658163,41.062258],[37.65811,41.062273],[37.657625,41.062533],[37.657447,41.062602],[37.65731,41.062789],[37.657239,41.062806],[37.656736,41.063041],[37.656698,41.063014],[37.656403,41.062924],[37.656286,41.062939],[37.656191,41.062934],[37.655989,41.062908],[37.65557,41.06287],[37.655351,41.062888],[37.65517,41.062977],[37.655082,41.062994],[37.654907,41.063013],[37.654699,41.063038],[37.654468,41.063125],[37.654148,41.063274],[37.653913,41.063341],[37.653727,41.063342],[37.653575,41.063438],[37.653415,41.063483],[37.653197,41.063572],[37.652989,41.063646],[37.652814,41.063683],[37.652633,41.063718],[37.652535,41.063705],[37.652494,41.063684],[37.652366,41.06374],[37.652299,41.063842],[37.652107,41.063855],[37.651965,41.063844],[37.651785,41.063732],[37.651488,41.063792],[37.651371,41.063793],[37.651081,41.063873],[37.65096,41.0639],[37.650867,41.063893],[37.650776,41.063894],[37.650487,41.063937],[37.650367,41.063936],[37.650226,41.063932],[37.650106,41.063887],[37.650017,41.06384],[37.649917,41.063934],[37.64987,41.064042],[37.649732,41.064057],[37.649577,41.064056],[37.649403,41.063992],[37.649259,41.063969],[37.64911,41.063946],[37.648943,41.063975],[37.648859,41.064038],[37.648694,41.064154],[37.648688,41.064247],[37.648482,41.064452],[37.648424,41.064464],[37.648361,41.064445],[37.648301,41.064445],[37.648005,41.064402],[37.647683,41.064272],[37.647453,41.064199],[37.647327,41.064163],[37.647154,41.064097],[37.646957,41.064049],[37.646897,41.064025],[37.646653,41.063898],[37.646402,41.063868],[37.646276,41.063805],[37.646117,41.063656],[37.64601,41.063588],[37.645846,41.063617],[37.645774,41.063615],[37.645606,41.063603],[37.645439,41.063538],[37.645138,41.063516],[37.644889,41.06354],[37.64422,41.063494],[37.644099,41.063495],[37.643964,41.063531],[37.643746,41.063567],[37.64363,41.063582],[37.643353,41.063544],[37.64289,41.063649],[37.642449,41.063716],[37.642186,41.063781],[37.641946,41.063843],[37.641757,41.063845],[37.641478,41.063872],[37.641173,41.063889],[37.64097,41.06396],[37.641105,41.064119],[37.641502,41.064456],[37.641378,41.064666],[37.641351,41.064678],[37.641224,41.064713],[37.641211,41.064736],[37.641248,41.06495],[37.641218,41.065054],[37.641187,41.065173],[37.641106,41.065409],[37.64102,41.065523],[37.640932,41.065687],[37.640786,41.06586],[37.640636,41.066074],[37.640417,41.06638],[37.640443,41.066516],[37.640352,41.066687],[37.640235,41.067035],[37.640242,41.067072],[37.640184,41.067191],[37.640112,41.067339],[37.639805,41.067259],[37.63963,41.067251],[37.639275,41.067248],[37.639006,41.067186],[37.638808,41.067132],[37.638518,41.067014],[37.638376,41.066913],[37.638204,41.066918],[37.637868,41.067024],[37.637398,41.067157],[37.636962,41.067312],[37.636957,41.067334],[37.636548,41.067483],[37.636173,41.067569],[37.636014,41.067649],[37.635991,41.067698],[37.635852,41.067724],[37.635638,41.067764],[37.635471,41.06773],[37.635342,41.067711],[37.635258,41.067701],[37.635231,41.067648],[37.635102,41.067596],[37.634612,41.067598],[37.634204,41.067597],[37.634125,41.06755],[37.634086,41.06751],[37.633881,41.067278],[37.633828,41.067197],[37.633716,41.066978],[37.633492,41.06686],[37.633281,41.06677],[37.63312,41.066702],[37.632821,41.066601],[37.632536,41.066538],[37.632455,41.066518],[37.632071,41.066391],[37.632039,41.066424],[37.631515,41.066269],[37.631361,41.066205],[37.631179,41.06613],[37.63114,41.066131],[37.631006,41.066128],[37.630916,41.066157],[37.630611,41.066252],[37.630235,41.066361],[37.629865,41.066379],[37.629702,41.066374],[37.629536,41.066368],[37.629343,41.066368],[37.62921,41.066368],[37.629154,41.06637],[37.629101,41.0664],[37.629,41.066361],[37.628983,41.066358],[37.628525,41.066299],[37.627903,41.066253],[37.627824,41.066253],[37.627732,41.066456],[37.627701,41.066517],[37.627584,41.066628],[37.627362,41.06667],[37.627069,41.066707],[37.626977,41.066747],[37.62687,41.066815],[37.626573,41.066783],[37.626552,41.066774],[37.626297,41.066764],[37.626084,41.06668],[37.625838,41.066653],[37.625577,41.066681],[37.625465,41.066784],[37.625248,41.066928],[37.625058,41.066992],[37.624717,41.067072],[37.624566,41.067163],[37.624317,41.067209],[37.624107,41.06707],[37.623816,41.067069],[37.623415,41.067358],[37.623007,41.067836],[37.622882,41.068172],[37.623026,41.068451],[37.622979,41.06848],[37.622964,41.068526],[37.622921,41.068598],[37.622764,41.068659],[37.622734,41.068749],[37.622667,41.068788],[37.62254,41.068787],[37.622492,41.068786],[37.622468,41.06872],[37.622218,41.068675],[37.622123,41.06873],[37.621954,41.068771],[37.621799,41.06876],[37.621715,41.068795],[37.62168,41.068876],[37.621522,41.068942],[37.621496,41.06889],[37.621475,41.068889],[37.621314,41.068918],[37.6213,41.068921],[37.621177,41.068951],[37.620998,41.068976],[37.620861,41.068992],[37.620807,41.069054],[37.620532,41.069096],[37.620257,41.069138],[37.620102,41.069175],[37.619952,41.069211],[37.619916,41.069233],[37.619722,41.069345],[37.619584,41.069436],[37.619499,41.069507],[37.61947,41.069493],[37.619422,41.069452],[37.619347,41.069415],[37.61893,41.069441],[37.6189,41.069441],[37.618629,41.069545],[37.618594,41.069559],[37.618428,41.069539],[37.618339,41.069594],[37.617957,41.069654],[37.617768,41.069697],[37.617621,41.069709],[37.617378,41.069832],[37.617518,41.070106],[37.617657,41.070242],[37.617787,41.07037],[37.6178,41.070442],[37.617799,41.070617],[37.617889,41.070721],[37.618129,41.070843],[37.618414,41.071181],[37.618595,41.071495],[37.618803,41.071653],[37.619278,41.072027],[37.619691,41.072329],[37.620133,41.072459],[37.620462,41.07271],[37.620617,41.072907],[37.620734,41.073067],[37.620994,41.073293],[37.620931,41.073533],[37.621034,41.074063],[37.621218,41.074431],[37.621469,41.074782],[37.621448,41.074979],[37.621831,41.075028],[37.621938,41.075074],[37.622279,41.075232],[37.622656,41.075417],[37.622954,41.075585],[37.622975,41.07563],[37.623133,41.075831],[37.623289,41.076013],[37.622754,41.076165],[37.622986,41.076367],[37.623245,41.076407],[37.623409,41.076584],[37.623459,41.076636],[37.623666,41.076759],[37.623679,41.076766],[37.623775,41.076873],[37.623892,41.077001],[37.623915,41.077024],[37.624037,41.077153],[37.624293,41.07734],[37.624693,41.077449],[37.624871,41.07762],[37.62486,41.077669],[37.624965,41.077726],[37.625186,41.077902],[37.625244,41.077918],[37.625246,41.078161],[37.625294,41.078263],[37.625225,41.078277],[37.625391,41.07835],[37.625558,41.078436],[37.625633,41.078532],[37.625767,41.078566],[37.625828,41.078537],[37.625998,41.078637],[37.626043,41.07877],[37.626177,41.078775],[37.626208,41.078796],[37.626283,41.078856],[37.626293,41.078872],[37.626144,41.078936],[37.626421,41.079085],[37.626525,41.079195],[37.626716,41.079289],[37.626838,41.079383],[37.626953,41.079462],[37.627081,41.079415],[37.627182,41.079463],[37.627358,41.079535],[37.627455,41.079626],[37.627546,41.079717],[37.627928,41.079918],[37.628064,41.079922],[37.628087,41.079932],[37.628278,41.080033],[37.62841,41.080038],[37.628433,41.080089],[37.628491,41.080097],[37.628527,41.080138],[37.628661,41.080224],[37.628748,41.08025],[37.628774,41.080223],[37.628816,41.080263],[37.628916,41.080348],[37.629015,41.080415],[37.629209,41.080513],[37.629164,41.080578],[37.629231,41.080625],[37.629266,41.080648],[37.629263,41.080684],[37.629301,41.080701],[37.629341,41.080715],[37.629389,41.080734],[37.6294,41.080721],[37.629458,41.080733],[37.629514,41.080749],[37.629489,41.080797],[37.629539,41.080816],[37.629597,41.08083],[37.629598,41.080835],[37.629603,41.080841],[37.629694,41.080878],[37.62957,41.080946],[37.629544,41.080977],[37.629577,41.081102],[37.629514,41.081093],[37.629486,41.081111],[37.629371,41.081212],[37.629322,41.08128],[37.629388,41.081326],[37.629369,41.081347],[37.629326,41.081389],[37.629304,41.081434],[37.629226,41.081537],[37.629162,41.081586],[37.629011,41.08167],[37.628904,41.081705],[37.628912,41.081717],[37.628835,41.081747],[37.62882,41.081751],[37.628723,41.081832],[37.628644,41.081924],[37.628594,41.082012],[37.628599,41.082133],[37.628655,41.082199],[37.62867,41.082262],[37.628687,41.082288],[37.628687,41.08234],[37.628703,41.082402],[37.628755,41.082405],[37.628761,41.082463],[37.628704,41.082497],[37.628822,41.082639],[37.628944,41.082714],[37.628975,41.082724],[37.629131,41.082675],[37.629135,41.082679],[37.62924,41.082679],[37.629306,41.082716],[37.629368,41.082832],[37.629468,41.08294],[37.629487,41.082934],[37.629565,41.083103],[37.629557,41.083145],[37.629639,41.083171],[37.629715,41.083241],[37.629811,41.083287],[37.629948,41.083263],[37.629937,41.083314],[37.629967,41.083351],[37.629956,41.083387],[37.629965,41.083421],[37.630167,41.083476],[37.630314,41.083491],[37.630297,41.083579],[37.630344,41.083631],[37.630456,41.083684],[37.630842,41.08387],[37.630875,41.083997],[37.630845,41.084015],[37.630855,41.084071],[37.631047,41.084012],[37.630874,41.084105],[37.630896,41.084139],[37.630958,41.084201],[37.631055,41.084296],[37.631184,41.084412],[37.631199,41.084453],[37.631313,41.084493],[37.631454,41.084584],[37.631513,41.084704],[37.631581,41.084764],[37.631707,41.084743],[37.631717,41.08475],[37.631685,41.084798],[37.631825,41.084862],[37.631983,41.08502],[37.632171,41.085129],[37.632396,41.085223],[37.632604,41.085191],[37.632793,41.08526],[37.632933,41.085255],[37.632982,41.085245],[37.633418,41.085253],[37.633583,41.085259],[37.633788,41.08531],[37.633944,41.085356],[37.633938,41.085401],[37.634184,41.085455],[37.634234,41.085546],[37.634318,41.085617],[37.634413,41.085642],[37.634599,41.085563],[37.634622,41.085423],[37.634752,41.08537],[37.634892,41.085453],[37.634988,41.085433],[37.635057,41.085377],[37.635048,41.085364],[37.63533,41.085505],[37.635515,41.0857],[37.635652,41.085965],[37.635709,41.08628],[37.635671,41.086281],[37.635452,41.086417],[37.635322,41.086427],[37.63527,41.086496],[37.635227,41.086684],[37.635167,41.086804],[37.635203,41.086904],[37.635219,41.086964],[37.635173,41.087051],[37.635193,41.087282],[37.635237,41.087337],[37.635303,41.087346],[37.635359,41.087359],[37.635341,41.087523],[37.635495,41.087713],[37.635518,41.087759],[37.635639,41.087909],[37.635648,41.088053],[37.635714,41.088163],[37.635804,41.088168],[37.635858,41.088227],[37.635814,41.088275],[37.635877,41.088327],[37.636107,41.08821],[37.636169,41.088298],[37.636254,41.088377],[37.636545,41.088664],[37.636529,41.088909],[37.636592,41.089044],[37.636572,41.089106],[37.636541,41.089147],[37.636591,41.089258],[37.636691,41.089388],[37.636612,41.089414],[37.636579,41.089519],[37.636651,41.089614],[37.636606,41.089691],[37.636688,41.089805],[37.636752,41.089869],[37.636869,41.08992],[37.637112,41.090047],[37.637304,41.090151],[37.63762,41.090237],[37.638021,41.090614],[37.638029,41.090668],[37.638049,41.090712],[37.638078,41.090761],[37.638134,41.090808],[37.638227,41.090795],[37.638231,41.090772],[37.638427,41.090976],[37.63862,41.091193],[37.638721,41.091346],[37.638758,41.091465],[37.638716,41.091526],[37.638662,41.09157],[37.6386,41.091681],[37.638604,41.091899],[37.638599,41.092006],[37.638573,41.092107],[37.638635,41.092122],[37.638598,41.092357],[37.638621,41.092495],[37.638806,41.093025],[37.638684,41.093202],[37.638803,41.093449],[37.638827,41.093583],[37.638874,41.0937],[37.638964,41.093772],[37.63915,41.093669],[37.63924,41.093844],[37.639203,41.093872],[37.639201,41.093948],[37.639276,41.094056],[37.639244,41.094152],[37.639275,41.094179],[37.639493,41.09442],[37.639596,41.094523],[37.639786,41.094627],[37.639814,41.094697],[37.640043,41.094726],[37.640019,41.094811],[37.64022,41.095003],[37.640414,41.094899],[37.640504,41.094944],[37.640436,41.095025],[37.640665,41.095047],[37.641446,41.09527],[37.641522,41.095307],[37.641593,41.095333],[37.641656,41.095346],[37.641705,41.095344],[37.641798,41.095333],[37.641909,41.095307],[37.641981,41.095284],[37.642198,41.095222],[37.642328,41.095191],[37.642418,41.095175],[37.642518,41.095161],[37.64263,41.095161],[37.642717,41.095165],[37.64283,41.095182],[37.642917,41.095203],[37.642989,41.095227],[37.643076,41.09527],[37.643132,41.095305],[37.643201,41.095362],[37.643281,41.095448],[37.643331,41.095515],[37.643378,41.09561],[37.643401,41.095682],[37.643406,41.09576],[37.643404,41.095803],[37.643405,41.095804],[37.643402,41.095808],[37.643442,41.095817],[37.643609,41.095874],[37.643615,41.095877],[37.64362,41.095877],[37.643625,41.095877],[37.643631,41.095874],[37.643911,41.095751],[37.643934,41.095741],[37.643963,41.095732],[37.644132,41.095695],[37.644164,41.095687],[37.644254,41.095663],[37.644311,41.095647],[37.644549,41.095567],[37.644582,41.09556],[37.644596,41.095559]]]]}},{"type":"Feature","properties":{"id":"TR-Y-52-017-M-0035","level":"yerlesim","type":"mahalle","parent_id":"TR-D-52-017","province_id":"TR-P-52","district_id":"TR-D-52-017","name":"Mersinköy","source_raw_name":"MERSİN","source":"Kamuya açık veri ve kent rehberi servisleri","source_label":"Kamuya açık veri ve kent rehberi servisleri","source_name":"Ordu Büyükşehir Belediyesi Akıllı Şehir Açık Veri Platformu - Mahalleler"},"geometry":{"type":"MultiPolygon","coordinates":[[[[37.757912,41.119089],[37.758068,41.119017],[37.758082,41.118828],[37.758248,41.118803],[37.758163,41.118737],[37.758353,41.118552],[37.758605,41.118433],[37.758827,41.118368],[37.759166,41.118339],[37.759291,41.11843],[37.759634,41.118421],[37.759794,41.11845],[37.75988,41.118406],[37.760121,41.118311],[37.760227,41.118172],[37.760308,41.11809],[37.760429,41.117908],[37.760502,41.117698],[37.760543,41.117715],[37.760615,41.117962],[37.760691,41.117967],[37.761051,41.117768],[37.761202,41.117621],[37.761238,41.117548],[37.761321,41.117501],[37.761331,41.117401],[37.761337,41.117361],[37.761431,41.117379],[37.761614,41.11708],[37.761768,41.116861],[37.761993,41.116824],[37.762289,41.116863],[37.762796,41.116923],[37.765775,41.117275],[37.766223,41.117249],[37.766216,41.117209],[37.765786,41.117231],[37.763638,41.116979],[37.762305,41.116826],[37.762312,41.116776],[37.762471,41.116475],[37.762447,41.115993],[37.762588,41.115799],[37.762691,41.115682],[37.7631,41.115635],[37.763516,41.115671],[37.76373,41.115706],[37.763902,41.115713],[37.764083,41.115727],[37.764243,41.115735],[37.764546,41.115564],[37.764706,41.115486],[37.764921,41.115475],[37.764931,41.116163],[37.764931,41.116213],[37.764977,41.116211],[37.764976,41.116165],[37.764959,41.115391],[37.764993,41.115081],[37.765073,41.11504],[37.765293,41.11497],[37.765499,41.114793],[37.765605,41.114812],[37.765916,41.114676],[37.76592,41.114534],[37.766067,41.114319],[37.766159,41.114274],[37.766303,41.114357],[37.766401,41.114341],[37.766656,41.114357],[37.766735,41.114296],[37.76731,41.114077],[37.76741,41.114218],[37.76754,41.114294],[37.767868,41.114215],[37.768027,41.114056],[37.768374,41.11404],[37.768369,41.114014],[37.76863,41.113607],[37.76877,41.113532],[37.768853,41.113522],[37.769022,41.113474],[37.769344,41.113335],[37.769567,41.113235],[37.769718,41.113238],[37.769926,41.113247],[37.770059,41.113292],[37.770168,41.113324],[37.770262,41.113316],[37.770288,41.11329],[37.770328,41.113328],[37.770371,41.11337],[37.770447,41.11333],[37.770541,41.113305],[37.770783,41.113332],[37.770796,41.113334],[37.771082,41.113253],[37.771247,41.11327],[37.771401,41.113229],[37.771594,41.113232],[37.77164,41.113218],[37.771758,41.113199],[37.771922,41.113156],[37.771985,41.113156],[37.772162,41.113056],[37.772341,41.112934],[37.77293,41.112816],[37.773125,41.112839],[37.773443,41.11298],[37.773677,41.113127],[37.773862,41.11331],[37.774056,41.113266],[37.774256,41.113229],[37.774504,41.113156],[37.774899,41.113139],[37.775226,41.113128],[37.775258,41.113118],[37.775183,41.113069],[37.775115,41.113021],[37.774798,41.112801],[37.774739,41.112743],[37.774717,41.112692],[37.774718,41.112634],[37.774776,41.112593],[37.774907,41.112512],[37.774963,41.112492],[37.774998,41.112452],[37.775103,41.112273],[37.775246,41.112043],[37.775379,41.111833],[37.775445,41.11175],[37.775543,41.111611],[37.775583,41.111569],[37.775596,41.111489],[37.775586,41.111407],[37.775575,41.111349],[37.775576,41.111286],[37.775597,41.111199],[37.775608,41.111077],[37.775604,41.111035],[37.775582,41.110974],[37.775565,41.110907],[37.775545,41.110851],[37.775558,41.110806],[37.775589,41.110738],[37.775654,41.110603],[37.775669,41.110542],[37.775667,41.110489],[37.775643,41.110423],[37.775607,41.110131],[37.775609,41.110052],[37.775584,41.110001],[37.775541,41.109969],[37.775463,41.109934],[37.775397,41.109879],[37.775371,41.109819],[37.775312,41.109481],[37.775157,41.10887],[37.775145,41.108783],[37.775113,41.108742],[37.774823,41.108465],[37.77475,41.108407],[37.774721,41.108342],[37.774697,41.108265],[37.774651,41.108182],[37.774494,41.108044],[37.774091,41.107738],[37.773993,41.10767],[37.773839,41.107595],[37.773746,41.107551],[37.773673,41.107506],[37.773618,41.107452],[37.773559,41.107381],[37.773526,41.107323],[37.773481,41.107258],[37.773437,41.107235],[37.773362,41.107224],[37.773318,41.107204],[37.773298,41.107141],[37.773284,41.107024],[37.773273,41.106891],[37.773231,41.106805],[37.77312,41.10658],[37.773093,41.106508],[37.773095,41.10643],[37.773152,41.106301],[37.773253,41.106115],[37.773426,41.105874],[37.773427,41.105804],[37.773356,41.10554],[37.773306,41.105394],[37.773274,41.10535],[37.773249,41.105331],[37.773208,41.105296],[37.773188,41.105259],[37.773137,41.104912],[37.773124,41.104497],[37.773122,41.104463],[37.773111,41.104442],[37.773079,41.10444],[37.773018,41.104443],[37.772907,41.104465],[37.772547,41.104583],[37.772433,41.104613],[37.772071,41.104619],[37.771595,41.104569],[37.771298,41.104349],[37.771239,41.104427],[37.771194,41.104519],[37.77084,41.104571],[37.770594,41.104827],[37.770541,41.105099],[37.770445,41.105231],[37.770301,41.105356],[37.770134,41.105597],[37.769893,41.10554],[37.769765,41.105535],[37.769719,41.105645],[37.769725,41.105745],[37.769739,41.10586],[37.769759,41.105967],[37.769738,41.106253],[37.769732,41.106364],[37.769545,41.106432],[37.769418,41.106504],[37.769325,41.106425],[37.769003,41.106231],[37.768969,41.106202],[37.768859,41.106116],[37.768782,41.106065],[37.768666,41.105958],[37.768524,41.105966],[37.768503,41.105972],[37.768246,41.105837],[37.768027,41.105835],[37.767922,41.105801],[37.767875,41.10579],[37.767644,41.10574],[37.767442,41.105623],[37.76747,41.105368],[37.767184,41.105321],[37.766978,41.105405],[37.766601,41.105775],[37.766611,41.105824],[37.7666,41.105835],[37.766185,41.105855],[37.765711,41.10586],[37.765436,41.105783],[37.765186,41.105783],[37.765006,41.105808],[37.764933,41.105885],[37.76485,41.106055],[37.764798,41.106159],[37.764752,41.106237],[37.7647,41.106348],[37.764655,41.106447],[37.764682,41.106587],[37.764665,41.106958],[37.764639,41.106956],[37.764412,41.106759],[37.764069,41.10645],[37.763972,41.10618],[37.763526,41.105918],[37.763226,41.105745],[37.763107,41.105513],[37.762967,41.105413],[37.762949,41.105416],[37.762784,41.105441],[37.76278,41.105429],[37.762832,41.105315],[37.762935,41.105099],[37.762913,41.105056],[37.762882,41.104997],[37.762875,41.104982],[37.762865,41.104896],[37.762854,41.104854],[37.762844,41.104736],[37.762841,41.104606],[37.762847,41.104507],[37.762848,41.10448],[37.76284,41.104462],[37.76275,41.104361],[37.762729,41.104349],[37.76248,41.104056],[37.762291,41.103707],[37.762436,41.103585],[37.762495,41.103437],[37.762311,41.103424],[37.762214,41.103412],[37.762161,41.103402],[37.762086,41.103385],[37.761938,41.103373],[37.761713,41.103424],[37.761508,41.103492],[37.761339,41.103584],[37.761189,41.103669],[37.761251,41.103829],[37.761448,41.103891],[37.761506,41.103988],[37.761557,41.10406],[37.761632,41.104191],[37.761607,41.104251],[37.76163,41.104437],[37.761623,41.104575],[37.761602,41.1046],[37.761464,41.104704],[37.761341,41.104801],[37.76105,41.105013],[37.760894,41.104941],[37.760685,41.10486],[37.76051,41.104793],[37.760438,41.104766],[37.760415,41.10491],[37.760168,41.105058],[37.760097,41.105166],[37.76001,41.105248],[37.759955,41.105304],[37.75988,41.105455],[37.759728,41.105532],[37.759678,41.105677],[37.75961,41.105907],[37.759541,41.105939],[37.759415,41.105957],[37.759216,41.105834],[37.759019,41.105715],[37.758782,41.105867],[37.758588,41.105822],[37.758511,41.105907],[37.758594,41.10618],[37.75867,41.106522],[37.758748,41.106936],[37.759007,41.106897],[37.759086,41.106963],[37.759087,41.107062],[37.759296,41.10706],[37.759452,41.107079],[37.759884,41.10712],[37.759947,41.107242],[37.759927,41.107408],[37.759881,41.107553],[37.759873,41.107667],[37.759655,41.107822],[37.759343,41.10799],[37.759167,41.108086],[37.758901,41.108188],[37.758678,41.108267],[37.758639,41.108452],[37.75856,41.108523],[37.758489,41.108535],[37.758399,41.10856],[37.758098,41.108519],[37.758066,41.108607],[37.758005,41.108636],[37.757925,41.108607],[37.757831,41.108626],[37.757678,41.108643],[37.757454,41.108702],[37.757413,41.108661],[37.757251,41.108581],[37.757004,41.108528],[37.756812,41.108462],[37.756769,41.108474],[37.756659,41.10847],[37.756586,41.10839],[37.756272,41.108337],[37.756325,41.108268],[37.756335,41.108203],[37.756292,41.108184],[37.756189,41.108147],[37.756118,41.108124],[37.75604,41.108125],[37.755942,41.108095],[37.755812,41.108051],[37.75558,41.108107],[37.75543,41.108088],[37.755227,41.10807],[37.755056,41.108104],[37.754788,41.108193],[37.754737,41.108072],[37.754693,41.107981],[37.75467,41.107916],[37.754693,41.107607],[37.754648,41.107426],[37.754583,41.107257],[37.754283,41.10741],[37.754191,41.10746],[37.754148,41.107501],[37.753944,41.107591],[37.753863,41.107563],[37.753744,41.107522],[37.753592,41.107518],[37.753303,41.107309],[37.75325,41.107067],[37.753235,41.107009],[37.753139,41.106911],[37.752803,41.106886],[37.752688,41.106964],[37.752507,41.107115],[37.752416,41.107467],[37.752271,41.107623],[37.752086,41.107786],[37.752103,41.10783],[37.752007,41.108089],[37.751766,41.108362],[37.751565,41.10845],[37.751282,41.108523],[37.751077,41.108641],[37.750765,41.108909],[37.75055,41.109129],[37.750394,41.109252],[37.750229,41.109353],[37.750113,41.10947],[37.749909,41.109727],[37.749868,41.109802],[37.749855,41.109864],[37.749888,41.109892],[37.750129,41.109938],[37.750136,41.10995],[37.750229,41.110044],[37.750249,41.110106],[37.750251,41.110163],[37.750275,41.110615],[37.750268,41.110679],[37.750371,41.110672],[37.750605,41.110708],[37.750761,41.110708],[37.751167,41.110793],[37.750849,41.111035],[37.750597,41.111128],[37.75051,41.111132],[37.750412,41.111181],[37.750421,41.111235],[37.750386,41.111311],[37.75031,41.111473],[37.750307,41.111555],[37.750336,41.111631],[37.750426,41.111706],[37.75059,41.11184],[37.750742,41.111938],[37.750879,41.112049],[37.75098,41.112132],[37.751072,41.112217],[37.75108,41.112261],[37.751071,41.112353],[37.751103,41.112626],[37.751201,41.112765],[37.751303,41.112828],[37.751203,41.112973],[37.751003,41.112899],[37.750828,41.112699],[37.750737,41.112507],[37.750551,41.112518],[37.750491,41.112537],[37.750359,41.112634],[37.750256,41.112734],[37.750204,41.112804],[37.750124,41.11293],[37.750047,41.113073],[37.749974,41.113181],[37.749901,41.113266],[37.749873,41.113288],[37.749846,41.113277],[37.749777,41.113245],[37.749649,41.113188],[37.749472,41.113115],[37.749383,41.112993],[37.749351,41.112934],[37.749323,41.112922],[37.749303,41.112922],[37.749281,41.112933],[37.74927,41.11295],[37.749229,41.113071],[37.749208,41.113186],[37.749198,41.11324],[37.749185,41.113341],[37.749163,41.113554],[37.749172,41.113592],[37.7492,41.113676],[37.749228,41.113767],[37.7492,41.113783],[37.749111,41.113771],[37.749108,41.113775],[37.749081,41.113779],[37.74902,41.113837],[37.748975,41.113905],[37.748933,41.113993],[37.748932,41.114053],[37.74895,41.114127],[37.748974,41.114182],[37.74898,41.114221],[37.748961,41.114234],[37.748934,41.114238],[37.748807,41.114173],[37.748723,41.114133],[37.748687,41.114087],[37.748642,41.114049],[37.748533,41.113966],[37.74849,41.113964],[37.748343,41.113989],[37.748282,41.114002],[37.748257,41.114004],[37.748195,41.114024],[37.748015,41.113956],[37.747937,41.113895],[37.747794,41.113696],[37.747694,41.113666],[37.747511,41.113457],[37.747405,41.113374],[37.747349,41.113365],[37.746886,41.113487],[37.746828,41.113531],[37.746756,41.113615],[37.746654,41.11381],[37.746566,41.11396],[37.746514,41.114038],[37.746486,41.114054],[37.746456,41.11406],[37.746378,41.11406],[37.746324,41.114063],[37.746246,41.114094],[37.746082,41.114181],[37.746021,41.114246],[37.746009,41.114305],[37.746006,41.114398],[37.74602,41.114444],[37.746047,41.114494],[37.746044,41.114528],[37.746015,41.114556],[37.745975,41.114588],[37.745961,41.114635],[37.745983,41.11472],[37.745992,41.11479],[37.745998,41.114865],[37.746003,41.114959],[37.745999,41.115069],[37.745993,41.115132],[37.745981,41.11516],[37.745966,41.115174],[37.745931,41.115199],[37.745823,41.11526],[37.745763,41.115288],[37.745697,41.115305],[37.745489,41.115357],[37.74547,41.115358],[37.745449,41.11535],[37.745408,41.115287],[37.74534,41.115224],[37.745236,41.115158],[37.744987,41.115124],[37.744885,41.115136],[37.744861,41.115136],[37.744757,41.11515],[37.744716,41.115155],[37.744506,41.115184],[37.74428,41.115199],[37.744276,41.115203],[37.744161,41.115252],[37.744097,41.115304],[37.743905,41.11547],[37.743882,41.115506],[37.74388,41.115539],[37.74389,41.115563],[37.743909,41.11558],[37.743954,41.115624],[37.74397,41.115659],[37.744003,41.115756],[37.744014,41.115802],[37.744027,41.115829],[37.744059,41.115844],[37.744117,41.115862],[37.744238,41.115898],[37.744262,41.115907],[37.744284,41.115938],[37.744307,41.116014],[37.74431,41.116057],[37.744328,41.11613],[37.744349,41.116179],[37.744365,41.116212],[37.744367,41.116248],[37.744343,41.11629],[37.744311,41.116322],[37.744276,41.116357],[37.744261,41.116394],[37.744252,41.116444],[37.744245,41.11649],[37.744227,41.116545],[37.744105,41.116988],[37.744085,41.117092],[37.744146,41.11708],[37.744526,41.117101],[37.744643,41.116981],[37.745265,41.11729],[37.745406,41.11736],[37.745477,41.117418],[37.745568,41.117491],[37.745589,41.11746],[37.745785,41.117408],[37.745876,41.117597],[37.745986,41.117636],[37.746058,41.117584],[37.746968,41.117587],[37.747105,41.117631],[37.747257,41.117622],[37.7474,41.11774],[37.74751,41.117727],[37.74765,41.117706],[37.747822,41.117752],[37.74794,41.11769],[37.748049,41.117783],[37.748246,41.11779],[37.748371,41.117856],[37.748447,41.117872],[37.748476,41.117844],[37.748604,41.117859],[37.748834,41.118023],[37.748946,41.118069],[37.749393,41.118127],[37.74986,41.118326],[37.750088,41.118284],[37.750283,41.118381],[37.750372,41.118503],[37.750509,41.118588],[37.750654,41.118567],[37.751352,41.118602],[37.75143,41.118714],[37.751635,41.118827],[37.751693,41.118981],[37.751928,41.119065],[37.752055,41.119082],[37.752134,41.119098],[37.752226,41.119001],[37.752477,41.118974],[37.752628,41.118908],[37.752726,41.118899],[37.753062,41.118956],[37.753146,41.118847],[37.753336,41.118853],[37.753517,41.11872],[37.753744,41.118784],[37.753916,41.118756],[37.754013,41.118765],[37.754107,41.118841],[37.754296,41.118827],[37.754375,41.118782],[37.75444,41.118789],[37.754733,41.118697],[37.755073,41.118683],[37.755343,41.118768],[37.755438,41.118679],[37.75548,41.118634],[37.755914,41.118673],[37.756358,41.118775],[37.756554,41.118815],[37.75688,41.118883],[37.757015,41.118828],[37.757226,41.118735],[37.757364,41.118715],[37.757656,41.119085],[37.757727,41.119084],[37.757817,41.119138],[37.757907,41.119254],[37.75798,41.11926],[37.757912,41.119089]]]]}},{"type":"Feature","properties":{"id":"TR-Y-52-017-M-0036","level":"yerlesim","type":"mahalle","parent_id":"TR-D-52-017","province_id":"TR-P-52","district_id":"TR-D-52-017","name":"Neneli","source_raw_name":"NENELİ","source":"Kamuya açık veri ve kent rehberi servisleri","source_label":"Kamuya açık veri ve kent rehberi servisleri","source_name":"Ordu Büyükşehir Belediyesi Akıllı Şehir Açık Veri Platformu - Mahalleler"},"geometry":{"type":"MultiPolygon","coordinates":[[[[37.769745,41.00072],[37.769795,41.000396],[37.770407,41.000585],[37.770524,41.000476],[37.770858,41.000248],[37.770903,41.000156],[37.770935,41.00013],[37.771138,41.000014],[37.771302,40.999874],[37.771604,40.999671],[37.771471,40.999588],[37.771207,40.99945],[37.7711,40.999378],[37.770961,40.999244],[37.770828,40.999069],[37.770899,40.999029],[37.770975,40.999008],[37.771041,40.998984],[37.771126,40.998976],[37.771208,40.998955],[37.771312,40.998932],[37.77143,40.998894],[37.771567,40.998835],[37.77166,40.998768],[37.771722,40.998595],[37.771797,40.99833],[37.771847,40.998148],[37.771931,40.997951],[37.771969,40.997911],[37.772049,40.997912],[37.772431,40.997955],[37.772578,40.997966],[37.772581,40.997966],[37.772832,40.99789],[37.773311,40.99782],[37.773348,40.997724],[37.773517,40.997672],[37.773795,40.997593],[37.773959,40.997519],[37.774011,40.997495],[37.774225,40.997444],[37.774647,40.997481],[37.774824,40.997489],[37.774915,40.997331],[37.77523,40.997299],[37.775537,40.997286],[37.775642,40.99728],[37.776107,40.99736],[37.776227,40.997271],[37.776247,40.997234],[37.776356,40.996954],[37.776428,40.996719],[37.77675,40.99648],[37.776952,40.99641],[37.777186,40.996396],[37.777302,40.996389],[37.777636,40.996386],[37.77779,40.996351],[37.777852,40.996336],[37.778043,40.996284],[37.778319,40.996119],[37.778376,40.99604],[37.778542,40.995866],[37.778599,40.995833],[37.778708,40.99569],[37.778782,40.995543],[37.778798,40.995529],[37.77884,40.995507],[37.778925,40.995497],[37.779026,40.995499],[37.779086,40.995495],[37.779136,40.995498],[37.77923,40.99551],[37.779302,40.995513],[37.779388,40.995517],[37.77958,40.995519],[37.779655,40.995522],[37.779764,40.995528],[37.779839,40.995529],[37.779932,40.995532],[37.780005,40.995544],[37.780052,40.995569],[37.780101,40.995596],[37.780111,40.995615],[37.780119,40.99564],[37.780128,40.995672],[37.780126,40.995709],[37.78012,40.995741],[37.780114,40.995832],[37.780104,40.995881],[37.7801,40.995923],[37.780086,40.99596],[37.780054,40.996003],[37.780024,40.996043],[37.780022,40.996112],[37.780031,40.996182],[37.780059,40.99627],[37.780099,40.996356],[37.780133,40.996403],[37.780172,40.996416],[37.780208,40.9964],[37.780316,40.996402],[37.780514,40.996347],[37.780882,40.996255],[37.780953,40.99625],[37.781192,40.996269],[37.781221,40.996301],[37.781251,40.996318],[37.781285,40.996332],[37.781344,40.996361],[37.781421,40.9964],[37.78143,40.996407],[37.781431,40.996414],[37.781429,40.99643],[37.781426,40.996459],[37.781421,40.996476],[37.781426,40.996491],[37.781452,40.996516],[37.781507,40.996563],[37.781575,40.99661],[37.781619,40.996634],[37.781662,40.996661],[37.781769,40.996708],[37.781869,40.996744],[37.781976,40.996783],[37.781997,40.996795],[37.782006,40.996805],[37.782015,40.996818],[37.782024,40.996834],[37.782078,40.996979],[37.782098,40.997012],[37.782112,40.997026],[37.782145,40.99704],[37.78221,40.997053],[37.782232,40.997057],[37.782255,40.997058],[37.782315,40.997059],[37.782351,40.997061],[37.782394,40.997065],[37.782414,40.997076],[37.782458,40.997087],[37.782522,40.9971],[37.782636,40.997148],[37.782724,40.997206],[37.782808,40.997238],[37.78311,40.997387],[37.783147,40.9974],[37.783162,40.997402],[37.78321,40.997399],[37.783227,40.997399],[37.783327,40.997425],[37.783348,40.997431],[37.783355,40.997438],[37.783357,40.997445],[37.783358,40.997453],[37.783354,40.997465],[37.783348,40.997504],[37.783341,40.997578],[37.783339,40.997622],[37.783342,40.997691],[37.783354,40.997745],[37.783367,40.997761],[37.783404,40.997771],[37.783478,40.997777],[37.783491,40.997776],[37.783506,40.997773],[37.78353,40.997763],[37.78357,40.997739],[37.78364,40.997702],[37.783659,40.997694],[37.783701,40.997695],[37.783798,40.997715],[37.783832,40.99772],[37.78387,40.99773],[37.783908,40.997748],[37.783935,40.997756],[37.783968,40.997768],[37.784026,40.997792],[37.784043,40.997803],[37.78408,40.997822],[37.784112,40.997849],[37.784132,40.997878],[37.78417,40.99794],[37.784202,40.997989],[37.784234,40.998071],[37.784257,40.998263],[37.784286,40.998302],[37.784296,40.998317],[37.784327,40.998338],[37.784369,40.998352],[37.784426,40.998355],[37.784483,40.998357],[37.784552,40.998361],[37.784604,40.998364],[37.784645,40.99838],[37.784655,40.998394],[37.784673,40.998412],[37.784687,40.998422],[37.78471,40.998428],[37.784743,40.998437],[37.784788,40.998441],[37.784842,40.998432],[37.784879,40.998428],[37.784892,40.998437],[37.784903,40.998456],[37.784933,40.9985],[37.784967,40.998552],[37.784992,40.998566],[37.785025,40.998572],[37.785072,40.998581],[37.785133,40.99858],[37.785208,40.99857],[37.7853,40.998561],[37.785368,40.998556],[37.785396,40.998572],[37.785407,40.99859],[37.785419,40.998605],[37.785435,40.998619],[37.785451,40.998621],[37.785484,40.998618],[37.785515,40.998595],[37.785577,40.998558],[37.785619,40.998537],[37.78564,40.998538],[37.785647,40.99854],[37.785654,40.998552],[37.785661,40.998573],[37.78566,40.998598],[37.785674,40.998607],[37.785712,40.998613],[37.786066,40.998592],[37.786449,40.998594],[37.78658,40.998613],[37.786816,40.998677],[37.78695,40.998764],[37.787013,40.998804],[37.787154,40.998864],[37.787263,40.998935],[37.787463,40.999041],[37.787627,40.999128],[37.787824,40.999267],[37.787877,40.999296],[37.787951,40.999335],[37.788016,40.999381],[37.788223,40.999607],[37.78839,40.999715],[37.788544,40.999836],[37.788603,40.999762],[37.78874,40.99962],[37.788836,40.999547],[37.788904,40.999468],[37.78899,40.999424],[37.789,40.999339],[37.789057,40.999312],[37.789116,40.999226],[37.7892,40.999192],[37.789314,40.999148],[37.78944,40.999161],[37.789529,40.999202],[37.789692,40.999192],[37.789825,40.99918],[37.78991,40.999202],[37.790015,40.99918],[37.790217,40.999109],[37.790403,40.999059],[37.790454,40.999048],[37.790557,40.99904],[37.790658,40.999089],[37.790707,40.999186],[37.790768,40.999286],[37.790945,40.999403],[37.791129,40.999493],[37.791245,40.999549],[37.791365,40.999604],[37.791571,40.99967],[37.791644,40.999633],[37.791969,40.999468],[37.791985,40.999412],[37.792037,40.999331],[37.792096,40.99923],[37.79213,40.999198],[37.792159,40.999118],[37.792239,40.999048],[37.792441,40.99898],[37.792472,40.998955],[37.792564,40.998951],[37.792659,40.998931],[37.792812,40.998901],[37.79278,40.998896],[37.7928,40.998886],[37.793,40.998796],[37.793112,40.998725],[37.793277,40.998648],[37.793644,40.99853],[37.793842,40.998475],[37.794003,40.998442],[37.794064,40.998449],[37.794069,40.998533],[37.794058,40.998642],[37.794034,40.998734],[37.794035,40.998797],[37.794055,40.998937],[37.794118,40.999038],[37.794272,40.999026],[37.794395,40.999009],[37.794598,40.998985],[37.794698,40.998955],[37.794814,40.998912],[37.79492,40.998885],[37.79506,40.998881],[37.795088,40.998846],[37.795106,40.998714],[37.79512,40.998521],[37.795273,40.99837],[37.795312,40.998303],[37.795312,40.998253],[37.795285,40.998129],[37.795447,40.99804],[37.795703,40.99797],[37.795804,40.997918],[37.795955,40.997789],[37.795964,40.997611],[37.796051,40.997547],[37.796157,40.997428],[37.796179,40.997325],[37.796204,40.997261],[37.7963,40.997247],[37.796501,40.997108],[37.796556,40.99702],[37.796584,40.996932],[37.796703,40.996901],[37.796798,40.996881],[37.79691,40.996727],[37.797136,40.996691],[37.797134,40.996634],[37.797168,40.996571],[37.797227,40.996504],[37.797273,40.996452],[37.797318,40.996439],[37.797544,40.996363],[37.797655,40.99632],[37.797797,40.996188],[37.797852,40.996199],[37.79802,40.996195],[37.798115,40.996104],[37.798209,40.996108],[37.798317,40.996077],[37.798381,40.996025],[37.798389,40.996014],[37.797962,40.99586],[37.797613,40.995866],[37.797377,40.995669],[37.797294,40.995207],[37.797018,40.994827],[37.796717,40.994481],[37.796559,40.994142],[37.796894,40.994129],[37.797711,40.994501],[37.79931,40.994853],[37.800797,40.99472],[37.801882,40.994647],[37.802867,40.994447],[37.80329,40.994396],[37.803545,40.994418],[37.803902,40.994384],[37.803991,40.994326],[37.804372,40.994238],[37.805155,40.994102],[37.805294,40.994038],[37.805483,40.994089],[37.806091,40.994121],[37.806594,40.994022],[37.806788,40.993643],[37.80698,40.993509],[37.807142,40.993481],[37.80748,40.993186],[37.807853,40.99293],[37.808258,40.992525],[37.808244,40.991979],[37.808427,40.991755],[37.808708,40.991648],[37.808894,40.99165],[37.809366,40.991855],[37.809668,40.991883],[37.810088,40.991621],[37.810125,40.991557],[37.810133,40.991545],[37.810285,40.991529],[37.810285,40.991518],[37.81043,40.991442],[37.810692,40.991172],[37.810747,40.991147],[37.810918,40.990947],[37.810927,40.990953],[37.811022,40.990853],[37.81116,40.990729],[37.811251,40.99066],[37.810259,40.989895],[37.809924,40.989724],[37.808948,40.98954],[37.808734,40.989557],[37.808465,40.989543],[37.807766,40.989705],[37.807409,40.989741],[37.806957,40.989583],[37.806674,40.989284],[37.806334,40.988848],[37.806195,40.988554],[37.805526,40.987321],[37.805499,40.987113],[37.805368,40.986971],[37.805164,40.986837],[37.804672,40.986675],[37.803578,40.986156],[37.803285,40.986145],[37.80275,40.986386],[37.802241,40.986591],[37.801616,40.986917],[37.801406,40.987129],[37.80136,40.987414],[37.801224,40.987495],[37.799963,40.987789],[37.799662,40.987772],[37.799511,40.987841],[37.799264,40.987825],[37.799015,40.987733],[37.79884,40.98772],[37.798482,40.987923],[37.798297,40.988281],[37.798043,40.98862],[37.797969,40.988806],[37.797923,40.988974],[37.79781,40.989084],[37.797594,40.989125],[37.797359,40.989277],[37.797299,40.989518],[37.797111,40.989644],[37.79647,40.989668],[37.795927,40.989613],[37.795603,40.989491],[37.79535,40.989228],[37.795219,40.988996],[37.795232,40.988437],[37.795297,40.98821],[37.795394,40.988008],[37.795601,40.987831],[37.796238,40.987537],[37.796411,40.987403],[37.797255,40.987037],[37.797332,40.986723],[37.797453,40.986407],[37.797506,40.98624],[37.797433,40.986114],[37.797252,40.985841],[37.79706,40.985004],[37.796411,40.984548],[37.795627,40.984556],[37.795385,40.984861],[37.795304,40.985215],[37.795318,40.985592],[37.795031,40.985839],[37.794645,40.986795],[37.794463,40.986942],[37.793632,40.986828],[37.793137,40.986478],[37.792308,40.985783],[37.791323,40.985445],[37.791254,40.98532],[37.791123,40.985333],[37.790973,40.985353],[37.790828,40.985358],[37.790611,40.985384],[37.790452,40.985518],[37.790322,40.985644],[37.790165,40.985774],[37.790382,40.985856],[37.790339,40.985922],[37.790252,40.986053],[37.790126,40.986187],[37.790043,40.986232],[37.789999,40.986233],[37.789863,40.98621],[37.789522,40.98613],[37.789392,40.986076],[37.789345,40.986118],[37.789141,40.986083],[37.788958,40.986051],[37.788706,40.986001],[37.788708,40.986008],[37.78858,40.985985],[37.78822,40.985923],[37.787346,40.985771],[37.786798,40.985658],[37.786803,40.985632],[37.786815,40.985575],[37.786276,40.98538],[37.785935,40.985422],[37.78589,40.985417],[37.785811,40.985408],[37.785627,40.985476],[37.785621,40.985506],[37.785611,40.985505],[37.785548,40.985498],[37.785489,40.985492],[37.785425,40.985486],[37.785366,40.985481],[37.785303,40.985475],[37.785244,40.98547],[37.78518,40.985465],[37.785121,40.98546],[37.78506,40.985456],[37.785001,40.985452],[37.784902,40.985365],[37.784572,40.985296],[37.784566,40.985286],[37.78454,40.985246],[37.784538,40.98522],[37.784389,40.985139],[37.784119,40.985075],[37.783876,40.984951],[37.783052,40.984855],[37.782771,40.985054],[37.782508,40.985517],[37.782314,40.986477],[37.782318,40.98648],[37.782327,40.986713],[37.782254,40.986854],[37.782287,40.987058],[37.782222,40.987198],[37.782128,40.98749],[37.782012,40.987695],[37.781819,40.987863],[37.781562,40.988116],[37.781404,40.988234],[37.781287,40.988371],[37.781204,40.988568],[37.781103,40.988783],[37.780976,40.988919],[37.780798,40.989097],[37.780747,40.989129],[37.780693,40.989144],[37.780469,40.989266],[37.780089,40.989377],[37.779873,40.989402],[37.779569,40.989442],[37.779259,40.989433],[37.778922,40.989269],[37.778722,40.98921],[37.778437,40.989156],[37.778163,40.989088],[37.77788,40.988966],[37.777744,40.988866],[37.777606,40.988745],[37.777391,40.988545],[37.777259,40.988353],[37.777029,40.988059],[37.776982,40.987941],[37.776862,40.987777],[37.777052,40.98753],[37.777169,40.987429],[37.777222,40.987343],[37.777454,40.987152],[37.777752,40.986894],[37.777845,40.986644],[37.777874,40.986295],[37.777855,40.985751],[37.777849,40.985587],[37.777687,40.985567],[37.777519,40.985542],[37.77734,40.985428],[37.777072,40.985249],[37.776861,40.985109],[37.77665,40.984938],[37.776552,40.984858],[37.776525,40.984794],[37.776404,40.984736],[37.776099,40.984632],[37.775884,40.984529],[37.775733,40.98445],[37.775493,40.984299],[37.775139,40.984307],[37.774574,40.984123],[37.774341,40.984062],[37.774148,40.983998],[37.773819,40.983822],[37.773596,40.98369],[37.773439,40.983516],[37.773371,40.983381],[37.77333,40.983284],[37.773294,40.983152],[37.773272,40.982988],[37.773278,40.98284],[37.773381,40.982569],[37.773507,40.98239],[37.773515,40.982371],[37.773682,40.982118],[37.773876,40.981927],[37.774061,40.981731],[37.77406,40.981588],[37.773883,40.981262],[37.773766,40.981182],[37.773623,40.980987],[37.77322,40.980907],[37.772994,40.981001],[37.772758,40.98113],[37.772549,40.981328],[37.772292,40.981637],[37.772234,40.981708],[37.772003,40.981908],[37.771964,40.982037],[37.77191,40.9822],[37.771823,40.982341],[37.771686,40.982484],[37.771571,40.982541],[37.77127,40.982531],[37.771098,40.982505],[37.770805,40.982433],[37.770399,40.982111],[37.769994,40.981843],[37.769491,40.981648],[37.768867,40.981516],[37.768119,40.981591],[37.767942,40.981674],[37.767689,40.981901],[37.767692,40.981994],[37.76708,40.982582],[37.766231,40.983189],[37.766098,40.983256],[37.765879,40.983313],[37.765477,40.983338],[37.764944,40.983336],[37.76476,40.983416],[37.764689,40.983432],[37.76457,40.983432],[37.764491,40.983413],[37.763889,40.983601],[37.763668,40.983726],[37.763649,40.983737],[37.763572,40.983781],[37.763483,40.983883],[37.763386,40.983969],[37.763533,40.984839],[37.763299,40.984996],[37.763028,40.985418],[37.762956,40.985745],[37.762917,40.985888],[37.76295,40.986076],[37.763164,40.986238],[37.763131,40.986331],[37.763169,40.986419],[37.763257,40.986527],[37.762811,40.986701],[37.762877,40.986955],[37.762837,40.9872],[37.762873,40.987219],[37.762908,40.987223],[37.763025,40.98735],[37.76309,40.98749],[37.763155,40.987512],[37.763289,40.987654],[37.76332,40.987734],[37.763208,40.987761],[37.762903,40.987796],[37.762895,40.98776],[37.762854,40.987709],[37.762799,40.987669],[37.762653,40.98763],[37.762433,40.987629],[37.762235,40.987753],[37.762085,40.987835],[37.76198,40.988169],[37.762088,40.988309],[37.761974,40.988533],[37.761895,40.988573],[37.761866,40.988588],[37.761556,40.98889],[37.761632,40.989275],[37.761666,40.989316],[37.761515,40.989421],[37.761494,40.989655],[37.761035,40.989648],[37.761152,40.989881],[37.761269,40.990077],[37.761382,40.990175],[37.761076,40.990313],[37.760832,40.990366],[37.760874,40.991016],[37.760752,40.991096],[37.760519,40.990867],[37.760255,40.991006],[37.760249,40.99123],[37.760004,40.991343],[37.759778,40.991389],[37.759757,40.991439],[37.75969,40.991421],[37.759624,40.991395],[37.759364,40.991264],[37.75882,40.991296],[37.758796,40.991308],[37.758773,40.99166],[37.758516,40.991899],[37.758085,40.992191],[37.757452,40.992616],[37.757396,40.992699],[37.757125,40.993257],[37.7568,40.993285],[37.756506,40.99336],[37.756178,40.993612],[37.756219,40.99382],[37.756184,40.993826],[37.756063,40.993981],[37.755703,40.99397],[37.755543,40.993929],[37.755484,40.994278],[37.755544,40.994308],[37.755806,40.994367],[37.756007,40.994604],[37.7561,40.994929],[37.75622,40.99499],[37.756419,40.9952],[37.756441,40.995442],[37.756521,40.995599],[37.756659,40.995674],[37.756818,40.995727],[37.756753,40.995927],[37.756759,40.996053],[37.75678,40.996224],[37.756846,40.996372],[37.757127,40.996082],[37.757176,40.995995],[37.757343,40.995885],[37.757432,40.995861],[37.757638,40.995838],[37.757654,40.995882],[37.757869,40.995904],[37.758061,40.995885],[37.758142,40.9959],[37.758221,40.995943],[37.758292,40.995961],[37.758336,40.996013],[37.758457,40.996113],[37.758698,40.996105],[37.758681,40.996153],[37.758671,40.996317],[37.758699,40.996332],[37.758812,40.99638],[37.758782,40.996551],[37.758807,40.996697],[37.758958,40.996745],[37.759321,40.996963],[37.7594,40.997089],[37.759589,40.997152],[37.759794,40.997239],[37.759975,40.997183],[37.760064,40.997258],[37.760265,40.99738],[37.760355,40.997499],[37.760344,40.997517],[37.760446,40.997499],[37.76056,40.99768],[37.760663,40.997839],[37.760756,40.997945],[37.760923,40.997806],[37.761047,40.997676],[37.761105,40.997665],[37.761091,40.997541],[37.761288,40.997426],[37.761486,40.997526],[37.761893,40.997651],[37.762084,40.997697],[37.762182,40.997744],[37.76238,40.997761],[37.762696,40.997912],[37.762878,40.997969],[37.763068,40.998011],[37.763187,40.99803],[37.763359,40.997984],[37.763743,40.997854],[37.764058,40.997796],[37.764122,40.997827],[37.764177,40.997877],[37.764411,40.998064],[37.764796,40.998245],[37.765024,40.998357],[37.76527,40.998468],[37.765399,40.998551],[37.765347,40.998626],[37.765214,40.998693],[37.765139,40.99881],[37.765232,40.998881],[37.765466,40.998981],[37.765667,40.998996],[37.76583,40.99909],[37.766041,40.999196],[37.766176,40.999232],[37.766082,40.999602],[37.766723,40.999686],[37.766922,40.99972],[37.767278,40.999858],[37.767454,40.99994],[37.767846,41.000004],[37.767813,41.000142],[37.767651,41.000178],[37.767204,41.000172],[37.76694,41.000169],[37.766764,41.000193],[37.766586,41.00025],[37.766656,41.000374],[37.766763,41.000429],[37.766937,41.000459],[37.767028,41.000496],[37.767048,41.000479],[37.767069,41.000465],[37.767364,41.000491],[37.767664,41.000798],[37.767939,41.001002],[37.768081,41.001055],[37.768497,41.001167],[37.769149,41.000958],[37.76947,41.000879],[37.769741,41.000771],[37.769745,41.00072]]]]}},{"type":"Feature","properties":{"id":"TR-Y-52-017-M-0037","level":"yerlesim","type":"mahalle","parent_id":"TR-D-52-017","province_id":"TR-P-52","district_id":"TR-D-52-017","name":"Okçulu","source_raw_name":"OKÇULU","source":"Kamuya açık veri ve kent rehberi servisleri","source_label":"Kamuya açık veri ve kent rehberi servisleri","source_name":"Ordu Büyükşehir Belediyesi Akıllı Şehir Açık Veri Platformu - Mahalleler"},"geometry":{"type":"MultiPolygon","coordinates":[[[[37.652431,41.10797],[37.652822,41.107939],[37.653291,41.107948],[37.653697,41.107961],[37.653924,41.107972],[37.654233,41.10801],[37.654778,41.108088],[37.655461,41.108064],[37.655863,41.108017],[37.656229,41.107939],[37.656487,41.107836],[37.65665,41.107719],[37.656758,41.107567],[37.656807,41.107209],[37.656867,41.106831],[37.656921,41.106454],[37.656946,41.106257],[37.656932,41.105942],[37.656916,41.105681],[37.656956,41.105493],[37.6571,41.105341],[37.657289,41.105248],[37.657525,41.1052],[37.6579,41.105185],[37.658287,41.10513],[37.658648,41.105067],[37.659008,41.105],[37.659218,41.104952],[37.659422,41.104879],[37.659587,41.104747],[37.659726,41.10454],[37.659846,41.104285],[37.659899,41.104055],[37.659939,41.103878],[37.660024,41.103678],[37.660204,41.103513],[37.660428,41.103382],[37.660569,41.103339],[37.660716,41.103363],[37.660868,41.103476],[37.661007,41.10355],[37.661334,41.10376],[37.661575,41.103863],[37.661722,41.103876],[37.661884,41.103861],[37.661983,41.10374],[37.662037,41.103584],[37.662073,41.103289],[37.662033,41.103088],[37.661965,41.102815],[37.661847,41.10244],[37.661785,41.102239],[37.661752,41.102038],[37.661755,41.101893],[37.661824,41.101765],[37.661914,41.101688],[37.66201,41.101684],[37.662105,41.101691],[37.662252,41.101709],[37.662355,41.101749],[37.662501,41.101773],[37.662597,41.101769],[37.662709,41.101731],[37.662828,41.101632],[37.662875,41.101504],[37.662908,41.101327],[37.662911,41.101193],[37.662909,41.100937],[37.66287,41.100669],[37.662815,41.100467],[37.662812,41.100267],[37.662844,41.100133],[37.662898,41.100017],[37.662959,41.099912],[37.663124,41.099758],[37.663237,41.09967],[37.66337,41.099649],[37.66351,41.099645],[37.663642,41.09963],[37.663754,41.099581],[37.663785,41.099526],[37.663765,41.099392],[37.663673,41.099235],[37.663477,41.09906],[37.663326,41.098902],[37.663145,41.098755],[37.662985,41.098642],[37.662862,41.098506],[37.662778,41.098316],[37.662781,41.098149],[37.662865,41.097988],[37.663,41.097901],[37.6632,41.097842],[37.663401,41.097755],[37.663762,41.097709],[37.663977,41.097672],[37.664119,41.097585],[37.664188,41.097441],[37.66425,41.097302],[37.664296,41.097169],[37.664343,41.097075],[37.664411,41.096953],[37.664488,41.09682],[37.664646,41.096633],[37.66476,41.096483],[37.66491,41.096351],[37.665208,41.096165],[37.665507,41.095935],[37.66562,41.095836],[37.66569,41.09563],[37.665754,41.095273],[37.665687,41.095305],[37.665642,41.095323],[37.665628,41.095318],[37.665623,41.095311],[37.665623,41.095289],[37.665621,41.095208],[37.665636,41.095123],[37.665628,41.095038],[37.665613,41.095002],[37.665596,41.09497],[37.665568,41.094959],[37.66543,41.094961],[37.665365,41.094985],[37.665326,41.09501],[37.665256,41.094994],[37.665209,41.094937],[37.665177,41.094895],[37.665143,41.094844],[37.665093,41.094787],[37.665016,41.094726],[37.664852,41.094585],[37.664751,41.094526],[37.664589,41.09446],[37.664537,41.094437],[37.664231,41.094383],[37.664169,41.094381],[37.663978,41.094305],[37.663814,41.094205],[37.663686,41.094191],[37.663354,41.094183],[37.663245,41.094115],[37.663131,41.094049],[37.662904,41.093959],[37.662643,41.093836],[37.662592,41.093786],[37.662585,41.093758],[37.6624,41.093557],[37.662345,41.093463],[37.662315,41.093447],[37.662258,41.093416],[37.661754,41.093143],[37.661262,41.092907],[37.661227,41.092873],[37.661228,41.092836],[37.661234,41.0928],[37.661224,41.092769],[37.661159,41.092702],[37.661064,41.092623],[37.660973,41.09254],[37.660906,41.092491],[37.66077,41.092442],[37.660648,41.092353],[37.660501,41.092178],[37.660459,41.092148],[37.660203,41.091978],[37.660179,41.091945],[37.660137,41.091881],[37.660108,41.091729],[37.660101,41.091668],[37.660095,41.091572],[37.659834,41.091249],[37.659763,41.09115],[37.659741,41.091119],[37.65973,41.091108],[37.65971,41.091052],[37.659685,41.091031],[37.659642,41.091002],[37.659589,41.09087],[37.659574,41.09087],[37.659555,41.090874],[37.659519,41.090892],[37.659438,41.090963],[37.659336,41.09109],[37.659264,41.091179],[37.659205,41.091239],[37.659173,41.091272],[37.659129,41.091257],[37.659083,41.091257],[37.658912,41.091196],[37.658766,41.091179],[37.658674,41.09117],[37.658475,41.091169],[37.658388,41.091216],[37.658296,41.09121],[37.658243,41.091184],[37.658194,41.091112],[37.658173,41.091082],[37.658096,41.091052],[37.65803,41.091027],[37.65791,41.090956],[37.657838,41.090909],[37.657827,41.090904],[37.657775,41.090886],[37.657669,41.090829],[37.657616,41.090811],[37.657539,41.09076],[37.65743,41.090689],[37.657182,41.090703],[37.657039,41.09079],[37.656821,41.090909],[37.656623,41.090806],[37.656313,41.090824],[37.656085,41.090843],[37.655957,41.09086],[37.655825,41.090886],[37.655647,41.090935],[37.655407,41.090926],[37.655573,41.090756],[37.65553,41.090746],[37.655295,41.090568],[37.654789,41.090328],[37.654637,41.09026],[37.654431,41.090174],[37.654377,41.090261],[37.654171,41.090369],[37.654179,41.090448],[37.654135,41.09049],[37.653942,41.090624],[37.653904,41.090664],[37.653717,41.090746],[37.653673,41.090761],[37.653634,41.09088],[37.653386,41.09108],[37.653079,41.091104],[37.652689,41.091439],[37.652664,41.091499],[37.652653,41.091549],[37.652595,41.091675],[37.652501,41.091904],[37.652365,41.091965],[37.652315,41.091983],[37.652269,41.091997],[37.65204,41.091872],[37.651575,41.091958],[37.651499,41.091996],[37.651293,41.092145],[37.651095,41.09227],[37.650903,41.092321],[37.650723,41.092348],[37.650691,41.092445],[37.65072,41.092507],[37.650313,41.092612],[37.65014,41.092678],[37.650039,41.092679],[37.649939,41.092729],[37.649753,41.0928],[37.649473,41.092821],[37.649337,41.092908],[37.649238,41.093081],[37.649129,41.093111],[37.648978,41.09335],[37.648717,41.093299],[37.648238,41.093168],[37.647721,41.093072],[37.647723,41.093068],[37.647717,41.093072],[37.647711,41.093089],[37.647701,41.09311],[37.647675,41.093152],[37.647644,41.093196],[37.647634,41.093226],[37.647627,41.093265],[37.647619,41.093316],[37.647617,41.093415],[37.647613,41.093445],[37.647612,41.093473],[37.647602,41.09352],[37.647585,41.093546],[37.647561,41.093576],[37.647546,41.093588],[37.647329,41.093741],[37.647156,41.093867],[37.647129,41.093896],[37.647109,41.093932],[37.647074,41.094007],[37.647033,41.094087],[37.646997,41.09414],[37.64693,41.094237],[37.6469,41.094287],[37.64688,41.094359],[37.646864,41.094426],[37.646841,41.094481],[37.646823,41.094522],[37.646758,41.094625],[37.646641,41.094801],[37.64658,41.094907],[37.646521,41.094961],[37.646458,41.095009],[37.64632,41.095062],[37.646183,41.095102],[37.646089,41.095129],[37.646026,41.095147],[37.645987,41.095173],[37.645949,41.095223],[37.645892,41.095303],[37.645838,41.09535],[37.645774,41.095384],[37.645713,41.095407],[37.645678,41.095414],[37.645645,41.095415],[37.645606,41.095404],[37.645561,41.095389],[37.645482,41.095369],[37.645412,41.095364],[37.645342,41.095368],[37.645274,41.095382],[37.645326,41.095471],[37.644812,41.095608],[37.6448,41.095586],[37.644793,41.095574],[37.644705,41.095568],[37.644596,41.095559],[37.644582,41.09556],[37.644549,41.095567],[37.644311,41.095647],[37.644254,41.095663],[37.644164,41.095687],[37.644132,41.095695],[37.643963,41.095732],[37.643934,41.095741],[37.643911,41.095751],[37.643631,41.095874],[37.643625,41.095877],[37.64362,41.095877],[37.643615,41.095877],[37.643609,41.095874],[37.643442,41.095817],[37.643402,41.095808],[37.642854,41.096162],[37.642783,41.096347],[37.64278,41.096509],[37.642738,41.09675],[37.642704,41.096771],[37.642443,41.096758],[37.642286,41.09693],[37.642259,41.097016],[37.642463,41.097207],[37.642547,41.097322],[37.642631,41.097457],[37.642672,41.097513],[37.642699,41.097608],[37.642683,41.097643],[37.642711,41.097667],[37.642895,41.097787],[37.642825,41.09784],[37.642732,41.097928],[37.642809,41.098031],[37.642907,41.098145],[37.642868,41.098419],[37.642882,41.09846],[37.643147,41.098744],[37.643188,41.09882],[37.643245,41.098948],[37.643434,41.099049],[37.643366,41.099133],[37.643444,41.09917],[37.643499,41.099271],[37.643734,41.099439],[37.64379,41.099559],[37.643739,41.099676],[37.644023,41.099958],[37.644247,41.100141],[37.644382,41.100206],[37.644752,41.100391],[37.644824,41.100452],[37.644912,41.100597],[37.644953,41.100716],[37.645009,41.100755],[37.6451,41.100798],[37.645282,41.100868],[37.645355,41.100926],[37.645585,41.100759],[37.646008,41.100926],[37.646136,41.100827],[37.646215,41.100899],[37.646194,41.100949],[37.646466,41.101064],[37.646508,41.101129],[37.646605,41.101149],[37.646733,41.101146],[37.6468,41.101233],[37.646683,41.101363],[37.646503,41.101484],[37.64654,41.101541],[37.646651,41.101638],[37.646778,41.101729],[37.646962,41.101746],[37.64706,41.10181],[37.647047,41.101925],[37.647158,41.102009],[37.647316,41.101984],[37.647315,41.10195],[37.647361,41.101815],[37.647485,41.101745],[37.647508,41.101706],[37.647793,41.10173],[37.647984,41.101779],[37.648271,41.101677],[37.648527,41.102296],[37.648387,41.102465],[37.648256,41.102582],[37.64809,41.102605],[37.648058,41.102748],[37.648138,41.102853],[37.648415,41.10295],[37.648515,41.103149],[37.648445,41.103396],[37.648403,41.10358],[37.648426,41.103675],[37.64861,41.103651],[37.648655,41.103832],[37.648923,41.103944],[37.64905,41.104101],[37.649012,41.10414],[37.649086,41.104223],[37.649267,41.104328],[37.649653,41.104614],[37.649768,41.10474],[37.64999,41.10519],[37.650036,41.105387],[37.650077,41.105445],[37.650158,41.105534],[37.650259,41.105601],[37.650359,41.1057],[37.650409,41.105847],[37.650496,41.106001],[37.650514,41.106077],[37.65062,41.106196],[37.650746,41.106294],[37.650924,41.106548],[37.650986,41.106596],[37.650966,41.106699],[37.650913,41.106879],[37.650924,41.106949],[37.650913,41.107091],[37.651023,41.1072],[37.651002,41.107269],[37.651063,41.107378],[37.651199,41.107368],[37.651208,41.107398],[37.651227,41.10746],[37.651249,41.107601],[37.651321,41.107732],[37.65147,41.107934],[37.651491,41.107982],[37.65144,41.10805],[37.651495,41.108073],[37.651884,41.108211],[37.651947,41.108177],[37.652132,41.108045],[37.652431,41.10797]]]]}},{"type":"Feature","properties":{"id":"TR-Y-52-017-M-0038","level":"yerlesim","type":"mahalle","parent_id":"TR-D-52-017","province_id":"TR-P-52","district_id":"TR-D-52-017","name":"Ortatepe","source_raw_name":"ORTATEPE","source":"Kamuya açık veri ve kent rehberi servisleri","source_label":"Kamuya açık veri ve kent rehberi servisleri","source_name":"Ordu Büyükşehir Belediyesi Akıllı Şehir Açık Veri Platformu - Mahalleler"},"geometry":{"type":"MultiPolygon","coordinates":[[[[37.684235,41.077644],[37.684587,41.077592],[37.68463,41.077613],[37.684843,41.077584],[37.684927,41.077532],[37.685072,41.077441],[37.685258,41.077276],[37.685296,41.077251],[37.685452,41.077017],[37.685631,41.076669],[37.685659,41.076367],[37.68572,41.076247],[37.68593,41.076114],[37.686136,41.076051],[37.686238,41.075915],[37.686333,41.075777],[37.686393,41.075739],[37.686624,41.075677],[37.686862,41.075663],[37.687174,41.075525],[37.687192,41.075442],[37.687272,41.07532],[37.687364,41.075259],[37.687394,41.075243],[37.687368,41.075185],[37.687407,41.074831],[37.687426,41.074718],[37.687439,41.074534],[37.687473,41.074435],[37.687524,41.074349],[37.68777,41.074244],[37.688229,41.074113],[37.688571,41.074062],[37.688758,41.074039],[37.689129,41.073937],[37.689425,41.073802],[37.689537,41.073648],[37.689541,41.073297],[37.689526,41.073181],[37.689453,41.073097],[37.68953,41.07283],[37.68963,41.072687],[37.689749,41.07262],[37.689854,41.07262],[37.690024,41.072644],[37.690167,41.072652],[37.69023,41.072666],[37.690265,41.072608],[37.690654,41.072655],[37.69087,41.072551],[37.691022,41.072484],[37.691331,41.072647],[37.6913,41.072687],[37.691318,41.072724],[37.691356,41.072736],[37.691416,41.072833],[37.691421,41.072939],[37.691445,41.073057],[37.691422,41.073203],[37.69151,41.073258],[37.691549,41.073445],[37.691602,41.073516],[37.691623,41.073543],[37.691724,41.07354],[37.691826,41.073568],[37.691847,41.073584],[37.691885,41.073678],[37.691915,41.073689],[37.691924,41.073757],[37.691881,41.073773],[37.691855,41.07382],[37.691877,41.073814],[37.69193,41.073815],[37.691951,41.073873],[37.691993,41.073891],[37.692007,41.073909],[37.692368,41.074087],[37.692485,41.074157],[37.692628,41.0742],[37.692692,41.074133],[37.692664,41.074038],[37.692708,41.073993],[37.692833,41.073922],[37.692932,41.073915],[37.692987,41.073948],[37.693058,41.073968],[37.693109,41.073805],[37.693072,41.073673],[37.692958,41.073489],[37.692978,41.073448],[37.692951,41.073435],[37.692847,41.073393],[37.692848,41.073324],[37.692755,41.073272],[37.692747,41.073183],[37.692975,41.073262],[37.693082,41.073308],[37.693255,41.073285],[37.693519,41.073279],[37.693828,41.0731],[37.693901,41.073083],[37.694049,41.073062],[37.694127,41.073068],[37.694306,41.073098],[37.694386,41.073011],[37.694497,41.072983],[37.694708,41.072987],[37.69487,41.073045],[37.694998,41.073123],[37.695505,41.073294],[37.695685,41.073406],[37.69591,41.073502],[37.696061,41.073529],[37.696195,41.073582],[37.696296,41.073636],[37.696323,41.073661],[37.696358,41.073712],[37.696385,41.07377],[37.696445,41.073837],[37.696533,41.073922],[37.696583,41.073972],[37.696629,41.074033],[37.696774,41.074192],[37.696827,41.074245],[37.696889,41.074267],[37.696938,41.074273],[37.696957,41.074316],[37.696913,41.074378],[37.696977,41.074479],[37.697039,41.074558],[37.697041,41.074632],[37.697063,41.07464],[37.69711,41.074641],[37.697269,41.074647],[37.697318,41.07465],[37.697348,41.074531],[37.697353,41.074515],[37.69749,41.074448],[37.697523,41.074441],[37.697643,41.074346],[37.697703,41.074294],[37.697742,41.074196],[37.697757,41.074039],[37.697753,41.073976],[37.697861,41.073892],[37.697872,41.073807],[37.697866,41.073735],[37.697826,41.073717],[37.697805,41.073714],[37.697731,41.073504],[37.69776,41.073458],[37.697757,41.073303],[37.697869,41.073224],[37.697956,41.073147],[37.698043,41.073079],[37.69821,41.072968],[37.698304,41.072876],[37.698387,41.07276],[37.698453,41.072715],[37.698493,41.072587],[37.698488,41.072495],[37.698488,41.072282],[37.698614,41.072259],[37.698815,41.072179],[37.699032,41.071773],[37.699045,41.07161],[37.699129,41.071451],[37.699158,41.071418],[37.699224,41.071419],[37.699412,41.071338],[37.699577,41.071306],[37.699849,41.071301],[37.699922,41.071291],[37.700175,41.071256],[37.700363,41.071245],[37.700481,41.071242],[37.700718,41.071292],[37.700784,41.071298],[37.700831,41.0713],[37.700851,41.071156],[37.700871,41.071158],[37.700885,41.071116],[37.701116,41.070955],[37.701374,41.070779],[37.701547,41.07061],[37.701597,41.070544],[37.701655,41.070398],[37.701679,41.070329],[37.701743,41.070212],[37.701855,41.070094],[37.701903,41.070016],[37.702086,41.069858],[37.702263,41.069755],[37.702335,41.069694],[37.70242,41.069611],[37.702498,41.069473],[37.702568,41.069349],[37.702649,41.069164],[37.702689,41.069061],[37.702712,41.06892],[37.702734,41.068882],[37.702706,41.068631],[37.702655,41.068478],[37.702564,41.06833],[37.702444,41.068217],[37.702312,41.068096],[37.702217,41.067991],[37.702875,41.06817],[37.702906,41.068104],[37.70299,41.068002],[37.703023,41.067986],[37.703078,41.067938],[37.703121,41.067824],[37.703124,41.067787],[37.70313,41.067731],[37.703115,41.067661],[37.703132,41.067605],[37.703178,41.06737],[37.703206,41.067261],[37.7033,41.067073],[37.703402,41.066918],[37.703538,41.066727],[37.703536,41.066638],[37.703569,41.066519],[37.7036,41.066435],[37.703601,41.066349],[37.703713,41.066196],[37.703872,41.066019],[37.704038,41.065895],[37.704111,41.065798],[37.704183,41.0657],[37.704194,41.065682],[37.704254,41.065588],[37.704466,41.065458],[37.704677,41.065332],[37.704864,41.065253],[37.705006,41.065145],[37.705075,41.065124],[37.705129,41.065098],[37.705182,41.065038],[37.705334,41.064969],[37.705547,41.0649],[37.705659,41.064854],[37.70578,41.064813],[37.705665,41.064764],[37.705698,41.064741],[37.705728,41.064688],[37.705912,41.064606],[37.706068,41.064513],[37.706165,41.064494],[37.706338,41.064474],[37.706421,41.064448],[37.706513,41.064436],[37.706613,41.064412],[37.706771,41.064381],[37.706889,41.064388],[37.706919,41.064386],[37.707086,41.064361],[37.70719,41.064345],[37.707192,41.064342],[37.707441,41.063902],[37.707543,41.063748],[37.70716,41.0634],[37.706964,41.063008],[37.707075,41.062579],[37.707053,41.062504],[37.707017,41.06237],[37.706962,41.062174],[37.706912,41.061883],[37.706869,41.061705],[37.706827,41.061629],[37.706765,41.061412],[37.706734,41.061303],[37.706678,41.061178],[37.706671,41.061145],[37.706649,41.061016],[37.706621,41.060705],[37.706623,41.06069],[37.706471,41.060063],[37.70645,41.06],[37.706343,41.059786],[37.706195,41.059502],[37.706094,41.059324],[37.705945,41.059054],[37.705896,41.058957],[37.705847,41.058785],[37.705833,41.058762],[37.705838,41.058753],[37.705814,41.058669],[37.705896,41.058292],[37.705952,41.058177],[37.706013,41.058091],[37.705994,41.058083],[37.706082,41.057762],[37.706172,41.057398],[37.706227,41.05711],[37.706403,41.056908],[37.706662,41.056695],[37.706736,41.056578],[37.706829,41.05643],[37.706954,41.056234],[37.706958,41.056223],[37.707063,41.055967],[37.707109,41.055815],[37.707114,41.055781],[37.707148,41.055631],[37.707169,41.055472],[37.707103,41.055142],[37.706982,41.054758],[37.706735,41.054349],[37.706627,41.054188],[37.706523,41.054014],[37.706512,41.053927],[37.706349,41.053679],[37.706228,41.053618],[37.706222,41.053611],[37.706125,41.053567],[37.706058,41.053466],[37.706038,41.053414],[37.705929,41.053252],[37.705857,41.053067],[37.705815,41.052899],[37.70577,41.052896],[37.705714,41.052673],[37.705614,41.052463],[37.705313,41.052038],[37.705247,41.051954],[37.704776,41.051754],[37.704297,41.051415],[37.703747,41.050982],[37.703626,41.050814],[37.703675,41.050661],[37.703845,41.050491],[37.703884,41.050405],[37.703704,41.049967],[37.70365,41.049355],[37.703709,41.049187],[37.703826,41.049057],[37.704197,41.04869],[37.704369,41.048489],[37.704387,41.048107],[37.704338,41.0476],[37.70437,41.046991],[37.704309,41.046711],[37.704248,41.046572],[37.703979,41.045401],[37.703832,41.045296],[37.703729,41.045077],[37.703095,41.044283],[37.702995,41.043938],[37.702729,41.043421],[37.702251,41.042655],[37.702135,41.04248],[37.702074,41.042357],[37.701748,41.041932],[37.701563,41.041775],[37.701067,41.041311],[37.70019,41.040645],[37.699281,41.03994],[37.699229,41.039838],[37.69903,41.039549],[37.69893,41.039437],[37.698752,41.039302],[37.697956,41.03885],[37.697154,41.038593],[37.697091,41.038413],[37.697175,41.038254],[37.697392,41.038243],[37.697551,41.038253],[37.697759,41.038174],[37.697906,41.03792],[37.69787,41.037797],[37.697715,41.037612],[37.69735,41.03725],[37.696983,41.036781],[37.696824,41.036444],[37.696716,41.036334],[37.696343,41.036152],[37.696037,41.035722],[37.695729,41.035426],[37.695578,41.035231],[37.695485,41.035039],[37.695377,41.034915],[37.695245,41.034775],[37.69511,41.034635],[37.694834,41.034267],[37.694777,41.034028],[37.694582,41.03378],[37.694523,41.033927],[37.694293,41.033834],[37.694024,41.03377],[37.693872,41.033807],[37.693624,41.033869],[37.693502,41.033896],[37.693338,41.03394],[37.693211,41.033966],[37.693136,41.034007],[37.692991,41.034079],[37.692839,41.034134],[37.692607,41.034134],[37.692425,41.034133],[37.692195,41.034085],[37.691984,41.034018],[37.691862,41.033982],[37.69182,41.033982],[37.69177,41.033973],[37.691367,41.034201],[37.691037,41.034383],[37.690674,41.034432],[37.690335,41.03431],[37.690175,41.034342],[37.690171,41.034362],[37.69009,41.03445],[37.690116,41.034614],[37.690176,41.034848],[37.690118,41.035036],[37.690023,41.03515],[37.689967,41.035206],[37.689854,41.035275],[37.689774,41.035329],[37.689721,41.035368],[37.689575,41.035598],[37.689383,41.035832],[37.689133,41.036006],[37.689041,41.036089],[37.688946,41.03621],[37.688834,41.036349],[37.688759,41.036522],[37.688673,41.036581],[37.688596,41.036667],[37.688484,41.036715],[37.688384,41.036781],[37.688411,41.036834],[37.68861,41.036881],[37.688761,41.037056],[37.68865,41.037174],[37.688541,41.037355],[37.688468,41.037495],[37.688405,41.037618],[37.688277,41.037754],[37.688259,41.037783],[37.688214,41.037879],[37.688142,41.038014],[37.688116,41.038093],[37.68811,41.03815],[37.688101,41.03828],[37.688053,41.038393],[37.687942,41.038579],[37.68785,41.038666],[37.687805,41.03871],[37.687764,41.038745],[37.687742,41.038807],[37.687769,41.038913],[37.687746,41.039075],[37.68764,41.039221],[37.687563,41.039319],[37.68751,41.039418],[37.687471,41.039512],[37.687466,41.039756],[37.687464,41.039803],[37.687451,41.039867],[37.687435,41.039878],[37.687395,41.040016],[37.687434,41.040101],[37.687247,41.039986],[37.687171,41.039968],[37.687019,41.039979],[37.686848,41.040019],[37.686719,41.040075],[37.686686,41.040097],[37.686692,41.040198],[37.68673,41.040241],[37.686713,41.040294],[37.68663,41.040445],[37.686624,41.040498],[37.686716,41.040615],[37.686845,41.040697],[37.686793,41.040758],[37.686703,41.040906],[37.68662,41.041007],[37.686456,41.041104],[37.686309,41.041157],[37.686116,41.041171],[37.685422,41.041177],[37.684708,41.041422],[37.683322,41.041406],[37.683222,41.041529],[37.683115,41.041763],[37.683006,41.042165],[37.683061,41.042425],[37.683256,41.042848],[37.683183,41.043461],[37.68307,41.043824],[37.682867,41.044004],[37.682844,41.044246],[37.682913,41.044425],[37.682854,41.044493],[37.682814,41.044545],[37.682732,41.044673],[37.6827,41.044723],[37.68266,41.044797],[37.682629,41.044812],[37.68264,41.044826],[37.682684,41.044917],[37.682813,41.045003],[37.682873,41.045077],[37.682956,41.04509],[37.682982,41.045171],[37.682921,41.045296],[37.682885,41.045449],[37.682851,41.045582],[37.682827,41.045726],[37.682783,41.045814],[37.682726,41.045852],[37.682706,41.045861],[37.682729,41.045934],[37.682687,41.045987],[37.682629,41.046058],[37.682509,41.046123],[37.682431,41.046218],[37.682321,41.046343],[37.682276,41.046389],[37.682232,41.046453],[37.682222,41.046473],[37.682209,41.046555],[37.682198,41.046635],[37.682182,41.046732],[37.682156,41.046818],[37.682142,41.046897],[37.682059,41.047064],[37.681997,41.047166],[37.681869,41.047162],[37.681764,41.047191],[37.681661,41.047256],[37.681591,41.047474],[37.681643,41.047636],[37.681729,41.047807],[37.681715,41.047921],[37.681721,41.048],[37.681731,41.048095],[37.681757,41.0482],[37.681786,41.048301],[37.681818,41.048447],[37.681808,41.048564],[37.681765,41.048638],[37.6817,41.048712],[37.681674,41.048753],[37.681625,41.048853],[37.681583,41.048906],[37.681538,41.048956],[37.681496,41.049005],[37.68145,41.049062],[37.681417,41.049095],[37.681347,41.04915],[37.681261,41.049181],[37.681119,41.049221],[37.680977,41.049259],[37.680805,41.049301],[37.680573,41.049494],[37.680469,41.049668],[37.680378,41.049783],[37.680277,41.049998],[37.680225,41.050082],[37.680167,41.050116],[37.680054,41.050209],[37.679845,41.05031],[37.679709,41.050353],[37.679457,41.050328],[37.679357,41.05031],[37.679222,41.050303],[37.679075,41.050293],[37.678884,41.050244],[37.6787,41.050154],[37.678436,41.050058],[37.678295,41.050057],[37.678138,41.05009],[37.678047,41.050156],[37.677983,41.050232],[37.677996,41.050326],[37.678005,41.050449],[37.678063,41.050588],[37.678075,41.050738],[37.678096,41.050828],[37.678144,41.050988],[37.67813,41.051036],[37.678089,41.051058],[37.677937,41.05108],[37.677751,41.051062],[37.677612,41.051034],[37.6775,41.050974],[37.677382,41.051006],[37.67726,41.051066],[37.677112,41.051115],[37.67705,41.051158],[37.676966,41.051235],[37.676872,41.051312],[37.676807,41.05139],[37.676738,41.051444],[37.676768,41.051604],[37.676862,41.051856],[37.676834,41.052157],[37.676827,41.052195],[37.676533,41.052554],[37.676494,41.052657],[37.676398,41.052836],[37.67624,41.053101],[37.676229,41.053139],[37.676103,41.053331],[37.675943,41.053508],[37.675905,41.053569],[37.675898,41.053701],[37.675884,41.053799],[37.675949,41.053868],[37.676021,41.05399],[37.676042,41.054054],[37.676049,41.054126],[37.676093,41.054294],[37.676099,41.054345],[37.676134,41.054394],[37.676197,41.054571],[37.676261,41.054759],[37.676378,41.054934],[37.676455,41.05504],[37.676647,41.055209],[37.676711,41.055199],[37.67677,41.055221],[37.676864,41.055308],[37.676946,41.055341],[37.677177,41.055419],[37.677237,41.055441],[37.677388,41.055492],[37.677481,41.055564],[37.677389,41.055719],[37.677316,41.055757],[37.677274,41.0558],[37.677219,41.05587],[37.677105,41.055997],[37.677057,41.056031],[37.677006,41.056079],[37.676985,41.056101],[37.676926,41.05617],[37.676895,41.056189],[37.676862,41.056218],[37.676795,41.056249],[37.676702,41.056275],[37.676594,41.056316],[37.676584,41.056325],[37.676566,41.056386],[37.676591,41.056439],[37.67655,41.05656],[37.676532,41.056631],[37.67654,41.056694],[37.676562,41.056795],[37.67655,41.056978],[37.676534,41.057105],[37.676539,41.057194],[37.676543,41.057295],[37.676555,41.057388],[37.676624,41.057525],[37.677108,41.057541],[37.677191,41.057584],[37.677277,41.057626],[37.677314,41.057684],[37.677378,41.057762],[37.677448,41.057803],[37.677835,41.058041],[37.678018,41.058126],[37.678191,41.058242],[37.678246,41.05826],[37.678274,41.058327],[37.678264,41.058353],[37.678197,41.058437],[37.678242,41.058589],[37.678382,41.058618],[37.678442,41.058759],[37.678482,41.058897],[37.678485,41.058959],[37.67856,41.059021],[37.67861,41.059062],[37.678683,41.059165],[37.678718,41.059203],[37.678784,41.059261],[37.678795,41.059258],[37.678988,41.059398],[37.679167,41.059475],[37.679217,41.059526],[37.679183,41.059644],[37.679174,41.059681],[37.679173,41.059709],[37.679276,41.059783],[37.679317,41.059868],[37.679231,41.059933],[37.679132,41.059962],[37.679072,41.05997],[37.678983,41.060124],[37.678965,41.060219],[37.678965,41.060226],[37.678976,41.060247],[37.679067,41.06036],[37.679181,41.060692],[37.679181,41.06073],[37.679196,41.060796],[37.679221,41.060941],[37.6792,41.061125],[37.679306,41.06131],[37.679436,41.061515],[37.67949,41.061541],[37.679467,41.061609],[37.679439,41.061661],[37.679487,41.061777],[37.679515,41.061873],[37.679564,41.06192],[37.679786,41.061997],[37.679791,41.062004],[37.679764,41.062061],[37.679648,41.062132],[37.679446,41.062293],[37.679447,41.062655],[37.679405,41.062689],[37.679373,41.062805],[37.679396,41.062854],[37.679389,41.063023],[37.679421,41.063132],[37.679431,41.063225],[37.679442,41.063313],[37.67955,41.063696],[37.67955,41.063739],[37.679356,41.064034],[37.679336,41.064107],[37.679245,41.064248],[37.678971,41.064678],[37.678899,41.064872],[37.678693,41.064874],[37.678532,41.064918],[37.678449,41.064928],[37.678269,41.065023],[37.678212,41.065127],[37.678208,41.065306],[37.677939,41.065577],[37.677744,41.065656],[37.67753,41.065775],[37.677509,41.06584],[37.677459,41.065876],[37.677355,41.065898],[37.677186,41.066047],[37.676472,41.06645],[37.676406,41.066478],[37.676406,41.066679],[37.67635,41.066872],[37.676343,41.06689],[37.676347,41.067001],[37.676488,41.067147],[37.676508,41.067158],[37.676574,41.067236],[37.676856,41.067482],[37.676965,41.067637],[37.677383,41.067635],[37.677252,41.067964],[37.677077,41.068225],[37.676964,41.068348],[37.676696,41.068721],[37.676637,41.068804],[37.676391,41.069017],[37.676381,41.069083],[37.67626,41.069242],[37.676294,41.069398],[37.676247,41.069464],[37.676185,41.069517],[37.675825,41.06969],[37.67573,41.069823],[37.675681,41.069863],[37.675507,41.069983],[37.675102,41.070323],[37.674954,41.070496],[37.674977,41.070609],[37.674975,41.070737],[37.675226,41.070895],[37.675404,41.07108],[37.675626,41.07116],[37.675698,41.071247],[37.67573,41.071443],[37.675729,41.071497],[37.675709,41.071527],[37.675837,41.071642],[37.675836,41.071721],[37.675913,41.071744],[37.676054,41.071886],[37.676182,41.07198],[37.676361,41.072063],[37.676436,41.072088],[37.676641,41.07224],[37.676646,41.072275],[37.67677,41.072373],[37.676881,41.072477],[37.676888,41.072601],[37.676821,41.072742],[37.676761,41.072793],[37.676548,41.07286],[37.676496,41.072891],[37.676396,41.073116],[37.676354,41.073172],[37.676431,41.073314],[37.67653,41.073438],[37.676579,41.073447],[37.676563,41.073488],[37.67659,41.073644],[37.676433,41.07405],[37.67641,41.074062],[37.676384,41.07422],[37.676442,41.074324],[37.676749,41.074332],[37.677058,41.074272],[37.677428,41.074422],[37.677533,41.074469],[37.677632,41.074546],[37.677903,41.074746],[37.678218,41.074936],[37.678572,41.075016],[37.678587,41.075024],[37.679075,41.07516],[37.67965,41.075961],[37.679719,41.076031],[37.679788,41.076094],[37.680028,41.07644],[37.680019,41.076707],[37.679945,41.076916],[37.680337,41.077082],[37.680528,41.077193],[37.680717,41.077228],[37.680741,41.077276],[37.680939,41.077365],[37.681005,41.0773],[37.681123,41.077228],[37.681321,41.077147],[37.681717,41.076823],[37.681926,41.076845],[37.682212,41.076996],[37.682399,41.077105],[37.682469,41.07724],[37.682639,41.077433],[37.682712,41.077522],[37.683045,41.077637],[37.683379,41.077691],[37.683448,41.077733],[37.683803,41.077733],[37.683938,41.077729],[37.683967,41.0777],[37.684018,41.077684],[37.684235,41.077644]]]]}},{"type":"Feature","properties":{"id":"TR-Y-52-017-M-0039","level":"yerlesim","type":"mahalle","parent_id":"TR-D-52-017","province_id":"TR-P-52","district_id":"TR-D-52-017","name":"Ramazan","source_raw_name":"RAMAZAN","source":"Kamuya açık veri ve kent rehberi servisleri","source_label":"Kamuya açık veri ve kent rehberi servisleri","source_name":"Ordu Büyükşehir Belediyesi Akıllı Şehir Açık Veri Platformu - Mahalleler"},"geometry":{"type":"MultiPolygon","coordinates":[[[[37.741591,41.117237],[37.741833,41.117192],[37.741894,41.117233],[37.741924,41.117286],[37.742222,41.117344],[37.742452,41.117326],[37.742575,41.117387],[37.742657,41.117283],[37.742856,41.117288],[37.742974,41.117334],[37.743185,41.117185],[37.743383,41.117103],[37.743573,41.117104],[37.743873,41.11714],[37.744052,41.117099],[37.744085,41.117092],[37.744105,41.116988],[37.744227,41.116545],[37.744245,41.11649],[37.744252,41.116444],[37.744261,41.116394],[37.744276,41.116357],[37.744311,41.116322],[37.744343,41.11629],[37.744367,41.116248],[37.744365,41.116212],[37.744349,41.116179],[37.744328,41.11613],[37.74431,41.116057],[37.744307,41.116014],[37.744284,41.115938],[37.744262,41.115907],[37.744238,41.115898],[37.744117,41.115862],[37.744059,41.115844],[37.744027,41.115829],[37.744014,41.115802],[37.744003,41.115756],[37.74397,41.115659],[37.743954,41.115624],[37.743909,41.11558],[37.74389,41.115563],[37.74388,41.115539],[37.743882,41.115506],[37.743905,41.11547],[37.744097,41.115304],[37.744161,41.115252],[37.744276,41.115203],[37.74428,41.115199],[37.744506,41.115184],[37.744716,41.115155],[37.744757,41.11515],[37.744861,41.115136],[37.744885,41.115136],[37.744987,41.115124],[37.745236,41.115158],[37.74534,41.115224],[37.745408,41.115287],[37.745449,41.11535],[37.74547,41.115358],[37.745489,41.115357],[37.745697,41.115305],[37.745763,41.115288],[37.745823,41.11526],[37.745931,41.115199],[37.745966,41.115174],[37.745981,41.11516],[37.745993,41.115132],[37.745999,41.115069],[37.746003,41.114959],[37.745998,41.114865],[37.745992,41.11479],[37.745983,41.11472],[37.745961,41.114635],[37.745975,41.114588],[37.746015,41.114556],[37.746044,41.114528],[37.746047,41.114494],[37.74602,41.114444],[37.746006,41.114398],[37.746009,41.114305],[37.746021,41.114246],[37.746082,41.114181],[37.746246,41.114094],[37.746324,41.114063],[37.746378,41.11406],[37.746456,41.11406],[37.746486,41.114054],[37.746514,41.114038],[37.746566,41.11396],[37.746654,41.11381],[37.746756,41.113615],[37.746828,41.113531],[37.746886,41.113487],[37.747349,41.113365],[37.747405,41.113374],[37.747511,41.113457],[37.747694,41.113666],[37.747794,41.113696],[37.747937,41.113895],[37.748015,41.113956],[37.748195,41.114024],[37.748257,41.114004],[37.748282,41.114002],[37.748343,41.113989],[37.74849,41.113964],[37.748533,41.113966],[37.748642,41.114049],[37.748687,41.114087],[37.748723,41.114133],[37.748807,41.114173],[37.748934,41.114238],[37.748961,41.114234],[37.74898,41.114221],[37.748974,41.114182],[37.74895,41.114127],[37.748932,41.114053],[37.748933,41.113993],[37.748975,41.113905],[37.74902,41.113837],[37.749081,41.113779],[37.749108,41.113775],[37.749111,41.113771],[37.7492,41.113783],[37.749228,41.113767],[37.7492,41.113676],[37.749172,41.113592],[37.749163,41.113554],[37.749185,41.113341],[37.749198,41.11324],[37.749208,41.113186],[37.749229,41.113071],[37.74927,41.11295],[37.749281,41.112933],[37.749303,41.112922],[37.749323,41.112922],[37.749351,41.112934],[37.749383,41.112993],[37.749472,41.113115],[37.749649,41.113188],[37.749777,41.113245],[37.749846,41.113277],[37.749873,41.113288],[37.749901,41.113266],[37.749974,41.113181],[37.750047,41.113073],[37.750124,41.11293],[37.750204,41.112804],[37.750256,41.112734],[37.750359,41.112634],[37.750491,41.112537],[37.750551,41.112518],[37.750737,41.112507],[37.750828,41.112699],[37.751003,41.112899],[37.751203,41.112973],[37.751303,41.112828],[37.751201,41.112765],[37.751103,41.112626],[37.751071,41.112353],[37.75108,41.112261],[37.751072,41.112217],[37.75098,41.112132],[37.750879,41.112049],[37.750742,41.111938],[37.75059,41.11184],[37.750426,41.111706],[37.750336,41.111631],[37.750307,41.111555],[37.75031,41.111473],[37.750386,41.111311],[37.750421,41.111235],[37.750412,41.111181],[37.75051,41.111132],[37.750597,41.111128],[37.750849,41.111035],[37.751167,41.110793],[37.750761,41.110708],[37.750605,41.110708],[37.750371,41.110672],[37.750268,41.110679],[37.750275,41.110615],[37.750251,41.110163],[37.750249,41.110106],[37.750229,41.110044],[37.750136,41.10995],[37.750129,41.109938],[37.749888,41.109892],[37.749855,41.109864],[37.749868,41.109802],[37.749909,41.109727],[37.750113,41.10947],[37.750229,41.109353],[37.750394,41.109252],[37.75055,41.109129],[37.750765,41.108909],[37.751077,41.108641],[37.751282,41.108523],[37.751565,41.10845],[37.751766,41.108362],[37.752007,41.108089],[37.752103,41.10783],[37.752086,41.107786],[37.751802,41.107682],[37.751541,41.107699],[37.751401,41.107543],[37.751211,41.107142],[37.751244,41.107024],[37.750944,41.106687],[37.75071,41.10666],[37.750442,41.106678],[37.750094,41.106792],[37.749838,41.106715],[37.749597,41.10677],[37.749485,41.106737],[37.749326,41.1066],[37.748852,41.10622],[37.748702,41.106304],[37.748378,41.106291],[37.748241,41.106003],[37.748023,41.105907],[37.747711,41.105904],[37.747657,41.105844],[37.747104,41.105789],[37.74679,41.105791],[37.746292,41.10548],[37.746115,41.105473],[37.7459,41.10536],[37.745913,41.10528],[37.745907,41.1052],[37.745873,41.104924],[37.745706,41.104752],[37.745714,41.104525],[37.745548,41.10438],[37.745328,41.104167],[37.7452,41.104062],[37.744977,41.103919],[37.744902,41.103863],[37.744621,41.103884],[37.744477,41.103855],[37.744422,41.103773],[37.744333,41.103626],[37.744246,41.10357],[37.744058,41.103515],[37.743889,41.103363],[37.743778,41.103313],[37.743448,41.1032],[37.743364,41.103093],[37.74327,41.103],[37.743107,41.10302],[37.742957,41.1031],[37.742782,41.103044],[37.742811,41.102942],[37.742804,41.102817],[37.742589,41.102733],[37.742349,41.102507],[37.742187,41.102287],[37.742151,41.102022],[37.742419,41.101797],[37.742422,41.101702],[37.742309,41.101544],[37.742183,41.101519],[37.742155,41.101385],[37.742271,41.101382],[37.742343,41.101319],[37.742358,41.10128],[37.742274,41.101041],[37.742502,41.101017],[37.742541,41.100938],[37.742537,41.100828],[37.742663,41.10075],[37.742908,41.100567],[37.742923,41.100488],[37.742928,41.100461],[37.742873,41.100135],[37.742985,41.100114],[37.743034,41.100031],[37.743177,41.10002],[37.743323,41.100034],[37.7435,41.099805],[37.743509,41.099704],[37.7436,41.099573],[37.74377,41.099503],[37.743784,41.099478],[37.743847,41.099373],[37.744141,41.098994],[37.744193,41.098791],[37.744218,41.098668],[37.744104,41.098371],[37.743803,41.098259],[37.74365,41.098236],[37.743531,41.098403],[37.743423,41.09847],[37.743093,41.098525],[37.742869,41.098533],[37.74284,41.098487],[37.742865,41.098397],[37.742868,41.098208],[37.742838,41.098081],[37.742776,41.097967],[37.742723,41.097909],[37.742868,41.097655],[37.742924,41.097538],[37.743022,41.097319],[37.743173,41.097222],[37.743285,41.09709],[37.743336,41.09703],[37.743533,41.096751],[37.743614,41.096632],[37.743636,41.096581],[37.743798,41.096514],[37.743706,41.096407],[37.743745,41.096306],[37.743654,41.096196],[37.743816,41.09594],[37.743945,41.095795],[37.743908,41.095552],[37.743903,41.09552],[37.743687,41.095282],[37.743664,41.095266],[37.743637,41.095239],[37.743699,41.095137],[37.74376,41.094957],[37.743805,41.094756],[37.743828,41.094622],[37.743809,41.094503],[37.743725,41.09437],[37.743588,41.094217],[37.74362,41.094008],[37.743478,41.093699],[37.743206,41.093477],[37.742921,41.093392],[37.742763,41.093275],[37.742419,41.093173],[37.742221,41.093232],[37.742104,41.093407],[37.742119,41.093436],[37.742085,41.093473],[37.742065,41.093481],[37.741912,41.093606],[37.741783,41.093685],[37.741764,41.093696],[37.741599,41.093787],[37.741403,41.093832],[37.741374,41.093835],[37.741148,41.09362],[37.740548,41.093922],[37.74005,41.093828],[37.739557,41.093685],[37.739474,41.093597],[37.73908,41.093426],[37.739045,41.093412],[37.7389,41.093414],[37.738734,41.093329],[37.738378,41.093244],[37.738204,41.09324],[37.737931,41.093102],[37.737758,41.093175],[37.737393,41.09315],[37.737215,41.093188],[37.736898,41.093172],[37.736776,41.093185],[37.736576,41.092978],[37.736544,41.092907],[37.736665,41.092738],[37.736792,41.092455],[37.736802,41.092308],[37.736797,41.09215],[37.73666,41.091932],[37.736659,41.091893],[37.736762,41.091705],[37.736936,41.091488],[37.737101,41.091249],[37.737467,41.090997],[37.737543,41.090934],[37.737858,41.090568],[37.737853,41.090526],[37.737845,41.090426],[37.737562,41.090456],[37.737399,41.090397],[37.737213,41.090364],[37.737063,41.090329],[37.73679,41.090274],[37.736599,41.090295],[37.736021,41.090457],[37.735957,41.090441],[37.735721,41.090454],[37.735293,41.09059],[37.735199,41.090574],[37.734703,41.090627],[37.734437,41.090593],[37.734311,41.090487],[37.734151,41.090561],[37.734012,41.090555],[37.733446,41.090378],[37.733347,41.090478],[37.732942,41.090534],[37.732953,41.090696],[37.732976,41.090912],[37.732696,41.090984],[37.732598,41.091328],[37.732478,41.09141],[37.732429,41.091439],[37.732441,41.091702],[37.732457,41.091777],[37.732391,41.091829],[37.732167,41.091916],[37.732083,41.09205],[37.732076,41.09207],[37.73202,41.092204],[37.731992,41.092274],[37.731813,41.092353],[37.731863,41.092509],[37.731817,41.09262],[37.731632,41.092744],[37.731476,41.093013],[37.731323,41.093461],[37.731223,41.093531],[37.730868,41.093599],[37.730904,41.093742],[37.730973,41.094055],[37.730761,41.09433],[37.730805,41.094491],[37.730964,41.094544],[37.730993,41.094598],[37.730963,41.094739],[37.730754,41.094862],[37.730741,41.095009],[37.730741,41.095215],[37.730718,41.09529],[37.730588,41.09549],[37.730562,41.095716],[37.73045,41.095856],[37.730402,41.095913],[37.730432,41.096076],[37.73048,41.096337],[37.730487,41.096371],[37.730586,41.09652],[37.730383,41.096611],[37.730347,41.096672],[37.73042,41.096858],[37.730617,41.096958],[37.730693,41.097042],[37.730845,41.097227],[37.730846,41.097387],[37.730613,41.097665],[37.730521,41.097788],[37.730717,41.09801],[37.730671,41.098285],[37.730401,41.098552],[37.730391,41.098578],[37.73029,41.098688],[37.730139,41.09875],[37.729723,41.099072],[37.72961,41.099284],[37.72986,41.099592],[37.729916,41.099801],[37.729911,41.099858],[37.729708,41.100078],[37.729677,41.100212],[37.729437,41.100357],[37.72942,41.100367],[37.729242,41.100476],[37.729161,41.100694],[37.729247,41.100956],[37.729193,41.101257],[37.729359,41.10138],[37.729171,41.101504],[37.729217,41.101845],[37.729265,41.10215],[37.729272,41.102173],[37.729152,41.102469],[37.728858,41.102677],[37.728841,41.102698],[37.728715,41.102802],[37.728522,41.102879],[37.728106,41.102865],[37.727653,41.102942],[37.727606,41.10302],[37.727392,41.10341],[37.727058,41.103771],[37.726947,41.103891],[37.726839,41.104058],[37.726581,41.104251],[37.726246,41.104428],[37.726024,41.104498],[37.725768,41.104521],[37.725539,41.104527],[37.725446,41.10447],[37.725292,41.104513],[37.725061,41.104649],[37.72495,41.104693],[37.724788,41.104751],[37.724719,41.104771],[37.724574,41.104861],[37.724195,41.104846],[37.724094,41.104906],[37.723993,41.104971],[37.723906,41.105139],[37.723911,41.105241],[37.723815,41.105327],[37.723572,41.10549],[37.723467,41.105546],[37.723327,41.10559],[37.723239,41.105602],[37.723015,41.105576],[37.722903,41.105602],[37.72284,41.105607],[37.722804,41.105617],[37.722706,41.105665],[37.722659,41.105692],[37.722623,41.105706],[37.722533,41.105735],[37.722538,41.105756],[37.72248,41.105818],[37.721883,41.106244],[37.721736,41.106299],[37.721602,41.106343],[37.721523,41.106382],[37.721364,41.106507],[37.721292,41.106594],[37.72125,41.106665],[37.721151,41.106762],[37.72117,41.106843],[37.721221,41.106893],[37.721301,41.106999],[37.721341,41.107051],[37.721363,41.107092],[37.721367,41.107117],[37.721346,41.107137],[37.721305,41.107162],[37.720877,41.107382],[37.720857,41.107402],[37.720662,41.107411],[37.720783,41.107623],[37.720812,41.107623],[37.720826,41.107688],[37.720783,41.107758],[37.720718,41.107828],[37.720459,41.108062],[37.720341,41.108178],[37.720278,41.108235],[37.720254,41.108265],[37.720238,41.108318],[37.720224,41.108401],[37.720231,41.108478],[37.720285,41.108619],[37.720365,41.108808],[37.720401,41.108943],[37.720428,41.109147],[37.72047,41.109291],[37.720507,41.109377],[37.720595,41.109444],[37.72081,41.109587],[37.72091,41.109663],[37.720961,41.109729],[37.720981,41.109793],[37.720964,41.109935],[37.720947,41.110106],[37.720892,41.110241],[37.72077,41.110416],[37.720654,41.110511],[37.720498,41.110637],[37.720416,41.110725],[37.720392,41.110828],[37.720417,41.110929],[37.72044,41.111008],[37.720436,41.111118],[37.720413,41.111232],[37.720377,41.111355],[37.72035,41.111578],[37.720336,41.111755],[37.720316,41.111847],[37.72026,41.111931],[37.720154,41.112],[37.719976,41.112113],[37.719936,41.112147],[37.719868,41.112219],[37.719798,41.112279],[37.719789,41.112325],[37.71976,41.112398],[37.719744,41.112516],[37.719747,41.112641],[37.71972,41.112734],[37.719631,41.112921],[37.719553,41.113398],[37.7195,41.113497],[37.719214,41.113769],[37.719107,41.113837],[37.719311,41.113984],[37.719853,41.114351],[37.720316,41.114268],[37.720406,41.114343],[37.720505,41.114418],[37.720602,41.114486],[37.720723,41.114558],[37.720916,41.114661],[37.721092,41.114738],[37.721282,41.114805],[37.721561,41.114866],[37.721824,41.114899],[37.722167,41.114908],[37.722407,41.114886],[37.722677,41.114833],[37.723313,41.11463],[37.723629,41.114525],[37.72387,41.11445],[37.724109,41.114392],[37.724395,41.114373],[37.724611,41.114379],[37.724814,41.114397],[37.725019,41.114441],[37.725322,41.114533],[37.725883,41.114721],[37.726055,41.114775],[37.726258,41.114829],[37.726507,41.115327],[37.727184,41.115976],[37.727432,41.116379],[37.72756,41.116475],[37.727962,41.11663],[37.728307,41.116622],[37.728677,41.116478],[37.728112,41.115237],[37.728213,41.11515],[37.728329,41.114804],[37.728625,41.114704],[37.728754,41.114652],[37.728901,41.114578],[37.729402,41.114277],[37.729839,41.114032],[37.730322,41.1138],[37.730582,41.113672],[37.730821,41.1136],[37.731066,41.113561],[37.731312,41.113555],[37.731552,41.113579],[37.731711,41.113616],[37.731718,41.113591],[37.73202,41.11369],[37.732206,41.113779],[37.732454,41.113872],[37.733127,41.113983],[37.733306,41.11403],[37.733338,41.114239],[37.733366,41.114542],[37.733748,41.114816],[37.733866,41.114816],[37.734087,41.11488],[37.734251,41.114869],[37.734353,41.114886],[37.734416,41.114916],[37.734703,41.114981],[37.734916,41.115107],[37.73515,41.115171],[37.735454,41.115353],[37.735707,41.11551],[37.735828,41.115589],[37.735984,41.115663],[37.736039,41.115676],[37.736534,41.115817],[37.736854,41.115964],[37.737208,41.116193],[37.737469,41.116265],[37.737602,41.116303],[37.737808,41.116306],[37.737882,41.116219],[37.738006,41.116211],[37.73815,41.116187],[37.738303,41.116243],[37.738478,41.116266],[37.738607,41.116231],[37.73863,41.116256],[37.738824,41.116541],[37.739054,41.116738],[37.739368,41.11697],[37.739448,41.116983],[37.739655,41.117113],[37.74021,41.117294],[37.74088,41.117523],[37.741244,41.117548],[37.741382,41.117305],[37.741591,41.117237]]]]}},{"type":"Feature","properties":{"id":"TR-Y-52-017-M-0040","level":"yerlesim","type":"mahalle","parent_id":"TR-D-52-017","province_id":"TR-P-52","district_id":"TR-D-52-017","name":"Sarayköy","source_raw_name":"SARAY","source":"Kamuya açık veri ve kent rehberi servisleri","source_label":"Kamuya açık veri ve kent rehberi servisleri","source_name":"Ordu Büyükşehir Belediyesi Akıllı Şehir Açık Veri Platformu - Mahalleler"},"geometry":{"type":"MultiPolygon","coordinates":[[[[37.762942,41.05212],[37.763145,41.052063],[37.763296,41.052082],[37.76385,41.052105],[37.764331,41.051862],[37.764483,41.051742],[37.764683,41.051323],[37.764774,41.051033],[37.764949,41.050856],[37.765074,41.050812],[37.765348,41.05045],[37.765764,41.050006],[37.766551,41.049944],[37.767174,41.050133],[37.767303,41.050065],[37.767453,41.049909],[37.767482,41.049827],[37.767496,41.049703],[37.767536,41.049661],[37.767523,41.04957],[37.767584,41.049481],[37.767724,41.049406],[37.767912,41.049281],[37.76789,41.04917],[37.767699,41.049134],[37.767394,41.048947],[37.767375,41.048886],[37.767273,41.048653],[37.767132,41.048416],[37.767263,41.048289],[37.767553,41.048132],[37.767863,41.047694],[37.76819,41.047429],[37.768223,41.047218],[37.76823,41.047134],[37.768092,41.046568],[37.767873,41.045993],[37.767832,41.045783],[37.767842,41.04567],[37.767887,41.045532],[37.767965,41.045413],[37.768056,41.045271],[37.768127,41.045257],[37.768146,41.045106],[37.768166,41.045083],[37.768293,41.045031],[37.768645,41.044908],[37.768885,41.044844],[37.769263,41.044704],[37.769224,41.044659],[37.769854,41.044443],[37.770056,41.044364],[37.77003,41.044256],[37.77014,41.044083],[37.770146,41.044023],[37.770364,41.043881],[37.770546,41.043763],[37.770684,41.043496],[37.770799,41.043354],[37.770877,41.043208],[37.770886,41.043175],[37.770833,41.04288],[37.770875,41.04274],[37.770892,41.042546],[37.770953,41.042451],[37.770892,41.042379],[37.771005,41.042258],[37.771198,41.042176],[37.771129,41.042093],[37.771159,41.04208],[37.771105,41.04198],[37.770956,41.041932],[37.770925,41.041868],[37.770845,41.04181],[37.770688,41.041778],[37.770574,41.041706],[37.770514,41.041712],[37.770358,41.041763],[37.770286,41.041721],[37.770162,41.041652],[37.770184,41.041562],[37.77017,41.041472],[37.770178,41.041442],[37.77018,41.041355],[37.770741,41.041103],[37.771007,41.041043],[37.771214,41.04105],[37.771383,41.040932],[37.771482,41.040869],[37.77164,41.040726],[37.771574,41.040684],[37.771537,41.040664],[37.771507,41.04065],[37.771421,41.040594],[37.771334,41.040544],[37.771247,41.040491],[37.771192,41.040454],[37.77116,41.040435],[37.771086,41.040387],[37.771074,41.040378],[37.771118,41.040297],[37.771192,41.040246],[37.771213,41.040227],[37.771242,41.040184],[37.771251,41.040147],[37.771266,41.040086],[37.77128,41.040079],[37.77118,41.039994],[37.770942,41.039987],[37.770817,41.039954],[37.770664,41.039814],[37.770446,41.039738],[37.77033,41.039766],[37.770156,41.039709],[37.769863,41.039643],[37.769544,41.039553],[37.769372,41.039359],[37.769357,41.039373],[37.769346,41.039356],[37.769362,41.039348],[37.76947,41.039117],[37.769453,41.039068],[37.769563,41.03885],[37.769555,41.038774],[37.769649,41.038716],[37.769866,41.038744],[37.769951,41.038727],[37.769956,41.038688],[37.769966,41.03864],[37.769974,41.038597],[37.770006,41.038522],[37.770026,41.038467],[37.770031,41.03844],[37.770026,41.038437],[37.770033,41.038427],[37.770045,41.038434],[37.770054,41.038411],[37.770095,41.038366],[37.770071,41.038284],[37.770115,41.038153],[37.770157,41.038121],[37.770202,41.038071],[37.77013,41.037919],[37.770012,41.037812],[37.769964,41.03761],[37.76998,41.037559],[37.770047,41.037495],[37.770141,41.037248],[37.770142,41.037199],[37.770051,41.037046],[37.76997,41.036986],[37.769738,41.036865],[37.769673,41.036762],[37.769684,41.036711],[37.769789,41.036644],[37.769897,41.036602],[37.769902,41.036578],[37.769977,41.036481],[37.770011,41.036422],[37.770033,41.036266],[37.770037,41.036194],[37.770144,41.036123],[37.77026,41.036139],[37.770381,41.036145],[37.770576,41.036131],[37.77069,41.036112],[37.770765,41.036097],[37.770872,41.036059],[37.770979,41.036024],[37.771065,41.035992],[37.771115,41.035973],[37.771202,41.035962],[37.77138,41.035944],[37.771406,41.035926],[37.77148,41.035925],[37.771639,41.035927],[37.771673,41.035909],[37.771797,41.035833],[37.771841,41.035807],[37.772022,41.03576],[37.772087,41.035737],[37.772223,41.035727],[37.77234,41.035762],[37.772443,41.035734],[37.7725,41.03571],[37.772638,41.03568],[37.772787,41.035675],[37.772899,41.035674],[37.77291,41.035693],[37.773061,41.035731],[37.773245,41.035725],[37.773429,41.035639],[37.773605,41.035427],[37.773624,41.035414],[37.773719,41.035384],[37.774007,41.035382],[37.774233,41.035412],[37.774563,41.035437],[37.774791,41.035429],[37.775025,41.035406],[37.775217,41.035357],[37.775621,41.035221],[37.775835,41.035255],[37.776092,41.035285],[37.77644,41.035261],[37.776601,41.035136],[37.776743,41.034986],[37.776801,41.034939],[37.776865,41.034871],[37.77695,41.034668],[37.776915,41.034543],[37.776979,41.034115],[37.777081,41.033883],[37.777223,41.033738],[37.777449,41.033611],[37.777554,41.03339],[37.777558,41.033374],[37.777542,41.033357],[37.777522,41.03334],[37.77749,41.033335],[37.777324,41.033295],[37.777078,41.033228],[37.77687,41.033206],[37.776364,41.033133],[37.775917,41.033123],[37.775685,41.033124],[37.775609,41.03312],[37.775542,41.033105],[37.77538,41.033064],[37.775061,41.032981],[37.774815,41.032932],[37.77469,41.032894],[37.774454,41.032827],[37.774341,41.032793],[37.77429,41.032762],[37.774169,41.032683],[37.773914,41.03248],[37.773731,41.032266],[37.773636,41.032177],[37.773537,41.032127],[37.773497,41.032103],[37.773477,41.032067],[37.773478,41.03203],[37.773473,41.031967],[37.77346,41.031808],[37.773432,41.031773],[37.773392,41.031696],[37.773249,41.031498],[37.773229,41.031469],[37.773199,41.031456],[37.773055,41.031428],[37.772951,41.031418],[37.772898,41.031403],[37.772891,41.031391],[37.772885,41.031377],[37.772869,41.031361],[37.772846,41.031347],[37.772819,41.03134],[37.77279,41.031341],[37.772752,41.031347],[37.772641,41.031369],[37.772473,41.031409],[37.772238,41.031453],[37.772108,41.031476],[37.772055,41.031482],[37.771984,41.03148],[37.771788,41.031475],[37.771539,41.031477],[37.771403,41.031467],[37.771236,41.031456],[37.771188,41.031448],[37.771154,41.031439],[37.771115,41.031433],[37.771098,41.031427],[37.77105,41.031394],[37.771022,41.03137],[37.770989,41.031332],[37.770953,41.031304],[37.770901,41.031288],[37.77078,41.031252],[37.770747,41.031239],[37.77072,41.031222],[37.770431,41.03106],[37.770391,41.03104],[37.770391,41.031039],[37.770469,41.030914],[37.770485,41.030842],[37.770599,41.030715],[37.77064,41.030551],[37.77068,41.030535],[37.770752,41.030527],[37.770911,41.030384],[37.770981,41.030277],[37.771016,41.030145],[37.77107,41.029993],[37.770894,41.029922],[37.770776,41.029867],[37.770666,41.029848],[37.77065,41.029831],[37.770585,41.0298],[37.77043,41.029777],[37.770191,41.029732],[37.769933,41.029783],[37.769897,41.029753],[37.769619,41.029793],[37.769395,41.029817],[37.76927,41.029869],[37.769241,41.029882],[37.76911,41.029885],[37.768986,41.029913],[37.768884,41.029979],[37.768869,41.029957],[37.76884,41.029902],[37.76882,41.029795],[37.768812,41.029629],[37.768827,41.029544],[37.768875,41.02942],[37.768887,41.029368],[37.768867,41.02935],[37.768831,41.029334],[37.768794,41.029291],[37.76878,41.029262],[37.76878,41.029231],[37.768775,41.029158],[37.768755,41.029056],[37.768758,41.028996],[37.768769,41.028961],[37.768823,41.028894],[37.768861,41.028856],[37.768878,41.028819],[37.768942,41.028688],[37.769046,41.028564],[37.769179,41.028391],[37.76922,41.028328],[37.769275,41.028283],[37.769345,41.028227],[37.769555,41.027987],[37.769598,41.027947],[37.769645,41.027885],[37.769677,41.027812],[37.769682,41.027788],[37.769667,41.027716],[37.769685,41.027661],[37.769752,41.027632],[37.769794,41.0276],[37.769809,41.027439],[37.769809,41.027306],[37.76994,41.027007],[37.769878,41.027016],[37.769483,41.027093],[37.769288,41.027312],[37.769115,41.027424],[37.768842,41.027467],[37.768417,41.027603],[37.768343,41.02762],[37.768151,41.027648],[37.767975,41.027701],[37.767598,41.027749],[37.767392,41.027774],[37.767243,41.027812],[37.767102,41.027897],[37.767102,41.027869],[37.767081,41.027854],[37.767041,41.02783],[37.766943,41.027832],[37.76694,41.027808],[37.766922,41.02773],[37.766904,41.027614],[37.767005,41.02753],[37.767023,41.027464],[37.767031,41.027359],[37.767055,41.027254],[37.76707,41.027197],[37.767045,41.027051],[37.766957,41.026953],[37.766897,41.026909],[37.766723,41.026845],[37.766653,41.026818],[37.766615,41.026819],[37.766499,41.026818],[37.766363,41.026828],[37.766194,41.026841],[37.766179,41.026844],[37.766101,41.026895],[37.76606,41.026971],[37.76602,41.027047],[37.765997,41.027006],[37.765872,41.026919],[37.765836,41.026901],[37.765779,41.026913],[37.765657,41.026879],[37.765489,41.026783],[37.76545,41.026759],[37.765381,41.026718],[37.765308,41.026625],[37.765273,41.026536],[37.76525,41.026492],[37.765121,41.026384],[37.764951,41.026471],[37.764826,41.026526],[37.764748,41.026558],[37.764668,41.026595],[37.764514,41.026612],[37.76446,41.026595],[37.764381,41.026506],[37.764296,41.026435],[37.764231,41.026391],[37.7642,41.026291],[37.764176,41.026238],[37.764169,41.026221],[37.764137,41.026176],[37.76427,41.026124],[37.764388,41.026083],[37.764461,41.026047],[37.764497,41.026028],[37.764579,41.025991],[37.764649,41.025968],[37.764754,41.025889],[37.764855,41.025848],[37.764898,41.025831],[37.764809,41.02575],[37.764705,41.025634],[37.76471,41.025591],[37.764588,41.025384],[37.764532,41.025285],[37.764402,41.02514],[37.764321,41.024983],[37.764246,41.024822],[37.764243,41.024745],[37.764234,41.024662],[37.76422,41.024585],[37.7642,41.024529],[37.764129,41.02449],[37.764157,41.024421],[37.764218,41.024335],[37.764286,41.024249],[37.764312,41.024163],[37.764305,41.024092],[37.764285,41.024047],[37.764199,41.023992],[37.764058,41.023919],[37.763924,41.023891],[37.763796,41.023817],[37.7636,41.023699],[37.763561,41.023733],[37.763379,41.023808],[37.763241,41.023918],[37.763044,41.023769],[37.762962,41.023715],[37.762841,41.023551],[37.762711,41.023476],[37.762672,41.023452],[37.762561,41.023371],[37.762439,41.023302],[37.762355,41.023265],[37.762276,41.023227],[37.762101,41.023158],[37.761873,41.023095],[37.76176,41.02303],[37.761621,41.023014],[37.761417,41.023005],[37.761338,41.023101],[37.761108,41.023197],[37.760863,41.023317],[37.760727,41.02327],[37.760666,41.023402],[37.760629,41.023429],[37.76061,41.023498],[37.760458,41.023574],[37.760263,41.023605],[37.760213,41.023605],[37.759948,41.023619],[37.759908,41.023748],[37.759902,41.023824],[37.759875,41.023881],[37.759753,41.024039],[37.759711,41.024095],[37.75968,41.02408],[37.759545,41.024073],[37.759225,41.02402],[37.759128,41.024028],[37.758978,41.02403],[37.758905,41.023946],[37.758816,41.023876],[37.75873,41.023845],[37.758512,41.023803],[37.758298,41.023744],[37.758212,41.023715],[37.758101,41.023693],[37.757979,41.023667],[37.757894,41.023629],[37.757761,41.023621],[37.757587,41.023647],[37.757454,41.023634],[37.757306,41.023632],[37.757178,41.023639],[37.757098,41.023607],[37.756988,41.023587],[37.756776,41.023534],[37.756671,41.023544],[37.756594,41.023577],[37.756392,41.023649],[37.75635,41.023594],[37.7563,41.023459],[37.756291,41.023409],[37.756259,41.023324],[37.756237,41.023305],[37.756201,41.023301],[37.756146,41.023251],[37.75601,41.02317],[37.755954,41.023128],[37.755921,41.023155],[37.755952,41.023206],[37.756003,41.02328],[37.756062,41.023354],[37.756088,41.023413],[37.755948,41.02343],[37.755899,41.023442],[37.755914,41.023535],[37.755903,41.023676],[37.755809,41.023675],[37.755553,41.023694],[37.755444,41.0237],[37.755335,41.023704],[37.755154,41.023715],[37.754906,41.023769],[37.754879,41.023791],[37.754601,41.023788],[37.754449,41.023807],[37.753981,41.023866],[37.753831,41.023876],[37.753766,41.023874],[37.753693,41.023888],[37.753596,41.023917],[37.753563,41.023935],[37.753473,41.023977],[37.753445,41.023991],[37.753297,41.024058],[37.753202,41.024057],[37.753163,41.02397],[37.753128,41.023865],[37.752994,41.023862],[37.752883,41.023813],[37.752741,41.02368],[37.752703,41.023592],[37.752745,41.023573],[37.752717,41.023472],[37.752657,41.023405],[37.752568,41.023377],[37.752514,41.023378],[37.752421,41.023366],[37.75226,41.02327],[37.752207,41.023255],[37.752104,41.023276],[37.751839,41.023281],[37.751657,41.023087],[37.751479,41.023057],[37.750873,41.022921],[37.750501,41.022965],[37.750189,41.022847],[37.749929,41.022872],[37.749728,41.022981],[37.749626,41.023111],[37.749547,41.023163],[37.749251,41.023168],[37.749102,41.023189],[37.749033,41.023239],[37.748914,41.023234],[37.748736,41.023234],[37.748668,41.023239],[37.748516,41.023186],[37.748451,41.023136],[37.748365,41.023088],[37.748255,41.023036],[37.748155,41.022981],[37.748066,41.022951],[37.747994,41.022938],[37.747944,41.022956],[37.747923,41.022926],[37.747753,41.022868],[37.747638,41.022856],[37.747624,41.022893],[37.747541,41.022889],[37.747449,41.022881],[37.747413,41.022965],[37.747376,41.022971],[37.747136,41.022951],[37.746939,41.022923],[37.746864,41.022954],[37.74657,41.022931],[37.746427,41.022925],[37.746206,41.022915],[37.74609,41.022894],[37.746118,41.022815],[37.746047,41.022776],[37.745927,41.022731],[37.745815,41.022572],[37.745776,41.022515],[37.745644,41.022474],[37.745571,41.022457],[37.74538,41.022511],[37.745301,41.022527],[37.745264,41.022542],[37.745194,41.022633],[37.745064,41.022682],[37.744999,41.022702],[37.744931,41.022704],[37.744853,41.022717],[37.744836,41.02272],[37.744736,41.022747],[37.744599,41.022766],[37.744544,41.022784],[37.744454,41.022838],[37.744355,41.02286],[37.744164,41.022811],[37.744096,41.022831],[37.744,41.022896],[37.74392,41.022957],[37.743813,41.023004],[37.743776,41.022961],[37.743574,41.022875],[37.743361,41.022804],[37.743262,41.022775],[37.743204,41.022785],[37.743245,41.02267],[37.743313,41.022561],[37.743319,41.022486],[37.743115,41.022453],[37.743044,41.022406],[37.742902,41.022374],[37.742656,41.022229],[37.742453,41.022105],[37.742338,41.02204],[37.742153,41.022001],[37.741981,41.02208],[37.741987,41.02219],[37.741998,41.022263],[37.741748,41.022317],[37.741556,41.022349],[37.741465,41.022373],[37.741316,41.022376],[37.741201,41.022428],[37.741185,41.022401],[37.741035,41.022453],[37.740923,41.022435],[37.740774,41.022436],[37.740638,41.02242],[37.740621,41.022328],[37.74043,41.022284],[37.73983,41.022192],[37.739698,41.022438],[37.739828,41.02245],[37.739697,41.022589],[37.739665,41.022681],[37.739728,41.022842],[37.739715,41.022947],[37.739757,41.023034],[37.739804,41.023107],[37.739847,41.023283],[37.740005,41.023257],[37.74008,41.023385],[37.740106,41.023453],[37.740109,41.023513],[37.740018,41.023651],[37.739932,41.02366],[37.740006,41.023768],[37.739939,41.023748],[37.739939,41.023749],[37.739807,41.023728],[37.739501,41.023726],[37.739361,41.023763],[37.739258,41.023853],[37.739042,41.023943],[37.738803,41.023958],[37.738681,41.023943],[37.738352,41.024016],[37.738216,41.024085],[37.737948,41.02406],[37.737747,41.024055],[37.737626,41.024079],[37.737478,41.024122],[37.737164,41.024088],[37.736966,41.024077],[37.736839,41.024084],[37.736754,41.024186],[37.736568,41.024291],[37.736193,41.024443],[37.735985,41.024503],[37.735847,41.024561],[37.735797,41.024564],[37.735697,41.024552],[37.735626,41.02451],[37.735542,41.024482],[37.735336,41.024503],[37.735108,41.024522],[37.734991,41.02453],[37.734951,41.024534],[37.734846,41.024558],[37.734595,41.024634],[37.734403,41.024737],[37.734237,41.024814],[37.734173,41.024855],[37.734117,41.024896],[37.733983,41.024992],[37.734008,41.025012],[37.733896,41.025106],[37.733843,41.025168],[37.733811,41.025249],[37.733787,41.025314],[37.733697,41.025583],[37.73373,41.026235],[37.733834,41.0263],[37.733999,41.026461],[37.734071,41.026513],[37.73409,41.026552],[37.734025,41.026594],[37.733979,41.026622],[37.733906,41.02661],[37.733792,41.026495],[37.733647,41.026429],[37.733549,41.026416],[37.733462,41.026477],[37.733398,41.026541],[37.73334,41.026654],[37.732671,41.026468],[37.73249,41.026685],[37.73244,41.026745],[37.732376,41.026792],[37.732153,41.026904],[37.731962,41.027047],[37.731918,41.02709],[37.732048,41.02743],[37.73223,41.027705],[37.732324,41.027855],[37.731591,41.028105],[37.731926,41.028366],[37.732002,41.028687],[37.731934,41.029202],[37.732049,41.029924],[37.731847,41.030064],[37.73218,41.030459],[37.731948,41.030901],[37.73198,41.030978],[37.731884,41.031203],[37.731964,41.031368],[37.7323,41.031585],[37.732812,41.031723],[37.733503,41.031667],[37.733943,41.031653],[37.734081,41.031825],[37.734013,41.031973],[37.734257,41.032147],[37.734407,41.03213],[37.73473,41.032197],[37.73538,41.033392],[37.735601,41.033342],[37.735543,41.033545],[37.735761,41.033921],[37.736031,41.033973],[37.736308,41.034865],[37.736056,41.035472],[37.736159,41.03586],[37.735529,41.036793],[37.735591,41.037035],[37.735558,41.037235],[37.73528,41.037469],[37.73498,41.037806],[37.735361,41.037899],[37.735754,41.038034],[37.736649,41.038506],[37.737294,41.038549],[37.737726,41.038356],[37.738331,41.038391],[37.738645,41.038573],[37.739084,41.038393],[37.739356,41.038362],[37.7398,41.037892],[37.740001,41.037851],[37.74017,41.0379],[37.740277,41.037981],[37.740852,41.037824],[37.740934,41.037815],[37.741043,41.037839],[37.741315,41.037867],[37.741524,41.038],[37.741699,41.038295],[37.741892,41.038508],[37.742051,41.038579],[37.742367,41.038799],[37.742707,41.038946],[37.742978,41.039046],[37.743244,41.039248],[37.743532,41.039435],[37.743721,41.039702],[37.743694,41.039781],[37.743903,41.040012],[37.744018,41.040163],[37.744185,41.040434],[37.744341,41.040639],[37.744432,41.040782],[37.744618,41.04082],[37.7444,41.041174],[37.744414,41.041426],[37.74454,41.041546],[37.744582,41.041616],[37.744787,41.041743],[37.744958,41.041947],[37.745014,41.041935],[37.745087,41.041912],[37.745107,41.041915],[37.745156,41.041905],[37.745336,41.041916],[37.746073,41.04213],[37.746303,41.042094],[37.746578,41.042179],[37.746621,41.042194],[37.746879,41.0423],[37.746999,41.042325],[37.747267,41.04236],[37.747374,41.042396],[37.747425,41.042402],[37.747554,41.042419],[37.747838,41.042488],[37.747979,41.042522],[37.74811,41.042644],[37.748119,41.042647],[37.748287,41.042678],[37.748512,41.042666],[37.748636,41.042652],[37.748662,41.042643],[37.748936,41.042603],[37.74921,41.042601],[37.749391,41.042624],[37.749641,41.042685],[37.749682,41.042838],[37.749787,41.042986],[37.749818,41.04304],[37.749866,41.043091],[37.750094,41.043311],[37.750266,41.043436],[37.750353,41.043608],[37.750315,41.043688],[37.750361,41.043742],[37.750568,41.043877],[37.750663,41.043977],[37.750801,41.044057],[37.751354,41.044281],[37.751464,41.044338],[37.751478,41.044342],[37.751671,41.044343],[37.751843,41.044278],[37.75192,41.044408],[37.752028,41.044591],[37.752109,41.044719],[37.752197,41.044766],[37.752239,41.044817],[37.752271,41.044879],[37.752257,41.04498],[37.752283,41.04507],[37.752219,41.04517],[37.752145,41.045207],[37.751877,41.045325],[37.751652,41.045493],[37.751521,41.045689],[37.75147,41.045844],[37.751592,41.046122],[37.751647,41.046289],[37.751689,41.046433],[37.75176,41.046658],[37.751913,41.046815],[37.752052,41.046961],[37.752146,41.047015],[37.752228,41.047097],[37.752481,41.047296],[37.752665,41.047439],[37.752693,41.047553],[37.752703,41.047729],[37.752781,41.047843],[37.752883,41.047984],[37.752828,41.048198],[37.7527,41.048347],[37.752641,41.04852],[37.7525,41.048786],[37.752439,41.049011],[37.752433,41.049209],[37.752442,41.049351],[37.752458,41.049505],[37.752499,41.049753],[37.752679,41.04955],[37.752786,41.049477],[37.752955,41.049409],[37.753511,41.04945],[37.753704,41.049536],[37.753822,41.049569],[37.753816,41.049639],[37.753783,41.04978],[37.753763,41.050017],[37.753965,41.050364],[37.75466,41.050491],[37.755027,41.050557],[37.755285,41.050607],[37.755519,41.050722],[37.755627,41.051128],[37.755666,41.051169],[37.756063,41.051318],[37.756223,41.051378],[37.756646,41.051458],[37.756869,41.051447],[37.757435,41.051484],[37.757962,41.051669],[37.758158,41.051833],[37.758263,41.05183],[37.758412,41.051881],[37.759135,41.051813],[37.759697,41.051809],[37.760034,41.051674],[37.760302,41.0515],[37.760472,41.051338],[37.760922,41.051266],[37.761554,41.051163],[37.761713,41.051262],[37.76191,41.051313],[37.762189,41.051361],[37.762338,41.051436],[37.762506,41.051592],[37.762523,41.051772],[37.762534,41.051923],[37.762477,41.052101],[37.762691,41.052126],[37.762942,41.05212]]]]}},{"type":"Feature","properties":{"id":"TR-Y-52-017-M-0041","level":"yerlesim","type":"mahalle","parent_id":"TR-D-52-017","province_id":"TR-P-52","district_id":"TR-D-52-017","name":"Selimiye","source_raw_name":"SELİMİYE","source":"Kamuya açık veri ve kent rehberi servisleri","source_label":"Kamuya açık veri ve kent rehberi servisleri","source_name":"Ordu Büyükşehir Belediyesi Akıllı Şehir Açık Veri Platformu - Mahalleler"},"geometry":{"type":"MultiPolygon","coordinates":[[[[37.64637,40.960248],[37.64666,40.960034],[37.646785,40.96004],[37.647078,40.959974],[37.647261,40.959876],[37.647693,40.959649],[37.64783,40.959616],[37.64815,40.959409],[37.648316,40.959211],[37.649043,40.958797],[37.648987,40.958626],[37.649219,40.958338],[37.649353,40.958072],[37.649436,40.957982],[37.649553,40.957783],[37.649616,40.957625],[37.649534,40.957503],[37.649767,40.957396],[37.649937,40.957256],[37.650069,40.957016],[37.650303,40.956868],[37.650958,40.956493],[37.651592,40.956531],[37.652255,40.956544],[37.653202,40.956811],[37.654711,40.956932],[37.656556,40.956562],[37.657174,40.956507],[37.657823,40.956449],[37.658148,40.956573],[37.658612,40.956696],[37.658919,40.956824],[37.659028,40.956563],[37.659179,40.956564],[37.659319,40.956452],[37.659589,40.956409],[37.659939,40.95631],[37.660208,40.956153],[37.660489,40.956089],[37.660905,40.956031],[37.661363,40.955951],[37.661737,40.955843],[37.661794,40.955841],[37.662057,40.955829],[37.66259,40.955811],[37.662781,40.95576],[37.663073,40.955683],[37.663359,40.955765],[37.663653,40.955834],[37.663855,40.955882],[37.663945,40.955907],[37.664036,40.955899],[37.664245,40.955937],[37.664454,40.955984],[37.664609,40.956015],[37.664759,40.956048],[37.664881,40.956039],[37.664988,40.956001],[37.665213,40.955976],[37.665404,40.955967],[37.665564,40.955959],[37.665624,40.955913],[37.665961,40.955886],[37.66629,40.955733],[37.66645,40.955622],[37.666873,40.955547],[37.666946,40.955552],[37.667148,40.955481],[37.667308,40.955536],[37.667476,40.955582],[37.667568,40.955782],[37.667707,40.955818],[37.667845,40.956037],[37.668077,40.956121],[37.668239,40.956279],[37.668357,40.956426],[37.668459,40.956507],[37.668591,40.956592],[37.668737,40.956717],[37.66875,40.956726],[37.669038,40.956813],[37.669218,40.956705],[37.66944,40.956349],[37.669457,40.956105],[37.669383,40.955793],[37.669437,40.955554],[37.669588,40.95534],[37.669632,40.955185],[37.670002,40.954871],[37.670137,40.954773],[37.670448,40.954797],[37.67062,40.954735],[37.67079,40.954521],[37.670746,40.954169],[37.670539,40.95384],[37.670457,40.953753],[37.670442,40.953483],[37.670263,40.953189],[37.670154,40.952908],[37.670041,40.952586],[37.669943,40.95224],[37.669827,40.952028],[37.669875,40.951743],[37.669956,40.951613],[37.670066,40.95135],[37.670018,40.951138],[37.669991,40.950932],[37.6701,40.950669],[37.67025,40.95067],[37.670942,40.950718],[37.670998,40.95072],[37.671317,40.950734],[37.671566,40.950746],[37.671807,40.950752],[37.671816,40.950752],[37.671957,40.950757],[37.672127,40.95078],[37.672274,40.950774],[37.672606,40.950795],[37.672838,40.950863],[37.673179,40.950864],[37.673449,40.95051],[37.673802,40.950558],[37.673996,40.950526],[37.674163,40.950403],[37.674279,40.950133],[37.674333,40.950094],[37.675142,40.950058],[37.675444,40.950062],[37.675422,40.950166],[37.675439,40.950167],[37.675429,40.950247],[37.6759,40.950163],[37.676204,40.950258],[37.676417,40.949373],[37.677412,40.948741],[37.677415,40.94829],[37.677651,40.947894],[37.677938,40.947307],[37.678292,40.947033],[37.679327,40.946624],[37.680232,40.945381],[37.680556,40.944925],[37.68075,40.944741],[37.680711,40.944125],[37.680695,40.943694],[37.680466,40.943395],[37.680467,40.942363],[37.680392,40.942063],[37.680391,40.941571],[37.680433,40.941479],[37.680465,40.941471],[37.680702,40.941408],[37.681078,40.941224],[37.681109,40.941177],[37.681212,40.941025],[37.681231,40.941021],[37.681528,40.940899],[37.68159,40.940832],[37.681784,40.940624],[37.68226,40.940407],[37.682901,40.940435],[37.683452,40.940582],[37.683797,40.940554],[37.684186,40.940622],[37.684347,40.940556],[37.684587,40.940445],[37.684525,40.940315],[37.684426,40.940259],[37.684328,40.940164],[37.684358,40.940082],[37.685969,40.939529],[37.6869,40.939285],[37.687248,40.939266],[37.687419,40.939219],[37.687616,40.938698],[37.68898,40.938145],[37.689027,40.938052],[37.688856,40.937497],[37.688922,40.937186],[37.688994,40.936931],[37.689064,40.936668],[37.689119,40.936537],[37.689207,40.936467],[37.6892,40.936414],[37.689092,40.936207],[37.688943,40.935862],[37.688839,40.935579],[37.688792,40.935378],[37.688799,40.935278],[37.688836,40.935084],[37.688853,40.934994],[37.688872,40.934841],[37.688985,40.934429],[37.689048,40.934076],[37.689051,40.933985],[37.68906,40.933783],[37.689044,40.933684],[37.688953,40.933419],[37.688854,40.933155],[37.688791,40.932874],[37.688754,40.932427],[37.68877,40.932275],[37.688825,40.932106],[37.689261,40.931697],[37.689923,40.93125],[37.690103,40.930969],[37.689649,40.93029],[37.688931,40.929655],[37.68838,40.929173],[37.687997,40.928833],[37.687472,40.928388],[37.686871,40.927823],[37.686028,40.927582],[37.684824,40.927407],[37.684071,40.926867],[37.683084,40.926448],[37.681939,40.926248],[37.681858,40.925686],[37.68099,40.924763],[37.68207,40.924251],[37.681303,40.923364],[37.681301,40.922619],[37.680202,40.922006],[37.679581,40.921316],[37.679403,40.920676],[37.679095,40.920001],[37.678304,40.919173],[37.678935,40.918455],[37.678064,40.917488],[37.677254,40.917348],[37.676424,40.917262],[37.676003,40.917154],[37.675517,40.916923],[37.675456,40.916592],[37.675385,40.916122],[37.67531,40.915869],[37.674941,40.915419],[37.674419,40.915072],[37.673795,40.914708],[37.673673,40.914322],[37.673959,40.914071],[37.674424,40.913755],[37.67528,40.913566],[37.675739,40.91324],[37.676377,40.91259],[37.676944,40.911982],[37.677174,40.911606],[37.677519,40.910841],[37.677866,40.910251],[37.678275,40.909718],[37.678685,40.909212],[37.679538,40.908878],[37.680514,40.908728],[37.681443,40.908559],[37.682592,40.908326],[37.684326,40.907787],[37.684932,40.90751],[37.685856,40.906871],[37.686495,40.90646],[37.687336,40.905991],[37.688048,40.905738],[37.688615,40.905554],[37.690527,40.904532],[37.692111,40.903137],[37.692524,40.902401],[37.691547,40.902457],[37.688892,40.902285],[37.685854,40.902444],[37.68322,40.903141],[37.68161,40.903843],[37.680294,40.90519],[37.67802,40.90347],[37.677516,40.902028],[37.677262,40.899962],[37.676524,40.898399],[37.67535,40.897981],[37.673203,40.895837],[37.673205,40.895832],[37.673207,40.895829],[37.673197,40.895831],[37.673116,40.895999],[37.672912,40.896213],[37.672862,40.896317],[37.672832,40.896398],[37.672715,40.896569],[37.672578,40.896718],[37.672308,40.897013],[37.672163,40.897232],[37.672,40.89746],[37.671948,40.897596],[37.671916,40.897827],[37.671908,40.898027],[37.671886,40.89815],[37.671833,40.898369],[37.671729,40.898762],[37.671688,40.899407],[37.671676,40.899946],[37.671651,40.900336],[37.671648,40.900697],[37.671654,40.901032],[37.671647,40.901413],[37.671638,40.901721],[37.671649,40.902077],[37.671648,40.902381],[37.671559,40.902753],[37.671539,40.903283],[37.671475,40.903602],[37.671365,40.903864],[37.671188,40.904141],[37.670995,40.904502],[37.67087,40.904816],[37.670646,40.905088],[37.670472,40.90553],[37.670311,40.905788],[37.670206,40.905898],[37.67008,40.906048],[37.669899,40.906271],[37.669808,40.906517],[37.66966,40.906857],[37.669449,40.907337],[37.669386,40.907521],[37.669318,40.907942],[37.66929,40.908294],[37.669231,40.908694],[37.669167,40.909076],[37.6691,40.90953],[37.669006,40.910114],[37.668943,40.91056],[37.668843,40.91111],[37.668745,40.911493],[37.668663,40.911708],[37.668545,40.911972],[37.668369,40.91225],[37.668301,40.912578],[37.668286,40.912936],[37.668261,40.913214],[37.668278,40.913458],[37.668334,40.913571],[37.668338,40.913676],[37.668228,40.913917],[37.668176,40.914042],[37.668108,40.914166],[37.668018,40.914361],[37.667986,40.914585],[37.668108,40.914912],[37.668299,40.915222],[37.668395,40.91536],[37.668521,40.915497],[37.668555,40.915575],[37.668548,40.915654],[37.668438,40.915695],[37.66832,40.915708],[37.668056,40.915674],[37.667821,40.915601],[37.667592,40.915531],[37.667282,40.915429],[37.66683,40.91523],[37.666581,40.915178],[37.666314,40.915079],[37.666211,40.915033],[37.665142,40.914633],[37.664823,40.914558],[37.664091,40.914369],[37.663753,40.914264],[37.663391,40.914145],[37.662979,40.914186],[37.662664,40.914243],[37.662408,40.914238],[37.662142,40.914185],[37.661717,40.914096],[37.661206,40.91405],[37.660745,40.91405],[37.660536,40.914028],[37.660332,40.914006],[37.660011,40.91398],[37.659743,40.914029],[37.659573,40.914094],[37.659374,40.914139],[37.658981,40.914175],[37.658634,40.914166],[37.658375,40.914096],[37.658082,40.914035],[37.65793,40.913994],[37.657651,40.913855],[37.657297,40.913647],[37.65702,40.913419],[37.656554,40.913074],[37.656143,40.912792],[37.655678,40.912576],[37.655417,40.912509],[37.655128,40.912538],[37.654983,40.912644],[37.654774,40.91289],[37.654413,40.913219],[37.654184,40.913316],[37.653536,40.913513],[37.653124,40.913701],[37.652593,40.913873],[37.652207,40.91407],[37.651745,40.914275],[37.651337,40.914445],[37.650933,40.914631],[37.650543,40.914834],[37.65032,40.915012],[37.650137,40.915269],[37.650033,40.915494],[37.64993,40.915747],[37.649815,40.915991],[37.649799,40.916212],[37.649792,40.916675],[37.649734,40.91681],[37.649638,40.917163],[37.649567,40.917379],[37.649573,40.917593],[37.649615,40.917728],[37.649712,40.917861],[37.649856,40.91803],[37.650058,40.918335],[37.650195,40.918501],[37.650422,40.918744],[37.650615,40.918901],[37.650792,40.91906],[37.651125,40.919425],[37.651307,40.919674],[37.651415,40.919873],[37.651463,40.920005],[37.651497,40.920134],[37.651519,40.920232],[37.651511,40.920425],[37.651504,40.920607],[37.651491,40.92083],[37.651677,40.92111],[37.651799,40.92122],[37.652102,40.921556],[37.652136,40.921714],[37.652182,40.921832],[37.652292,40.92213],[37.652291,40.922372],[37.652261,40.922541],[37.652125,40.922851],[37.651983,40.923104],[37.651895,40.923426],[37.651865,40.92369],[37.651993,40.924238],[37.652093,40.9244],[37.652337,40.92463],[37.652456,40.924727],[37.652574,40.924821],[37.652635,40.92491],[37.652819,40.92512],[37.652893,40.92557],[37.652899,40.925714],[37.652867,40.925983],[37.652741,40.926312],[37.652532,40.926736],[37.652446,40.926977],[37.652458,40.927536],[37.652504,40.927709],[37.652708,40.927945],[37.65279,40.928063],[37.653119,40.928201],[37.653306,40.928267],[37.653664,40.928275],[37.654029,40.928334],[37.654413,40.928394],[37.654677,40.928482],[37.65489,40.928604],[37.655103,40.928759],[37.655371,40.929048],[37.655607,40.92939],[37.655603,40.929571],[37.655468,40.929789],[37.655262,40.930239],[37.655143,40.930612],[37.655093,40.930974],[37.655074,40.93152],[37.655113,40.931862],[37.655267,40.932259],[37.655436,40.932477],[37.655768,40.93282],[37.656238,40.933217],[37.65681,40.933729],[37.657122,40.934495],[37.657241,40.934684],[37.657414,40.935288],[37.657572,40.936035],[37.657522,40.936213],[37.657523,40.936557],[37.657549,40.937119],[37.65747,40.937623],[37.657458,40.938178],[37.657377,40.938746],[37.657403,40.939357],[37.657424,40.939699],[37.657463,40.940232],[37.657458,40.940788],[37.657439,40.941102],[37.65744,40.941609],[37.65746,40.941922],[37.657614,40.942553],[37.657624,40.942731],[37.657627,40.943144],[37.657671,40.943571],[37.657708,40.944035],[37.657694,40.944339],[37.657628,40.944815],[37.657565,40.945414],[37.657629,40.945576],[37.65761,40.945734],[37.657568,40.945991],[37.657475,40.946321],[37.657408,40.946576],[37.657347,40.946717],[37.657181,40.946747],[37.656974,40.946637],[37.656643,40.946493],[37.656277,40.946358],[37.656047,40.946166],[37.655599,40.945844],[37.655289,40.945587],[37.654608,40.945196],[37.654251,40.945001],[37.653778,40.944849],[37.65291,40.944638],[37.652644,40.944434],[37.65233,40.944225],[37.652219,40.944186],[37.652077,40.944136],[37.651454,40.943823],[37.651205,40.943774],[37.650901,40.94367],[37.650306,40.943763],[37.649899,40.943804],[37.649449,40.943825],[37.649198,40.943971],[37.649528,40.94424],[37.649553,40.944246],[37.649736,40.944287],[37.650592,40.945015],[37.650315,40.945324],[37.650098,40.945441],[37.649003,40.94598],[37.649015,40.945999],[37.648475,40.946323],[37.647854,40.946584],[37.647981,40.946761],[37.648062,40.946797],[37.647933,40.947028],[37.647126,40.947858],[37.647107,40.947893],[37.646672,40.948114],[37.645543,40.949649],[37.644608,40.949797],[37.64365,40.949227],[37.643417,40.94913],[37.642883,40.948908],[37.642478,40.949135],[37.642255,40.94926],[37.642289,40.949337],[37.641838,40.949536],[37.641754,40.949421],[37.641687,40.9494],[37.641613,40.949388],[37.641002,40.949491],[37.640958,40.949731],[37.640536,40.949758],[37.640438,40.949566],[37.640168,40.949484],[37.639721,40.949262],[37.638934,40.949371],[37.638945,40.949739],[37.639203,40.950164],[37.639944,40.950511],[37.639948,40.950565],[37.639931,40.950879],[37.640698,40.951073],[37.640556,40.95231],[37.640149,40.952927],[37.639549,40.953082],[37.639206,40.953169],[37.639115,40.953396],[37.639175,40.953686],[37.639524,40.953996],[37.639635,40.954059],[37.639685,40.954132],[37.639884,40.954178],[37.640045,40.954256],[37.640279,40.954317],[37.640494,40.954406],[37.640829,40.954531],[37.641456,40.954617],[37.641757,40.954635],[37.642181,40.954678],[37.642695,40.954798],[37.643,40.95498],[37.643026,40.95503],[37.642917,40.955145],[37.642785,40.955474],[37.642718,40.955623],[37.642245,40.956064],[37.642324,40.95637],[37.642319,40.956646],[37.642546,40.957162],[37.642582,40.957314],[37.642603,40.957312],[37.643014,40.957261],[37.643017,40.957376],[37.642806,40.95775],[37.642623,40.957726],[37.642551,40.958057],[37.642524,40.958366],[37.642508,40.958826],[37.64271,40.958722],[37.643095,40.958952],[37.643449,40.959082],[37.64366,40.959137],[37.64401,40.959223],[37.644368,40.959362],[37.644563,40.95943],[37.644798,40.959529],[37.64528,40.959646],[37.645716,40.959743],[37.646077,40.960139],[37.64637,40.960248]]]]}},{"type":"Feature","properties":{"id":"TR-Y-52-017-M-0042","level":"yerlesim","type":"mahalle","parent_id":"TR-D-52-017","province_id":"TR-P-52","district_id":"TR-D-52-017","name":"Şenyurt","source_raw_name":"ŞENYURT","source":"Kamuya açık veri ve kent rehberi servisleri","source_label":"Kamuya açık veri ve kent rehberi servisleri","source_name":"Ordu Büyükşehir Belediyesi Akıllı Şehir Açık Veri Platformu - Mahalleler"},"geometry":{"type":"MultiPolygon","coordinates":[[[[37.74904,41.051342],[37.749114,41.051294],[37.749174,41.051313],[37.749244,41.051388],[37.749464,41.051625],[37.749658,41.051737],[37.749815,41.051723],[37.750401,41.051665],[37.750443,41.05164],[37.750588,41.051607],[37.750857,41.051404],[37.750973,41.051178],[37.751166,41.050934],[37.751608,41.050591],[37.752121,41.050194],[37.752215,41.050073],[37.752499,41.049753],[37.752458,41.049505],[37.752442,41.049351],[37.752433,41.049209],[37.752439,41.049011],[37.7525,41.048786],[37.752641,41.04852],[37.7527,41.048347],[37.752828,41.048198],[37.752883,41.047984],[37.752781,41.047843],[37.752703,41.047729],[37.752693,41.047553],[37.752665,41.047439],[37.752481,41.047296],[37.752228,41.047097],[37.752146,41.047015],[37.752052,41.046961],[37.751913,41.046815],[37.75176,41.046658],[37.751689,41.046433],[37.751647,41.046289],[37.751592,41.046122],[37.75147,41.045844],[37.751521,41.045689],[37.751652,41.045493],[37.751877,41.045325],[37.752145,41.045207],[37.752219,41.04517],[37.752283,41.04507],[37.752257,41.04498],[37.752271,41.044879],[37.752239,41.044817],[37.752197,41.044766],[37.752109,41.044719],[37.752028,41.044591],[37.75192,41.044408],[37.751843,41.044278],[37.751671,41.044343],[37.751478,41.044342],[37.751464,41.044338],[37.751354,41.044281],[37.750801,41.044057],[37.750663,41.043977],[37.750568,41.043877],[37.750361,41.043742],[37.750315,41.043688],[37.750353,41.043608],[37.750266,41.043436],[37.750094,41.043311],[37.749866,41.043091],[37.749818,41.04304],[37.749787,41.042986],[37.749682,41.042838],[37.749641,41.042685],[37.749391,41.042624],[37.74921,41.042601],[37.748936,41.042603],[37.748662,41.042643],[37.748636,41.042652],[37.748512,41.042666],[37.748287,41.042678],[37.748119,41.042647],[37.74811,41.042644],[37.747979,41.042522],[37.747838,41.042488],[37.747554,41.042419],[37.747425,41.042402],[37.747374,41.042396],[37.747267,41.04236],[37.746999,41.042325],[37.746879,41.0423],[37.746621,41.042194],[37.746578,41.042179],[37.746303,41.042094],[37.746073,41.04213],[37.745336,41.041916],[37.745156,41.041905],[37.745107,41.041915],[37.745087,41.041912],[37.745014,41.041935],[37.744958,41.041947],[37.744787,41.041743],[37.744582,41.041616],[37.74454,41.041546],[37.744414,41.041426],[37.7444,41.041174],[37.744618,41.04082],[37.744432,41.040782],[37.744341,41.040639],[37.744185,41.040434],[37.744018,41.040163],[37.743903,41.040012],[37.743694,41.039781],[37.743721,41.039702],[37.743532,41.039435],[37.743244,41.039248],[37.742978,41.039046],[37.742707,41.038946],[37.742367,41.038799],[37.742051,41.038579],[37.741892,41.038508],[37.741699,41.038295],[37.741524,41.038],[37.741315,41.037867],[37.741043,41.037839],[37.740934,41.037815],[37.740852,41.037824],[37.740277,41.037981],[37.74017,41.0379],[37.740001,41.037851],[37.7398,41.037892],[37.739356,41.038362],[37.739084,41.038393],[37.738645,41.038573],[37.738331,41.038391],[37.737726,41.038356],[37.737294,41.038549],[37.736649,41.038506],[37.735754,41.038034],[37.735361,41.037899],[37.73498,41.037806],[37.73528,41.037469],[37.735558,41.037235],[37.735591,41.037035],[37.735529,41.036793],[37.736159,41.03586],[37.736056,41.035472],[37.736308,41.034865],[37.736031,41.033973],[37.735761,41.033921],[37.735543,41.033545],[37.735601,41.033342],[37.73538,41.033392],[37.73473,41.032197],[37.734407,41.03213],[37.734257,41.032147],[37.734013,41.031973],[37.734081,41.031825],[37.733943,41.031653],[37.733503,41.031667],[37.732812,41.031723],[37.7323,41.031585],[37.731964,41.031368],[37.731884,41.031203],[37.73198,41.030978],[37.731948,41.030901],[37.73218,41.030459],[37.731847,41.030064],[37.732049,41.029924],[37.731934,41.029202],[37.732002,41.028687],[37.731926,41.028366],[37.731591,41.028105],[37.732324,41.027855],[37.73223,41.027705],[37.732048,41.02743],[37.731918,41.02709],[37.731746,41.027159],[37.731536,41.02717],[37.731493,41.02726],[37.731498,41.027426],[37.731458,41.027557],[37.731304,41.027662],[37.731213,41.027976],[37.731189,41.028022],[37.731057,41.028197],[37.731015,41.028353],[37.730914,41.028531],[37.730789,41.028665],[37.730409,41.028684],[37.730299,41.028757],[37.730243,41.02882],[37.730145,41.029017],[37.73013,41.029075],[37.730018,41.029327],[37.730027,41.029559],[37.729997,41.029736],[37.729963,41.02981],[37.729937,41.029873],[37.729838,41.03006],[37.729607,41.02996],[37.729376,41.029859],[37.729189,41.029806],[37.72907,41.029751],[37.72898,41.029682],[37.728913,41.029653],[37.728902,41.029588],[37.728898,41.029544],[37.728913,41.02945],[37.728865,41.029368],[37.728737,41.029214],[37.72867,41.029035],[37.728672,41.028952],[37.728637,41.028817],[37.728587,41.028774],[37.728592,41.028733],[37.728572,41.028717],[37.728564,41.028694],[37.728563,41.028691],[37.728581,41.028617],[37.728603,41.028524],[37.728619,41.028455],[37.728722,41.028199],[37.728786,41.028093],[37.728864,41.027961],[37.728862,41.027955],[37.728802,41.027772],[37.72879,41.02772],[37.728766,41.027624],[37.728751,41.02748],[37.728675,41.027391],[37.728669,41.02737],[37.728626,41.027236],[37.728451,41.027083],[37.728428,41.026939],[37.728411,41.026831],[37.728416,41.026799],[37.728453,41.026742],[37.728451,41.026719],[37.72849,41.026606],[37.728426,41.0265],[37.728366,41.026327],[37.728311,41.026171],[37.728261,41.026182],[37.728218,41.026189],[37.728242,41.026166],[37.728374,41.026037],[37.728355,41.026004],[37.728219,41.025843],[37.728144,41.025721],[37.72803,41.025804],[37.727897,41.025825],[37.727859,41.025792],[37.727684,41.025597],[37.727684,41.025597],[37.727665,41.025374],[37.727835,41.024956],[37.727516,41.024901],[37.727344,41.024754],[37.727197,41.024555],[37.727011,41.024377],[37.727114,41.024192],[37.727186,41.023933],[37.727095,41.023799],[37.726865,41.023911],[37.726792,41.023859],[37.726713,41.023813],[37.726883,41.023605],[37.726957,41.023398],[37.7272,41.0231],[37.727145,41.023104],[37.727193,41.023041],[37.727393,41.022776],[37.727418,41.022701],[37.727607,41.022351],[37.727814,41.022094],[37.727938,41.021902],[37.728124,41.021709],[37.728307,41.021511],[37.728071,41.021334],[37.727862,41.021271],[37.727734,41.021212],[37.727699,41.021207],[37.727403,41.021247],[37.726704,41.021213],[37.726213,41.021226],[37.726051,41.021138],[37.725859,41.021037],[37.725664,41.02101],[37.725294,41.020977],[37.725097,41.020925],[37.724921,41.020909],[37.724859,41.02097],[37.724804,41.02106],[37.72461,41.021138],[37.724424,41.021195],[37.724237,41.021214],[37.724114,41.021196],[37.723918,41.02107],[37.723758,41.021102],[37.72356,41.021143],[37.723204,41.021077],[37.72322,41.021175],[37.723023,41.021059],[37.722715,41.021104],[37.722558,41.02109],[37.722451,41.021223],[37.722243,41.021214],[37.721911,41.02083],[37.721739,41.020905],[37.721556,41.020924],[37.721343,41.020954],[37.721112,41.020987],[37.721007,41.020952],[37.720833,41.020884],[37.720427,41.020733],[37.720459,41.020589],[37.720238,41.020725],[37.718973,41.020759],[37.71853,41.020841],[37.718455,41.020705],[37.717989,41.020659],[37.717685,41.020729],[37.717354,41.02063],[37.717146,41.020818],[37.717089,41.02118],[37.717101,41.021197],[37.716651,41.021158],[37.716646,41.021159],[37.716479,41.021067],[37.716407,41.021089],[37.716257,41.021191],[37.716034,41.021291],[37.715762,41.021357],[37.715638,41.021288],[37.715587,41.021053],[37.715567,41.021021],[37.715604,41.020982],[37.715641,41.020891],[37.715577,41.020858],[37.715476,41.020872],[37.715417,41.020776],[37.715314,41.020691],[37.715078,41.020623],[37.714701,41.020592],[37.714606,41.02005],[37.714563,41.019984],[37.71456,41.019967],[37.714546,41.019957],[37.714514,41.019909],[37.714089,41.019877],[37.714038,41.019861],[37.713978,41.019854],[37.713813,41.019732],[37.713696,41.019557],[37.713576,41.019521],[37.713502,41.019451],[37.713225,41.01916],[37.713074,41.018867],[37.712762,41.018458],[37.712318,41.018259],[37.712254,41.018318],[37.712157,41.018279],[37.712041,41.018221],[37.711947,41.01806],[37.711767,41.018072],[37.711597,41.018118],[37.711599,41.018163],[37.711464,41.018312],[37.711106,41.018522],[37.711081,41.018529],[37.710988,41.018675],[37.710839,41.018766],[37.710663,41.018759],[37.710635,41.018745],[37.710389,41.018596],[37.710355,41.018551],[37.710242,41.018496],[37.710015,41.018531],[37.709862,41.018435],[37.709723,41.018382],[37.709623,41.018305],[37.709502,41.018217],[37.709329,41.018214],[37.709079,41.018236],[37.709064,41.018317],[37.70903,41.018378],[37.708852,41.018463],[37.708661,41.018426],[37.708382,41.018309],[37.708251,41.018334],[37.708118,41.018396],[37.708022,41.018538],[37.70791,41.0186],[37.707786,41.018797],[37.707757,41.018828],[37.707538,41.018895],[37.707288,41.018999],[37.707229,41.019023],[37.70712,41.019123],[37.706988,41.019204],[37.706944,41.019235],[37.706917,41.019224],[37.706643,41.019214],[37.706214,41.019304],[37.706028,41.019423],[37.705607,41.01957],[37.705277,41.019637],[37.705241,41.019624],[37.705161,41.019557],[37.705016,41.019471],[37.704821,41.019314],[37.704642,41.019048],[37.704366,41.018977],[37.704366,41.018977],[37.704281,41.018939],[37.704195,41.018901],[37.7039,41.018908],[37.703768,41.018894],[37.703638,41.018951],[37.703409,41.018852],[37.703218,41.018974],[37.703086,41.018873],[37.702893,41.018853],[37.702825,41.018895],[37.702671,41.018806],[37.702503,41.018741],[37.702382,41.018676],[37.702088,41.018686],[37.701947,41.018681],[37.701674,41.01868],[37.701481,41.018704],[37.701341,41.018737],[37.701225,41.018575],[37.701063,41.018462],[37.700927,41.018337],[37.700842,41.018249],[37.700812,41.018178],[37.700792,41.018171],[37.700546,41.018333],[37.700313,41.018408],[37.700135,41.018454],[37.699804,41.01854],[37.69974,41.018549],[37.699658,41.018542],[37.699496,41.018599],[37.699442,41.018637],[37.699455,41.018689],[37.699377,41.018696],[37.699331,41.018709],[37.699289,41.018726],[37.699177,41.018789],[37.698954,41.01884],[37.698801,41.018879],[37.698533,41.019056],[37.698354,41.019166],[37.698337,41.019165],[37.698111,41.019249],[37.697882,41.019367],[37.69778,41.01949],[37.697755,41.019564],[37.697672,41.019677],[37.6976,41.019754],[37.697358,41.020004],[37.697337,41.020033],[37.697222,41.020154],[37.697199,41.020205],[37.697151,41.020274],[37.697141,41.020291],[37.697067,41.020421],[37.697131,41.02043],[37.698396,41.02056],[37.698521,41.02065],[37.698527,41.020699],[37.698805,41.020958],[37.699152,41.021069],[37.699152,41.021069],[37.699161,41.021074],[37.699554,41.021325],[37.700021,41.021377],[37.700337,41.021645],[37.700665,41.022305],[37.700571,41.022516],[37.700512,41.022697],[37.700263,41.022834],[37.700202,41.023122],[37.699908,41.02356],[37.699576,41.023871],[37.699356,41.024379],[37.699081,41.025006],[37.699269,41.026315],[37.699455,41.026723],[37.699411,41.02735],[37.699432,41.02744],[37.699366,41.028269],[37.699488,41.028462],[37.699558,41.028657],[37.699739,41.028822],[37.699743,41.028823],[37.700249,41.029277],[37.700347,41.02955],[37.700621,41.029671],[37.700621,41.029671],[37.700704,41.029821],[37.701076,41.030301],[37.701144,41.0306],[37.701226,41.03082],[37.701506,41.03097],[37.702035,41.031124],[37.702618,41.031218],[37.702881,41.031375],[37.703028,41.031578],[37.703194,41.031674],[37.703983,41.032099],[37.704609,41.032301],[37.705023,41.03197],[37.705228,41.031898],[37.705813,41.031455],[37.706083,41.031153],[37.706277,41.031089],[37.706438,41.031071],[37.706612,41.031147],[37.706867,41.031402],[37.70725,41.031746],[37.707476,41.031765],[37.708195,41.031689],[37.708485,41.031734],[37.710658,41.031224],[37.712941,41.031558],[37.714956,41.031772],[37.715436,41.032187],[37.715542,41.032477],[37.715477,41.032774],[37.715347,41.033124],[37.715581,41.034065],[37.715658,41.035537],[37.716421,41.03708],[37.717056,41.038265],[37.718031,41.039087],[37.718072,41.0392],[37.718096,41.039299],[37.718343,41.039412],[37.718509,41.039428],[37.718603,41.03946],[37.718602,41.039511],[37.718853,41.039549],[37.718981,41.03962],[37.719121,41.039821],[37.719323,41.039882],[37.719487,41.039898],[37.720012,41.040187],[37.720261,41.040556],[37.720252,41.040769],[37.720131,41.041103],[37.720105,41.041384],[37.720201,41.041603],[37.720251,41.041737],[37.720431,41.041936],[37.720924,41.042173],[37.721363,41.042274],[37.72143,41.042261],[37.721592,41.042289],[37.721665,41.042318],[37.721845,41.042522],[37.721896,41.042501],[37.722048,41.042514],[37.722066,41.042514],[37.722284,41.042548],[37.722347,41.042579],[37.722565,41.04261],[37.72269,41.042604],[37.722695,41.042619],[37.722626,41.042676],[37.722595,41.04268],[37.722525,41.04272],[37.722499,41.042736],[37.722491,41.042754],[37.722391,41.042794],[37.722232,41.042858],[37.722233,41.04304],[37.722283,41.043383],[37.72239,41.043697],[37.722462,41.04372],[37.722576,41.043707],[37.722758,41.043664],[37.722879,41.043567],[37.723148,41.043449],[37.723423,41.043306],[37.723569,41.043258],[37.723788,41.043251],[37.723861,41.043235],[37.723882,41.043239],[37.724025,41.043237],[37.724176,41.043215],[37.724308,41.043172],[37.724589,41.043095],[37.724728,41.043164],[37.724936,41.043188],[37.725141,41.043205],[37.72529,41.043214],[37.725551,41.043129],[37.725632,41.043058],[37.725711,41.043038],[37.725879,41.043173],[37.725961,41.043257],[37.72604,41.043457],[37.726123,41.043518],[37.726199,41.043505],[37.726261,41.043493],[37.726317,41.043497],[37.726529,41.043588],[37.726729,41.043621],[37.726895,41.043606],[37.72695,41.043661],[37.726974,41.0438],[37.727144,41.043894],[37.727517,41.044191],[37.727754,41.044117],[37.727982,41.043921],[37.728139,41.043857],[37.728234,41.043787],[37.728344,41.043796],[37.728525,41.0438],[37.728744,41.043914],[37.728939,41.043971],[37.729054,41.044124],[37.729141,41.044205],[37.729488,41.044459],[37.729567,41.044519],[37.729693,41.044558],[37.730131,41.044653],[37.730556,41.044953],[37.730918,41.04511],[37.731112,41.045095],[37.731273,41.045124],[37.731497,41.045131],[37.731722,41.045227],[37.731836,41.045252],[37.73214,41.045257],[37.7323,41.045219],[37.732455,41.045178],[37.732605,41.04525],[37.732796,41.045325],[37.732937,41.045341],[37.733293,41.045493],[37.733374,41.045589],[37.733758,41.045637],[37.733927,41.045686],[37.734025,41.045795],[37.734187,41.045913],[37.734266,41.045871],[37.734396,41.045926],[37.734495,41.045908],[37.734693,41.045815],[37.734782,41.045786],[37.734922,41.045735],[37.735136,41.045696],[37.735321,41.045681],[37.735368,41.045654],[37.735472,41.045678],[37.735536,41.045711],[37.735792,41.045747],[37.735866,41.045738],[37.735979,41.045764],[37.73613,41.045823],[37.73618,41.045836],[37.736216,41.045833],[37.736268,41.045811],[37.736358,41.045802],[37.736475,41.04581],[37.736605,41.045844],[37.736675,41.045853],[37.736739,41.045805],[37.7367,41.045733],[37.736712,41.045682],[37.73731,41.045957],[37.737983,41.046486],[37.73822,41.046691],[37.738389,41.046633],[37.738398,41.046644],[37.738442,41.046706],[37.738873,41.04647],[37.739164,41.046469],[37.739395,41.046547],[37.739709,41.046801],[37.739775,41.046994],[37.739733,41.047205],[37.739907,41.047737],[37.740384,41.047674],[37.740911,41.047576],[37.741102,41.047619],[37.741595,41.047692],[37.741938,41.047824],[37.741954,41.0478],[37.741997,41.047765],[37.742023,41.047737],[37.742138,41.047638],[37.742506,41.047428],[37.742614,41.047287],[37.742789,41.047378],[37.743129,41.047646],[37.74324,41.047733],[37.743412,41.047863],[37.743566,41.048015],[37.743723,41.048182],[37.743748,41.04827],[37.743863,41.048303],[37.74379,41.048463],[37.744078,41.048887],[37.744226,41.049047],[37.744234,41.049057],[37.74458,41.049026],[37.744999,41.049168],[37.745244,41.04924],[37.745669,41.049365],[37.746151,41.049856],[37.746408,41.050044],[37.746711,41.050238],[37.746808,41.050273],[37.746913,41.05034],[37.747096,41.05041],[37.747334,41.050584],[37.747346,41.050613],[37.74738,41.050616],[37.747591,41.050895],[37.747722,41.051032],[37.747694,41.051055],[37.747712,41.051154],[37.747649,41.051535],[37.747635,41.051615],[37.747709,41.051873],[37.747827,41.051997],[37.748047,41.052025],[37.748226,41.051893],[37.748248,41.051811],[37.748492,41.051607],[37.748737,41.051483],[37.748787,41.051472],[37.748811,41.051467],[37.748877,41.051441],[37.748881,41.051434],[37.74904,41.051342]]]]}},{"type":"Feature","properties":{"id":"TR-Y-52-017-M-0043","level":"yerlesim","type":"mahalle","parent_id":"TR-D-52-017","province_id":"TR-P-52","district_id":"TR-D-52-017","name":"Sırakovancı","source_raw_name":"SIRAKOVANCI","source":"Kamuya açık veri ve kent rehberi servisleri","source_label":"Kamuya açık veri ve kent rehberi servisleri","source_name":"Ordu Büyükşehir Belediyesi Akıllı Şehir Açık Veri Platformu - Mahalleler"},"geometry":{"type":"MultiPolygon","coordinates":[[[[37.674234,41.046447],[37.674449,41.046421],[37.674603,41.046424],[37.674748,41.046454],[37.674995,41.046474],[37.675132,41.046482],[37.675207,41.046479],[37.675418,41.046449],[37.675615,41.046417],[37.675701,41.046384],[37.675751,41.04633],[37.675813,41.046258],[37.675839,41.046212],[37.675846,41.046055],[37.675796,41.045942],[37.675791,41.045881],[37.675851,41.045716],[37.675943,41.04546],[37.67595,41.045419],[37.67592,41.045382],[37.675884,41.04533],[37.675817,41.045232],[37.675747,41.045081],[37.675706,41.045008],[37.675674,41.044831],[37.675619,41.044635],[37.675584,41.044576],[37.675453,41.044481],[37.675384,41.044428],[37.675341,41.044354],[37.675325,41.044307],[37.675326,41.044248],[37.675352,41.044162],[37.675386,41.04408],[37.675416,41.044036],[37.675465,41.043981],[37.675561,41.043897],[37.675664,41.043842],[37.675737,41.043791],[37.675798,41.043753],[37.675858,41.043712],[37.675918,41.043643],[37.675991,41.043559],[37.676083,41.043464],[37.676187,41.043382],[37.676316,41.043303],[37.676567,41.043196],[37.676656,41.043122],[37.676745,41.043004],[37.676767,41.042939],[37.676773,41.042797],[37.67677,41.04274],[37.676781,41.042656],[37.676811,41.042618],[37.676837,41.042601],[37.676904,41.042592],[37.676992,41.042576],[37.677081,41.04255],[37.67714,41.042526],[37.67719,41.042497],[37.677242,41.042446],[37.677266,41.042331],[37.677255,41.042277],[37.677237,41.04221],[37.677198,41.042124],[37.677107,41.041924],[37.677069,41.041851],[37.676992,41.041799],[37.676885,41.041746],[37.676833,41.041711],[37.676758,41.041637],[37.676758,41.041589],[37.676751,41.041545],[37.676753,41.041518],[37.676757,41.041463],[37.676776,41.041359],[37.67679,41.041313],[37.676887,41.040984],[37.67702,41.04077],[37.677155,41.040669],[37.677298,41.04063],[37.677941,41.040493],[37.678615,41.04054],[37.678944,41.040556],[37.67909,41.040542],[37.679184,41.040511],[37.679277,41.040472],[37.6793,41.040434],[37.679408,41.040144],[37.679502,41.039975],[37.679551,41.03987],[37.679585,41.039816],[37.679751,41.039742],[37.679928,41.039649],[37.680171,41.039555],[37.680269,41.039504],[37.680564,41.039477],[37.680682,41.039434],[37.680833,41.039372],[37.680989,41.039285],[37.681016,41.039241],[37.681083,41.03913],[37.681171,41.038975],[37.681247,41.03886],[37.68159,41.03869],[37.681937,41.038399],[37.681956,41.038141],[37.681704,41.037989],[37.681815,41.037806],[37.682079,41.037659],[37.682409,41.037451],[37.682856,41.037245],[37.682944,41.037051],[37.683014,41.036853],[37.683032,41.036649],[37.683031,41.036494],[37.683018,41.036365],[37.683047,41.036111],[37.683049,41.036077],[37.683041,41.036047],[37.682997,41.036003],[37.682957,41.035975],[37.682929,41.035957],[37.682885,41.035898],[37.682856,41.035805],[37.682805,41.035654],[37.682791,41.035544],[37.682796,41.035413],[37.682803,41.03526],[37.682835,41.035076],[37.682828,41.035003],[37.682798,41.034915],[37.682726,41.034816],[37.682641,41.034728],[37.682602,41.034623],[37.682617,41.034575],[37.682763,41.034422],[37.682829,41.034264],[37.68283,41.034174],[37.682827,41.034096],[37.682765,41.033903],[37.682741,41.033753],[37.68273,41.033566],[37.682745,41.033391],[37.682764,41.033279],[37.68284,41.033181],[37.682892,41.033095],[37.682883,41.032983],[37.682842,41.032895],[37.682763,41.032775],[37.682745,41.032701],[37.682779,41.032666],[37.682856,41.032616],[37.683009,41.032506],[37.683219,41.03231],[37.683261,41.032264],[37.683307,41.03225],[37.683381,41.032234],[37.683474,41.032222],[37.683515,41.03222],[37.683587,41.032244],[37.68362,41.032253],[37.683677,41.032245],[37.683731,41.032214],[37.683763,41.032194],[37.683783,41.032157],[37.683805,41.032107],[37.683846,41.032047],[37.683882,41.032022],[37.684012,41.031965],[37.684161,41.031901],[37.684313,41.031847],[37.684425,41.031819],[37.684583,41.031787],[37.684621,41.031772],[37.684693,41.031727],[37.684782,41.031636],[37.684862,41.031538],[37.684945,41.031409],[37.684988,41.031378],[37.685096,41.031335],[37.685174,41.031327],[37.68529,41.031313],[37.685391,41.031291],[37.685497,41.031246],[37.685595,41.031177],[37.68562,41.031117],[37.685639,41.031042],[37.68565,41.030999],[37.685776,41.030968],[37.685942,41.030996],[37.685993,41.031044],[37.68606,41.03116],[37.686097,41.031209],[37.68618,41.031258],[37.686217,41.031278],[37.686278,41.031279],[37.686465,41.031233],[37.68655,41.031228],[37.686611,41.031224],[37.686642,41.031224],[37.686673,41.031208],[37.686793,41.03115],[37.686852,41.031126],[37.686985,41.031091],[37.68704,41.03109],[37.687094,41.031106],[37.687134,41.031123],[37.687166,41.031161],[37.687186,41.031177],[37.687245,41.031193],[37.68733,41.031194],[37.687406,41.031191],[37.68747,41.031174],[37.687687,41.031071],[37.687807,41.031033],[37.687971,41.031014],[37.688095,41.031004],[37.688229,41.030996],[37.688291,41.031019],[37.688346,41.031049],[37.688391,41.031061],[37.688463,41.031073],[37.688509,41.031082],[37.688548,41.031104],[37.688599,41.031133],[37.688663,41.031163],[37.688717,41.031183],[37.688748,41.031184],[37.688782,41.031166],[37.6888,41.031153],[37.68891,41.030987],[37.688938,41.030973],[37.689118,41.030926],[37.689384,41.030882],[37.689496,41.030842],[37.689569,41.0308],[37.689648,41.030755],[37.68969,41.030717],[37.689724,41.030676],[37.689729,41.030641],[37.689721,41.030598],[37.689717,41.030574],[37.689688,41.030357],[37.689893,41.030078],[37.690146,41.029821],[37.690312,41.029739],[37.690547,41.029635],[37.690614,41.029583],[37.690752,41.029509],[37.690749,41.029427],[37.690767,41.029347],[37.690829,41.029258],[37.690967,41.029211],[37.691061,41.029184],[37.691105,41.029082],[37.691371,41.028942],[37.69156,41.028853],[37.691593,41.028772],[37.691737,41.028651],[37.691779,41.028627],[37.691922,41.028567],[37.691945,41.028546],[37.691972,41.028483],[37.691987,41.028458],[37.692152,41.028319],[37.692383,41.028208],[37.692582,41.0282],[37.692758,41.028208],[37.692889,41.028188],[37.693015,41.028134],[37.693066,41.028075],[37.693244,41.027902],[37.693412,41.027967],[37.693546,41.027943],[37.693688,41.027823],[37.693764,41.027507],[37.693953,41.027477],[37.694027,41.027361],[37.69415,41.0273],[37.694278,41.027264],[37.69447,41.027006],[37.6948,41.026771],[37.694948,41.026692],[37.695222,41.026674],[37.695271,41.026599],[37.695464,41.026555],[37.695553,41.026511],[37.695679,41.026476],[37.695848,41.026274],[37.696011,41.026216],[37.696148,41.02608],[37.696203,41.026015],[37.696303,41.025959],[37.696314,41.025762],[37.696367,41.025581],[37.696362,41.025512],[37.696395,41.025436],[37.696425,41.025353],[37.696421,41.02535],[37.696282,41.025283],[37.696122,41.02519],[37.696104,41.025041],[37.69611,41.024918],[37.696091,41.024807],[37.696057,41.024714],[37.695982,41.024614],[37.69589,41.024478],[37.695794,41.024353],[37.695765,41.024243],[37.695707,41.024164],[37.695697,41.024055],[37.695716,41.023921],[37.695714,41.023789],[37.695714,41.023683],[37.695681,41.023528],[37.695715,41.02344],[37.695783,41.023275],[37.695785,41.023207],[37.6958,41.023125],[37.695724,41.023104],[37.695549,41.02302],[37.694965,41.022825],[37.694614,41.02269],[37.694269,41.022456],[37.694248,41.022423],[37.694066,41.022318],[37.693927,41.022234],[37.693789,41.022175],[37.693613,41.022159],[37.693571,41.022102],[37.693517,41.022019],[37.693371,41.022],[37.693167,41.021957],[37.693049,41.021847],[37.692893,41.021775],[37.692748,41.021686],[37.692612,41.021669],[37.692435,41.021667],[37.692385,41.021631],[37.692306,41.021507],[37.692158,41.021371],[37.692143,41.021187],[37.692024,41.020887],[37.691907,41.020823],[37.691797,41.020746],[37.691776,41.02064],[37.691617,41.020536],[37.691663,41.020423],[37.691654,41.020418],[37.691621,41.020403],[37.691589,41.020357],[37.691602,41.02034],[37.691539,41.020261],[37.691505,41.020254],[37.691393,41.020267],[37.691282,41.020348],[37.691145,41.020293],[37.691024,41.020244],[37.690902,41.020219],[37.690602,41.020237],[37.690481,41.020203],[37.690349,41.02018],[37.690294,41.020116],[37.690125,41.020048],[37.68991,41.020056],[37.689715,41.02009],[37.689307,41.019986],[37.689187,41.01988],[37.688957,41.019839],[37.687935,41.019596],[37.687749,41.019461],[37.687455,41.019391],[37.687163,41.019354],[37.686413,41.019212],[37.686005,41.019133],[37.685865,41.018946],[37.6857,41.018823],[37.685286,41.018903],[37.685177,41.018888],[37.684713,41.018721],[37.684284,41.018712],[37.684007,41.018492],[37.683867,41.018342],[37.683611,41.018354],[37.683332,41.018462],[37.683035,41.018633],[37.682943,41.018708],[37.682734,41.018794],[37.682553,41.018796],[37.682303,41.018793],[37.68208,41.018763],[37.681848,41.018937],[37.681408,41.019359],[37.681278,41.019483],[37.681075,41.019517],[37.680824,41.019578],[37.680594,41.019668],[37.680399,41.019807],[37.680224,41.020043],[37.680236,41.020256],[37.68008,41.020621],[37.679924,41.020688],[37.679411,41.020819],[37.679121,41.020941],[37.678878,41.021127],[37.678561,41.021293],[37.67833,41.021415],[37.678081,41.021364],[37.677586,41.021346],[37.677277,41.021403],[37.677019,41.021509],[37.676831,41.021624],[37.67677,41.021728],[37.676561,41.021798],[37.676383,41.021683],[37.676223,41.021709],[37.675908,41.021754],[37.675618,41.021892],[37.675519,41.022036],[37.675344,41.022042],[37.675049,41.022131],[37.674852,41.022403],[37.67471,41.022884],[37.674638,41.023004],[37.674465,41.023151],[37.67424,41.023242],[37.674075,41.023244],[37.673723,41.023284],[37.673546,41.023354],[37.673352,41.023469],[37.673111,41.023559],[37.672952,41.023521],[37.672811,41.023394],[37.672575,41.023198],[37.672311,41.023127],[37.671997,41.023147],[37.671777,41.023225],[37.671668,41.023353],[37.67159,41.023521],[37.671605,41.023844],[37.671671,41.024251],[37.671479,41.024539],[37.671073,41.025139],[37.670337,41.025501],[37.669405,41.025853],[37.668716,41.026212],[37.667834,41.027233],[37.666688,41.027864],[37.665727,41.028046],[37.665101,41.028204],[37.664668,41.0283],[37.663809,41.028106],[37.66326,41.028015],[37.662664,41.02801],[37.661572,41.028074],[37.661093,41.027964],[37.660854,41.027965],[37.660366,41.028034],[37.659719,41.028197],[37.659385,41.028377],[37.659097,41.02852],[37.65851,41.028773],[37.658137,41.028785],[37.657753,41.028819],[37.657423,41.028853],[37.657128,41.028838],[37.656784,41.028755],[37.656598,41.028614],[37.656403,41.028429],[37.656166,41.028249],[37.656046,41.028208],[37.655902,41.028269],[37.655818,41.028353],[37.655695,41.028477],[37.655512,41.028589],[37.655376,41.028639],[37.655186,41.028694],[37.654929,41.028753],[37.654695,41.02883],[37.654543,41.028874],[37.654415,41.028895],[37.654226,41.028922],[37.654076,41.02892],[37.653933,41.028901],[37.653814,41.028849],[37.653605,41.028761],[37.653441,41.028696],[37.653275,41.028688],[37.653071,41.028766],[37.652608,41.028954],[37.652213,41.02912],[37.651971,41.02918],[37.651753,41.029195],[37.651424,41.029066],[37.651225,41.028906],[37.650883,41.028976],[37.650567,41.029164],[37.650396,41.029502],[37.650222,41.030235],[37.650055,41.030606],[37.649816,41.030778],[37.649638,41.030888],[37.649435,41.030935],[37.649045,41.030939],[37.648442,41.030932],[37.64807,41.030924],[37.647834,41.030937],[37.647721,41.031069],[37.647527,41.031465],[37.647224,41.032076],[37.647114,41.03261],[37.647068,41.033],[37.646975,41.033256],[37.646866,41.033475],[37.646722,41.033561],[37.646446,41.033661],[37.646208,41.033758],[37.646051,41.034196],[37.646001,41.034768],[37.645955,41.035129],[37.64625,41.035371],[37.646448,41.035668],[37.646507,41.035856],[37.646607,41.036136],[37.646653,41.036192],[37.646914,41.036297],[37.647477,41.036327],[37.647876,41.036431],[37.64826,41.036459],[37.648624,41.036445],[37.649149,41.036479],[37.649593,41.036506],[37.65021,41.036501],[37.65052,41.036479],[37.650818,41.036456],[37.651101,41.036433],[37.651383,41.036427],[37.651652,41.036428],[37.651956,41.036429],[37.652347,41.03642],[37.652648,41.036421],[37.653003,41.036479],[37.653247,41.036501],[37.653575,41.036531],[37.654037,41.03661],[37.654146,41.036663],[37.654213,41.036728],[37.654297,41.036762],[37.654633,41.036871],[37.655002,41.036915],[37.655231,41.037008],[37.655396,41.037098],[37.655665,41.037241],[37.655917,41.037315],[37.655966,41.037358],[37.655968,41.037439],[37.655897,41.037553],[37.655894,41.037626],[37.655915,41.03775],[37.655927,41.037785],[37.655962,41.037828],[37.656032,41.03796],[37.656028,41.037984],[37.656018,41.038008],[37.655825,41.038277],[37.6558,41.038336],[37.655792,41.038409],[37.655787,41.038455],[37.655798,41.038497],[37.655817,41.038519],[37.655916,41.038654],[37.655966,41.038811],[37.655977,41.038885],[37.65599,41.03908],[37.655995,41.039192],[37.655886,41.039446],[37.655874,41.039533],[37.655888,41.039583],[37.655922,41.039623],[37.655998,41.03966],[37.656105,41.039701],[37.656159,41.039728],[37.656182,41.039751],[37.656466,41.040298],[37.656599,41.040717],[37.656626,41.040916],[37.656542,41.041181],[37.656359,41.041418],[37.656118,41.0417],[37.655906,41.041982],[37.655758,41.042136],[37.655758,41.042136],[37.65566,41.042226],[37.655562,41.042318],[37.655538,41.042338],[37.655534,41.042348],[37.655525,41.0424],[37.655639,41.042458],[37.655929,41.042542],[37.656225,41.042589],[37.656511,41.042639],[37.656746,41.042695],[37.657038,41.042808],[37.657153,41.0429],[37.657243,41.043025],[37.65732,41.043091],[37.657461,41.043204],[37.657642,41.043403],[37.657745,41.043529],[37.657872,41.043634],[37.657945,41.043689],[37.6581,41.043729],[37.65821,41.043747],[37.658321,41.043732],[37.658731,41.043579],[37.658834,41.04354],[37.65887,41.04351],[37.658902,41.043477],[37.658996,41.043431],[37.659058,41.043399],[37.659152,41.043359],[37.659246,41.043334],[37.659326,41.043325],[37.659423,41.043326],[37.659454,41.043329],[37.659507,41.043323],[37.659884,41.043241],[37.660403,41.043122],[37.660471,41.043092],[37.660538,41.04306],[37.660601,41.04303],[37.660722,41.042999],[37.660947,41.042961],[37.661141,41.042948],[37.661273,41.042933],[37.661366,41.042912],[37.66146,41.042889],[37.661522,41.042866],[37.661598,41.042826],[37.661666,41.04278],[37.661851,41.042667],[37.662037,41.042601],[37.662172,41.042542],[37.662282,41.0425],[37.662355,41.042467],[37.662432,41.042438],[37.662678,41.042343],[37.662803,41.042279],[37.662878,41.042224],[37.662994,41.042128],[37.663109,41.042035],[37.663207,41.041966],[37.663318,41.041925],[37.663583,41.041732],[37.663954,41.041529],[37.664182,41.041443],[37.66455,41.041242],[37.66497,41.040968],[37.665023,41.04094],[37.66507,41.040963],[37.665226,41.041073],[37.665375,41.041119],[37.665544,41.041191],[37.665778,41.041316],[37.6659,41.041377],[37.665921,41.041408],[37.665937,41.041634],[37.666052,41.041819],[37.666127,41.041868],[37.666152,41.041893],[37.666293,41.041909],[37.66644,41.041905],[37.666497,41.041895],[37.666555,41.041874],[37.666663,41.041823],[37.666771,41.041761],[37.666914,41.041652],[37.66696,41.041571],[37.667325,41.041654],[37.667493,41.041721],[37.667727,41.041831],[37.667958,41.041925],[37.667993,41.04193],[37.668014,41.041927],[37.668037,41.041926],[37.668057,41.041932],[37.668069,41.041944],[37.668092,41.04197],[37.668113,41.042],[37.668136,41.042026],[37.668269,41.042133],[37.668344,41.042187],[37.668425,41.042243],[37.668516,41.042337],[37.668611,41.042423],[37.668686,41.042458],[37.668748,41.042487],[37.668836,41.042563],[37.668866,41.042611],[37.668871,41.042651],[37.668869,41.042697],[37.668839,41.042864],[37.668768,41.042944],[37.668698,41.04301],[37.668636,41.043087],[37.668613,41.043153],[37.668599,41.043187],[37.668584,41.043215],[37.668488,41.043341],[37.668444,41.043383],[37.6684,41.043433],[37.668375,41.04348],[37.668366,41.043529],[37.668362,41.043634],[37.668362,41.0437],[37.668375,41.043762],[37.66839,41.043887],[37.668397,41.043939],[37.668408,41.043963],[37.668434,41.044013],[37.668456,41.044046],[37.66848,41.044079],[37.668495,41.044097],[37.668534,41.044144],[37.668547,41.044182],[37.668562,41.044226],[37.668567,41.044273],[37.668575,41.044343],[37.668599,41.044449],[37.668623,41.044506],[37.668648,41.044544],[37.668665,41.044577],[37.668678,41.044608],[37.668676,41.044645],[37.668672,41.044677],[37.668655,41.044708],[37.668634,41.044747],[37.668542,41.044846],[37.668513,41.044897],[37.668501,41.044934],[37.668501,41.044961],[37.668513,41.044989],[37.668532,41.045018],[37.668554,41.045038],[37.668578,41.045056],[37.668602,41.045068],[37.668621,41.045074],[37.668678,41.04508],[37.668721,41.045081],[37.668758,41.045079],[37.66883,41.045072],[37.668871,41.045064],[37.668905,41.045053],[37.668924,41.04505],[37.668942,41.045051],[37.668961,41.045057],[37.668985,41.045062],[37.669006,41.045065],[37.669039,41.045072],[37.669055,41.045076],[37.669098,41.04509],[37.669145,41.04512],[37.669193,41.045157],[37.669225,41.045186],[37.669244,41.045201],[37.669273,41.045212],[37.669299,41.045218],[37.669325,41.045215],[37.669356,41.045209],[37.669379,41.045205],[37.669472,41.045189],[37.669495,41.045182],[37.669535,41.045167],[37.669558,41.045153],[37.669589,41.04513],[37.669721,41.045046],[37.66986,41.044982],[37.669913,41.044957],[37.669965,41.044921],[37.670067,41.044842],[37.670189,41.044715],[37.670216,41.044673],[37.670267,41.044646],[37.67071,41.044432],[37.670775,41.044336],[37.670875,41.04426],[37.670922,41.044254],[37.671087,41.044345],[37.671129,41.044341],[37.671263,41.044275],[37.671377,41.044208],[37.671416,41.044213],[37.671438,41.04422],[37.671563,41.044365],[37.671661,41.044445],[37.671751,41.044487],[37.671858,41.04451],[37.67207,41.044517],[37.672217,41.044459],[37.672453,41.044253],[37.672576,41.04416],[37.672708,41.044057],[37.672763,41.043986],[37.6728,41.044021],[37.672839,41.044135],[37.672808,41.044227],[37.672747,41.044294],[37.672695,41.044393],[37.672723,41.04456],[37.672722,41.044734],[37.672713,41.044937],[37.672725,41.045092],[37.672784,41.045376],[37.672803,41.045597],[37.672847,41.045732],[37.672851,41.045852],[37.672867,41.04597],[37.672926,41.046045],[37.673051,41.046157],[37.673166,41.046231],[37.673208,41.046281],[37.673231,41.046345],[37.673251,41.046435],[37.673305,41.046488],[37.673346,41.046506],[37.673473,41.046533],[37.673789,41.046545],[37.673911,41.046537],[37.674016,41.046513],[37.674234,41.046447]]]]}},{"type":"Feature","properties":{"id":"TR-Y-52-017-M-0044","level":"yerlesim","type":"mahalle","parent_id":"TR-D-52-017","province_id":"TR-P-52","district_id":"TR-D-52-017","name":"Soğukpınar","source_raw_name":"SOĞUKPINAR","source":"Kamuya açık veri ve kent rehberi servisleri","source_label":"Kamuya açık veri ve kent rehberi servisleri","source_name":"Ordu Büyükşehir Belediyesi Akıllı Şehir Açık Veri Platformu - Mahalleler"},"geometry":{"type":"MultiPolygon","coordinates":[[[[37.73249,41.026685],[37.732671,41.026468],[37.73334,41.026654],[37.733398,41.026541],[37.733462,41.026477],[37.733549,41.026416],[37.733647,41.026429],[37.733792,41.026495],[37.733906,41.02661],[37.733979,41.026622],[37.734025,41.026594],[37.73409,41.026552],[37.734071,41.026513],[37.733999,41.026461],[37.733834,41.0263],[37.73373,41.026235],[37.733697,41.025583],[37.733787,41.025314],[37.733811,41.025249],[37.733843,41.025168],[37.733896,41.025106],[37.734008,41.025012],[37.733983,41.024992],[37.734117,41.024896],[37.734173,41.024855],[37.734237,41.024814],[37.734403,41.024737],[37.734595,41.024634],[37.734846,41.024558],[37.734951,41.024534],[37.734991,41.02453],[37.735108,41.024522],[37.735336,41.024503],[37.735542,41.024482],[37.735626,41.02451],[37.735697,41.024552],[37.735797,41.024564],[37.735847,41.024561],[37.735985,41.024503],[37.736193,41.024443],[37.736568,41.024291],[37.736754,41.024186],[37.736839,41.024084],[37.736966,41.024077],[37.737164,41.024088],[37.737478,41.024122],[37.737626,41.024079],[37.737747,41.024055],[37.737948,41.02406],[37.738216,41.024085],[37.738352,41.024016],[37.738681,41.023943],[37.738803,41.023958],[37.739042,41.023943],[37.739258,41.023853],[37.739361,41.023763],[37.739501,41.023726],[37.739807,41.023728],[37.739939,41.023749],[37.739939,41.023748],[37.740006,41.023768],[37.739932,41.02366],[37.740018,41.023651],[37.740109,41.023513],[37.740106,41.023453],[37.74008,41.023385],[37.740005,41.023257],[37.739847,41.023283],[37.739804,41.023107],[37.739757,41.023034],[37.739715,41.022947],[37.739728,41.022842],[37.739665,41.022681],[37.739697,41.022589],[37.739828,41.02245],[37.739698,41.022438],[37.73983,41.022192],[37.74043,41.022284],[37.740621,41.022328],[37.740638,41.02242],[37.740774,41.022436],[37.740923,41.022435],[37.741035,41.022453],[37.741185,41.022401],[37.741201,41.022428],[37.741316,41.022376],[37.741465,41.022373],[37.741556,41.022349],[37.741748,41.022317],[37.741998,41.022263],[37.741987,41.02219],[37.741981,41.02208],[37.742153,41.022001],[37.742338,41.02204],[37.742453,41.022105],[37.742656,41.022229],[37.742902,41.022374],[37.743044,41.022406],[37.743115,41.022453],[37.743319,41.022486],[37.743313,41.022561],[37.743245,41.02267],[37.743204,41.022785],[37.743262,41.022775],[37.743361,41.022804],[37.743574,41.022875],[37.743776,41.022961],[37.743813,41.023004],[37.74392,41.022957],[37.744,41.022896],[37.744096,41.022831],[37.744164,41.022811],[37.744355,41.02286],[37.744454,41.022838],[37.744544,41.022784],[37.744599,41.022766],[37.744736,41.022747],[37.744836,41.02272],[37.744853,41.022717],[37.744931,41.022704],[37.744999,41.022702],[37.745064,41.022682],[37.745194,41.022633],[37.745264,41.022542],[37.745301,41.022527],[37.74538,41.022511],[37.745571,41.022457],[37.745644,41.022474],[37.745776,41.022515],[37.745815,41.022572],[37.745927,41.022731],[37.746047,41.022776],[37.746118,41.022815],[37.74609,41.022894],[37.746206,41.022915],[37.746427,41.022925],[37.74657,41.022931],[37.746864,41.022954],[37.746939,41.022923],[37.747136,41.022951],[37.747376,41.022971],[37.747413,41.022965],[37.747449,41.022881],[37.747541,41.022889],[37.747624,41.022893],[37.747638,41.022856],[37.747753,41.022868],[37.747923,41.022926],[37.747944,41.022956],[37.747994,41.022938],[37.748066,41.022951],[37.748155,41.022981],[37.748255,41.023036],[37.748365,41.023088],[37.748451,41.023136],[37.748516,41.023186],[37.748668,41.023239],[37.748736,41.023234],[37.748914,41.023234],[37.749033,41.023239],[37.749102,41.023189],[37.749251,41.023168],[37.749547,41.023163],[37.749626,41.023111],[37.749728,41.022981],[37.749929,41.022872],[37.750189,41.022847],[37.750501,41.022965],[37.750873,41.022921],[37.751479,41.023057],[37.751657,41.023087],[37.751839,41.023281],[37.752104,41.023276],[37.752207,41.023255],[37.75226,41.02327],[37.752421,41.023366],[37.752514,41.023378],[37.752568,41.023377],[37.752657,41.023405],[37.752717,41.023472],[37.752745,41.023573],[37.752703,41.023592],[37.752741,41.02368],[37.752883,41.023813],[37.752994,41.023862],[37.753128,41.023865],[37.753163,41.02397],[37.753202,41.024057],[37.753297,41.024058],[37.753445,41.023991],[37.753473,41.023977],[37.753563,41.023935],[37.753596,41.023917],[37.753693,41.023888],[37.753766,41.023874],[37.753831,41.023876],[37.753981,41.023866],[37.754449,41.023807],[37.754601,41.023788],[37.754879,41.023791],[37.754906,41.023769],[37.755154,41.023715],[37.755335,41.023704],[37.755444,41.0237],[37.755553,41.023694],[37.755809,41.023675],[37.755903,41.023676],[37.755914,41.023535],[37.755899,41.023442],[37.755948,41.02343],[37.756088,41.023413],[37.756062,41.023354],[37.756003,41.02328],[37.755952,41.023206],[37.755921,41.023155],[37.755954,41.023128],[37.75601,41.02317],[37.756146,41.023251],[37.756201,41.023301],[37.756237,41.023305],[37.756259,41.023324],[37.756291,41.023409],[37.7563,41.023459],[37.75635,41.023594],[37.756392,41.023649],[37.756594,41.023577],[37.756671,41.023544],[37.756776,41.023534],[37.756988,41.023587],[37.757098,41.023607],[37.757178,41.023639],[37.757306,41.023632],[37.757454,41.023634],[37.757587,41.023647],[37.757761,41.023621],[37.757894,41.023629],[37.757979,41.023667],[37.758101,41.023693],[37.758212,41.023715],[37.758298,41.023744],[37.758512,41.023803],[37.75873,41.023845],[37.758816,41.023876],[37.758905,41.023946],[37.758978,41.02403],[37.759128,41.024028],[37.759225,41.02402],[37.759545,41.024073],[37.75968,41.02408],[37.759711,41.024095],[37.759753,41.024039],[37.759875,41.023881],[37.759902,41.023824],[37.759908,41.023748],[37.759948,41.023619],[37.760213,41.023605],[37.760263,41.023605],[37.760458,41.023574],[37.76061,41.023498],[37.760629,41.023429],[37.760666,41.023402],[37.760727,41.02327],[37.760863,41.023317],[37.761108,41.023197],[37.761338,41.023101],[37.761417,41.023005],[37.761621,41.023014],[37.76176,41.02303],[37.761873,41.023095],[37.762101,41.023158],[37.762276,41.023227],[37.762355,41.023265],[37.762439,41.023302],[37.762561,41.023371],[37.762672,41.023452],[37.762711,41.023476],[37.762841,41.023551],[37.762962,41.023715],[37.763044,41.023769],[37.763241,41.023918],[37.763379,41.023808],[37.763561,41.023733],[37.7636,41.023699],[37.763796,41.023817],[37.763924,41.023891],[37.764058,41.023919],[37.764199,41.023992],[37.764285,41.024047],[37.764305,41.024092],[37.764312,41.024163],[37.764286,41.024249],[37.764218,41.024335],[37.764157,41.024421],[37.764129,41.02449],[37.7642,41.024529],[37.76422,41.024585],[37.764234,41.024662],[37.764243,41.024745],[37.764246,41.024822],[37.764321,41.024983],[37.764402,41.02514],[37.764532,41.025285],[37.764588,41.025384],[37.76471,41.025591],[37.764705,41.025634],[37.764809,41.02575],[37.764898,41.025831],[37.764855,41.025848],[37.764754,41.025889],[37.764649,41.025968],[37.764579,41.025991],[37.764497,41.026028],[37.764461,41.026047],[37.764388,41.026083],[37.76427,41.026124],[37.764137,41.026176],[37.764169,41.026221],[37.764176,41.026238],[37.7642,41.026291],[37.764231,41.026391],[37.764296,41.026435],[37.764381,41.026506],[37.76446,41.026595],[37.764514,41.026612],[37.764668,41.026595],[37.764748,41.026558],[37.764826,41.026526],[37.764951,41.026471],[37.765121,41.026384],[37.76525,41.026492],[37.765273,41.026536],[37.765308,41.026625],[37.765381,41.026718],[37.76545,41.026759],[37.765489,41.026783],[37.765657,41.026879],[37.765779,41.026913],[37.765836,41.026901],[37.765872,41.026919],[37.765997,41.027006],[37.76602,41.027047],[37.76606,41.026971],[37.766101,41.026895],[37.766179,41.026844],[37.766194,41.026841],[37.766363,41.026828],[37.766499,41.026818],[37.766615,41.026819],[37.766653,41.026818],[37.766723,41.026845],[37.766897,41.026909],[37.766957,41.026953],[37.767045,41.027051],[37.76707,41.027197],[37.767055,41.027254],[37.767031,41.027359],[37.767023,41.027464],[37.767005,41.02753],[37.766904,41.027614],[37.766922,41.02773],[37.76694,41.027808],[37.766943,41.027832],[37.767041,41.02783],[37.767081,41.027854],[37.767102,41.027869],[37.767102,41.027897],[37.767243,41.027812],[37.767392,41.027774],[37.767598,41.027749],[37.767975,41.027701],[37.768151,41.027648],[37.768343,41.02762],[37.768417,41.027603],[37.768842,41.027467],[37.769115,41.027424],[37.769288,41.027312],[37.769483,41.027093],[37.769878,41.027016],[37.76994,41.027007],[37.770026,41.026992],[37.770162,41.026824],[37.770304,41.026779],[37.770346,41.026601],[37.770311,41.026421],[37.770385,41.026395],[37.770447,41.026402],[37.770467,41.026381],[37.770473,41.026347],[37.770572,41.026223],[37.770665,41.026103],[37.771022,41.026156],[37.771067,41.026171],[37.771067,41.026169],[37.770888,41.02606],[37.770752,41.025945],[37.770521,41.02575],[37.770159,41.025483],[37.769777,41.025145],[37.769492,41.024805],[37.769269,41.024641],[37.769128,41.02459],[37.768971,41.024558],[37.768764,41.024589],[37.768618,41.024615],[37.768427,41.024678],[37.768216,41.024733],[37.768022,41.024731],[37.767809,41.024689],[37.767657,41.024571],[37.767514,41.024423],[37.767428,41.024272],[37.767358,41.023913],[37.767269,41.02348],[37.76718,41.023262],[37.76713,41.023167],[37.766999,41.023],[37.76679,41.022759],[37.766507,41.022539],[37.766144,41.022268],[37.766069,41.022197],[37.765686,41.022144],[37.765115,41.021979],[37.76495,41.021919],[37.764914,41.021879],[37.764885,41.02175],[37.764871,41.021624],[37.764813,41.021486],[37.76465,41.021343],[37.764309,41.021174],[37.764021,41.021021],[37.76397,41.020915],[37.764197,41.020496],[37.763895,41.020409],[37.763914,41.020195],[37.764007,41.01981],[37.763979,41.01972],[37.763718,41.019374],[37.763712,41.018968],[37.763717,41.018933],[37.763719,41.018758],[37.763577,41.017876],[37.763586,41.017396],[37.763585,41.017377],[37.763692,41.017135],[37.763815,41.017054],[37.764413,41.016591],[37.764841,41.015893],[37.764476,41.015667],[37.764283,41.015522],[37.764173,41.015413],[37.764192,41.01541],[37.76417,41.015405],[37.763974,41.015327],[37.763749,41.015272],[37.763457,41.01513],[37.763317,41.015035],[37.763268,41.014959],[37.763151,41.014769],[37.763214,41.014689],[37.763162,41.014589],[37.763123,41.014436],[37.762913,41.014301],[37.762791,41.01411],[37.762666,41.013979],[37.762554,41.013966],[37.762446,41.013901],[37.762439,41.013797],[37.76249,41.013666],[37.762609,41.013526],[37.762709,41.013433],[37.762943,41.013285],[37.763073,41.013146],[37.763069,41.013111],[37.762975,41.012974],[37.762952,41.012783],[37.762903,41.012673],[37.762847,41.012341],[37.762789,41.012288],[37.762776,41.012187],[37.762776,41.012135],[37.762721,41.01201],[37.762721,41.011983],[37.762682,41.011795],[37.762548,41.011822],[37.762349,41.011855],[37.762218,41.011896],[37.762146,41.011943],[37.761938,41.01198],[37.761853,41.012055],[37.76178,41.012062],[37.761659,41.012051],[37.761389,41.01203],[37.76112,41.012046],[37.761136,41.012234],[37.760984,41.012268],[37.76072,41.012295],[37.760736,41.012252],[37.760577,41.01224],[37.760496,41.012153],[37.760289,41.012175],[37.760153,41.012187],[37.760158,41.01221],[37.760072,41.012303],[37.759854,41.01236],[37.759773,41.012368],[37.759448,41.012353],[37.759106,41.012288],[37.758912,41.012262],[37.75881,41.012223],[37.758696,41.012132],[37.758592,41.012154],[37.758429,41.012256],[37.758354,41.012276],[37.758241,41.012257],[37.75825,41.0122],[37.758255,41.011985],[37.758287,41.011838],[37.758346,41.011626],[37.758349,41.011534],[37.758293,41.011513],[37.758111,41.011308],[37.757873,41.011258],[37.75774,41.011153],[37.757637,41.010937],[37.757589,41.010812],[37.757522,41.010755],[37.757454,41.010657],[37.757404,41.01064],[37.757154,41.010586],[37.756949,41.010548],[37.756849,41.010597],[37.756755,41.0106],[37.756569,41.010415],[37.756516,41.010299],[37.756517,41.010296],[37.756516,41.010294],[37.756337,41.010312],[37.756228,41.010736],[37.756162,41.010749],[37.756016,41.010792],[37.755915,41.010744],[37.75584,41.010644],[37.75577,41.010495],[37.755696,41.010396],[37.755508,41.010255],[37.755169,41.010682],[37.755091,41.010762],[37.754949,41.011071],[37.754898,41.011169],[37.75489,41.011181],[37.754842,41.011213],[37.754767,41.011279],[37.754583,41.01144],[37.754456,41.011532],[37.754357,41.011604],[37.754357,41.011631],[37.754356,41.011689],[37.754353,41.011794],[37.754325,41.01197],[37.754302,41.012066],[37.754289,41.012165],[37.754299,41.012201],[37.754345,41.012241],[37.754354,41.012265],[37.754382,41.012397],[37.754465,41.012628],[37.754516,41.012693],[37.754604,41.012754],[37.75455,41.01289],[37.754508,41.012965],[37.754443,41.012984],[37.754392,41.013047],[37.754385,41.013105],[37.754353,41.013122],[37.754262,41.013179],[37.754224,41.013234],[37.754181,41.013293],[37.754161,41.013343],[37.75412,41.013386],[37.754058,41.013488],[37.753955,41.013546],[37.753875,41.013606],[37.753758,41.013647],[37.753694,41.013683],[37.753621,41.013769],[37.753608,41.013778],[37.753609,41.013853],[37.753546,41.013911],[37.753537,41.013928],[37.753422,41.013967],[37.753371,41.014046],[37.753316,41.014082],[37.753222,41.014106],[37.753181,41.014171],[37.753027,41.014286],[37.752898,41.014306],[37.752618,41.01445],[37.752243,41.014533],[37.751965,41.014479],[37.75181,41.014505],[37.751635,41.01452],[37.751429,41.014476],[37.751259,41.014513],[37.751241,41.014518],[37.751209,41.014527],[37.751117,41.014756],[37.751044,41.014927],[37.750977,41.015049],[37.751005,41.015095],[37.750739,41.0154],[37.750569,41.015691],[37.750516,41.01563],[37.750322,41.015475],[37.750196,41.015358],[37.750037,41.015315],[37.749776,41.015244],[37.749261,41.014581],[37.749088,41.014381],[37.748871,41.014196],[37.748818,41.014151],[37.748481,41.013893],[37.74832,41.013667],[37.748077,41.013574],[37.747861,41.013493],[37.747683,41.01355],[37.747414,41.0134],[37.747243,41.01338],[37.747153,41.013298],[37.746923,41.013363],[37.746928,41.01325],[37.746986,41.013162],[37.746804,41.013173],[37.746725,41.013184],[37.746649,41.013185],[37.746534,41.013198],[37.74633,41.013183],[37.746211,41.013186],[37.746086,41.013184],[37.74594,41.013205],[37.745801,41.013242],[37.745738,41.013174],[37.745665,41.013112],[37.745618,41.01303],[37.745596,41.01291],[37.745391,41.012988],[37.745277,41.013037],[37.745132,41.013123],[37.744979,41.013189],[37.744696,41.013361],[37.74459,41.013405],[37.744486,41.013423],[37.744374,41.013479],[37.744223,41.013554],[37.744189,41.013564],[37.744145,41.013545],[37.744045,41.013483],[37.744087,41.013569],[37.744102,41.013688],[37.744144,41.013718],[37.744139,41.013737],[37.74403,41.013737],[37.74392,41.013983],[37.743892,41.014087],[37.743843,41.014159],[37.743844,41.014219],[37.743823,41.014395],[37.743788,41.014454],[37.743696,41.014574],[37.74373,41.014661],[37.743679,41.014682],[37.743689,41.0147],[37.743425,41.01469],[37.743402,41.014642],[37.743377,41.014584],[37.743323,41.014501],[37.743313,41.014457],[37.743352,41.014456],[37.743353,41.014327],[37.74332,41.014126],[37.743177,41.01391],[37.743087,41.013837],[37.742927,41.013795],[37.742778,41.013766],[37.742755,41.013742],[37.742596,41.013712],[37.742472,41.013707],[37.74243,41.013667],[37.742373,41.013617],[37.742311,41.013571],[37.742222,41.013495],[37.74208,41.013356],[37.742003,41.013304],[37.741932,41.013207],[37.74181,41.013081],[37.741748,41.012938],[37.741692,41.012778],[37.74166,41.012639],[37.741635,41.012611],[37.741595,41.012484],[37.741573,41.012339],[37.741547,41.01221],[37.741504,41.012026],[37.741411,41.011882],[37.741312,41.011738],[37.741306,41.011624],[37.74121,41.011484],[37.741141,41.011348],[37.74102,41.011163],[37.74101,41.011108],[37.741078,41.011058],[37.741094,41.010835],[37.741124,41.01069],[37.741225,41.010316],[37.741145,41.010033],[37.7411,41.009983],[37.740734,41.00979],[37.740432,41.009764],[37.740222,41.009764],[37.740075,41.009752],[37.739663,41.009674],[37.7395,41.009574],[37.739424,41.009397],[37.739432,41.00926],[37.739509,41.009106],[37.739538,41.009066],[37.739632,41.008953],[37.739512,41.008802],[37.739378,41.008645],[37.739334,41.0086],[37.739232,41.00859],[37.738897,41.008429],[37.738736,41.008297],[37.738679,41.008204],[37.73847,41.008218],[37.738308,41.008251],[37.738194,41.008154],[37.738312,41.008151],[37.738369,41.008098],[37.738394,41.007851],[37.738384,41.007708],[37.738368,41.007649],[37.738355,41.007543],[37.738281,41.00732],[37.738266,41.007255],[37.738204,41.007199],[37.738237,41.007099],[37.73824,41.007079],[37.737752,41.006846],[37.737683,41.006576],[37.737634,41.006523],[37.73759,41.006079],[37.7375,41.00638],[37.73739,41.006262],[37.737131,41.00633],[37.736969,41.006357],[37.736488,41.006366],[37.736481,41.006373],[37.736278,41.006415],[37.736105,41.006446],[37.736078,41.00647],[37.73576,41.006455],[37.735564,41.006443],[37.735522,41.006439],[37.735477,41.006418],[37.735336,41.0064],[37.735174,41.006393],[37.735129,41.006409],[37.735124,41.006463],[37.735116,41.006507],[37.735095,41.006549],[37.735094,41.006562],[37.735088,41.006628],[37.735091,41.00666],[37.735104,41.006724],[37.735183,41.006877],[37.735229,41.006934],[37.735289,41.007003],[37.735282,41.007172],[37.73526,41.007204],[37.735237,41.007239],[37.735159,41.00727],[37.735004,41.007375],[37.734818,41.007379],[37.734594,41.007366],[37.734499,41.00738],[37.734438,41.00741],[37.734426,41.007402],[37.734335,41.007341],[37.734304,41.00732],[37.734187,41.007249],[37.734104,41.007198],[37.734061,41.007213],[37.734003,41.007192],[37.733875,41.007102],[37.73373,41.007005],[37.733639,41.00702],[37.733502,41.007013],[37.733399,41.006988],[37.733369,41.007003],[37.733226,41.006984],[37.733096,41.007016],[37.733005,41.007054],[37.732871,41.007069],[37.732808,41.007096],[37.732788,41.007122],[37.732632,41.007172],[37.732534,41.007181],[37.73262,41.007422],[37.732569,41.007455],[37.732496,41.007453],[37.732399,41.007425],[37.732244,41.007376],[37.732066,41.007312],[37.731339,41.006704],[37.730833,41.006973],[37.730543,41.006995],[37.729677,41.006859],[37.72947,41.006884],[37.72938,41.006871],[37.729197,41.006932],[37.729068,41.006938],[37.727701,41.007298],[37.728132,41.008342],[37.728289,41.008452],[37.727821,41.008686],[37.727766,41.008646],[37.727675,41.008601],[37.727639,41.008604],[37.727568,41.008605],[37.727563,41.008596],[37.727539,41.008578],[37.727388,41.008628],[37.727258,41.008707],[37.727124,41.008763],[37.726949,41.008877],[37.726745,41.009095],[37.726489,41.009242],[37.726271,41.00942],[37.726122,41.009423],[37.725695,41.00925],[37.725174,41.009038],[37.724697,41.008936],[37.72433,41.008716],[37.724234,41.00857],[37.723941,41.008659],[37.7236,41.008743],[37.723171,41.008744],[37.722815,41.008936],[37.722726,41.008926],[37.722505,41.008892],[37.722132,41.008924],[37.721866,41.008927],[37.721742,41.008952],[37.721591,41.008984],[37.721447,41.008978],[37.721304,41.008957],[37.721206,41.00904],[37.721102,41.009104],[37.720826,41.009204],[37.720719,41.009226],[37.720583,41.009149],[37.720419,41.009098],[37.720409,41.009082],[37.720327,41.009019],[37.72018,41.008991],[37.720008,41.009015],[37.719892,41.00907],[37.719697,41.009077],[37.719612,41.009107],[37.719471,41.009151],[37.719306,41.009212],[37.719154,41.009313],[37.719059,41.009356],[37.719011,41.009341],[37.718896,41.00937],[37.718848,41.009439],[37.718609,41.009422],[37.718478,41.009434],[37.718314,41.009442],[37.718163,41.009426],[37.718066,41.009441],[37.717878,41.009576],[37.717746,41.009678],[37.717638,41.009722],[37.717542,41.009736],[37.717482,41.009752],[37.717501,41.009832],[37.717456,41.009869],[37.717463,41.009884],[37.717471,41.009923],[37.717267,41.010245],[37.716995,41.010372],[37.716819,41.010463],[37.716619,41.010533],[37.716539,41.010659],[37.716387,41.010746],[37.716285,41.010819],[37.715961,41.01106],[37.715589,41.011214],[37.715456,41.011257],[37.715417,41.011332],[37.715341,41.011339],[37.715241,41.011418],[37.715103,41.011488],[37.715029,41.011532],[37.714967,41.011555],[37.714893,41.011669],[37.714707,41.011732],[37.714565,41.011807],[37.714492,41.011901],[37.714312,41.012002],[37.714085,41.012076],[37.713808,41.012421],[37.713626,41.012485],[37.713612,41.012506],[37.713469,41.012645],[37.713202,41.012946],[37.713002,41.013066],[37.712908,41.013129],[37.712766,41.013105],[37.712668,41.013085],[37.71253,41.013085],[37.712363,41.013122],[37.712302,41.013177],[37.71204,41.015095],[37.711945,41.015265],[37.711683,41.015882],[37.711738,41.015954],[37.711484,41.01632],[37.711608,41.016549],[37.711681,41.017144],[37.711982,41.017465],[37.712115,41.018168],[37.712319,41.018259],[37.712318,41.018259],[37.712762,41.018458],[37.713074,41.018867],[37.713225,41.01916],[37.713502,41.019451],[37.713576,41.019521],[37.713696,41.019557],[37.713813,41.019732],[37.713978,41.019854],[37.714038,41.019861],[37.714089,41.019877],[37.714514,41.019909],[37.714546,41.019957],[37.71456,41.019967],[37.714563,41.019984],[37.714606,41.02005],[37.714701,41.020592],[37.715078,41.020623],[37.715314,41.020691],[37.715417,41.020776],[37.715476,41.020872],[37.715577,41.020858],[37.715641,41.020891],[37.715604,41.020982],[37.715567,41.021021],[37.715587,41.021053],[37.715638,41.021288],[37.715762,41.021357],[37.716034,41.021291],[37.716257,41.021191],[37.716407,41.021089],[37.716479,41.021067],[37.716646,41.021159],[37.716651,41.021158],[37.717101,41.021197],[37.717089,41.02118],[37.717146,41.020818],[37.717354,41.02063],[37.717685,41.020729],[37.717989,41.020659],[37.718455,41.020705],[37.71853,41.020841],[37.718973,41.020759],[37.720238,41.020725],[37.720459,41.020589],[37.720427,41.020733],[37.720833,41.020884],[37.721007,41.020952],[37.721112,41.020987],[37.721343,41.020954],[37.721556,41.020924],[37.721739,41.020905],[37.721911,41.02083],[37.722243,41.021214],[37.722451,41.021223],[37.722558,41.02109],[37.722715,41.021104],[37.723023,41.021059],[37.72322,41.021175],[37.723204,41.021077],[37.72356,41.021143],[37.723758,41.021102],[37.723918,41.02107],[37.724114,41.021196],[37.724237,41.021214],[37.724424,41.021195],[37.72461,41.021138],[37.724804,41.02106],[37.724859,41.02097],[37.724921,41.020909],[37.725097,41.020925],[37.725294,41.020977],[37.725664,41.02101],[37.725859,41.021037],[37.726051,41.021138],[37.726213,41.021226],[37.726704,41.021213],[37.727403,41.021247],[37.727699,41.021207],[37.727734,41.021212],[37.727862,41.021271],[37.728071,41.021334],[37.728307,41.021511],[37.728124,41.021709],[37.727938,41.021902],[37.727814,41.022094],[37.727607,41.022351],[37.727418,41.022701],[37.727393,41.022776],[37.727193,41.023041],[37.727145,41.023104],[37.7272,41.0231],[37.726957,41.023398],[37.726883,41.023605],[37.726713,41.023813],[37.726792,41.023859],[37.726865,41.023911],[37.727095,41.023799],[37.727186,41.023933],[37.727114,41.024192],[37.727011,41.024377],[37.727197,41.024555],[37.727344,41.024754],[37.727516,41.024901],[37.727835,41.024956],[37.727665,41.025374],[37.727684,41.025597],[37.727684,41.025597],[37.727859,41.025792],[37.727897,41.025825],[37.72803,41.025804],[37.728144,41.025721],[37.728219,41.025843],[37.728355,41.026004],[37.728374,41.026037],[37.728242,41.026166],[37.728218,41.026189],[37.728261,41.026182],[37.728311,41.026171],[37.728366,41.026327],[37.728426,41.0265],[37.72849,41.026606],[37.728451,41.026719],[37.728453,41.026742],[37.728416,41.026799],[37.728411,41.026831],[37.728428,41.026939],[37.728451,41.027083],[37.728626,41.027236],[37.728669,41.02737],[37.728675,41.027391],[37.728751,41.02748],[37.728766,41.027624],[37.72879,41.02772],[37.728802,41.027772],[37.728862,41.027955],[37.728864,41.027961],[37.728786,41.028093],[37.728722,41.028199],[37.728619,41.028455],[37.728603,41.028524],[37.728581,41.028617],[37.728563,41.028691],[37.728564,41.028694],[37.728572,41.028717],[37.728592,41.028733],[37.728587,41.028774],[37.728637,41.028817],[37.728672,41.028952],[37.72867,41.029035],[37.728737,41.029214],[37.728865,41.029368],[37.728913,41.02945],[37.728898,41.029544],[37.728902,41.029588],[37.728913,41.029653],[37.72898,41.029682],[37.72907,41.029751],[37.729189,41.029806],[37.729376,41.029859],[37.729607,41.02996],[37.729838,41.03006],[37.729937,41.029873],[37.729963,41.02981],[37.729997,41.029736],[37.730027,41.029559],[37.730018,41.029327],[37.73013,41.029075],[37.730145,41.029017],[37.730243,41.02882],[37.730299,41.028757],[37.730409,41.028684],[37.730789,41.028665],[37.730914,41.028531],[37.731015,41.028353],[37.731057,41.028197],[37.731189,41.028022],[37.731213,41.027976],[37.731304,41.027662],[37.731458,41.027557],[37.731498,41.027426],[37.731493,41.02726],[37.731536,41.02717],[37.731746,41.027159],[37.731918,41.02709],[37.731962,41.027047],[37.732153,41.026904],[37.732376,41.026792],[37.73244,41.026745],[37.73249,41.026685]]]]}},{"type":"Feature","properties":{"id":"TR-Y-52-017-M-0045","level":"yerlesim","type":"mahalle","parent_id":"TR-D-52-017","province_id":"TR-P-52","district_id":"TR-D-52-017","name":"Tarlacık","source_raw_name":"TARLACIK","source":"Kamuya açık veri ve kent rehberi servisleri","source_label":"Kamuya açık veri ve kent rehberi servisleri","source_name":"Ordu Büyükşehir Belediyesi Akıllı Şehir Açık Veri Platformu - Mahalleler"},"geometry":{"type":"MultiPolygon","coordinates":[[[[37.745547,41.088277],[37.745584,41.088248],[37.746301,41.088338],[37.7464,41.088318],[37.746615,41.088285],[37.746836,41.088349],[37.746961,41.088318],[37.747182,41.088335],[37.747394,41.088333],[37.747527,41.088246],[37.747784,41.088397],[37.748566,41.088315],[37.748801,41.088244],[37.749164,41.088247],[37.750005,41.088211],[37.750156,41.088271],[37.750345,41.088268],[37.750541,41.088217],[37.750747,41.087969],[37.751043,41.08778],[37.751224,41.087671],[37.751448,41.087612],[37.751758,41.087537],[37.751848,41.087674],[37.752047,41.087717],[37.752293,41.087609],[37.752614,41.087567],[37.752833,41.087459],[37.75318,41.087479],[37.753533,41.087421],[37.753801,41.087301],[37.754056,41.087304],[37.754296,41.087191],[37.754616,41.087215],[37.754922,41.087079],[37.755368,41.08674],[37.75547,41.086537],[37.755605,41.08647],[37.755896,41.086324],[37.756446,41.08616],[37.756489,41.086157],[37.756904,41.086114],[37.75705,41.086064],[37.757288,41.086108],[37.757328,41.086006],[37.757303,41.085854],[37.75743,41.085736],[37.757782,41.085478],[37.758166,41.085145],[37.758449,41.084894],[37.758519,41.084628],[37.758673,41.084511],[37.758768,41.084356],[37.759514,41.083901],[37.760015,41.083512],[37.760084,41.0833],[37.760213,41.083071],[37.760452,41.0829],[37.760922,41.082857],[37.761254,41.083058],[37.761521,41.082975],[37.761633,41.082808],[37.761569,41.082558],[37.761661,41.082484],[37.761665,41.082416],[37.761681,41.082363],[37.761916,41.082205],[37.762055,41.082155],[37.762141,41.082072],[37.762706,41.081564],[37.763136,41.081448],[37.763452,41.081195],[37.763433,41.081063],[37.763425,41.080883],[37.76337,41.08039],[37.763292,41.08018],[37.763704,41.079761],[37.764064,41.079495],[37.764226,41.07923],[37.764298,41.079173],[37.764677,41.079169],[37.764713,41.078997],[37.76462,41.078803],[37.764613,41.078401],[37.765175,41.078374],[37.765168,41.078119],[37.765197,41.077925],[37.765509,41.077634],[37.765599,41.077231],[37.765419,41.077264],[37.765287,41.077281],[37.765199,41.077299],[37.764893,41.077326],[37.764859,41.077374],[37.764752,41.077442],[37.764637,41.077417],[37.76444,41.077495],[37.764318,41.077481],[37.764296,41.07745],[37.764188,41.077331],[37.764171,41.077306],[37.763498,41.076265],[37.763119,41.076048],[37.763106,41.075978],[37.763211,41.075818],[37.763284,41.075612],[37.763362,41.075351],[37.763228,41.075304],[37.763206,41.075277],[37.763132,41.075232],[37.763102,41.075202],[37.762934,41.0752],[37.762799,41.075176],[37.76269,41.075168],[37.762585,41.075197],[37.762402,41.075149],[37.762317,41.07514],[37.762107,41.075135],[37.761984,41.075143],[37.761825,41.075144],[37.761754,41.075138],[37.761579,41.075183],[37.761469,41.075182],[37.7613,41.075209],[37.761187,41.075323],[37.761121,41.075337],[37.761032,41.075337],[37.760937,41.07535],[37.760669,41.075346],[37.760611,41.075343],[37.760451,41.075372],[37.760357,41.075385],[37.760344,41.075313],[37.76036,41.075261],[37.760274,41.075185],[37.760148,41.075088],[37.760005,41.075065],[37.759896,41.075113],[37.759608,41.075137],[37.759447,41.075168],[37.759102,41.075255],[37.759037,41.075254],[37.758921,41.075154],[37.758834,41.07501],[37.75883,41.074982],[37.75874,41.074753],[37.758653,41.07474],[37.758617,41.074722],[37.758377,41.074658],[37.758334,41.074663],[37.758269,41.074659],[37.75807,41.074529],[37.758002,41.074532],[37.757878,41.074461],[37.757706,41.07409],[37.757588,41.073953],[37.757486,41.073792],[37.757114,41.073424],[37.756984,41.073369],[37.756904,41.073393],[37.756828,41.073413],[37.756778,41.07354],[37.756625,41.073678],[37.756392,41.07377],[37.756232,41.073963],[37.756087,41.073991],[37.755869,41.074117],[37.755728,41.074267],[37.755658,41.074346],[37.755227,41.07448],[37.755032,41.074627],[37.754779,41.074795],[37.754287,41.074929],[37.753779,41.075067],[37.753594,41.075218],[37.753637,41.075309],[37.753595,41.075382],[37.753469,41.075604],[37.753538,41.075762],[37.753474,41.075879],[37.753169,41.076087],[37.75296,41.076128],[37.752866,41.076153],[37.752771,41.076245],[37.752696,41.076313],[37.752639,41.076348],[37.752615,41.07636],[37.752418,41.076566],[37.752241,41.076725],[37.752093,41.076815],[37.751926,41.076867],[37.751707,41.076926],[37.751644,41.07702],[37.751287,41.077166],[37.751107,41.077251],[37.750912,41.077271],[37.75066,41.077382],[37.750219,41.077611],[37.749851,41.077753],[37.749751,41.077775],[37.749497,41.077855],[37.749328,41.077987],[37.749156,41.078109],[37.748984,41.078226],[37.748605,41.078341],[37.748351,41.078312],[37.748232,41.078405],[37.747583,41.07846],[37.74743,41.078515],[37.74745,41.078609],[37.747432,41.078721],[37.747277,41.078846],[37.747136,41.079167],[37.747095,41.079158],[37.746864,41.078825],[37.746362,41.078714],[37.746044,41.078706],[37.745877,41.078759],[37.745808,41.078771],[37.745728,41.078754],[37.745488,41.078714],[37.745294,41.078724],[37.7451,41.078859],[37.744812,41.078873],[37.744799,41.078866],[37.744648,41.078858],[37.744544,41.078918],[37.744506,41.079102],[37.744346,41.079173],[37.744281,41.079169],[37.74411,41.079199],[37.744057,41.079246],[37.744053,41.07932],[37.744023,41.07941],[37.743889,41.079395],[37.743586,41.079407],[37.743497,41.07948],[37.743354,41.079461],[37.743225,41.0794],[37.742974,41.079552],[37.742709,41.079848],[37.742688,41.079869],[37.742557,41.079974],[37.742552,41.080068],[37.74234,41.080105],[37.742069,41.080186],[37.741853,41.080147],[37.741654,41.080209],[37.741421,41.0802],[37.740925,41.080424],[37.740917,41.080425],[37.740711,41.080397],[37.740677,41.080352],[37.74054,41.080351],[37.740414,41.08033],[37.740314,41.080304],[37.740085,41.080218],[37.739889,41.080112],[37.739796,41.080086],[37.739826,41.080039],[37.739914,41.079947],[37.740522,41.079765],[37.74071,41.079589],[37.74058,41.079216],[37.740349,41.078492],[37.740215,41.078082],[37.740001,41.078003],[37.739702,41.078002],[37.73961,41.078035],[37.739285,41.078195],[37.738878,41.078271],[37.738335,41.078424],[37.737944,41.078472],[37.737594,41.078565],[37.737099,41.078799],[37.73688,41.078922],[37.736653,41.078989],[37.736153,41.079082],[37.735972,41.079027],[37.735872,41.078926],[37.735736,41.078727],[37.735529,41.078595],[37.735388,41.078511],[37.735292,41.078443],[37.735216,41.078338],[37.735146,41.078211],[37.735088,41.078091],[37.735012,41.078033],[37.734865,41.077949],[37.734804,41.077767],[37.734755,41.077685],[37.734722,41.07762],[37.734538,41.077229],[37.734497,41.077086],[37.734476,41.076858],[37.734419,41.076733],[37.734351,41.076656],[37.73416,41.076557],[37.733958,41.076458],[37.733577,41.076429],[37.733233,41.076537],[37.733118,41.076617],[37.732909,41.076808],[37.732796,41.076934],[37.732584,41.077212],[37.732335,41.077368],[37.732025,41.07727],[37.731689,41.077195],[37.73127,41.077118],[37.730907,41.077114],[37.730669,41.07712],[37.730428,41.077148],[37.730274,41.077237],[37.730239,41.077538],[37.730128,41.07779],[37.730018,41.078115],[37.730352,41.078414],[37.730724,41.078673],[37.731075,41.078784],[37.731385,41.078596],[37.731648,41.078446],[37.732079,41.078775],[37.732349,41.079012],[37.732419,41.079031],[37.732671,41.079422],[37.73285,41.079701],[37.732865,41.079904],[37.732976,41.080072],[37.733317,41.080431],[37.733586,41.080713],[37.733768,41.080966],[37.73387,41.081197],[37.733528,41.08128],[37.733591,41.081445],[37.734005,41.081441],[37.734046,41.081469],[37.734106,41.081681],[37.734196,41.081998],[37.734219,41.082104],[37.734344,41.082242],[37.73432,41.082356],[37.734377,41.082508],[37.734394,41.082759],[37.734617,41.082927],[37.73511,41.083297],[37.735159,41.083481],[37.735411,41.083788],[37.735617,41.084045],[37.736079,41.084264],[37.736204,41.084537],[37.736139,41.084827],[37.736116,41.085011],[37.73609,41.085263],[37.736082,41.085357],[37.736168,41.085621],[37.73619,41.085764],[37.736221,41.085834],[37.736927,41.085896],[37.737424,41.08611],[37.737632,41.086043],[37.737769,41.085985],[37.738038,41.085971],[37.738273,41.085912],[37.738392,41.085867],[37.738834,41.08593],[37.738956,41.085912],[37.739071,41.08588],[37.739129,41.085527],[37.739198,41.085211],[37.739166,41.084992],[37.739276,41.084907],[37.739458,41.084988],[37.739608,41.085253],[37.739745,41.085452],[37.739919,41.085538],[37.740145,41.085639],[37.740219,41.085669],[37.74022,41.085753],[37.740302,41.085904],[37.74061,41.08607],[37.740629,41.086134],[37.740625,41.086136],[37.740672,41.086279],[37.740685,41.086299],[37.740739,41.0864],[37.740719,41.086511],[37.740784,41.086763],[37.740836,41.086989],[37.740873,41.087152],[37.740977,41.087272],[37.741535,41.087501],[37.741651,41.087552],[37.741692,41.087621],[37.741746,41.087713],[37.741905,41.087776],[37.741994,41.088066],[37.741995,41.088067],[37.742314,41.088106],[37.742389,41.088042],[37.742699,41.088292],[37.742702,41.088318],[37.742493,41.088426],[37.742378,41.088603],[37.742198,41.088635],[37.742009,41.088666],[37.74165,41.088829],[37.741755,41.088899],[37.741957,41.089093],[37.742013,41.089185],[37.742087,41.089268],[37.742153,41.089358],[37.742265,41.08948],[37.742353,41.089572],[37.74246,41.089693],[37.742593,41.089812],[37.742728,41.089847],[37.742824,41.089864],[37.742935,41.089904],[37.743066,41.090117],[37.743187,41.090291],[37.74321,41.090476],[37.743384,41.090468],[37.743621,41.090331],[37.743663,41.090189],[37.743754,41.090145],[37.743922,41.090134],[37.743918,41.090115],[37.743937,41.089963],[37.744226,41.089888],[37.744353,41.089835],[37.744433,41.089711],[37.744553,41.089526],[37.74464,41.08949],[37.744596,41.08926],[37.744801,41.089],[37.74503,41.088949],[37.745151,41.088856],[37.745465,41.088406],[37.745547,41.088277]]]]}},{"type":"Feature","properties":{"id":"TR-Y-52-017-M-0046","level":"yerlesim","type":"mahalle","parent_id":"TR-D-52-017","province_id":"TR-P-52","district_id":"TR-D-52-017","name":"Tepecik","source_raw_name":"TEPECİK","source":"Kamuya açık veri ve kent rehberi servisleri","source_label":"Kamuya açık veri ve kent rehberi servisleri","source_name":"Ordu Büyükşehir Belediyesi Akıllı Şehir Açık Veri Platformu - Mahalleler"},"geometry":{"type":"MultiPolygon","coordinates":[[[[37.797934,41.011651],[37.797904,41.011583],[37.797877,41.011526],[37.797817,41.011458],[37.797727,41.011384],[37.797682,41.011287],[37.797685,41.01114],[37.797688,41.011086],[37.797673,41.011029],[37.797662,41.010987],[37.797655,41.010958],[37.797648,41.010938],[37.79763,41.010916],[37.797591,41.010898],[37.797511,41.010872],[37.797455,41.010848],[37.797383,41.010828],[37.797278,41.010786],[37.797195,41.010747],[37.797132,41.010705],[37.796992,41.010615],[37.796948,41.010579],[37.796908,41.010543],[37.796891,41.010513],[37.796848,41.010466],[37.796825,41.010453],[37.79669,41.010185],[37.796486,41.010001],[37.796472,41.009956],[37.79646,41.009934],[37.796446,41.00992],[37.796163,41.009745],[37.796094,41.009703],[37.796033,41.00966],[37.796,41.00962],[37.795991,41.009593],[37.795958,41.009528],[37.795896,41.009452],[37.795869,41.009411],[37.795838,41.009367],[37.795815,41.009332],[37.795796,41.009299],[37.795774,41.009234],[37.795727,41.009148],[37.795704,41.009093],[37.795675,41.009034],[37.795666,41.009008],[37.795643,41.008989],[37.795589,41.008946],[37.795527,41.008924],[37.795459,41.008896],[37.795407,41.008884],[37.795365,41.008878],[37.7953,41.008865],[37.795266,41.008851],[37.795167,41.00881],[37.795109,41.008765],[37.79505,41.008711],[37.795004,41.008658],[37.794967,41.008619],[37.794937,41.008584],[37.7949,41.008543],[37.794874,41.008516],[37.794804,41.008443],[37.79475,41.008393],[37.794718,41.008357],[37.794695,41.008329],[37.794501,41.008015],[37.794401,41.007861],[37.794333,41.007733],[37.794198,41.007649],[37.794022,41.007552],[37.793607,41.007352],[37.793385,41.007193],[37.793209,41.007074],[37.792991,41.006926],[37.792767,41.006842],[37.792548,41.006729],[37.792414,41.006642],[37.792284,41.006549],[37.792124,41.006348],[37.792055,41.006233],[37.791989,41.005987],[37.791929,41.005691],[37.791903,41.005595],[37.791787,41.005512],[37.79168,41.005429],[37.791583,41.005343],[37.791506,41.005225],[37.791451,41.005114],[37.791385,41.004917],[37.791332,41.004714],[37.791307,41.004511],[37.79127,41.004233],[37.791266,41.00396],[37.791247,41.003735],[37.791209,41.003483],[37.791184,41.00328],[37.791095,41.003058],[37.791014,41.002862],[37.790875,41.002466],[37.790767,41.002244],[37.790666,41.001993],[37.790628,41.001907],[37.790557,41.001817],[37.790426,41.001702],[37.790263,41.001567],[37.79009,41.001401],[37.789996,41.001272],[37.789943,41.001186],[37.789886,41.00111],[37.789817,41.001013],[37.789728,41.000873],[37.789624,41.00076],[37.789511,41.000663],[37.789446,41.000593],[37.789088,41.000297],[37.78906,41.000277],[37.788925,41.000149],[37.788853,41.000079],[37.788733,41.000004],[37.788555,40.999845],[37.78839,40.999715],[37.788223,40.999607],[37.788016,40.999381],[37.787951,40.999335],[37.787877,40.999296],[37.787824,40.999267],[37.787627,40.999128],[37.787463,40.999041],[37.787263,40.998935],[37.787154,40.998864],[37.787013,40.998804],[37.78695,40.998764],[37.786816,40.998677],[37.78658,40.998613],[37.786449,40.998594],[37.786066,40.998592],[37.785712,40.998613],[37.785674,40.998607],[37.78566,40.998598],[37.785661,40.998573],[37.785654,40.998552],[37.785647,40.99854],[37.78564,40.998538],[37.785619,40.998537],[37.785577,40.998558],[37.785515,40.998595],[37.785484,40.998618],[37.785451,40.998621],[37.785435,40.998619],[37.785419,40.998605],[37.785407,40.99859],[37.785396,40.998572],[37.785368,40.998556],[37.7853,40.998561],[37.785208,40.99857],[37.785133,40.99858],[37.785072,40.998581],[37.785025,40.998572],[37.784992,40.998566],[37.784967,40.998552],[37.784933,40.9985],[37.784903,40.998456],[37.784892,40.998437],[37.784879,40.998428],[37.784842,40.998432],[37.784788,40.998441],[37.784743,40.998437],[37.78471,40.998428],[37.784687,40.998422],[37.784673,40.998412],[37.784655,40.998394],[37.784645,40.99838],[37.784604,40.998364],[37.784552,40.998361],[37.784483,40.998357],[37.784426,40.998355],[37.784369,40.998352],[37.784327,40.998338],[37.784296,40.998317],[37.784286,40.998302],[37.784257,40.998263],[37.784234,40.998071],[37.784202,40.997989],[37.78417,40.99794],[37.784132,40.997878],[37.784112,40.997849],[37.78408,40.997822],[37.784043,40.997803],[37.784026,40.997792],[37.783968,40.997768],[37.783935,40.997756],[37.783908,40.997748],[37.78387,40.99773],[37.783832,40.99772],[37.783798,40.997715],[37.783701,40.997695],[37.783659,40.997694],[37.78364,40.997702],[37.78357,40.997739],[37.78353,40.997763],[37.783506,40.997773],[37.783491,40.997776],[37.783478,40.997777],[37.783404,40.997771],[37.783367,40.997761],[37.783354,40.997745],[37.783342,40.997691],[37.783339,40.997622],[37.783341,40.997578],[37.783348,40.997504],[37.783354,40.997465],[37.783358,40.997453],[37.783357,40.997445],[37.783355,40.997438],[37.783348,40.997431],[37.783327,40.997425],[37.783227,40.997399],[37.78321,40.997399],[37.783162,40.997402],[37.783147,40.9974],[37.78311,40.997387],[37.782808,40.997238],[37.782724,40.997206],[37.782636,40.997148],[37.782522,40.9971],[37.782458,40.997087],[37.782414,40.997076],[37.782394,40.997065],[37.782351,40.997061],[37.782315,40.997059],[37.782255,40.997058],[37.782232,40.997057],[37.78221,40.997053],[37.782145,40.99704],[37.782112,40.997026],[37.782098,40.997012],[37.782078,40.996979],[37.782024,40.996834],[37.782015,40.996818],[37.782006,40.996805],[37.781997,40.996795],[37.781976,40.996783],[37.781869,40.996744],[37.781769,40.996708],[37.781662,40.996661],[37.781619,40.996634],[37.781575,40.99661],[37.781507,40.996563],[37.781452,40.996516],[37.781426,40.996491],[37.781421,40.996476],[37.781426,40.996459],[37.781429,40.99643],[37.781431,40.996414],[37.78143,40.996407],[37.781421,40.9964],[37.781344,40.996361],[37.781285,40.996332],[37.781251,40.996318],[37.781221,40.996301],[37.781192,40.996269],[37.780953,40.99625],[37.780882,40.996255],[37.780514,40.996347],[37.780316,40.996402],[37.780208,40.9964],[37.780172,40.996416],[37.780133,40.996403],[37.780099,40.996356],[37.780059,40.99627],[37.780031,40.996182],[37.780022,40.996112],[37.780024,40.996043],[37.780054,40.996003],[37.780086,40.99596],[37.7801,40.995923],[37.780104,40.995881],[37.780114,40.995832],[37.78012,40.995741],[37.780126,40.995709],[37.780128,40.995672],[37.780119,40.99564],[37.780111,40.995615],[37.780101,40.995596],[37.780052,40.995569],[37.780005,40.995544],[37.779932,40.995532],[37.779839,40.995529],[37.779764,40.995528],[37.779655,40.995522],[37.77958,40.995519],[37.779388,40.995517],[37.779302,40.995513],[37.77923,40.99551],[37.779136,40.995498],[37.779086,40.995495],[37.779026,40.995499],[37.778925,40.995497],[37.77884,40.995507],[37.778798,40.995529],[37.778782,40.995543],[37.778708,40.99569],[37.778599,40.995833],[37.778542,40.995866],[37.778376,40.99604],[37.778319,40.996119],[37.778043,40.996284],[37.777852,40.996336],[37.77779,40.996351],[37.777636,40.996386],[37.777302,40.996389],[37.777186,40.996396],[37.776952,40.99641],[37.77675,40.99648],[37.776428,40.996719],[37.776356,40.996954],[37.776247,40.997234],[37.776227,40.997271],[37.776107,40.99736],[37.775642,40.99728],[37.775537,40.997286],[37.77523,40.997299],[37.774915,40.997331],[37.774824,40.997489],[37.774647,40.997481],[37.774225,40.997444],[37.774011,40.997495],[37.773959,40.997519],[37.773795,40.997593],[37.773517,40.997672],[37.773348,40.997724],[37.773311,40.99782],[37.772832,40.99789],[37.772581,40.997966],[37.772578,40.997966],[37.772431,40.997955],[37.772049,40.997912],[37.771969,40.997911],[37.771931,40.997951],[37.771847,40.998148],[37.771797,40.99833],[37.771722,40.998595],[37.77166,40.998768],[37.771567,40.998835],[37.77143,40.998894],[37.771312,40.998932],[37.771208,40.998955],[37.771126,40.998976],[37.771041,40.998984],[37.770975,40.999008],[37.770899,40.999029],[37.770828,40.999069],[37.770961,40.999244],[37.7711,40.999378],[37.771207,40.99945],[37.771471,40.999588],[37.771604,40.999671],[37.771302,40.999874],[37.771138,41.000014],[37.770935,41.00013],[37.770903,41.000156],[37.770858,41.000248],[37.770524,41.000476],[37.770407,41.000585],[37.769795,41.000396],[37.769745,41.00072],[37.769741,41.000771],[37.76947,41.000879],[37.769149,41.000958],[37.768497,41.001167],[37.768081,41.001055],[37.767939,41.001002],[37.767664,41.000798],[37.767364,41.000491],[37.767069,41.000465],[37.767048,41.000479],[37.766978,41.000539],[37.766842,41.000628],[37.766691,41.000671],[37.766585,41.000688],[37.766534,41.0007],[37.766407,41.000749],[37.766354,41.000988],[37.766417,41.001117],[37.76663,41.001315],[37.767103,41.001698],[37.767233,41.001828],[37.767293,41.001924],[37.767466,41.002135],[37.767417,41.002174],[37.76749,41.002247],[37.767647,41.002729],[37.76804,41.002996],[37.767559,41.003269],[37.767222,41.003488],[37.767167,41.003615],[37.767205,41.003649],[37.767144,41.004003],[37.766991,41.004348],[37.766991,41.004375],[37.766997,41.004543],[37.766928,41.004873],[37.766854,41.005242],[37.766834,41.005307],[37.766754,41.005499],[37.766761,41.005622],[37.766743,41.005733],[37.766729,41.00579],[37.766679,41.005813],[37.766513,41.005994],[37.766578,41.006217],[37.766706,41.006248],[37.766757,41.006261],[37.766785,41.00628],[37.766788,41.006317],[37.766699,41.006362],[37.76654,41.006419],[37.766464,41.006431],[37.766562,41.006481],[37.766711,41.006507],[37.76686,41.006549],[37.766939,41.006635],[37.767043,41.00679],[37.767111,41.006908],[37.767184,41.006966],[37.767312,41.007016],[37.767387,41.006996],[37.767474,41.006953],[37.767652,41.006878],[37.76777,41.006863],[37.767903,41.006884],[37.767987,41.006962],[37.768088,41.007032],[37.768194,41.00709],[37.768321,41.007132],[37.768481,41.007162],[37.768689,41.007205],[37.76886,41.007239],[37.768929,41.007272],[37.768998,41.007314],[37.769013,41.007367],[37.769011,41.00746],[37.768973,41.00752],[37.768918,41.007584],[37.768873,41.007698],[37.768883,41.007758],[37.768919,41.007824],[37.769003,41.00791],[37.769092,41.007984],[37.769246,41.008062],[37.769378,41.008153],[37.76943,41.008275],[37.769465,41.008393],[37.769521,41.008515],[37.769648,41.008634],[37.769838,41.008742],[37.770067,41.008809],[37.770292,41.008836],[37.770425,41.008841],[37.770603,41.008803],[37.770742,41.008792],[37.770881,41.008802],[37.771025,41.008836],[37.771142,41.008861],[37.771248,41.008907],[37.771312,41.008924],[37.77143,41.008921],[37.7717,41.008814],[37.7719,41.008723],[37.772294,41.0085],[37.772482,41.008376],[37.772606,41.008363],[37.772718,41.008316],[37.772958,41.008239],[37.773295,41.008214],[37.773954,41.008219],[37.774457,41.008207],[37.774646,41.008221],[37.7748,41.008287],[37.775149,41.008474],[37.775244,41.008409],[37.775292,41.008354],[37.775384,41.0083],[37.775441,41.008301],[37.775497,41.008321],[37.775724,41.008458],[37.775721,41.008497],[37.775706,41.008542],[37.775608,41.008624],[37.77543,41.008852],[37.775436,41.008932],[37.775456,41.009],[37.775483,41.009039],[37.775523,41.009063],[37.775592,41.009099],[37.77566,41.009101],[37.775818,41.009067],[37.775915,41.00904],[37.776003,41.008993],[37.776067,41.008955],[37.776136,41.0089],[37.776184,41.008856],[37.776274,41.008793],[37.776329,41.008744],[37.776379,41.008702],[37.77645,41.008688],[37.776532,41.008686],[37.776614,41.008717],[37.776813,41.008856],[37.776917,41.008917],[37.777024,41.008963],[37.777135,41.008934],[37.777192,41.008901],[37.777203,41.008842],[37.777155,41.008774],[37.777094,41.008733],[37.777037,41.008687],[37.777007,41.008643],[37.777102,41.008574],[37.777158,41.008584],[37.777238,41.008602],[37.77734,41.008648],[37.777447,41.008685],[37.77759,41.008724],[37.777641,41.008737],[37.777699,41.008759],[37.777807,41.008802],[37.777879,41.008823],[37.777968,41.00884],[37.77809,41.008864],[37.778155,41.008874],[37.778216,41.008883],[37.778281,41.008905],[37.778372,41.008949],[37.778428,41.008985],[37.778534,41.009068],[37.778604,41.00912],[37.778696,41.009183],[37.778787,41.009227],[37.778855,41.009247],[37.778902,41.009225],[37.778935,41.009204],[37.778973,41.009176],[37.779028,41.009123],[37.779071,41.009084],[37.779107,41.009045],[37.779162,41.008993],[37.779217,41.008963],[37.779269,41.00894],[37.779316,41.008923],[37.779417,41.008921],[37.7796,41.008917],[37.779734,41.008917],[37.779895,41.008942],[37.780097,41.008981],[37.780258,41.009013],[37.780463,41.009072],[37.780678,41.009123],[37.780816,41.009163],[37.780956,41.009221],[37.781154,41.009309],[37.781277,41.009372],[37.781356,41.009418],[37.781495,41.009492],[37.781644,41.009574],[37.781786,41.009657],[37.781951,41.009753],[37.782123,41.009813],[37.782354,41.009883],[37.782488,41.009919],[37.782649,41.00994],[37.782769,41.009931],[37.782812,41.00989],[37.782834,41.009839],[37.782844,41.009791],[37.782826,41.009746],[37.782804,41.009696],[37.782788,41.009653],[37.782764,41.009589],[37.782735,41.009496],[37.782736,41.009411],[37.782759,41.009344],[37.78278,41.009307],[37.782823,41.009279],[37.782859,41.009274],[37.782966,41.00928],[37.783001,41.009307],[37.783068,41.009354],[37.783157,41.009407],[37.783228,41.009471],[37.783307,41.009545],[37.783376,41.009617],[37.78344,41.009678],[37.783549,41.009788],[37.783627,41.009874],[37.783708,41.009939],[37.783815,41.009997],[37.783885,41.010015],[37.783999,41.010034],[37.784177,41.010049],[37.784335,41.010052],[37.784464,41.010066],[37.784615,41.010101],[37.78476,41.010138],[37.784896,41.01014],[37.784986,41.010103],[37.785039,41.010056],[37.785067,41.010033],[37.785115,41.010014],[37.785155,41.010004],[37.785211,41.009999],[37.78526,41.010001],[37.78533,41.01002],[37.785423,41.010078],[37.785516,41.010141],[37.785595,41.010195],[37.785636,41.010231],[37.785692,41.010265],[37.785755,41.010307],[37.785787,41.01033],[37.785848,41.010365],[37.785915,41.010385],[37.785967,41.010396],[37.786006,41.010406],[37.786084,41.010399],[37.786157,41.010388],[37.78623,41.010378],[37.786294,41.010327],[37.786373,41.010271],[37.786413,41.010232],[37.786459,41.010197],[37.786497,41.010171],[37.786532,41.010146],[37.786629,41.010122],[37.786737,41.010107],[37.786838,41.010098],[37.786902,41.01009],[37.787007,41.010105],[37.787103,41.010129],[37.78733,41.010153],[37.787534,41.010169],[37.787607,41.01017],[37.787677,41.01019],[37.787731,41.01021],[37.787765,41.010241],[37.787809,41.010282],[37.78785,41.010334],[37.787971,41.010389],[37.788051,41.010418],[37.788123,41.010458],[37.788218,41.010504],[37.788319,41.01053],[37.788447,41.010556],[37.788597,41.010575],[37.788754,41.01057],[37.788827,41.010569],[37.788916,41.010568],[37.788998,41.010578],[37.789073,41.010607],[37.78915,41.010645],[37.789201,41.010676],[37.789268,41.010721],[37.789345,41.010766],[37.789417,41.01081],[37.789482,41.010833],[37.789564,41.010834],[37.789623,41.010824],[37.789696,41.010805],[37.789817,41.010746],[37.789879,41.010697],[37.789964,41.010646],[37.790044,41.010621],[37.790139,41.010595],[37.790228,41.01058],[37.790296,41.010577],[37.790362,41.01059],[37.790476,41.010623],[37.790565,41.010669],[37.79069,41.010725],[37.790769,41.010792],[37.790866,41.010851],[37.790967,41.010893],[37.791039,41.010937],[37.791094,41.010966],[37.791155,41.010998],[37.791199,41.011018],[37.791262,41.011042],[37.791306,41.011061],[37.791365,41.011072],[37.791423,41.011087],[37.791498,41.011091],[37.791585,41.01109],[37.791651,41.011078],[37.791753,41.011031],[37.791815,41.010966],[37.791889,41.010912],[37.791977,41.010858],[37.792079,41.010802],[37.792178,41.010744],[37.792238,41.010697],[37.792371,41.010618],[37.792466,41.010546],[37.792544,41.010494],[37.792644,41.01044],[37.792722,41.010405],[37.792786,41.010384],[37.792861,41.010378],[37.792952,41.010375],[37.793089,41.010373],[37.793152,41.010388],[37.793191,41.01041],[37.793233,41.01045],[37.793265,41.01051],[37.793284,41.010578],[37.793298,41.010619],[37.793314,41.010653],[37.793334,41.010689],[37.793359,41.010719],[37.793389,41.010741],[37.793445,41.010768],[37.793504,41.010787],[37.793644,41.010788],[37.793697,41.010762],[37.793742,41.010734],[37.793794,41.010692],[37.793841,41.010676],[37.793879,41.010666],[37.793936,41.010658],[37.793975,41.010658],[37.794074,41.010661],[37.794177,41.010682],[37.794279,41.010718],[37.794352,41.010737],[37.794426,41.010768],[37.79455,41.010808],[37.79463,41.010829],[37.794676,41.010847],[37.794785,41.010928],[37.794872,41.011027],[37.794974,41.011118],[37.795036,41.011169],[37.795136,41.01123],[37.795215,41.011281],[37.795308,41.011339],[37.795422,41.011386],[37.795497,41.011416],[37.795597,41.011457],[37.795723,41.011498],[37.795823,41.011527],[37.795921,41.011555],[37.795968,41.011568],[37.796064,41.01161],[37.796208,41.011675],[37.796348,41.011728],[37.796453,41.01176],[37.796516,41.01176],[37.796615,41.011738],[37.796686,41.011709],[37.796785,41.011669],[37.796875,41.011638],[37.796986,41.011621],[37.797033,41.011622],[37.797154,41.011643],[37.797206,41.011668],[37.797339,41.011719],[37.797432,41.011749],[37.79756,41.011777],[37.797727,41.011789],[37.797848,41.011757],[37.797899,41.011739],[37.797937,41.011724],[37.797945,41.01169],[37.797934,41.011651]]]]}},{"type":"Feature","properties":{"id":"TR-Y-52-017-M-0047","level":"yerlesim","type":"mahalle","parent_id":"TR-D-52-017","province_id":"TR-P-52","district_id":"TR-D-52-017","name":"Tepeköy","source_raw_name":"TEPEKÖY","source":"Kamuya açık veri ve kent rehberi servisleri","source_label":"Kamuya açık veri ve kent rehberi servisleri","source_name":"Ordu Büyükşehir Belediyesi Akıllı Şehir Açık Veri Platformu - Mahalleler"},"geometry":{"type":"MultiPolygon","coordinates":[[[[37.697067,41.020421],[37.697141,41.020291],[37.697151,41.020274],[37.697199,41.020205],[37.697222,41.020154],[37.697337,41.020033],[37.697358,41.020004],[37.6976,41.019754],[37.697672,41.019677],[37.697755,41.019564],[37.69778,41.01949],[37.697882,41.019367],[37.698111,41.019249],[37.698337,41.019165],[37.698354,41.019166],[37.698533,41.019056],[37.698801,41.018879],[37.698954,41.01884],[37.699177,41.018789],[37.699289,41.018726],[37.699331,41.018709],[37.699377,41.018696],[37.699455,41.018689],[37.699442,41.018637],[37.699496,41.018599],[37.699658,41.018542],[37.69974,41.018549],[37.699804,41.01854],[37.700135,41.018454],[37.700313,41.018408],[37.700546,41.018333],[37.700792,41.018171],[37.700812,41.018178],[37.700895,41.018112],[37.700995,41.018034],[37.701125,41.01792],[37.701132,41.017915],[37.70114,41.017911],[37.701397,41.017762],[37.701655,41.017605],[37.702106,41.017437],[37.702313,41.017346],[37.702529,41.017214],[37.70269,41.017072],[37.702915,41.016939],[37.703612,41.016694],[37.703505,41.016661],[37.703379,41.01665],[37.70327,41.016582],[37.702792,41.016417],[37.702613,41.016312],[37.702343,41.016215],[37.702129,41.016179],[37.701776,41.016062],[37.701643,41.016022],[37.701318,41.015843],[37.701399,41.015658],[37.701455,41.015526],[37.701508,41.015414],[37.701531,41.015289],[37.701556,41.015204],[37.70162,41.015121],[37.701619,41.015039],[37.701625,41.015035],[37.701488,41.014855],[37.701484,41.014709],[37.70148,41.014517],[37.701539,41.014348],[37.701401,41.014302],[37.701396,41.014271],[37.700966,41.014138],[37.700773,41.014089],[37.700709,41.013983],[37.700575,41.013707],[37.700451,41.013636],[37.700431,41.013406],[37.700391,41.013348],[37.700502,41.012978],[37.701041,41.012495],[37.701161,41.011959],[37.701139,41.011741],[37.701863,41.01078],[37.702244,41.010355],[37.701809,41.009863],[37.701909,41.009601],[37.702037,41.009571],[37.702071,41.009552],[37.702251,41.009387],[37.702108,41.009342],[37.702102,41.009332],[37.702098,41.009287],[37.702091,41.009173],[37.702149,41.008979],[37.702287,41.008842],[37.702473,41.008714],[37.702599,41.008585],[37.702637,41.008555],[37.702699,41.0085],[37.702745,41.008437],[37.702801,41.008437],[37.702857,41.008386],[37.702866,41.008348],[37.70289,41.0082],[37.703067,41.008081],[37.703252,41.007956],[37.703497,41.007852],[37.703679,41.007878],[37.70377,41.007839],[37.704009,41.007707],[37.704072,41.007592],[37.704169,41.007497],[37.704258,41.007414],[37.704283,41.007385],[37.704432,41.007199],[37.704627,41.007012],[37.704639,41.006566],[37.704673,41.00646],[37.704639,41.006312],[37.704659,41.006134],[37.704868,41.00602],[37.705048,41.005828],[37.705227,41.005733],[37.705432,41.005603],[37.705499,41.005457],[37.705646,41.005351],[37.705715,41.005188],[37.705725,41.005179],[37.705723,41.005164],[37.705608,41.005039],[37.705326,41.004952],[37.705037,41.004964],[37.704752,41.004976],[37.704543,41.00489],[37.704422,41.004801],[37.704313,41.004649],[37.70399,41.004519],[37.703844,41.004477],[37.703678,41.004459],[37.703322,41.004489],[37.703211,41.004487],[37.702985,41.004501],[37.702613,41.004374],[37.702238,41.004227],[37.702008,41.004228],[37.701829,41.0042],[37.701393,41.004187],[37.700804,41.00445],[37.700461,41.004506],[37.700281,41.004577],[37.699903,41.004561],[37.699495,41.004714],[37.699248,41.004759],[37.698961,41.004724],[37.698792,41.004686],[37.69855,41.0047],[37.698415,41.004737],[37.698282,41.004798],[37.698177,41.004831],[37.697986,41.004955],[37.697527,41.005078],[37.697013,41.005215],[37.696519,41.005376],[37.696414,41.005312],[37.696205,41.005334],[37.695715,41.005476],[37.695489,41.005586],[37.695115,41.005571],[37.694897,41.005724],[37.694719,41.005997],[37.694448,41.005993],[37.694215,41.005936],[37.694075,41.005972],[37.694014,41.006116],[37.694143,41.006217],[37.694147,41.006272],[37.694133,41.006415],[37.694082,41.006593],[37.693832,41.00668],[37.69369,41.006689],[37.693647,41.006728],[37.693656,41.006752],[37.693733,41.006834],[37.693878,41.006952],[37.693502,41.007159],[37.693478,41.007193],[37.693391,41.0074],[37.693421,41.007553],[37.693386,41.007747],[37.693318,41.007803],[37.693267,41.007861],[37.693322,41.008156],[37.693383,41.008257],[37.693366,41.008276],[37.693197,41.008461],[37.693268,41.008609],[37.693295,41.00895],[37.693191,41.009293],[37.692956,41.009367],[37.692493,41.009413],[37.692473,41.009399],[37.692137,41.009126],[37.691967,41.008976],[37.691614,41.00886],[37.691185,41.008723],[37.691088,41.008608],[37.690814,41.008555],[37.690681,41.008499],[37.690067,41.008658],[37.689793,41.00852],[37.689475,41.008353],[37.689154,41.008261],[37.688999,41.008166],[37.688895,41.008078],[37.688412,41.008059],[37.688282,41.008013],[37.687803,41.008027],[37.687782,41.007979],[37.687415,41.007874],[37.687404,41.00785],[37.687077,41.007813],[37.686833,41.007762],[37.686522,41.007991],[37.686442,41.008043],[37.686247,41.008169],[37.685959,41.008319],[37.685928,41.00841],[37.68589,41.00851],[37.685755,41.008725],[37.685601,41.008881],[37.685457,41.009051],[37.685328,41.009179],[37.685181,41.009342],[37.684945,41.00959],[37.684932,41.00966],[37.685063,41.009772],[37.685073,41.009889],[37.685037,41.010029],[37.684933,41.010269],[37.684941,41.010585],[37.685055,41.010873],[37.685104,41.010954],[37.685167,41.011079],[37.685466,41.011355],[37.686158,41.01147],[37.686724,41.01168],[37.687134,41.011808],[37.687153,41.011853],[37.687047,41.01195],[37.686958,41.012026],[37.686774,41.012195],[37.686656,41.012295],[37.68649,41.012506],[37.686464,41.012637],[37.686485,41.012769],[37.686515,41.012889],[37.686496,41.013066],[37.686519,41.013148],[37.686533,41.013252],[37.686503,41.013321],[37.686487,41.013348],[37.686451,41.013486],[37.686434,41.013574],[37.686416,41.013691],[37.686347,41.01375],[37.686329,41.013799],[37.686286,41.013953],[37.686229,41.014085],[37.686106,41.014311],[37.685903,41.014858],[37.685735,41.01524],[37.685707,41.015297],[37.6857,41.015325],[37.685691,41.015431],[37.685686,41.015556],[37.685673,41.015614],[37.685549,41.015763],[37.685399,41.016047],[37.685319,41.016303],[37.685271,41.016569],[37.685093,41.016899],[37.685024,41.017091],[37.68499,41.017246],[37.684964,41.017266],[37.684839,41.017297],[37.684803,41.017317],[37.684578,41.017529],[37.684503,41.017581],[37.684423,41.01763],[37.684358,41.017699],[37.684333,41.017817],[37.684266,41.017997],[37.684171,41.0181],[37.684079,41.018154],[37.683893,41.018315],[37.683867,41.018342],[37.684007,41.018492],[37.684284,41.018712],[37.684713,41.018721],[37.685177,41.018888],[37.685286,41.018903],[37.6857,41.018823],[37.685865,41.018946],[37.686005,41.019133],[37.686413,41.019212],[37.687163,41.019354],[37.687455,41.019391],[37.687749,41.019461],[37.687935,41.019596],[37.688957,41.019839],[37.689187,41.01988],[37.689307,41.019986],[37.689715,41.02009],[37.68991,41.020056],[37.690125,41.020048],[37.690294,41.020116],[37.690349,41.02018],[37.690481,41.020203],[37.690602,41.020237],[37.690902,41.020219],[37.691024,41.020244],[37.691145,41.020293],[37.691282,41.020348],[37.691393,41.020267],[37.691505,41.020254],[37.691539,41.020261],[37.691602,41.02034],[37.691589,41.020357],[37.691621,41.020403],[37.691654,41.020418],[37.691663,41.020423],[37.691617,41.020536],[37.691776,41.02064],[37.691797,41.020746],[37.691907,41.020823],[37.692024,41.020887],[37.692143,41.021187],[37.692158,41.021371],[37.692306,41.021507],[37.692385,41.021631],[37.692435,41.021667],[37.692612,41.021669],[37.692748,41.021686],[37.692893,41.021775],[37.693049,41.021847],[37.693167,41.021957],[37.693371,41.022],[37.693517,41.022019],[37.693571,41.022102],[37.693613,41.022159],[37.693789,41.022175],[37.693927,41.022234],[37.694066,41.022318],[37.694248,41.022423],[37.694269,41.022456],[37.694614,41.02269],[37.694965,41.022825],[37.695549,41.02302],[37.695724,41.023104],[37.6958,41.023125],[37.695824,41.02311],[37.695894,41.022886],[37.695964,41.02268],[37.696089,41.02243],[37.696143,41.022357],[37.696206,41.022251],[37.696581,41.021844],[37.696756,41.021645],[37.69688,41.021394],[37.696914,41.021248],[37.696957,41.021053],[37.696993,41.020786],[37.69703,41.020587],[37.697042,41.020524],[37.697067,41.020421]]]]}},{"type":"Feature","properties":{"id":"TR-Y-52-017-M-0048","level":"yerlesim","type":"mahalle","parent_id":"TR-D-52-017","province_id":"TR-P-52","district_id":"TR-D-52-017","name":"Töngeldüzü","source_raw_name":"TÖNGELDÜZÜ","source":"Kamuya açık veri ve kent rehberi servisleri","source_label":"Kamuya açık veri ve kent rehberi servisleri","source_name":"Ordu Büyükşehir Belediyesi Akıllı Şehir Açık Veri Platformu - Mahalleler"},"geometry":{"type":"MultiPolygon","coordinates":[[[[37.741148,41.09362],[37.741374,41.093835],[37.741403,41.093832],[37.741599,41.093787],[37.741764,41.093696],[37.741783,41.093685],[37.741912,41.093606],[37.742065,41.093481],[37.742085,41.093473],[37.742119,41.093436],[37.742104,41.093407],[37.742221,41.093232],[37.742063,41.093221],[37.741781,41.093131],[37.741842,41.092938],[37.741937,41.092795],[37.742116,41.092629],[37.742368,41.092462],[37.742641,41.092319],[37.742793,41.092375],[37.742865,41.09228],[37.742914,41.092159],[37.742889,41.092066],[37.742828,41.091856],[37.743086,41.091679],[37.743229,41.091558],[37.743283,41.091517],[37.743358,41.091445],[37.743445,41.091363],[37.743582,41.09122],[37.743747,41.091045],[37.743902,41.090951],[37.744052,41.090758],[37.743999,41.090431],[37.743941,41.090315],[37.743922,41.090134],[37.743754,41.090145],[37.743663,41.090189],[37.743621,41.090331],[37.743384,41.090468],[37.74321,41.090476],[37.743187,41.090291],[37.743066,41.090117],[37.742935,41.089904],[37.742824,41.089864],[37.742728,41.089847],[37.742593,41.089812],[37.74246,41.089693],[37.742353,41.089572],[37.742265,41.08948],[37.742153,41.089358],[37.742087,41.089268],[37.742013,41.089185],[37.741957,41.089093],[37.741755,41.088899],[37.74165,41.088829],[37.742009,41.088666],[37.742198,41.088635],[37.742378,41.088603],[37.742493,41.088426],[37.742702,41.088318],[37.742699,41.088292],[37.742389,41.088042],[37.742314,41.088106],[37.741995,41.088067],[37.741994,41.088066],[37.741905,41.087776],[37.741746,41.087713],[37.741692,41.087621],[37.741651,41.087552],[37.741535,41.087501],[37.740977,41.087272],[37.740873,41.087152],[37.740836,41.086989],[37.740784,41.086763],[37.740719,41.086511],[37.740739,41.0864],[37.740685,41.086299],[37.740672,41.086279],[37.740625,41.086136],[37.740629,41.086134],[37.74061,41.08607],[37.740302,41.085904],[37.74022,41.085753],[37.740219,41.085669],[37.740145,41.085639],[37.739919,41.085538],[37.739745,41.085452],[37.739608,41.085253],[37.739458,41.084988],[37.739276,41.084907],[37.739166,41.084992],[37.739198,41.085211],[37.739129,41.085527],[37.739071,41.08588],[37.738956,41.085912],[37.738834,41.08593],[37.738392,41.085867],[37.738273,41.085912],[37.738038,41.085971],[37.737769,41.085985],[37.737632,41.086043],[37.737424,41.08611],[37.736927,41.085896],[37.736221,41.085834],[37.736016,41.086002],[37.735959,41.086227],[37.736096,41.086309],[37.736581,41.086373],[37.736852,41.086393],[37.737125,41.086533],[37.737162,41.086634],[37.737108,41.086812],[37.736917,41.087047],[37.736886,41.087197],[37.736717,41.087287],[37.736557,41.08747],[37.736484,41.087671],[37.736523,41.08775],[37.736437,41.087815],[37.736503,41.08799],[37.736444,41.088107],[37.7363,41.088149],[37.736262,41.088311],[37.736167,41.088443],[37.735972,41.0886],[37.735986,41.088698],[37.735866,41.088798],[37.735695,41.088941],[37.735181,41.089154],[37.735046,41.089296],[37.734931,41.089358],[37.734674,41.089307],[37.734447,41.089229],[37.734203,41.089279],[37.734059,41.089273],[37.733633,41.089657],[37.733628,41.089809],[37.73344,41.090374],[37.733648,41.090434],[37.734008,41.090552],[37.734151,41.090561],[37.734311,41.090487],[37.734437,41.090593],[37.734703,41.090627],[37.735199,41.090574],[37.735293,41.09059],[37.735721,41.090454],[37.735957,41.090441],[37.736021,41.090457],[37.736599,41.090295],[37.73679,41.090274],[37.737063,41.090329],[37.737213,41.090364],[37.737399,41.090397],[37.737562,41.090456],[37.737845,41.090426],[37.737853,41.090526],[37.737858,41.090568],[37.737543,41.090934],[37.737467,41.090997],[37.737101,41.091249],[37.736936,41.091488],[37.736762,41.091705],[37.736659,41.091893],[37.73666,41.091932],[37.736797,41.09215],[37.736802,41.092308],[37.736792,41.092455],[37.736665,41.092738],[37.736544,41.092907],[37.736576,41.092978],[37.736776,41.093185],[37.736898,41.093172],[37.737215,41.093188],[37.737393,41.09315],[37.737758,41.093175],[37.737931,41.093102],[37.738204,41.09324],[37.738378,41.093244],[37.738734,41.093329],[37.7389,41.093414],[37.739045,41.093412],[37.73908,41.093426],[37.739474,41.093597],[37.739557,41.093685],[37.74005,41.093828],[37.740548,41.093922],[37.741148,41.09362]]],[[[37.747153,41.096472],[37.747592,41.096529],[37.747934,41.096526],[37.748103,41.096524],[37.748431,41.096554],[37.74849,41.096557],[37.748492,41.096531],[37.748671,41.096526],[37.748776,41.096518],[37.749054,41.096447],[37.749454,41.096347],[37.749695,41.096289],[37.749929,41.096259],[37.749897,41.096143],[37.750002,41.096147],[37.750257,41.096136],[37.750857,41.096169],[37.750898,41.096166],[37.750768,41.095859],[37.750697,41.095788],[37.750909,41.095804],[37.750943,41.095872],[37.751154,41.095749],[37.751188,41.095625],[37.751388,41.095392],[37.751413,41.095289],[37.751503,41.095182],[37.751908,41.094739],[37.75196,41.094539],[37.752017,41.094501],[37.751639,41.09439],[37.751334,41.094465],[37.750891,41.094407],[37.750478,41.09414],[37.749784,41.094128],[37.749547,41.094044],[37.749159,41.093662],[37.748594,41.09368],[37.748083,41.093494],[37.747841,41.093389],[37.747537,41.093411],[37.74722,41.09351],[37.746571,41.09372],[37.746113,41.093604],[37.74586,41.09377],[37.745837,41.094122],[37.745199,41.094579],[37.744815,41.094825],[37.744391,41.095152],[37.74435,41.095332],[37.744141,41.095515],[37.743908,41.095552],[37.743945,41.095795],[37.743816,41.09594],[37.743654,41.096196],[37.743745,41.096306],[37.743706,41.096407],[37.743798,41.096514],[37.743898,41.09655],[37.744264,41.096525],[37.744492,41.096412],[37.744621,41.096422],[37.745044,41.096302],[37.745098,41.096335],[37.745228,41.09627],[37.745215,41.096225],[37.74539,41.096134],[37.745653,41.096019],[37.745813,41.095753],[37.74603,41.095568],[37.746336,41.09572],[37.746387,41.09578],[37.746441,41.095871],[37.746558,41.095921],[37.746611,41.096058],[37.746587,41.096236],[37.746575,41.096262],[37.746396,41.096414],[37.746154,41.09656],[37.746534,41.096587],[37.746899,41.096621],[37.74712,41.096656],[37.747153,41.096472]]]]}},{"type":"Feature","properties":{"id":"TR-Y-52-017-M-0049","level":"yerlesim","type":"mahalle","parent_id":"TR-D-52-017","province_id":"TR-P-52","district_id":"TR-D-52-017","name":"Yarlı","source_raw_name":"YARLI","source":"Kamuya açık veri ve kent rehberi servisleri","source_label":"Kamuya açık veri ve kent rehberi servisleri","source_name":"Ordu Büyükşehir Belediyesi Akıllı Şehir Açık Veri Platformu - Mahalleler"},"geometry":{"type":"MultiPolygon","coordinates":[[[[37.677383,41.006323],[37.677927,41.006166],[37.678205,41.006184],[37.678296,41.006175],[37.678467,41.006164],[37.678678,41.006169],[37.678734,41.006159],[37.678801,41.006147],[37.678925,41.006117],[37.679015,41.006098],[37.679109,41.005873],[37.679189,41.005771],[37.679247,41.005691],[37.679323,41.005625],[37.679565,41.005553],[37.679592,41.005505],[37.67969,41.005308],[37.679908,41.005033],[37.679942,41.004982],[37.680047,41.004822],[37.680117,41.004724],[37.680167,41.00465],[37.680249,41.004605],[37.680298,41.004578],[37.680401,41.004529],[37.680711,41.0044],[37.680757,41.004396],[37.680908,41.004307],[37.680974,41.004228],[37.68107,41.004178],[37.681185,41.004144],[37.681299,41.004105],[37.68133,41.004098],[37.6815,41.003998],[37.681512,41.003987],[37.681543,41.003991],[37.681858,41.003875],[37.682034,41.003781],[37.682207,41.003541],[37.682298,41.003396],[37.682353,41.003341],[37.682368,41.003339],[37.682401,41.003319],[37.682496,41.00316],[37.682547,41.003064],[37.682556,41.003017],[37.682612,41.002882],[37.682602,41.002867],[37.682631,41.002828],[37.682683,41.002773],[37.682735,41.002739],[37.682822,41.002647],[37.68296,41.002464],[37.683051,41.00232],[37.683086,41.002245],[37.683137,41.002116],[37.683183,41.001999],[37.683188,41.001965],[37.683176,41.001849],[37.683137,41.00174],[37.683118,41.001684],[37.683114,41.001674],[37.683119,41.001575],[37.683119,41.001435],[37.683136,41.001359],[37.683176,41.001297],[37.683164,41.001294],[37.683152,41.001297],[37.68311,41.001301],[37.683091,41.001292],[37.683076,41.001273],[37.683075,41.001174],[37.68307,41.001101],[37.683109,41.001031],[37.683156,41.000984],[37.68321,41.00094],[37.683342,41.000837],[37.683359,41.000823],[37.683365,41.000822],[37.683367,41.000821],[37.683477,41.000796],[37.683808,41.000798],[37.683867,41.000773],[37.684101,41.000673],[37.684283,41.000633],[37.684337,41.000604],[37.684372,41.000585],[37.684439,41.000532],[37.684552,41.000478],[37.68466,41.00045],[37.684787,41.000418],[37.68486,41.000399],[37.684901,41.000388],[37.685017,41.000346],[37.685152,41.000309],[37.685202,41.000292],[37.68538,41.000287],[37.685522,41.000259],[37.685544,41.000253],[37.685641,41.000234],[37.685775,41.000176],[37.685826,41.000141],[37.685859,41.000107],[37.685891,41.000114],[37.685902,41.000107],[37.68598,41.000044],[37.686194,40.999912],[37.686322,40.999729],[37.686425,40.999594],[37.686435,40.999518],[37.68646,40.999301],[37.686464,40.999258],[37.686466,40.999157],[37.686422,40.999153],[37.686444,40.999033],[37.686459,40.998974],[37.686508,40.998844],[37.686573,40.998667],[37.686577,40.998664],[37.686578,40.998661],[37.686587,40.998656],[37.686763,40.998517],[37.687032,40.998475],[37.687194,40.998391],[37.687343,40.998294],[37.68754,40.998248],[37.687684,40.998086],[37.687706,40.998001],[37.687745,40.997861],[37.687682,40.997692],[37.687642,40.997564],[37.687606,40.997476],[37.68747,40.997162],[37.68748,40.997006],[37.687506,40.996901],[37.687457,40.996867],[37.687364,40.996835],[37.687363,40.996785],[37.687347,40.99657],[37.687352,40.996547],[37.687335,40.9965],[37.687238,40.996421],[37.687204,40.996354],[37.687044,40.996037],[37.68696,40.995872],[37.686669,40.995526],[37.686498,40.995209],[37.686332,40.99498],[37.686247,40.994859],[37.686004,40.994292],[37.685974,40.994266],[37.686303,40.993712],[37.686388,40.993514],[37.686415,40.993251],[37.686377,40.993107],[37.686355,40.99294],[37.686397,40.992814],[37.686729,40.992421],[37.686709,40.992307],[37.686619,40.992287],[37.686507,40.992242],[37.686328,40.992247],[37.686171,40.992236],[37.685928,40.99221],[37.685745,40.992241],[37.685603,40.992183],[37.685635,40.992105],[37.685579,40.992072],[37.685274,40.991947],[37.684997,40.991804],[37.684815,40.991685],[37.684407,40.991567],[37.684192,40.991508],[37.684012,40.991489],[37.683935,40.99141],[37.683821,40.991363],[37.683593,40.990885],[37.683598,40.990654],[37.683523,40.990524],[37.683523,40.99052],[37.683523,40.99052],[37.683517,40.990443],[37.683568,40.990353],[37.68356,40.990289],[37.683523,40.989989],[37.683422,40.989842],[37.683349,40.989747],[37.683361,40.989621],[37.683366,40.989618],[37.683366,40.989615],[37.683511,40.989509],[37.683542,40.989453],[37.683583,40.98937],[37.683395,40.989071],[37.683175,40.988894],[37.68309,40.98877],[37.683073,40.988706],[37.683007,40.988562],[37.682986,40.988515],[37.682871,40.988318],[37.682878,40.988313],[37.682878,40.988313],[37.682954,40.988263],[37.683046,40.988201],[37.683131,40.987998],[37.683144,40.987966],[37.683304,40.987836],[37.683357,40.987693],[37.6833,40.987614],[37.683306,40.987494],[37.683223,40.987394],[37.683152,40.987399],[37.682995,40.987524],[37.682898,40.987648],[37.682596,40.987562],[37.6824,40.987427],[37.68214,40.985826],[37.682457,40.9845],[37.682624,40.983417],[37.682576,40.983336],[37.682199,40.982696],[37.68261,40.982592],[37.682997,40.982406],[37.682999,40.98232],[37.683006,40.982305],[37.683062,40.982165],[37.682964,40.982147],[37.683032,40.981849],[37.68296,40.98157],[37.68293,40.981422],[37.68307,40.981295],[37.683069,40.981145],[37.682975,40.980993],[37.682679,40.980903],[37.682237,40.980684],[37.682102,40.980528],[37.682011,40.980496],[37.681778,40.980527],[37.681508,40.980544],[37.681187,40.9806],[37.68103,40.980603],[37.680699,40.980603],[37.68056,40.980599],[37.680267,40.98059],[37.680254,40.980587],[37.680214,40.980462],[37.68023,40.980353],[37.680263,40.980091],[37.680206,40.9799],[37.680123,40.979675],[37.679928,40.97928],[37.679363,40.978811],[37.678877,40.978602],[37.678452,40.978573],[37.678236,40.978741],[37.67799,40.978943],[37.677252,40.979314],[37.67729,40.979735],[37.677354,40.980654],[37.676862,40.980714],[37.676482,40.980803],[37.675623,40.980804],[37.67518,40.980763],[37.67436,40.980656],[37.674236,40.980683],[37.67381,40.980635],[37.673406,40.980619],[37.673038,40.980595],[37.672349,40.980567],[37.672016,40.980551],[37.671579,40.980627],[37.671202,40.980924],[37.671072,40.981215],[37.670875,40.981565],[37.670676,40.981989],[37.67039,40.982337],[37.670039,40.982661],[37.669676,40.982949],[37.669539,40.983057],[37.669022,40.983318],[37.66872,40.983575],[37.668673,40.983818],[37.668582,40.983936],[37.668362,40.984032],[37.668006,40.984402],[37.667961,40.984545],[37.667884,40.984707],[37.667648,40.984866],[37.667471,40.984878],[37.666964,40.984946],[37.666491,40.984874],[37.666171,40.984835],[37.66582,40.984961],[37.665379,40.985181],[37.664661,40.985307],[37.664289,40.98532],[37.664009,40.985352],[37.663363,40.985359],[37.662849,40.985275],[37.662571,40.985254],[37.662439,40.98532],[37.662366,40.985484],[37.662259,40.985733],[37.661906,40.985968],[37.661763,40.986115],[37.661364,40.986297],[37.66111,40.986456],[37.660921,40.986616],[37.660674,40.986665],[37.660524,40.986713],[37.660062,40.986647],[37.659852,40.986599],[37.659751,40.986525],[37.659734,40.986418],[37.659786,40.986263],[37.659885,40.986087],[37.660025,40.985926],[37.660084,40.985767],[37.660117,40.98564],[37.660121,40.985567],[37.660085,40.985501],[37.660049,40.985467],[37.659685,40.985407],[37.659193,40.985406],[37.658718,40.98555],[37.658556,40.985624],[37.658225,40.985685],[37.658083,40.985691],[37.65788,40.985718],[37.657688,40.985704],[37.657457,40.985754],[37.656934,40.986005],[37.656792,40.986107],[37.6563,40.986327],[37.656116,40.986435],[37.655774,40.986567],[37.655574,40.98661],[37.655205,40.986659],[37.654923,40.986744],[37.65474,40.986807],[37.654423,40.986875],[37.654219,40.986959],[37.654024,40.987066],[37.653597,40.98716],[37.653279,40.987223],[37.652856,40.987343],[37.652547,40.987452],[37.652496,40.987594],[37.652464,40.987768],[37.652424,40.98799],[37.652316,40.988337],[37.65225,40.98849],[37.652232,40.989154],[37.652222,40.989507],[37.652094,40.98969],[37.651925,40.98997],[37.651868,40.990066],[37.651788,40.990194],[37.651648,40.990337],[37.651483,40.990532],[37.651305,40.991222],[37.65136,40.991369],[37.651437,40.991618],[37.651546,40.991724],[37.651672,40.99204],[37.651748,40.992291],[37.651809,40.992403],[37.651894,40.992524],[37.651909,40.99262],[37.651934,40.992732],[37.651944,40.993035],[37.6516,40.993349],[37.651265,40.99334],[37.65097,40.993292],[37.650752,40.993215],[37.650434,40.993144],[37.649994,40.993128],[37.649845,40.993137],[37.649692,40.993267],[37.649624,40.993387],[37.649661,40.993542],[37.649639,40.993686],[37.649687,40.994057],[37.649678,40.994138],[37.649517,40.994232],[37.649605,40.994676],[37.649625,40.994873],[37.649937,40.994943],[37.649971,40.99495],[37.650055,40.994969],[37.650423,40.995078],[37.65048,40.994558],[37.650662,40.994397],[37.650916,40.994337],[37.651143,40.994347],[37.652133,40.994899],[37.652301,40.995072],[37.652447,40.995296],[37.652481,40.995521],[37.652643,40.995608],[37.652815,40.995597],[37.652924,40.995618],[37.653102,40.99558],[37.653629,40.995547],[37.654245,40.995744],[37.655024,40.99653],[37.655176,40.99672],[37.655393,40.997077],[37.655585,40.997175],[37.655988,40.997188],[37.656324,40.997107],[37.656641,40.996886],[37.656797,40.996751],[37.657021,40.996557],[37.657336,40.996384],[37.657596,40.99633],[37.657817,40.996354],[37.658532,40.99714],[37.658701,40.99735],[37.658974,40.997624],[37.659154,40.99788],[37.659464,40.99788],[37.660024,40.997645],[37.660183,40.997509],[37.660585,40.997313],[37.66108,40.997316],[37.66126,40.997556],[37.661591,40.997781],[37.66195,40.997986],[37.662617,40.998282],[37.66302,40.998277],[37.663553,40.998116],[37.665384,40.998132],[37.665533,40.998144],[37.665876,40.998455],[37.665913,40.99856],[37.665976,40.998719],[37.666007,40.998794],[37.666057,40.998873],[37.666125,40.998932],[37.666207,40.998963],[37.666319,40.998957],[37.666449,40.998914],[37.666686,40.998918],[37.666904,40.999072],[37.667103,40.999241],[37.667274,40.999565],[37.66748,40.999925],[37.667495,40.999926],[37.667669,41.000037],[37.667758,41.000093],[37.667956,41.000308],[37.668061,41.000397],[37.668019,41.000706],[37.668075,41.000751],[37.668286,41.000819],[37.668578,41.000966],[37.668664,41.001048],[37.668828,41.001311],[37.669033,41.001399],[37.669183,41.001501],[37.669554,41.001574],[37.670753,41.001576],[37.670768,41.001571],[37.671146,41.001589],[37.671703,41.001573],[37.672027,41.001647],[37.672242,41.001646],[37.672504,41.00167],[37.672842,41.001731],[37.673021,41.001764],[37.67339,41.001762],[37.673578,41.001812],[37.673708,41.001845],[37.674219,41.001849],[37.674297,41.00183],[37.674939,41.001952],[37.675092,41.002025],[37.675225,41.002246],[37.675246,41.002358],[37.675309,41.002417],[37.675397,41.002466],[37.67542,41.002473],[37.675695,41.002652],[37.675749,41.002902],[37.675898,41.003026],[37.67598,41.003213],[37.676012,41.003287],[37.676039,41.003318],[37.676111,41.003378],[37.676375,41.003693],[37.676744,41.004131],[37.676762,41.004146],[37.676839,41.004205],[37.676887,41.004219],[37.676921,41.004298],[37.676932,41.004338],[37.677028,41.00441],[37.677098,41.004546],[37.677211,41.004629],[37.677283,41.004687],[37.677288,41.004783],[37.677371,41.004931],[37.677549,41.005062],[37.677705,41.005181],[37.67776,41.005178],[37.67792,41.005268],[37.677978,41.005296],[37.677771,41.005398],[37.677557,41.005452],[37.677306,41.005404],[37.677183,41.005442],[37.677042,41.005572],[37.677005,41.005667],[37.676948,41.005741],[37.677176,41.006006],[37.677383,41.006323]]]]}},{"type":"Feature","properties":{"id":"TR-Y-52-017-M-0050","level":"yerlesim","type":"mahalle","parent_id":"TR-D-52-017","province_id":"TR-P-52","district_id":"TR-D-52-017","name":"Yazlık","source_raw_name":"YAZLIK","source":"Kamuya açık veri ve kent rehberi servisleri","source_label":"Kamuya açık veri ve kent rehberi servisleri","source_name":"Ordu Büyükşehir Belediyesi Akıllı Şehir Açık Veri Platformu - Mahalleler"},"geometry":{"type":"MultiPolygon","coordinates":[[[[37.668847,41.055623],[37.669293,41.055352],[37.669529,41.055248],[37.669937,41.055104],[37.669935,41.055023],[37.670069,41.054961],[37.670159,41.054885],[37.670259,41.054779],[37.670292,41.054758],[37.670399,41.054658],[37.670448,41.054623],[37.670529,41.054581],[37.670644,41.054542],[37.670805,41.054521],[37.67092,41.054511],[37.671095,41.054511],[37.671277,41.054522],[37.671398,41.054519],[37.671525,41.054503],[37.67167,41.054469],[37.671861,41.054375],[37.672069,41.054175],[37.672109,41.054143],[37.672203,41.054051],[37.672277,41.053993],[37.672328,41.053892],[37.672366,41.053809],[37.672418,41.053727],[37.672474,41.05363],[37.672478,41.053532],[37.672473,41.053445],[37.672495,41.053357],[37.672542,41.053246],[37.672548,41.053177],[37.672635,41.053072],[37.672643,41.053064],[37.67281,41.05292],[37.672866,41.052863],[37.672898,41.052769],[37.672906,41.052723],[37.672911,41.05264],[37.672904,41.052524],[37.672907,41.052411],[37.672916,41.052364],[37.672947,41.052316],[37.672963,41.052263],[37.673041,41.052183],[37.6731,41.052101],[37.673187,41.052063],[37.673204,41.051965],[37.673202,41.05191],[37.673284,41.051776],[37.673451,41.051575],[37.673598,41.051463],[37.673646,41.051447],[37.673638,41.051385],[37.673567,41.051262],[37.67358,41.051213],[37.6736,41.051186],[37.673613,41.051168],[37.673747,41.051166],[37.673892,41.051232],[37.674052,41.051286],[37.674258,41.051344],[37.674427,41.051393],[37.674593,41.051418],[37.674753,41.051401],[37.674913,41.051369],[37.675008,41.051384],[37.675049,41.051393],[37.675106,41.051406],[37.675182,41.051423],[37.675307,41.051421],[37.675512,41.051409],[37.675719,41.051401],[37.675885,41.051404],[37.676085,41.051408],[37.676374,41.051451],[37.676537,41.051459],[37.676646,41.051452],[37.676674,41.051443],[37.676714,41.051436],[37.676738,41.051444],[37.676807,41.05139],[37.676872,41.051312],[37.676966,41.051235],[37.67705,41.051158],[37.677112,41.051115],[37.67726,41.051066],[37.677382,41.051006],[37.6775,41.050974],[37.677612,41.051034],[37.677751,41.051062],[37.677937,41.05108],[37.678089,41.051058],[37.67813,41.051036],[37.678144,41.050988],[37.678096,41.050828],[37.678075,41.050738],[37.678063,41.050588],[37.678005,41.050449],[37.677996,41.050326],[37.677983,41.050232],[37.678047,41.050156],[37.678138,41.05009],[37.678295,41.050057],[37.678436,41.050058],[37.6787,41.050154],[37.678884,41.050244],[37.679075,41.050293],[37.679222,41.050303],[37.679357,41.05031],[37.679457,41.050328],[37.679709,41.050353],[37.679845,41.05031],[37.680054,41.050209],[37.680167,41.050116],[37.680225,41.050082],[37.680277,41.049998],[37.680378,41.049783],[37.680469,41.049668],[37.680573,41.049494],[37.680805,41.049301],[37.680977,41.049259],[37.681119,41.049221],[37.681261,41.049181],[37.681347,41.04915],[37.681417,41.049095],[37.68145,41.049062],[37.681496,41.049005],[37.681538,41.048956],[37.681583,41.048906],[37.681625,41.048853],[37.681674,41.048753],[37.6817,41.048712],[37.681765,41.048638],[37.681808,41.048564],[37.681818,41.048447],[37.681786,41.048301],[37.681757,41.0482],[37.681731,41.048095],[37.681721,41.048],[37.681715,41.047921],[37.681729,41.047807],[37.681643,41.047636],[37.681591,41.047474],[37.681661,41.047256],[37.681764,41.047191],[37.681869,41.047162],[37.681997,41.047166],[37.682059,41.047064],[37.682142,41.046897],[37.682156,41.046818],[37.682182,41.046732],[37.682198,41.046635],[37.682209,41.046555],[37.682222,41.046473],[37.682232,41.046453],[37.682276,41.046389],[37.682321,41.046343],[37.682431,41.046218],[37.682509,41.046123],[37.682629,41.046058],[37.682687,41.045987],[37.682729,41.045934],[37.682706,41.045861],[37.682726,41.045852],[37.682783,41.045814],[37.682827,41.045726],[37.682851,41.045582],[37.682885,41.045449],[37.682921,41.045296],[37.682982,41.045171],[37.682956,41.04509],[37.682873,41.045077],[37.682813,41.045003],[37.682684,41.044917],[37.68264,41.044826],[37.682629,41.044812],[37.68266,41.044797],[37.6827,41.044723],[37.682732,41.044673],[37.682814,41.044545],[37.682854,41.044493],[37.682913,41.044425],[37.682844,41.044246],[37.682867,41.044004],[37.68307,41.043824],[37.683183,41.043461],[37.683256,41.042848],[37.683061,41.042425],[37.683006,41.042165],[37.683115,41.041763],[37.683222,41.041529],[37.683322,41.041406],[37.684708,41.041422],[37.685422,41.041177],[37.686116,41.041171],[37.686309,41.041157],[37.686456,41.041104],[37.68662,41.041007],[37.686703,41.040906],[37.686793,41.040758],[37.686845,41.040697],[37.686716,41.040615],[37.686624,41.040498],[37.68663,41.040445],[37.686713,41.040294],[37.68673,41.040241],[37.686692,41.040198],[37.686686,41.040097],[37.686719,41.040075],[37.686848,41.040019],[37.687019,41.039979],[37.687171,41.039968],[37.687247,41.039986],[37.687434,41.040101],[37.687395,41.040016],[37.687435,41.039878],[37.687451,41.039867],[37.687464,41.039803],[37.687466,41.039756],[37.687471,41.039512],[37.68751,41.039418],[37.687563,41.039319],[37.68764,41.039221],[37.687746,41.039075],[37.687769,41.038913],[37.687742,41.038807],[37.687764,41.038745],[37.687805,41.03871],[37.68785,41.038666],[37.687942,41.038579],[37.688053,41.038393],[37.688101,41.03828],[37.68811,41.03815],[37.688116,41.038093],[37.688142,41.038014],[37.688214,41.037879],[37.688259,41.037783],[37.688277,41.037754],[37.688405,41.037618],[37.688468,41.037495],[37.688541,41.037355],[37.68865,41.037174],[37.688761,41.037056],[37.68861,41.036881],[37.688411,41.036834],[37.688384,41.036781],[37.688484,41.036715],[37.688596,41.036667],[37.688673,41.036581],[37.688759,41.036522],[37.688834,41.036349],[37.688946,41.03621],[37.689041,41.036089],[37.689133,41.036006],[37.689383,41.035832],[37.689575,41.035598],[37.689721,41.035368],[37.689774,41.035329],[37.689854,41.035275],[37.689967,41.035206],[37.690023,41.03515],[37.690118,41.035036],[37.690176,41.034848],[37.690116,41.034614],[37.69009,41.03445],[37.690171,41.034362],[37.690175,41.034342],[37.690335,41.03431],[37.690674,41.034432],[37.691037,41.034383],[37.691367,41.034201],[37.69177,41.033973],[37.69182,41.033982],[37.691862,41.033982],[37.691984,41.034018],[37.692195,41.034085],[37.692425,41.034133],[37.692607,41.034134],[37.692839,41.034134],[37.692991,41.034079],[37.693136,41.034007],[37.693211,41.033966],[37.693338,41.03394],[37.693502,41.033896],[37.693624,41.033869],[37.693872,41.033807],[37.694024,41.03377],[37.694293,41.033834],[37.694523,41.033927],[37.694582,41.03378],[37.694589,41.033763],[37.694641,41.033551],[37.694869,41.033561],[37.69499,41.033538],[37.695263,41.033397],[37.695336,41.033151],[37.695386,41.03312],[37.695355,41.032952],[37.695496,41.03278],[37.695499,41.032393],[37.695523,41.032278],[37.695597,41.032122],[37.695752,41.031999],[37.696006,41.031944],[37.696343,41.031847],[37.696454,41.031754],[37.696584,41.031697],[37.696581,41.031534],[37.696542,41.031359],[37.696554,41.031141],[37.696606,41.030929],[37.69663,41.0306],[37.696616,41.030442],[37.696641,41.030311],[37.696667,41.030005],[37.696553,41.029805],[37.696353,41.029714],[37.696273,41.029486],[37.69615,41.029391],[37.696011,41.029192],[37.696049,41.028968],[37.696142,41.02871],[37.696119,41.02855],[37.696125,41.028327],[37.696091,41.028242],[37.696189,41.02801],[37.696253,41.02782],[37.696349,41.027606],[37.69642,41.027506],[37.696525,41.027394],[37.696715,41.027213],[37.697066,41.026876],[37.697195,41.026639],[37.6972,41.026315],[37.697131,41.026114],[37.69705,41.025885],[37.696905,41.025638],[37.696531,41.025389],[37.69643,41.025357],[37.696425,41.025353],[37.696395,41.025436],[37.696362,41.025512],[37.696367,41.025581],[37.696314,41.025762],[37.696303,41.025959],[37.696203,41.026015],[37.696148,41.02608],[37.696011,41.026216],[37.695848,41.026274],[37.695679,41.026476],[37.695553,41.026511],[37.695464,41.026555],[37.695271,41.026599],[37.695222,41.026674],[37.694948,41.026692],[37.6948,41.026771],[37.69447,41.027006],[37.694278,41.027264],[37.69415,41.0273],[37.694027,41.027361],[37.693953,41.027477],[37.693764,41.027507],[37.693688,41.027823],[37.693546,41.027943],[37.693412,41.027967],[37.693244,41.027902],[37.693066,41.028075],[37.693015,41.028134],[37.692889,41.028188],[37.692758,41.028208],[37.692582,41.0282],[37.692383,41.028208],[37.692152,41.028319],[37.691987,41.028458],[37.691972,41.028483],[37.691945,41.028546],[37.691922,41.028567],[37.691779,41.028627],[37.691737,41.028651],[37.691593,41.028772],[37.69156,41.028853],[37.691371,41.028942],[37.691105,41.029082],[37.691061,41.029184],[37.690967,41.029211],[37.690829,41.029258],[37.690767,41.029347],[37.690749,41.029427],[37.690752,41.029509],[37.690614,41.029583],[37.690547,41.029635],[37.690312,41.029739],[37.690146,41.029821],[37.689893,41.030078],[37.689688,41.030357],[37.689717,41.030574],[37.689721,41.030598],[37.689729,41.030641],[37.689724,41.030676],[37.68969,41.030717],[37.689648,41.030755],[37.689569,41.0308],[37.689496,41.030842],[37.689384,41.030882],[37.689118,41.030926],[37.688938,41.030973],[37.68891,41.030987],[37.6888,41.031153],[37.688782,41.031166],[37.688748,41.031184],[37.688717,41.031183],[37.688663,41.031163],[37.688599,41.031133],[37.688548,41.031104],[37.688509,41.031082],[37.688463,41.031073],[37.688391,41.031061],[37.688346,41.031049],[37.688291,41.031019],[37.688229,41.030996],[37.688095,41.031004],[37.687971,41.031014],[37.687807,41.031033],[37.687687,41.031071],[37.68747,41.031174],[37.687406,41.031191],[37.68733,41.031194],[37.687245,41.031193],[37.687186,41.031177],[37.687166,41.031161],[37.687134,41.031123],[37.687094,41.031106],[37.68704,41.03109],[37.686985,41.031091],[37.686852,41.031126],[37.686793,41.03115],[37.686673,41.031208],[37.686642,41.031224],[37.686611,41.031224],[37.68655,41.031228],[37.686465,41.031233],[37.686278,41.031279],[37.686217,41.031278],[37.68618,41.031258],[37.686097,41.031209],[37.68606,41.03116],[37.685993,41.031044],[37.685942,41.030996],[37.685776,41.030968],[37.68565,41.030999],[37.685639,41.031042],[37.68562,41.031117],[37.685595,41.031177],[37.685497,41.031246],[37.685391,41.031291],[37.68529,41.031313],[37.685174,41.031327],[37.685096,41.031335],[37.684988,41.031378],[37.684945,41.031409],[37.684862,41.031538],[37.684782,41.031636],[37.684693,41.031727],[37.684621,41.031772],[37.684583,41.031787],[37.684425,41.031819],[37.684313,41.031847],[37.684161,41.031901],[37.684012,41.031965],[37.683882,41.032022],[37.683846,41.032047],[37.683805,41.032107],[37.683783,41.032157],[37.683763,41.032194],[37.683731,41.032214],[37.683677,41.032245],[37.68362,41.032253],[37.683587,41.032244],[37.683515,41.03222],[37.683474,41.032222],[37.683381,41.032234],[37.683307,41.03225],[37.683261,41.032264],[37.683219,41.03231],[37.683009,41.032506],[37.682856,41.032616],[37.682779,41.032666],[37.682745,41.032701],[37.682763,41.032775],[37.682842,41.032895],[37.682883,41.032983],[37.682892,41.033095],[37.68284,41.033181],[37.682764,41.033279],[37.682745,41.033391],[37.68273,41.033566],[37.682741,41.033753],[37.682765,41.033903],[37.682827,41.034096],[37.68283,41.034174],[37.682829,41.034264],[37.682763,41.034422],[37.682617,41.034575],[37.682602,41.034623],[37.682641,41.034728],[37.682726,41.034816],[37.682798,41.034915],[37.682828,41.035003],[37.682835,41.035076],[37.682803,41.03526],[37.682796,41.035413],[37.682791,41.035544],[37.682805,41.035654],[37.682856,41.035805],[37.682885,41.035898],[37.682929,41.035957],[37.682957,41.035975],[37.682997,41.036003],[37.683041,41.036047],[37.683049,41.036077],[37.683047,41.036111],[37.683018,41.036365],[37.683031,41.036494],[37.683032,41.036649],[37.683014,41.036853],[37.682944,41.037051],[37.682856,41.037245],[37.682409,41.037451],[37.682079,41.037659],[37.681815,41.037806],[37.681704,41.037989],[37.681956,41.038141],[37.681937,41.038399],[37.68159,41.03869],[37.681247,41.03886],[37.681171,41.038975],[37.681083,41.03913],[37.681016,41.039241],[37.680989,41.039285],[37.680833,41.039372],[37.680682,41.039434],[37.680564,41.039477],[37.680269,41.039504],[37.680171,41.039555],[37.679928,41.039649],[37.679751,41.039742],[37.679585,41.039816],[37.679551,41.03987],[37.679502,41.039975],[37.679408,41.040144],[37.6793,41.040434],[37.679277,41.040472],[37.679184,41.040511],[37.67909,41.040542],[37.678944,41.040556],[37.678615,41.04054],[37.677941,41.040493],[37.677298,41.04063],[37.677155,41.040669],[37.67702,41.04077],[37.676887,41.040984],[37.67679,41.041313],[37.676776,41.041359],[37.676757,41.041463],[37.676753,41.041518],[37.676751,41.041545],[37.676758,41.041589],[37.676758,41.041637],[37.676833,41.041711],[37.676885,41.041746],[37.676992,41.041799],[37.677069,41.041851],[37.677107,41.041924],[37.677198,41.042124],[37.677237,41.04221],[37.677255,41.042277],[37.677266,41.042331],[37.677242,41.042446],[37.67719,41.042497],[37.67714,41.042526],[37.677081,41.04255],[37.676992,41.042576],[37.676904,41.042592],[37.676837,41.042601],[37.676811,41.042618],[37.676781,41.042656],[37.67677,41.04274],[37.676773,41.042797],[37.676767,41.042939],[37.676745,41.043004],[37.676656,41.043122],[37.676567,41.043196],[37.676316,41.043303],[37.676187,41.043382],[37.676083,41.043464],[37.675991,41.043559],[37.675918,41.043643],[37.675858,41.043712],[37.675798,41.043753],[37.675737,41.043791],[37.675664,41.043842],[37.675561,41.043897],[37.675465,41.043981],[37.675416,41.044036],[37.675386,41.04408],[37.675352,41.044162],[37.675326,41.044248],[37.675325,41.044307],[37.675341,41.044354],[37.675384,41.044428],[37.675453,41.044481],[37.675584,41.044576],[37.675619,41.044635],[37.675674,41.044831],[37.675706,41.045008],[37.675747,41.045081],[37.675817,41.045232],[37.675884,41.04533],[37.67592,41.045382],[37.67595,41.045419],[37.675943,41.04546],[37.675851,41.045716],[37.675791,41.045881],[37.675796,41.045942],[37.675846,41.046055],[37.675839,41.046212],[37.675813,41.046258],[37.675751,41.04633],[37.675701,41.046384],[37.675615,41.046417],[37.675418,41.046449],[37.675207,41.046479],[37.675132,41.046482],[37.674995,41.046474],[37.674748,41.046454],[37.674603,41.046424],[37.674449,41.046421],[37.674234,41.046447],[37.674016,41.046513],[37.673911,41.046537],[37.673789,41.046545],[37.673473,41.046533],[37.673346,41.046506],[37.673305,41.046488],[37.673251,41.046435],[37.673148,41.046426],[37.673036,41.046368],[37.672939,41.046317],[37.672865,41.046271],[37.672794,41.046233],[37.672748,41.046221],[37.672658,41.046262],[37.672522,41.046339],[37.672472,41.046392],[37.672382,41.046451],[37.672232,41.046488],[37.672084,41.046487],[37.672001,41.046465],[37.671829,41.046407],[37.671677,41.046368],[37.671528,41.046341],[37.671362,41.046335],[37.671123,41.046365],[37.671024,41.046393],[37.670969,41.046403],[37.670905,41.046412],[37.670834,41.046417],[37.670748,41.046437],[37.670645,41.046475],[37.670514,41.046548],[37.670438,41.046595],[37.670382,41.046657],[37.670327,41.046732],[37.670228,41.046908],[37.670189,41.046937],[37.670066,41.047009],[37.669952,41.047056],[37.669824,41.047077],[37.669624,41.047101],[37.669457,41.047099],[37.669161,41.047041],[37.668918,41.047017],[37.668764,41.047019],[37.668622,41.047028],[37.668465,41.04708],[37.668279,41.047164],[37.668101,41.047228],[37.667946,41.04723],[37.667761,41.047142],[37.667493,41.046966],[37.666897,41.046735],[37.666659,41.046648],[37.666486,41.046462],[37.66644,41.046333],[37.666248,41.04622],[37.665553,41.046095],[37.664693,41.046058],[37.664521,41.046096],[37.664427,41.046191],[37.664437,41.046388],[37.664574,41.0467],[37.664798,41.047406],[37.664856,41.047721],[37.664714,41.047878],[37.664494,41.047977],[37.664242,41.048118],[37.66394,41.048352],[37.663648,41.048631],[37.663491,41.048816],[37.663339,41.048899],[37.663021,41.049164],[37.662488,41.049402],[37.662289,41.049538],[37.662156,41.049719],[37.662059,41.050052],[37.662045,41.050182],[37.661972,41.050264],[37.661855,41.050356],[37.66151,41.050512],[37.661371,41.050565],[37.661239,41.050613],[37.661104,41.050643],[37.6609,41.05069],[37.660741,41.050741],[37.660458,41.050866],[37.660222,41.050959],[37.660086,41.051065],[37.660052,41.051207],[37.660079,41.051387],[37.659927,41.051702],[37.659744,41.051979],[37.659527,41.052282],[37.658978,41.052831],[37.658883,41.052975],[37.6589,41.0531],[37.658973,41.053119],[37.659026,41.053123],[37.659072,41.053123],[37.659107,41.053121],[37.659136,41.053122],[37.659181,41.053132],[37.659232,41.053141],[37.659293,41.053151],[37.659329,41.053156],[37.659424,41.053164],[37.659575,41.053191],[37.659647,41.053207],[37.659746,41.05323],[37.659828,41.053249],[37.659888,41.053266],[37.659939,41.053277],[37.659986,41.053288],[37.660025,41.053297],[37.660084,41.05331],[37.66026,41.053333],[37.660315,41.053342],[37.660373,41.053356],[37.660438,41.053376],[37.660481,41.05339],[37.660535,41.053405],[37.66058,41.053416],[37.660634,41.05343],[37.660653,41.053434],[37.660685,41.05344],[37.660753,41.053451],[37.660782,41.053453],[37.660844,41.053459],[37.660912,41.053466],[37.66097,41.053464],[37.661016,41.053463],[37.661058,41.053461],[37.66108,41.053457],[37.661205,41.053439],[37.661335,41.053423],[37.661448,41.053411],[37.66159,41.053386],[37.661697,41.053354],[37.661791,41.053329],[37.661831,41.053315],[37.661881,41.0533],[37.661911,41.053291],[37.661953,41.05328],[37.661986,41.053273],[37.662033,41.053266],[37.66208,41.05326],[37.662115,41.053257],[37.66225,41.053256],[37.662319,41.053262],[37.662355,41.053264],[37.662389,41.053264],[37.662434,41.053259],[37.662552,41.053254],[37.662597,41.053255],[37.662621,41.053262],[37.662634,41.053272],[37.662647,41.053288],[37.662672,41.053341],[37.662687,41.053378],[37.662691,41.053398],[37.662692,41.053415],[37.662688,41.053454],[37.662625,41.053552],[37.662549,41.053667],[37.662435,41.053955],[37.662499,41.054119],[37.66251,41.054141],[37.662557,41.054233],[37.662495,41.054279],[37.66248,41.054282],[37.662469,41.054284],[37.662326,41.054362],[37.662066,41.054419],[37.662117,41.054479],[37.662004,41.054527],[37.661977,41.054635],[37.662025,41.054667],[37.66213,41.054718],[37.662117,41.054664],[37.662242,41.054616],[37.662262,41.054615],[37.662386,41.054607],[37.662526,41.054654],[37.662635,41.054751],[37.662771,41.054871],[37.662805,41.054932],[37.662991,41.054853],[37.663242,41.054886],[37.663299,41.055049],[37.663465,41.055113],[37.663635,41.055197],[37.663753,41.055234],[37.664015,41.05531],[37.664141,41.055397],[37.664255,41.055521],[37.664326,41.05559],[37.664521,41.055585],[37.664557,41.055585],[37.664766,41.055579],[37.664783,41.055578],[37.664973,41.05558],[37.665106,41.055579],[37.665299,41.055583],[37.66549,41.055566],[37.665625,41.055559],[37.66575,41.055575],[37.665771,41.055584],[37.665851,41.055635],[37.665913,41.055688],[37.666,41.055746],[37.666147,41.055757],[37.666203,41.055779],[37.66628,41.055784],[37.666558,41.05589],[37.666678,41.05598],[37.66682,41.056071],[37.667107,41.056166],[37.667354,41.056273],[37.667603,41.056315],[37.667969,41.056313],[37.668388,41.0563],[37.668388,41.0563],[37.668424,41.056192],[37.668434,41.056159],[37.668578,41.055975],[37.668603,41.05582],[37.668847,41.055623]]]]}},{"type":"Feature","properties":{"id":"TR-Y-52-017-M-0051","level":"yerlesim","type":"mahalle","parent_id":"TR-D-52-017","province_id":"TR-P-52","district_id":"TR-D-52-017","name":"Yeniköy","source_raw_name":"YENİKÖY","source":"Kamuya açık veri ve kent rehberi servisleri","source_label":"Kamuya açık veri ve kent rehberi servisleri","source_name":"Ordu Büyükşehir Belediyesi Akıllı Şehir Açık Veri Platformu - Mahalleler"},"geometry":{"type":"MultiPolygon","coordinates":[[[[37.727653,41.102942],[37.728106,41.102865],[37.728522,41.102879],[37.728715,41.102802],[37.728841,41.102698],[37.728858,41.102677],[37.729152,41.102469],[37.729272,41.102173],[37.729265,41.10215],[37.729217,41.101845],[37.729171,41.101504],[37.729359,41.10138],[37.729193,41.101257],[37.729247,41.100956],[37.729161,41.100694],[37.729242,41.100476],[37.72942,41.100367],[37.729437,41.100357],[37.729677,41.100212],[37.729708,41.100078],[37.729911,41.099858],[37.729916,41.099801],[37.72986,41.099592],[37.72961,41.099284],[37.729723,41.099072],[37.730139,41.09875],[37.73029,41.098688],[37.730391,41.098578],[37.730401,41.098552],[37.730671,41.098285],[37.730717,41.09801],[37.730521,41.097788],[37.730613,41.097665],[37.730846,41.097387],[37.730845,41.097227],[37.730693,41.097042],[37.730617,41.096958],[37.73042,41.096858],[37.730347,41.096672],[37.730383,41.096611],[37.730586,41.09652],[37.730487,41.096371],[37.73048,41.096337],[37.730432,41.096076],[37.730402,41.095913],[37.73045,41.095856],[37.730562,41.095716],[37.730588,41.09549],[37.730718,41.09529],[37.730741,41.095215],[37.730741,41.095009],[37.730754,41.094862],[37.730963,41.094739],[37.730993,41.094598],[37.730964,41.094544],[37.730805,41.094491],[37.730761,41.09433],[37.730973,41.094055],[37.730904,41.093742],[37.730868,41.093599],[37.731223,41.093531],[37.731323,41.093461],[37.731476,41.093013],[37.731632,41.092744],[37.731817,41.09262],[37.731863,41.092509],[37.731813,41.092353],[37.731992,41.092274],[37.73202,41.092204],[37.732076,41.09207],[37.732083,41.09205],[37.732167,41.091916],[37.732391,41.091829],[37.732457,41.091777],[37.732441,41.091702],[37.732429,41.091439],[37.732478,41.09141],[37.732598,41.091328],[37.732696,41.090984],[37.732976,41.090912],[37.732953,41.090696],[37.732942,41.090534],[37.733347,41.090478],[37.733446,41.090378],[37.734012,41.090555],[37.734151,41.090561],[37.734008,41.090552],[37.733648,41.090434],[37.73344,41.090374],[37.733628,41.089809],[37.733633,41.089657],[37.734059,41.089273],[37.734203,41.089279],[37.734447,41.089229],[37.734674,41.089307],[37.734931,41.089358],[37.735046,41.089296],[37.735181,41.089154],[37.735695,41.088941],[37.735866,41.088798],[37.735986,41.088698],[37.735972,41.0886],[37.736167,41.088443],[37.736262,41.088311],[37.7363,41.088149],[37.736444,41.088107],[37.736503,41.08799],[37.736437,41.087815],[37.736523,41.08775],[37.736484,41.087671],[37.736557,41.08747],[37.736717,41.087287],[37.736886,41.087197],[37.736917,41.087047],[37.737108,41.086812],[37.737162,41.086634],[37.737125,41.086533],[37.736852,41.086393],[37.736581,41.086373],[37.736096,41.086309],[37.735959,41.086227],[37.736016,41.086002],[37.736221,41.085834],[37.73619,41.085764],[37.736168,41.085621],[37.736082,41.085357],[37.73609,41.085263],[37.736116,41.085011],[37.736139,41.084827],[37.736204,41.084537],[37.736079,41.084264],[37.735617,41.084045],[37.735411,41.083788],[37.735159,41.083481],[37.73511,41.083297],[37.734617,41.082927],[37.734394,41.082759],[37.734377,41.082508],[37.73432,41.082356],[37.734344,41.082242],[37.734219,41.082104],[37.734196,41.081998],[37.734106,41.081681],[37.734046,41.081469],[37.734005,41.081441],[37.733591,41.081445],[37.733528,41.08128],[37.73387,41.081197],[37.733768,41.080966],[37.733586,41.080713],[37.733317,41.080431],[37.732976,41.080072],[37.732865,41.079904],[37.73285,41.079701],[37.732671,41.079422],[37.732419,41.079031],[37.732349,41.079012],[37.732079,41.078775],[37.731648,41.078446],[37.731385,41.078596],[37.731075,41.078784],[37.730724,41.078673],[37.730352,41.078414],[37.730018,41.078115],[37.730128,41.07779],[37.730239,41.077538],[37.730274,41.077237],[37.730218,41.077198],[37.729936,41.077058],[37.729837,41.076999],[37.729576,41.076879],[37.728957,41.076579],[37.728898,41.076525],[37.728603,41.076305],[37.728195,41.075922],[37.727933,41.075719],[37.72779,41.075779],[37.727457,41.075785],[37.727195,41.075869],[37.726781,41.075952],[37.726479,41.076007],[37.725998,41.076114],[37.725492,41.076265],[37.725253,41.076376],[37.725138,41.076423],[37.725051,41.076455],[37.724764,41.076534],[37.724606,41.076545],[37.7245,41.076576],[37.724418,41.076613],[37.724363,41.076628],[37.724322,41.076673],[37.724247,41.076715],[37.724182,41.07674],[37.723951,41.076846],[37.723843,41.076885],[37.723631,41.076933],[37.72358,41.07695],[37.723309,41.07704],[37.723068,41.077118],[37.722822,41.07717],[37.722467,41.077242],[37.721953,41.077386],[37.721835,41.077418],[37.721741,41.077434],[37.721642,41.077548],[37.721599,41.077662],[37.721586,41.077759],[37.721331,41.077872],[37.720962,41.077959],[37.720821,41.077945],[37.720674,41.07794],[37.720591,41.077927],[37.720444,41.077928],[37.720112,41.078033],[37.720094,41.078038],[37.71994,41.078078],[37.719932,41.078102],[37.719874,41.078264],[37.719874,41.07833],[37.719876,41.078435],[37.719867,41.07865],[37.71979,41.078796],[37.71971,41.078877],[37.7196,41.078997],[37.719521,41.079105],[37.719412,41.079155],[37.719205,41.079317],[37.719136,41.079384],[37.718991,41.07951],[37.718918,41.079571],[37.718831,41.079627],[37.718621,41.07975],[37.718564,41.079773],[37.718542,41.079776],[37.718515,41.079782],[37.718367,41.079849],[37.718259,41.079898],[37.718097,41.079991],[37.717968,41.080046],[37.717869,41.080119],[37.717732,41.080204],[37.717703,41.080249],[37.71769,41.080259],[37.717649,41.080329],[37.717637,41.080433],[37.717504,41.08048],[37.717367,41.080575],[37.717281,41.080613],[37.716818,41.080969],[37.716764,41.081023],[37.71664,41.081149],[37.716501,41.081287],[37.7164,41.081407],[37.716375,41.081497],[37.716213,41.08191],[37.716192,41.082007],[37.716142,41.082243],[37.716101,41.08252],[37.716064,41.08277],[37.716029,41.082969],[37.715969,41.083227],[37.715957,41.083399],[37.715922,41.08365],[37.716117,41.083798],[37.716543,41.084129],[37.71663,41.084209],[37.716772,41.084441],[37.716765,41.084671],[37.716754,41.084884],[37.716836,41.085093],[37.716881,41.085345],[37.716932,41.085577],[37.716989,41.085762],[37.716846,41.085989],[37.716714,41.086185],[37.716603,41.086373],[37.716593,41.086456],[37.716565,41.086586],[37.716505,41.086829],[37.716528,41.086845],[37.71644,41.086998],[37.716473,41.087131],[37.716552,41.087293],[37.71672,41.087427],[37.71669,41.087594],[37.716663,41.087771],[37.716656,41.087951],[37.716584,41.088099],[37.716621,41.088288],[37.716699,41.088411],[37.716771,41.088547],[37.716639,41.088738],[37.716617,41.088945],[37.716686,41.089004],[37.716599,41.089057],[37.716505,41.089148],[37.716478,41.089294],[37.716459,41.089503],[37.71645,41.089572],[37.716449,41.089578],[37.716385,41.08988],[37.716381,41.089898],[37.71635,41.090055],[37.716325,41.090178],[37.716349,41.090249],[37.716316,41.090389],[37.716314,41.090462],[37.716332,41.090498],[37.716327,41.090574],[37.716316,41.090704],[37.716339,41.090774],[37.716341,41.090782],[37.716367,41.090906],[37.716375,41.09107],[37.716383,41.091186],[37.716391,41.091262],[37.716407,41.091322],[37.716353,41.091335],[37.716188,41.09132],[37.71615,41.091341],[37.715932,41.091278],[37.715747,41.091234],[37.715553,41.091281],[37.71535,41.091286],[37.715188,41.091246],[37.715063,41.091037],[37.715051,41.091017],[37.71488,41.090813],[37.71482,41.090908],[37.714783,41.090942],[37.714747,41.091105],[37.714667,41.091228],[37.714622,41.091292],[37.714532,41.091431],[37.714493,41.091519],[37.714442,41.091694],[37.714394,41.091789],[37.714266,41.091849],[37.714198,41.091878],[37.714057,41.091936],[37.714022,41.092006],[37.713818,41.09217],[37.71369,41.092204],[37.713653,41.092295],[37.713603,41.092382],[37.71359,41.092435],[37.713626,41.092388],[37.7139,41.092487],[37.714078,41.092508],[37.714382,41.092639],[37.714771,41.092856],[37.714934,41.092952],[37.71497,41.092964],[37.71504,41.092945],[37.71542,41.093085],[37.715662,41.092772],[37.716167,41.092581],[37.716403,41.09264],[37.71654,41.09274],[37.716746,41.092944],[37.716959,41.0932],[37.717228,41.093348],[37.717337,41.093242],[37.717648,41.093798],[37.717778,41.093958],[37.717937,41.094197],[37.718486,41.094076],[37.718682,41.094023],[37.718705,41.094015],[37.718844,41.093941],[37.719189,41.093791],[37.7194,41.093689],[37.719518,41.093669],[37.719824,41.093849],[37.719835,41.093908],[37.720043,41.093987],[37.720088,41.093922],[37.720126,41.093914],[37.720153,41.093894],[37.720249,41.093817],[37.720329,41.093764],[37.720468,41.093708],[37.720737,41.093767],[37.720966,41.093864],[37.721119,41.093904],[37.721492,41.093988],[37.721729,41.094143],[37.721897,41.094267],[37.722026,41.09433],[37.721955,41.094411],[37.721971,41.094516],[37.72192,41.094644],[37.721951,41.094918],[37.721878,41.095054],[37.721847,41.095081],[37.722109,41.095239],[37.72237,41.095357],[37.723061,41.095486],[37.723169,41.095508],[37.723398,41.095515],[37.723474,41.095644],[37.723374,41.095723],[37.72351,41.095862],[37.723598,41.096002],[37.723604,41.09615],[37.723554,41.09632],[37.723521,41.096597],[37.723527,41.096623],[37.723592,41.096623],[37.723989,41.096635],[37.724228,41.096671],[37.724245,41.096724],[37.724258,41.096809],[37.724269,41.096911],[37.724275,41.096946],[37.72458,41.09697],[37.724565,41.096848],[37.724818,41.096892],[37.724956,41.096922],[37.725089,41.096984],[37.724909,41.097223],[37.724734,41.097457],[37.724715,41.097533],[37.72488,41.097737],[37.724906,41.0979],[37.725075,41.098224],[37.725164,41.09835],[37.725198,41.098493],[37.725231,41.098813],[37.724835,41.099176],[37.724604,41.099109],[37.724354,41.099098],[37.724213,41.098954],[37.723949,41.098756],[37.723938,41.098759],[37.723927,41.098748],[37.723682,41.09862],[37.723637,41.098579],[37.723483,41.098926],[37.72343,41.099085],[37.723282,41.09935],[37.723332,41.099525],[37.723519,41.099566],[37.72396,41.099901],[37.724072,41.100001],[37.724137,41.1001],[37.724265,41.100255],[37.724363,41.10051],[37.724392,41.100526],[37.724962,41.101544],[37.725482,41.102448],[37.725631,41.102811],[37.725624,41.102828],[37.725914,41.102995],[37.726298,41.103699],[37.72677,41.104049],[37.726839,41.104058],[37.726947,41.103891],[37.727058,41.103771],[37.727392,41.10341],[37.727606,41.10302],[37.727653,41.102942]]]]}},{"type":"Feature","properties":{"id":"TR-Y-52-017-M-0052","level":"yerlesim","type":"mahalle","parent_id":"TR-D-52-017","province_id":"TR-P-52","district_id":"TR-D-52-017","name":"Yeniöz","source_raw_name":"YENİÖZ","source":"Kamuya açık veri ve kent rehberi servisleri","source_label":"Kamuya açık veri ve kent rehberi servisleri","source_name":"Ordu Büyükşehir Belediyesi Akıllı Şehir Açık Veri Platformu - Mahalleler"},"geometry":{"type":"MultiPolygon","coordinates":[[[[37.732584,41.077212],[37.732796,41.076934],[37.732909,41.076808],[37.732925,41.076657],[37.732756,41.076414],[37.732674,41.076145],[37.732495,41.075946],[37.732218,41.075825],[37.731816,41.07544],[37.731455,41.074214],[37.731293,41.074157],[37.731113,41.074138],[37.730814,41.074097],[37.730489,41.074081],[37.730086,41.074095],[37.72988,41.074118],[37.729625,41.074157],[37.729471,41.074208],[37.729423,41.074234],[37.729372,41.07423],[37.729229,41.07411],[37.729254,41.074026],[37.729322,41.073931],[37.729296,41.073597],[37.729324,41.073436],[37.729494,41.073219],[37.729505,41.073104],[37.729553,41.072915],[37.729655,41.072694],[37.729743,41.07264],[37.729834,41.072522],[37.729791,41.072446],[37.729826,41.072229],[37.729838,41.072128],[37.729886,41.072052],[37.730005,41.071966],[37.730092,41.07195],[37.730242,41.071968],[37.730364,41.071934],[37.730645,41.071816],[37.730742,41.071896],[37.730858,41.071911],[37.731077,41.071921],[37.731161,41.071921],[37.731269,41.071914],[37.731479,41.071968],[37.731726,41.071914],[37.731803,41.071846],[37.73188,41.071811],[37.732114,41.071804],[37.732276,41.071845],[37.732342,41.071859],[37.73263,41.071828],[37.733062,41.071702],[37.73306,41.0716],[37.733213,41.071554],[37.733323,41.07142],[37.733511,41.071392],[37.733606,41.071415],[37.733752,41.071403],[37.733888,41.071403],[37.734027,41.071553],[37.734211,41.07157],[37.734395,41.071529],[37.734521,41.071324],[37.734437,41.071236],[37.734512,41.0712],[37.73468,41.071255],[37.734727,41.07138],[37.734858,41.071342],[37.734934,41.071345],[37.735058,41.071244],[37.735179,41.071144],[37.735285,41.07107],[37.735241,41.071015],[37.735235,41.070803],[37.73521,41.070688],[37.735008,41.070586],[37.734963,41.070546],[37.734841,41.070433],[37.734729,41.070424],[37.734446,41.070277],[37.734323,41.07026],[37.734291,41.07026],[37.734196,41.070225],[37.734201,41.070147],[37.733912,41.069859],[37.733746,41.069793],[37.733672,41.069797],[37.733464,41.06973],[37.733313,41.069642],[37.733191,41.069601],[37.733228,41.0695],[37.733137,41.069268],[37.733128,41.069173],[37.733034,41.069075],[37.733034,41.069071],[37.73306,41.069011],[37.732968,41.068922],[37.732835,41.068798],[37.732751,41.068661],[37.732549,41.068247],[37.732541,41.068159],[37.732488,41.068075],[37.732381,41.067893],[37.732304,41.06783],[37.732284,41.067677],[37.732093,41.067623],[37.731982,41.067584],[37.731845,41.067571],[37.731538,41.067463],[37.730935,41.067126],[37.730817,41.067041],[37.730823,41.067015],[37.730753,41.06697],[37.730756,41.06696],[37.730752,41.066958],[37.730713,41.066811],[37.730615,41.066697],[37.730657,41.066677],[37.730613,41.066635],[37.730448,41.066718],[37.730271,41.066766],[37.7295,41.066878],[37.729485,41.066866],[37.729485,41.066889],[37.729267,41.067077],[37.729089,41.067304],[37.728655,41.068174],[37.72842,41.06858],[37.728452,41.068654],[37.728396,41.068722],[37.728259,41.068854],[37.728069,41.069041],[37.728038,41.069089],[37.727963,41.069174],[37.727883,41.069253],[37.727789,41.06934],[37.727755,41.069413],[37.727679,41.069512],[37.727566,41.069659],[37.727371,41.069864],[37.727281,41.069821],[37.727113,41.070015],[37.726803,41.070282],[37.726663,41.070381],[37.726638,41.0704],[37.726466,41.07047],[37.726417,41.070539],[37.72628,41.070794],[37.726247,41.071045],[37.726138,41.071195],[37.72591,41.071293],[37.725762,41.07155],[37.725633,41.071539],[37.725587,41.07153],[37.725459,41.071417],[37.725212,41.071301],[37.725107,41.071297],[37.725077,41.07135],[37.724667,41.071591],[37.724546,41.071638],[37.72445,41.07171],[37.724364,41.07177],[37.724798,41.07209],[37.724941,41.072233],[37.725078,41.072431],[37.725159,41.072547],[37.725182,41.072611],[37.725285,41.072751],[37.725393,41.072893],[37.725412,41.072895],[37.725495,41.073135],[37.725506,41.073216],[37.725509,41.073329],[37.725492,41.073487],[37.725467,41.073585],[37.725391,41.073812],[37.725354,41.073942],[37.725401,41.074006],[37.725485,41.074043],[37.725673,41.07414],[37.725877,41.074232],[37.726029,41.074304],[37.726142,41.074371],[37.726323,41.074442],[37.72668,41.074628],[37.726836,41.074723],[37.726973,41.074836],[37.72705,41.074929],[37.727182,41.075014],[37.727296,41.075125],[37.727367,41.075207],[37.727441,41.075318],[37.727453,41.075354],[37.727579,41.07548],[37.727611,41.075581],[37.72779,41.075779],[37.727933,41.075719],[37.728195,41.075922],[37.728603,41.076305],[37.728898,41.076525],[37.728957,41.076579],[37.729576,41.076879],[37.729837,41.076999],[37.729936,41.077058],[37.730218,41.077198],[37.730274,41.077237],[37.730428,41.077148],[37.730669,41.07712],[37.730907,41.077114],[37.73127,41.077118],[37.731689,41.077195],[37.732025,41.07727],[37.732335,41.077368],[37.732584,41.077212]]]]}},{"type":"Feature","properties":{"id":"TR-Y-52-017-M-0053","level":"yerlesim","type":"mahalle","parent_id":"TR-D-52-017","province_id":"TR-P-52","district_id":"TR-D-52-017","name":"Yeşilköy","source_raw_name":"YEŞİLKÖY","source":"Kamuya açık veri ve kent rehberi servisleri","source_label":"Kamuya açık veri ve kent rehberi servisleri","source_name":"Ordu Büyükşehir Belediyesi Akıllı Şehir Açık Veri Platformu - Mahalleler"},"geometry":{"type":"MultiPolygon","coordinates":[[[[37.634056,41.048437],[37.634278,41.048274],[37.634458,41.048216],[37.634553,41.048264],[37.634637,41.048303],[37.634765,41.048337],[37.634889,41.048355],[37.634949,41.048344],[37.63499,41.048295],[37.635019,41.0482],[37.635131,41.04809],[37.635369,41.047915],[37.63552,41.047833],[37.635713,41.047789],[37.636025,41.047751],[37.636263,41.047674],[37.636568,41.047347],[37.636669,41.047352],[37.636833,41.047417],[37.637039,41.04744],[37.637277,41.04741],[37.637419,41.047308],[37.637565,41.047188],[37.637656,41.047149],[37.637761,41.047208],[37.637862,41.047312],[37.637919,41.047424],[37.638014,41.047514],[37.638157,41.047595],[37.638323,41.047597],[37.638391,41.047535],[37.638472,41.047347],[37.63853,41.047309],[37.638734,41.047285],[37.638879,41.047244],[37.638958,41.047123],[37.639073,41.046828],[37.639349,41.046608],[37.639481,41.046583],[37.639807,41.0466],[37.63992,41.046591],[37.640148,41.046443],[37.640254,41.045983],[37.640292,41.045963],[37.640377,41.045963],[37.640581,41.045997],[37.640676,41.045998],[37.640852,41.045945],[37.640978,41.045909],[37.641248,41.045882],[37.641432,41.045891],[37.641692,41.045845],[37.641883,41.045808],[37.642159,41.045712],[37.642374,41.045689],[37.642588,41.045716],[37.642731,41.045732],[37.643142,41.04575],[37.643408,41.045784],[37.643508,41.045803],[37.643872,41.045989],[37.644131,41.046086],[37.644509,41.04612],[37.644672,41.046146],[37.645068,41.046399],[37.645139,41.046622],[37.645249,41.046695],[37.645436,41.046686],[37.645623,41.046545],[37.645809,41.04634],[37.645897,41.046213],[37.646113,41.04622],[37.646567,41.046193],[37.647017,41.046095],[37.647153,41.046111],[37.647257,41.046174],[37.647564,41.046176],[37.648003,41.045898],[37.64822,41.045612],[37.648677,41.04531],[37.648865,41.045168],[37.649066,41.045081],[37.649266,41.045044],[37.649317,41.044941],[37.649451,41.044964],[37.649696,41.044989],[37.65016,41.045108],[37.650561,41.044963],[37.650803,41.044741],[37.65087,41.044716],[37.650951,41.044702],[37.65105,41.044719],[37.651108,41.044739],[37.65128,41.044802],[37.651317,41.044794],[37.651444,41.044595],[37.651652,41.044483],[37.65197,41.044208],[37.652123,41.044159],[37.652435,41.044031],[37.652774,41.043976],[37.652954,41.043881],[37.65303,41.043804],[37.653253,41.043692],[37.653732,41.04333],[37.654034,41.04321],[37.654322,41.043262],[37.654497,41.043286],[37.654837,41.043262],[37.65506,41.043192],[37.65518,41.043188],[37.65554,41.043068],[37.655652,41.04304],[37.655741,41.043033],[37.655834,41.043015],[37.65597,41.043024],[37.656079,41.042999],[37.656222,41.043054],[37.656396,41.043141],[37.656422,41.043177],[37.656543,41.04318],[37.656662,41.043177],[37.656819,41.043185],[37.656883,41.043201],[37.656993,41.043206],[37.657068,41.043212],[37.657187,41.043222],[37.657255,41.043252],[37.657309,41.043227],[37.657363,41.043162],[37.657384,41.043143],[37.65732,41.043091],[37.657243,41.043025],[37.657153,41.0429],[37.657038,41.042808],[37.656746,41.042695],[37.656511,41.042639],[37.656225,41.042589],[37.655929,41.042542],[37.655639,41.042458],[37.655525,41.0424],[37.655534,41.042348],[37.655538,41.042338],[37.655562,41.042318],[37.65566,41.042226],[37.655758,41.042136],[37.655758,41.042136],[37.655906,41.041982],[37.656118,41.0417],[37.656359,41.041418],[37.656542,41.041181],[37.656626,41.040916],[37.656599,41.040717],[37.656466,41.040298],[37.656182,41.039751],[37.656159,41.039728],[37.656105,41.039701],[37.655998,41.03966],[37.655922,41.039623],[37.655888,41.039583],[37.655874,41.039533],[37.655886,41.039446],[37.655995,41.039192],[37.65599,41.03908],[37.655977,41.038885],[37.655966,41.038811],[37.655916,41.038654],[37.655817,41.038519],[37.655798,41.038497],[37.655787,41.038455],[37.655792,41.038409],[37.6558,41.038336],[37.655825,41.038277],[37.656018,41.038008],[37.656028,41.037984],[37.656032,41.03796],[37.655962,41.037828],[37.655927,41.037785],[37.655915,41.03775],[37.655894,41.037626],[37.655897,41.037553],[37.655968,41.037439],[37.655966,41.037358],[37.655917,41.037315],[37.655665,41.037241],[37.655396,41.037098],[37.655231,41.037008],[37.655002,41.036915],[37.654633,41.036871],[37.654297,41.036762],[37.654213,41.036728],[37.654146,41.036663],[37.654037,41.03661],[37.653575,41.036531],[37.653247,41.036501],[37.653003,41.036479],[37.652648,41.036421],[37.652347,41.03642],[37.651956,41.036429],[37.651652,41.036428],[37.651383,41.036427],[37.651101,41.036433],[37.650818,41.036456],[37.65052,41.036479],[37.65021,41.036501],[37.649593,41.036506],[37.649149,41.036479],[37.648624,41.036445],[37.64826,41.036459],[37.647876,41.036431],[37.647477,41.036327],[37.646914,41.036297],[37.646653,41.036192],[37.646607,41.036136],[37.646507,41.035856],[37.646448,41.035668],[37.64625,41.035371],[37.645955,41.035129],[37.645788,41.03526],[37.645577,41.035382],[37.645143,41.035427],[37.644929,41.035437],[37.644769,41.035493],[37.644609,41.035541],[37.644444,41.03558],[37.644273,41.035587],[37.643972,41.035587],[37.643671,41.035534],[37.643459,41.035461],[37.64328,41.035384],[37.643056,41.035315],[37.642811,41.035275],[37.642695,41.035311],[37.642507,41.035379],[37.642137,41.035512],[37.641773,41.035603],[37.641459,41.035666],[37.641283,41.035705],[37.641052,41.035756],[37.640908,41.035796],[37.640798,41.035807],[37.640645,41.035797],[37.640509,41.03575],[37.64029,41.035722],[37.639999,41.03574],[37.639533,41.035751],[37.638443,41.03608],[37.638211,41.036486],[37.637914,41.037299],[37.637775,41.037929],[37.637851,41.038311],[37.637794,41.038677],[37.637586,41.03895],[37.637259,41.039169],[37.636857,41.039647],[37.636257,41.040202],[37.635979,41.040426],[37.635815,41.040589],[37.635812,41.040711],[37.635962,41.040914],[37.636132,41.041176],[37.635942,41.041518],[37.635657,41.041764],[37.63522,41.041924],[37.634897,41.041925],[37.63465,41.041956],[37.634266,41.042067],[37.633927,41.042172],[37.633406,41.042105],[37.633242,41.042088],[37.632992,41.042028],[37.632769,41.041984],[37.632246,41.041856],[37.631972,41.041746],[37.630728,41.041409],[37.63004,41.041298],[37.629767,41.041294],[37.629549,41.041345],[37.628911,41.041719],[37.628014,41.042385],[37.627125,41.043212],[37.626918,41.043557],[37.626941,41.043825],[37.627058,41.044057],[37.62729,41.044198],[37.627577,41.044222],[37.627972,41.044238],[37.628336,41.044242],[37.628506,41.044326],[37.628511,41.04443],[37.628389,41.044566],[37.628227,41.044633],[37.627781,41.04502],[37.627624,41.045313],[37.627364,41.045676],[37.626977,41.046103],[37.626597,41.046542],[37.626202,41.046827],[37.6262,41.046912],[37.626241,41.047033],[37.626402,41.047498],[37.626484,41.04756],[37.626826,41.0477],[37.627186,41.047664],[37.627686,41.047718],[37.628312,41.04743],[37.6291,41.047387],[37.629352,41.047332],[37.630509,41.048091],[37.630563,41.048306],[37.631361,41.048613],[37.631677,41.048451],[37.631867,41.048316],[37.632487,41.048342],[37.633491,41.048726],[37.634056,41.048437]]]]}},{"type":"Feature","properties":{"id":"TR-Y-52-017-M-0054","level":"yerlesim","type":"mahalle","parent_id":"TR-D-52-017","province_id":"TR-P-52","district_id":"TR-D-52-017","name":"Yumrutaş","source_raw_name":"YUMRUTAŞ","source":"Kamuya açık veri ve kent rehberi servisleri","source_label":"Kamuya açık veri ve kent rehberi servisleri","source_name":"Ordu Büyükşehir Belediyesi Akıllı Şehir Açık Veri Platformu - Mahalleler"},"geometry":{"type":"MultiPolygon","coordinates":[[[[37.757831,41.108626],[37.757925,41.108607],[37.758005,41.108636],[37.758066,41.108607],[37.758098,41.108519],[37.758399,41.10856],[37.758489,41.108535],[37.75856,41.108523],[37.758639,41.108452],[37.758678,41.108267],[37.758901,41.108188],[37.759167,41.108086],[37.759343,41.10799],[37.759655,41.107822],[37.759873,41.107667],[37.759881,41.107553],[37.759927,41.107408],[37.759947,41.107242],[37.759884,41.10712],[37.759452,41.107079],[37.759296,41.10706],[37.759087,41.107062],[37.759086,41.106963],[37.759007,41.106897],[37.758748,41.106936],[37.75867,41.106522],[37.758594,41.10618],[37.758511,41.105907],[37.758588,41.105822],[37.758782,41.105867],[37.759019,41.105715],[37.759216,41.105834],[37.759415,41.105957],[37.759541,41.105939],[37.75961,41.105907],[37.759678,41.105677],[37.759728,41.105532],[37.75988,41.105455],[37.759955,41.105304],[37.76001,41.105248],[37.760097,41.105166],[37.760168,41.105058],[37.760415,41.10491],[37.760438,41.104766],[37.76051,41.104793],[37.760685,41.10486],[37.760894,41.104941],[37.76105,41.105013],[37.761341,41.104801],[37.761464,41.104704],[37.761602,41.1046],[37.761623,41.104575],[37.76163,41.104437],[37.761607,41.104251],[37.761632,41.104191],[37.761557,41.10406],[37.761506,41.103988],[37.761448,41.103891],[37.761251,41.103829],[37.761189,41.103669],[37.761339,41.103584],[37.761508,41.103492],[37.761713,41.103424],[37.761938,41.103373],[37.762086,41.103385],[37.762161,41.103402],[37.762214,41.103412],[37.762311,41.103424],[37.762495,41.103437],[37.762436,41.103585],[37.762291,41.103707],[37.76248,41.104056],[37.762729,41.104349],[37.76275,41.104361],[37.76284,41.104462],[37.762848,41.10448],[37.762847,41.104507],[37.762841,41.104606],[37.762844,41.104736],[37.762854,41.104854],[37.762865,41.104896],[37.762875,41.104982],[37.762882,41.104997],[37.762913,41.105056],[37.762935,41.105099],[37.762832,41.105315],[37.76278,41.105429],[37.762784,41.105441],[37.762949,41.105416],[37.762967,41.105413],[37.763107,41.105513],[37.763226,41.105745],[37.763526,41.105918],[37.763972,41.10618],[37.764069,41.10645],[37.764412,41.106759],[37.764639,41.106956],[37.764665,41.106958],[37.764682,41.106587],[37.764655,41.106447],[37.7647,41.106348],[37.764752,41.106237],[37.764798,41.106159],[37.76485,41.106055],[37.764933,41.105885],[37.765006,41.105808],[37.765186,41.105783],[37.765436,41.105783],[37.765711,41.10586],[37.766185,41.105855],[37.7666,41.105835],[37.766611,41.105824],[37.766601,41.105775],[37.766978,41.105405],[37.767184,41.105321],[37.76747,41.105368],[37.767442,41.105623],[37.767644,41.10574],[37.767875,41.10579],[37.767922,41.105801],[37.768027,41.105835],[37.768246,41.105837],[37.768503,41.105972],[37.768524,41.105966],[37.768666,41.105958],[37.768782,41.106065],[37.768859,41.106116],[37.768969,41.106202],[37.769003,41.106231],[37.769325,41.106425],[37.769418,41.106504],[37.769545,41.106432],[37.769732,41.106364],[37.769738,41.106253],[37.769759,41.105967],[37.769739,41.10586],[37.769725,41.105745],[37.769719,41.105645],[37.769765,41.105535],[37.769893,41.10554],[37.770134,41.105597],[37.770301,41.105356],[37.770445,41.105231],[37.770541,41.105099],[37.770594,41.104827],[37.77084,41.104571],[37.771194,41.104519],[37.771239,41.104427],[37.771298,41.104349],[37.770931,41.10416],[37.770658,41.103997],[37.770445,41.103817],[37.770273,41.103714],[37.769878,41.103616],[37.769642,41.103577],[37.769471,41.103554],[37.769294,41.103529],[37.769101,41.103491],[37.768965,41.103499],[37.768591,41.103467],[37.768377,41.103385],[37.768188,41.103341],[37.768025,41.103295],[37.768043,41.103225],[37.768128,41.103208],[37.768163,41.103004],[37.76822,41.102874],[37.768251,41.102608],[37.76829,41.102429],[37.768046,41.102404],[37.767956,41.102379],[37.767803,41.102348],[37.767694,41.10235],[37.767643,41.102274],[37.767599,41.10224],[37.767469,41.102044],[37.767444,41.101938],[37.767431,41.10186],[37.767426,41.101862],[37.767426,41.101861],[37.767199,41.101936],[37.767071,41.102001],[37.76698,41.102032],[37.766882,41.101837],[37.766762,41.101769],[37.766586,41.101658],[37.766501,41.101588],[37.766493,41.101581],[37.76646,41.101545],[37.766438,41.101476],[37.766472,41.101346],[37.766601,41.10123],[37.766761,41.101074],[37.766761,41.101074],[37.766766,41.101069],[37.766928,41.100978],[37.767055,41.100965],[37.767349,41.100783],[37.767633,41.100661],[37.767959,41.100754],[37.768069,41.100672],[37.768398,41.100517],[37.768506,41.100504],[37.768581,41.100441],[37.768732,41.100302],[37.768811,41.100231],[37.769018,41.100271],[37.769173,41.100327],[37.769398,41.100249],[37.769526,41.100185],[37.769699,41.100084],[37.769788,41.100025],[37.769735,41.099971],[37.769642,41.099823],[37.769421,41.09962],[37.769508,41.099488],[37.769445,41.099329],[37.769346,41.099229],[37.769152,41.099058],[37.769379,41.098807],[37.769498,41.098783],[37.769615,41.098714],[37.769749,41.098887],[37.769957,41.099146],[37.770123,41.099087],[37.770277,41.098974],[37.770434,41.098911],[37.770523,41.098799],[37.77062,41.098698],[37.770806,41.098499],[37.770454,41.098343],[37.770093,41.098222],[37.770219,41.098127],[37.770419,41.097964],[37.770407,41.097869],[37.770414,41.097812],[37.770457,41.097675],[37.770547,41.09755],[37.770601,41.097464],[37.770705,41.097324],[37.770827,41.097206],[37.770856,41.097144],[37.770885,41.097083],[37.770921,41.097031],[37.771,41.096934],[37.771027,41.096911],[37.771124,41.096822],[37.771117,41.096691],[37.770957,41.096579],[37.770919,41.096507],[37.770822,41.096318],[37.770812,41.096237],[37.770736,41.096069],[37.770588,41.095991],[37.770488,41.09611],[37.769905,41.096263],[37.769564,41.096349],[37.769423,41.096386],[37.769347,41.096449],[37.769298,41.096445],[37.769088,41.096426],[37.769145,41.096182],[37.769278,41.09602],[37.769445,41.095858],[37.769738,41.095578],[37.769372,41.095483],[37.769202,41.095437],[37.769022,41.095318],[37.768864,41.095443],[37.768633,41.095446],[37.768383,41.095434],[37.768125,41.095497],[37.767952,41.095563],[37.767921,41.095688],[37.767818,41.095763],[37.767722,41.095791],[37.767653,41.095931],[37.767597,41.096055],[37.767046,41.09593],[37.766854,41.095855],[37.766722,41.09578],[37.766504,41.095655],[37.766397,41.095608],[37.766184,41.095461],[37.766158,41.095392],[37.765619,41.095271],[37.765583,41.095246],[37.76529,41.094997],[37.765116,41.094829],[37.764936,41.094779],[37.764809,41.094821],[37.76477,41.09478],[37.764508,41.094709],[37.764251,41.094693],[37.763934,41.09466],[37.763978,41.09441],[37.7639,41.094289],[37.763857,41.094174],[37.763791,41.09413],[37.763763,41.094112],[37.76369,41.094028],[37.763967,41.093775],[37.764124,41.093811],[37.764313,41.09376],[37.764479,41.09343],[37.764666,41.093288],[37.764825,41.093178],[37.764915,41.093015],[37.764983,41.092899],[37.765115,41.092736],[37.765143,41.092668],[37.765265,41.092505],[37.765377,41.092352],[37.765456,41.092305],[37.765565,41.09223],[37.765419,41.092134],[37.765449,41.092002],[37.765517,41.091852],[37.765532,41.091607],[37.765653,41.091255],[37.765694,41.091182],[37.765455,41.091049],[37.765408,41.091066],[37.765142,41.091247],[37.764603,41.091441],[37.764452,41.091713],[37.764046,41.091689],[37.763602,41.091934],[37.763421,41.091958],[37.763116,41.09196],[37.762924,41.091981],[37.762905,41.092036],[37.762728,41.092085],[37.762725,41.092242],[37.762489,41.09235],[37.762232,41.092235],[37.76217,41.092396],[37.761873,41.092561],[37.761088,41.092782],[37.76071,41.092983],[37.7605,41.093243],[37.760274,41.093372],[37.760244,41.093519],[37.759975,41.093685],[37.759952,41.093775],[37.759859,41.093889],[37.759507,41.094042],[37.75937,41.094177],[37.759328,41.094226],[37.75932,41.094271],[37.759282,41.094294],[37.75909,41.094391],[37.758957,41.094293],[37.758921,41.094256],[37.758954,41.094231],[37.759134,41.0941],[37.759137,41.094018],[37.75916,41.093931],[37.758432,41.093165],[37.758203,41.092969],[37.75802,41.092832],[37.757787,41.092439],[37.757643,41.09233],[37.757342,41.09221],[37.757238,41.092249],[37.756813,41.092326],[37.756416,41.092379],[37.756192,41.09245],[37.755888,41.092496],[37.755682,41.09249],[37.75533,41.092761],[37.754972,41.092777],[37.754719,41.092959],[37.754588,41.093064],[37.754511,41.093146],[37.754412,41.093428],[37.754434,41.093686],[37.754408,41.093924],[37.754262,41.094062],[37.754014,41.094129],[37.753821,41.094291],[37.753687,41.094392],[37.753606,41.094419],[37.753525,41.094439],[37.753339,41.09447],[37.753117,41.094472],[37.752828,41.094463],[37.75262,41.094405],[37.752359,41.094468],[37.752017,41.094501],[37.75196,41.094539],[37.751908,41.094739],[37.751503,41.095182],[37.751413,41.095289],[37.751388,41.095392],[37.751188,41.095625],[37.751154,41.095749],[37.750943,41.095872],[37.750909,41.095804],[37.750697,41.095788],[37.750768,41.095859],[37.750898,41.096166],[37.750857,41.096169],[37.750257,41.096136],[37.750002,41.096147],[37.749897,41.096143],[37.749929,41.096259],[37.749695,41.096289],[37.749454,41.096347],[37.749054,41.096447],[37.748776,41.096518],[37.748671,41.096526],[37.748492,41.096531],[37.74849,41.096557],[37.748431,41.096554],[37.748103,41.096524],[37.747934,41.096526],[37.747592,41.096529],[37.747153,41.096472],[37.74712,41.096656],[37.746899,41.096621],[37.746534,41.096587],[37.746154,41.09656],[37.746396,41.096414],[37.746575,41.096262],[37.746587,41.096236],[37.746611,41.096058],[37.746558,41.095921],[37.746441,41.095871],[37.746387,41.09578],[37.746336,41.09572],[37.74603,41.095568],[37.745813,41.095753],[37.745653,41.096019],[37.74539,41.096134],[37.745215,41.096225],[37.745228,41.09627],[37.745098,41.096335],[37.745044,41.096302],[37.744621,41.096422],[37.744492,41.096412],[37.744264,41.096525],[37.743898,41.09655],[37.743798,41.096514],[37.743636,41.096581],[37.743614,41.096632],[37.743533,41.096751],[37.743336,41.09703],[37.743285,41.09709],[37.743173,41.097222],[37.743022,41.097319],[37.742924,41.097538],[37.742868,41.097655],[37.742723,41.097909],[37.742776,41.097967],[37.742838,41.098081],[37.742868,41.098208],[37.742865,41.098397],[37.74284,41.098487],[37.742869,41.098533],[37.743093,41.098525],[37.743423,41.09847],[37.743531,41.098403],[37.74365,41.098236],[37.743803,41.098259],[37.744104,41.098371],[37.744218,41.098668],[37.744193,41.098791],[37.744141,41.098994],[37.743847,41.099373],[37.743784,41.099478],[37.74377,41.099503],[37.7436,41.099573],[37.743509,41.099704],[37.7435,41.099805],[37.743323,41.100034],[37.743177,41.10002],[37.743034,41.100031],[37.742985,41.100114],[37.742873,41.100135],[37.742928,41.100461],[37.742923,41.100488],[37.742908,41.100567],[37.742663,41.10075],[37.742537,41.100828],[37.742541,41.100938],[37.742502,41.101017],[37.742274,41.101041],[37.742358,41.10128],[37.742343,41.101319],[37.742271,41.101382],[37.742155,41.101385],[37.742183,41.101519],[37.742309,41.101544],[37.742422,41.101702],[37.742419,41.101797],[37.742151,41.102022],[37.742187,41.102287],[37.742349,41.102507],[37.742589,41.102733],[37.742804,41.102817],[37.742811,41.102942],[37.742782,41.103044],[37.742957,41.1031],[37.743107,41.10302],[37.74327,41.103],[37.743364,41.103093],[37.743448,41.1032],[37.743778,41.103313],[37.743889,41.103363],[37.744058,41.103515],[37.744246,41.10357],[37.744333,41.103626],[37.744422,41.103773],[37.744477,41.103855],[37.744621,41.103884],[37.744902,41.103863],[37.744977,41.103919],[37.7452,41.104062],[37.745328,41.104167],[37.745548,41.10438],[37.745714,41.104525],[37.745706,41.104752],[37.745873,41.104924],[37.745907,41.1052],[37.745913,41.10528],[37.7459,41.10536],[37.746115,41.105473],[37.746292,41.10548],[37.74679,41.105791],[37.747104,41.105789],[37.747657,41.105844],[37.747711,41.105904],[37.748023,41.105907],[37.748241,41.106003],[37.748378,41.106291],[37.748702,41.106304],[37.748852,41.10622],[37.749326,41.1066],[37.749485,41.106737],[37.749597,41.10677],[37.749838,41.106715],[37.750094,41.106792],[37.750442,41.106678],[37.75071,41.10666],[37.750944,41.106687],[37.751244,41.107024],[37.751211,41.107142],[37.751401,41.107543],[37.751541,41.107699],[37.751802,41.107682],[37.752086,41.107786],[37.752271,41.107623],[37.752416,41.107467],[37.752507,41.107115],[37.752688,41.106964],[37.752803,41.106886],[37.753139,41.106911],[37.753235,41.107009],[37.75325,41.107067],[37.753303,41.107309],[37.753592,41.107518],[37.753744,41.107522],[37.753863,41.107563],[37.753944,41.107591],[37.754148,41.107501],[37.754191,41.10746],[37.754283,41.10741],[37.754583,41.107257],[37.754648,41.107426],[37.754693,41.107607],[37.75467,41.107916],[37.754693,41.107981],[37.754737,41.108072],[37.754788,41.108193],[37.755056,41.108104],[37.755227,41.10807],[37.75543,41.108088],[37.75558,41.108107],[37.755812,41.108051],[37.755942,41.108095],[37.75604,41.108125],[37.756118,41.108124],[37.756189,41.108147],[37.756292,41.108184],[37.756335,41.108203],[37.756325,41.108268],[37.756272,41.108337],[37.756586,41.10839],[37.756659,41.10847],[37.756769,41.108474],[37.756812,41.108462],[37.757004,41.108528],[37.757251,41.108581],[37.757413,41.108661],[37.757454,41.108702],[37.757678,41.108643],[37.757831,41.108626]]]]}}]}